0.5894911289215088,0.4944528341293335,-1.3438460655379458e-07,0.5398154258728027,0.4380455017089844,0.002002319088205695,0.5224188566207886,0.38391268253326416,-0.006358596030622721,0.5097652077674866,0.34737861156463623,-0.01912214793264866,0.49509042501449585,0.3160659968852997,-0.03449098765850067,0.5936725735664368,0.30890148878097534,-0.017567848786711693,0.5834552049636841,0.23775550723075867,-0.03470850735902786,0.5887581706047058,0.18749494850635529,-0.048114534467458725,0.5915740728378296,0.1436600685119629,-0.05922544002532959,0.6073655486106873,0.3273296654224396,-0.029743852093815804,0.5287858247756958,0.30235910415649414,-0.053548093885183334,0.4826570451259613,0.3153630495071411,-0.06540171056985855,0.45297202467918396,0.3243887722492218,-0.07322312891483307,0.604796826839447,0.3565210998058319,-0.04150388017296791,0.5249970555305481,0.33047008514404297,-0.06540534645318985,0.48306000232696533,0.3413906693458557,-0.07034000754356384,0.45588821172714233,0.3533380329608917,-0.07119759917259216,0.5910356640815735,0.3883857727050781,-0.05278899893164635,0.5304996967315674,0.3637777268886566,-0.07446232438087463,0.4948180019855499,0.3631591796875,-0.0803762748837471,0.4687845706939697,0.3676123321056366,-0.08107385784387589,d
0.5959163308143616,0.5098457336425781,-2.279413280348308e-07,0.5439904928207397,0.4526726305484772,0.001184765831567347,0.5249900817871094,0.39931437373161316,-0.0059911934658885,0.5110987424850464,0.36336570978164673,-0.0170156080275774,0.49398231506347656,0.33353933691978455,-0.030119339004158974,0.5937110781669617,0.31560784578323364,-0.015980159863829613,0.5865086317062378,0.23991581797599792,-0.03243914246559143,0.5887060761451721,0.18905393779277802,-0.04603761062026024,0.5907150506973267,0.14316801726818085,-0.05758814141154289,0.6101595163345337,0.33206871151924133,-0.027595369145274162,0.5317170023918152,0.31091055274009705,-0.04954462870955467,0.4852946996688843,0.32445865869522095,-0.06079979985952377,0.4591345191001892,0.3353266716003418,-0.06885325908660889,0.6087396740913391,0.36193662881851196,-0.039109304547309875,0.5290360450744629,0.33909744024276733,-0.0610809326171875,0.4858022928237915,0.3471977710723877,-0.0656711608171463,0.4582445025444031,0.3575901985168457,-0.06736858189105988,0.5952649116516113,0.39534279704093933,-0.05045672878623009,0.5375273823738098,0.36943358182907104,-0.06911850720643997,0.5045151114463806,0.36795690655708313,-0.07308907061815262,0.47926250100135803,0.3741616904735565,-0.0733218789100647,d
0.5951264500617981,0.5139988660812378,-2.2544075761743443e-07,0.54531329870224,0.4502289891242981,0.002533335704356432,0.5254383087158203,0.39689546823501587,-0.005167537368834019,0.5086121559143066,0.36052969098091125,-0.01691899076104164,0.4895147681236267,0.32910019159317017,-0.030453534796833992,0.5924703478813171,0.31491661071777344,-0.015985876321792603,0.5865139961242676,0.2373744249343872,-0.032072875648736954,0.5886552333831787,0.18595877289772034,-0.04461294040083885,0.5900192260742188,0.14038896560668945,-0.05533094331622124,0.6092592477798462,0.3325574994087219,-0.028269587084650993,0.5315131545066833,0.31307706236839294,-0.049948062747716904,0.4847511053085327,0.3268786072731018,-0.060416121035814285,0.4575341045856476,0.337238073348999,-0.068043053150177,0.6091655492782593,0.36315253376960754,-0.040258314460515976,0.5292062163352966,0.3427138030529022,-0.06178659573197365,0.48794424533843994,0.35161614418029785,-0.0657004565000534,0.46128639578819275,0.36192816495895386,-0.06713741272687912,0.5983575582504272,0.3964317739009857,-0.051939498633146286,0.5395531058311462,0.3737102150917053,-0.07028985768556595,0.5067726969718933,0.37257811427116394,-0.07392535358667374,0.48121678829193115,0.37851420044898987,-0.07394760102033615,d
0.5964169502258301,0.51772141456604,-2.3768684798142203e-07,0.5459696650505066,0.4514075517654419,0.0028899211902171373,0.5261029005050659,0.39651545882225037,-0.004456914030015469,0.5107659101486206,0.35894548892974854,-0.016070334240794182,0.49371230602264404,0.32554635405540466,-0.02945026010274887,0.5928927063941956,0.31569749116897583,-0.015568762086331844,0.5870298147201538,0.2386263608932495,-0.031862255185842514,0.5892308950424194,0.1872929185628891,-0.044397901743650436,0.5903223752975464,0.1419302225112915,-0.055078424513339996,0.6101675629615784,0.33361756801605225,-0.027966508641839027,0.5319299697875977,0.3143777847290039,-0.05006328225135803,0.4858320951461792,0.3289417326450348,-0.06035355105996132,0.45907923579216003,0.3405299186706543,-0.06773746013641357,0.6104199290275574,0.36466145515441895,-0.040091317147016525,0.5291872620582581,0.3437981605529785,-0.06177200749516487,0.48764583468437195,0.3530280888080597,-0.06525345146656036,0.4611033499240875,0.3641063868999481,-0.06639496982097626,0.5999027490615845,0.39837586879730225,-0.051940713077783585,0.5410561561584473,0.3744577169418335,-0.0705297589302063,0.5077992081642151,0.37334975600242615,-0.07409738004207611,0.4820401072502136,0.3797423243522644,-0.07404828071594238,d
0.5979831218719482,0.520078182220459,-2.4083246330519614e-07,0.5463310480117798,0.45193102955818176,0.0033236565068364143,0.5267029404640198,0.39599722623825073,-0.0036829400341957808,0.5126900672912598,0.35710686445236206,-0.015062721446156502,0.49705106019973755,0.322990357875824,-0.02827661670744419,0.5944191217422485,0.3171331584453583,-0.015052617527544498,0.5884582996368408,0.2399396300315857,-0.03114597499370575,0.5908931493759155,0.1886751800775528,-0.04344847798347473,0.5919302105903625,0.14299049973487854,-0.054047513753175735,0.6120124459266663,0.3353824019432068,-0.02751935087144375,0.5334977507591248,0.3158020079135895,-0.05005441978573799,0.4870445132255554,0.3303305208683014,-0.06083601713180542,0.459563672542572,0.3422422707080841,-0.06853757798671722,0.6122632026672363,0.366497665643692,-0.03962533548474312,0.5310446619987488,0.34539780020713806,-0.06195727363228798,0.48906630277633667,0.35390573740005493,-0.06627289950847626,0.4616113603115082,0.36427515745162964,-0.06791215389966965,0.6015893816947937,0.3997644782066345,-0.05130684748291969,0.542386531829834,0.3763362169265747,-0.07058598101139069,0.5087100267410278,0.3753036558628082,-0.07489605993032455,0.4823608994483948,0.38094428181648254,-0.07534701377153397,d
0.599373996257782,0.5215785503387451,-2.3637964829958946e-07,0.5469586253166199,0.4537338316440582,0.002934852382168174,0.526243269443512,0.3987298607826233,-0.004398455377668142,0.5113074779510498,0.3605680465698242,-0.01618286967277527,0.4948772192001343,0.32737624645233154,-0.02982999011874199,0.5939172506332397,0.31896519660949707,-0.014702007174491882,0.5889085531234741,0.2424408197402954,-0.030898502096533775,0.5920277833938599,0.1915595680475235,-0.04334969446063042,0.5938633680343628,0.14647267758846283,-0.053913265466690063,0.6122538447380066,0.33668252825737,-0.027139365673065186,0.5353564023971558,0.31712764501571655,-0.0494597889482975,0.4890677332878113,0.3315597176551819,-0.060029491782188416,0.46165090799331665,0.343826025724411,-0.0674658790230751,0.6134502291679382,0.3675893545150757,-0.03930416703224182,0.5333356261253357,0.3471147418022156,-0.061247363686561584,0.49165260791778564,0.3560871481895447,-0.06502166390419006,0.4644315540790558,0.3672633767127991,-0.0661996528506279,0.6038070917129517,0.401045560836792,-0.051150333136320114,0.5448068380355835,0.3782789409160614,-0.06999355554580688,0.5110974907875061,0.377678245306015,-0.07362949103116989,0.48469606041908264,0.3838847577571869,-0.07347597926855087,d
0.6003980040550232,0.5235089063644409,-2.2942218436128314e-07,0.5485804677009583,0.45378851890563965,0.0036136615090072155,0.5275371074676514,0.39844274520874023,-0.00327882613055408,0.5124443173408508,0.35980063676834106,-0.014373097568750381,0.49618303775787354,0.32626569271087646,-0.027191931381821632,0.5951143503189087,0.32118985056877136,-0.015113340690732002,0.5908243060112,0.2464408129453659,-0.03132607415318489,0.5945408344268799,0.1966513991355896,-0.04392088204622269,0.5966443419456482,0.15206658840179443,-0.05470919981598854,0.6138221621513367,0.3385668098926544,-0.027374880388379097,0.5363517999649048,0.3175296187400818,-0.04891101270914078,0.4912249743938446,0.33232003450393677,-0.058890145272016525,0.464552104473114,0.3453787863254547,-0.06647661328315735,0.6147310137748718,0.3688947260379791,-0.039323873817920685,0.534076988697052,0.34733161330223083,-0.06035442650318146,0.49421948194503784,0.35758522152900696,-0.06352600455284119,0.4689214527606964,0.3703809976577759,-0.06484627723693848,0.6046552062034607,0.4020373821258545,-0.0509464330971241,0.5453893542289734,0.37886232137680054,-0.0694596990942955,0.5118272304534912,0.377890408039093,-0.07339297980070114,0.4857599437236786,0.38372907042503357,-0.07391805201768875,d
0.599970817565918,0.5221490263938904,-2.326464709767606e-07,0.5491787791252136,0.45283275842666626,0.0031452823895961046,0.5299893021583557,0.3972291648387909,-0.003010720945894718,0.517147421836853,0.35845935344696045,-0.013160975649952888,0.5026332139968872,0.3251889944076538,-0.02506946586072445,0.5963225364685059,0.3217316269874573,-0.015039460733532906,0.5930030345916748,0.2468433380126953,-0.03084690310060978,0.5967486500740051,0.19665145874023438,-0.043065957725048065,0.5990345478057861,0.1518331915140152,-0.05353247746825218,0.6148611307144165,0.33964523673057556,-0.026961933821439743,0.5385240912437439,0.32054269313812256,-0.04842110723257065,0.49354448914527893,0.33461448550224304,-0.0588974729180336,0.4663889706134796,0.34781572222709656,-0.06677454710006714,0.615866482257843,0.3702944815158844,-0.038569528609514236,0.5366876125335693,0.35020166635513306,-0.05981087684631348,0.4966803789138794,0.35909897089004517,-0.06412207335233688,0.47014495730400085,0.37045007944107056,-0.06617263704538345,0.6062648892402649,0.40356504917144775,-0.04980113357305527,0.5483047962188721,0.38073834776878357,-0.06825662404298782,0.5153158903121948,0.3796427845954895,-0.07248742133378983,0.48866763710975647,0.3853318691253662,-0.07323998212814331,d
0.6012251377105713,0.5229958891868591,-2.3481587163587392e-07,0.5501605868339539,0.45512863993644714,0.0032615617383271456,0.5301250219345093,0.3995380401611328,-0.00335930404253304,0.51597660779953,0.36137038469314575,-0.014261895790696144,0.5003111958503723,0.3283088207244873,-0.026997296139597893,0.598422646522522,0.32287853956222534,-0.014606633223593235,0.5946682095527649,0.2476699948310852,-0.03073996677994728,0.5981713533401489,0.19730398058891296,-0.04335831105709076,0.6003655195236206,0.15298867225646973,-0.05408891290426254,0.6169270277023315,0.3412942886352539,-0.026909660547971725,0.540673017501831,0.32168540358543396,-0.04875661060214043,0.4951859414577484,0.3361048102378845,-0.0591655932366848,0.46869000792503357,0.3484704792499542,-0.06673877686262131,0.6179295182228088,0.37243443727493286,-0.03894664719700813,0.5387586951255798,0.35105496644973755,-0.06063969060778618,0.49807286262512207,0.3604429066181183,-0.0642797201871872,0.47178977727890015,0.3723684847354889,-0.06553293019533157,0.607917070388794,0.4060000777244568,-0.05062670260667801,0.549861490726471,0.3814028203487396,-0.06960698962211609,0.5164579749107361,0.3805443346500397,-0.07330039143562317,0.4901215434074402,0.38726314902305603,-0.07328663021326065,d
0.6017988920211792,0.5230353474617004,-2.3395949710902642e-07,0.5507973432540894,0.45516276359558105,0.002823133720085025,0.5300052762031555,0.4004804193973541,-0.004345073830336332,0.5150665044784546,0.362619549036026,-0.01595355197787285,0.4992309808731079,0.3297107219696045,-0.02953171916306019,0.5996887683868408,0.32421573996543884,-0.014613309875130653,0.596518337726593,0.24950993061065674,-0.0307366494089365,0.6001899242401123,0.19920317828655243,-0.043226148933172226,0.602360725402832,0.15498118102550507,-0.05380211025476456,0.6182197332382202,0.342715859413147,-0.026791077107191086,0.5420336127281189,0.3226333260536194,-0.04939642176032066,0.49638333916664124,0.33703848719596863,-0.060361627489328384,0.4694918990135193,0.35003066062927246,-0.06791090220212936,0.6195615530014038,0.3734554350376129,-0.03863775357604027,0.5403531789779663,0.35234335064888,-0.0608939453959465,0.4994027614593506,0.36179590225219727,-0.06481650471687317,0.47289717197418213,0.3737451434135437,-0.06588651239871979,0.609937310218811,0.406389981508255,-0.05011092126369476,0.5515753626823425,0.38254550099372864,-0.0692581832408905,0.5182569622993469,0.3823015093803406,-0.07289684563875198,0.49226120114326477,0.3888774514198303,-0.07258275896310806,d
0.6036339998245239,0.5264959335327148,-2.4028216216720466e-07,0.5534451603889465,0.459949254989624,0.0024734572507441044,0.5321428179740906,0.4038896858692169,-0.004757507238537073,0.5160290598869324,0.3658354580402374,-0.0162943247705698,0.49923238158226013,0.3323075771331787,-0.029698072001338005,0.6017239093780518,0.32661470770835876,-0.015156297013163567,0.5977047085762024,0.25109773874282837,-0.03121362440288067,0.6004915237426758,0.20071354508399963,-0.0435345284640789,0.602156937122345,0.15637753903865814,-0.05398857966065407,0.6196551322937012,0.3450356423854828,-0.027239957824349403,0.5430935025215149,0.32351523637771606,-0.04936292767524719,0.49671775102615356,0.3377811014652252,-0.05973697826266289,0.46981847286224365,0.3499981760978699,-0.0669308751821518,0.6204496622085571,0.3758622407913208,-0.03905103728175163,0.5410079956054688,0.35338085889816284,-0.060979150235652924,0.49952512979507446,0.3630406856536865,-0.0644349530339241,0.47312453389167786,0.3745734989643097,-0.06524942815303802,0.6101301312446594,0.4094526171684265,-0.05055084452033043,0.5525289177894592,0.3839288353919983,-0.06944755464792252,0.5192678570747375,0.38337814807891846,-0.07274730503559113,0.4935131371021271,0.39032065868377686,-0.07221806794404984,d
0.6038619875907898,0.5280062556266785,-2.4828239020280307e-07,0.5541287064552307,0.45995500683784485,0.0032962532714009285,0.5333027243614197,0.40454360842704773,-0.003501054598018527,0.5173938274383545,0.3664729595184326,-0.014688760973513126,0.5006763339042664,0.33280742168426514,-0.02768838219344616,0.6027145385742188,0.3273341953754425,-0.013816281221807003,0.598274290561676,0.25267547369003296,-0.02927505224943161,0.6010587215423584,0.2030099630355835,-0.04110073298215866,0.6028413772583008,0.15891891717910767,-0.051252081990242004,0.6207020878791809,0.3460739254951477,-0.026178505271673203,0.543807327747345,0.3255550265312195,-0.04771503806114197,0.49785301089286804,0.3392024636268616,-0.05802737921476364,0.47095611691474915,0.35106274485588074,-0.06540336459875107,0.6211996078491211,0.3772377669811249,-0.03824646770954132,0.5414404273033142,0.35545873641967773,-0.059727445244789124,0.5003719925880432,0.3645143508911133,-0.06343984603881836,0.47389569878578186,0.37532147765159607,-0.06464077532291412,0.610668957233429,0.41091859340667725,-0.04993706941604614,0.5524953603744507,0.3865750730037689,-0.068473219871521,0.5190808176994324,0.3852578103542328,-0.07206802070140839,0.4928770959377289,0.3907618820667267,-0.07195352017879486,d
0.603819727897644,0.5295565128326416,-2.484206049757631e-07,0.5542724132537842,0.46036428213119507,0.0032249661162495613,0.5342483520507812,0.4044540226459503,-0.0035624471493065357,0.5196375846862793,0.3666640520095825,-0.014602383598685265,0.504244327545166,0.3330409526824951,-0.027479881420731544,0.6035225987434387,0.3286374807357788,-0.014882904477417469,0.5997087955474854,0.2541354298591614,-0.030679212883114815,0.6024942398071289,0.2043515145778656,-0.04277847334742546,0.604162335395813,0.16020900011062622,-0.05312341824173927,0.6214428544044495,0.3477822542190552,-0.027259409427642822,0.5449655652046204,0.3272048830986023,-0.04893798753619194,0.49878913164138794,0.340725839138031,-0.05932997167110443,0.4715988337993622,0.35270336270332336,-0.06678550690412521,0.6218731999397278,0.3796745538711548,-0.03930968791246414,0.5426359176635742,0.35746461153030396,-0.06102052703499794,0.5008149147033691,0.3655546307563782,-0.06503694504499435,0.473529577255249,0.3756891191005707,-0.06644070893526077,0.6114242076873779,0.41408154368400574,-0.0509444922208786,0.5546815395355225,0.3882756233215332,-0.06984008848667145,0.5212097764015198,0.3860189616680145,-0.07363506406545639,0.4945678114891052,0.39116036891937256,-0.0736316442489624,d
0.6040245294570923,0.5301200151443481,-2.6292855181964114e-07,0.555720865726471,0.460360586643219,0.004009702708572149,0.5367709994316101,0.4034937918186188,-0.0018144791247323155,0.523807168006897,0.3641732335090637,-0.01204050611704588,0.5098216533660889,0.3297823965549469,-0.024048665538430214,0.6034919023513794,0.32987454533576965,-0.013406578451395035,0.5996333956718445,0.2550842761993408,-0.0288152527064085,0.6019933819770813,0.20540541410446167,-0.04031457006931305,0.6034188866615295,0.16174139082431793,-0.05013381317257881,0.621366560459137,0.3487303853034973,-0.026090072467923164,0.54534512758255,0.32806652784347534,-0.047561779618263245,0.49914705753326416,0.3409927189350128,-0.057663507759571075,0.4717593193054199,0.3528495728969574,-0.06479496508836746,0.6220322847366333,0.3801373243331909,-0.03849080577492714,0.543205976486206,0.3581365942955017,-0.060419198125600815,0.5014233589172363,0.3662301003932953,-0.0647791177034378,0.4738925099372864,0.3763994872570038,-0.06626015156507492,0.6121825575828552,0.4141475260257721,-0.050390731543302536,0.555252194404602,0.3892616033554077,-0.06956976652145386,0.52191162109375,0.3877120614051819,-0.07361588627099991,0.4950716495513916,0.39377549290657043,-0.07368630915880203,d
0.6049507856369019,0.5315472483634949,-2.5154949412353744e-07,0.5555509328842163,0.4628245532512665,0.003997937776148319,0.5351911783218384,0.4065936803817749,-0.0025158398784697056,0.5201404094696045,0.3679335117340088,-0.01358047965914011,0.5039995908737183,0.33392971754074097,-0.026502598077058792,0.6032602787017822,0.3301542401313782,-0.01364368200302124,0.5993421077728271,0.25533318519592285,-0.029992343857884407,0.6028952598571777,0.205312117934227,-0.042690377682447433,0.60527104139328,0.16165544092655182,-0.053390100598335266,0.6214223504066467,0.34909629821777344,-0.026799296960234642,0.5448583364486694,0.32859688997268677,-0.0486973337829113,0.4982067942619324,0.3424373269081116,-0.058992039412260056,0.47111183404922485,0.35460373759269714,-0.06631683558225632,0.6220717430114746,0.38069021701812744,-0.03977017104625702,0.5430126786231995,0.35888391733169556,-0.06199885159730911,0.5012180805206299,0.3685549199581146,-0.06607277691364288,0.4744628965854645,0.38032910227775574,-0.06733252108097076,0.6122649908065796,0.4148491621017456,-0.05231466516852379,0.5547049045562744,0.3902438282966614,-0.07223586738109589,0.5208888649940491,0.3893117308616638,-0.07639497518539429,0.49430036544799805,0.3961111903190613,-0.07638321071863174,d
0.6043775081634521,0.5315502882003784,-2.355855741598134e-07,0.5548872947692871,0.4614376723766327,0.003154813079163432,0.5338135957717896,0.40520912408828735,-0.003973112441599369,0.5172614455223083,0.36782270669937134,-0.015608248300850391,0.5002391934394836,0.3353636562824249,-0.02902429737150669,0.6033639311790466,0.3300243020057678,-0.013858693651854992,0.5993070602416992,0.2550840973854065,-0.030349604785442352,0.6027854681015015,0.20506924390792847,-0.04292624816298485,0.604989230632782,0.1612851470708847,-0.05343274027109146,0.6213110089302063,0.3492373824119568,-0.026622693985700607,0.5454421043395996,0.32750260829925537,-0.04935033991932869,0.4988575279712677,0.34140583872795105,-0.060122109949588776,0.4712120294570923,0.3540521264076233,-0.06751181930303574,0.6222293376922607,0.38049834966659546,-0.039269957691431046,0.5438318252563477,0.3582693338394165,-0.061834968626499176,0.5029523372650146,0.3683434724807739,-0.06597515195608139,0.4765952527523041,0.3802286386489868,-0.06712910532951355,0.6126993894577026,0.4142175316810608,-0.05158375948667526,0.556228518486023,0.38993021845817566,-0.07072076201438904,0.5228136777877808,0.3886370062828064,-0.0745319053530693,0.4963051676750183,0.394400417804718,-0.07446993887424469,d
0.6032683253288269,0.5315108299255371,-2.459049142089498e-07,0.5543217658996582,0.46103766560554504,0.0027234754525125027,0.5336681604385376,0.4041571617126465,-0.004612050484865904,0.5186043381690979,0.36623913049697876,-0.016310924664139748,0.5032141804695129,0.33223608136177063,-0.029768578708171844,0.603822648525238,0.3300876319408417,-0.015476679429411888,0.5991843938827515,0.25556063652038574,-0.032413989305496216,0.6024051904678345,0.2060781717300415,-0.04532957077026367,0.6047242283821106,0.16243933141231537,-0.05608519911766052,0.621852695941925,0.3501209616661072,-0.028113242238759995,0.5449745655059814,0.3279954195022583,-0.050998933613300323,0.4981600046157837,0.3419632315635681,-0.061584923416376114,0.4709460735321045,0.3541131019592285,-0.06889377534389496,0.6225495338439941,0.38185980916023254,-0.0406169667840004,0.5431001782417297,0.35847511887550354,-0.06332778185606003,0.5015402436256409,0.36840617656707764,-0.06712795794010162,0.47525888681411743,0.3802315294742584,-0.06809528172016144,0.6125813722610474,0.4158785343170166,-0.0528213307261467,0.5553743243217468,0.3892516493797302,-0.07270187139511108,0.5213084816932678,0.3874689042568207,-0.07659301161766052,0.4945775270462036,0.39352819323539734,-0.07643459737300873,d
0.6040841937065125,0.5319047570228577,-2.5050729846043396e-07,0.5548099279403687,0.46250060200691223,0.0031348918564617634,0.5348765850067139,0.40522903203964233,-0.0037702233530580997,0.5209577083587646,0.3665151298046112,-0.015025028958916664,0.5058686137199402,0.33246907591819763,-0.028088312596082687,0.6027277708053589,0.3301815092563629,-0.015272282063961029,0.5995365381240845,0.25505784153938293,-0.031811878085136414,0.6028462052345276,0.205059215426445,-0.04442073404788971,0.6050845980644226,0.16110043227672577,-0.05509619042277336,0.6213201880455017,0.34990736842155457,-0.02811308577656746,0.5445818305015564,0.3288950026035309,-0.05045913904905319,0.49742716550827026,0.34234628081321716,-0.0608290396630764,0.4702546000480652,0.3536134660243988,-0.06814873218536377,0.6223824620246887,0.3821166455745697,-0.040777787566185,0.5429273247718811,0.35865727066993713,-0.06334509700536728,0.5001770853996277,0.3667830526828766,-0.06739398092031479,0.4728657007217407,0.3769252300262451,-0.06865103542804718,0.6127078533172607,0.41668570041656494,-0.053067851811647415,0.5549339056015015,0.38995617628097534,-0.07309865951538086,0.5208086967468262,0.3881690502166748,-0.07714644819498062,0.49401751160621643,0.3945273756980896,-0.07709360867738724,d
0.6035426259040833,0.5320817232131958,-2.47747237835938e-07,0.554011344909668,0.4614593982696533,0.0035652420483529568,0.5340331792831421,0.4042711853981018,-0.003029616316780448,0.5194379091262817,0.3659221827983856,-0.014055373147130013,0.5040593147277832,0.3321570158004761,-0.026858756318688393,0.6019262671470642,0.32961565256118774,-0.014469933696091175,0.5992109179496765,0.254819393157959,-0.0308406762778759,0.6027011275291443,0.2049139142036438,-0.043350957334041595,0.6048288345336914,0.16119423508644104,-0.0539054349064827,0.6206052899360657,0.34913158416748047,-0.02746507152915001,0.5443251729011536,0.32920825481414795,-0.049540843814611435,0.4972240924835205,0.3423305153846741,-0.05994747206568718,0.4697248339653015,0.3536031246185303,-0.06738001108169556,0.6218283176422119,0.38138583302497864,-0.04027140140533447,0.5428560376167297,0.35946381092071533,-0.0626278966665268,0.5009193420410156,0.36838701367378235,-0.06672444939613342,0.47402673959732056,0.37927618622779846,-0.0680060088634491,0.6123877167701721,0.4160335063934326,-0.052684277296066284,0.555365264415741,0.3901911675930023,-0.07244975864887238,0.5215862393379211,0.38841187953948975,-0.07640129327774048,0.4948430061340332,0.3947006165981293,-0.07630839943885803,d
0.6033921837806702,0.531370997428894,-2.4338757498298946e-07,0.5535170435905457,0.4609925150871277,0.0030716871842741966,0.5329065918922424,0.4042016267776489,-0.003747735871002078,0.5177948474884033,0.3658182919025421,-0.014872822910547256,0.5021079778671265,0.33246177434921265,-0.027721164748072624,0.6019938588142395,0.3293761610984802,-0.0145818330347538,0.5989314913749695,0.2542203962802887,-0.030841203406453133,0.6027175188064575,0.2041834443807602,-0.043153464794158936,0.605361819267273,0.16066016256809235,-0.0534745454788208,0.6204490065574646,0.3486226499080658,-0.02716420590877533,0.543971061706543,0.3278513252735138,-0.049342475831508636,0.49705770611763,0.3415108323097229,-0.05967847257852554,0.4697176218032837,0.3538917601108551,-0.06690969318151474,0.6215031743049622,0.380289763212204,-0.03958611190319061,0.5425475835800171,0.3582494258880615,-0.06178286671638489,0.501510739326477,0.3683418035507202,-0.06573294848203659,0.47536420822143555,0.3803904056549072,-0.06685981154441833,0.612085223197937,0.4145229160785675,-0.05166478827595711,0.5546881556510925,0.3897416591644287,-0.07087115943431854,0.5210451483726501,0.38835591077804565,-0.07465486228466034,0.49441954493522644,0.39459776878356934,-0.07448816299438477,d
0.602883517742157,0.5310471057891846,-2.4517183305761137e-07,0.553519606590271,0.46047407388687134,0.0037839782889932394,0.5340415835380554,0.4039774239063263,-0.0027961796149611473,0.5199838280677795,0.36569324135780334,-0.013794532045722008,0.505126953125,0.3320893347263336,-0.02659860998392105,0.60223388671875,0.32939448952674866,-0.014506159350275993,0.5991851091384888,0.25418567657470703,-0.030712800100445747,0.6028582453727722,0.20399673283100128,-0.04298124462366104,0.6052756309509277,0.1599864363670349,-0.0532868467271328,0.6201179027557373,0.3486725091934204,-0.027210211381316185,0.5433633923530579,0.32772183418273926,-0.049161214381456375,0.49727892875671387,0.341595321893692,-0.05936130881309509,0.470299631357193,0.3541263937950134,-0.06657082587480545,0.620665967464447,0.37994638085365295,-0.03962688148021698,0.5414568781852722,0.35776329040527344,-0.061482470482587814,0.5006181001663208,0.36741945147514343,-0.06525896489620209,0.4742991328239441,0.3791152238845825,-0.0663919448852539,0.6107927560806274,0.4135245680809021,-0.0516468845307827,0.5535970330238342,0.3886086940765381,-0.07067964226007462,0.5200594663619995,0.3871839642524719,-0.07442983984947205,0.4932886064052582,0.3932822048664093,-0.07429388910531998,d
0.6029272079467773,0.5294658541679382,-2.3424652795256407e-07,0.5518044233322144,0.46022289991378784,0.003428032388910651,0.5315479040145874,0.4045819640159607,-0.0033192946575582027,0.5162952542304993,0.3662779927253723,-0.014476536773145199,0.5000848770141602,0.33356139063835144,-0.0274482611566782,0.5993154644966125,0.32730013132095337,-0.014114604331552982,0.5978401303291321,0.25310438871383667,-0.0301671102643013,0.6022945642471313,0.20306256413459778,-0.04269208014011383,0.6051979064941406,0.1594323068857193,-0.0533292330801487,0.6175279021263123,0.34606602787971497,-0.026804890483617783,0.542141854763031,0.32702285051345825,-0.04848749563097954,0.49598830938339233,0.34038910269737244,-0.05894901975989342,0.46884167194366455,0.35267776250839233,-0.06655555218458176,0.6184884905815125,0.3778696656227112,-0.03926978260278702,0.5406723618507385,0.3574969172477722,-0.0611996054649353,0.49998927116394043,0.36660945415496826,-0.06536047160625458,0.4734249413013458,0.37816429138183594,-0.06684725731611252,0.6091594099998474,0.4122440814971924,-0.05135953053832054,0.5519301295280457,0.3886180818080902,-0.0707332119345665,0.5185838937759399,0.3874971568584442,-0.07473500818014145,0.4918665885925293,0.3941155672073364,-0.07477235049009323,d
0.6025962233543396,0.5276275873184204,-2.2932955801024946e-07,0.5519552230834961,0.45834624767303467,0.0029396333266049623,0.5311504602432251,0.4025118947029114,-0.0036811709869652987,0.515285849571228,0.3644053637981415,-0.014498990960419178,0.49855124950408936,0.33251476287841797,-0.026979155838489532,0.5986925363540649,0.3266930878162384,-0.01422579400241375,0.5950790047645569,0.252151757478714,-0.029967989772558212,0.5987364649772644,0.20272544026374817,-0.04185613617300987,0.6012202501296997,0.15929162502288818,-0.051943909376859665,0.6162823438644409,0.3452232778072357,-0.026383692398667336,0.5410444140434265,0.32545334100723267,-0.0483989343047142,0.4954693615436554,0.3391593396663666,-0.05905357748270035,0.4680612087249756,0.352048397064209,-0.06668544560670853,0.6169778108596802,0.3764106333255768,-0.038303446024656296,0.5393709540367126,0.35538387298583984,-0.060334693640470505,0.49941667914390564,0.36524084210395813,-0.06482882052659988,0.4730737805366516,0.3773263096809387,-0.0664786770939827,0.6073172688484192,0.4102690517902374,-0.04984213039278984,0.5504240989685059,0.38681578636169434,-0.06860528141260147,0.5175915956497192,0.38581204414367676,-0.07272366434335709,0.49118825793266296,0.39199671149253845,-0.07306064665317535,d
0.602688193321228,0.526355504989624,-2.219874914999309e-07,0.5514508485794067,0.45816758275032043,0.0030630892142653465,0.530754566192627,0.4022991955280304,-0.0033454459626227617,0.5159875154495239,0.3640257716178894,-0.013974606990814209,0.5001784563064575,0.3312597870826721,-0.02631145343184471,0.5967288613319397,0.3250696063041687,-0.01423177495598793,0.5933082103729248,0.2502782940864563,-0.030502088367938995,0.597620964050293,0.20044660568237305,-0.043026313185691833,0.6008070111274719,0.1565932035446167,-0.05351259931921959,0.614929735660553,0.3432101011276245,-0.026490427553653717,0.5397794842720032,0.3241502642631531,-0.048719048500061035,0.49405109882354736,0.33845284581184387,-0.0595412440598011,0.46667835116386414,0.35158929228782654,-0.06725546717643738,0.6161566972732544,0.3742673695087433,-0.038565654307603836,0.5382425785064697,0.3544015884399414,-0.060593608766794205,0.4978253245353699,0.36433765292167664,-0.06508757174015045,0.47124600410461426,0.37633591890335083,-0.06679213792085648,0.6068679094314575,0.40816938877105713,-0.05028769001364708,0.5495969653129578,0.38559335470199585,-0.06907165050506592,0.5166774988174438,0.3849947452545166,-0.07320267707109451,0.49028557538986206,0.3912333548069,-0.07355472445487976,d
0.6017272472381592,0.5252049565315247,-2.171952218077422e-07,0.5505180954933167,0.4568842947483063,0.0033665047958493233,0.531123697757721,0.40089526772499084,-0.0029799463227391243,0.5179681777954102,0.3622390925884247,-0.013565154746174812,0.502981424331665,0.32891303300857544,-0.025833791121840477,0.5954911708831787,0.32349076867103577,-0.014508520253002644,0.5922379493713379,0.2485623061656952,-0.03099004179239273,0.5969516038894653,0.1981111466884613,-0.04367704316973686,0.6006760597229004,0.15406283736228943,-0.054297398775815964,0.614169716835022,0.3417093753814697,-0.026861822232604027,0.5376468300819397,0.32390519976615906,-0.048749346286058426,0.49219179153442383,0.3389119803905487,-0.05906032770872116,0.46558883786201477,0.35196998715400696,-0.06660210341215134,0.615629255771637,0.3731094300746918,-0.039030060172080994,0.5362300276756287,0.35413071513175964,-0.060726623982191086,0.49640703201293945,0.36452698707580566,-0.06458843499422073,0.4708658456802368,0.3769495189189911,-0.06603698432445526,0.6065235733985901,0.40717846155166626,-0.0508652962744236,0.5479048490524292,0.38469579815864563,-0.0698956847190857,0.514741063117981,0.3841853439807892,-0.07400212436914444,0.48858150839805603,0.39060360193252563,-0.07433849573135376,d
0.6018258929252625,0.5238617062568665,-2.1221308088570368e-07,0.5505825281143188,0.4556233584880829,0.0034980527125298977,0.5313652753829956,0.40019187331199646,-0.0032521425746381283,0.5184499025344849,0.36190956830978394,-0.014296695590019226,0.5038024187088013,0.3281986117362976,-0.027077000588178635,0.5951539278030396,0.3218781650066376,-0.014939311891794205,0.5924557447433472,0.24743583798408508,-0.03179521486163139,0.5979008674621582,0.1970011442899704,-0.044789623469114304,0.6022725105285645,0.15295018255710602,-0.055567286908626556,0.6139615774154663,0.34018173813819885,-0.027402879670262337,0.5375537872314453,0.3232586681842804,-0.04964188113808632,0.4919446110725403,0.33767300844192505,-0.06002257019281387,0.46517080068588257,0.3505205810070038,-0.06756223738193512,0.6156152486801147,0.3718397617340088,-0.03963789343833923,0.5360674262046814,0.3535456657409668,-0.06150310859084129,0.49568814039230347,0.3628527522087097,-0.06531728804111481,0.4696391820907593,0.37458106875419617,-0.06669580191373825,0.606942892074585,0.4060748219490051,-0.051516368985176086,0.548329770565033,0.3842054009437561,-0.07066398859024048,0.5153859257698059,0.38383981585502625,-0.07469555735588074,0.48964422941207886,0.390298992395401,-0.07489343732595444,d
0.6015610098838806,0.5227891206741333,-2.1423197438252828e-07,0.5499488711357117,0.4535708725452423,0.003763684304431081,0.5313581824302673,0.39806705713272095,-0.002760391915217042,0.5196948647499084,0.3592931926250458,-0.013590293005108833,0.5061301589012146,0.3254767060279846,-0.02612699195742607,0.5947501063346863,0.3207133412361145,-0.01438785158097744,0.5926681160926819,0.247102752327919,-0.031033163890242577,0.5980312824249268,0.1966487169265747,-0.04370420426130295,0.6021651029586792,0.15310138463974,-0.054193731397390366,0.6135095357894897,0.3390333354473114,-0.026917124167084694,0.5375164747238159,0.32153230905532837,-0.048817865550518036,0.49187520146369934,0.3360399007797241,-0.05882112681865692,0.4649461507797241,0.3489610552787781,-0.06604665517807007,0.6152932047843933,0.37044811248779297,-0.03925980627536774,0.5360734462738037,0.35214948654174805,-0.060996849089860916,0.49618667364120483,0.3616349697113037,-0.0646996945142746,0.47051408886909485,0.37338387966156006,-0.06597010046243668,0.6069543361663818,0.40452224016189575,-0.051231417804956436,0.5482107996940613,0.38282325863838196,-0.07041725516319275,0.5153641104698181,0.3821921646595001,-0.07450241595506668,0.48964911699295044,0.3884011507034302,-0.07471933960914612,d
0.6026772856712341,0.5209402441978455,-2.0679446777194244e-07,0.5522726774215698,0.4517459273338318,0.00377545109950006,0.5342780351638794,0.3967171311378479,-0.0022749907802790403,0.5229713320732117,0.3575243353843689,-0.012556716799736023,0.5099721550941467,0.3234056532382965,-0.02440456859767437,0.5953345894813538,0.32045096158981323,-0.013997604139149189,0.5934069156646729,0.2461419403553009,-0.03033084236085415,0.5988864302635193,0.19575007259845734,-0.04238457232713699,0.6031296849250793,0.15207532048225403,-0.052227746695280075,0.6132876873016357,0.338210791349411,-0.026117930188775063,0.537793755531311,0.32076194882392883,-0.04775150492787361,0.4934752285480499,0.3339492976665497,-0.05758951976895332,0.4668598771095276,0.346320778131485,-0.06459423154592514,0.6146042346954346,0.36873480677604675,-0.03802487626671791,0.5355574488639832,0.35116317868232727,-0.059275537729263306,0.4959983229637146,0.3588034212589264,-0.06316006928682327,0.469593346118927,0.36879295110702515,-0.06455637514591217,0.6059806942939758,0.40194958448410034,-0.04956170171499252,0.5472332835197449,0.38179826736450195,-0.06770786643028259,0.5146282911300659,0.38018447160720825,-0.07168206572532654,0.48853734135627747,0.38473737239837646,-0.07195226103067398,d
0.6030005812644958,0.5175989866256714,-2.0186145377465436e-07,0.5535166263580322,0.4488098621368408,0.003673219121992588,0.5366883873939514,0.39347410202026367,-0.0022744028829038143,0.5271432995796204,0.35331854224205017,-0.012232240289449692,0.5159008502960205,0.31914129853248596,-0.023835018277168274,0.5972782969474792,0.3187432885169983,-0.015356505289673805,0.5959057807922363,0.24427437782287598,-0.03144366666674614,0.6011258959770203,0.19389155507087708,-0.043288785964250565,0.6048652529716492,0.14971385896205902,-0.05322808399796486,0.6148892045021057,0.33642759919166565,-0.02699410729110241,0.5396419167518616,0.31889432668685913,-0.04822291061282158,0.4956825375556946,0.3323022127151489,-0.057847585529088974,0.46890538930892944,0.3441748321056366,-0.06509523093700409,0.615688681602478,0.3666236996650696,-0.03827013075351715,0.5372318625450134,0.3488744795322418,-0.05937540903687477,0.4978640675544739,0.3572840392589569,-0.06349451839923859,0.471213698387146,0.3680409789085388,-0.06535793095827103,0.6062673330307007,0.39924830198287964,-0.049091823399066925,0.5478729009628296,0.37969711422920227,-0.06767988950014114,0.5150264501571655,0.3787012994289398,-0.07240672409534454,0.48854145407676697,0.3832128643989563,-0.07341435551643372,d
0.6129593849182129,0.5090751647949219,-1.8814296254276996e-07,0.5621111989021301,0.4410749673843384,0.004522010684013367,0.5449070334434509,0.38849809765815735,-0.001140392036177218,0.5335527658462524,0.35017919540405273,-0.010441366583108902,0.51979660987854,0.31784042716026306,-0.021368250250816345,0.6061839461326599,0.3132633566856384,-0.015743784606456757,0.6039613485336304,0.23835071921348572,-0.031831420958042145,0.6081746816635132,0.18853707611560822,-0.044240158051252365,0.6108860373497009,0.14359316229820251,-0.054620858281850815,0.62179034948349,0.32921910285949707,-0.026834886521100998,0.5459074378013611,0.31004002690315247,-0.04607780650258064,0.5034388303756714,0.3234863877296448,-0.055223628878593445,0.4768238365650177,0.335877388715744,-0.06293994188308716,0.6199045777320862,0.3575071096420288,-0.03737902268767357,0.5409814119338989,0.34087610244750977,-0.055333785712718964,0.503978431224823,0.3494132161140442,-0.05874819681048393,0.47845834493637085,0.35976627469062805,-0.06126345321536064,0.6077769994735718,0.3883715867996216,-0.047564003616571426,0.549982488155365,0.37227606773376465,-0.06283983588218689,0.5198783874511719,0.3718464970588684,-0.06683013588190079,0.4951413571834564,0.3752891719341278,-0.06825518608093262,d
0.6167694330215454,0.505240261554718,-1.7781469807687245e-07,0.5649038553237915,0.4385041892528534,0.004647478926926851,0.5472347736358643,0.3856879770755768,-0.0009389850310981274,0.5358718037605286,0.34682607650756836,-0.010250593535602093,0.5224223136901855,0.3144972622394562,-0.021319612860679626,0.6097718477249146,0.3101292848587036,-0.01579037681221962,0.6071650981903076,0.23596236109733582,-0.031726665794849396,0.6111595630645752,0.18558241426944733,-0.044262971729040146,0.6135668158531189,0.13991983234882355,-0.05497149005532265,0.6244479417800903,0.32708463072776794,-0.02700216881930828,0.5490865707397461,0.30824288725852966,-0.04672092944383621,0.5064895153045654,0.32049667835235596,-0.05647561699151993,0.48020756244659424,0.3316041827201843,-0.06471294909715652,0.6221140623092651,0.35608240962028503,-0.03758272901177406,0.5447788834571838,0.33838725090026855,-0.05639025941491127,0.5065815448760986,0.3461841940879822,-0.060429200530052185,0.4804575443267822,0.35599085688591003,-0.06328433007001877,0.6102061867713928,0.3875402808189392,-0.04767490178346634,0.553615152835846,0.3702729344367981,-0.06428561359643936,0.5223142504692078,0.369625449180603,-0.06903024762868881,0.4969087243080139,0.3728373050689697,-0.07082518935203552,d
0.6203184127807617,0.49990177154541016,-1.693799305257926e-07,0.5689945816993713,0.43334460258483887,0.005133423022925854,0.5513825416564941,0.3806154429912567,-0.00022985429677646607,0.5392048954963684,0.34284695982933044,-0.009465555660426617,0.5249788761138916,0.31205835938453674,-0.02058381214737892,0.6138265132904053,0.3046155571937561,-0.014867444522678852,0.6121147871017456,0.2314242571592331,-0.029987890273332596,0.6160677671432495,0.18122540414333344,-0.04199133813381195,0.6183567047119141,0.13582906126976013,-0.05238570645451546,0.6276165843009949,0.3225075900554657,-0.02645031362771988,0.5527985692024231,0.30686673521995544,-0.04542900249361992,0.5103249549865723,0.3179003596305847,-0.055449072271585464,0.48375019431114197,0.3281812369823456,-0.06400208175182343,0.624543309211731,0.3528180420398712,-0.037308309227228165,0.5478777289390564,0.33662140369415283,-0.05559718608856201,0.5090176463127136,0.3412001132965088,-0.06026172637939453,0.481815367937088,0.34789660573005676,-0.06363282352685928,0.6120595335960388,0.3849413990974426,-0.0475754588842392,0.5561234951019287,0.36721426248550415,-0.0635145753622055,0.5250941514968872,0.3641018271446228,-0.06822917610406876,0.499703586101532,0.3646126091480255,-0.07012129575014114,d
0.6250794529914856,0.49649637937545776,-1.7571103683167166e-07,0.5739495158195496,0.4306269884109497,0.005549004767090082,0.5589504837989807,0.37582552433013916,0.0008927944581955671,0.5503771305084229,0.33492228388786316,-0.007320648990571499,0.538397490978241,0.30347445607185364,-0.01732967048883438,0.6192694902420044,0.3013975918292999,-0.015393927693367004,0.6158702373504639,0.22835099697113037,-0.030375294387340546,0.6200785636901855,0.17879241704940796,-0.042074043303728104,0.622862696647644,0.13422271609306335,-0.05209968239068985,0.6320613622665405,0.3180527985095978,-0.026476847007870674,0.5567187666893005,0.302493691444397,-0.044713012874126434,0.5140877962112427,0.31294894218444824,-0.054209183901548386,0.4876667559146881,0.3214918375015259,-0.06252209097146988,0.6274709105491638,0.34747371077537537,-0.0367029644548893,0.5506014227867126,0.33202970027923584,-0.05464548245072365,0.5110170245170593,0.33755600452423096,-0.05960983783006668,0.48369595408439636,0.34413212537765503,-0.06325942277908325,0.6128130555152893,0.37954437732696533,-0.046209804713726044,0.5557687282562256,0.36339378356933594,-0.06205708906054497,0.5241260528564453,0.3622877895832062,-0.06718254089355469,0.4984930157661438,0.36396071314811707,-0.06938730925321579,d
0.6272401213645935,0.49315160512924194,-1.7405112373580778e-07,0.5769248604774475,0.42643672227859497,0.006424408406019211,0.563257098197937,0.3741088807582855,0.0017661269521340728,0.5549119114875793,0.33408358693122864,-0.006951319053769112,0.5431786179542542,0.30221009254455566,-0.017602503299713135,0.6226325035095215,0.29911863803863525,-0.013744920492172241,0.6202254891395569,0.22623224556446075,-0.028087086975574493,0.6243153214454651,0.1763448715209961,-0.039338212460279465,0.62703537940979,0.13128690421581268,-0.04911075532436371,0.6361618041992188,0.3152436912059784,-0.025388911366462708,0.5610703825950623,0.30018389225006104,-0.0433976836502552,0.5180941820144653,0.3099263906478882,-0.05356472730636597,0.4909041225910187,0.3180548846721649,-0.06238902360200882,0.6331443190574646,0.3439509868621826,-0.036080680787563324,0.5551407337188721,0.3291499614715576,-0.05391063913702965,0.5143017172813416,0.33351579308509827,-0.059570372104644775,0.48534631729125977,0.33951878547668457,-0.06378991156816483,0.6200108528137207,0.37443113327026367,-0.04599165916442871,0.5613623857498169,0.3588195741176605,-0.061446547508239746,0.5291975736618042,0.3571048378944397,-0.0666799321770668,0.5026402473449707,0.3588765561580658,-0.06908490508794785,d
0.6301667094230652,0.4876018762588501,-1.8406730362130475e-07,0.5793110132217407,0.4218519926071167,0.005607809405773878,0.5654290914535522,0.36996448040008545,0.0009072587126865983,0.5568004250526428,0.33023354411125183,-0.007577970158308744,0.5450732111930847,0.29817962646484375,-0.017959261313080788,0.6247730255126953,0.29561954736709595,-0.014638376422226429,0.6220568418502808,0.22242984175682068,-0.028887545689940453,0.6260501146316528,0.1729370802640915,-0.04013734310865402,0.6287516951560974,0.12730038166046143,-0.05014209449291229,0.6386010050773621,0.3106522560119629,-0.02597581408917904,0.5638858079910278,0.2969173192977905,-0.04399930685758591,0.5217006802558899,0.3075181841850281,-0.054175082594156265,0.49557191133499146,0.31587347388267517,-0.06314920634031296,0.6357909440994263,0.33874011039733887,-0.03643999621272087,0.5585349798202515,0.32626959681510925,-0.05428290739655495,0.5180192589759827,0.33010444045066833,-0.060391344130039215,0.4891458749771118,0.3349863290786743,-0.06517636030912399,0.6230171918869019,0.36913788318634033,-0.04620174691081047,0.5654687285423279,0.355935275554657,-0.06143718957901001,0.5334024429321289,0.35378143191337585,-0.0670185312628746,0.5066547989845276,0.35451650619506836,-0.06999189406633377,d
0.6339246034622192,0.4841633141040802,-1.8308173821424134e-07,0.5812512636184692,0.41818684339523315,0.005921783857047558,0.5672037601470947,0.3664444088935852,0.0009784125722944736,0.5594449043273926,0.3266344666481018,-0.00786101259291172,0.5486111044883728,0.2950928211212158,-0.018646109849214554,0.6282866597175598,0.2921951413154602,-0.014703614637255669,0.6249662637710571,0.22041882574558258,-0.028953917324543,0.6285253167152405,0.17133750021457672,-0.040094971656799316,0.6303426027297974,0.12688180804252625,-0.049912143498659134,0.6418325901031494,0.30781546235084534,-0.026156265288591385,0.5678904056549072,0.2918587327003479,-0.04378405585885048,0.5256295204162598,0.30247631669044495,-0.05324218422174454,0.4993630051612854,0.3110262155532837,-0.06165795028209686,0.6387650370597839,0.33614084124565125,-0.03672776371240616,0.5627761483192444,0.32118502259254456,-0.05473703145980835,0.522127628326416,0.3257204294204712,-0.06038711592555046,0.4932158887386322,0.33225536346435547,-0.06462980061769485,0.625476598739624,0.3670905828475952,-0.046503130346536636,0.5686208605766296,0.35152825713157654,-0.06254150718450546,0.5363138318061829,0.3505547344684601,-0.06802484393119812,0.509102463722229,0.35373783111572266,-0.07060083746910095,d
0.6353085041046143,0.4774269461631775,-1.7401470131517272e-07,0.5845670700073242,0.41387683153152466,0.003705903422087431,0.5707196593284607,0.3637658357620239,-0.002157994545996189,0.563029944896698,0.3249552249908447,-0.011399408802390099,0.5521495342254639,0.29320308566093445,-0.022550759837031364,0.6300673484802246,0.2883656322956085,-0.017259830608963966,0.6266517639160156,0.21679730713367462,-0.03263193741440773,0.6303771734237671,0.16787487268447876,-0.044619057327508926,0.6328138113021851,0.12378442287445068,-0.05477755144238472,0.6448694467544556,0.3046037256717682,-0.027408434078097343,0.5712491273880005,0.2900395691394806,-0.046070218086242676,0.5289608240127563,0.3008808493614197,-0.05561951547861099,0.5029711723327637,0.30916911363601685,-0.06382738053798676,0.6430297493934631,0.33304569125175476,-0.036789845675230026,0.5658949613571167,0.31945911049842834,-0.05496269091963768,0.5255588293075562,0.32417553663253784,-0.059693463146686554,0.49784642457962036,0.3309785723686218,-0.06315033882856369,0.6305670738220215,0.3634518086910248,-0.045619893819093704,0.5704171657562256,0.3503459393978119,-0.061283793300390244,0.5385403037071228,0.35048675537109375,-0.06596609205007553,0.5133156776428223,0.3540772795677185,-0.06781922280788422,d
0.6393750905990601,0.47859668731689453,-1.9428952668931743e-07,0.5878798365592957,0.415580689907074,0.005057802889496088,0.5721245408058167,0.36428511142730713,-0.0001098980283131823,0.5627743005752563,0.32521724700927734,-0.009212890639901161,0.5513221621513367,0.292437881231308,-0.02015378326177597,0.6330662965774536,0.28816813230514526,-0.014294874854385853,0.6294154524803162,0.21579375863075256,-0.029043281450867653,0.6334354877471924,0.1668059080839157,-0.04099157825112343,0.636184811592102,0.12247766554355621,-0.051439154893159866,0.6476890444755554,0.30292338132858276,-0.025579694658517838,0.5733522176742554,0.2877844572067261,-0.04400837793946266,0.530693531036377,0.2992367446422577,-0.053771089762449265,0.5046488642692566,0.30688729882240295,-0.06218283250927925,0.6459668278694153,0.33027300238609314,-0.036219801753759384,0.5685664415359497,0.31639739871025085,-0.05437270179390907,0.5295617580413818,0.3235151767730713,-0.05903446674346924,0.502963125705719,0.33180898427963257,-0.06250840425491333,0.6340621709823608,0.36032432317733765,-0.04635767266154289,0.5748507380485535,0.3467262089252472,-0.06250661611557007,0.5423495173454285,0.34675735235214233,-0.0675511583685875,0.515961229801178,0.3507762551307678,-0.06971204280853271,d
0.6415742635726929,0.4754059910774231,-1.8349723518440442e-07,0.5912348628044128,0.412605345249176,0.004528583958745003,0.5766399502754211,0.36290791630744934,-0.0008472654735669494,0.567915678024292,0.324369341135025,-0.010074170306324959,0.5562013387680054,0.29234054684638977,-0.021138178184628487,0.6369235515594482,0.28556370735168457,-0.01419705431908369,0.6332137584686279,0.21391262114048004,-0.028882231563329697,0.6369267106056213,0.16556832194328308,-0.04033190757036209,0.6393965482711792,0.12191177904605865,-0.05010354518890381,0.6507812142372131,0.3008473217487335,-0.024903934448957443,0.5771113634109497,0.28436413407325745,-0.04348556697368622,0.5343104004859924,0.29565176367759705,-0.053334422409534454,0.5077705383300781,0.3045172095298767,-0.06150680035352707,0.648654580116272,0.32836759090423584,-0.03495354950428009,0.5725775361061096,0.3128364682197571,-0.053484734147787094,0.5324440002441406,0.3197268843650818,-0.05863865092396736,0.5045613050460815,0.32823464274406433,-0.06208045035600662,0.6364514827728271,0.35828834772109985,-0.0444013848900795,0.5785580277442932,0.34431126713752747,-0.06025199592113495,0.5465056896209717,0.3451559543609619,-0.06517206877470016,0.5203244686126709,0.34947559237480164,-0.0670650526881218,d
0.6465046405792236,0.475241482257843,-1.882767577399136e-07,0.5942710638046265,0.41224730014801025,0.004475008696317673,0.5789599418640137,0.3609631657600403,-0.0003976943262387067,0.5703897476196289,0.32173362374305725,-0.009177984669804573,0.5595670938491821,0.28867995738983154,-0.019751686602830887,0.6391683220863342,0.28431862592697144,-0.013678014278411865,0.6366747617721558,0.2125438153743744,-0.02837442234158516,0.6409660577774048,0.1633554846048355,-0.040059033781290054,0.6435700058937073,0.11898241937160492,-0.05013810470700264,0.6541638970375061,0.2989867031574249,-0.024657810106873512,0.5814032554626465,0.2832002639770508,-0.04353968799114227,0.5388109087944031,0.2948465347290039,-0.05339248105883598,0.5120424628257751,0.30469611287117004,-0.06148174777626991,0.652881383895874,0.32640784978866577,-0.035122524946928024,0.5769234299659729,0.3130241930484772,-0.05376309156417847,0.5375237464904785,0.320454478263855,-0.05886075273156166,0.5099350810050964,0.3293801248073578,-0.06224430724978447,0.6415170431137085,0.35668885707855225,-0.04510672390460968,0.5841742157936096,0.3435133099555969,-0.061169251799583435,0.5518771409988403,0.34333670139312744,-0.06628101319074631,0.5250718593597412,0.34680837392807007,-0.06833374500274658,d
0.6489585638046265,0.4708182215690613,-1.906231119619406e-07,0.5979328751564026,0.407979816198349,0.005308867432177067,0.5828385353088379,0.3569878935813904,0.00038520447560586035,0.5745469927787781,0.3176599144935608,-0.00853837188333273,0.563868522644043,0.2843567728996277,-0.019460603594779968,0.64217609167099,0.281139999628067,-0.014253879897296429,0.6396602392196655,0.20981884002685547,-0.028812188655138016,0.644239068031311,0.16128039360046387,-0.04021921753883362,0.6473538279533386,0.11689597368240356,-0.05023040249943733,0.6582601070404053,0.2965359687805176,-0.025928575545549393,0.5847330093383789,0.2809533476829529,-0.04445677995681763,0.5419245362281799,0.2925449311733246,-0.05411109700798988,0.514750063419342,0.30084529519081116,-0.06230798736214638,0.6575909852981567,0.32442954182624817,-0.036925412714481354,0.5808722376823425,0.3095337748527527,-0.055393971502780914,0.5397838950157166,0.31508710980415344,-0.06052840128540993,0.5103041529655457,0.3216671049594879,-0.06421273201704025,0.6466079950332642,0.3546319305896759,-0.047310277819633484,0.5871086120605469,0.3409605622291565,-0.06379474699497223,0.5540017485618591,0.34033524990081787,-0.06921583414077759,0.5265374779701233,0.34300512075424194,-0.0715617910027504,d
0.6523733139038086,0.46933436393737793,-1.807047738111578e-07,0.5992518663406372,0.407222181558609,0.004226977005600929,0.5838768482208252,0.35687726736068726,-0.0012575332075357437,0.5751080513000488,0.3177992105484009,-0.010608060285449028,0.5635824203491211,0.28520724177360535,-0.021869592368602753,0.64436274766922,0.2797587215900421,-0.014824464917182922,0.6427260637283325,0.2082739770412445,-0.029694048687815666,0.6475448608398438,0.15889783203601837,-0.04177027940750122,0.650489091873169,0.11444027721881866,-0.05240089073777199,0.6607421636581421,0.29474371671676636,-0.025859316810965538,0.5869616270065308,0.2789345383644104,-0.04462805390357971,0.5442905426025391,0.29045596718788147,-0.054372407495975494,0.5177244544029236,0.2990805506706238,-0.06274199485778809,0.6604592204093933,0.3223778307437897,-0.036354031413793564,0.5833494067192078,0.3074619770050049,-0.05497622489929199,0.5433259010314941,0.3140356242656708,-0.059663075953722,0.5154715776443481,0.32231956720352173,-0.06305915117263794,0.6494188904762268,0.35248440504074097,-0.04639595001935959,0.5904273390769958,0.337870329618454,-0.06336063891649246,0.5573910474777222,0.33755263686180115,-0.06870778650045395,0.530415415763855,0.3411862254142761,-0.07093305140733719,d
0.6547039151191711,0.46753573417663574,-1.8928146516827837e-07,0.603766679763794,0.4036221206188202,0.005585684906691313,0.5889967083930969,0.35267364978790283,0.0008543097064830363,0.5799545645713806,0.31340721249580383,-0.008167121559381485,0.568550705909729,0.28032997250556946,-0.019097622483968735,0.6485254168510437,0.27818357944488525,-0.012216630391776562,0.6461507081985474,0.2070627212524414,-0.026428591459989548,0.6506924629211426,0.15893594920635223,-0.037527911365032196,0.6535656452178955,0.11531476676464081,-0.04722221940755844,0.6639998555183411,0.2932890057563782,-0.024015245959162712,0.5910362005233765,0.2776135802268982,-0.043038152158260345,0.5482757091522217,0.28872284293174744,-0.05313080921769142,0.5209717750549316,0.29737019538879395,-0.06128046289086342,0.6630614399909973,0.32079464197158813,-0.03520143777132034,0.5866584777832031,0.30566680431365967,-0.054209329187870026,0.5460972189903259,0.31197041273117065,-0.05959974601864815,0.5173300504684448,0.31951481103897095,-0.06303109973669052,0.6516193151473999,0.3505473732948303,-0.04573250561952591,0.5932213664054871,0.33481740951538086,-0.06255458295345306,0.5604333877563477,0.3341219127178192,-0.06796043366193771,0.5333402752876282,0.33724918961524963,-0.07003325968980789,d
0.6581289172172546,0.4701092541217804,-1.9984274501894106e-07,0.6074162721633911,0.4065966308116913,0.006176097318530083,0.5908355116844177,0.35437217354774475,0.0013693893561139703,0.5802643299102783,0.31478220224380493,-0.007892273366451263,0.56776362657547,0.28078484535217285,-0.018992776051163673,0.6514047384262085,0.27774778008461,-0.011574562638998032,0.6488913297653198,0.20638036727905273,-0.025712186470627785,0.6537150740623474,0.15830567479133606,-0.036862023174762726,0.6570528149604797,0.11478902399539948,-0.04668865725398064,0.667556881904602,0.29293832182884216,-0.024042489007115364,0.5938649773597717,0.27642497420310974,-0.04317585378885269,0.5506885647773743,0.2871622145175934,-0.05326615273952484,0.523361086845398,0.2959063947200775,-0.061403945088386536,0.6671884655952454,0.32100099325180054,-0.035905007272958755,0.5904160141944885,0.3052845895290375,-0.05507570877671242,0.5501995086669922,0.3116849660873413,-0.06017163768410683,0.5218278169631958,0.31923529505729675,-0.06342355906963348,0.6564720273017883,0.3516053557395935,-0.04708801954984665,0.5986603498458862,0.3346986472606659,-0.06437277793884277,0.5651834011077881,0.3331672251224518,-0.069783054292202,0.5374324321746826,0.3353819251060486,-0.07180299609899521,d
0.659110426902771,0.468452513217926,-1.8933910439500323e-07,0.6095070242881775,0.40405094623565674,0.005417611915618181,0.5937538146972656,0.3531861901283264,0.00015210008132271469,0.5831927061080933,0.31375768780708313,-0.009467934258282185,0.5704266428947449,0.2797866761684418,-0.020953688770532608,0.6534845232963562,0.2771490514278412,-0.012530487030744553,0.6523683071136475,0.205902561545372,-0.02647608332335949,0.6575500965118408,0.15827658772468567,-0.037142470479011536,0.6613374948501587,0.1145576536655426,-0.04656284302473068,0.6696368455886841,0.2927471697330475,-0.02450346015393734,0.5959336757659912,0.27750086784362793,-0.043385427445173264,0.5530970096588135,0.28698739409446716,-0.05343388393521309,0.5260516405105591,0.2939431369304657,-0.06160210445523262,0.6693547964096069,0.3208380937576294,-0.03581525385379791,0.5918586850166321,0.3059406578540802,-0.054603055119514465,0.5511545538902283,0.3103347718715668,-0.05974492058157921,0.5223127007484436,0.315732479095459,-0.06313172727823257,0.6587164998054504,0.3505780100822449,-0.046520035713911057,0.5996221303939819,0.3343178331851959,-0.06317377835512161,0.5660160779953003,0.33224761486053467,-0.06836956739425659,0.5383973121643066,0.33356985449790955,-0.07029300183057785,d
0.6619149446487427,0.46749335527420044,-1.925038333183693e-07,0.6101074814796448,0.4030735194683075,0.005294058471918106,0.592509925365448,0.35277917981147766,-0.00017014639161061496,0.5797796249389648,0.3148685097694397,-0.010013592429459095,0.5655832290649414,0.28179141879081726,-0.021758418530225754,0.6547628045082092,0.2754110097885132,-0.01233205571770668,0.6540757417678833,0.20490388572216034,-0.02686731517314911,0.6599944829940796,0.15661472082138062,-0.038537412881851196,0.6638511419296265,0.11294767260551453,-0.0486874096095562,0.6718352437019348,0.29133135080337524,-0.024704426527023315,0.5983656644821167,0.2748575210571289,-0.04381817951798439,0.5555410981178284,0.2867940366268158,-0.05381568893790245,0.5286229252815247,0.29718977212905884,-0.0618889220058918,0.6718342304229736,0.3200184404850006,-0.03659200668334961,0.5948804616928101,0.3039809763431549,-0.05568288266658783,0.554804801940918,0.310884952545166,-0.06047538295388222,0.5267596244812012,0.3197394013404846,-0.06341730058193207,0.6612164974212646,0.3509606719017029,-0.04792671278119087,0.6025665998458862,0.33295807242393494,-0.06505003571510315,0.5698546171188354,0.33122849464416504,-0.069939024746418,0.5429668426513672,0.3346818685531616,-0.07144716382026672,d
0.6632007956504822,0.4673832058906555,-1.9665250761136122e-07,0.6142506003379822,0.405094176530838,0.005121647380292416,0.5955395698547363,0.3551007807254791,-0.0007429171819239855,0.5813170671463013,0.3173665702342987,-0.010905412025749683,0.5656090974807739,0.2845037281513214,-0.022938651964068413,0.6582502126693726,0.27704885601997375,-0.012636130675673485,0.6569711565971375,0.20608574151992798,-0.026248594745993614,0.6621559262275696,0.15888044238090515,-0.03687771037220955,0.6653165817260742,0.11548657715320587,-0.046458110213279724,0.6746107935905457,0.29205697774887085,-0.024565251544117928,0.6010553240776062,0.27616918087005615,-0.04367775097489357,0.5582685470581055,0.2874726951122284,-0.053696803748607635,0.531160831451416,0.29712149500846863,-0.06169768422842026,0.6741065979003906,0.3198736906051636,-0.035829391330480576,0.5972998738288879,0.3035312294960022,-0.054807305335998535,0.5574154853820801,0.30978965759277344,-0.05967040732502937,0.5294512510299683,0.317528635263443,-0.06267562508583069,0.6632725596427917,0.34969645738601685,-0.04645472764968872,0.6054286956787109,0.3325372636318207,-0.06342176347970963,0.5724586248397827,0.3310582637786865,-0.0686006098985672,0.5455175042152405,0.33334407210350037,-0.07038670033216476,d
0.6651390194892883,0.4646328389644623,-1.923561541161689e-07,0.6152853965759277,0.40265780687332153,0.004049008246511221,0.5976693034172058,0.3539688289165497,-0.001933517400175333,0.5857720971107483,0.3160856068134308,-0.011989275924861431,0.5723406672477722,0.2829505205154419,-0.023979131132364273,0.6611993908882141,0.27663174271583557,-0.013751399703323841,0.6604551672935486,0.20569652318954468,-0.02820567972958088,0.6655023694038391,0.15750408172607422,-0.03960413485765457,0.6685779690742493,0.11379127204418182,-0.04955559968948364,0.677269458770752,0.29205137491226196,-0.025130266323685646,0.6038734316825867,0.2744178771972656,-0.04476051777601242,0.5606040358543396,0.2861730456352234,-0.054806891828775406,0.533302366733551,0.2967151999473572,-0.06267274171113968,0.6762499809265137,0.3196418583393097,-0.03600017726421356,0.5997633337974548,0.30328992009162903,-0.05545809119939804,0.5610295534133911,0.31133630871772766,-0.060094788670539856,0.5344095826148987,0.3212030827999115,-0.06271243840456009,0.6648456454277039,0.34945589303970337,-0.046365849673748016,0.6066990494728088,0.33283698558807373,-0.06361793726682663,0.5748366713523865,0.33214762806892395,-0.06854058057069778,0.549006462097168,0.3355247676372528,-0.06998997926712036,d
0.6681137681007385,0.4661588966846466,-1.9705626641552954e-07,0.6172856688499451,0.4043644070625305,0.005285813007503748,0.5981512665748596,0.3550720810890198,-0.0006948041263967752,0.5836942791938782,0.3189760148525238,-0.011090011335909367,0.568035364151001,0.2870196998119354,-0.02352657914161682,0.66438889503479,0.27584677934646606,-0.01287116389721632,0.663081705570221,0.2046857476234436,-0.02725290134549141,0.6682610511779785,0.1564551293849945,-0.03907096013426781,0.6715999841690063,0.11287093162536621,-0.0494566485285759,0.680489718914032,0.29182758927345276,-0.025384096428751945,0.6074069738388062,0.2744121253490448,-0.044293757528066635,0.5639933943748474,0.285746306180954,-0.05414274334907532,0.5371909141540527,0.2947344481945038,-0.06205817684531212,0.6794195771217346,0.32051265239715576,-0.037353742867708206,0.6033599376678467,0.30404743552207947,-0.05604385584592819,0.5638682842254639,0.31103113293647766,-0.060209378600120544,0.536794900894165,0.31930670142173767,-0.06272241473197937,0.6678111553192139,0.35152024030685425,-0.04880930855870247,0.6106283068656921,0.33402806520462036,-0.06555932015180588,0.5782567858695984,0.3321022093296051,-0.07001116871833801,0.5520449280738831,0.33434635400772095,-0.07121630758047104,d
0.6699714660644531,0.46601778268814087,-1.9892959812750632e-07,0.618624210357666,0.40410447120666504,0.005181099753826857,0.5986205339431763,0.3553554117679596,-0.001157985650934279,0.5827711820602417,0.31962308287620544,-0.011943290941417217,0.5663564205169678,0.28809574246406555,-0.024824034422636032,0.6659914255142212,0.2762010395526886,-0.01263638585805893,0.6646184325218201,0.2056790292263031,-0.026772422716021538,0.6702603101730347,0.1579938530921936,-0.03847995772957802,0.6738040447235107,0.11474385857582092,-0.048803817480802536,0.6823264956474304,0.2918916940689087,-0.0247133057564497,0.6082776188850403,0.27512145042419434,-0.04369484633207321,0.5652774572372437,0.2866804301738739,-0.05373586714267731,0.5387782454490662,0.296538770198822,-0.06180809810757637,0.6812129020690918,0.31982147693634033,-0.03617109730839729,0.6043491363525391,0.3034324645996094,-0.05456558242440224,0.5659559369087219,0.3112196624279022,-0.05853328853845596,0.5400899052619934,0.320741206407547,-0.060971397906541824,0.6694368124008179,0.34956902265548706,-0.047114551067352295,0.6111441254615784,0.3330961763858795,-0.06339212507009506,0.5792964696884155,0.33181828260421753,-0.06771427392959595,0.5539913177490234,0.3343489468097687,-0.068914994597435,d
0.67063307762146,0.46751266717910767,-2.0575500059294427e-07,0.6220755577087402,0.4041176736354828,0.005686820484697819,0.603630006313324,0.353374183177948,2.1858199943380896e-06,0.5901029109954834,0.3162945508956909,-0.010039027780294418,0.5756009221076965,0.28342074155807495,-0.02201227843761444,0.6685560941696167,0.2768529951572418,-0.01248141098767519,0.6672177314758301,0.20686982572078705,-0.02659960463643074,0.6729925274848938,0.15987242758274078,-0.03802647069096565,0.6770637035369873,0.11698989570140839,-0.04808618128299713,0.6845728158950806,0.29316428303718567,-0.024785224348306656,0.6112396717071533,0.2760279178619385,-0.04369192197918892,0.5681972503662109,0.2867790162563324,-0.05351940914988518,0.5413829684257507,0.29571202397346497,-0.06141467019915581,0.6832548379898071,0.32152247428894043,-0.036437105387449265,0.6066906452178955,0.30402880907058716,-0.054734967648983,0.5672329068183899,0.30987927317619324,-0.05886596813797951,0.540277361869812,0.3173326849937439,-0.06148242577910423,0.6715990900993347,0.3519088327884674,-0.04752514511346817,0.6132091879844666,0.33369025588035583,-0.06406273692846298,0.5813198685646057,0.33179235458374023,-0.06869697570800781,0.556071400642395,0.33391883969306946,-0.07009080797433853,d
0.6721732020378113,0.4676893651485443,-2.1399871741323295e-07,0.6236527562141418,0.405490517616272,0.005019127856940031,0.6052302122116089,0.35566866397857666,-0.0004887423128820956,0.5920697450637817,0.318136066198349,-0.01014677993953228,0.5776278376579285,0.28517118096351624,-0.02162468060851097,0.6686633825302124,0.27833783626556396,-0.012848391197621822,0.6684844493865967,0.20739680528640747,-0.027355847880244255,0.6740549802780151,0.15929767489433289,-0.03898082301020622,0.6778331995010376,0.11618299782276154,-0.049076709896326065,0.6852065920829773,0.29338976740837097,-0.024852996692061424,0.6123846173286438,0.2753724455833435,-0.04367096722126007,0.5697416663169861,0.2863706350326538,-0.05304265767335892,0.5434150099754333,0.2958444654941559,-0.0605437271296978,0.6848640441894531,0.32065287232398987,-0.03641068935394287,0.6082680225372314,0.3038865625858307,-0.05461348965764046,0.5700739622116089,0.310394823551178,-0.05841919034719467,0.5438899397850037,0.3183151185512543,-0.06081754341721535,0.6746379137039185,0.3505527675151825,-0.047577615827322006,0.6161312460899353,0.33404234051704407,-0.06397063285112381,0.5845123529434204,0.332332581281662,-0.0684429332613945,0.5589702129364014,0.3350273072719574,-0.06972169876098633,d
0.6723099946975708,0.46657079458236694,-2.0467892625219974e-07,0.6248019933700562,0.4037220776081085,0.003741397988051176,0.607585608959198,0.35315024852752686,-0.0018241655780002475,0.5970800518989563,0.31477659940719604,-0.011203784495592117,0.5850002765655518,0.28067412972450256,-0.022256670519709587,0.6695460081100464,0.2779479920864105,-0.014207537285983562,0.6699656844139099,0.20745202898979187,-0.02909255400300026,0.675728976726532,0.15946930646896362,-0.040715768933296204,0.6797247529029846,0.11691413819789886,-0.05062524229288101,0.6864134073257446,0.2937529683113098,-0.025434264913201332,0.6140602827072144,0.2762124538421631,-0.04484082758426666,0.57132488489151,0.28696659207344055,-0.05433815345168114,0.5446428060531616,0.29636964201927185,-0.06173766404390335,0.6864978075027466,0.32127830386161804,-0.03628434240818024,0.6099794507026672,0.3052768409252167,-0.05503411218523979,0.5721202492713928,0.31255602836608887,-0.05888040363788605,0.5462875366210938,0.3211546540260315,-0.06107804924249649,0.6766922473907471,0.3511910140514374,-0.046807315200567245,0.6185991764068604,0.3346231281757355,-0.06347629427909851,0.587009072303772,0.3331001102924347,-0.06786471605300903,0.5614713430404663,0.33563804626464844,-0.06896590441465378,d
0.6750922799110413,0.4657214283943176,-1.9921864691241353e-07,0.6259484887123108,0.4026792645454407,0.0035945528652518988,0.6066189408302307,0.353602796792984,-0.002984071848914027,0.5919740796089172,0.3172015845775604,-0.01368892751634121,0.5768188238143921,0.2853944003582001,-0.026229698210954666,0.6719459295272827,0.2775048315525055,-0.013652021065354347,0.6714906096458435,0.20801541209220886,-0.028802070766687393,0.6777572631835938,0.16001684963703156,-0.040954265743494034,0.6822570562362671,0.11779068410396576,-0.05129142105579376,0.688721239566803,0.29341328144073486,-0.025445204228162766,0.6160973906517029,0.2755650281906128,-0.04522175341844559,0.5731509327888489,0.28753650188446045,-0.055079370737075806,0.5467682480812073,0.29793480038642883,-0.06264833360910416,0.6887052059173584,0.32120439410209656,-0.03696093335747719,0.6124539375305176,0.30425480008125305,-0.056181084364652634,0.5738635659217834,0.31293633580207825,-0.06004754826426506,0.5477452874183655,0.32287952303886414,-0.06214113533496857,0.6786524057388306,0.35146191716194153,-0.0481795109808445,0.6206822991371155,0.33418840169906616,-0.06524793803691864,0.5878705382347107,0.33194923400878906,-0.06965738534927368,0.5611280798912048,0.33410656452178955,-0.07072002440690994,d
0.6743425726890564,0.46575185656547546,-1.898582695503137e-07,0.6264892816543579,0.4026373624801636,0.0036708484403789043,0.6083614230155945,0.3532250225543976,-0.002768563339486718,0.5951527953147888,0.3168049454689026,-0.013415121473371983,0.5812410712242126,0.2838538587093353,-0.02587669901549816,0.6734739542007446,0.2779650092124939,-0.013913525268435478,0.6729360818862915,0.20780503749847412,-0.029428742825984955,0.6791704297065735,0.1598416566848755,-0.04151322692632675,0.68382728099823,0.11733277142047882,-0.051605239510536194,0.6897189617156982,0.2945804297924042,-0.025744060054421425,0.6170384287834167,0.27630600333213806,-0.04613454267382622,0.5734195709228516,0.28762704133987427,-0.056114938110113144,0.5464274883270264,0.29697367548942566,-0.06352412700653076,0.6893506050109863,0.3222202956676483,-0.03726278245449066,0.612908124923706,0.30498984456062317,-0.0570196658372879,0.573766827583313,0.3134829103946686,-0.06091046333312988,0.5472549796104431,0.3229810297489166,-0.06272047013044357,0.6788840293884277,0.3519311249256134,-0.04845215752720833,0.6211655139923096,0.3339473009109497,-0.06561719626188278,0.5897035598754883,0.333473801612854,-0.0696585476398468,0.5643513202667236,0.33716052770614624,-0.07023967802524567,d
0.6730148792266846,0.46425002813339233,-1.941938734262294e-07,0.6248772740364075,0.4008677303791046,0.003399023087695241,0.606468677520752,0.3520243763923645,-0.003255631774663925,0.5918357968330383,0.3160407245159149,-0.013963610865175724,0.5770375728607178,0.28373613953590393,-0.026494622230529785,0.6720257997512817,0.27655720710754395,-0.014098411425948143,0.6715856194496155,0.2068893015384674,-0.029238836839795113,0.6782051920890808,0.15928636491298676,-0.040935177356004715,0.6834395527839661,0.11700186133384705,-0.050758689641952515,0.6888364553451538,0.2932347357273102,-0.025921029970049858,0.6173299551010132,0.2758915424346924,-0.04605138674378395,0.5737622976303101,0.2868439853191376,-0.056065525859594345,0.5469302535057068,0.29639485478401184,-0.06351037323474884,0.6890062093734741,0.3213058412075043,-0.03742590174078941,0.6135093569755554,0.3046432435512543,-0.05727154016494751,0.5735184550285339,0.3114107549190521,-0.0616740845143795,0.5460326075553894,0.3193730115890503,-0.06386922299861908,0.678955078125,0.35131600499153137,-0.04856360703706741,0.6207234859466553,0.3338150382041931,-0.06556544452905655,0.5889052152633667,0.3327564001083374,-0.06968768686056137,0.5631216764450073,0.336087703704834,-0.07038985937833786,d
0.67247074842453,0.46330392360687256,-1.9588227928579727e-07,0.624596118927002,0.4022785723209381,0.0024252443108707666,0.6059593558311462,0.35433492064476013,-0.004596755374222994,0.5912984013557434,0.31922680139541626,-0.015509865246713161,0.5763059854507446,0.28756511211395264,-0.028277408331632614,0.6713178753852844,0.27607375383377075,-0.015116090886294842,0.6708325743675232,0.2060752660036087,-0.03057902492582798,0.6768775582313538,0.15806299448013306,-0.042648497968912125,0.6819029450416565,0.11574091017246246,-0.05271628499031067,0.687859833240509,0.29279178380966187,-0.026615146547555923,0.6163455247879028,0.27559253573417664,-0.0468997023999691,0.5727307200431824,0.2868482172489166,-0.05699891969561577,0.546271562576294,0.2961300015449524,-0.06444192677736282,0.6876941323280334,0.3212797939777374,-0.03787685185670853,0.6128084659576416,0.3043818175792694,-0.0579625740647316,0.5730331540107727,0.3121865689754486,-0.062217023223638535,0.545850396156311,0.32093408703804016,-0.06416685879230499,0.677427351474762,0.35202765464782715,-0.04886353015899658,0.6205845475196838,0.33381858468055725,-0.0661458820104599,0.5889238119125366,0.3326469957828522,-0.07007931917905807,0.5629100203514099,0.3363141119480133,-0.070506751537323,d
0.6719454526901245,0.4632120132446289,-1.9479874424632726e-07,0.6243740916252136,0.40242189168930054,0.002763919299468398,0.6049875617027283,0.3536190986633301,-0.004276872146874666,0.5892040133476257,0.31822454929351807,-0.015374656766653061,0.5730805993080139,0.28682512044906616,-0.02842138707637787,0.6694051623344421,0.27541953325271606,-0.015201088041067123,0.6693000793457031,0.20549005270004272,-0.030404113233089447,0.6748918294906616,0.15753482282161713,-0.042301032692193985,0.6794496178627014,0.11464019119739532,-0.05243965610861778,0.6864081025123596,0.2919490337371826,-0.026859119534492493,0.6145160794258118,0.27693429589271545,-0.047182854264974594,0.5711652636528015,0.2876661717891693,-0.05753360316157341,0.5449101328849792,0.29576313495635986,-0.06526609510183334,0.6869096159934998,0.32091420888900757,-0.03812210261821747,0.6113421320915222,0.3052096962928772,-0.058258313685655594,0.5713075399398804,0.31229233741760254,-0.06258778274059296,0.5438805222511292,0.32017114758491516,-0.06468316912651062,0.6771087050437927,0.35198044776916504,-0.04906047508120537,0.6198107004165649,0.3343759775161743,-0.06655354052782059,0.587836742401123,0.3337028920650482,-0.07061786204576492,0.5618682503700256,0.33759936690330505,-0.07114898413419724,d
0.6715660691261292,0.4619957208633423,-1.9908311799099465e-07,0.6228624582290649,0.40049487352371216,0.002914218930527568,0.6046069264411926,0.3522181212902069,-0.0035331291146576405,0.5905731320381165,0.3166317343711853,-0.014146285131573677,0.5759785771369934,0.2852288484573364,-0.02666330337524414,0.6692449450492859,0.27496597170829773,-0.013643534854054451,0.6681949496269226,0.2051912248134613,-0.02874329686164856,0.6735983490943909,0.15746064484119415,-0.040470317006111145,0.6777834892272949,0.11480796337127686,-0.05034144967794418,0.6856303811073303,0.29112938046455383,-0.02518613077700138,0.6138758659362793,0.2758692800998688,-0.04569439962506294,0.5707687735557556,0.2873016595840454,-0.05629479140043259,0.544365644454956,0.29640325903892517,-0.06400011479854584,0.685785174369812,0.31921741366386414,-0.03643938899040222,0.6103401780128479,0.3043539822101593,-0.05698523670434952,0.5700087547302246,0.31187641620635986,-0.062001559883356094,0.5420186519622803,0.3202590346336365,-0.0643162652850151,0.675735592842102,0.34963807463645935,-0.04734046012163162,0.617863655090332,0.3339465856552124,-0.06482663750648499,0.5862067341804504,0.3343467712402344,-0.06921671330928802,0.5604066848754883,0.3389596939086914,-0.0699186623096466,d
0.6696286797523499,0.46091851592063904,-1.9389419492199522e-07,0.6223735213279724,0.40065184235572815,0.0019312807125970721,0.6045199036598206,0.35223862528800964,-0.004767874721437693,0.5908846855163574,0.3169080913066864,-0.015257664024829865,0.5764655470848083,0.2851029336452484,-0.02761492319405079,0.6669442057609558,0.2743928134441376,-0.015440637245774269,0.6664913296699524,0.20442286133766174,-0.03106570430099964,0.6718501448631287,0.15642325580120087,-0.04293372482061386,0.6763964891433716,0.11369165778160095,-0.05273180827498436,0.6843379139900208,0.2908543348312378,-0.02655045874416828,0.61311936378479,0.2761571407318115,-0.04747072234749794,0.5694962739944458,0.2870462238788605,-0.058012258261442184,0.5428219437599182,0.29596009850502014,-0.0655086487531662,0.6852583885192871,0.31947430968284607,-0.03739885985851288,0.6096367239952087,0.3052823841571808,-0.05817694216966629,0.5690279603004456,0.3121771812438965,-0.06297282129526138,0.5410953760147095,0.3198258578777313,-0.06502185016870499,0.6757780909538269,0.35044699907302856,-0.04795253276824951,0.6178226470947266,0.3348959982395172,-0.06533516943454742,0.5863445997238159,0.3351230323314667,-0.06934910267591476,0.5609594583511353,0.3394765257835388,-0.06972410529851913,d
0.670063316822052,0.4631345570087433,-1.9620175351064972e-07,0.6229837536811829,0.4032413959503174,0.0025596756022423506,0.6036138534545898,0.35458502173423767,-0.00438624806702137,0.5879160165786743,0.3191013038158417,-0.015323196537792683,0.5716272592544556,0.28751325607299805,-0.028066055849194527,0.6659174561500549,0.2751981019973755,-0.014568503946065903,0.6653286218643188,0.2056143879890442,-0.029877696186304092,0.6708678603172302,0.15817558765411377,-0.04148036241531372,0.6757302284240723,0.1163208931684494,-0.05108359083533287,0.6834088563919067,0.29168701171875,-0.02609938569366932,0.6122708320617676,0.2763754725456238,-0.04647330194711685,0.5686424374580383,0.28677675127983093,-0.05661536753177643,0.5422106981277466,0.2955338656902313,-0.06393066793680191,0.6844981908798218,0.32056623697280884,-0.037369489669799805,0.6088129878044128,0.30526942014694214,-0.05755928158760071,0.5684460401535034,0.31193438172340393,-0.06194021552801132,0.5407930612564087,0.3197169303894043,-0.0638808086514473,0.6752081513404846,0.35196030139923096,-0.04832905903458595,0.617689311504364,0.3352077305316925,-0.06531345844268799,0.5858035683631897,0.33437374234199524,-0.06912591308355331,0.560027539730072,0.3380993604660034,-0.06946223229169846,d
0.6684472560882568,0.4640898108482361,-2.0734006511702319e-07,0.6218145489692688,0.40286892652511597,0.0025478368625044823,0.6051868200302124,0.351899117231369,-0.0030365874990820885,0.5942768454551697,0.31391337513923645,-0.012357018887996674,0.5822975039482117,0.2803148329257965,-0.023324010893702507,0.666834831237793,0.2758190631866455,-0.013898038305342197,0.665134847164154,0.20566245913505554,-0.02884916588664055,0.6702695488929749,0.15789836645126343,-0.04014613479375839,0.6745850443840027,0.11530278623104095,-0.04957212135195732,0.683406412601471,0.2915850877761841,-0.02476544864475727,0.6112701892852783,0.2770113945007324,-0.04486327990889549,0.5680825114250183,0.28753381967544556,-0.05494750663638115,0.5414729118347168,0.2960732877254486,-0.06228434666991234,0.6836335062980652,0.31924667954444885,-0.03537743538618088,0.6076117157936096,0.3053346276283264,-0.05548425018787384,0.5678434371948242,0.3124031722545624,-0.060150958597660065,0.5403950810432434,0.320070743560791,-0.06227292865514755,0.673599898815155,0.349416047334671,-0.04568380117416382,0.6154886484146118,0.3344670832157135,-0.06260152161121368,0.5844637155532837,0.3355083465576172,-0.06671647727489471,0.559420645236969,0.3403042256832123,-0.0672852024435997,d
0.66854327917099,0.46231377124786377,-1.895307946142566e-07,0.6205005049705505,0.4010559618473053,0.0022382191382348537,0.603201687335968,0.3530269265174866,-0.00467645563185215,0.5909817814826965,0.31674712896347046,-0.015515427105128765,0.5776327252388,0.28461408615112305,-0.02812676690518856,0.6649776697158813,0.2755521237850189,-0.0149176474660635,0.664435625076294,0.20649413764476776,-0.030389511957764626,0.6703329086303711,0.15916800498962402,-0.04210357367992401,0.6752204298973083,0.1170758455991745,-0.05186843127012253,0.6818667054176331,0.29179975390434265,-0.02594432421028614,0.61077481508255,0.2767152488231659,-0.04634897783398628,0.5675813555717468,0.2869143486022949,-0.0563921295106411,0.5413821935653687,0.295162558555603,-0.06380420178174973,0.6827076077461243,0.3199443221092224,-0.03671449050307274,0.6072035431861877,0.30577293038368225,-0.05723029375076294,0.5675021409988403,0.31287530064582825,-0.0616716668009758,0.5405255556106567,0.321125328540802,-0.06365777552127838,0.6733827590942383,0.35007771849632263,-0.04718858376145363,0.6154239773750305,0.3348492681980133,-0.06470297276973724,0.583886444568634,0.3354739248752594,-0.06882564723491669,0.5586737990379333,0.3401939570903778,-0.06935381144285202,d
0.6673156023025513,0.46214836835861206,-1.936712266115137e-07,0.6202609539031982,0.4016402065753937,0.002367059700191021,0.6017758846282959,0.3529578447341919,-0.004556579049676657,0.5871649384498596,0.31736239790916443,-0.015340130776166916,0.5719375014305115,0.2857856750488281,-0.02794317714869976,0.6650131344795227,0.27542445063591003,-0.015230676159262657,0.6636683940887451,0.20529857277870178,-0.03047793172299862,0.6688718199729919,0.15738320350646973,-0.042226847261190414,0.6734167337417603,0.11439737677574158,-0.05214698985219002,0.6816583871841431,0.29118072986602783,-0.026422400027513504,0.6103287935256958,0.27637729048728943,-0.04665936902165413,0.5667741894721985,0.28720569610595703,-0.05681809037923813,0.5402455925941467,0.29565948247909546,-0.06437858939170837,0.6823288798332214,0.31910690665245056,-0.03729170188307762,0.606519877910614,0.3053649961948395,-0.05718813091516495,0.5669261813163757,0.3127126395702362,-0.06154211610555649,0.5400428175926208,0.32087692618370056,-0.0636841282248497,0.6729400753974915,0.3493875563144684,-0.04790104553103447,0.6146596670150757,0.33436185121536255,-0.06480266153812408,0.5832793712615967,0.33427658677101135,-0.06885750591754913,0.558282732963562,0.3383701741695404,-0.06953136622905731,d
0.6676088571548462,0.46186554431915283,-2.0849225279562233e-07,0.6208906173706055,0.40214815735816956,0.0025785276666283607,0.6031792759895325,0.35231727361679077,-0.003498569130897522,0.5909937024116516,0.31507062911987305,-0.01316665019840002,0.5777236819267273,0.2826441824436188,-0.02463645488023758,0.6654976606369019,0.2741141617298126,-0.015601307153701782,0.6630656719207764,0.20363736152648926,-0.030605202540755272,0.6678418517112732,0.15508785843849182,-0.042138513177633286,0.6721323728561401,0.11179539561271667,-0.05193829908967018,0.6815832853317261,0.29011011123657227,-0.026562539860606194,0.6090388298034668,0.27594512701034546,-0.046326667070388794,0.5657467246055603,0.28707948327064514,-0.05606761574745178,0.5396190881729126,0.2959151864051819,-0.06345348060131073,0.6811440587043762,0.3183229863643646,-0.037163231521844864,0.60515958070755,0.3052842617034912,-0.05681701749563217,0.565352737903595,0.3121262490749359,-0.06127448379993439,0.5380982160568237,0.31957098841667175,-0.06365010142326355,0.6707667112350464,0.34907934069633484,-0.04746232181787491,0.612895131111145,0.3345170319080353,-0.06442183256149292,0.5818420648574829,0.3347761631011963,-0.06867063790559769,0.5567605495452881,0.33910492062568665,-0.0695277750492096,d
0.6674301624298096,0.4614730179309845,-1.9733553813239268e-07,0.6194118857383728,0.4017219543457031,0.002491959137842059,0.601218044757843,0.3535984456539154,-0.004486357793211937,0.5873187184333801,0.3180868327617645,-0.015476815402507782,0.5722891092300415,0.2862262427806854,-0.028348378837108612,0.6633918881416321,0.2733922004699707,-0.01465559657663107,0.6617863774299622,0.20408731698989868,-0.03016120009124279,0.6672274470329285,0.15646706521511078,-0.04203331097960472,0.6719679236412048,0.11431893706321716,-0.05188000202178955,0.6806403398513794,0.28981301188468933,-0.025997892022132874,0.6089012026786804,0.275630921125412,-0.04629308357834816,0.5653601288795471,0.28692689538002014,-0.05626444146037102,0.5392202138900757,0.2953401505947113,-0.06357355415821075,0.6815643906593323,0.318755179643631,-0.037079986184835434,0.6055300831794739,0.3048664629459381,-0.057176705449819565,0.565355658531189,0.3120635151863098,-0.06120041012763977,0.5380929708480835,0.32000210881233215,-0.06297856569290161,0.6719720959663391,0.3501932919025421,-0.047886207699775696,0.6133052110671997,0.3346235156059265,-0.06494121998548508,0.5814272165298462,0.3347393274307251,-0.06859971582889557,0.5560957789421082,0.33903175592422485,-0.06881759315729141,d
0.6663860082626343,0.462821900844574,-1.9935890804845258e-07,0.6183379888534546,0.4021419286727905,0.002534654689952731,0.6006721258163452,0.3525703549385071,-0.003958408255130053,0.5874274969100952,0.31596145033836365,-0.014361842535436153,0.5729164481163025,0.28375038504600525,-0.026589233428239822,0.663457989692688,0.27467289566993713,-0.01450358796864748,0.6612508296966553,0.2045060396194458,-0.029947733506560326,0.6664156913757324,0.1564720720052719,-0.041723836213350296,0.6706181764602661,0.11365707218647003,-0.05150488391518593,0.6800795793533325,0.29065409302711487,-0.025657612830400467,0.6080957651138306,0.27534469962120056,-0.04609852284193039,0.5647115111351013,0.2869166135787964,-0.056174781173467636,0.5384068489074707,0.29570743441581726,-0.06346972286701202,0.6802807450294495,0.31872084736824036,-0.03655262291431427,0.6044284701347351,0.3043241500854492,-0.05678047239780426,0.5642632842063904,0.3115944564342499,-0.061205118894577026,0.536984384059906,0.31928420066833496,-0.06316807866096497,0.6700611114501953,0.34932971000671387,-0.04713983088731766,0.6121162176132202,0.33349302411079407,-0.06416887789964676,0.5801489353179932,0.3330853581428528,-0.06821280717849731,0.5545931458473206,0.33651915192604065,-0.0687430277466774,d
0.666244387626648,0.46275413036346436,-2.0289311919441388e-07,0.6172640323638916,0.4015771746635437,0.0020699389278888702,0.5987356305122375,0.35201016068458557,-0.004536702763289213,0.5848221182823181,0.31606432795524597,-0.014940114691853523,0.5704150199890137,0.2841707170009613,-0.027162501588463783,0.6621127128601074,0.27454397082328796,-0.015015427954494953,0.6600190997123718,0.20446866750717163,-0.030543165281414986,0.6649900674819946,0.15648573637008667,-0.042657386511564255,0.6689918637275696,0.11325778067111969,-0.05282992869615555,0.6788886189460754,0.29000166058540344,-0.02605833113193512,0.606966495513916,0.2751438021659851,-0.04644107446074486,0.5637931823730469,0.28735560178756714,-0.05675184354186058,0.5377366542816162,0.2965671420097351,-0.06437232345342636,0.679367184638977,0.31776148080825806,-0.0368807390332222,0.6035845875740051,0.30385351181030273,-0.05705811828374863,0.5637587308883667,0.31187427043914795,-0.06162530183792114,0.5366165041923523,0.32043778896331787,-0.06381726264953613,0.6697289347648621,0.3482694625854492,-0.047482121735811234,0.6119016408920288,0.3330477476119995,-0.06463514268398285,0.5806655287742615,0.33334454894065857,-0.0688096284866333,0.5555334687232971,0.33804547786712646,-0.06950752437114716,d
0.6666439771652222,0.46346354484558105,-2.0003849954264297e-07,0.6172917485237122,0.402888685464859,0.0026344191282987595,0.5970351696014404,0.3540462553501129,-0.004350325558334589,0.5801517367362976,0.3196452260017395,-0.01527433656156063,0.5633991956710815,0.2885376811027527,-0.028106968849897385,0.6621907949447632,0.2750028967857361,-0.014731403440237045,0.6593506336212158,0.2039543241262436,-0.029758231714367867,0.6639501452445984,0.1561136394739151,-0.04158027842640877,0.6675595641136169,0.11253602802753448,-0.05165252462029457,0.678832471370697,0.2907686233520508,-0.026179419830441475,0.6061604619026184,0.274991512298584,-0.04651402309536934,0.5627143383026123,0.28792062401771545,-0.05685833841562271,0.5364559888839722,0.298004150390625,-0.06448237597942352,0.6790443062782288,0.3186163902282715,-0.037293680012226105,0.6029345989227295,0.3029692769050598,-0.05722050741314888,0.5627914071083069,0.31122273206710815,-0.0616229809820652,0.5355359315872192,0.3201671838760376,-0.06372278928756714,0.6691045761108398,0.34891003370285034,-0.048104483634233475,0.611595094203949,0.3321581482887268,-0.06504683196544647,0.5801441669464111,0.33202797174453735,-0.06907197833061218,0.5548259019851685,0.33641377091407776,-0.06967183202505112,d
0.6657500863075256,0.46397578716278076,-2.1653886506101117e-07,0.6168440580368042,0.40197038650512695,0.0038628196343779564,0.5981591939926147,0.35233357548713684,-0.0020344480872154236,0.5839802026748657,0.3153725564479828,-0.01203737873584032,0.5693590044975281,0.2824457585811615,-0.023750998079776764,0.6621483564376831,0.2742462456226349,-0.012748567387461662,0.6595664024353027,0.2032005488872528,-0.026858322322368622,0.6636120676994324,0.15497052669525146,-0.03783245384693146,0.6664155125617981,0.11193384230136871,-0.04733063280582428,0.6784457564353943,0.28988131880760193,-0.024510428309440613,0.605564534664154,0.27414295077323914,-0.04408054053783417,0.5622541308403015,0.2865591049194336,-0.053962189704179764,0.5358266234397888,0.2967141270637512,-0.061379075050354004,0.6782903671264648,0.3174009621143341,-0.035926155745983124,0.6020625829696655,0.3016895353794098,-0.0552215576171875,0.5626019239425659,0.3101268410682678,-0.059726782143116,0.5356888771057129,0.31929391622543335,-0.06212742626667023,0.6680539846420288,0.34750351309776306,-0.04697677493095398,0.6096328496932983,0.3317052125930786,-0.06341602653265,0.577963650226593,0.3315334916114807,-0.06775001436471939,0.5523717999458313,0.33564522862434387,-0.0687919482588768,d
0.6660531759262085,0.4637475609779358,-1.9599347922394372e-07,0.617116391658783,0.4036687910556793,0.002871649106964469,0.5962454080581665,0.35559430718421936,-0.004290548153221607,0.578308641910553,0.3211054503917694,-0.015410426072776318,0.560405969619751,0.2904893457889557,-0.02833716757595539,0.6597940921783447,0.273851603269577,-0.014669251628220081,0.6577907204627991,0.20217934250831604,-0.029405446723103523,0.6624630689620972,0.1538497358560562,-0.040825169533491135,0.666145384311676,0.11040930449962616,-0.050580017268657684,0.6765114068984985,0.2898311913013458,-0.02613174356520176,0.6041179895401001,0.27468404173851013,-0.045935917645692825,0.5608800053596497,0.28731489181518555,-0.05574439465999603,0.5350830554962158,0.2974284887313843,-0.06311992555856705,0.6769276261329651,0.3181367814540863,-0.03724069520831108,0.6011435985565186,0.3029628396034241,-0.05660450831055641,0.5616762638092041,0.3110116720199585,-0.06058238074183464,0.5350354909896851,0.31995752453804016,-0.06255979835987091,0.6673653721809387,0.34895050525665283,-0.048041678965091705,0.6096857190132141,0.3328610360622406,-0.06430601328611374,0.5778793692588806,0.33176010847091675,-0.06795783340930939,0.5522645711898804,0.3352032005786896,-0.06839434802532196,d
0.6664924025535583,0.4652819037437439,-2.0148969781530468e-07,0.6173219680786133,0.40397271513938904,0.004465739242732525,0.5961495637893677,0.3532766103744507,-0.001980898668989539,0.5793395042419434,0.3174039125442505,-0.012724392116069794,0.5627095103263855,0.28483521938323975,-0.025348123162984848,0.6610674858093262,0.27364853024482727,-0.01369671244174242,0.6576801538467407,0.2020036280155182,-0.028315695002675056,0.6625046730041504,0.1542578935623169,-0.039576541632413864,0.6660831570625305,0.1110209971666336,-0.049206867814064026,0.6773660778999329,0.29046550393104553,-0.025889193639159203,0.6030234694480896,0.27400872111320496,-0.04609491303563118,0.5599080324172974,0.2868994474411011,-0.056011300534009933,0.5340709686279297,0.2975316643714905,-0.06336715817451477,0.6769568920135498,0.3191540837287903,-0.03757016360759735,0.6002655029296875,0.3023685812950134,-0.05743756890296936,0.560595691204071,0.3113604485988617,-0.06149979680776596,0.5341729521751404,0.3212412893772125,-0.06333063542842865,0.6666727662086487,0.34994280338287354,-0.048729412257671356,0.6095095872879028,0.33223873376846313,-0.0656939223408699,0.5776302814483643,0.3318893015384674,-0.06967970728874207,0.5522501468658447,0.3361758589744568,-0.07019902020692825,d
0.6655688881874084,0.46507295966148376,-2.0213815332681406e-07,0.6155737042427063,0.4027996063232422,0.004391700029373169,0.5943709015846252,0.3520091474056244,-0.00183055829256773,0.5781635642051697,0.31567248702049255,-0.01239214837551117,0.5620244145393372,0.2831691801548004,-0.024744171649217606,0.6581321358680725,0.2726499140262604,-0.013036827556788921,0.6564618945121765,0.20151287317276,-0.027573522180318832,0.6614875793457031,0.15361016988754272,-0.03873523697257042,0.66493159532547,0.11102917790412903,-0.048292167484760284,0.6750767827033997,0.2893136143684387,-0.025253377854824066,0.6022162437438965,0.2736624479293823,-0.045307233929634094,0.5595656633377075,0.2867099940776825,-0.05514051020145416,0.5339525938034058,0.2977159917354584,-0.062441810965538025,0.6755354404449463,0.3182409405708313,-0.03705554082989693,0.5997428297996521,0.30228284001350403,-0.05690307170152664,0.5609109997749329,0.31127050518989563,-0.06102971360087395,0.5348853468894958,0.32144495844841003,-0.06293787807226181,0.6661173105239868,0.34944814443588257,-0.0483914315700531,0.6089707016944885,0.33215218782424927,-0.06557441502809525,0.5770102739334106,0.3313051462173462,-0.06975776702165604,0.5514681935310364,0.3355638086795807,-0.07041415572166443,d
0.6637042164802551,0.4644412398338318,-1.9247144678047334e-07,0.6148446202278137,0.40237507224082947,0.0038802698254585266,0.5945559144020081,0.35269099473953247,-0.0026803927030414343,0.5792112946510315,0.31661492586135864,-0.013405808247625828,0.5633863210678101,0.28369995951652527,-0.02589026652276516,0.6576589941978455,0.27303948998451233,-0.013785485178232193,0.6558005809783936,0.20134496688842773,-0.02874688059091568,0.6608442664146423,0.15335705876350403,-0.040296509861946106,0.6640492677688599,0.11014458537101746,-0.05011720582842827,0.6746395826339722,0.2893165051937103,-0.025532852858304977,0.6010198593139648,0.2728264331817627,-0.04585621878504753,0.5588206648826599,0.2863193154335022,-0.05575445666909218,0.5330687165260315,0.2980935573577881,-0.06308527290821075,0.6747358441352844,0.31750693917274475,-0.036883991211652756,0.5983185768127441,0.3013654053211212,-0.05678688734769821,0.5600643754005432,0.3108089864253998,-0.060801442712545395,0.5343435406684875,0.32164859771728516,-0.06261076778173447,0.6647871732711792,0.3478081524372101,-0.047784049063920975,0.607598066329956,0.3307657539844513,-0.06514997035264969,0.5755887031555176,0.3305545747280121,-0.06947141140699387,0.5497556924819946,0.33487164974212646,-0.07020357251167297,d
0.6633383631706238,0.4643004536628723,-1.9370041570709873e-07,0.6139383316040039,0.40274032950401306,0.003305417252704501,0.5934831500053406,0.35309913754463196,-0.0034218276850879192,0.5771175026893616,0.31737571954727173,-0.014172534458339214,0.5606808662414551,0.2852705419063568,-0.026610055938363075,0.6562589406967163,0.27302229404449463,-0.014222945086658001,0.6541224718093872,0.20112963020801544,-0.02929692529141903,0.659092128276825,0.1530541330575943,-0.04083911329507828,0.6626712083816528,0.10993966460227966,-0.050580792129039764,0.6731674671173096,0.28892889618873596,-0.02576434053480625,0.6002213954925537,0.2735549509525299,-0.04598904773592949,0.557459831237793,0.28614968061447144,-0.055887091904878616,0.5316696763038635,0.2968991994857788,-0.06329263001680374,0.6737000942230225,0.31715431809425354,-0.03696765750646591,0.5974225997924805,0.30175891518592834,-0.0565987192094326,0.5582662224769592,0.31017008423805237,-0.06051744520664215,0.5319063663482666,0.3198178708553314,-0.06242803856730461,0.6642657518386841,0.3477732539176941,-0.04785073176026344,0.6065324544906616,0.3317810297012329,-0.06446176767349243,0.5745679140090942,0.3317340910434723,-0.06832284480333328,0.5490010976791382,0.3362654149532318,-0.06889037042856216,d
0.6629664897918701,0.4644395709037781,-1.99536074774187e-07,0.6138492822647095,0.40256887674331665,0.00406566821038723,0.5933955907821655,0.3524693250656128,-0.0025392835959792137,0.5773170590400696,0.3162876069545746,-0.013254889287054539,0.5610288381576538,0.28329703211784363,-0.025738216936588287,0.6575354337692261,0.272952675819397,-0.014314505271613598,0.6544831395149231,0.20105214416980743,-0.02944745123386383,0.659335732460022,0.153089240193367,-0.0412704236805439,0.6625280976295471,0.10964615643024445,-0.051364716142416,0.6744184494018555,0.2889644503593445,-0.026099639013409615,0.6000789999961853,0.27306580543518066,-0.046427857130765915,0.5573607087135315,0.2860613167285919,-0.056330543011426926,0.5312557816505432,0.29695913195610046,-0.06386738270521164,0.6742249727249146,0.31697311997413635,-0.03742355480790138,0.5969966650009155,0.30120715498924255,-0.05682443082332611,0.5583230257034302,0.31014105677604675,-0.06045358255505562,0.5324946641921997,0.3202416002750397,-0.06233009696006775,0.6638333797454834,0.3471483588218689,-0.04836975038051605,0.6055253744125366,0.33112114667892456,-0.0652383416891098,0.573703408241272,0.33141830563545227,-0.06936714053153992,0.5485321879386902,0.33589452505111694,-0.07018695026636124,d
0.662763237953186,0.46384039521217346,-1.9766855530178873e-07,0.6129770278930664,0.4023916721343994,0.004051632713526487,0.5926755666732788,0.3528476655483246,-0.002678423188626766,0.576410174369812,0.3171021044254303,-0.013695597648620605,0.5600080490112305,0.28477782011032104,-0.02653600461781025,0.6559895873069763,0.2722547650337219,-0.013520374894142151,0.6542022824287415,0.20076307654380798,-0.028116222470998764,0.6593670845031738,0.15305235981941223,-0.03931241109967232,0.663158118724823,0.1100521832704544,-0.04892594367265701,0.6733644604682922,0.28836512565612793,-0.025542963296175003,0.5995579957962036,0.27400264143943787,-0.04583023861050606,0.5563764572143555,0.28629958629608154,-0.05605918541550636,0.5301521420478821,0.2963320314884186,-0.06371033191680908,0.6740859746932983,0.31699883937835693,-0.03708715736865997,0.5969792008399963,0.30190443992614746,-0.05684081092476845,0.5575940608978271,0.3102911114692688,-0.060945842415094376,0.5308886766433716,0.31963855028152466,-0.06297627836465836,0.6646010875701904,0.3476177752017975,-0.04819878190755844,0.606344997882843,0.3312489688396454,-0.06494197994470596,0.574414074420929,0.3310975134372711,-0.06884352117776871,0.5488183498382568,0.3351615071296692,-0.0694156289100647,d
0.662624716758728,0.4641380310058594,-1.9837113995890832e-07,0.6125150322914124,0.4030323028564453,0.0035677561536431313,0.5921157598495483,0.35274651646614075,-0.003123704344034195,0.5763422250747681,0.31675252318382263,-0.013946425169706345,0.560542643070221,0.28438904881477356,-0.02658897079527378,0.6564247608184814,0.27196475863456726,-0.013897412456572056,0.6540555357933044,0.20155742764472961,-0.028592051938176155,0.6593133807182312,0.15441827476024628,-0.040024131536483765,0.6631604433059692,0.11170417070388794,-0.049806859344244,0.6735032796859741,0.2884765863418579,-0.025641338899731636,0.5997438430786133,0.2744579017162323,-0.04607123136520386,0.5563874840736389,0.286380797624588,-0.056636106222867966,0.5299139618873596,0.29646849632263184,-0.06452356278896332,0.6739101409912109,0.3174559772014618,-0.036914873868227005,0.5974966287612915,0.3021279573440552,-0.05702447146177292,0.5577282309532166,0.3100138306617737,-0.061497513204813004,0.5308344960212708,0.31909412145614624,-0.06364894658327103,0.6640805602073669,0.34851008653640747,-0.04774026572704315,0.6067834496498108,0.3315826654434204,-0.06489833444356918,0.5748099088668823,0.3312205672264099,-0.06902167946100235,0.549304187297821,0.3353307247161865,-0.06964504718780518,d
0.6623687744140625,0.4647795557975769,-1.9657858274513273e-07,0.6123524308204651,0.40328162908554077,0.0040199062786996365,0.591663658618927,0.3541029095649719,-0.0029228245839476585,0.5743499994277954,0.3191736340522766,-0.014187614433467388,0.5569804310798645,0.2877606153488159,-0.027375802397727966,0.6568606495857239,0.27285337448120117,-0.013610751368105412,0.6542978882789612,0.2019645869731903,-0.028374813497066498,0.6593600511550903,0.15453317761421204,-0.03986891731619835,0.6629796028137207,0.11168226599693298,-0.04966177046298981,0.6735295057296753,0.2892330586910248,-0.025654934346675873,0.5996394157409668,0.2746785283088684,-0.04582350701093674,0.5566054582595825,0.2871510982513428,-0.056102585047483444,0.5304762125015259,0.2968365550041199,-0.06382337212562561,0.6735959053039551,0.31784602999687195,-0.03723333775997162,0.5967365503311157,0.3029123842716217,-0.05693359673023224,0.5572932958602905,0.3111192584037781,-0.06115151196718216,0.5304569602012634,0.3200129270553589,-0.06322969496250153,0.6634442210197449,0.34853193163871765,-0.04837564751505852,0.6057441234588623,0.3321450650691986,-0.06505055725574493,0.5740469694137573,0.3319051265716553,-0.06893301755189896,0.5486149191856384,0.3358500599861145,-0.06948714703321457,d
0.6626232266426086,0.4644286632537842,-1.9640511084162426e-07,0.612596333026886,0.4041464924812317,0.0036994912661612034,0.5914407968521118,0.3555564284324646,-0.0034770993515849113,0.5735819935798645,0.32102206349372864,-0.014814609661698341,0.5557096600532532,0.289702445268631,-0.028108185157179832,0.6573463678359985,0.2735566198825836,-0.014777462929487228,0.6547195315361023,0.20161695778369904,-0.02959221415221691,0.659503161907196,0.15368503332138062,-0.04115539789199829,0.6628920435905457,0.11034579575061798,-0.0511355921626091,0.6739492416381836,0.28993892669677734,-0.026558341458439827,0.599306046962738,0.2750496566295624,-0.04659459367394447,0.5559841394424438,0.28772789239883423,-0.05664803832769394,0.5300001502037048,0.29696032404899597,-0.06442220509052277,0.6736390590667725,0.3185582458972931,-0.03785749152302742,0.5960372686386108,0.30343350768089294,-0.057447243481874466,0.5560777187347412,0.31149619817733765,-0.06157149747014046,0.5290745496749878,0.31997165083885193,-0.06379560381174088,0.662969172000885,0.34917548298835754,-0.04873291403055191,0.6046009659767151,0.3328624665737152,-0.0655597522854805,0.5728821754455566,0.3327023386955261,-0.06965509057044983,0.547663688659668,0.33639124035835266,-0.07046671211719513,d
0.6635335683822632,0.46461814641952515,-2.0059948724338028e-07,0.6130616068840027,0.40494388341903687,0.003722477238625288,0.5912636518478394,0.3569817543029785,-0.0036355284973978996,0.5725196003913879,0.3230878412723541,-0.015243424102663994,0.5541853308677673,0.2923385798931122,-0.028838854283094406,0.6574845910072327,0.27381157875061035,-0.014516321010887623,0.6543118953704834,0.20180317759513855,-0.029433775693178177,0.6591144800186157,0.15405671298503876,-0.04119525104761124,0.6626611948013306,0.11075298488140106,-0.05119071900844574,0.6738202571868896,0.28992488980293274,-0.026331529021263123,0.599205732345581,0.276299387216568,-0.04674603417515755,0.5558371543884277,0.28889572620391846,-0.05720129981637001,0.5297664999961853,0.2980605959892273,-0.06507313251495361,0.6733646392822266,0.31848329305648804,-0.037613339722156525,0.595933198928833,0.304291307926178,-0.05734001472592354,0.5561665892601013,0.3128090798854828,-0.061404213309288025,0.5293412208557129,0.3214837312698364,-0.06340484321117401,0.6625738739967346,0.34915462136268616,-0.0484740175306797,0.603942334651947,0.3334876298904419,-0.06491518020629883,0.5723424553871155,0.33378010988235474,-0.06847622245550156,0.5473516583442688,0.33767566084861755,-0.06881292909383774,d
0.6622956991195679,0.464567095041275,-1.9313648635943537e-07,0.6134925484657288,0.4045150876045227,0.003271324560046196,0.5922737121582031,0.35511553287506104,-0.003779436694458127,0.5749619007110596,0.3197619318962097,-0.014874969609081745,0.5573660135269165,0.2882666289806366,-0.027827542275190353,0.6576377749443054,0.2734260857105255,-0.014803245663642883,0.6547532081604004,0.20158177614212036,-0.02950601652264595,0.6593170166015625,0.15373557806015015,-0.040776949375867844,0.662606954574585,0.11068910360336304,-0.050413623452186584,0.6739581823348999,0.29005223512649536,-0.02615629881620407,0.5992865562438965,0.27605047821998596,-0.04640759155154228,0.5557774305343628,0.288353830575943,-0.05639510229229927,0.5296533703804016,0.29762598872184753,-0.06391879171133041,0.6733396053314209,0.31905850768089294,-0.037022825330495834,0.5957592129707336,0.30503323674201965,-0.05659033730626106,0.5560060739517212,0.31278082728385925,-0.060582440346479416,0.529447615146637,0.32080599665641785,-0.06258440762758255,0.6623029112815857,0.3501542806625366,-0.047490764409303665,0.6040246486663818,0.3347751498222351,-0.06391479074954987,0.5723684430122375,0.33478403091430664,-0.06772428750991821,0.5476096272468567,0.3381410539150238,-0.0682811439037323,d
0.6629750728607178,0.4646007716655731,-2.0212270612773864e-07,0.6122056841850281,0.40507033467292786,0.003526984015479684,0.5913045406341553,0.3577136695384979,-0.0038664662279188633,0.573971688747406,0.3237408399581909,-0.015582982450723648,0.5563279390335083,0.29357990622520447,-0.02937169000506401,0.6564919352531433,0.2735300362110138,-0.014236923307180405,0.6536681652069092,0.20330703258514404,-0.029457135125994682,0.6588361859321594,0.15594781935214996,-0.04151803255081177,0.6629266142845154,0.11294659972190857,-0.05167749524116516,0.6732155680656433,0.2894512712955475,-0.026045426726341248,0.5985627174377441,0.2764885127544403,-0.04643850028514862,0.5551242828369141,0.28871551156044006,-0.057084642350673676,0.5290798544883728,0.2980659008026123,-0.06511873751878738,0.673184871673584,0.3182670474052429,-0.03738173842430115,0.5958842635154724,0.3047671616077423,-0.05727938562631607,0.5556691288948059,0.3130105137825012,-0.06162392348051071,0.5283640623092651,0.32175546884536743,-0.06379768997430801,0.6628679633140564,0.34946489334106445,-0.04832243174314499,0.6041538119316101,0.3348740041255951,-0.0651426836848259,0.572151780128479,0.3353344202041626,-0.06896020472049713,0.5466920137405396,0.3395361602306366,-0.0694134309887886,d
0.662578821182251,0.46524572372436523,-1.9076182411481568e-07,0.6121792197227478,0.4054489731788635,0.004006969276815653,0.591513991355896,0.35778412222862244,-0.0033563158940523863,0.57442706823349,0.32317060232162476,-0.015008972026407719,0.5571353435516357,0.29164668917655945,-0.028620585799217224,0.6570194363594055,0.27434855699539185,-0.014371947385370731,0.653451144695282,0.20269817113876343,-0.0296181570738554,0.6584839820861816,0.15453660488128662,-0.04159947857260704,0.6620641946792603,0.11115828156471252,-0.05161898583173752,0.6733313798904419,0.2906588315963745,-0.026410015299916267,0.5986637473106384,0.27637097239494324,-0.047009438276290894,0.5550559759140015,0.28821247816085815,-0.05743919685482979,0.5282663106918335,0.29747241735458374,-0.06520847231149673,0.6728157997131348,0.3191181421279907,-0.037920571863651276,0.5952845811843872,0.30549365282058716,-0.0576607808470726,0.5556893944740295,0.3138970136642456,-0.061640664935112,0.5288670063018799,0.3225911855697632,-0.06355731934309006,0.6620301008224487,0.3496057689189911,-0.04899674654006958,0.603192925453186,0.33452290296554565,-0.06546178460121155,0.5715685486793518,0.33481815457344055,-0.0689782202243805,0.5464830994606018,0.3384486436843872,-0.06924618780612946,d
0.6621494293212891,0.4658411741256714,-1.9717116117590194e-07,0.6118215918540955,0.4050620496273041,0.004140741657465696,0.5907547473907471,0.3565676212310791,-0.0030051018111407757,0.5740033984184265,0.3212868571281433,-0.014524474740028381,0.5569672584533691,0.28936734795570374,-0.0279947891831398,0.6554682850837708,0.2737972140312195,-0.013913535512983799,0.6529012322425842,0.20355932414531708,-0.028957881033420563,0.6580808758735657,0.15592949092388153,-0.0408267006278038,0.6616936922073364,0.11295154690742493,-0.05091044679284096,0.6726179718971252,0.2899743914604187,-0.026031600311398506,0.5984391570091248,0.27613043785095215,-0.04626409336924553,0.5551016926765442,0.2882772982120514,-0.0564781129360199,0.5285682678222656,0.2978818416595459,-0.0642210841178894,0.6730037927627563,0.3188506066799164,-0.03764495626091957,0.5955179333686829,0.3051721751689911,-0.057240016758441925,0.5561520457267761,0.3136141300201416,-0.06107689067721367,0.5294987559318542,0.32293248176574707,-0.06300170719623566,0.6630005836486816,0.3500080704689026,-0.04883205518126488,0.6041703820228577,0.33479756116867065,-0.06572779268026352,0.5718715190887451,0.3348214030265808,-0.06953616440296173,0.5462861061096191,0.3386145532131195,-0.06999444216489792,d
0.6615238785743713,0.46424102783203125,-2.0052307547757664e-07,0.6111988425254822,0.40330401062965393,0.004076247103512287,0.5904880166053772,0.3548489212989807,-0.0026582363061606884,0.5742055177688599,0.31938087940216064,-0.013562500476837158,0.5577989220619202,0.2872200012207031,-0.026415830478072166,0.6548975110054016,0.27354732155799866,-0.014390919357538223,0.6525235176086426,0.2027202546596527,-0.029328344389796257,0.6575086712837219,0.15460100769996643,-0.041163355112075806,0.6607717871665955,0.11105871200561523,-0.05132022872567177,0.672162652015686,0.28992748260498047,-0.02633960172533989,0.5985589623451233,0.2760372459888458,-0.04645704850554466,0.5553745627403259,0.2885434627532959,-0.056685395538806915,0.5287772417068481,0.29836899042129517,-0.06455905735492706,0.6726089119911194,0.3187645375728607,-0.037771325558423996,0.5956393480300903,0.3051397204399109,-0.057466525584459305,0.556343674659729,0.3135754466056824,-0.06165778264403343,0.5295720100402832,0.32252976298332214,-0.06390637904405594,0.6628350019454956,0.34968626499176025,-0.04874345287680626,0.6039963364601135,0.33432912826538086,-0.06588168442249298,0.5717960596084595,0.33412185311317444,-0.07004331052303314,0.5460651516914368,0.3377663493156433,-0.07082733511924744,d
0.6623182892799377,0.4653397798538208,-1.9999191636088653e-07,0.6126548051834106,0.40494203567504883,0.004147469066083431,0.5914998054504395,0.35566502809524536,-0.0026800096966326237,0.5742596983909607,0.32036063075065613,-0.013791254721581936,0.557000994682312,0.2887714207172394,-0.02682429552078247,0.6563541889190674,0.2736906409263611,-0.013965432532131672,0.6528836488723755,0.20268338918685913,-0.028792256489396095,0.6577151417732239,0.1550012230873108,-0.04046252369880676,0.6612976789474487,0.11185869574546814,-0.050385624170303345,0.6729341149330139,0.2899132966995239,-0.0260172076523304,0.598637580871582,0.2765278220176697,-0.046054936945438385,0.5553761720657349,0.2884308099746704,-0.05628905072808266,0.529129147529602,0.2976599633693695,-0.06409332156181335,0.6728417873382568,0.3189273476600647,-0.037539590150117874,0.5959561467170715,0.3053032159805298,-0.057016074657440186,0.5564420223236084,0.3137146830558777,-0.06107385829091072,0.529640257358551,0.3227044343948364,-0.06320037692785263,0.6625577211380005,0.3503860831260681,-0.04863223433494568,0.6050258874893188,0.3351496458053589,-0.06513350456953049,0.5728572010993958,0.334941029548645,-0.06886330246925354,0.5470340251922607,0.33868128061294556,-0.0693889781832695,d
0.6625744104385376,0.4650692343711853,-1.9255723771038902e-07,0.6116205453872681,0.4044680595397949,0.0032947708386927843,0.5900246500968933,0.3559328615665436,-0.004139743745326996,0.5725600719451904,0.3211435079574585,-0.015742067247629166,0.5550801157951355,0.2898639142513275,-0.029299817979335785,0.6556944847106934,0.2737824618816376,-0.015164563432335854,0.6527411341667175,0.20282834768295288,-0.030647819861769676,0.6577853560447693,0.15497350692749023,-0.042949263006448746,0.6614277362823486,0.11146344244480133,-0.05338013917207718,0.6726276278495789,0.2902400493621826,-0.026951340958476067,0.5982115268707275,0.27661389112472534,-0.04745803028345108,0.5550314784049988,0.28901201486587524,-0.05787038803100586,0.5288417339324951,0.29851874709129333,-0.06584003567695618,0.6727328300476074,0.3192093074321747,-0.03829856961965561,0.5952976942062378,0.3054955005645752,-0.05809037759900093,0.555855393409729,0.31403863430023193,-0.06203819811344147,0.5292043685913086,0.3234076499938965,-0.06410692632198334,0.6626681685447693,0.3504249155521393,-0.049322646111249924,0.6043301224708557,0.3349210321903229,-0.06637657433748245,0.5721538066864014,0.33487653732299805,-0.07030471414327621,0.5465143918991089,0.3388327956199646,-0.07092905789613724,d
0.6625250577926636,0.46510931849479675,-1.9370934012385987e-07,0.6119053959846497,0.40505650639533997,0.0037168816197663546,0.5900306701660156,0.3566420078277588,-0.0036031464114785194,0.5715547800064087,0.32206130027770996,-0.015186774544417858,0.5530557632446289,0.2909243106842041,-0.02873595803976059,0.6560284495353699,0.274036705493927,-0.01452645007520914,0.6525561213493347,0.20273452997207642,-0.029428908601403236,0.6574077010154724,0.15515263378620148,-0.04119833558797836,0.6608191132545471,0.11194154620170593,-0.05128581076860428,0.6727621555328369,0.290659636259079,-0.026394840329885483,0.5980640649795532,0.2770557105541229,-0.04669155552983284,0.5549212098121643,0.28944897651672363,-0.05703892931342125,0.5286265015602112,0.2987797260284424,-0.06494750082492828,0.672709047794342,0.31960776448249817,-0.037746865302324295,0.5952638387680054,0.3058823049068451,-0.05741036683320999,0.5558803081512451,0.314203679561615,-0.06137843057513237,0.5291725993156433,0.3230973482131958,-0.06342757493257523,0.662301778793335,0.3505695164203644,-0.04869632050395012,0.6040464639663696,0.33476874232292175,-0.06547979265451431,0.5719749927520752,0.3345244526863098,-0.06929142773151398,0.5464329123497009,0.3380008339881897,-0.06984353065490723,d
0.6627943515777588,0.4650454521179199,-1.9157613451170619e-07,0.6120851039886475,0.40492409467697144,0.0036942854057997465,0.5897209644317627,0.35651302337646484,-0.003892467822879553,0.5703170299530029,0.32297953963279724,-0.01580062508583069,0.5511329770088196,0.29246577620506287,-0.029753532260656357,0.6565098762512207,0.2738623023033142,-0.014704098924994469,0.6529493927955627,0.20265445113182068,-0.029721830040216446,0.6577139496803284,0.1553376466035843,-0.04151153936982155,0.6611259579658508,0.11243392527103424,-0.05157193914055824,0.6729989051818848,0.2908921539783478,-0.02675633132457733,0.5984688997268677,0.2764880955219269,-0.04724320396780968,0.5548076629638672,0.2890017330646515,-0.0575752779841423,0.5282775163650513,0.2985197603702545,-0.06538212299346924,0.6727760434150696,0.3202970027923584,-0.03831028565764427,0.5951907634735107,0.3057778775691986,-0.058128248900175095,0.5554264783859253,0.3139071464538574,-0.062071919441223145,0.5287057161331177,0.3225630819797516,-0.06401221454143524,0.6623287796974182,0.3517150282859802,-0.049447737634181976,0.6040066480636597,0.3351622223854065,-0.06623011827468872,0.5724257230758667,0.3351120054721832,-0.06987352669239044,0.5476662516593933,0.33897528052330017,-0.07025983184576035,d
0.6629063487052917,0.4642814099788666,-1.9086725444594776e-07,0.6127915978431702,0.4044964015483856,0.0033595662098377943,0.5901601314544678,0.356346994638443,-0.004400394391268492,0.5699203014373779,0.32337701320648193,-0.0163075253367424,0.5498413443565369,0.29326048493385315,-0.030277194455266,0.657195508480072,0.27363473176956177,-0.015578486025333405,0.6532540917396545,0.2020256370306015,-0.03066924214363098,0.6576734185218811,0.15467305481433868,-0.042608581483364105,0.6608647108078003,0.1113775372505188,-0.05286618322134018,0.6734052896499634,0.29039615392684937,-0.02733849175274372,0.5987256765365601,0.276332288980484,-0.04770135506987572,0.5551903247833252,0.28931647539138794,-0.058005984872579575,0.5290552377700806,0.29897937178611755,-0.06599441915750504,0.6727063059806824,0.3198595941066742,-0.0385725162923336,0.595353901386261,0.3056933283805847,-0.05829127877950668,0.5557431578636169,0.31434446573257446,-0.062176693230867386,0.5293194651603699,0.3234451115131378,-0.06421659886837006,0.6617873907089233,0.35146254301071167,-0.04940757900476456,0.6044120192527771,0.33504223823547363,-0.06617169827222824,0.573337197303772,0.3355705738067627,-0.06984040141105652,0.5489016175270081,0.3402193784713745,-0.07034297287464142,d
0.6635659337043762,0.46531587839126587,-1.9571396592255041e-07,0.6136021614074707,0.40586864948272705,0.0029856825713068247,0.590888261795044,0.35709142684936523,-0.004654273856431246,0.5711055397987366,0.32359522581100464,-0.016392070800065994,0.5515984296798706,0.29320836067199707,-0.030122853815555573,0.6576385498046875,0.2734454870223999,-0.015498277731239796,0.6533671617507935,0.202198326587677,-0.030856965109705925,0.6575497984886169,0.15477721393108368,-0.043046895414590836,0.6606467366218567,0.11148889362812042,-0.05342446267604828,0.673717737197876,0.29056721925735474,-0.026993785053491592,0.5988671779632568,0.2776978015899658,-0.047568824142217636,0.5555662512779236,0.2911036014556885,-0.05799079313874245,0.530066967010498,0.30080363154411316,-0.06597770750522614,0.6727527379989624,0.3206632137298584,-0.03801783546805382,0.595588743686676,0.30691611766815186,-0.058028917759656906,0.5554822683334351,0.3154368996620178,-0.06202458217740059,0.5288994908332825,0.3243979811668396,-0.06400564312934875,0.6614019870758057,0.35313114523887634,-0.04865298047661781,0.6043014526367188,0.336665540933609,-0.06554609537124634,0.5725073218345642,0.3366098403930664,-0.06919436901807785,0.5476586818695068,0.3406267464160919,-0.06958068162202835,d
0.662665069103241,0.4650990664958954,-1.8662255740764522e-07,0.6125109791755676,0.4053077697753906,0.002033154247328639,0.590078592300415,0.35660320520401,-0.005877478048205376,0.5714688897132874,0.3231973350048065,-0.017621563747525215,0.5525597929954529,0.2928999066352844,-0.03132888674736023,0.6560114622116089,0.27372637391090393,-0.017001565545797348,0.6528211236000061,0.20288735628128052,-0.032812997698783875,0.6574475765228271,0.15542922914028168,-0.045365139842033386,0.6607638001441956,0.11193135380744934,-0.056014519184827805,0.672887921333313,0.290989488363266,-0.028085555881261826,0.5982640385627747,0.27811548113822937,-0.04881588742136955,0.5552339553833008,0.29156574606895447,-0.059188514947891235,0.5298824906349182,0.3011741042137146,-0.0671943873167038,0.6725583672523499,0.3211437463760376,-0.03876759484410286,0.5951007604598999,0.30770713090896606,-0.05884793773293495,0.5550739765167236,0.3159134089946747,-0.06273411959409714,0.5286610722541809,0.32455670833587646,-0.06473197042942047,0.6619736552238464,0.3535856306552887,-0.04916420206427574,0.6046537160873413,0.3370838463306427,-0.06644344329833984,0.5727344751358032,0.3370710015296936,-0.07026633620262146,0.5477557182312012,0.3411678373813629,-0.07079441845417023,d
0.663314938545227,0.46632134914398193,-1.869159831358047e-07,0.61334627866745,0.406668484210968,0.0025591086596250534,0.5907604098320007,0.3579210638999939,-0.005338623654097319,0.5711944103240967,0.3249473571777344,-0.017265424132347107,0.5514782667160034,0.2951512336730957,-0.03118782304227352,0.6567517518997192,0.27484458684921265,-0.016230231150984764,0.653210461139679,0.20363974571228027,-0.031910527497529984,0.6576971411705017,0.1559152752161026,-0.04430234059691429,0.6609397530555725,0.11255985498428345,-0.054786209017038345,0.67314213514328,0.2919507324695587,-0.02763974666595459,0.5982706546783447,0.2788083255290985,-0.048397328704595566,0.555286705493927,0.2924240231513977,-0.058814629912376404,0.5300959944725037,0.30188536643981934,-0.06670540571212769,0.6726309657096863,0.3218947947025299,-0.03862064331769943,0.5952646732330322,0.30780404806137085,-0.058778222650289536,0.5551377534866333,0.31599557399749756,-0.06274879723787308,0.5286209583282471,0.3244718611240387,-0.0646502897143364,0.6618684530258179,0.354126513004303,-0.04926223307847977,0.6044740676879883,0.3372916877269745,-0.0664871335029602,0.5723786950111389,0.3370436429977417,-0.07028700411319733,0.5473020672798157,0.3410072922706604,-0.07069947570562363,d
0.6638563275337219,0.4668268859386444,-1.903205202324898e-07,0.6136272549629211,0.40769168734550476,0.003269140375778079,0.5906964540481567,0.359098345041275,-0.00440547801554203,0.5703240633010864,0.32601261138916016,-0.016179988160729408,0.5498283505439758,0.2964537441730499,-0.029982032254338264,0.6565227508544922,0.27514058351516724,-0.015625178813934326,0.652817964553833,0.2033005952835083,-0.03060464933514595,0.6572573184967041,0.15564937889575958,-0.04249095171689987,0.6604459285736084,0.11228550970554352,-0.052684955298900604,0.6729059815406799,0.29178711771965027,-0.02727452851831913,0.5982109308242798,0.27914318442344666,-0.047571852803230286,0.5551096796989441,0.29236900806427,-0.05791717767715454,0.5294017791748047,0.3018873333930969,-0.06588289141654968,0.6724363565444946,0.32153579592704773,-0.03835645690560341,0.5953196287155151,0.30814316868782043,-0.05802174285054207,0.5557700395584106,0.3166273534297943,-0.06189601868391037,0.5293499231338501,0.32517707347869873,-0.06389155983924866,0.661601185798645,0.3535851836204529,-0.049025461077690125,0.6044819951057434,0.3371032178401947,-0.06560777127742767,0.573054850101471,0.3374975919723511,-0.06900200992822647,0.5482593774795532,0.34189724922180176,-0.06925981491804123,d
0.6638454794883728,0.4675450325012207,-1.9325965183725202e-07,0.6134950518608093,0.40756747126579285,0.004068582318723202,0.5909721851348877,0.35837411880493164,-0.0032191528007388115,0.5717421770095825,0.32478228211402893,-0.014806750230491161,0.5525462031364441,0.2944188714027405,-0.02850298024713993,0.6567345857620239,0.27527159452438354,-0.015010927803814411,0.6527427434921265,0.20404201745986938,-0.030135512351989746,0.6574846506118774,0.15677735209465027,-0.042170606553554535,0.660854160785675,0.11336566507816315,-0.05248650163412094,0.6731595396995544,0.29201188683509827,-0.027074595913290977,0.5979446172714233,0.2790464460849762,-0.04740701988339424,0.5545275807380676,0.2919156551361084,-0.05777798220515251,0.5283125042915344,0.30133697390556335,-0.06582120060920715,0.6726657152175903,0.32175660133361816,-0.038527872413396835,0.5948116779327393,0.3083350956439972,-0.058250680565834045,0.5548081398010254,0.3165946304798126,-0.062167346477508545,0.5279895067214966,0.3252319395542145,-0.06423373520374298,0.6618468761444092,0.3537394106388092,-0.04950978606939316,0.6040352582931519,0.3376919627189636,-0.06648945808410645,0.5723960995674133,0.33852046728134155,-0.07015570998191833,0.5476723909378052,0.3431072235107422,-0.07058466970920563,d
0.663119912147522,0.46732839941978455,-1.9051451261020702e-07,0.6129642128944397,0.40731823444366455,0.0041915117762982845,0.5903763771057129,0.3589633107185364,-0.003226690459996462,0.5707144737243652,0.32566869258880615,-0.015066377818584442,0.5512136220932007,0.295610249042511,-0.028945790603756905,0.6560326218605042,0.27576643228530884,-0.01439965981990099,0.6525281667709351,0.20392528176307678,-0.029216304421424866,0.657265305519104,0.1564408242702484,-0.0408264622092247,0.6604861617088318,0.1133371889591217,-0.050780296325683594,0.672635018825531,0.29264774918556213,-0.026466652750968933,0.5977937579154968,0.27933183312416077,-0.046909745782613754,0.5549538135528564,0.2924324870109558,-0.057198960334062576,0.5291612148284912,0.30211982131004333,-0.06499778479337692,0.6726177930831909,0.3220392167568207,-0.03793608024716377,0.5951787233352661,0.3080584704875946,-0.05779852345585823,0.5559557676315308,0.31673675775527954,-0.061701491475105286,0.529669463634491,0.3259280323982239,-0.06358394771814346,0.6621877551078796,0.35326120257377625,-0.04890524968504906,0.604678213596344,0.33653321862220764,-0.06583802402019501,0.5725792646408081,0.3364352285861969,-0.06951310485601425,0.5471864938735962,0.34019288420677185,-0.0698789730668068,d
0.6623419523239136,0.46657273173332214,-1.9195546485661907e-07,0.6127138733863831,0.4061269164085388,0.0037079486064612865,0.5907118320465088,0.3575354516506195,-0.0036958681885153055,0.5723156929016113,0.3237757384777069,-0.01534558180719614,0.5536656379699707,0.29308509826660156,-0.029036926105618477,0.6559663414955139,0.2756035029888153,-0.015317299403250217,0.6526101231575012,0.20375901460647583,-0.03054262511432171,0.6572474241256714,0.1561884582042694,-0.04249249026179314,0.6604242324829102,0.11278365552425385,-0.052696291357278824,0.6727380752563477,0.29247862100601196,-0.027081072330474854,0.597855806350708,0.27860599756240845,-0.04760652035474777,0.5548741817474365,0.2915664613246918,-0.05792500823736191,0.5290252566337585,0.300976425409317,-0.0658172145485878,0.6727592945098877,0.32170355319976807,-0.03826618567109108,0.5949864983558655,0.3078203797340393,-0.058010246604681015,0.5553981065750122,0.3159334063529968,-0.061872124671936035,0.5288482904434204,0.3245079815387726,-0.063860222697258,0.6622748374938965,0.35293933749198914,-0.04901578277349472,0.6041297912597656,0.3369060158729553,-0.06591922044754028,0.5720714330673218,0.33708202838897705,-0.06966409087181091,0.5468958616256714,0.34081777930259705,-0.07014704495668411,d
0.6627165079116821,0.46636688709259033,-1.9430686393206997e-07,0.6125916242599487,0.4068838357925415,0.0031404646579176188,0.5901500582695007,0.35902005434036255,-0.004708544351160526,0.5712469816207886,0.325717568397522,-0.01683764159679413,0.5523408651351929,0.2957349419593811,-0.03106164187192917,0.6552680730819702,0.27578359842300415,-0.015362893231213093,0.6521991491317749,0.20474258065223694,-0.030916016548871994,0.6570971608161926,0.15703155100345612,-0.04327106848359108,0.6606529951095581,0.11349470913410187,-0.05378137528896332,0.6722293496131897,0.29202917218208313,-0.02713467925786972,0.5976783633232117,0.2791963517665863,-0.047988008707761765,0.5547841191291809,0.2926047146320343,-0.058615393936634064,0.5292090177536011,0.30186253786087036,-0.06662765145301819,0.6724586486816406,0.3212663233280182,-0.03842008858919144,0.5950562357902527,0.30796900391578674,-0.05851273983716965,0.5550221800804138,0.31606853008270264,-0.06250444799661636,0.5280098915100098,0.3242128789424896,-0.06450129300355911,0.6623390913009644,0.352752149105072,-0.04933503270149231,0.6039537191390991,0.3371936082839966,-0.06659401953220367,0.5714460015296936,0.3369026184082031,-0.0704488605260849,0.5458343029022217,0.3399345874786377,-0.07092566043138504,d
0.6621317863464355,0.4648364186286926,-1.9258915529007936e-07,0.6122432947158813,0.4050597548484802,0.003370459657162428,0.5904024243354797,0.3571907579898834,-0.00413850462064147,0.5718287825584412,0.3240465223789215,-0.01580340601503849,0.5529919862747192,0.29372742772102356,-0.029582614079117775,0.6559888124465942,0.27537524700164795,-0.0157769825309515,0.6522874236106873,0.20393317937850952,-0.031177198514342308,0.6566116213798523,0.15639863908290863,-0.04331670701503754,0.6594926118850708,0.11283053457736969,-0.053694844245910645,0.672747790813446,0.29230886697769165,-0.027508048340678215,0.5982893705368042,0.27839016914367676,-0.04816635325551033,0.5553003549575806,0.29198741912841797,-0.05855516716837883,0.5294525027275085,0.3017809987068176,-0.06647738814353943,0.6726018190383911,0.3216225802898407,-0.03870932757854462,0.5952432751655579,0.3079072833061218,-0.058741502463817596,0.5551867485046387,0.31613609194755554,-0.06283826380968094,0.5282915830612183,0.3244466483592987,-0.06493920087814331,0.6619817614555359,0.35285598039627075,-0.049477413296699524,0.6039257645606995,0.3368874192237854,-0.06675834953784943,0.5719445943832397,0.3370468318462372,-0.07074572145938873,0.5468733906745911,0.3407556712627411,-0.07137174159288406,d
0.6621696949005127,0.4656507074832916,-1.9646167004339077e-07,0.611591637134552,0.4070180654525757,0.0028145653195679188,0.5900514125823975,0.3592478632926941,-0.004801440052688122,0.5720400810241699,0.3254767954349518,-0.01667642965912819,0.5537030696868896,0.2951872646808624,-0.03061583638191223,0.6550576090812683,0.2756643295288086,-0.015033685602247715,0.6513392925262451,0.2045275866985321,-0.030933300033211708,0.6559385061264038,0.15637671947479248,-0.043432336300611496,0.6594354510307312,0.11287637054920197,-0.05383369326591492,0.6719469428062439,0.291473388671875,-0.02662910707294941,0.5970917344093323,0.27853450179100037,-0.04795847833156586,0.5535587668418884,0.29217010736465454,-0.05880092456936836,0.5275086760520935,0.301656037569046,-0.06661613285541534,0.6722177863121033,0.32010418176651,-0.037843916565179825,0.5941520929336548,0.30768218636512756,-0.05842233821749687,0.5535894632339478,0.3167548179626465,-0.06276792287826538,0.5262296199798584,0.3255639374256134,-0.06465639919042587,0.6620205044746399,0.3514348864555359,-0.0487264022231102,0.6032504439353943,0.3372039496898651,-0.06600247323513031,0.5709742307662964,0.33767738938331604,-0.06996668130159378,0.5454442501068115,0.3416876196861267,-0.07036957144737244,d
0.6622034311294556,0.4667205810546875,-2.0196921468595974e-07,0.6119230389595032,0.40723466873168945,0.0036156843416392803,0.5899865031242371,0.3583243787288666,-0.0033845335710793734,0.5725111365318298,0.3234338164329529,-0.014675861224532127,0.5546391010284424,0.2925959527492523,-0.027967844158411026,0.6546836495399475,0.27553802728652954,-0.01444337423890829,0.6511510014533997,0.2052304595708847,-0.029756581410765648,0.6558808088302612,0.15749295055866241,-0.041896477341651917,0.6593119502067566,0.1142934262752533,-0.05224868655204773,0.671660840511322,0.29153650999069214,-0.026381103321909904,0.5967289805412292,0.2791796028614044,-0.04674779251217842,0.5536109805107117,0.2925964593887329,-0.05711739510297775,0.5277526378631592,0.30167123675346375,-0.06502394378185272,0.6719544529914856,0.3205772936344147,-0.037885088473558426,0.5937029719352722,0.30881014466285706,-0.05782559514045715,0.5538796186447144,0.3180958926677704,-0.06203921139240265,0.5270281434059143,0.3269903361797333,-0.06420859694480896,0.6620110869407654,0.3522183895111084,-0.04901847243309021,0.6028303503990173,0.3384174108505249,-0.0662783533334732,0.5705063343048096,0.3389812111854553,-0.07047445327043533,0.5450438857078552,0.342927485704422,-0.07124653458595276,d
0.6615321636199951,0.46784907579421997,-1.9575271892335877e-07,0.611411452293396,0.4079834818840027,0.0033121537417173386,0.588557243347168,0.3590351343154907,-0.004056357778608799,0.5696198344230652,0.3249376118183136,-0.015733812004327774,0.5508331656455994,0.2941085696220398,-0.02937796525657177,0.653660774230957,0.275905966758728,-0.014629808254539967,0.650753378868103,0.20580211281776428,-0.030022190883755684,0.6552846431732178,0.15806175768375397,-0.042260460555553436,0.6584279537200928,0.11511975526809692,-0.052685584872961044,0.6708683967590332,0.2923925220966339,-0.026539091020822525,0.5967838764190674,0.2804276645183563,-0.047146692872047424,0.5539225339889526,0.29396021366119385,-0.05764801427721977,0.5285009145736694,0.3033091127872467,-0.06557014584541321,0.6715121865272522,0.3220278024673462,-0.03803405910730362,0.5943840146064758,0.3096661865711212,-0.058308348059654236,0.555030345916748,0.31930673122406006,-0.062415026128292084,0.5288509130477905,0.32914498448371887,-0.0643310695886612,0.6618809700012207,0.35411500930786133,-0.04916286841034889,0.6040284037590027,0.3388954997062683,-0.06687767803668976,0.5719075202941895,0.3395000696182251,-0.07101421803236008,0.5466837882995605,0.3443468511104584,-0.07154515385627747,d
0.6627255082130432,0.47113901376724243,-2.0578875137289288e-07,0.6122812032699585,0.41044798493385315,0.0044713146053254604,0.5892153978347778,0.3606124222278595,-0.002390817506238818,0.5693184733390808,0.32638394832611084,-0.013679830357432365,0.5496070981025696,0.2963610887527466,-0.026934657245874405,0.6544495224952698,0.2781755328178406,-0.013659193180501461,0.6505401730537415,0.20723691582679749,-0.027940036728978157,0.6544215083122253,0.15984000265598297,-0.03918566554784775,0.656977117061615,0.11703997850418091,-0.04902800917625427,0.6704010367393494,0.2946228086948395,-0.02575736865401268,0.5957224369049072,0.28300902247428894,-0.04546618089079857,0.5531166195869446,0.2971747815608978,-0.05544763803482056,0.5281335115432739,0.30746060609817505,-0.06315553933382034,0.6700799465179443,0.3245265781879425,-0.03724706545472145,0.5928373336791992,0.31160280108451843,-0.05668880045413971,0.5535019636154175,0.32091188430786133,-0.06074177473783493,0.5274907946586609,0.33076155185699463,-0.06283016502857208,0.6597452759742737,0.3569749891757965,-0.04822651669383049,0.6024442911148071,0.3410278856754303,-0.06503909826278687,0.5703262686729431,0.34117013216018677,-0.06903333961963654,0.5452302098274231,0.34585949778556824,-0.06969162076711655,d
0.6610196232795715,0.47259122133255005,-1.9308951948460162e-07,0.6115178465843201,0.4121732711791992,0.0038897055201232433,0.5883616209030151,0.36294203996658325,-0.003508636262267828,0.5684115886688232,0.3288271725177765,-0.015453116968274117,0.548222541809082,0.29925695061683655,-0.02942671626806259,0.6522958278656006,0.28040313720703125,-0.014004404656589031,0.6489779949188232,0.20802900195121765,-0.028813118115067482,0.6527768969535828,0.1596524566411972,-0.04034204035997391,0.6552028656005859,0.11629579961299896,-0.05029871687293053,0.6691106557846069,0.2966857850551605,-0.02601105533540249,0.5949788689613342,0.28467583656311035,-0.04672030359506607,0.5525254011154175,0.299247145652771,-0.05709388479590416,0.5273278951644897,0.31027916073799133,-0.06477893888950348,0.6698266863822937,0.32620832324028015,-0.03744780272245407,0.592638373374939,0.3133293688297272,-0.0575481578707695,0.5534443259239197,0.3236702084541321,-0.06146976724267006,0.5274724364280701,0.33492952585220337,-0.0632161870598793,0.6604132652282715,0.3581101596355438,-0.04843787103891373,0.6023891568183899,0.3431537449359894,-0.065639428794384,0.5695565342903137,0.3440777063369751,-0.06958706676959991,0.5439013838768005,0.349122017621994,-0.07003461569547653,d
0.662295401096344,0.47747308015823364,-2.066177557935589e-07,0.6112087368965149,0.41781124472618103,0.0047228033654391766,0.588162899017334,0.36752191185951233,-0.0018661298090592027,0.5695878267288208,0.3328286409378052,-0.013115840032696724,0.5508855581283569,0.302530437707901,-0.026439888402819633,0.6513470411300659,0.28182297945022583,-0.012846590019762516,0.6470404863357544,0.21029844880104065,-0.028211330994963646,0.6509348154067993,0.16162137687206268,-0.04071147367358208,0.6536340713500977,0.11792528629302979,-0.05130453035235405,0.6678910255432129,0.29763251543045044,-0.025398477911949158,0.5932261943817139,0.2864713668823242,-0.046003557741642,0.5506042838096619,0.30068111419677734,-0.05675281956791878,0.525294303894043,0.3107371926307678,-0.06475088745355606,0.6683565378189087,0.3278951942920685,-0.03744282200932503,0.5911182165145874,0.31579840183258057,-0.05711165815591812,0.5522153377532959,0.3256964087486267,-0.06108836457133293,0.5261679887771606,0.3357657492160797,-0.06302087008953094,0.6585854291915894,0.36147087812423706,-0.04909222573041916,0.6006309986114502,0.3479546308517456,-0.0658174678683281,0.5681381225585938,0.3485250473022461,-0.06962908804416656,0.5426009893417358,0.3528769016265869,-0.07008440792560577,d
0.6596202254295349,0.47944021224975586,-2.020205869257552e-07,0.6083197593688965,0.4182436764240265,0.004354225005954504,0.5873647928237915,0.3674074411392212,-0.0017417056951671839,0.571049153804779,0.33129245042800903,-0.012200281023979187,0.5535708665847778,0.2995700240135193,-0.024460380896925926,0.6481712460517883,0.28483468294143677,-0.013084065169095993,0.644747793674469,0.2127479463815689,-0.028201451525092125,0.6487967371940613,0.16431163251399994,-0.03967320919036865,0.6515944600105286,0.12120112776756287,-0.04925607144832611,0.6653138995170593,0.3007771372795105,-0.025076966732740402,0.5914620161056519,0.2884382903575897,-0.045622050762176514,0.5487939119338989,0.30238258838653564,-0.05576552823185921,0.5232603549957275,0.3143536448478699,-0.063168466091156,0.6662209630012512,0.3303033113479614,-0.03662656620144844,0.5891134142875671,0.31832602620124817,-0.0566670261323452,0.5499534606933594,0.3274323642253876,-0.06090768799185753,0.523894727230072,0.3374364376068115,-0.0628085806965828,0.6569199562072754,0.3629116415977478,-0.047712527215480804,0.5984560251235962,0.34932243824005127,-0.06471651792526245,0.5654325485229492,0.3493644893169403,-0.06883735954761505,0.5394715666770935,0.3534999489784241,-0.06940940022468567,d
0.6560162305831909,0.4830283522605896,-2.017462179537688e-07,0.6043597459793091,0.42171311378479004,0.005192116368561983,0.5854066014289856,0.37200942635536194,-0.0010389547096565366,0.572411835193634,0.334505558013916,-0.01157841831445694,0.5571486949920654,0.3036113679409027,-0.024011407047510147,0.645912230014801,0.2910535931587219,-0.013902353122830391,0.6400756239891052,0.21981285512447357,-0.028523357585072517,0.6439473628997803,0.17184172570705414,-0.03953881561756134,0.6468172669410706,0.1296224296092987,-0.04893313720822334,0.6621069312095642,0.30696749687194824,-0.025736644864082336,0.5882312059402466,0.29479676485061646,-0.044878531247377396,0.5459872484207153,0.3076104521751404,-0.0538431778550148,0.5209994316101074,0.317170649766922,-0.06108510494232178,0.6620937585830688,0.3364952802658081,-0.036990925669670105,0.5854343175888062,0.32606059312820435,-0.05617360770702362,0.5461779832839966,0.3345995247364044,-0.06013147532939911,0.5200240612030029,0.3441210985183716,-0.062389783561229706,0.651750922203064,0.3688885569572449,-0.04764864221215248,0.5938405990600586,0.3564462661743164,-0.06433580815792084,0.5612643957138062,0.3576934337615967,-0.06865836679935455,0.5353446006774902,0.362501859664917,-0.06979134678840637,d
0.6545208096504211,0.4851338267326355,-1.9931280803575646e-07,0.6024878621101379,0.4250740110874176,0.005108543671667576,0.583473265171051,0.37489062547683716,-0.0009997054003179073,0.5707284808158875,0.3368041217327118,-0.011216829530894756,0.5559588074684143,0.305643230676651,-0.023546680808067322,0.6433424949645996,0.29379332065582275,-0.014994858764111996,0.6382254362106323,0.2235017567873001,-0.03007844276726246,0.6422526240348816,0.17502982914447784,-0.04220808669924736,0.6450455188751221,0.1318879872560501,-0.052710406482219696,0.6593772768974304,0.3096008598804474,-0.02681339904665947,0.5854766368865967,0.2986230254173279,-0.04606720060110092,0.5428224802017212,0.31158071756362915,-0.055707965046167374,0.5169849395751953,0.32197752594947815,-0.06376979500055313,0.6589769124984741,0.339606910943985,-0.037944916635751724,0.5822120904922485,0.3295039236545563,-0.057024478912353516,0.542565643787384,0.33706191182136536,-0.06139431521296501,0.5157747268676758,0.34646761417388916,-0.06428730487823486,0.6484631896018982,0.37259504199028015,-0.04846853390336037,0.5897061824798584,0.3605036735534668,-0.06579067558050156,0.5573493242263794,0.3618646562099457,-0.07062871009111404,0.531810998916626,0.36714547872543335,-0.07218813896179199,d
0.6514569520950317,0.48965752124786377,-2.036495629909041e-07,0.6011719107627869,0.4293961226940155,0.0045137181878089905,0.581876814365387,0.37910258769989014,-0.0014543969882652164,0.5690778493881226,0.3409983515739441,-0.01123772282153368,0.5543872714042664,0.3095928132534027,-0.02297230251133442,0.6421254277229309,0.29798415303230286,-0.01561594009399414,0.6357868909835815,0.22774264216423035,-0.03074353002011776,0.6388142704963684,0.17897841334342957,-0.04245573654770851,0.640661358833313,0.13627514243125916,-0.052381016314029694,0.6578572988510132,0.314664363861084,-0.02676212415099144,0.5845155715942383,0.3030647933483124,-0.045855678617954254,0.5421406030654907,0.31660687923431396,-0.0549287423491478,0.5165615677833557,0.32698193192481995,-0.06231669336557388,0.6573218107223511,0.34508147835731506,-0.037252552807331085,0.5811153650283813,0.33504584431648254,-0.05636715516448021,0.5416068434715271,0.34339991211891174,-0.06056949496269226,0.5150358080863953,0.3529309034347534,-0.06300371885299683,0.6466151475906372,0.37866175174713135,-0.047106705605983734,0.5884789228439331,0.3662562370300293,-0.06410446763038635,0.5563250184059143,0.3671436309814453,-0.06867715716362,0.5311076641082764,0.37164780497550964,-0.06988483667373657,d
0.6519790887832642,0.4891272783279419,-2.080131338288993e-07,0.6016004085540771,0.4286627173423767,0.0038153615314513445,0.5829042196273804,0.3787888288497925,-0.0016348134959116578,0.5712969899177551,0.34093230962753296,-0.010656542144715786,0.5577593445777893,0.30893388390541077,-0.021429752930998802,0.6413638591766357,0.29747599363327026,-0.015108711086213589,0.6356933116912842,0.227512925863266,-0.029837528243660927,0.6384122967720032,0.17886705696582794,-0.04136229678988457,0.6398383378982544,0.13637439906597137,-0.05114111304283142,0.6568414568901062,0.31439462304115295,-0.02588600292801857,0.5842383503913879,0.3042682111263275,-0.044652629643678665,0.5419874787330627,0.31768620014190674,-0.053891073912382126,0.5165688991546631,0.32823294401168823,-0.06138726323843002,0.6563467383384705,0.3449850380420685,-0.03613777831196785,0.581085741519928,0.3363167643547058,-0.05495066940784454,0.5423557758331299,0.34452664852142334,-0.05953124538064003,0.5160523056983948,0.3536987006664276,-0.06228727847337723,0.6461787819862366,0.378659725189209,-0.04588443040847778,0.5889716744422913,0.3678038418292999,-0.062198806554079056,0.5576120018959045,0.3686493933200836,-0.06656978279352188,0.5325073599815369,0.3731512725353241,-0.06776335090398788,d
0.650231122970581,0.49610280990600586,-1.9868467404648982e-07,0.6004067659378052,0.4359779357910156,0.004514288157224655,0.5816459655761719,0.38436412811279297,-0.0015400565462186933,0.5689497590065002,0.34570685029029846,-0.01142457127571106,0.5547899007797241,0.31359001994132996,-0.02320503257215023,0.6410714387893677,0.3037412762641907,-0.016000432893633842,0.6345150470733643,0.23291873931884766,-0.03149774298071861,0.6377662420272827,0.18422634899616241,-0.043187305331230164,0.6398594975471497,0.14182355999946594,-0.05292752385139465,0.6560914516448975,0.32048487663269043,-0.027185799553990364,0.5828465223312378,0.30800601840019226,-0.04730706289410591,0.5406734347343445,0.32151421904563904,-0.05657265707850456,0.5151141285896301,0.3329950273036957,-0.06375202536582947,0.6549548506736755,0.35054153203964233,-0.03769810125231743,0.5795081853866577,0.33890604972839355,-0.057679399847984314,0.5399670600891113,0.34746208786964417,-0.06194055452942848,0.5134046673774719,0.3577997386455536,-0.06409513205289841,0.6437149047851562,0.3839825987815857,-0.047510262578725815,0.585310697555542,0.37100255489349365,-0.06479724496603012,0.5532394051551819,0.3733178675174713,-0.0692150741815567,0.5283474326133728,0.3793940246105194,-0.07012731581926346,d
0.6486679911613464,0.5000061988830566,-2.1425843499400798e-07,0.5992748737335205,0.4385952949523926,0.00456636305898428,0.5813012719154358,0.38660237193107605,-0.0012494975235313177,0.569918692111969,0.34717193245887756,-0.01094338670372963,0.5570975542068481,0.314220130443573,-0.02252097614109516,0.640462338924408,0.3069128096103668,-0.01525796763598919,0.633373498916626,0.23708133399486542,-0.030447321012616158,0.6363926529884338,0.18920156359672546,-0.0418538972735405,0.6385613083839417,0.1473921686410904,-0.05132627487182617,0.6551284193992615,0.32413583993911743,-0.0266221035271883,0.5821738243103027,0.3124513030052185,-0.046445153653621674,0.5391359925270081,0.32514405250549316,-0.055774789303541183,0.5127891898155212,0.3357667028903961,-0.06295078247785568,0.6535207033157349,0.35446736216545105,-0.0373428612947464,0.5779191255569458,0.3438975512981415,-0.056891050189733505,0.5383535027503967,0.3524795472621918,-0.06125442683696747,0.5117154121398926,0.3622700572013855,-0.06350962817668915,0.6421380639076233,0.3878530263900757,-0.0474141500890255,0.583794355392456,0.3753781318664551,-0.06403160840272903,0.5521028637886047,0.377084344625473,-0.06818690150976181,0.5274308323860168,0.38237160444259644,-0.06897587329149246,d
0.6461648941040039,0.5012593865394592,-2.2170762292716972e-07,0.5984989404678345,0.43906018137931824,0.004350048024207354,0.5822488069534302,0.3875768184661865,-0.0010029858676716685,0.5722652077674866,0.3473319113254547,-0.010222125798463821,0.5603485107421875,0.3140181303024292,-0.02122524008154869,0.6405632495880127,0.3102911710739136,-0.014319175854325294,0.6330060362815857,0.24073119461536407,-0.028664318844676018,0.635016679763794,0.1934002786874771,-0.03886888548731804,0.6365892291069031,0.15184351801872253,-0.04742693156003952,0.654700756072998,0.32775846123695374,-0.025200147181749344,0.5814273357391357,0.3155447840690613,-0.044353071600198746,0.5377757549285889,0.3275556266307831,-0.053301550447940826,0.5110113620758057,0.33695918321609497,-0.06022292375564575,0.6530584692955017,0.35744789242744446,-0.03549473360180855,0.576632559299469,0.3470093607902527,-0.055009517818689346,0.5357747077941895,0.35497069358825684,-0.05988172069191933,0.5078811049461365,0.3633500933647156,-0.0624542236328125,0.6419768929481506,0.3899264633655548,-0.04511139169335365,0.583472728729248,0.3788797855377197,-0.06137152388691902,0.5516946911811829,0.3804452121257782,-0.06579697132110596,0.5263949632644653,0.38512831926345825,-0.06690369546413422,d
0.6465233564376831,0.5031545162200928,-2.2699481405652477e-07,0.5970696210861206,0.4411551356315613,0.004689441528171301,0.5801429748535156,0.3894732594490051,-0.0005342848598957062,0.5693463683128357,0.3493175506591797,-0.00969393365085125,0.5572629570960999,0.31660693883895874,-0.02065393701195717,0.6401398777961731,0.31192684173583984,-0.013787984848022461,0.6329571008682251,0.24356438219547272,-0.027532292529940605,0.6347169876098633,0.19689373672008514,-0.037461794912815094,0.6360504031181335,0.1560317575931549,-0.0460466630756855,0.6544113755226135,0.3290333151817322,-0.025089871138334274,0.5823197364807129,0.3175320327281952,-0.04336534067988396,0.5392273664474487,0.3295331597328186,-0.05198713019490242,0.5129883289337158,0.3381832540035248,-0.058968011289834976,0.6527340412139893,0.35892748832702637,-0.0358252078294754,0.577609658241272,0.34920069575309753,-0.05474076792597771,0.5370429754257202,0.3565611243247986,-0.05972002446651459,0.509079098701477,0.363876610994339,-0.06268302351236343,0.6412372589111328,0.3920469284057617,-0.045900944620370865,0.5832242965698242,0.38123732805252075,-0.06179143860936165,0.5515621900558472,0.3823302090167999,-0.0663212463259697,0.526322066783905,0.3866124451160431,-0.06775225698947906,d
0.6461916565895081,0.5038740634918213,-2.1333950428470416e-07,0.5980204939842224,0.44260373711586,0.004329817835241556,0.5830836892127991,0.39246681332588196,-0.0007306516054086387,0.5739156603813171,0.35348373651504517,-0.009679784066975117,0.5628248453140259,0.32057058811187744,-0.020364727824926376,0.6406204700469971,0.3149852156639099,-0.013336808420717716,0.6343613266944885,0.2458903193473816,-0.027751807123422623,0.6372417211532593,0.19869330525398254,-0.038247041404247284,0.6395823359489441,0.15713556110858917,-0.046870507299900055,0.6543982028961182,0.3314291536808014,-0.024345140904188156,0.5827015042304993,0.31743961572647095,-0.04328928515315056,0.5397330522537231,0.3291001617908478,-0.05233098194003105,0.5133826732635498,0.33924219012260437,-0.059178244322538376,0.6525673866271973,0.3604445159435272,-0.0348954051733017,0.5775935053825378,0.3487025797367096,-0.05401692911982536,0.5374511480331421,0.3563801348209381,-0.0588681697845459,0.5100299119949341,0.364728718996048,-0.06138673424720764,0.6414345502853394,0.3926600217819214,-0.04488769546151161,0.5838617086410522,0.3810310363769531,-0.060456886887550354,0.5533604621887207,0.3820090591907501,-0.0645848736166954,0.5290783047676086,0.38676345348358154,-0.06557068973779678,d
0.6461337804794312,0.5033713579177856,-1.955707347178759e-07,0.5995160341262817,0.44158685207366943,0.0027228037361055613,0.5851869583129883,0.3915420174598694,-0.002647082321345806,0.5779052376747131,0.35262665152549744,-0.011434686370193958,0.5679849982261658,0.3202539384365082,-0.021875662729144096,0.6421747803688049,0.3154182434082031,-0.01581641286611557,0.6390009522438049,0.24679520726203918,-0.030472127720713615,0.6422049403190613,0.1994730532169342,-0.04098798334598541,0.644569456577301,0.15810252726078033,-0.04971582069993019,0.6570368409156799,0.33261585235595703,-0.025839122012257576,0.5860022306442261,0.31904137134552,-0.04476452246308327,0.543476402759552,0.32916495203971863,-0.053873952478170395,0.517265796661377,0.33701449632644653,-0.061001356691122055,0.6562507152557373,0.36236342787742615,-0.035373155027627945,0.5813778638839722,0.35133859515190125,-0.05460522696375847,0.5422616004943848,0.3580826222896576,-0.059438545256853104,0.5153283476829529,0.36530375480651855,-0.062082402408123016,0.6458066701889038,0.3948530852794647,-0.04444750025868416,0.588546633720398,0.3828293979167938,-0.060470085591077805,0.5573678016662598,0.3832528591156006,-0.06473125517368317,0.5323795080184937,0.3867377042770386,-0.06582009047269821,d
0.6524229049682617,0.5067486763000488,-2.1997689714225999e-07,0.6048773527145386,0.44481271505355835,0.0039120507426559925,0.5893650054931641,0.3932437002658844,-0.0005934650544077158,0.5817590951919556,0.3536736071109772,-0.008856858126819134,0.5712311267852783,0.3205963373184204,-0.018809033557772636,0.646970808506012,0.315712571144104,-0.013273472897708416,0.6443290114402771,0.24926450848579407,-0.027301395311951637,0.6479465961456299,0.20251205563545227,-0.03794262558221817,0.6505700945854187,0.1616763174533844,-0.04699024185538292,0.6625990271568298,0.33262622356414795,-0.024252600967884064,0.5907543301582336,0.3188018798828125,-0.0423329696059227,0.547991931438446,0.32938385009765625,-0.05122917518019676,0.5216624736785889,0.3386809229850769,-0.05825129151344299,0.6618070602416992,0.3631223440170288,-0.034851204603910446,0.586003839969635,0.350800484418869,-0.053332168608903885,0.547044575214386,0.3579612374305725,-0.058052532374858856,0.5204342603683472,0.3662947416305542,-0.060729943215847015,0.6510343551635742,0.39723002910614014,-0.0450051985681057,0.5926326513290405,0.3838222920894623,-0.06102617084980011,0.5610532760620117,0.38323307037353516,-0.06558803468942642,0.5357978940010071,0.3869357705116272,-0.06690631061792374,d
0.6544923782348633,0.5017014741897583,-2.137029895266096e-07,0.6098821759223938,0.4399477243423462,0.0036843260750174522,0.595772385597229,0.3901366889476776,-0.0010884267976507545,0.588995635509491,0.35170260071754456,-0.009335952810943127,0.5795455574989319,0.31946414709091187,-0.01928865723311901,0.6528540253639221,0.3161716163158417,-0.014770817942917347,0.6496200561523438,0.24773278832435608,-0.029411710798740387,0.6530904769897461,0.20109470188617706,-0.04014245793223381,0.6556687355041504,0.15992054343223572,-0.048963624984025955,0.6677948236465454,0.3329961597919464,-0.025124091655015945,0.5961546897888184,0.3179336190223694,-0.043646447360515594,0.5542058944702148,0.32792964577674866,-0.05267644301056862,0.5280670523643494,0.3371333181858063,-0.05981633812189102,0.666395902633667,0.36135396361351013,-0.03495168313384056,0.5914109349250793,0.3500027656555176,-0.05344100296497345,0.5539868474006653,0.3572899103164673,-0.05805126205086708,0.528164803981781,0.3653582036495209,-0.06065358221530914,0.6554960608482361,0.39220544695854187,-0.044279225170612335,0.597708523273468,0.3808429539203644,-0.059557512402534485,0.5671706199645996,0.3808667063713074,-0.06356896460056305,0.5425450205802917,0.3838796615600586,-0.06457410752773285,d
0.6647262573242188,0.5006518363952637,-2.230276265891007e-07,0.6203609704971313,0.4388243556022644,0.0019573017489165068,0.6053498387336731,0.3858501613140106,-0.002640530001372099,0.5982544422149658,0.3473501205444336,-0.01033286564052105,0.5887128114700317,0.31447121500968933,-0.01984296552836895,0.6640097498893738,0.31348344683647156,-0.015987558290362358,0.6622848510742188,0.2465023249387741,-0.030513649806380272,0.6666176915168762,0.20099569857120514,-0.04140612483024597,0.6702223420143127,0.16018682718276978,-0.05036350339651108,0.6803668141365051,0.33073297142982483,-0.025760740041732788,0.6091024279594421,0.3176288306713104,-0.04527631402015686,0.5655118227005005,0.3265446722507477,-0.055263910442590714,0.5375293493270874,0.3355482220649719,-0.06249038130044937,0.6799346208572388,0.360365629196167,-0.03501925989985466,0.6042153239250183,0.34906989336013794,-0.05429013445973396,0.5650705695152283,0.3553345203399658,-0.05922188237309456,0.5376883149147034,0.36223962903022766,-0.061430223286151886,0.6696938872337341,0.3930872082710266,-0.043884482234716415,0.6114056706428528,0.3794798254966736,-0.05951525270938873,0.5814028382301331,0.3798083961009979,-0.06308656185865402,0.5572510361671448,0.38313019275665283,-0.06332214921712875,d
0.6705188751220703,0.5004080533981323,-2.1450148324220208e-07,0.6247233748435974,0.4385159909725189,0.002366987755522132,0.609990119934082,0.38678479194641113,-0.003170204348862171,0.6036553382873535,0.3472293019294739,-0.012179463170468807,0.5945932865142822,0.3137330412864685,-0.02283228375017643,0.66926109790802,0.3126630485057831,-0.015355371870100498,0.6682730317115784,0.24571508169174194,-0.029593706130981445,0.6725411415100098,0.1992025226354599,-0.03978152200579643,0.6760823726654053,0.15909117460250854,-0.04827861115336418,0.6853688359260559,0.3307492136955261,-0.0260173249989748,0.6141135096549988,0.3169161379337311,-0.045473914593458176,0.5694820880889893,0.3249813914299011,-0.05464835464954376,0.5417402982711792,0.3331829607486725,-0.061331819742918015,0.6846852898597717,0.36157363653182983,-0.036276720464229584,0.6096615195274353,0.34842395782470703,-0.05599457398056984,0.5696862936019897,0.3538922667503357,-0.060644809156656265,0.542400062084198,0.3604341745376587,-0.06272145360708237,0.674237847328186,0.3950062096118927,-0.04611271619796753,0.616460382938385,0.3796800971031189,-0.06255386769771576,0.5849543213844299,0.3784380257129669,-0.0663648396730423,0.5598239302635193,0.38127824664115906,-0.0666818916797638,d
0.6736525893211365,0.5012176036834717,-2.157075869035907e-07,0.6285151243209839,0.4384424090385437,0.0018747125286608934,0.6131765842437744,0.38737213611602783,-0.0036338218487799168,0.6055904626846313,0.34925082325935364,-0.012551681138575077,0.5962544083595276,0.3161275386810303,-0.023012930527329445,0.6736705899238586,0.3131330907344818,-0.015270981006324291,0.6729931235313416,0.24600882828235626,-0.030111251398921013,0.6775792837142944,0.1995474398136139,-0.04093170166015625,0.6812527775764465,0.15931187570095062,-0.04976779967546463,0.6900234222412109,0.3315078020095825,-0.025775140151381493,0.6194519996643066,0.31679290533065796,-0.0457710325717926,0.5750999450683594,0.32527315616607666,-0.05555343255400658,0.5476416349411011,0.3332313001155853,-0.06252020597457886,0.6899377107620239,0.3619253635406494,-0.03601498901844025,0.6151289343833923,0.34765514731407166,-0.056458521634340286,0.5750477313995361,0.3532104790210724,-0.06152535229921341,0.5477489233016968,0.35969552397727966,-0.06356537342071533,0.6799818277359009,0.3949311375617981,-0.045864712446928024,0.6220424771308899,0.3778509795665741,-0.06287228316068649,0.5902302265167236,0.3757126033306122,-0.0668443888425827,0.5647822618484497,0.3781144320964813,-0.06709086149930954,d
0.6759602427482605,0.500117838382721,-2.14041577351054e-07,0.6305050849914551,0.4371594190597534,0.0007720034336671233,0.6139131784439087,0.3867253363132477,-0.00557054253295064,0.6045193076133728,0.3488222658634186,-0.015403534285724163,0.5939543843269348,0.31531256437301636,-0.026813000440597534,0.6763500571250916,0.3130680322647095,-0.016309935599565506,0.6759142875671387,0.24504919350147247,-0.03237060457468033,0.6814294457435608,0.19823391735553741,-0.04406717047095299,0.6861230731010437,0.15739305317401886,-0.05336499214172363,0.6933372020721436,0.3315521478652954,-0.026880986988544464,0.6225889921188354,0.3160146176815033,-0.048484619706869125,0.5775967240333557,0.3247131407260895,-0.059014804661273956,0.5497190356254578,0.3327820599079132,-0.06605374068021774,0.6940032839775085,0.36185622215270996,-0.037315595895051956,0.6186413168907166,0.34732332825660706,-0.059150632470846176,0.5776821374893188,0.3528856933116913,-0.06452999264001846,0.549677848815918,0.359043151140213,-0.06633352488279343,0.6847842335700989,0.394813597202301,-0.04745788872241974,0.6259760856628418,0.3781428039073944,-0.06536765396595001,0.5934677720069885,0.3761307895183563,-0.0694786086678505,0.5674651265144348,0.37847602367401123,-0.06950449198484421,d
0.6760929822921753,0.5003461837768555,-2.1403963046395802e-07,0.6289178133010864,0.43860265612602234,0.0005507853347808123,0.6117882132530212,0.38912370800971985,-0.006360070314258337,0.6020822525024414,0.35146766901016235,-0.01685599610209465,0.5904653668403625,0.3190496265888214,-0.029121890664100647,0.67669677734375,0.3129584789276123,-0.016256479546427727,0.676256537437439,0.2464236617088318,-0.03233504295349121,0.6818244457244873,0.20010803639888763,-0.04454028606414795,0.6861822009086609,0.15937955677509308,-0.05454237386584282,0.6940685510635376,0.3308953046798706,-0.02676091156899929,0.6229647397994995,0.3153716027736664,-0.04802354797720909,0.5778627395629883,0.3242240846157074,-0.05874168872833252,0.5500683784484863,0.33145779371261597,-0.06629747152328491,0.6947768926620483,0.36124464869499207,-0.03714844956994057,0.6188593506813049,0.34625521302223206,-0.058978501707315445,0.5769149661064148,0.3515622019767761,-0.06458289176225662,0.5483784675598145,0.35770684480667114,-0.06684546172618866,0.684916615486145,0.3944440484046936,-0.04725700989365578,0.6251825094223022,0.37822645902633667,-0.06592004001140594,0.5919725894927979,0.37648916244506836,-0.0707559660077095,0.5658894777297974,0.3789365291595459,-0.07142885774374008,d
0.6771903038024902,0.5020691156387329,-2.099144325029556e-07,0.6308307647705078,0.4400448799133301,0.001870472333393991,0.6143290996551514,0.3889167606830597,-0.004029445815831423,0.6049238443374634,0.3503307104110718,-0.013674617744982243,0.593561053276062,0.317087322473526,-0.024996299296617508,0.6767134666442871,0.3131959140300751,-0.014726274646818638,0.6771859526634216,0.2446187436580658,-0.0301065631210804,0.6829863786697388,0.19691188633441925,-0.0416824072599411,0.687934160232544,0.1555362492799759,-0.051270492374897,0.693953812122345,0.3306381404399872,-0.025883333757519722,0.6232321262359619,0.3162233531475067,-0.04639904201030731,0.5787861347198486,0.3246234953403473,-0.05662839114665985,0.5516350269317627,0.33135169744491577,-0.06384291499853134,0.6946807503700256,0.361097127199173,-0.036895524710416794,0.6193655133247375,0.3471997082233429,-0.057962849736213684,0.5781162977218628,0.3512483537197113,-0.06344148516654968,0.5495127439498901,0.3562109172344208,-0.0658198893070221,0.6848114132881165,0.39448970556259155,-0.04759903624653816,0.6264140605926514,0.3784128427505493,-0.06567680090665817,0.5937957167625427,0.37691831588745117,-0.07031872868537903,0.5674775242805481,0.3800143301486969,-0.07096970081329346,d
0.6767194271087646,0.502768337726593,-2.1305164921159303e-07,0.6285841464996338,0.4402473270893097,0.0012297886423766613,0.6109246015548706,0.39011889696121216,-0.005576821509748697,0.5994771718978882,0.3525499403476715,-0.016040289774537086,0.5864855051040649,0.3206786811351776,-0.02833239547908306,0.6755355000495911,0.31279367208480835,-0.015746166929602623,0.6750520467758179,0.24595963954925537,-0.03144531697034836,0.6807475686073303,0.19952191412448883,-0.0434747040271759,0.6852413415908813,0.15839700400829315,-0.053445685654878616,0.6931442618370056,0.3304279148578644,-0.026580965146422386,0.6226773262023926,0.3168143332004547,-0.04731729254126549,0.5776827931404114,0.3260461091995239,-0.05793660879135132,0.5497761964797974,0.33329302072525024,-0.06560730189085007,0.6940457820892334,0.3609267771244049,-0.03724636882543564,0.6187427639961243,0.3474763035774231,-0.0584874264895916,0.5764855146408081,0.3520587682723999,-0.06413829326629639,0.5471838712692261,0.3572656810283661,-0.06671703606843948,0.6843361854553223,0.39433541893959045,-0.04761123284697533,0.6253451704978943,0.37925752997398376,-0.06562741845846176,0.5921741724014282,0.3773841857910156,-0.07035311311483383,0.565650999546051,0.3795740306377411,-0.07118337601423264,d
0.673884928226471,0.5023425817489624,-2.19881641783104e-07,0.6269953846931458,0.43937230110168457,0.0015020305290818214,0.6106238961219788,0.38922563195228577,-0.00470316456630826,0.6016040444374084,0.35039398074150085,-0.014673720113933086,0.5903375744819641,0.31732913851737976,-0.02623307704925537,0.6706919074058533,0.3132912516593933,-0.014676113612949848,0.6710093021392822,0.2463793009519577,-0.02993660606443882,0.6761715412139893,0.19977711141109467,-0.04132682457566261,0.6800423264503479,0.15906620025634766,-0.050851527601480484,0.6892008185386658,0.3308858871459961,-0.025729980319738388,0.6190049648284912,0.31889864802360535,-0.04648204520344734,0.5749988555908203,0.3286954462528229,-0.05689564719796181,0.547819972038269,0.3362453877925873,-0.0642281174659729,0.6914892196655273,0.36160796880722046,-0.036663927137851715,0.6159685254096985,0.34912922978401184,-0.05794961750507355,0.5748528838157654,0.35435914993286133,-0.06349840015172958,0.5461544990539551,0.35988476872444153,-0.06591435521841049,0.6831986308097839,0.3952089548110962,-0.047312382608652115,0.6231365203857422,0.38053423166275024,-0.06548530608415604,0.5894178748130798,0.37883877754211426,-0.07029157876968384,0.5622996091842651,0.38089051842689514,-0.07109535485506058,d
0.671865701675415,0.5044336915016174,-2.3054238340591837e-07,0.6244649291038513,0.44136062264442444,0.0027640124317258596,0.6102505326271057,0.3894977271556854,-0.0028019382152706385,0.6036123633384705,0.34969741106033325,-0.012322068214416504,0.5945483446121216,0.31559476256370544,-0.02359858900308609,0.6698080897331238,0.31407737731933594,-0.014288012869656086,0.6681933403015137,0.24691319465637207,-0.02924950234591961,0.6724495887756348,0.2004290372133255,-0.040274180471897125,0.6758340001106262,0.15953119099140167,-0.04947308450937271,0.6872614622116089,0.33097776770591736,-0.02565774694085121,0.6159648299217224,0.31879347562789917,-0.045915115624666214,0.571954607963562,0.32903727889060974,-0.056056976318359375,0.5447202324867249,0.3376445472240448,-0.06329715996980667,0.688525915145874,0.3609434962272644,-0.03671092167496681,0.6127020120620728,0.3495224118232727,-0.05738203972578049,0.5716080665588379,0.3558237552642822,-0.06271132826805115,0.5430890321731567,0.3625592291355133,-0.06510157883167267,0.6795430779457092,0.3941982686519623,-0.047363054007291794,0.6199651956558228,0.381064772605896,-0.0646267905831337,0.5871860980987549,0.380688339471817,-0.06907389312982559,0.5609230995178223,0.38418588042259216,-0.06979396194219589,d
0.6678359508514404,0.5043188333511353,-2.3903933765723195e-07,0.6240060925483704,0.43972381949424744,0.0033179218880832195,0.610795795917511,0.3874606490135193,-0.0021588378585875034,0.6043713688850403,0.34785011410713196,-0.011621632613241673,0.5959710478782654,0.3139888644218445,-0.022913778200745583,0.6684030294418335,0.3152567148208618,-0.014471331611275673,0.6652589440345764,0.24777764081954956,-0.02905069850385189,0.668095052242279,0.2016909420490265,-0.03919719532132149,0.6701461672782898,0.16119402647018433,-0.047653596848249435,0.6845651268959045,0.3332098126411438,-0.025743985548615456,0.6148181557655334,0.31951895356178284,-0.046185966581106186,0.5710971355438232,0.33012038469314575,-0.05575783923268318,0.5438512563705444,0.33953410387039185,-0.062374379485845566,0.6850910186767578,0.36359235644340515,-0.03651423379778862,0.6103571653366089,0.35115399956703186,-0.05732470378279686,0.5700482130050659,0.35791197419166565,-0.06207715719938278,0.5424460172653198,0.36515310406684875,-0.06385443359613419,0.6758297681808472,0.3965491056442261,-0.04670729488134384,0.617339015007019,0.38201043009757996,-0.0636277049779892,0.5854834318161011,0.3820042610168457,-0.06743084639310837,0.5604759454727173,0.3853727877140045,-0.06764565408229828,d
0.6670010089874268,0.501912534236908,-2.3440873064828338e-07,0.6206751465797424,0.4390717148780823,0.0020064013078808784,0.6058490872383118,0.3879818618297577,-0.0036582392640411854,0.5982266664505005,0.34906405210494995,-0.013024788349866867,0.5887317657470703,0.3163941204547882,-0.024338992312550545,0.6647805571556091,0.31281930208206177,-0.015040011145174503,0.6611450910568237,0.24758794903755188,-0.03028649091720581,0.6644466519355774,0.20241566002368927,-0.041839610785245895,0.6671839356422424,0.16211870312690735,-0.051416657865047455,0.681660532951355,0.3299046754837036,-0.025742948055267334,0.6118344068527222,0.3175869286060333,-0.04591134563088417,0.5678357481956482,0.3282301723957062,-0.056077972054481506,0.5405197739601135,0.33814170956611633,-0.0634293332695961,0.6826663613319397,0.36043089628219604,-0.03611822426319122,0.6080024838447571,0.34969568252563477,-0.05681530013680458,0.5677110552787781,0.3564404249191284,-0.06190422549843788,0.5402539968490601,0.3642871379852295,-0.0640864148736,0.6739029288291931,0.3941713869571686,-0.046104684472084045,0.6149930953979492,0.382223904132843,-0.06310291588306427,0.5836325287818909,0.3832683563232422,-0.06692460924386978,0.5593348741531372,0.38820400834083557,-0.06722334772348404,d
0.6651194095611572,0.5013242959976196,-2.2325687609736633e-07,0.6173899173736572,0.43937790393829346,0.001506126020103693,0.6024056673049927,0.3890632688999176,-0.004230722784996033,0.5949721932411194,0.3508650064468384,-0.013523162342607975,0.5858762860298157,0.3176814913749695,-0.02456536889076233,0.6618492007255554,0.31419265270233154,-0.015692677348852158,0.6588214039802551,0.24814756214618683,-0.030971186235547066,0.6619166135787964,0.20268186926841736,-0.04215723276138306,0.6641499996185303,0.16244441270828247,-0.05137838050723076,0.6787056922912598,0.33173924684524536,-0.026171915233135223,0.6099273562431335,0.318617582321167,-0.04650125652551651,0.56651371717453,0.32976001501083374,-0.05636376887559891,0.539799153804779,0.33893412351608276,-0.0633736401796341,0.6796724796295166,0.36190855503082275,-0.03641122952103615,0.6059604287147522,0.35081490874290466,-0.05736265331506729,0.5659377574920654,0.35852348804473877,-0.062396444380283356,0.5387579202651978,0.3660746216773987,-0.06444936245679855,0.6706297993659973,0.39527902007102966,-0.04628888517618179,0.6127128005027771,0.3830212354660034,-0.06349118798971176,0.5812925100326538,0.384306937456131,-0.06748414039611816,0.5567340850830078,0.38888898491859436,-0.06788498908281326,d
0.6634801626205444,0.5048741698265076,-2.2056624970900884e-07,0.6156671047210693,0.4436269700527191,0.002624274929985404,0.5980944037437439,0.3929502069950104,-0.003546101041138172,0.5861452221870422,0.35547956824302673,-0.013643236830830574,0.573824405670166,0.3232755661010742,-0.025622159242630005,0.6587652564048767,0.3160426616668701,-0.014954660087823868,0.6552277207374573,0.2495328187942505,-0.029941389337182045,0.6579073071479797,0.20368769764900208,-0.04125570133328438,0.6595934629440308,0.16320225596427917,-0.05081268772482872,0.6754305362701416,0.3335559368133545,-0.026433544233441353,0.6059988141059875,0.32136911153793335,-0.04677140712738037,0.562704861164093,0.33239713311195374,-0.056909408420324326,0.5358309745788574,0.341826468706131,-0.06425771117210388,0.6763452887535095,0.3647741675376892,-0.0375312976539135,0.6030178666114807,0.3524385094642639,-0.05830595642328262,0.5629541873931885,0.35951364040374756,-0.06329706311225891,0.5353354811668396,0.3672887682914734,-0.06547719240188599,0.6672335267066956,0.3993262052536011,-0.04818395525217056,0.6100468635559082,0.3850492238998413,-0.06576965749263763,0.5779761672019958,0.3856373727321625,-0.06990878283977509,0.5526971817016602,0.3904797434806824,-0.07039565593004227,d
0.661838710308075,0.5055383443832397,-2.3115980241072975e-07,0.6143878698348999,0.44390222430229187,0.002756068715825677,0.5983655452728271,0.392506867647171,-0.00255743064917624,0.5892021059989929,0.353359192609787,-0.011719142086803913,0.578475296497345,0.3194716274738312,-0.02257450483739376,0.6556119322776794,0.3173941373825073,-0.014242539182305336,0.653346061706543,0.25035709142684937,-0.028984684497117996,0.6563826203346252,0.203854039311409,-0.03972320631146431,0.6585448384284973,0.16334909200668335,-0.04874873161315918,0.6731228232383728,0.33450648188591003,-0.02545955404639244,0.6032883524894714,0.3240390419960022,-0.04573298990726471,0.560021162033081,0.3350919187068939,-0.05571475625038147,0.5331531763076782,0.34440627694129944,-0.06287019699811935,0.6749240159988403,0.36482399702072144,-0.03638453036546707,0.600113570690155,0.35422569513320923,-0.05742974206805229,0.5594674944877625,0.3610917925834656,-0.06308572739362717,0.5310483574867249,0.3684269189834595,-0.06567980349063873,0.6667434573173523,0.3982524275779724,-0.04683434218168259,0.6083406805992126,0.38477087020874023,-0.06490959227085114,0.5755742192268372,0.3851219415664673,-0.06981661170721054,0.5491761565208435,0.38965222239494324,-0.07081793993711472,d
0.6619585156440735,0.5080866813659668,-2.2802804267030297e-07,0.6142807602882385,0.4481543004512787,0.003040701849386096,0.5988791584968567,0.39755162596702576,-0.002358224242925644,0.5906832218170166,0.35791245102882385,-0.011663414537906647,0.580373227596283,0.3243562579154968,-0.022716253995895386,0.6563796401023865,0.31931233406066895,-0.014282004907727242,0.6521130800247192,0.25124430656433105,-0.028852524235844612,0.6546443104743958,0.20466075837612152,-0.03929775580763817,0.6565373539924622,0.16399070620536804,-0.04808619245886803,0.6727390289306641,0.33551114797592163,-0.02520163170993328,0.6017100214958191,0.32347580790519714,-0.044778887182474136,0.5583362579345703,0.3349074721336365,-0.054111409932374954,0.531642735004425,0.34416329860687256,-0.0609954297542572,0.6734078526496887,0.3652038872241974,-0.03577934205532074,0.5979220271110535,0.35532450675964355,-0.05592943727970123,0.5578899383544922,0.3630400598049164,-0.06102409213781357,0.5302202701568604,0.37101924419403076,-0.06348248571157455,0.663797914981842,0.3985368609428406,-0.04589175805449486,0.6055120229721069,0.38677939772605896,-0.06281261891126633,0.5734398365020752,0.3875869810581207,-0.06746575236320496,0.5476917028427124,0.39207836985588074,-0.06858406960964203,d
0.661068320274353,0.5093194842338562,-2.24341874854872e-07,0.6141320466995239,0.4477253258228302,0.00306336535140872,0.5987772345542908,0.3960883617401123,-0.0023996622767299414,0.5904852747917175,0.3561975359916687,-0.011665722355246544,0.580375611782074,0.3220096230506897,-0.022665880620479584,0.6558491587638855,0.31960761547088623,-0.014742043800652027,0.651042640209198,0.2519209086894989,-0.02967386320233345,0.6536099314689636,0.20527705550193787,-0.04037638381123543,0.655470609664917,0.1644466072320938,-0.049313366413116455,0.6718749403953552,0.336825430393219,-0.025685876607894897,0.6012372970581055,0.3243465721607208,-0.045676808804273605,0.5578504800796509,0.33594805002212524,-0.0550316646695137,0.5309913754463196,0.34585148096084595,-0.061964184045791626,0.6721128225326538,0.366798460483551,-0.0362766869366169,0.5971809029579163,0.35616523027420044,-0.05677773803472519,0.5568507313728333,0.3639713525772095,-0.06171513721346855,0.529120147228241,0.37208092212677,-0.0640639141201973,0.6625254154205322,0.3999221920967102,-0.04636964574456215,0.6039789915084839,0.3881494998931885,-0.06359390914440155,0.5721855759620667,0.38960108160972595,-0.06813892722129822,0.5469523668289185,0.39424920082092285,-0.06915319710969925,d
0.6603989005088806,0.5095149278640747,-2.2376994479600398e-07,0.6130785942077637,0.44822031259536743,0.0024396097287535667,0.5974504351615906,0.39662766456604004,-0.0032565586734563112,0.5885440707206726,0.35690316557884216,-0.012609907425940037,0.5781062245368958,0.3226149380207062,-0.023584673181176186,0.6551274657249451,0.3202313184738159,-0.015359843149781227,0.6499394774436951,0.25195929408073425,-0.03035414218902588,0.6520965695381165,0.20567679405212402,-0.0408424474298954,0.6538947820663452,0.16496476531028748,-0.04953731223940849,0.6709869503974915,0.337338924407959,-0.02603372372686863,0.6000860929489136,0.3251904845237732,-0.04615113511681557,0.5566132664680481,0.336576372385025,-0.055456437170505524,0.5301792621612549,0.34566983580589294,-0.062305666506290436,0.6712050437927246,0.3671056032180786,-0.036377303302288055,0.5959123373031616,0.35708409547805786,-0.056881822645664215,0.5555600523948669,0.3645855486392975,-0.06149390712380409,0.5282588601112366,0.3715309202671051,-0.06359080225229263,0.6616838574409485,0.4000425934791565,-0.0462920106947422,0.6031885147094727,0.3889368772506714,-0.06296643614768982,0.5718344449996948,0.3902980387210846,-0.06692628562450409,0.5474132299423218,0.3944121301174164,-0.06755455583333969,d
0.659658670425415,0.5084412097930908,-2.2495513007925183e-07,0.6121948957443237,0.4472794532775879,0.002694871975108981,0.5951368808746338,0.39701056480407715,-0.003119194181635976,0.5842621326446533,0.35830920934677124,-0.012668797746300697,0.5725172162055969,0.3247385323047638,-0.02387467585504055,0.6547271609306335,0.31960657238960266,-0.014863644726574421,0.6496087908744812,0.2517862915992737,-0.02946222573518753,0.6519232392311096,0.20582589507102966,-0.039711639285087585,0.6538734436035156,0.16549114882946014,-0.04824570193886757,0.6707824468612671,0.3368164598941803,-0.025639807805418968,0.5998124480247498,0.3249812722206116,-0.04549320414662361,0.5564082264900208,0.33619582653045654,-0.05483686923980713,0.5299672484397888,0.3453950583934784,-0.061686158180236816,0.6711050271987915,0.36664852499961853,-0.03604041039943695,0.5959245562553406,0.3569725453853607,-0.05624851956963539,0.5558245182037354,0.3641844391822815,-0.06101088598370552,0.5285145044326782,0.37112048268318176,-0.06318682432174683,0.6616173982620239,0.3995516300201416,-0.04598434641957283,0.6031505465507507,0.3889648914337158,-0.062447093427181244,0.5716946721076965,0.3898012936115265,-0.06646854430437088,0.5469899773597717,0.39359962940216064,-0.0670996755361557,d
0.6598561406135559,0.508304238319397,-2.2489064122055424e-07,0.6107358932495117,0.4470611810684204,0.002627530600875616,0.5938127636909485,0.3965473175048828,-0.0030749961733818054,0.5833045244216919,0.3579004108905792,-0.012520184740424156,0.5716413855552673,0.3240823447704315,-0.023696614429354668,0.6522991061210632,0.3186178207397461,-0.014886111952364445,0.6488545536994934,0.2514573931694031,-0.029706072062253952,0.6519364714622498,0.205131396651268,-0.04061125963926315,0.6543829441070557,0.16449113190174103,-0.0497797392308712,0.669674277305603,0.3355081379413605,-0.025870690122246742,0.5987951159477234,0.32495760917663574,-0.045569319278001785,0.5549604296684265,0.3370366096496582,-0.0551416277885437,0.5282536745071411,0.3463868200778961,-0.06230311468243599,0.6709607839584351,0.3660765290260315,-0.036539819091558456,0.5953071117401123,0.3566358685493469,-0.05671177804470062,0.5546003580093384,0.3644488453865051,-0.061727382242679596,0.5267098546028137,0.37212494015693665,-0.06423549354076385,0.6620407700538635,0.40012940764427185,-0.04680176451802254,0.6029375791549683,0.3883582353591919,-0.06393233686685562,0.5708118081092834,0.3892672657966614,-0.06837017834186554,0.5453193783760071,0.39411234855651855,-0.06928076595067978,d
0.6596779823303223,0.5099710822105408,-2.2408062250178773e-07,0.6115674376487732,0.4491504430770874,0.0031042303889989853,0.5954732298851013,0.39780712127685547,-0.002181798219680786,0.5861324667930603,0.3586515188217163,-0.011278715915977955,0.5751723051071167,0.32484814524650574,-0.022085143253207207,0.6529065370559692,0.319278746843338,-0.01415212731808424,0.6485888361930847,0.25151801109313965,-0.028679296374320984,0.6518745422363281,0.2044050097465515,-0.0392480231821537,0.6547570824623108,0.16341924667358398,-0.04805188253521919,0.6696963906288147,0.3361978530883789,-0.02527671866118908,0.5986109972000122,0.3254207968711853,-0.04489685967564583,0.554729163646698,0.3375625014305115,-0.05435924232006073,0.5278160572052002,0.3476806581020355,-0.061250489205121994,0.6705753207206726,0.3666256368160248,-0.036057617515325546,0.5951894521713257,0.35755687952041626,-0.05603677034378052,0.5544333457946777,0.36545416712760925,-0.06117888540029526,0.5263566374778748,0.37326934933662415,-0.06365207582712173,0.661440372467041,0.40072497725486755,-0.046404868364334106,0.6030227541923523,0.38914528489112854,-0.06312351673841476,0.5712210536003113,0.3897896111011505,-0.06752931326627731,0.5458643436431885,0.3944941461086273,-0.06840251386165619,d
0.6584863662719727,0.508272647857666,-2.2470619853720564e-07,0.6103785037994385,0.4464653432369232,0.002882064087316394,0.5945923328399658,0.39619922637939453,-0.002820789348334074,0.5857440829277039,0.35708189010620117,-0.012188824824988842,0.5755573511123657,0.32357606291770935,-0.023325100541114807,0.6537936329841614,0.31888049840927124,-0.015457485802471638,0.6487963199615479,0.2514703571796417,-0.03026307374238968,0.6514121890068054,0.2048754096031189,-0.040874890983104706,0.6534512042999268,0.16423624753952026,-0.049659665673971176,0.6699515581130981,0.3362215459346771,-0.0261459331959486,0.5986199975013733,0.3250376880168915,-0.045805077999830246,0.5549164414405823,0.33706188201904297,-0.05502643436193466,0.5283026695251465,0.3469829857349396,-0.06188453361392021,0.6700008511543274,0.36658546328544617,-0.03641049936413765,0.5944874882698059,0.35781440138816833,-0.05640368536114693,0.55450040102005,0.36596405506134033,-0.06120271608233452,0.5273904204368591,0.374119371175766,-0.06350301951169968,0.6601428389549255,0.4000723361968994,-0.04620383307337761,0.6018638014793396,0.3893313407897949,-0.06284631788730621,0.5705451369285583,0.39068883657455444,-0.06704849004745483,0.5458207130432129,0.3955470621585846,-0.06782228499650955,d
0.6587364673614502,0.5099068284034729,-2.284047155853841e-07,0.609538197517395,0.4480611979961395,0.0032364805229008198,0.5932549238204956,0.39697518944740295,-0.002321604872122407,0.58427494764328,0.35748305916786194,-0.011618749238550663,0.5736526250839233,0.32377275824546814,-0.02266787178814411,0.653145432472229,0.3195209801197052,-0.01530756801366806,0.6488205790519714,0.25210297107696533,-0.030010469257831573,0.6515646576881409,0.20543745160102844,-0.04082394391298294,0.6533693075180054,0.1645328849554062,-0.049968376755714417,0.6701012849807739,0.33663976192474365,-0.02642773650586605,0.5985750555992126,0.32493022084236145,-0.04563356935977936,0.5552147030830383,0.33663105964660645,-0.05470757931470871,0.5286087393760681,0.3458772897720337,-0.06168606877326965,0.6706653833389282,0.3671583831310272,-0.03715253248810768,0.5946542024612427,0.3572034239768982,-0.05686793103814125,0.554169237613678,0.3646242618560791,-0.061732545495033264,0.5263266563415527,0.3723716735839844,-0.06432939320802689,0.6608542799949646,0.4010853171348572,-0.04740867018699646,0.6018473505973816,0.3890867531299591,-0.06436509639024734,0.56941157579422,0.38989314436912537,-0.06892473250627518,0.5433967113494873,0.39474862813949585,-0.07005715370178223,d
0.6575168967247009,0.5082297921180725,-2.2009280087331717e-07,0.609646737575531,0.44596946239471436,0.0021296136546880007,0.5935431122779846,0.3961043953895569,-0.004077946301549673,0.5837823748588562,0.35763826966285706,-0.01384630799293518,0.5726738572120667,0.3243620991706848,-0.02533838152885437,0.6525174975395203,0.318374365568161,-0.01635335013270378,0.6488363146781921,0.2515130937099457,-0.0314207524061203,0.6519521474838257,0.20496299862861633,-0.04241103306412697,0.6542577743530273,0.16413524746894836,-0.05156591534614563,0.6695988178253174,0.3361093997955322,-0.027024542912840843,0.5985804200172424,0.32582682371139526,-0.04688562825322151,0.5548635721206665,0.3378005921840668,-0.05629096180200577,0.528037428855896,0.3474395275115967,-0.06332885473966599,0.6704112887382507,0.3673385679721832,-0.037323229014873505,0.5949087738990784,0.3583061993122101,-0.05741463601589203,0.5545139312744141,0.3656592071056366,-0.06224565953016281,0.5266712307929993,0.37314626574516296,-0.06466539949178696,0.6611440181732178,0.4017692804336548,-0.04724190756678581,0.602240264415741,0.3901807963848114,-0.06421831250190735,0.5701679587364197,0.39062052965164185,-0.06853388994932175,0.5445461869239807,0.39498043060302734,-0.06938862800598145,d
0.6587189435958862,0.5101994276046753,-2.269986651981526e-07,0.6097521781921387,0.44854971766471863,0.0030503547750413418,0.5928795337677002,0.3976486325263977,-0.002651169430464506,0.5827456712722778,0.35845503211021423,-0.012197860516607761,0.5714192390441895,0.3249502182006836,-0.023554133251309395,0.6531929969787598,0.3201284408569336,-0.015091747976839542,0.649202287197113,0.25232675671577454,-0.029749670997262,0.6521684527397156,0.20574289560317993,-0.04054003953933716,0.6544091105461121,0.16460713744163513,-0.04972170665860176,0.6701110601425171,0.33734560012817383,-0.026297157630324364,0.5982430577278137,0.3254889249801636,-0.045637357980012894,0.5547129511833191,0.3370975852012634,-0.05490977317094803,0.5282268524169922,0.34537842869758606,-0.062000829726457596,0.6707029938697815,0.3680281937122345,-0.03712030127644539,0.5944611430168152,0.3574557304382324,-0.056947335600852966,0.5536514520645142,0.3648402988910675,-0.06175759434700012,0.5255122780799866,0.3719513416290283,-0.06429673731327057,0.6609358191490173,0.40208151936531067,-0.0475180558860302,0.6016972064971924,0.38975659012794495,-0.0644414871931076,0.5690454244613647,0.39002764225006104,-0.06889244168996811,0.5429221987724304,0.39406442642211914,-0.06993913650512695,d
0.6587702035903931,0.5106249451637268,-2.1368704494761914e-07,0.6103547811508179,0.44906195998191833,0.0026840302161872387,0.5935741662979126,0.3986744284629822,-0.003340437775477767,0.5829514861106873,0.360269695520401,-0.01322368998080492,0.5711643099784851,0.3267928957939148,-0.024899005889892578,0.653026819229126,0.32014966011047363,-0.014855949208140373,0.649547815322876,0.25167152285575867,-0.03009520098567009,0.653446614742279,0.20400579273700714,-0.04148980230093002,0.65664142370224,0.16225473582744598,-0.05092019587755203,0.6699437499046326,0.33714285492897034,-0.026009289547801018,0.5986737012863159,0.3253825604915619,-0.04620720446109772,0.5549650192260742,0.3373568654060364,-0.05593648925423622,0.528183102607727,0.3471975326538086,-0.06298190355300903,0.670687735080719,0.3675062358379364,-0.03683283179998398,0.5949558019638062,0.35769298672676086,-0.056878186762332916,0.5548151135444641,0.36567026376724243,-0.061493560671806335,0.5271680951118469,0.37370309233665466,-0.06364943087100983,0.6614657044410706,0.40138766169548035,-0.047338467091321945,0.602665364742279,0.389946848154068,-0.06403741240501404,0.571171760559082,0.39103958010673523,-0.06800583004951477,0.5462321043014526,0.3959040939807892,-0.06853210926055908,d
0.6586908102035522,0.5097499489784241,-2.153134630589193e-07,0.610477864742279,0.4481855630874634,0.0026070340536534786,0.5936084389686584,0.3983648121356964,-0.003416677238419652,0.582761824131012,0.3600941300392151,-0.013206562027335167,0.5706515312194824,0.3268824517726898,-0.024777323007583618,0.6530064344406128,0.3195399343967438,-0.015233680605888367,0.649502158164978,0.25101563334465027,-0.030290286988019943,0.6532878875732422,0.2035626769065857,-0.04143901914358139,0.6563119292259216,0.16207337379455566,-0.050696585327386856,0.6699886322021484,0.33663272857666016,-0.02619091048836708,0.5984870791435242,0.32500380277633667,-0.046091873198747635,0.5550209879875183,0.33705833554267883,-0.05557141825556755,0.5284401774406433,0.34722599387168884,-0.06255234032869339,0.6707295775413513,0.36706286668777466,-0.03680514544248581,0.5949051380157471,0.3574772775173187,-0.05670905113220215,0.5549231171607971,0.3652694523334503,-0.06137252226471901,0.5273427367210388,0.3734036982059479,-0.0636402815580368,0.66152423620224,0.400820255279541,-0.04707427695393562,0.6027755737304688,0.3895435035228729,-0.06377316266298294,0.5712293982505798,0.39056646823883057,-0.06785736232995987,0.5460550785064697,0.39556050300598145,-0.06850922107696533,d
0.6586567759513855,0.5093103647232056,-2.1974214803321956e-07,0.609819769859314,0.4478711485862732,0.0030011567287147045,0.5927967429161072,0.3974858522415161,-0.002711182925850153,0.5823469161987305,0.3587188422679901,-0.012207968160510063,0.5706723928451538,0.32557234168052673,-0.023505602031946182,0.6531397700309753,0.3191087543964386,-0.014744952321052551,0.6490951776504517,0.2510509788990021,-0.029357949271798134,0.6527808308601379,0.2038392871618271,-0.040174394845962524,0.6558774709701538,0.16272495687007904,-0.04928801208734512,0.6701720952987671,0.3363707959651947,-0.02581639401614666,0.5987105369567871,0.32447806000709534,-0.045123640447854996,0.5551605224609375,0.3363392949104309,-0.05420491099357605,0.5286334753036499,0.3461053669452667,-0.061080921441316605,0.6708211898803711,0.366888165473938,-0.036543652415275574,0.595171332359314,0.3571259379386902,-0.05611132085323334,0.5548058152198792,0.36467012763023376,-0.06068253144621849,0.5269941091537476,0.3725041449069977,-0.06307775527238846,0.6614165306091309,0.4008183777332306,-0.04689100384712219,0.602731466293335,0.3896271884441376,-0.06345779448747635,0.5709387063980103,0.390916645526886,-0.06757282465696335,0.545669436454773,0.39599478244781494,-0.06838984042406082,d
0.6590283513069153,0.5094830989837646,-2.1932888216724677e-07,0.6096851825714111,0.44853851199150085,0.0029498497024178505,0.5930684804916382,0.39797136187553406,-0.002737390110269189,0.583161473274231,0.35912683606147766,-0.012284508906304836,0.5718534588813782,0.32574692368507385,-0.023673826828598976,0.6533628106117249,0.3195742070674896,-0.014457451179623604,0.6494952440261841,0.25124889612197876,-0.029107673093676567,0.6532896161079407,0.20398253202438354,-0.03997189551591873,0.6563698053359985,0.16263242065906525,-0.04906724765896797,0.6704524159431458,0.336439311504364,-0.025560980662703514,0.5987449884414673,0.3247896730899811,-0.045112792402505875,0.5550527572631836,0.3364855647087097,-0.05443008616566658,0.5283287167549133,0.34592175483703613,-0.061320364475250244,0.6711469292640686,0.36662647128105164,-0.036317456513643265,0.5953161716461182,0.3567713797092438,-0.05611623451113701,0.5546286702156067,0.36409974098205566,-0.06074237450957298,0.5264827013015747,0.3716161549091339,-0.06300803273916245,0.6615613698959351,0.40011054277420044,-0.046699509024620056,0.6030774712562561,0.38886576890945435,-0.06324222683906555,0.5714159607887268,0.3903062045574188,-0.06719496846199036,0.5462573766708374,0.39541444182395935,-0.06779403984546661,d
0.6588095426559448,0.507729172706604,-2.1730112109707989e-07,0.6098026037216187,0.4466581642627716,0.0025432754773646593,0.5936603546142578,0.39694473147392273,-0.0034530176781117916,0.5846220850944519,0.3583516776561737,-0.013057902455329895,0.5737630128860474,0.3248702585697174,-0.02448265068233013,0.6533823013305664,0.3186988830566406,-0.0160065907984972,0.6499134302139282,0.2506929039955139,-0.030986635014414787,0.6536799073219299,0.20355433225631714,-0.04202242195606232,0.6566212773323059,0.1622079312801361,-0.05123486369848251,0.6705932021141052,0.3359413743019104,-0.026733417063951492,0.5991184711456299,0.324432909488678,-0.046226825565099716,0.5554126501083374,0.3361009955406189,-0.055288590490818024,0.5287100672721863,0.34533149003982544,-0.06216800585389137,0.6713037490844727,0.3661622107028961,-0.03706972673535347,0.5952908396720886,0.3568681478500366,-0.0567413792014122,0.5547379851341248,0.3641185164451599,-0.06113138794898987,0.5269020199775696,0.3714601993560791,-0.06338976323604584,0.661858320236206,0.3994981348514557,-0.04704020544886589,0.6024851202964783,0.3890196979045868,-0.0636259987950325,0.5706771612167358,0.39032304286956787,-0.0675840899348259,0.5455706715583801,0.3951132297515869,-0.06824779510498047,d
0.6599341630935669,0.5093738436698914,-2.192796415556586e-07,0.6099340319633484,0.44839006662368774,0.002601734595373273,0.5933103561401367,0.39759838581085205,-0.0031527255196124315,0.5839619636535645,0.3584403991699219,-0.012591215781867504,0.5729939937591553,0.3250114917755127,-0.023819591850042343,0.6539621949195862,0.31934455037117004,-0.01541023701429367,0.6502411961555481,0.2511324882507324,-0.03023395501077175,0.6536886692047119,0.20400796830654144,-0.04118611291050911,0.6563153862953186,0.16258582472801208,-0.050455257296562195,0.6711875200271606,0.3362961411476135,-0.026303205639123917,0.5996432900428772,0.3237491846084595,-0.04560740292072296,0.5560852289199829,0.336141973733902,-0.05460360646247864,0.5297547578811646,0.34549883008003235,-0.061475347727537155,0.671830415725708,0.36634689569473267,-0.03689887374639511,0.5958197712898254,0.3558342158794403,-0.05668912082910538,0.5549991726875305,0.36371302604675293,-0.06133662536740303,0.5271183252334595,0.3715460002422333,-0.0637570396065712,0.6620638966560364,0.39985406398773193,-0.04713215306401253,0.6028391122817993,0.3881995379924774,-0.06400690972805023,0.570571780204773,0.3893536925315857,-0.06841009110212326,0.545085608959198,0.3943997025489807,-0.06942744553089142,d
0.6590158939361572,0.508642315864563,-2.1864236998681008e-07,0.6098472476005554,0.4473907947540283,0.002189363120123744,0.5937027335166931,0.3971228003501892,-0.003773964010179043,0.5848231911659241,0.35806193947792053,-0.013322948478162289,0.5744706988334656,0.32405519485473633,-0.02464141510426998,0.6537654399871826,0.31881704926490784,-0.015944795683026314,0.6500183343887329,0.25088340044021606,-0.03094925545156002,0.6536087393760681,0.20375068485736847,-0.041934188455343246,0.6564707159996033,0.162270650267601,-0.05115876719355583,0.6710753440856934,0.3359675407409668,-0.026600012555718422,0.5994205474853516,0.3241437077522278,-0.04625047370791435,0.5553871393203735,0.3362533748149872,-0.05544115602970123,0.5285429358482361,0.34565913677215576,-0.062402546405792236,0.6718869805335999,0.3661037087440491,-0.03695318475365639,0.5955935120582581,0.356448233127594,-0.05699658766388893,0.5546073317527771,0.3642030954360962,-0.06171064078807831,0.5265633463859558,0.3719519376754761,-0.0641256794333458,0.6624934673309326,0.39946019649505615,-0.04696599394083023,0.6029696464538574,0.3885858654975891,-0.06396731734275818,0.5708920359611511,0.3898830711841583,-0.06835980713367462,0.5455513596534729,0.3948398530483246,-0.0693204402923584,d
0.6592674851417542,0.5085924863815308,-2.218171601953145e-07,0.6093716621398926,0.4471352696418762,0.002603274304419756,0.5926868915557861,0.39667925238609314,-0.0032438558991998434,0.5830936431884766,0.3579455614089966,-0.012753010727465153,0.5721875429153442,0.32451942563056946,-0.02409287542104721,0.6535323262214661,0.31859996914863586,-0.015871834009885788,0.6503132581710815,0.2506439685821533,-0.030876705422997475,0.653865396976471,0.20361082255840302,-0.04203226789832115,0.6564761996269226,0.16197095811367035,-0.051489345729351044,0.6710317134857178,0.3356582522392273,-0.026851214468479156,0.5996520519256592,0.32398754358291626,-0.0463169701397419,0.556161105632782,0.3362704813480377,-0.055479906499385834,0.5298342704772949,0.3455570936203003,-0.06253200024366379,0.6718745231628418,0.3660777509212494,-0.037492237985134125,0.595784068107605,0.3561224937438965,-0.05745239555835724,0.5550041198730469,0.36367708444595337,-0.06214512139558792,0.5271103978157043,0.37119171023368835,-0.06463724374771118,0.6624448895454407,0.3998275697231293,-0.0477561429142952,0.60274338722229,0.3887251317501068,-0.06484290212392807,0.5704540610313416,0.39006930589675903,-0.06922895461320877,0.5449607372283936,0.3951188325881958,-0.07022783160209656,d
0.6593004465103149,0.5090676546096802,-2.2106793551301962e-07,0.6104916930198669,0.4473196268081665,0.002622478175908327,0.5941935777664185,0.3965962827205658,-0.00310043478384614,0.5854992270469666,0.3573686480522156,-0.012424587272107601,0.5748723149299622,0.32368627190589905,-0.023496169596910477,0.6540484428405762,0.3184107542037964,-0.015581727959215641,0.6502136588096619,0.2503082752227783,-0.030604742467403412,0.6539638042449951,0.20295841991901398,-0.04170074313879013,0.656874418258667,0.161701500415802,-0.05099715664982796,0.6714543104171753,0.33564233779907227,-0.026457110419869423,0.5997539758682251,0.3231680691242218,-0.0459788478910923,0.5559793710708618,0.3354140520095825,-0.05499236658215523,0.5291580557823181,0.34526240825653076,-0.061784833669662476,0.672164261341095,0.36608272790908813,-0.037036243826150894,0.5958183407783508,0.3562171757221222,-0.056920211762189865,0.5551400780677795,0.3639579713344574,-0.0616154707968235,0.5271644592285156,0.3719225525856018,-0.06403210759162903,0.6625046730041504,0.4001408517360687,-0.047241032123565674,0.6026857495307922,0.38920652866363525,-0.06425803154706955,0.5703891515731812,0.39051851630210876,-0.06870397925376892,0.5447660088539124,0.3955906331539154,-0.06970253586769104,d
0.658836305141449,0.5087966918945312,-2.245520107635457e-07,0.6094380617141724,0.44656017422676086,0.002357001882046461,0.5930352210998535,0.3960489332675934,-0.0036943957675248384,0.583942174911499,0.3571305572986603,-0.013342181220650673,0.5733907222747803,0.3238002359867096,-0.02482304722070694,0.6542237401008606,0.31810736656188965,-0.016238078474998474,0.6502938270568848,0.25062644481658936,-0.031615931540727615,0.6534755229949951,0.20379501581192017,-0.04306996241211891,0.6557278037071228,0.16256827116012573,-0.052675336599349976,0.6716369986534119,0.33566704392433167,-0.02706490457057953,0.6000867486000061,0.32320329546928406,-0.04678540676832199,0.5563977956771851,0.33570703864097595,-0.05597147345542908,0.5296366810798645,0.3452768325805664,-0.0629868358373642,0.6722778081893921,0.3664248287677765,-0.03759562596678734,0.5958733558654785,0.35637205839157104,-0.05753042921423912,0.5553398728370667,0.3639615774154663,-0.06208942458033562,0.5276716351509094,0.3714216351509094,-0.06449653953313828,0.6625381112098694,0.40061214566230774,-0.04777366295456886,0.6026957631111145,0.38940754532814026,-0.06470067799091339,0.5704236626625061,0.39046144485473633,-0.0690116435289383,0.54501873254776,0.39504384994506836,-0.07000075280666351,d
0.6589539647102356,0.508793830871582,-2.23803425569713e-07,0.6097537875175476,0.44741272926330566,0.0021784158889204264,0.5927990674972534,0.3971767723560333,-0.0038737815339118242,0.5831453800201416,0.3585652709007263,-0.013480733148753643,0.5720426440238953,0.32561343908309937,-0.024887779727578163,0.6535850763320923,0.31848055124282837,-0.016325587406754494,0.649920642375946,0.25068867206573486,-0.03171870484948158,0.653201162815094,0.20356403291225433,-0.04318970814347267,0.6554619669914246,0.1622021198272705,-0.05279534310102463,0.6709808111190796,0.3357238471508026,-0.02701091580092907,0.5996792912483215,0.3234022855758667,-0.04673964902758598,0.5562753081321716,0.3354712724685669,-0.056037042289972305,0.5295992493629456,0.34501326084136963,-0.06310050934553146,0.6717882752418518,0.36635398864746094,-0.03740338608622551,0.5959740281105042,0.35620707273483276,-0.05752028152346611,0.5554553866386414,0.3632093071937561,-0.062375519424676895,0.5272907018661499,0.37057405710220337,-0.06490974873304367,0.6621954441070557,0.400530606508255,-0.047435689717531204,0.6029202938079834,0.3891727328300476,-0.06470080465078354,0.570321798324585,0.38982629776000977,-0.06928366422653198,0.5441146492958069,0.39433422684669495,-0.07037482410669327,d
