0.7019261717796326,0.8204071521759033,4.1419119156671513e-07,0.658859133720398,0.7908113598823547,-0.02032911404967308,0.6424996256828308,0.7414510846138,-0.0337674617767334,0.6630067825317383,0.6987545490264893,-0.04590156301856041,0.6798029541969299,0.670753538608551,-0.0564785860478878,0.6627874374389648,0.6660190224647522,-0.030660133808851242,0.6620654463768005,0.5876308083534241,-0.048640619963407516,0.6651904582977295,0.5422171354293823,-0.05796821787953377,0.6689985394477844,0.5076478719711304,-0.06175585836172104,0.6955835223197937,0.6610184907913208,-0.03028987906873226,0.6909089088439941,0.5796322822570801,-0.04916998744010925,0.6894481182098389,0.5306147336959839,-0.058402907103300095,0.6897143721580505,0.49550238251686096,-0.06113212928175926,0.7252719402313232,0.6724424362182617,-0.030886637046933174,0.7132039070129395,0.6497266292572021,-0.052710022777318954,0.7025496363639832,0.6849125623703003,-0.05430949851870537,0.6980843544006348,0.7148919701576233,-0.0478285551071167,0.7505121827125549,0.6931731700897217,-0.03266667574644089,0.737382173538208,0.6739709973335266,-0.045795150101184845,0.7246866822242737,0.6981783509254456,-0.041117988526821136,0.7194181680679321,0.7206355929374695,-0.032654862850904465,u
0.7029354572296143,0.8157159686088562,4.3944572780674207e-07,0.6596554517745972,0.790401041507721,-0.02244028076529503,0.6423556804656982,0.7436529397964478,-0.03693196922540665,0.6623638272285461,0.7015581727027893,-0.04966836795210838,0.6787854433059692,0.6729232668876648,-0.06078103557229042,0.6610032320022583,0.6656867265701294,-0.033774394541978836,0.659626305103302,0.5873408317565918,-0.05355430021882057,0.6632599830627441,0.5409975051879883,-0.06384816765785217,0.6675061583518982,0.5058126449584961,-0.06808473914861679,0.6939652562141418,0.6601086854934692,-0.0329446941614151,0.6891515851020813,0.5804250836372375,-0.05390319228172302,0.6877685785293579,0.5316160917282104,-0.0636797770857811,0.6881426572799683,0.4956686794757843,-0.06630521267652512,0.7234507203102112,0.6714122295379639,-0.03323396295309067,0.7131927609443665,0.6523424386978149,-0.05732540786266327,0.7038459777832031,0.6881695985794067,-0.05919795110821724,0.6999799013137817,0.7184329032897949,-0.05225983262062073,0.7486521601676941,0.6924014687538147,-0.03480694442987442,0.7365864515304565,0.6776270270347595,-0.04984010010957718,0.7247065305709839,0.703230082988739,-0.04558064788579941,0.7194284796714783,0.7265634536743164,-0.036901019513607025,u
0.6864254474639893,0.7755348682403564,5.407187018136028e-07,0.6463800072669983,0.7406536340713501,-0.01743120700120926,0.6293109059333801,0.6831628084182739,-0.027993805706501007,0.657748281955719,0.6440630555152893,-0.03985317796468735,0.6854223608970642,0.6255313158035278,-0.05136454850435257,0.643214225769043,0.6097041964530945,-0.01457171980291605,0.642773449420929,0.5421329140663147,-0.03251522779464722,0.6448277831077576,0.4977119565010071,-0.04490726813673973,0.6479564905166626,0.45856308937072754,-0.05232327803969383,0.6741059422492981,0.6074520945549011,-0.018527358770370483,0.669963538646698,0.5320158004760742,-0.03926457464694977,0.6669183969497681,0.48252537846565247,-0.05169766768813133,0.6670582890510559,0.44026851654052734,-0.05659991130232811,0.7040663957595825,0.6206696033477783,-0.024575093761086464,0.6982397437095642,0.5828467607498169,-0.052538350224494934,0.6909737586975098,0.6309653520584106,-0.05364753678441048,0.6888954639434814,0.6697178483009338,-0.044805288314819336,0.7328934073448181,0.6440293192863464,-0.03182379528880119,0.7233046293258667,0.6137036085128784,-0.05072936415672302,0.713269829750061,0.6481310129165649,-0.04545517638325691,0.7097426056861877,0.6775375604629517,-0.03545892983675003,u
0.6852131485939026,0.7668137550354004,4.5346399701884366e-07,0.6470822691917419,0.7395767569541931,-0.020449653267860413,0.6299089193344116,0.6845071911811829,-0.03249043598771095,0.6570569276809692,0.6454474925994873,-0.044900648295879364,0.6770457625389099,0.6254306435585022,-0.056799113750457764,0.642880916595459,0.6040963530540466,-0.022082237526774406,0.6418534517288208,0.5344671010971069,-0.04221370071172714,0.6440595984458923,0.48884978890419006,-0.05523597076535225,0.6473630666732788,0.45021671056747437,-0.06282635778188705,0.6736902594566345,0.6016929745674133,-0.02567017450928688,0.6674802899360657,0.5232715010643005,-0.04803094267845154,0.6655074954032898,0.4751856029033661,-0.060677725821733475,0.6666151285171509,0.43447020649909973,-0.06573423743247986,0.7036762237548828,0.616362452507019,-0.03133819252252579,0.6984708905220032,0.5866814255714417,-0.059806279838085175,0.689514696598053,0.6346062421798706,-0.060958944261074066,0.6856380701065063,0.671055257320404,-0.05272785946726799,0.7312448024749756,0.6424161791801453,-0.03859689086675644,0.7222095727920532,0.6185154914855957,-0.05749616399407387,0.7108134031295776,0.6525250673294067,-0.05246930569410324,0.7058809399604797,0.6799059510231018,-0.043319329619407654,u
0.6753010749816895,0.7294270396232605,4.614327622221026e-07,0.6371504664421082,0.7014102935791016,-0.01867501810193062,0.6168678998947144,0.6462157368659973,-0.029151136055588722,0.6345377564430237,0.5982894897460938,-0.039994921535253525,0.6510881781578064,0.568308413028717,-0.05021987855434418,0.6290732026100159,0.56317138671875,-0.017213808372616768,0.6271929740905762,0.4956197142601013,-0.03575201332569122,0.6292607188224792,0.4514111280441284,-0.04889700189232826,0.6332546472549438,0.4139847159385681,-0.057158153504133224,0.6583644151687622,0.5619066953659058,-0.021056296303868294,0.6500318050384521,0.4838854968547821,-0.04057266190648079,0.6462038159370422,0.4386705756187439,-0.05279190093278885,0.6470592021942139,0.39980578422546387,-0.05853452906012535,0.6880443692207336,0.5783607363700867,-0.027059825137257576,0.6823000311851501,0.5379403233528137,-0.053729645907878876,0.6715216040611267,0.5793642997741699,-0.05585457384586334,0.6675999164581299,0.6131836771965027,-0.04942779242992401,0.7151290774345398,0.6056181788444519,-0.034511979669332504,0.7042774558067322,0.5790978074073792,-0.05485949292778969,0.6922154426574707,0.6060866713523865,-0.0529356375336647,0.6881293654441833,0.6292061805725098,-0.04610518366098404,u
0.6756988167762756,0.7324672937393188,3.771088756820973e-07,0.6354919075965881,0.7040096521377563,-0.01727393828332424,0.6166568994522095,0.6450366377830505,-0.02656939998269081,0.6372727155685425,0.595974326133728,-0.036730121821165085,0.6539230346679688,0.5666221976280212,-0.046356264501810074,0.6296918392181396,0.565162181854248,-0.016251739114522934,0.6272768378257751,0.49605149030685425,-0.034269388765096664,0.6297491192817688,0.45223841071128845,-0.047380927950143814,0.6346142292022705,0.414676308631897,-0.05594252794981003,0.6587075591087341,0.5632750988006592,-0.020533768460154533,0.6492137312889099,0.4852849245071411,-0.038855791091918945,0.6465585827827454,0.43855053186416626,-0.051353126764297485,0.6487573385238647,0.3999291658401489,-0.05812764912843704,0.6874644756317139,0.5786391496658325,-0.026916803792119026,0.6813711524009705,0.5348929762840271,-0.05094502866268158,0.6718564033508301,0.5722933411598206,-0.0536162331700325,0.6682960987091064,0.6066413521766663,-0.04883747920393944,0.7141547203063965,0.604971170425415,-0.03489074483513832,0.7027097940444946,0.5758568048477173,-0.053463418036699295,0.6901114583015442,0.6002218723297119,-0.05209939181804657,0.6846935749053955,0.6254326105117798,-0.04649759456515312,u
0.6659325957298279,0.7022444009780884,3.859682919937768e-07,0.6266011595726013,0.6713663935661316,-0.015400608070194721,0.6062301993370056,0.6178238987922668,-0.0249246284365654,0.6228938102722168,0.5683529376983643,-0.03558278828859329,0.6438453197479248,0.5381789803504944,-0.04572291672229767,0.6169224381446838,0.5400941967964172,-0.012134251184761524,0.6141687631607056,0.47305938601493835,-0.029589522629976273,0.615058183670044,0.4302939474582672,-0.0421440452337265,0.6176014542579651,0.393480122089386,-0.050293825566768646,0.6453481316566467,0.5369813442230225,-0.017135633155703545,0.6359966397285461,0.4606880247592926,-0.03529790788888931,0.6321736574172974,0.41729736328125,-0.04784052446484566,0.631956160068512,0.3800205588340759,-0.05442264303565025,0.6747472882270813,0.5499436259269714,-0.02428460866212845,0.6692742109298706,0.5073326826095581,-0.04959430918097496,0.6587741374969482,0.5399932861328125,-0.05456509068608284,0.6535306572914124,0.5695098638534546,-0.051052276045084,0.702061653137207,0.5732241868972778,-0.03257741779088974,0.6893758773803711,0.5523830056190491,-0.051741067320108414,0.6766554117202759,0.5740674734115601,-0.0519772432744503,0.6708876490592957,0.5947879552841187,-0.0475090816617012,u
0.6659478545188904,0.7009703516960144,3.6454875385061314e-07,0.6269795298576355,0.6707618236541748,-0.015455001033842564,0.606952428817749,0.614218533039093,-0.024346159771084785,0.6269389986991882,0.5630596876144409,-0.034526873379945755,0.6507649421691895,0.5350170135498047,-0.04441466182470322,0.6179102063179016,0.5388718843460083,-0.012962124310433865,0.6147132515907288,0.471748948097229,-0.030141683295369148,0.6155214309692383,0.42991477251052856,-0.04272232949733734,0.6186978220939636,0.3933272361755371,-0.051324423402547836,0.646649181842804,0.5372474789619446,-0.01834886521100998,0.6376486420631409,0.4607704281806946,-0.03679152578115463,0.6326211094856262,0.41614389419555664,-0.05056324601173401,0.6318578720092773,0.37799006700515747,-0.05845068767666817,0.6762036681175232,0.5515077114105225,-0.025577912107110023,0.6714445948600769,0.5080060958862305,-0.04962771758437157,0.6576681137084961,0.544063150882721,-0.0531667098402977,0.6496694684028625,0.5748853087425232,-0.04940652474761009,0.7039245367050171,0.5763896703720093,-0.034185390919446945,0.6914416551589966,0.5534846186637878,-0.05276037007570267,0.6780638098716736,0.5795264840126038,-0.05163216218352318,0.6719072461128235,0.6030843257904053,-0.046555448323488235,u
0.6550804376602173,0.6843075752258301,3.6217483057043864e-07,0.6160326600074768,0.653210461139679,-0.012239427305758,0.5970770120620728,0.5969042778015137,-0.019480044022202492,0.6153183579444885,0.5475813150405884,-0.028790004551410675,0.6374719738960266,0.5240300297737122,-0.03807253763079643,0.60854572057724,0.5270401239395142,-0.009810210205614567,0.6041859984397888,0.4613991975784302,-0.02596093900501728,0.6045385599136353,0.4199133813381195,-0.03665226325392723,0.6064388155937195,0.3836682438850403,-0.04331456124782562,0.6366655230522156,0.5235192179679871,-0.016127632930874825,0.6273048520088196,0.4467872381210327,-0.03436003252863884,0.622551441192627,0.4043022096157074,-0.04496430233120918,0.6211970448493958,0.3678629994392395,-0.04930483549833298,0.6660194993019104,0.535575807094574,-0.02415519580245018,0.6589609980583191,0.49305689334869385,-0.050800614058971405,0.6475734114646912,0.5395475625991821,-0.05189727991819382,0.6423630714416504,0.5771009922027588,-0.04414733126759529,0.6938194036483765,0.5586839914321899,-0.03297397866845131,0.6809372305870056,0.5336510539054871,-0.052175916731357574,0.6681995987892151,0.5660717487335205,-0.048573631793260574,0.6629855036735535,0.5940130352973938,-0.040599312633275986,u
0.6533461213111877,0.6840841174125671,3.353651436555083e-07,0.6161473393440247,0.6532727479934692,-0.013401943258941174,0.5988853573799133,0.5973430275917053,-0.021647505462169647,0.6174752712249756,0.547837495803833,-0.03186678886413574,0.6397867798805237,0.5219206809997559,-0.041901055723428726,0.6083656549453735,0.5272471308708191,-0.011685775592923164,0.6028338670730591,0.46062588691711426,-0.02866019867360592,0.602654755115509,0.41979387402534485,-0.03983142599463463,0.6050006747245789,0.38333961367607117,-0.04674684256315231,0.6368677616119385,0.5238900184631348,-0.017784129828214645,0.6279831528663635,0.4482286870479584,-0.03692993149161339,0.6228582262992859,0.40452975034713745,-0.049105942249298096,0.6214168071746826,0.36713042855262756,-0.054793473333120346,0.6663491129875183,0.5359320044517517,-0.02548755705356598,0.6583447456359863,0.49538639187812805,-0.05119417607784271,0.6454028487205505,0.5399096012115479,-0.052283406257629395,0.6388817429542542,0.57606041431427,-0.0452260859310627,0.6940047144889832,0.5589678883552551,-0.03422778844833374,0.6794378161430359,0.5364354848861694,-0.05185942351818085,0.6671165823936462,0.5678327083587646,-0.04755828157067299,0.6627846956253052,0.595040500164032,-0.03955913707613945,u
0.6487988829612732,0.6787002086639404,3.5436636380836717e-07,0.60968017578125,0.6447734832763672,-0.014952556230127811,0.5912798047065735,0.5887708067893982,-0.023007366806268692,0.6112968325614929,0.5382171273231506,-0.03308424353599548,0.6360154747962952,0.5111273527145386,-0.042510274797677994,0.6000935435295105,0.5212498903274536,-0.007257630117237568,0.5940006375312805,0.4565095901489258,-0.02449031174182892,0.593731701374054,0.4154074788093567,-0.03624621406197548,0.5948306322097778,0.37909138202667236,-0.0435158833861351,0.6273358464241028,0.5179545879364014,-0.012681970372796059,0.6186783313751221,0.4438498318195343,-0.031912099570035934,0.6125853657722473,0.4020119607448578,-0.043089788407087326,0.6104575991630554,0.3645261824131012,-0.04768827557563782,0.655400276184082,0.5302428603172302,-0.020688846707344055,0.6520615220069885,0.488681823015213,-0.04803664982318878,0.6419041752815247,0.5371696352958679,-0.047848235815763474,0.6376509070396423,0.5748476386070251,-0.03876296058297157,0.6821132302284241,0.5540323257446289,-0.030055584385991096,0.673922061920166,0.5250826478004456,-0.048952169716358185,0.6632857322692871,0.5574163794517517,-0.04425985738635063,0.6590818762779236,0.5852100849151611,-0.03535246476531029,u
0.6488291621208191,0.6797551512718201,3.4944071103382157e-07,0.6108651757240295,0.6457062363624573,-0.014641782268881798,0.5931474566459656,0.5908992886543274,-0.022836124524474144,0.6113417148590088,0.5403513312339783,-0.03313570097088814,0.6345763802528381,0.512498676776886,-0.04280105233192444,0.6007755994796753,0.5238962173461914,-0.007761841639876366,0.5950104594230652,0.4586884081363678,-0.024873889982700348,0.5936594009399414,0.4174523651599884,-0.036909069865942,0.5944192409515381,0.3804478943347931,-0.04462404549121857,0.6273286938667297,0.5189700126647949,-0.01329052448272705,0.6187284588813782,0.4462741017341614,-0.03281895071268082,0.6136376261711121,0.4025598168373108,-0.04576157405972481,0.6118894815444946,0.36442917585372925,-0.05215589702129364,0.6550330519676208,0.5295707583427429,-0.02102830447256565,0.653305172920227,0.4870985150337219,-0.04784355312585831,0.6432315111160278,0.5335002541542053,-0.04883183166384697,0.6373319625854492,0.5708921551704407,-0.041310302913188934,0.6812288761138916,0.5521807074546814,-0.030079560354351997,0.6729868650436401,0.5255972743034363,-0.04885444790124893,0.6631014347076416,0.5565361380577087,-0.0447891429066658,0.6585853695869446,0.5842388272285461,-0.03666231036186218,u
0.6424546837806702,0.6743634343147278,3.664767405098246e-07,0.6041726469993591,0.6428356170654297,-0.014698958024382591,0.58672034740448,0.5863392949104309,-0.02281356230378151,0.6060559153556824,0.5348701477050781,-0.032779790461063385,0.6306393146514893,0.5067724585533142,-0.04210199415683746,0.594946563243866,0.5222815871238708,-0.009081111289560795,0.588769793510437,0.4573856592178345,-0.026091016829013824,0.5877134203910828,0.4160459637641907,-0.0373641774058342,0.5887662768363953,0.3797764778137207,-0.04433448985219002,0.6208347082138062,0.5187016129493713,-0.014252695254981518,0.6130126118659973,0.44422855973243713,-0.0339125394821167,0.6078057289123535,0.40037721395492554,-0.04595968872308731,0.6066142916679382,0.3622812032699585,-0.05153284966945648,0.6477125883102417,0.5301057696342468,-0.02156367339193821,0.6474759578704834,0.4867698848247528,-0.048631228506565094,0.636547327041626,0.5335425734519958,-0.049193330109119415,0.6303333044052124,0.5703554153442383,-0.04114667326211929,0.6734570264816284,0.5522401332855225,-0.030104458332061768,0.6674904823303223,0.523246169090271,-0.049102265387773514,0.6567574143409729,0.5552657842636108,-0.0450347438454628,0.6508471369743347,0.583331286907196,-0.036845363676548004,u
0.6421487331390381,0.674686074256897,3.358140361342521e-07,0.606314480304718,0.6427991390228271,-0.014386279508471489,0.5897925496101379,0.5877313017845154,-0.022576255723834038,0.6070900559425354,0.5371441841125488,-0.03262883797287941,0.6301815509796143,0.5083532929420471,-0.041991543024778366,0.5967758893966675,0.5205065011978149,-0.009555849246680737,0.5901753306388855,0.45598965883255005,-0.026436015963554382,0.5880964994430542,0.41522422432899475,-0.03822102025151253,0.5883384346961975,0.3784904181957245,-0.0460519939661026,0.622579038143158,0.5171288251876831,-0.014954733662307262,0.6140605807304382,0.444579541683197,-0.03394123911857605,0.6081167459487915,0.40135183930397034,-0.04662700742483139,0.6061793565750122,0.36255353689193726,-0.053406912833452225,0.6497438549995422,0.5294101238250732,-0.022281425073742867,0.6490331292152405,0.4835532307624817,-0.048003874719142914,0.6365519165992737,0.5296309590339661,-0.04852631315588951,0.629054844379425,0.5659713745117188,-0.041452646255493164,0.6758413314819336,0.5532591938972473,-0.030906932428479195,0.6685710549354553,0.5261027812957764,-0.04980657994747162,0.6568662524223328,0.5560498237609863,-0.04640323296189308,0.6505361199378967,0.5818490982055664,-0.0390707403421402,u
0.6410718560218811,0.675898015499115,3.483335717646696e-07,0.6039783954620361,0.6438711881637573,-0.015824902802705765,0.5870082378387451,0.5899327993392944,-0.024366557598114014,0.6045176386833191,0.5373761653900146,-0.0344264917075634,0.6267682313919067,0.5053732395172119,-0.04371489956974983,0.592559278011322,0.5266658663749695,-0.009743798524141312,0.5862672924995422,0.46163779497146606,-0.02751820720732212,0.5851169228553772,0.420004278421402,-0.03919503465294838,0.5855569839477539,0.3829348683357239,-0.04616571217775345,0.618621289730072,0.5213258862495422,-0.01434140931814909,0.6107221245765686,0.44574111700057983,-0.034501031041145325,0.6055957674980164,0.40194475650787354,-0.04653122276067734,0.6034246683120728,0.36439722776412964,-0.051808953285217285,0.6453148126602173,0.5316240787506104,-0.021224023774266243,0.6442198753356934,0.48829108476638794,-0.04954759031534195,0.6353902220726013,0.5337526798248291,-0.050603337585926056,0.6301079392433167,0.5703849792480469,-0.04246821254491806,0.6707811951637268,0.5531449913978577,-0.029297729954123497,0.665736734867096,0.5221007466316223,-0.048996880650520325,0.6559546589851379,0.5538613796234131,-0.044770386070013046,0.6498482823371887,0.5830209255218506,-0.03620105981826782,u
0.6403169631958008,0.6751317381858826,3.426905550441006e-07,0.6039910316467285,0.6435251832008362,-0.014862832613289356,0.5870612263679504,0.5898755192756653,-0.023166555911302567,0.6042617559432983,0.5389085412025452,-0.033170487731695175,0.62662273645401,0.5084347724914551,-0.042500127106904984,0.593174397945404,0.5235589742660522,-0.009404524229466915,0.5867960453033447,0.45971283316612244,-0.02635563723742962,0.584831953048706,0.4191548228263855,-0.038384534418582916,0.5849578380584717,0.38203614950180054,-0.046466752886772156,0.6189953684806824,0.5191363096237183,-0.014544443227350712,0.6102370023727417,0.4459155797958374,-0.03385461866855621,0.6052319407463074,0.40249478816986084,-0.04683846980333328,0.6035498976707458,0.36414098739624023,-0.05386849120259285,0.6458697319030762,0.5303663015365601,-0.021716568619012833,0.6457674503326416,0.48358091711997986,-0.04858475923538208,0.6353650093078613,0.5290275812149048,-0.050165459513664246,0.6283147931098938,0.5658701658248901,-0.043706201016902924,0.671807050704956,0.553214430809021,-0.03012734279036522,0.6663401126861572,0.5247766375541687,-0.05035238340497017,0.6555026769638062,0.5555388331413269,-0.047727156430482864,0.6483922600746155,0.5830423831939697,-0.040899213403463364,u
0.6388483643531799,0.6758853793144226,3.511068200623413e-07,0.6028037071228027,0.6459418535232544,-0.015697849914431572,0.585477352142334,0.590287446975708,-0.024221278727054596,0.6033639311790466,0.5380066633224487,-0.03415437787771225,0.6258931756019592,0.5072951316833496,-0.04331045225262642,0.590961217880249,0.5254577398300171,-0.010902334935963154,0.5843627452850342,0.45993566513061523,-0.02801564149558544,0.5829475522041321,0.4190214276313782,-0.03932759910821915,0.5838033556938171,0.3831048607826233,-0.04658442363142967,0.6169539093971252,0.5210644006729126,-0.01565791293978691,0.6085567474365234,0.4463297128677368,-0.035740163177251816,0.6032178997993469,0.40330585837364197,-0.048298951238393784,0.6017565131187439,0.3661605715751648,-0.05445890501141548,0.6439708471298218,0.5325254201889038,-0.02242148108780384,0.6430494785308838,0.48563137650489807,-0.04960786923766136,0.6325836181640625,0.5322249531745911,-0.049842674285173416,0.6263077259063721,0.5687361359596252,-0.04200359061360359,0.6698635220527649,0.555144727230072,-0.030473483726382256,0.6634630560874939,0.5247030854225159,-0.050426334142684937,0.6532657742500305,0.5561026334762573,-0.04664026200771332,0.6475483179092407,0.5834318399429321,-0.038709379732608795,u
0.6384544968605042,0.675315797328949,3.501561423036037e-07,0.6024259924888611,0.6454086303710938,-0.015108372084796429,0.5846603512763977,0.5900024175643921,-0.023430904373526573,0.6027724146842957,0.538375198841095,-0.03329039737582207,0.6265841126441956,0.5091912150382996,-0.04245733097195625,0.5906626582145691,0.5246953368186951,-0.010512229986488819,0.5845305919647217,0.45943838357925415,-0.02731424942612648,0.5828755497932434,0.4186587929725647,-0.03866809979081154,0.5833709239959717,0.3824710249900818,-0.04619507119059563,0.6168366074562073,0.5204907655715942,-0.015407751314342022,0.608586311340332,0.44645291566848755,-0.035065989941358566,0.6030541658401489,0.4033447504043579,-0.04765906557440758,0.6012704968452454,0.3657272160053253,-0.054158765822649,0.6438770294189453,0.531791627407074,-0.02222587913274765,0.6437527537345886,0.4843977987766266,-0.04876168072223663,0.6329230070114136,0.5314791202545166,-0.048954375088214874,0.626239538192749,0.5682893395423889,-0.04144025966525078,0.6698583364486694,0.5541688203811646,-0.0303511880338192,0.6634223461151123,0.5254794359207153,-0.050214678049087524,0.6530156135559082,0.5572137832641602,-0.04682723805308342,0.6471976041793823,0.5840888023376465,-0.03935231640934944,u
0.6352052688598633,0.6740341186523438,3.544154481005535e-07,0.5994669198989868,0.6426771283149719,-0.015484319068491459,0.5827747583389282,0.5897831320762634,-0.024689702317118645,0.6013071537017822,0.539867103099823,-0.03553345426917076,0.6236074566841125,0.5097182393074036,-0.045632947236299515,0.5901254415512085,0.5254161357879639,-0.011624292470514774,0.5836499929428101,0.4603622555732727,-0.02937161549925804,0.5817562341690063,0.4195886552333832,-0.04133583977818489,0.5824002623558044,0.38294392824172974,-0.0490901842713356,0.6157997250556946,0.5213257074356079,-0.016726471483707428,0.6078842878341675,0.44799941778182983,-0.03744879364967346,0.602323591709137,0.40527182817459106,-0.05072949454188347,0.6009554862976074,0.3675590753555298,-0.05759403109550476,0.6422789692878723,0.5328211784362793,-0.02372387796640396,0.642521321773529,0.48775514960289,-0.051058538258075714,0.6313230395317078,0.5347358584403992,-0.051156193017959595,0.6247786283493042,0.5713034868240356,-0.043326444923877716,0.6672569513320923,0.5559203028678894,-0.03204348310828209,0.6620796322822571,0.5255882740020752,-0.05161091312766075,0.6515636444091797,0.5560660362243652,-0.04738330468535423,0.6454571485519409,0.582821249961853,-0.03926260769367218,u
0.6349788904190063,0.6722457408905029,3.50595030340628e-07,0.5992937684059143,0.6418335437774658,-0.01565011404454708,0.5827280879020691,0.5887593626976013,-0.02451450377702713,0.6016163229942322,0.5389030575752258,-0.034939222037792206,0.6253075003623962,0.5094123482704163,-0.044473472982645035,0.5897123217582703,0.5247183442115784,-0.010684341192245483,0.5834017992019653,0.46034523844718933,-0.02808982878923416,0.5816668272018433,0.41956570744514465,-0.039785921573638916,0.5824326276779175,0.3832789361476898,-0.04737538844347,0.6153171062469482,0.5199505686759949,-0.015254882164299488,0.6073388457298279,0.44785940647125244,-0.035844992846250534,0.6019662618637085,0.4048001766204834,-0.0489950105547905,0.6005836129188538,0.3674032986164093,-0.0556509867310524,0.6416423916816711,0.5309431552886963,-0.021789655089378357,0.6420420408248901,0.48706966638565063,-0.04885997623205185,0.6312705874443054,0.5341615676879883,-0.04884065315127373,0.624775767326355,0.5712476372718811,-0.04084252566099167,0.6667740345001221,0.5532168745994568,-0.029728082939982414,0.6616150736808777,0.5260583758354187,-0.04948550462722778,0.6510395407676697,0.5564976334571838,-0.04586038365960121,0.6444976925849915,0.5828762054443359,-0.038027238100767136,u
0.6338478326797485,0.6733911633491516,3.514182935759891e-07,0.5990453958511353,0.6444832682609558,-0.01675967313349247,0.5821819305419922,0.5916860699653625,-0.025833072140812874,0.601292610168457,0.5414138436317444,-0.035938214510679245,0.6243612170219421,0.5111376047134399,-0.045102015137672424,0.5887255668640137,0.5250308513641357,-0.01262288074940443,0.5825085639953613,0.460090696811676,-0.02993728406727314,0.5809738636016846,0.4197966158390045,-0.04155043140053749,0.5815276503562927,0.38372546434402466,-0.04904652386903763,0.6146436929702759,0.5208356380462646,-0.01659436710178852,0.6068652272224426,0.4486810266971588,-0.03648604825139046,0.6018730998039246,0.4060885012149811,-0.049167633056640625,0.6001618504524231,0.36884766817092896,-0.055553700774908066,0.6410928964614868,0.5325477719306946,-0.0225593913346529,0.6412575840950012,0.489191472530365,-0.049296315759420395,0.6311260461807251,0.535658061504364,-0.04964900016784668,0.6247697472572327,0.5712171792984009,-0.04204300418496132,0.6661350727081299,0.55552738904953,-0.029938912019133568,0.660669207572937,0.5290674567222595,-0.049883052706718445,0.6503186821937561,0.5602239370346069,-0.046569254249334335,0.6443228721618652,0.5860099196434021,-0.0389522984623909,u
0.6337742209434509,0.6734074354171753,3.4670304671635677e-07,0.598990261554718,0.644017219543457,-0.016593344509601593,0.5822464823722839,0.5906775593757629,-0.02555122971534729,0.6017555594444275,0.5400123596191406,-0.035647984594106674,0.6251496076583862,0.5098000764846802,-0.04485967382788658,0.5889870524406433,0.5256577134132385,-0.0124077582731843,0.582588791847229,0.46076124906539917,-0.029828274622559547,0.5807706117630005,0.42022931575775146,-0.04148158058524132,0.5811747312545776,0.38383644819259644,-0.04900665953755379,0.6148719787597656,0.5212748050689697,-0.016345752403140068,0.6069080233573914,0.44938719272613525,-0.036322660744190216,0.6016526222229004,0.40659213066101074,-0.04887152090668678,0.5999447107315063,0.3690844774246216,-0.05516994744539261,0.6412827372550964,0.5327212810516357,-0.022286027669906616,0.6411980986595154,0.48906174302101135,-0.04897943511605263,0.6307136416435242,0.5361703038215637,-0.048893559724092484,0.6243909001350403,0.5721863508224487,-0.040960539132356644,0.6663187742233276,0.5553579926490784,-0.029674895107746124,0.6603877544403076,0.5292650461196899,-0.04954471066594124,0.6498175859451294,0.560596764087677,-0.04610062390565872,0.6438513994216919,0.5864242911338806,-0.038382790982723236,u
0.6327092051506042,0.6763805150985718,3.3705711643960967e-07,0.597565770149231,0.647052526473999,-0.015650488436222076,0.5809943675994873,0.5948505401611328,-0.024295441806316376,0.5995321273803711,0.5452934503555298,-0.034326571971178055,0.621453583240509,0.5155453085899353,-0.043451227247714996,0.5886057019233704,0.5274475812911987,-0.010920253582298756,0.5826494693756104,0.46305418014526367,-0.028209475800395012,0.5812327861785889,0.42306336760520935,-0.03981587663292885,0.5822190046310425,0.387381911277771,-0.04717421159148216,0.6142285466194153,0.5230593681335449,-0.015528311021625996,0.6065962314605713,0.4510563611984253,-0.03596820309758186,0.6012670993804932,0.40895742177963257,-0.048886850476264954,0.5998567938804626,0.37182700634002686,-0.055163901299238205,0.6406922936439514,0.5344854593276978,-0.02208283729851246,0.6405631899833679,0.4912109375,-0.04939857870340347,0.6302947998046875,0.5383051037788391,-0.04947970435023308,0.624528706073761,0.574187695980072,-0.04133583605289459,0.6657588481903076,0.5575727820396423,-0.029936503618955612,0.660880982875824,0.528571605682373,-0.04990357160568237,0.6504064202308655,0.5597501397132874,-0.045949600636959076,0.6445652842521667,0.5860013961791992,-0.037679173052310944,u
0.6324186325073242,0.6760973930358887,3.328146362946427e-07,0.5973289012908936,0.6465321183204651,-0.015235000289976597,0.5810931324958801,0.5937605500221252,-0.023684188723564148,0.5998594164848328,0.5441691875457764,-0.03361127898097038,0.6223113536834717,0.5152990818023682,-0.042727965861558914,0.5888456106185913,0.5270714163780212,-0.011097529903054237,0.5830590128898621,0.46292513608932495,-0.028418948873877525,0.581520140171051,0.42245426774024963,-0.0401521660387516,0.5824189782142639,0.3863222002983093,-0.0476778969168663,0.6142984628677368,0.5232813358306885,-0.015790674835443497,0.6066211462020874,0.4514767825603485,-0.03598116338253021,0.6011935472488403,0.4089367389678955,-0.04877733439207077,0.5997257828712463,0.3713230490684509,-0.05517680570483208,0.6405661106109619,0.5349920988082886,-0.02234247326850891,0.640757143497467,0.49079838395118713,-0.04923713579773903,0.6300888061523438,0.5379409790039062,-0.04901455342769623,0.623892068862915,0.5740499496459961,-0.04086387902498245,0.6656805276870728,0.5581308007240295,-0.030204731971025467,0.6605917811393738,0.5289238095283508,-0.04988764598965645,0.649907648563385,0.5602225661277771,-0.04585923254489899,0.6436802744865417,0.5866295695304871,-0.037667226046323776,u
0.6330726146697998,0.6787269711494446,3.3889492101479846e-07,0.5988755226135254,0.647805392742157,-0.016394270583987236,0.583385169506073,0.5938858985900879,-0.025329800322651863,0.602158784866333,0.5438316464424133,-0.035586196929216385,0.6244279742240906,0.512453556060791,-0.04492363706231117,0.5894374251365662,0.5282298922538757,-0.011020016856491566,0.5836673974990845,0.46391624212265015,-0.028507240116596222,0.5823739767074585,0.42379721999168396,-0.040481798350811005,0.5833457708358765,0.3879045248031616,-0.04826859384775162,0.615182101726532,0.5243933796882629,-0.015370083972811699,0.6071353554725647,0.45246127247810364,-0.035591572523117065,0.6022022366523743,0.4096107482910156,-0.04875301197171211,0.6009476184844971,0.37155550718307495,-0.0554724745452404,0.6414045691490173,0.5364201068878174,-0.021824218332767487,0.6419146656990051,0.49118542671203613,-0.049579281359910965,0.6305843591690063,0.5383272171020508,-0.05038553848862648,0.6230248212814331,0.5748646259307861,-0.04285493493080139,0.6659258604049683,0.5600648522377014,-0.029618941247463226,0.6613975763320923,0.5313981771469116,-0.05081178992986679,0.6501155495643616,0.5626925230026245,-0.04790667071938515,0.6426238417625427,0.589966893196106,-0.040321893990039825,u
0.6329333782196045,0.6803175806999207,3.4660766345950833e-07,0.5985499620437622,0.6482879519462585,-0.016170192509889603,0.5827457904815674,0.5944792628288269,-0.02513965591788292,0.6014944314956665,0.5441471934318542,-0.03544577583670616,0.6240371465682983,0.5128886699676514,-0.044723015278577805,0.5889222621917725,0.5301468968391418,-0.0112106679007411,0.5832557678222656,0.4647602438926697,-0.028962284326553345,0.5823493599891663,0.42442193627357483,-0.04089590162038803,0.5836943984031677,0.3883817195892334,-0.04853007197380066,0.6148475408554077,0.5258995294570923,-0.01569528877735138,0.6071611642837524,0.45257464051246643,-0.03622157871723175,0.6023108959197998,0.40977710485458374,-0.04923835024237633,0.6011911034584045,0.37197086215019226,-0.0557316318154335,0.6413211822509766,0.5378366708755493,-0.02223295159637928,0.6418549418449402,0.4919305443763733,-0.04983014240860939,0.6311673521995544,0.5391706824302673,-0.04976226016879082,0.6244444847106934,0.5756702423095703,-0.04155243560671806,0.6660383343696594,0.5615888237953186,-0.030137360095977783,0.6620284914970398,0.5312976837158203,-0.05057256296277046,0.6511374115943909,0.5621006488800049,-0.046756915748119354,0.6442583203315735,0.5889744162559509,-0.03855583444237709,u
0.6326600313186646,0.6784830093383789,3.3475993177489727e-07,0.5985822081565857,0.6483243703842163,-0.01657533459365368,0.5828022360801697,0.5963215827941895,-0.025966143235564232,0.6004159450531006,0.5468811988830566,-0.036523833870887756,0.6223494410514832,0.5165477991104126,-0.04616197198629379,0.5898603796958923,0.529229462146759,-0.012658952735364437,0.5842934846878052,0.4647950232028961,-0.030419018119573593,0.5829390287399292,0.42456167936325073,-0.04232838749885559,0.5838432908058167,0.3883172869682312,-0.050012242048978806,0.6154786348342896,0.5254711508750916,-0.01700522191822529,0.6076344847679138,0.45316728949546814,-0.03732006624341011,0.602496862411499,0.41083478927612305,-0.050172414630651474,0.6008714437484741,0.37331292033195496,-0.056760046631097794,0.6416527032852173,0.5375295281410217,-0.023347700014710426,0.6416484713554382,0.4923563599586487,-0.050660379230976105,0.6313478946685791,0.5386369824409485,-0.05109386518597603,0.6250962615013123,0.5742036700248718,-0.04355267807841301,0.6663385629653931,0.5610368847846985,-0.03106548637151718,0.6611394286155701,0.5332569479942322,-0.051317185163497925,0.6507539749145508,0.5645031929016113,-0.04802606999874115,0.6449132561683655,0.5906764268875122,-0.04046271741390228,u
0.6326874494552612,0.677318811416626,3.409949158594827e-07,0.5981633067131042,0.6483527421951294,-0.017082318663597107,0.5823385715484619,0.5968331098556519,-0.026704352349042892,0.6002153754234314,0.5475947260856628,-0.037294767796993256,0.6216481924057007,0.5167701840400696,-0.04691031575202942,0.5893126726150513,0.5295062065124512,-0.013429827988147736,0.58367520570755,0.4649267792701721,-0.031453873962163925,0.5825022459030151,0.4243375062942505,-0.04340241476893425,0.5835835337638855,0.38819634914398193,-0.0510067380964756,0.6151924133300781,0.5256012082099915,-0.017545005306601524,0.6075870394706726,0.4527395963668823,-0.038159340620040894,0.6028589606285095,0.4101705849170685,-0.05097116157412529,0.6015881896018982,0.3729468584060669,-0.05739828571677208,0.6415258646011353,0.5375499725341797,-0.023707672953605652,0.6414820551872253,0.4923017621040344,-0.05141579359769821,0.6312299966812134,0.5381438136100769,-0.05204391852021217,0.6248855590820312,0.5737207531929016,-0.044508811086416245,0.6663908958435059,0.5607348084449768,-0.031235136091709137,0.6609695553779602,0.5329719185829163,-0.05188306048512459,0.650478720664978,0.5643405318260193,-0.04879908263683319,0.6443111300468445,0.5907866954803467,-0.041277024894952774,u
0.6322559118270874,0.6796445846557617,3.5179508017790795e-07,0.5979833006858826,0.648504912853241,-0.016168003901839256,0.5829194784164429,0.5964270234107971,-0.025515053421258926,0.6018452644348145,0.547990620136261,-0.036185603588819504,0.6233682036399841,0.5183660387992859,-0.04594278708100319,0.5901216268539429,0.5291822552680969,-0.012113786302506924,0.5855202674865723,0.4645552635192871,-0.030048957094550133,0.5842851996421814,0.4240921139717102,-0.04216951131820679,0.5851365327835083,0.3878440260887146,-0.049842026084661484,0.6160092949867249,0.5258104205131531,-0.016746433451771736,0.6084839105606079,0.4532220959663391,-0.0379793718457222,0.6035365462303162,0.4097636938095093,-0.051505427807569504,0.6020405292510986,0.37174010276794434,-0.058098651468753815,0.6426557302474976,0.5380817651748657,-0.023286879062652588,0.6431549787521362,0.49522367119789124,-0.05135953053832054,0.6320607662200928,0.5417859554290771,-0.05202863737940788,0.6246735453605652,0.5778650045394897,-0.04410018399357796,0.6675991415977478,0.5614616274833679,-0.031110815703868866,0.6622113585472107,0.5336483120918274,-0.05157699063420296,0.6513481736183167,0.564976155757904,-0.04784230515360832,0.6444028615951538,0.5915185809135437,-0.0395861491560936,u
0.6319342851638794,0.6794511675834656,3.4486464528526994e-07,0.5975748300552368,0.6483112573623657,-0.01641593500971794,0.582532525062561,0.5959924459457397,-0.025867272168397903,0.6011358499526978,0.5475187301635742,-0.036526553332805634,0.6227530241012573,0.5181482434272766,-0.04621783643960953,0.5896869897842407,0.5298117995262146,-0.012612381018698215,0.5850695967674255,0.4652225375175476,-0.030845120549201965,0.5840010643005371,0.42471492290496826,-0.04293883964419365,0.5850015878677368,0.38832157850265503,-0.05056989565491676,0.6158762574195862,0.5260132551193237,-0.017170533537864685,0.6085901260375977,0.4529474675655365,-0.03851263225078583,0.6040540337562561,0.40999314188957214,-0.05169287696480751,0.6027173399925232,0.37215691804885864,-0.05805222690105438,0.642744243144989,0.5381139516830444,-0.02368336357176304,0.6431748270988464,0.49505019187927246,-0.051908228546381,0.6322861313819885,0.5417903661727905,-0.05224335566163063,0.6250056624412537,0.5776394009590149,-0.04409520700573921,0.6677676439285278,0.5613985061645508,-0.03150612860918045,0.6624960899353027,0.5339797139167786,-0.051947467029094696,0.6514504551887512,0.5654107332229614,-0.0481095090508461,0.6443239450454712,0.591679573059082,-0.039855703711509705,u
0.6353964805603027,0.6793134212493896,3.3025108336914855e-07,0.6012117266654968,0.6505526304244995,-0.016784006729722023,0.5853968262672424,0.5979681611061096,-0.025580894201993942,0.6048716306686401,0.5487085580825806,-0.03531993180513382,0.6280622482299805,0.52048659324646,-0.04426555708050728,0.592656672000885,0.5319283604621887,-0.013484667986631393,0.5875422358512878,0.46674689650535583,-0.030867798253893852,0.5865012407302856,0.4261937141418457,-0.0427517369389534,0.5876865983009338,0.38993313908576965,-0.05066866800189018,0.6185380816459656,0.5277411937713623,-0.017625465989112854,0.610272228717804,0.45450443029403687,-0.03765612468123436,0.6066180467605591,0.41078609228134155,-0.05062345042824745,0.6059854030609131,0.373176246881485,-0.05742412433028221,0.6447243690490723,0.5401906967163086,-0.023670151829719543,0.6454085111618042,0.49460139870643616,-0.05097318813204765,0.6356341242790222,0.5394277572631836,-0.052253179252147675,0.6284998655319214,0.5750319361686707,-0.04550795629620552,0.669312596321106,0.5639888644218445,-0.031072035431861877,0.6644741296768188,0.5375885963439941,-0.05255177617073059,0.653862714767456,0.5688813328742981,-0.05041160061955452,0.64683997631073,0.5959932804107666,-0.04361072555184364,u
0.6353744864463806,0.6802366375923157,3.399170509510441e-07,0.6016151309013367,0.6509507298469543,-0.016543228179216385,0.5860251188278198,0.5987105369567871,-0.025570692494511604,0.6046000123023987,0.5490938425064087,-0.035557691007852554,0.6268609166145325,0.5197910666465759,-0.044677115976810455,0.5925087332725525,0.5318055748939514,-0.013104094192385674,0.5874306559562683,0.46658751368522644,-0.030267078429460526,0.5863304734230042,0.42609965801239014,-0.041780002415180206,0.5872551202774048,0.3901095986366272,-0.049303971230983734,0.6186391115188599,0.5280628204345703,-0.017381981015205383,0.6109221577644348,0.4545174539089203,-0.03713954985141754,0.6068993806838989,0.41112032532691956,-0.0497727133333683,0.6059354543685913,0.37358102202415466,-0.05625699833035469,0.6451689004898071,0.5407620668411255,-0.02357093058526516,0.6459804773330688,0.4954420328140259,-0.05062128230929375,0.635407567024231,0.5397020578384399,-0.05179202929139137,0.6277327537536621,0.5747572779655457,-0.044927388429641724,0.669927179813385,0.5648194551467896,-0.031051235273480415,0.6651880741119385,0.537568211555481,-0.05192144587635994,0.6543269157409668,0.5682799816131592,-0.04936026409268379,0.6470432877540588,0.5951033234596252,-0.04228251054883003,u
0.6373575329780579,0.6811678409576416,3.555786349807022e-07,0.6027078032493591,0.6506141424179077,-0.0166343804448843,0.5872536301612854,0.5983311533927917,-0.02573377825319767,0.606927216053009,0.5498217940330505,-0.03613218292593956,0.629820704460144,0.5215579867362976,-0.04563940688967705,0.5943259000778198,0.5308184623718262,-0.011935750022530556,0.5899436473846436,0.4656444787979126,-0.029309330508112907,0.5893579721450806,0.42551183700561523,-0.041023969650268555,0.59073406457901,0.38938385248184204,-0.0486292764544487,0.6205219030380249,0.527311384677887,-0.01651475578546524,0.6131017208099365,0.45439568161964417,-0.03704189881682396,0.6093904376029968,0.41090577840805054,-0.05013298988342285,0.6088836789131165,0.37291574478149414,-0.056642331182956696,0.6470956206321716,0.5406771898269653,-0.02314029633998871,0.6481152176856995,0.49574875831604004,-0.05154005438089371,0.6385059356689453,0.5429242849349976,-0.052689407020807266,0.6319729089736938,0.5798487663269043,-0.0451139360666275,0.6718989014625549,0.5658746957778931,-0.03105103224515915,0.6678851842880249,0.5373145937919617,-0.052700914442539215,0.6572644114494324,0.568297803401947,-0.04992072284221649,0.6500726342201233,0.5954313278198242,-0.04229795187711716,u
0.6368795037269592,0.6819771528244019,3.498484772990196e-07,0.6027901768684387,0.6511993408203125,-0.016168631613254547,0.5875069499015808,0.5987756252288818,-0.025241436436772346,0.6064717173576355,0.5500890612602234,-0.03558865934610367,0.6288488507270813,0.5219281315803528,-0.04504043608903885,0.5943856239318848,0.5304984450340271,-0.012200566940009594,0.589725136756897,0.4655255377292633,-0.029590081423521042,0.5894635319709778,0.42544087767601013,-0.041402965784072876,0.5911427736282349,0.38945984840393066,-0.049072206020355225,0.6207479238510132,0.5272240042686462,-0.016919679939746857,0.6133493781089783,0.4536818861961365,-0.0368572473526001,0.6098260283470154,0.4106578230857849,-0.04965728893876076,0.6094825267791748,0.37312841415405273,-0.056126438081264496,0.6473962068557739,0.5405100584030151,-0.02362414449453354,0.6482729315757751,0.4957037568092346,-0.0511152483522892,0.6383552551269531,0.5417506694793701,-0.05213991925120354,0.6316360235214233,0.5782535672187805,-0.044816531240940094,0.6721932888031006,0.5655845999717712,-0.03160828351974487,0.667925238609314,0.5378817915916443,-0.05233822017908096,0.6572644114494324,0.5682573914527893,-0.04936918988823891,0.650306761264801,0.5950828194618225,-0.041856490075588226,u
0.6381008625030518,0.6851168274879456,3.597349405026762e-07,0.603649914264679,0.6528016328811646,-0.01704367995262146,0.5889034271240234,0.5993090867996216,-0.02648254483938217,0.609749436378479,0.5505108833312988,-0.03709791228175163,0.6325647830963135,0.5210562944412231,-0.04681581258773804,0.5957717895507812,0.5325717329978943,-0.013455772772431374,0.591211199760437,0.4667430818080902,-0.03197785094380379,0.590793251991272,0.42579102516174316,-0.044544853270053864,0.5929019451141357,0.38914763927459717,-0.052624426782131195,0.6220775842666626,0.5291538834571838,-0.017989272251725197,0.6150611042976379,0.4554474353790283,-0.03932905197143555,0.6115776300430298,0.4116322994232178,-0.05301384627819061,0.6118432283401489,0.37340855598449707,-0.05995629355311394,0.6486964225769043,0.5426651239395142,-0.02452889457345009,0.6504622101783752,0.49744144082069397,-0.05289500951766968,0.6402115821838379,0.5444494485855103,-0.05365874990820885,0.6338356137275696,0.5810493230819702,-0.045984700322151184,0.6733210682868958,0.5678071975708008,-0.03247625380754471,0.6696768999099731,0.539755642414093,-0.053840529173612595,0.6586604714393616,0.5706967115402222,-0.05075334757566452,0.6516711711883545,0.5972855687141418,-0.042981699109077454,u
0.6376470923423767,0.6852123737335205,3.5477523852023296e-07,0.6039931178092957,0.6529593467712402,-0.016582535579800606,0.5898288488388062,0.5987969636917114,-0.026046346873044968,0.610042154788971,0.5494736433029175,-0.036678753793239594,0.6328696608543396,0.5208207368850708,-0.04637917876243591,0.5963703393936157,0.532029390335083,-0.013443784788250923,0.5913733243942261,0.466819703578949,-0.03160759434103966,0.5909202098846436,0.426082581281662,-0.04382188618183136,0.5930821895599365,0.3895582854747772,-0.05166758596897125,0.6227313876152039,0.5293865203857422,-0.01809774897992611,0.6155709624290466,0.4559614658355713,-0.038895245641469955,0.6119627952575684,0.41233980655670166,-0.052137959748506546,0.612381637096405,0.37417730689048767,-0.05885456129908562,0.6495434641838074,0.5430854558944702,-0.024640759453177452,0.6505021452903748,0.4995386004447937,-0.05191883444786072,0.6392863988876343,0.5458983182907104,-0.05190282315015793,0.6325860619544983,0.5818431973457336,-0.04395260661840439,0.6742903590202332,0.567939817905426,-0.03261983022093773,0.6691657304763794,0.5410937070846558,-0.052655238658189774,0.6585484743118286,0.5719249248504639,-0.04877506196498871,0.652846097946167,0.5978110432624817,-0.04066681116819382,u
0.6402541995048523,0.6851006746292114,3.550550786712847e-07,0.6064421534538269,0.6537183523178101,-0.018008144572377205,0.5913864374160767,0.602704644203186,-0.0279616117477417,0.6116729378700256,0.5544036626815796,-0.03887711465358734,0.63446444272995,0.5251471996307373,-0.04871554300189018,0.5977573990821838,0.5327971577644348,-0.013661007396876812,0.5928784608840942,0.4680107533931732,-0.03222280740737915,0.5925081372261047,0.42736783623695374,-0.04488851875066757,0.594451904296875,0.3908054530620575,-0.05297749862074852,0.6242316365242004,0.5294256806373596,-0.017680829390883446,0.6170125603675842,0.45738500356674194,-0.038952652364969254,0.6133590340614319,0.4138421416282654,-0.052464090287685394,0.6129024028778076,0.375485897064209,-0.05921439826488495,0.6507430672645569,0.5431187748908997,-0.023876404389739037,0.6524415016174316,0.5005812048912048,-0.05216969922184944,0.6428967714309692,0.5473219752311707,-0.05279000103473663,0.636576235294342,0.5829707384109497,-0.044860851019620895,0.6750494241714478,0.5684011578559875,-0.03156907483935356,0.6715025901794434,0.5407775044441223,-0.052307482808828354,0.6612362265586853,0.5714243650436401,-0.0488416813313961,0.654701292514801,0.5971506237983704,-0.040812037885189056,u
0.6400076150894165,0.6856072545051575,3.6104148648519185e-07,0.6059397459030151,0.6540439128875732,-0.01713436283171177,0.5908833742141724,0.6026144623756409,-0.026806700974702835,0.6113376617431641,0.5542694926261902,-0.03757067397236824,0.6335878372192383,0.5253939032554626,-0.04735833778977394,0.5978243947029114,0.5326612591743469,-0.013425406068563461,0.5929842591285706,0.4683489203453064,-0.03188565745949745,0.5924956202507019,0.427715003490448,-0.044492073357105255,0.5942621231079102,0.3911554217338562,-0.05251122638583183,0.6242043972015381,0.5297683477401733,-0.017918135970830917,0.6171684265136719,0.45752227306365967,-0.039075274020433426,0.6133254170417786,0.41393500566482544,-0.05256928876042366,0.6129212379455566,0.37524890899658203,-0.05926370993256569,0.6508771777153015,0.5437272191047668,-0.024443913251161575,0.6523416042327881,0.5018384456634521,-0.0523386187851429,0.6421011686325073,0.5484018921852112,-0.052754051983356476,0.6355805397033691,0.5836074352264404,-0.04473371431231499,0.6754229068756104,0.5692561864852905,-0.032392848283052444,0.6713843941688538,0.5413197875022888,-0.052538126707077026,0.6609996557235718,0.5717720985412598,-0.04861216992139816,0.654628336429596,0.5970672965049744,-0.04031026363372803,u
0.6413795948028564,0.6842553019523621,3.568674458165333e-07,0.6077279448509216,0.6545242667198181,-0.017903553321957588,0.5926711559295654,0.6027567982673645,-0.027697188779711723,0.6129254102706909,0.553932249546051,-0.03836851194500923,0.6359526515007019,0.5244602560997009,-0.04804866388440132,0.5984938740730286,0.5341857671737671,-0.014439309015870094,0.5939745903015137,0.4685736298561096,-0.03287060186266899,0.5935269594192505,0.4280206859111786,-0.0451018363237381,0.595415472984314,0.3916524052619934,-0.05296853184700012,0.6253374814987183,0.530353307723999,-0.01853427104651928,0.6178713440895081,0.45724761486053467,-0.03993843495845795,0.6145024299621582,0.4135351777076721,-0.05332255735993385,0.6142688393592834,0.3756016790866852,-0.05998161435127258,0.6523625254631042,0.5437923669815063,-0.02466735988855362,0.6537578701972961,0.4987352788448334,-0.05360223352909088,0.6448108553886414,0.5464505553245544,-0.05432020127773285,0.6385897994041443,0.5830111503601074,-0.046447817236185074,0.6774941682815552,0.5688726902008057,-0.03218662738800049,0.6727942824363708,0.542732834815979,-0.05422145873308182,0.6625795364379883,0.574855387210846,-0.05131351202726364,0.6559811234474182,0.6013766527175903,-0.043532125651836395,u
0.6418479084968567,0.6856879591941833,3.601491869176243e-07,0.6075902581214905,0.656358540058136,-0.017872413620352745,0.5923317670822144,0.603574275970459,-0.02762477844953537,0.6131380796432495,0.5536435842514038,-0.03820496425032616,0.6356449723243713,0.5231916904449463,-0.0478200800716877,0.5981923937797546,0.5347186923027039,-0.015030807815492153,0.5939947962760925,0.46915122866630554,-0.03383687511086464,0.5937553644180298,0.4283705949783325,-0.046483948826789856,0.5955544114112854,0.39175137877464294,-0.05465429276227951,0.6251347064971924,0.530983567237854,-0.019275305792689323,0.6184191703796387,0.4573071002960205,-0.040962740778923035,0.6150729656219482,0.41359445452690125,-0.05458606779575348,0.6147836446762085,0.37545204162597656,-0.06147366017103195,0.6522952318191528,0.5444349646568298,-0.0255175419151783,0.6541070938110352,0.4990276098251343,-0.05451086908578873,0.6442162990570068,0.5473775267601013,-0.055131759494543076,0.6375861763954163,0.584411084651947,-0.04725067690014839,0.6776105761528015,0.5694603323936462,-0.033146705478429794,0.6730610728263855,0.5422812104225159,-0.05519028380513191,0.6622394323348999,0.5745463371276855,-0.0521407388150692,0.6553007960319519,0.601333498954773,-0.04429122060537338,u
0.6434535980224609,0.6878094673156738,3.6890457977278857e-07,0.6091569662094116,0.6575354337692261,-0.018215972930192947,0.5936498641967773,0.6054353713989258,-0.028522679582238197,0.6135462522506714,0.5566016435623169,-0.039841845631599426,0.636517345905304,0.5259811282157898,-0.050141625106334686,0.5997123122215271,0.5348430871963501,-0.014641908928751945,0.5953154563903809,0.46885979175567627,-0.033394768834114075,0.5950651168823242,0.4280281662940979,-0.045886337757110596,0.5969625115394592,0.39156466722488403,-0.05383070185780525,0.6264734864234924,0.5317034721374512,-0.018889499828219414,0.6194390058517456,0.45766887068748474,-0.04038071259856224,0.6160243153572083,0.4136561155319214,-0.05378299579024315,0.6158831715583801,0.3749929964542389,-0.060411274433135986,0.6533898115158081,0.5457402467727661,-0.02531292848289013,0.655712902545929,0.5012757778167725,-0.05442000925540924,0.6450734734535217,0.5487980246543884,-0.05558359622955322,0.6373764276504517,0.5853557586669922,-0.04793114587664604,0.6781494617462158,0.5716873407363892,-0.03315487504005432,0.6758286952972412,0.5429326295852661,-0.05515459552407265,0.6640766263008118,0.5737825632095337,-0.05237799882888794,0.6552320718765259,0.6006499528884888,-0.044694166630506516,u
0.6431778073310852,0.6882904767990112,3.621739494974463e-07,0.6087746024131775,0.6579713821411133,-0.01780625805258751,0.5929269194602966,0.606428861618042,-0.028084812685847282,0.6123663187026978,0.5574370622634888,-0.03941681981086731,0.6349048018455505,0.5263736248016357,-0.0496986024081707,0.5999108552932739,0.5345641374588013,-0.014517202973365784,0.5953854918479919,0.46916690468788147,-0.0333729162812233,0.5951274633407593,0.42862892150878906,-0.04599648714065552,0.5969735383987427,0.3921164274215698,-0.054023683071136475,0.6266583800315857,0.5313102006912231,-0.019001945853233337,0.6197550892829895,0.45684587955474854,-0.040190182626247406,0.6158769726753235,0.4133646488189697,-0.05333312228322029,0.6153745055198669,0.37474653124809265,-0.05985239893198013,0.6536768078804016,0.545423686504364,-0.025648556649684906,0.655251145362854,0.5017296671867371,-0.0541362389922142,0.6442060470581055,0.5488550662994385,-0.05491357296705246,0.6368248462677002,0.5847444534301758,-0.04718935489654541,0.678551971912384,0.5718582272529602,-0.033735718578100204,0.6755567789077759,0.5432958602905273,-0.05491887405514717,0.663449227809906,0.5738117098808289,-0.05170720815658569,0.6548143625259399,0.6000062227249146,-0.04389525204896927,u
0.6453984379768372,0.6891452074050903,3.5737826920012594e-07,0.6106343865394592,0.6591576337814331,-0.018548905849456787,0.5940893888473511,0.6070845723152161,-0.02875765785574913,0.6144304871559143,0.5572178363800049,-0.03985190764069557,0.6378461122512817,0.5257224440574646,-0.049983613193035126,0.6006404757499695,0.5366995334625244,-0.014867434278130531,0.5958759188652039,0.470859557390213,-0.03369508683681488,0.5955084562301636,0.4300696849822998,-0.04632403701543808,0.5972444415092468,0.3932369351387024,-0.054465826600790024,0.6275656223297119,0.5325078964233398,-0.01883002370595932,0.6205025315284729,0.4582619071006775,-0.03981441259384155,0.6168186068534851,0.4145524203777313,-0.05291592702269554,0.6161116361618042,0.3764883875846863,-0.05953795090317726,0.6545877456665039,0.5461477041244507,-0.02505447342991829,0.6549723148345947,0.5025522112846375,-0.05351339653134346,0.644396185874939,0.5489845871925354,-0.05476697161793709,0.6374912261962891,0.5846897959709167,-0.047540318220853806,0.679450511932373,0.5718932747840881,-0.032800134271383286,0.6754240989685059,0.5454664826393127,-0.05451362952589989,0.6636895537376404,0.5764423608779907,-0.052155137062072754,0.6558382511138916,0.6029283404350281,-0.045005910098552704,u
0.6450621485710144,0.6907224655151367,3.661509708763333e-07,0.6102464199066162,0.6598896980285645,-0.017367171123623848,0.5937962532043457,0.6069332361221313,-0.027002155780792236,0.614073634147644,0.5569335222244263,-0.03782689943909645,0.6377994418144226,0.5263736844062805,-0.047779858112335205,0.6007359623908997,0.5370995402336121,-0.013567980378866196,0.5959974527359009,0.47101396322250366,-0.03204367682337761,0.5956577658653259,0.4299490451812744,-0.04442642629146576,0.5972899794578552,0.39309781789779663,-0.052432626485824585,0.6275613903999329,0.5329645276069641,-0.01812511496245861,0.6203241944313049,0.4582124650478363,-0.03892258554697037,0.6167174577713013,0.4141295552253723,-0.051956988871097565,0.6164137125015259,0.375624418258667,-0.05850636586546898,0.6546096205711365,0.5467212796211243,-0.02484913170337677,0.6549777984619141,0.5021849870681763,-0.05320749431848526,0.6444433331489563,0.549657940864563,-0.054168883711099625,0.6379300951957703,0.5862276554107666,-0.04664585366845131,0.679671049118042,0.5727559328079224,-0.033004019409418106,0.6752322912216187,0.5456448793411255,-0.054714277386665344,0.663483202457428,0.5770764946937561,-0.052124038338661194,0.6559286117553711,0.6037842631340027,-0.04473862797021866,u
0.6458122134208679,0.6934583187103271,3.6083525856156484e-07,0.610690712928772,0.663033127784729,-0.01639396883547306,0.5923072099685669,0.6093817949295044,-0.026066580787301064,0.611638069152832,0.5584030151367188,-0.03700245916843414,0.6372677087783813,0.529268741607666,-0.04707946628332138,0.6021004915237427,0.5393612384796143,-0.014236964285373688,0.5965903997421265,0.47229334712028503,-0.03280460089445114,0.5962463617324829,0.4310610890388489,-0.045235466212034225,0.5979560017585754,0.3941648602485657,-0.05322892218828201,0.6284804940223694,0.5361215472221375,-0.019161738455295563,0.6209442019462585,0.459575355052948,-0.03978439047932625,0.616755485534668,0.4155997037887573,-0.05255121737718582,0.616108775138855,0.3771136403083801,-0.0589338056743145,0.6552545428276062,0.5501514673233032,-0.02597852237522602,0.6528807878494263,0.5062618255615234,-0.052754707634449005,0.6417214274406433,0.5526179075241089,-0.0522766076028347,0.6359504461288452,0.5878239870071411,-0.0441194586455822,0.6799837350845337,0.5759860873222351,-0.034263357520103455,0.6730608940124512,0.5469698309898376,-0.05363011732697487,0.6612606644630432,0.5775906443595886,-0.04925458878278732,0.6549944281578064,0.603413462638855,-0.04098042845726013,u
0.6452763080596924,0.6927365660667419,3.564702808489528e-07,0.6106997728347778,0.6618790626525879,-0.016980120912194252,0.5934230089187622,0.6079214811325073,-0.02677891217172146,0.6125696301460266,0.5570456981658936,-0.03782416880130768,0.6378493309020996,0.5266125798225403,-0.04795306175947189,0.6020409464836121,0.5374853014945984,-0.013335511088371277,0.5966891646385193,0.4713059365749359,-0.03143959492444992,0.5960949659347534,0.4304841160774231,-0.04361885040998459,0.5977791547775269,0.3939340114593506,-0.05152205750346184,0.6283785104751587,0.5347626805305481,-0.01794874668121338,0.6208065152168274,0.45967981219291687,-0.03806865215301514,0.6163381934165955,0.41578203439712524,-0.05088454857468605,0.615792989730835,0.3772338628768921,-0.05748583376407623,0.6550381779670715,0.5491507649421692,-0.02463957853615284,0.6539995670318604,0.5055055618286133,-0.05105704069137573,0.6418893337249756,0.5504485964775085,-0.05116904526948929,0.6348909139633179,0.5847939252853394,-0.04365628957748413,0.6796273589134216,0.5751424431800842,-0.03287741169333458,0.6733701229095459,0.5467673540115356,-0.05209710821509361,0.6614663004875183,0.5762584805488586,-0.048322342336177826,0.65468430519104,0.6015211343765259,-0.0406435988843441,u
0.6450163722038269,0.690684974193573,3.465307827354991e-07,0.6089766621589661,0.661846399307251,-0.015905331820249557,0.5896605849266052,0.6097514629364014,-0.025969015434384346,0.60658198595047,0.5600294470787048,-0.03759286180138588,0.632225751876831,0.5324270725250244,-0.048514898866415024,0.6038970947265625,0.5381424427032471,-0.014044245705008507,0.5986024141311646,0.4724385738372803,-0.03229407221078873,0.5985028743743896,0.4319106340408325,-0.044382594525814056,0.600174069404602,0.39528870582580566,-0.05218790844082832,0.6297495365142822,0.535610556602478,-0.019343212246894836,0.6220038533210754,0.4601937532424927,-0.03978760913014412,0.6180698871612549,0.4159315824508667,-0.052361831068992615,0.6170443296432495,0.378038227558136,-0.05871855095028877,0.6557108163833618,0.549514651298523,-0.026542101055383682,0.6502127647399902,0.5083182454109192,-0.05373436212539673,0.6389957666397095,0.5530790686607361,-0.05462843179702759,0.6326633095741272,0.5888721942901611,-0.047471221536397934,0.6798831224441528,0.5746650099754333,-0.03510482236742973,0.669711709022522,0.5486119389533997,-0.05499126389622688,0.6567891836166382,0.5796516537666321,-0.0518583208322525,0.6489505171775818,0.6076023578643799,-0.04462132602930069,u
0.6449363231658936,0.6905195116996765,3.311924956506118e-07,0.6095626950263977,0.6637771129608154,-0.015927741304039955,0.5893814563751221,0.6122579574584961,-0.02577531524002552,0.6056615114212036,0.5623136758804321,-0.03710592910647392,0.6310708522796631,0.5346190929412842,-0.047725725919008255,0.6039837002754211,0.5386595726013184,-0.013991366140544415,0.5984569191932678,0.47291892766952515,-0.03215838596224785,0.59836745262146,0.43240612745285034,-0.04414408653974533,0.6002026796340942,0.39603811502456665,-0.051989153027534485,0.6299964785575867,0.5356478095054626,-0.019375240430235863,0.6216075420379639,0.4600689113140106,-0.0398985929787159,0.6179226040840149,0.4161055088043213,-0.05258987471461296,0.6171590089797974,0.3784983158111572,-0.05901073291897774,0.6560250520706177,0.5493362545967102,-0.02667229436337948,0.6498392224311829,0.5068240165710449,-0.05463772639632225,0.6387887001037598,0.5522975325584412,-0.05606269836425781,0.6324203014373779,0.5883975625038147,-0.04915193095803261,0.680255651473999,0.5743923187255859,-0.0352359265089035,0.6687531471252441,0.5491507053375244,-0.056419868022203445,0.655886709690094,0.5809699296951294,-0.05408817529678345,0.648339033126831,0.6089448928833008,-0.04725152254104614,u
0.6465054154396057,0.6915878653526306,3.291266637006629e-07,0.6100217700004578,0.6626017689704895,-0.012662027031183243,0.5881307721138,0.6089935302734375,-0.02157561294734478,0.601824939250946,0.5588476657867432,-0.03273438662290573,0.6290802359580994,0.5325840711593628,-0.04339335486292839,0.6079757809638977,0.5363854765892029,-0.009982307441532612,0.6030592322349548,0.4709826409816742,-0.027213603258132935,0.6039977669715881,0.4306061267852783,-0.03873024135828018,0.6064324975013733,0.3952116370201111,-0.04604239761829376,0.6329299807548523,0.5344356298446655,-0.0167867299169302,0.6247606873512268,0.4565886855125427,-0.035640545189380646,0.6208157539367676,0.41305387020111084,-0.04712856188416481,0.6196116209030151,0.3770350217819214,-0.05230341851711273,0.6586870551109314,0.5476649403572083,-0.02536807209253311,0.6469326615333557,0.5074898600578308,-0.05124683678150177,0.6344949007034302,0.5518114566802979,-0.051529791206121445,0.6289544701576233,0.5878347754478455,-0.043744396418333054,0.6824476718902588,0.5716654062271118,-0.03508128225803375,0.664098858833313,0.5478910803794861,-0.05387498065829277,0.6507827639579773,0.580670952796936,-0.04995105415582657,0.6456877589225769,0.6095739603042603,-0.041984885931015015,u
0.6468088626861572,0.6922345757484436,3.182602483775554e-07,0.6100224256515503,0.6622470617294312,-0.013210062868893147,0.5887282490730286,0.6087183356285095,-0.022672878578305244,0.6027380228042603,0.5587901473045349,-0.03437623009085655,0.6295337080955505,0.5319184064865112,-0.04553910717368126,0.6081103682518005,0.5364603400230408,-0.011251263320446014,0.6028870940208435,0.47023719549179077,-0.029087863862514496,0.603990912437439,0.4299612045288086,-0.04095650464296341,0.6067607998847961,0.3941798210144043,-0.04840075224637985,0.6333397626876831,0.5346249341964722,-0.017885828390717506,0.6260268688201904,0.45680004358291626,-0.036895133554935455,0.6217275857925415,0.41332462430000305,-0.0481964536011219,0.620051383972168,0.3768705725669861,-0.053404469043016434,0.6591132283210754,0.5480828881263733,-0.026379112154245377,0.6474707126617432,0.5072528123855591,-0.05215016379952431,0.6342340111732483,0.5508232116699219,-0.05239814519882202,0.6285064220428467,0.5866363644599915,-0.044796112924814224,0.6826030611991882,0.5726684331893921,-0.03610580042004585,0.6655907034873962,0.5478322505950928,-0.05440147966146469,0.6513311266899109,0.5789692997932434,-0.050434090197086334,0.6455706357955933,0.6075333952903748,-0.04266083240509033,u
0.6483408808708191,0.6918659806251526,3.168041189383075e-07,0.6108251214027405,0.6649050116539001,-0.01295886654406786,0.5878681540489197,0.6115111112594604,-0.022484982386231422,0.6002567410469055,0.5609501004219055,-0.03415916487574577,0.6258367300033569,0.5326282978057861,-0.04529322683811188,0.609565258026123,0.5382282733917236,-0.012185107916593552,0.6044135093688965,0.4720723032951355,-0.029751094058156013,0.604966938495636,0.4320574998855591,-0.04107904061675072,0.6076731085777283,0.39620131254196167,-0.048206914216279984,0.6342523097991943,0.5357908606529236,-0.01888623833656311,0.626766562461853,0.4562179744243622,-0.03784602880477905,0.6224672198295593,0.41221675276756287,-0.0488431490957737,0.6213284134864807,0.3757108747959137,-0.05373727157711983,0.6598085761070251,0.5484869480133057,-0.027333807200193405,0.6448679566383362,0.50883948802948,-0.05322772264480591,0.6300976276397705,0.552564263343811,-0.05363186076283455,0.6242702007293701,0.5882114171981812,-0.046128012239933014,0.6833251118659973,0.5717775225639343,-0.036907002329826355,0.6619549989700317,0.5480663776397705,-0.05553269386291504,0.6475450992584229,0.5802116394042969,-0.05182715877890587,0.6433442234992981,0.608845055103302,-0.0442180335521698,u
0.6481859087944031,0.6922024488449097,3.150240388549719e-07,0.6108209490776062,0.6646410822868347,-0.01267849188297987,0.5880915522575378,0.6114665865898132,-0.022101955488324165,0.6004992723464966,0.5610891580581665,-0.03373787924647331,0.625978410243988,0.5325782895088196,-0.04483918473124504,0.6094908714294434,0.5372633934020996,-0.011573271825909615,0.6041526198387146,0.4714304208755493,-0.02894025295972824,0.6047190427780151,0.43154793977737427,-0.040279436856508255,0.6074402332305908,0.39584439992904663,-0.047408368438482285,0.6342546939849854,0.5350022912025452,-0.018391333520412445,0.6262953281402588,0.4559479355812073,-0.03693369776010513,0.62162846326828,0.4123201072216034,-0.04792235419154167,0.6200993657112122,0.37631338834762573,-0.05286140367388725,0.6599655151367188,0.5479253530502319,-0.02696658857166767,0.6447240114212036,0.509394109249115,-0.05245554447174072,0.6297404766082764,0.5523804426193237,-0.053233008831739426,0.6237092018127441,0.5876840353012085,-0.046089619398117065,0.6834156513214111,0.5715402960777283,-0.03663744404911995,0.6620877981185913,0.5481323599815369,-0.054866183549165726,0.6476983428001404,0.5798450112342834,-0.051231127232313156,0.6435505151748657,0.6084413528442383,-0.04374849423766136,u
0.648516058921814,0.6952643990516663,3.220931148462114e-07,0.6111456155776978,0.6639527678489685,-0.009310062974691391,0.5872091054916382,0.612434446811676,-0.018139144405722618,0.5934946537017822,0.5645949840545654,-0.03017033450305462,0.6181179285049438,0.5341150164604187,-0.041660308837890625,0.6133164763450623,0.5397548675537109,-0.005992025136947632,0.6085577011108398,0.4748302102088928,-0.022761017084121704,0.6094213128089905,0.43527257442474365,-0.0336185023188591,0.6133094429969788,0.40052682161331177,-0.04016127437353134,0.6376547813415527,0.5376943349838257,-0.014402881264686584,0.6309929490089417,0.4603661000728607,-0.032857902348041534,0.6258600354194641,0.4160946011543274,-0.04406057298183441,0.6235046982765198,0.379115492105484,-0.0487305149435997,0.6625847220420837,0.5491026043891907,-0.024554196745157242,0.6374639272689819,0.5146352052688599,-0.05001197010278702,0.6217155456542969,0.556749165058136,-0.050925835967063904,0.6178382039070129,0.5904329419136047,-0.043437302112579346,0.6843603849411011,0.5702601671218872,-0.03556515648961067,0.6523634195327759,0.5522185564041138,-0.05318530276417732,0.6384090781211853,0.5839371085166931,-0.04958802089095116,0.6380072236061096,0.6108609437942505,-0.041912395507097244,u
0.6484562158584595,0.6978732347488403,3.535376720265049e-07,0.611518383026123,0.6644619703292847,-0.01020368654280901,0.587863564491272,0.6139494180679321,-0.020720498636364937,0.5915694832801819,0.5678713917732239,-0.03444988653063774,0.6154410243034363,0.5344582200050354,-0.04714711010456085,0.6166529655456543,0.5388267040252686,-0.0069071631878614426,0.6128091812133789,0.47401511669158936,-0.025500744581222534,0.6144312024116516,0.4341057538986206,-0.03735082224011421,0.6196272373199463,0.3993113040924072,-0.044110920280218124,0.6423112154006958,0.5366874933242798,-0.015501906163990498,0.6358984112739563,0.4626255929470062,-0.035413675010204315,0.6316995620727539,0.41909515857696533,-0.046665262430906296,0.6298888921737671,0.3820071220397949,-0.05093027651309967,0.666561484336853,0.5482251644134521,-0.02613140642642975,0.6356838345527649,0.5220159888267517,-0.05192648991942406,0.6210464835166931,0.5638923645019531,-0.05161508172750473,0.6190503835678101,0.5951763391494751,-0.043085284531116486,0.6851211786270142,0.5697000026702881,-0.037927426397800446,0.6492190957069397,0.5553728938102722,-0.05455078184604645,0.6360817551612854,0.5859103202819824,-0.04984395578503609,0.6366555094718933,0.6107214689254761,-0.04134226217865944,u
0.6485891342163086,0.698011040687561,3.391761538296123e-07,0.6120394468307495,0.6664432883262634,-0.011052608489990234,0.5879068970680237,0.6148464679718018,-0.021614857017993927,0.5911418795585632,0.5675069093704224,-0.035155873745679855,0.6158047914505005,0.5342597365379333,-0.04742930456995964,0.6177558302879333,0.5397285223007202,-0.007573531474918127,0.6132647395133972,0.47445613145828247,-0.02612796612083912,0.6140840649604797,0.43464428186416626,-0.037668824195861816,0.6185621023178101,0.40009063482284546,-0.04441894590854645,0.6429805159568787,0.5371207594871521,-0.01583816297352314,0.6360721588134766,0.46124008297920227,-0.036388762295246124,0.6316582560539246,0.41745007038116455,-0.047914281487464905,0.6298214197158813,0.3801517188549042,-0.052261900156736374,0.6667308211326599,0.5488114356994629,-0.02614569291472435,0.6359612345695496,0.5195852518081665,-0.05275639146566391,0.6209563612937927,0.5630400776863098,-0.05211363732814789,0.6184479594230652,0.5954703092575073,-0.0431043840944767,0.685001790523529,0.5702380537986755,-0.037704795598983765,0.6490468978881836,0.5551498532295227,-0.055363789200782776,0.6352055072784424,0.586110532283783,-0.05118380859494209,0.6348772644996643,0.6113324165344238,-0.04284904897212982,u
0.6468921899795532,0.6983044147491455,3.492862390430673e-07,0.6115550994873047,0.6636908054351807,-0.010481953620910645,0.5882893800735474,0.613402247428894,-0.02145794779062271,0.5904449820518494,0.5682710409164429,-0.03576837480068207,0.6148009300231934,0.5347258448600769,-0.048822686076164246,0.6219218969345093,0.5377460718154907,-0.006337408442050219,0.618205726146698,0.4729454219341278,-0.02504069171845913,0.6195846796035767,0.4330495297908783,-0.03664345294237137,0.625185489654541,0.39902758598327637,-0.04300367459654808,0.6464521288871765,0.5374569296836853,-0.01511753536760807,0.6407507658004761,0.4625070095062256,-0.03525622561573982,0.6370100378990173,0.4187784790992737,-0.04626892879605293,0.635778546333313,0.38164907693862915,-0.0501067191362381,0.6690866947174072,0.5507866144180298,-0.02612338960170746,0.6363067626953125,0.5254899859428406,-0.052505724132061005,0.6215953230857849,0.5667012929916382,-0.05226362124085426,0.6203464865684509,0.597118616104126,-0.043432191014289856,0.6853184700012207,0.57382732629776,-0.03831183910369873,0.6487273573875427,0.556887686252594,-0.054928626865148544,0.6347415447235107,0.5870463848114014,-0.05010553076863289,0.6346896290779114,0.6120361685752869,-0.04145094007253647,u
0.6470209360122681,0.6974978446960449,3.3005974842126307e-07,0.6110199093818665,0.664249837398529,-0.011887392029166222,0.5876904129981995,0.6144415140151978,-0.02320951223373413,0.5894989967346191,0.5684613585472107,-0.037504080682992935,0.6146914958953857,0.5367392301559448,-0.05034849792718887,0.6219351887702942,0.5385742783546448,-0.007666633930057287,0.6184687614440918,0.47417154908180237,-0.02651163376867771,0.6195821762084961,0.4350317716598511,-0.0378582626581192,0.6248477101325989,0.40143001079559326,-0.04403197392821312,0.6467069983482361,0.5370912551879883,-0.01565433107316494,0.6411446332931519,0.46199026703834534,-0.03603685647249222,0.6375616788864136,0.4185889959335327,-0.04682671278715134,0.6364662051200867,0.38106244802474976,-0.05032235383987427,0.6695165038108826,0.5497379302978516,-0.025967499241232872,0.6360803246498108,0.5251182913780212,-0.05295753479003906,0.6217319369316101,0.5672093033790588,-0.052958693355321884,0.6207050085067749,0.5982183814048767,-0.04395517706871033,0.6856959462165833,0.572339653968811,-0.03757578879594803,0.6485821604728699,0.556827187538147,-0.054642751812934875,0.634099543094635,0.5870617032051086,-0.05040730535984039,0.6332035064697266,0.6122498512268066,-0.0419987216591835,u
0.6491323709487915,0.7004213929176331,3.476532128843246e-07,0.6125473976135254,0.6649876832962036,-0.009341510944068432,0.5896163582801819,0.6131114959716797,-0.01940205506980419,0.5904721021652222,0.570021390914917,-0.03316861391067505,0.6133173704147339,0.5402963757514954,-0.04562428966164589,0.6261227130889893,0.5365147590637207,-0.00393980648368597,0.622559130191803,0.47300997376441956,-0.022266292944550514,0.624362587928772,0.4334408640861511,-0.03406492993235588,0.630233108997345,0.40000295639038086,-0.04086163267493248,0.6492603421211243,0.5368527770042419,-0.013732346706092358,0.6442806720733643,0.4623209834098816,-0.03392797335982323,0.6409804821014404,0.4186999797821045,-0.045265957713127136,0.6402905583381653,0.381743460893631,-0.049411673098802567,0.6702332496643066,0.5510830283164978,-0.02577676624059677,0.6358352899551392,0.5226867198944092,-0.052577026188373566,0.6217837333679199,0.5655634999275208,-0.05210849642753601,0.6217366456985474,0.5975501537322998,-0.043076690286397934,0.6840724945068359,0.5761673450469971,-0.039002351462841034,0.6459529995918274,0.5590710639953613,-0.05641982704401016,0.6325543522834778,0.5904834270477295,-0.051944684237241745,0.6337280869483948,0.6159353256225586,-0.04343952238559723,u
0.6498515009880066,0.7014827728271484,3.425334682560788e-07,0.6129571795463562,0.6648238897323608,-0.009216871112585068,0.5898926258087158,0.6130002737045288,-0.019303878769278526,0.5903390049934387,0.5697321891784668,-0.033134154975414276,0.6132922768592834,0.5395472049713135,-0.04560169577598572,0.6262192726135254,0.5373625159263611,-0.00371559034101665,0.6225244998931885,0.4737095534801483,-0.022007843479514122,0.6241074204444885,0.43421560525894165,-0.033730924129486084,0.6298192739486694,0.4007551670074463,-0.04045756161212921,0.6490947604179382,0.5375604033470154,-0.01348979864269495,0.6441293358802795,0.4625377953052521,-0.033614255487918854,0.6408823132514954,0.41881605982780457,-0.04485083743929863,0.640383780002594,0.3816564679145813,-0.04897274821996689,0.6699393391609192,0.551507830619812,-0.025516146793961525,0.635709822177887,0.523147702217102,-0.052096445113420486,0.621816873550415,0.5660243630409241,-0.05147651582956314,0.6218716502189636,0.5980298519134521,-0.042421698570251465,0.6836701035499573,0.5761393904685974,-0.03873931244015694,0.6456391215324402,0.5587460398674011,-0.055916573852300644,0.6323028802871704,0.5904358625411987,-0.05125199258327484,0.6334878206253052,0.6162233352661133,-0.04267127439379692,u
0.6530618667602539,0.7053378820419312,3.588875756577181e-07,0.6133630275726318,0.6646764874458313,-0.009251001290977001,0.5912819504737854,0.6115325689315796,-0.01959526166319847,0.591282844543457,0.569409191608429,-0.03374480828642845,0.6136561632156372,0.539004385471344,-0.046389635652303696,0.6320179104804993,0.5372438430786133,-0.002335721394047141,0.6273059844970703,0.47526639699935913,-0.02079792320728302,0.6292136311531067,0.4360547363758087,-0.03297214210033417,0.6353461742401123,0.4029248356819153,-0.040127675980329514,0.6554297208786011,0.539461612701416,-0.01234474778175354,0.6483007073402405,0.4669841527938843,-0.032945673912763596,0.64438796043396,0.4235256314277649,-0.045036740601062775,0.6437889337539673,0.38578560948371887,-0.04998467490077019,0.6742968559265137,0.5547460913658142,-0.024738946929574013,0.6339722275733948,0.5295963287353516,-0.05151959881186485,0.6211449503898621,0.5725520849227905,-0.050811007618904114,0.6232765316963196,0.6026414036750793,-0.041922759264707565,0.6836768388748169,0.5799892544746399,-0.03836843743920326,0.6407578587532043,0.5646552443504333,-0.05561517924070358,0.6301438808441162,0.5973881483078003,-0.050675198435783386,0.6340867877006531,0.6219090223312378,-0.042011622339487076,u
0.6522594094276428,0.705506443977356,3.6052975360689743e-07,0.6133406162261963,0.6641684174537659,-0.008216883055865765,0.5907754898071289,0.6106970310211182,-0.0178265031427145,0.5895869135856628,0.5688936114311218,-0.0314067080616951,0.6128762364387512,0.5407796502113342,-0.04345996305346489,0.6310241222381592,0.5363735556602478,-0.0004680434358306229,0.6276797652244568,0.47513508796691895,-0.018300700932741165,0.6299939155578613,0.435942679643631,-0.030404936522245407,0.6363158226013184,0.4024192690849304,-0.037720195949077606,0.6538665294647217,0.5380821228027344,-0.010994515381753445,0.6470187306404114,0.4652954936027527,-0.030878841876983643,0.6437147855758667,0.4214048981666565,-0.04286053776741028,0.6437247395515442,0.3831270635128021,-0.047817304730415344,0.6731830835342407,0.5532680153846741,-0.023869570344686508,0.6346057653427124,0.5282091498374939,-0.050140783190727234,0.6215337514877319,0.5714277029037476,-0.049292925745248795,0.6230051517486572,0.6020814776420593,-0.04024779051542282,0.6833187937736511,0.5789502859115601,-0.03796502202749252,0.6411465406417847,0.5634320378303528,-0.05494028702378273,0.630124568939209,0.5968064069747925,-0.049967192113399506,0.6332446932792664,0.6222953796386719,-0.04125174134969711,u
0.6518634557723999,0.7062615156173706,3.8228176890697796e-07,0.6124991774559021,0.6656340956687927,-0.010068168863654137,0.5917489528656006,0.6123382449150085,-0.0217673871666193,0.5915632247924805,0.5703808665275574,-0.03718625381588936,0.6136232614517212,0.5384697318077087,-0.05087651312351227,0.6333152055740356,0.5366830229759216,-0.004118048120290041,0.6297406554222107,0.4746050238609314,-0.023049425333738327,0.6319735050201416,0.43565794825553894,-0.03514789417386055,0.6382427215576172,0.4023769497871399,-0.042405739426612854,0.6566160321235657,0.5397323369979858,-0.014410956762731075,0.6510036587715149,0.46714675426483154,-0.03568140044808388,0.6472201347351074,0.4241939187049866,-0.04764789715409279,0.6467297077178955,0.38619136810302734,-0.05262019857764244,0.6742516160011292,0.5560849905014038,-0.027130737900733948,0.6319054961204529,0.5298528671264648,-0.054288528859615326,0.6188926100730896,0.5740433931350708,-0.05246955156326294,0.6218474507331848,0.6034190654754639,-0.04300178587436676,0.6820274591445923,0.582539439201355,-0.04122103005647659,0.6374090313911438,0.5664128065109253,-0.05916719511151314,0.6278235912322998,0.5997750163078308,-0.05415443331003189,0.6330994963645935,0.6236140727996826,-0.04545944929122925,u
0.6523251533508301,0.7058875560760498,3.7992981560819317e-07,0.6130992770195007,0.665937066078186,-0.010480734519660473,0.5917050838470459,0.6128482818603516,-0.02207338996231556,0.5912202000617981,0.5702642798423767,-0.03723954036831856,0.6139667630195618,0.539259672164917,-0.05059485509991646,0.6331140398979187,0.5374674797058105,-0.004312240518629551,0.6298691630363464,0.4750210642814636,-0.023238277062773705,0.632235586643219,0.43553251028060913,-0.0353514701128006,0.638418972492218,0.40197232365608215,-0.042626939713954926,0.6562008857727051,0.5396930575370789,-0.01433558389544487,0.6512689590454102,0.4662632346153259,-0.03561744466423988,0.6473520398139954,0.4231088161468506,-0.04764094576239586,0.6465096473693848,0.3858569264411926,-0.05250740051269531,0.6740673184394836,0.5555192232131958,-0.02681126445531845,0.6328604817390442,0.5290951728820801,-0.05407748743891716,0.6194653511047363,0.5732066631317139,-0.052603255957365036,0.6221005916595459,0.6031894087791443,-0.043177664279937744,0.6821335554122925,0.5814222097396851,-0.04067458584904671,0.6379556655883789,0.5659919381141663,-0.05865846946835518,0.6278826594352722,0.5994464159011841,-0.05394973233342171,0.6327981948852539,0.6236755847930908,-0.04536720737814903,u
0.6539452075958252,0.7039163708686829,3.953670670853171e-07,0.6127992868423462,0.6623587608337402,-0.00916279386729002,0.5923734903335571,0.6103700995445251,-0.020378166809678078,0.5913923978805542,0.570884108543396,-0.03546654433012009,0.6116535067558289,0.5411261916160583,-0.048883020877838135,0.6359031796455383,0.5356442332267761,-0.003677194006741047,0.6335370540618896,0.4733089804649353,-0.022010687738656998,0.6359899640083313,0.43379825353622437,-0.03373991698026657,0.6418724656105042,0.40097761154174805,-0.04050198197364807,0.6586779952049255,0.5399869084358215,-0.014007351361215115,0.6531428098678589,0.46708881855010986,-0.03447932004928589,0.6493118405342102,0.42329907417297363,-0.04566815122961998,0.6485264301300049,0.38599979877471924,-0.04993597790598869,0.6752810478210449,0.5573794841766357,-0.02663940005004406,0.6315757632255554,0.5307356715202332,-0.0528813935816288,0.6175204515457153,0.5733823180198669,-0.05075588449835777,0.6198320388793945,0.6038541793823242,-0.041026532649993896,0.6812179088592529,0.5846511721611023,-0.040576763451099396,0.636872410774231,0.5682262182235718,-0.057447634637355804,0.6262099742889404,0.5995848774909973,-0.05195419862866402,0.6307671070098877,0.6231696605682373,-0.04289604350924492,u
0.6528326869010925,0.7026672959327698,3.923110227788129e-07,0.6128920316696167,0.6621780395507812,-0.009111689403653145,0.5925026535987854,0.6102414131164551,-0.020185429602861404,0.5916246175765991,0.5704070925712585,-0.035111203789711,0.6121798753738403,0.5409441590309143,-0.048327669501304626,0.6353104710578918,0.5350520014762878,-0.0033735588658601046,0.6332282423973083,0.47308865189552307,-0.02155958116054535,0.6357353925704956,0.43352746963500977,-0.03317049890756607,0.6415992379188538,0.4009137749671936,-0.03985242545604706,0.6579779386520386,0.5391806364059448,-0.013736299239099026,0.653207004070282,0.4668579399585724,-0.03398580104112625,0.6493638157844543,0.4232560396194458,-0.04504803940653801,0.648314893245697,0.3863065838813782,-0.04917355999350548,0.6747354865074158,0.5566883683204651,-0.026424944400787354,0.6317024827003479,0.5305725336074829,-0.05265042558312416,0.6177229881286621,0.5729863047599792,-0.05075734481215477,0.6199489831924438,0.6035044193267822,-0.04110167920589447,0.6809983849525452,0.5842826962471008,-0.04040267691016197,0.6372259855270386,0.5680564641952515,-0.057397518306970596,0.6266996264457703,0.5991443395614624,-0.05220137536525726,0.6311896443367004,0.6228597164154053,-0.043294649571180344,u
0.6546334028244019,0.7040660977363586,3.859630339775322e-07,0.6147997379302979,0.6637556552886963,-0.008721638470888138,0.5945630669593811,0.6108102798461914,-0.019597698003053665,0.5908387303352356,0.5715405941009521,-0.03422410413622856,0.6099053025245667,0.5416969656944275,-0.047064412385225296,0.6387687921524048,0.5355696678161621,-0.004008695017546415,0.6354497671127319,0.473061740398407,-0.022046811878681183,0.6374812126159668,0.432935506105423,-0.033611103892326355,0.6431030035018921,0.39972978830337524,-0.040498681366443634,0.6599683165550232,0.5398776531219482,-0.0144618209451437,0.6538054943084717,0.467459112405777,-0.03516494110226631,0.6501111388206482,0.4229370355606079,-0.04673274606466293,0.6496379971504211,0.3853622078895569,-0.05141622945666313,0.6751900315284729,0.556969404220581,-0.02702578902244568,0.6308764815330505,0.5286659002304077,-0.05313098430633545,0.6171368360519409,0.570365309715271,-0.050953444093465805,0.6195505857467651,0.6000924706459045,-0.04145020246505737,0.6800628304481506,0.5840993523597717,-0.04088180139660835,0.6346654295921326,0.5676082372665405,-0.05826190859079361,0.6239212155342102,0.5995962023735046,-0.053305450826883316,0.6282600164413452,0.6234109997749329,-0.0446678102016449,u
0.6535552740097046,0.7033441066741943,3.8526655998794013e-07,0.6141259670257568,0.6626954674720764,-0.008664289489388466,0.5943202376365662,0.6103304028511047,-0.019647574052214622,0.5910061001777649,0.5712816119194031,-0.034421224147081375,0.6100102066993713,0.5414339900016785,-0.047497592866420746,0.6389257311820984,0.5351653695106506,-0.003874230431392789,0.6361459493637085,0.47307834029197693,-0.021764975041151047,0.6381775140762329,0.43286940455436707,-0.03333913907408714,0.643857479095459,0.39953339099884033,-0.04026643559336662,0.6600040197372437,0.5398322343826294,-0.014459564350545406,0.6537572741508484,0.4670461416244507,-0.03483038768172264,0.6501578688621521,0.42235392332077026,-0.046212222427129745,0.6499837636947632,0.3847205638885498,-0.05083445832133293,0.6752812266349792,0.5572441220283508,-0.027159372344613075,0.6313817501068115,0.528613269329071,-0.053212232887744904,0.6173205375671387,0.5702852606773376,-0.05094292387366295,0.6194323301315308,0.6004830598831177,-0.041403476148843765,0.6801993250846863,0.5848357677459717,-0.041133079677820206,0.6347046494483948,0.5678761601448059,-0.058570362627506256,0.6236943006515503,0.6000872254371643,-0.05344796180725098,0.6278920769691467,0.6244465112686157,-0.044708315283060074,u
0.6575597524642944,0.7054306864738464,3.892464519594796e-07,0.6163927316665649,0.6643458604812622,-0.009642035700380802,0.5958360433578491,0.6125772595405579,-0.021489493548870087,0.5920118093490601,0.5727619528770447,-0.037098903208971024,0.6107754707336426,0.5412310361862183,-0.050884079188108444,0.6423871517181396,0.5377498865127563,-0.00382190546952188,0.6400434970855713,0.47630593180656433,-0.021833766251802444,0.6419166922569275,0.43591898679733276,-0.03368089348077774,0.6474066376686096,0.40220993757247925,-0.04121341556310654,0.6633091568946838,0.5419044494628906,-0.014317152090370655,0.6561640501022339,0.46988844871520996,-0.0350988395512104,0.6520857810974121,0.42596638202667236,-0.046568457037210464,0.6518049240112305,0.38819366693496704,-0.05154511705040932,0.6776900887489319,0.5584713816642761,-0.02717423439025879,0.6306877732276917,0.5295164585113525,-0.05338164046406746,0.618525505065918,0.5712652802467346,-0.05063726752996445,0.623007595539093,0.5999408960342407,-0.04126586765050888,0.6811864972114563,0.585220992565155,-0.04151879996061325,0.6338092088699341,0.5691232085227966,-0.05972512438893318,0.6251091957092285,0.6014593243598938,-0.055115800350904465,0.6317403316497803,0.6243215799331665,-0.04700731486082077,u
0.658915638923645,0.7068908214569092,4.035497340737493e-07,0.6181979179382324,0.6661012768745422,-0.00948712881654501,0.5971490144729614,0.6140277981758118,-0.02096647582948208,0.5920060873031616,0.5744057893753052,-0.036294277757406235,0.6107093095779419,0.5433530211448669,-0.04960310086607933,0.643425703048706,0.5391330122947693,-0.0032481830567121506,0.640272855758667,0.4772805869579315,-0.02175016514956951,0.6420217752456665,0.4361867904663086,-0.03362748399376869,0.6473301649093628,0.40246814489364624,-0.04111352935433388,0.6638624668121338,0.542752742767334,-0.013955045491456985,0.6570258140563965,0.4702071249485016,-0.0356738343834877,0.6526058912277222,0.42556655406951904,-0.04772629961371422,0.6522048115730286,0.3869849443435669,-0.05285533517599106,0.6778544187545776,0.5593407154083252,-0.02705906331539154,0.6315544247627258,0.5304373502731323,-0.05370280146598816,0.619854211807251,0.5725727677345276,-0.05081867799162865,0.6249303221702576,0.6003051996231079,-0.041038960218429565,0.6814582943916321,0.5864461660385132,-0.04167064651846886,0.6345030665397644,0.5705229043960571,-0.05969812348484993,0.6266207098960876,0.6027082204818726,-0.0549122616648674,0.6338775753974915,0.6243916153907776,-0.04655860736966133,u
0.6599727272987366,0.7081738114356995,4.088437322025129e-07,0.6189126968383789,0.6671198010444641,-0.00931310560554266,0.597557783126831,0.6144787073135376,-0.02085450477898121,0.5923070907592773,0.5747732520103455,-0.036293547600507736,0.6110637784004211,0.5435541272163391,-0.049717728048563004,0.6437106728553772,0.5392618775367737,-0.003357082838192582,0.6402746438980103,0.47722917795181274,-0.021925481036305428,0.6422908902168274,0.4362737834453583,-0.03384185582399368,0.6479880809783936,0.4025568962097168,-0.041365016251802444,0.6643812656402588,0.5430741310119629,-0.014250900596380234,0.6570911407470703,0.4699515104293823,-0.03605126217007637,0.6527288556098938,0.4254263639450073,-0.04810083657503128,0.6526091694831848,0.3871164321899414,-0.05325694382190704,0.678379237651825,0.5598528385162354,-0.027502436190843582,0.6317464709281921,0.5303759574890137,-0.0539446696639061,0.619825005531311,0.5728387832641602,-0.05053821578621864,0.6249321103096008,0.6006792187690735,-0.04046700894832611,0.6820433139801025,0.5871427655220032,-0.042292069643735886,0.6347383260726929,0.5704171657562256,-0.06015518680214882,0.6266580820083618,0.602888822555542,-0.05500416457653046,0.6337316632270813,0.6248531937599182,-0.046403758227825165,u
0.6604583263397217,0.7088219523429871,4.1756499058465124e-07,0.6188881397247314,0.6681675910949707,-0.00964988674968481,0.5974946618080139,0.6155418753623962,-0.021708238869905472,0.5922162532806396,0.575238049030304,-0.037578463554382324,0.6114706993103027,0.5434945225715637,-0.051412250846624374,0.6428033709526062,0.5400574803352356,-0.005004596430808306,0.6393983960151672,0.4771066904067993,-0.024057772010564804,0.6413645148277283,0.43575939536094666,-0.03625323995947838,0.647106945514679,0.4017857015132904,-0.0439537949860096,0.6640210747718811,0.5437499284744263,-0.015817925333976746,0.6564975380897522,0.47070395946502686,-0.03791375458240509,0.652944803237915,0.4254341125488281,-0.050070133060216904,0.6535807251930237,0.386258602142334,-0.05540197715163231,0.6783628463745117,0.5607271194458008,-0.028908129781484604,0.6309757828712463,0.5323009490966797,-0.05516589805483818,0.6192216873168945,0.5742655992507935,-0.05143740773200989,0.6244983673095703,0.6016145944595337,-0.0413752943277359,0.6821292638778687,0.5878817439079285,-0.04360628500580788,0.6344171166419983,0.5724602341651917,-0.06139406934380531,0.6262898445129395,0.6043422818183899,-0.05609786510467529,0.6333231925964355,0.6257846355438232,-0.04749741032719612,u
0.6595757007598877,0.7082396745681763,4.2013215306724305e-07,0.6186733245849609,0.6672698259353638,-0.009268751367926598,0.5972838997840881,0.6146044731140137,-0.020882321521639824,0.5918155908584595,0.5744507312774658,-0.03636942058801651,0.6115370392799377,0.5437114238739014,-0.04985901713371277,0.6427150368690491,0.5402624607086182,-0.003994843922555447,0.6394883990287781,0.47824445366859436,-0.022613419219851494,0.6412266492843628,0.4367290437221527,-0.034662313759326935,0.6467778086662292,0.4027172327041626,-0.04242205247282982,0.6640891432762146,0.5436417460441589,-0.015034805983304977,0.6569812893867493,0.4706556499004364,-0.0369340181350708,0.6534584164619446,0.42510879039764404,-0.04924251139163971,0.6541789770126343,0.3856125771999359,-0.05479489266872406,0.6785086393356323,0.5605317950248718,-0.028349049389362335,0.6314677000045776,0.5316604375839233,-0.054646845906972885,0.6197344660758972,0.573455810546875,-0.05082685872912407,0.6251399517059326,0.6001448631286621,-0.04068761691451073,0.6820615530014038,0.5878540277481079,-0.043234214186668396,0.6340293884277344,0.5715939402580261,-0.061208680272102356,0.6260352730751038,0.6036753058433533,-0.055835336446762085,0.633124589920044,0.625160276889801,-0.04719841852784157,u
0.6598653197288513,0.7083185911178589,4.0341717522096587e-07,0.6184810400009155,0.6679922342300415,-0.009800306521356106,0.5971387028694153,0.6165698766708374,-0.02197996899485588,0.5920596122741699,0.5766977071762085,-0.03788139298558235,0.6113142371177673,0.5449432134628296,-0.05180951580405235,0.6432204842567444,0.5397559404373169,-0.0045593855902552605,0.6400710940361023,0.4778153896331787,-0.02319089137017727,0.641740083694458,0.43676063418388367,-0.03523305431008339,0.6472588181495667,0.403148353099823,-0.04274696856737137,0.6640415787696838,0.543254017829895,-0.015151686035096645,0.6564111709594727,0.4702492654323578,-0.0361778624355793,0.6523751020431519,0.42576533555984497,-0.04746363312005997,0.6523089408874512,0.3873193860054016,-0.0522068627178669,0.6784235239028931,0.5600708723068237,-0.028121965005993843,0.6313283443450928,0.5312241315841675,-0.054185133427381516,0.618535041809082,0.572453498840332,-0.050930049270391464,0.6228320002555847,0.6003862023353577,-0.04116964712738991,0.681988537311554,0.5876678228378296,-0.042654864490032196,0.6340348124504089,0.5720937252044678,-0.06054536625742912,0.6245269179344177,0.6037744283676147,-0.05563737452030182,0.6306484937667847,0.6258652806282043,-0.047307129949331284,u
0.6596121788024902,0.7081310153007507,4.0311846305485233e-07,0.61821049451828,0.6677552461624146,-0.009856065735220909,0.5970208644866943,0.6164371371269226,-0.02217203564941883,0.5921456217765808,0.5766077637672424,-0.03818835690617561,0.6113569736480713,0.544834554195404,-0.05224011465907097,0.6431739330291748,0.5394694209098816,-0.004900290165096521,0.6399347186088562,0.4775332510471344,-0.023572541773319244,0.6415413618087769,0.4365924000740051,-0.03562043234705925,0.6470444202423096,0.40308016538619995,-0.04310981556773186,0.6640927195549011,0.5430138111114502,-0.01547234132885933,0.6564766764640808,0.46998441219329834,-0.03644143044948578,0.6524913907051086,0.42563456296920776,-0.04760294780135155,0.6524795889854431,0.38732701539993286,-0.05225810036063194,0.6785114407539368,0.5599164366722107,-0.02841009385883808,0.6312516331672668,0.5312796831130981,-0.054402898997068405,0.6183517575263977,0.5724992752075195,-0.051078762859106064,0.6226209402084351,0.6005118489265442,-0.041293565183877945,0.6820658445358276,0.5876064300537109,-0.04291374236345291,0.6340640187263489,0.5719125866889954,-0.06072911620140076,0.6243393421173096,0.603548526763916,-0.05572941526770592,0.6303438544273376,0.6257229447364807,-0.04734623059630394,u
0.6615485548973083,0.7094277739524841,4.0015780200519657e-07,0.6192879676818848,0.6695232391357422,-0.00995293352752924,0.5978705286979675,0.6173515915870667,-0.022137917578220367,0.5923612117767334,0.5783352255821228,-0.03796613961458206,0.6105460524559021,0.5470548272132874,-0.05187539383769035,0.64348304271698,0.540015459060669,-0.005381840281188488,0.6400699615478516,0.4777599573135376,-0.02409239299595356,0.6418646574020386,0.43694740533828735,-0.03629786893725395,0.6477675437927246,0.4033457636833191,-0.04386882856488228,0.6643460392951965,0.5441201329231262,-0.015718547627329826,0.6564592123031616,0.4714887738227844,-0.03690965846180916,0.6526366472244263,0.4269850552082062,-0.04850552976131439,0.6528985500335693,0.3889670968055725,-0.053485941141843796,0.6788439750671387,0.5610600113868713,-0.02835199050605297,0.6320915222167969,0.5326391458511353,-0.05429268628358841,0.6191601157188416,0.573223888874054,-0.051373958587646484,0.6230539679527283,0.6012965440750122,-0.0419037900865078,0.6824701428413391,0.5884094834327698,-0.0425359308719635,0.6351920366287231,0.5722554326057434,-0.06008599326014519,0.6254532933235168,0.6035341620445251,-0.05515770614147186,0.6311577558517456,0.6258136630058289,-0.04687051475048065,u
0.6616889834403992,0.7093676328659058,4.142534919537866e-07,0.6197807192802429,0.6686273217201233,-0.009471281431615353,0.5977582931518555,0.6164242625236511,-0.021316925063729286,0.5924992561340332,0.5766798853874207,-0.03693683072924614,0.6117688417434692,0.5455833673477173,-0.050602223724126816,0.6434069275856018,0.5401419997215271,-0.0038892696611583233,0.6400386095046997,0.4778851568698883,-0.02248481661081314,0.6418911218643188,0.43628913164138794,-0.034716878086328506,0.6478362679481506,0.4022772014141083,-0.04236000031232834,0.664411723613739,0.5440460443496704,-0.014638490974903107,0.6564356088638306,0.4709995985031128,-0.03596992790699005,0.6527833342552185,0.42594194412231445,-0.047803837805986404,0.6534844040870667,0.3872838616371155,-0.052889738231897354,0.6790450215339661,0.5610026121139526,-0.027718575671315193,0.632824718952179,0.532719612121582,-0.05382819473743439,0.619986355304718,0.5736736059188843,-0.05051442235708237,0.6241546273231506,0.6013840436935425,-0.040618423372507095,0.6829521059989929,0.5886225700378418,-0.04234083369374275,0.6353650689125061,0.5725312232971191,-0.060003042221069336,0.6260255575180054,0.6044633984565735,-0.054630327969789505,0.6320265531539917,0.6267350912094116,-0.04592537507414818,u
0.6600397825241089,0.709157407283783,4.106367441636394e-07,0.6180967092514038,0.6670620441436768,-0.009114239364862442,0.5969592928886414,0.6159195303916931,-0.02104102075099945,0.5925419926643372,0.5770710706710815,-0.03689432516694069,0.6111090779304504,0.5456086993217468,-0.05088624730706215,0.6443931460380554,0.5399543642997742,-0.003681100672110915,0.6406589150428772,0.4786204993724823,-0.0224959347397089,0.6422022581100464,0.43701624870300293,-0.035101890563964844,0.6478466391563416,0.4028469920158386,-0.04314529895782471,0.6649947166442871,0.5436437726020813,-0.014741663821041584,0.6569624543190002,0.47143954038619995,-0.036259084939956665,0.6528336405754089,0.4269636273384094,-0.048326339572668076,0.6531938314437866,0.3883501887321472,-0.0536651611328125,0.6790953874588013,0.5606427788734436,-0.028104929253458977,0.6319474577903748,0.5328747034072876,-0.05426708236336708,0.6190085411071777,0.5742290616035461,-0.05081074684858322,0.6234486699104309,0.602031409740448,-0.04093742370605469,0.68253493309021,0.5887197256088257,-0.043035175651311874,0.6348324418067932,0.5732055902481079,-0.06075232848525047,0.625171959400177,0.6047386527061462,-0.05537262558937073,0.6312628388404846,0.6265264749526978,-0.04673187434673309,u
0.6605324149131775,0.7098965644836426,3.954790770421823e-07,0.6184263825416565,0.6682801842689514,-0.009411639533936977,0.5972613096237183,0.616083025932312,-0.021181056275963783,0.5925861597061157,0.5765458345413208,-0.036819733679294586,0.6112746000289917,0.5451798439025879,-0.05055486038327217,0.644207775592804,0.5401403903961182,-0.004116412252187729,0.6403934955596924,0.4781385660171509,-0.023128090426325798,0.6419167518615723,0.43624478578567505,-0.03590027615427971,0.6473978161811829,0.4016058146953583,-0.04414137452840805,0.6646319627761841,0.5437881946563721,-0.014912502840161324,0.6557255387306213,0.47243136167526245,-0.03679000213742256,0.6513673067092896,0.427714467048645,-0.0492970235645771,0.6516246199607849,0.38903024792671204,-0.05504181236028671,0.6787271499633789,0.5607051253318787,-0.027996910735964775,0.6320092082023621,0.5331518650054932,-0.05405953526496887,0.6192570924758911,0.5743727087974548,-0.05076684430241585,0.6237437725067139,0.6019942760467529,-0.041182223707437515,0.6823897957801819,0.5884339809417725,-0.0427081473171711,0.6353201866149902,0.5735262036323547,-0.06026511266827583,0.6260907053947449,0.6049213409423828,-0.05517524108290672,0.6325210928916931,0.6264644265174866,-0.046865202486515045,u
0.661530077457428,0.7087351679801941,4.0302296611116617e-07,0.6204726696014404,0.668363630771637,-0.009999377653002739,0.5984997153282166,0.6167110204696655,-0.02242307923734188,0.5929681658744812,0.5772787928581238,-0.03846092149615288,0.6119471192359924,0.5458496809005737,-0.05256501957774162,0.6433584094047546,0.5405263304710388,-0.006168976426124573,0.6402066946029663,0.478640615940094,-0.025499042123556137,0.6419587135314941,0.43810373544692993,-0.03807266056537628,0.6474456191062927,0.40433087944984436,-0.045785557478666306,0.6644561290740967,0.5442712903022766,-0.016570694744586945,0.6565800905227661,0.47186800837516785,-0.03820333257317543,0.6522860527038574,0.427157461643219,-0.04990814998745918,0.6518052816390991,0.38884586095809937,-0.054857123643159866,0.6794925928115845,0.561021089553833,-0.02921927534043789,0.6326955556869507,0.5335713624954224,-0.05517848581075668,0.619796633720398,0.5751253962516785,-0.05169197544455528,0.623614490032196,0.6044560074806213,-0.04168056324124336,0.6841402053833008,0.5882017612457275,-0.0434676930308342,0.6365964412689209,0.5732598900794983,-0.06062205135822296,0.626875102519989,0.6046416163444519,-0.05508207529783249,0.6323666572570801,0.6275611519813538,-0.046261463314294815,u
0.6612778306007385,0.7090750336647034,4.007522704796429e-07,0.6201010346412659,0.6685023307800293,-0.009279963560402393,0.5985497236251831,0.6165924072265625,-0.021424181759357452,0.5935521125793457,0.5772225856781006,-0.03735953941941261,0.6127133965492249,0.5453674793243408,-0.051389969885349274,0.6437124013900757,0.5409916639328003,-0.005114605650305748,0.6394978165626526,0.47892746329307556,-0.02413606271147728,0.6409727334976196,0.4383671283721924,-0.036530788987874985,0.6464967727661133,0.40487682819366455,-0.044157061725854874,0.665105402469635,0.5446687936782837,-0.015955746173858643,0.6564697623252869,0.4721386432647705,-0.037420835345983505,0.6522881984710693,0.4274842143058777,-0.04924799129366875,0.6522666811943054,0.3890550136566162,-0.054317962378263474,0.6800388693809509,0.5615423917770386,-0.0289975143969059,0.6329519152641296,0.5337571501731873,-0.054735057055950165,0.6202157139778137,0.575469434261322,-0.05107281729578972,0.6243464350700378,0.6040250658988953,-0.04104136675596237,0.6845930218696594,0.5887147188186646,-0.04359349235892296,0.6369459629058838,0.5732918381690979,-0.06074820086359978,0.6270372867584229,0.605135440826416,-0.05501963570713997,0.6323949098587036,0.627962052822113,-0.046064916998147964,u
0.6574326157569885,0.7056570053100586,3.8845180938551493e-07,0.6193484663963318,0.6660740971565247,-0.010088171809911728,0.5973556041717529,0.614719808101654,-0.022046517580747604,0.5940098166465759,0.5745941400527954,-0.03762851282954216,0.6154076457023621,0.5446943044662476,-0.05142364278435707,0.6401175856590271,0.5367031097412109,-0.004387939348816872,0.6375919580459595,0.47693488001823425,-0.023121671751141548,0.6392839550971985,0.4376010596752167,-0.03533978387713432,0.6447640657424927,0.4047933518886566,-0.04277389496564865,0.6622636914253235,0.5406335592269897,-0.014702231623232365,0.6566022038459778,0.46942734718322754,-0.03522160276770592,0.6518570780754089,0.4253498315811157,-0.046507664024829865,0.6504172086715698,0.3872208297252655,-0.05117892101407051,0.6790087223052979,0.5583605766296387,-0.027463700622320175,0.636271059513092,0.5313634276390076,-0.054155007004737854,0.6231321096420288,0.5741850137710571,-0.051803961396217346,0.6258901953697205,0.6046721339225769,-0.042115576565265656,0.6856375932693481,0.5874724984169006,-0.04163399711251259,0.6402729153633118,0.5730418562889099,-0.059578415006399155,0.6306390762329102,0.6054984331130981,-0.05461985617876053,0.6355960965156555,0.6297409534454346,-0.04601624608039856,u
0.6581102609634399,0.7048207521438599,3.777692541007127e-07,0.6200461387634277,0.6661540865898132,-0.010840392671525478,0.5981377363204956,0.6151028275489807,-0.023080797865986824,0.5954750180244446,0.5735129714012146,-0.03854561224579811,0.6164314150810242,0.5433164238929749,-0.05222005769610405,0.6400474905967712,0.5376942753791809,-0.006545582320541143,0.6373310685157776,0.4764437973499298,-0.025741390883922577,0.6391772031784058,0.4368060231208801,-0.03816967457532883,0.644690990447998,0.4037802815437317,-0.04547898843884468,0.6624280214309692,0.5415722131729126,-0.016047876328229904,0.6561940908432007,0.4695339798927307,-0.03698692098259926,0.651945948600769,0.42536431550979614,-0.04835401102900505,0.6507915258407593,0.3878784477710724,-0.05281774327158928,0.6794973611831665,0.5589375495910645,-0.027841422706842422,0.6364859938621521,0.5335143804550171,-0.054579101502895355,0.62308669090271,0.5757501721382141,-0.05244471877813339,0.6253162026405334,0.6064698100090027,-0.042716022580862045,0.6864798665046692,0.5871526002883911,-0.04101584106683731,0.6419720649719238,0.5727503299713135,-0.058541566133499146,0.6318475008010864,0.6051503419876099,-0.05317562073469162,0.6361997723579407,0.6298747658729553,-0.044137485325336456,u
0.6575455665588379,0.7046113014221191,3.8553113768102776e-07,0.6189538240432739,0.6652042865753174,-0.010750047862529755,0.5983524918556213,0.6144356727600098,-0.02345276065170765,0.5976804494857788,0.5740832090377808,-0.03964922949671745,0.6193157434463501,0.5438027381896973,-0.05419599637389183,0.6413276791572571,0.5390016436576843,-0.00659793708473444,0.6384804248809814,0.4760105013847351,-0.026522977277636528,0.6411716341972351,0.4358741044998169,-0.03931982442736626,0.6483035683631897,0.4023740887641907,-0.04673941433429718,0.6641086339950562,0.5427430868148804,-0.016373461112380028,0.6572016477584839,0.4704292416572571,-0.03844568133354187,0.6540111899375916,0.4271554946899414,-0.050318095833063126,0.6546319723129272,0.3900808095932007,-0.054826583713293076,0.6812865734100342,0.559162974357605,-0.028464388102293015,0.6379428505897522,0.5337281227111816,-0.055688656866550446,0.6239287257194519,0.5765465497970581,-0.053365543484687805,0.6261559128761292,0.607282280921936,-0.04330616071820259,0.6890161633491516,0.5856517553329468,-0.04197485372424126,0.6437556147575378,0.5703154802322388,-0.059418246150016785,0.6331678032875061,0.6030232906341553,-0.053650837391614914,0.6372570395469666,0.6278905272483826,-0.04422439634799957,u
0.6581307649612427,0.7039400935173035,4.0099621401168406e-07,0.6186578869819641,0.6650635004043579,-0.010925148613750935,0.5982539057731628,0.6142563223838806,-0.02337627299129963,0.5976006388664246,0.573867678642273,-0.039210639894008636,0.6187962293624878,0.5440640449523926,-0.05333586782217026,0.6402893662452698,0.5378607511520386,-0.006870277691632509,0.6371791958808899,0.4748947024345398,-0.02680770494043827,0.6400802731513977,0.4343372583389282,-0.03959634527564049,0.6472089886665344,0.4008082151412964,-0.04697695001959801,0.6635392904281616,0.5413832068443298,-0.01661626622080803,0.6573609113693237,0.4675552546977997,-0.03869861364364624,0.6541051864624023,0.4230085611343384,-0.050975456833839417,0.6547378897666931,0.3855549395084381,-0.055696334689855576,0.6812499761581421,0.5582438111305237,-0.028631780296564102,0.6387605667114258,0.5331593751907349,-0.055829618126153946,0.6246876120567322,0.5759686231613159,-0.053966376930475235,0.6270833015441895,0.606326162815094,-0.04415194317698479,0.6889835000038147,0.5848215222358704,-0.04204589128494263,0.6445350646972656,0.5704944729804993,-0.05951174721121788,0.6339192986488342,0.6037302017211914,-0.05402374267578125,0.6382285356521606,0.6283390522003174,-0.04472753033041954,u
0.657784640789032,0.7071318626403809,3.6987142948419205e-07,0.6200783252716064,0.66608065366745,-0.008870299905538559,0.5991204977035522,0.6138017773628235,-0.019596854224801064,0.5976178050041199,0.5722289681434631,-0.03432619199156761,0.6198309659957886,0.5427244901657104,-0.04731893166899681,0.6402190327644348,0.5401492118835449,-0.0018203622894361615,0.6365221738815308,0.4779195189476013,-0.02035573683679104,0.6390946507453918,0.43843039870262146,-0.03230771794915199,0.6459434628486633,0.4055706262588501,-0.039494920521974564,0.6629957556724548,0.5422041416168213,-0.012318340130150318,0.6575738787651062,0.4697950482368469,-0.033506836742162704,0.6544934511184692,0.42607593536376953,-0.04571961611509323,0.6551430821418762,0.3882608413696289,-0.05073891952633858,0.681100606918335,0.5573074221611023,-0.025233080610632896,0.6408426761627197,0.5304108262062073,-0.05181106925010681,0.6275984048843384,0.573962390422821,-0.05015953630208969,0.6301068067550659,0.6035192012786865,-0.04084619879722595,0.6901161670684814,0.5825567245483398,-0.0394710935652256,0.6460608839988708,0.5689317584037781,-0.05663859471678734,0.6363307237625122,0.6017815470695496,-0.051823608577251434,0.641400158405304,0.624708890914917,-0.043389201164245605,u
0.6570778489112854,0.7076147794723511,3.729413720066077e-07,0.6198917627334595,0.6667878031730652,-0.008740966208279133,0.5987877249717712,0.61434006690979,-0.019260091707110405,0.5972012281417847,0.573157012462616,-0.033647697418928146,0.6193684935569763,0.5434765815734863,-0.04640550538897514,0.6402419805526733,0.5407556891441345,-0.0025393706746399403,0.6369593143463135,0.4778812825679779,-0.02107255533337593,0.6396456360816956,0.4382638931274414,-0.032971277832984924,0.6463838219642639,0.40475261211395264,-0.03982512652873993,0.6627582311630249,0.5426756143569946,-0.012828863225877285,0.657451868057251,0.4686849117279053,-0.033507075160741806,0.6548147797584534,0.42406249046325684,-0.04514647275209427,0.6553512215614319,0.3855738639831543,-0.04952685162425041,0.6811431646347046,0.5573124289512634,-0.02545628696680069,0.6411699652671814,0.531488835811615,-0.051991015672683716,0.6278879642486572,0.5747433304786682,-0.050768353044986725,0.6296310424804688,0.605359673500061,-0.04136244207620621,0.690628707408905,0.5818851590156555,-0.039326637983322144,0.6475091576576233,0.5679703950881958,-0.05610037222504616,0.637026309967041,0.6013463735580444,-0.05101332813501358,0.6407983899116516,0.625887930393219,-0.042183034121990204,u
0.6559270620346069,0.7040250301361084,3.600939066927822e-07,0.61911541223526,0.6641903519630432,-0.009905247017741203,0.5963000059127808,0.6123721599578857,-0.020834891125559807,0.598463773727417,0.56828773021698,-0.03531385213136673,0.624624490737915,0.5392195582389832,-0.04830552265048027,0.634067177772522,0.5407217144966125,-0.004086451604962349,0.6325849890708923,0.4774239659309387,-0.022563397884368896,0.635873019695282,0.438552588224411,-0.034105367958545685,0.6433891654014587,0.4061581790447235,-0.04061370715498924,0.6577454209327698,0.5410431027412415,-0.013048810884356499,0.6555006504058838,0.46641039848327637,-0.03270024433732033,0.6537349820137024,0.42289113998413086,-0.04300818219780922,0.6552380323410034,0.3867838382720947,-0.04654721915721893,0.6780076026916504,0.555026113986969,-0.02445964328944683,0.6437329649925232,0.5256021618843079,-0.04994059354066849,0.6297283172607422,0.5671550035476685,-0.048783838748931885,0.6309841871261597,0.5989283323287964,-0.03970929607748985,0.6906445622444153,0.578734815120697,-0.03720927610993385,0.6505087018013,0.5636271238327026,-0.0541192963719368,0.6385918259620667,0.5949410796165466,-0.04981052502989769,0.6416891813278198,0.6205220222473145,-0.04154398292303085,u
0.654393196105957,0.7021421194076538,3.6653062807090464e-07,0.6186458468437195,0.6635020971298218,-0.009533217176795006,0.5962192416191101,0.6125555634498596,-0.020355990156531334,0.5987259745597839,0.5691653490066528,-0.03478046506643295,0.6241883039474487,0.5403227806091309,-0.047917284071445465,0.6333581209182739,0.5384625792503357,-0.00456094928085804,0.6323160529136658,0.47624650597572327,-0.022975746542215347,0.6364830136299133,0.4382714033126831,-0.03469248488545418,0.6449657082557678,0.4059964716434479,-0.04129074886441231,0.657286524772644,0.5392968058586121,-0.013777311891317368,0.6545183062553406,0.4656023681163788,-0.0330943763256073,0.6535348892211914,0.42255860567092896,-0.04342544078826904,0.6556380987167358,0.3863653540611267,-0.047084636986255646,0.6779392957687378,0.5540580749511719,-0.02528485655784607,0.6439494490623474,0.5258554220199585,-0.050790026783943176,0.6292632818222046,0.5683849453926086,-0.04953838512301445,0.6295202970504761,0.6009407043457031,-0.040326494723558426,0.6913509368896484,0.5792834758758545,-0.03802880644798279,0.6525670289993286,0.563093364238739,-0.05482602119445801,0.6402998566627502,0.5947098135948181,-0.04996130242943764,0.6427042484283447,0.6210026741027832,-0.04125353321433067,u
0.6515840888023376,0.7018694281578064,3.3885956440826703e-07,0.616567075252533,0.6657912135124207,-0.010154305957257748,0.5945640802383423,0.6133391857147217,-0.02008648030459881,0.6005264520645142,0.5670177340507507,-0.03324665501713753,0.6269064545631409,0.5377006530761719,-0.04529944062232971,0.6277782320976257,0.5442401170730591,-0.005923083052039146,0.6274425387382507,0.4783080816268921,-0.023662609979510307,0.6312231421470642,0.4390465021133423,-0.03453298658132553,0.6385864019393921,0.4059906601905823,-0.040479838848114014,0.6518014073371887,0.5447577834129333,-0.014181888662278652,0.6503133177757263,0.4674517512321472,-0.03318512812256813,0.6497288346290588,0.42346930503845215,-0.04346644505858421,0.651482880115509,0.38711392879486084,-0.04700050875544548,0.6742370128631592,0.5587878227233887,-0.02455183118581772,0.6474180817604065,0.5260658860206604,-0.05006055906414986,0.6318365335464478,0.5665497779846191,-0.049645423889160156,0.6290302276611328,0.5993618965148926,-0.04090660437941551,0.6907236576080322,0.5819018483161926,-0.0360686294734478,0.6594979166984558,0.5610020160675049,-0.052764419466257095,0.6450045108795166,0.5888069868087769,-0.048307184129953384,0.643724262714386,0.6140767931938171,-0.03995522856712341,u
0.6509891152381897,0.7011675834655762,3.6614261489376076e-07,0.6163104772567749,0.665115475654602,-0.010677444748580456,0.5947357416152954,0.6137539148330688,-0.021162530407309532,0.6008421182632446,0.5687464475631714,-0.03466064855456352,0.6266237497329712,0.5391309857368469,-0.04696806147694588,0.627788782119751,0.5436568856239319,-0.0068364511243999004,0.6278025507926941,0.47858697175979614,-0.02496708743274212,0.6321828365325928,0.43924540281295776,-0.03603114187717438,0.640045702457428,0.4065167307853699,-0.04190869256854057,0.6519246101379395,0.5444847941398621,-0.01471750345081091,0.6508454084396362,0.4679037630558014,-0.03369222581386566,0.6504283547401428,0.4243340492248535,-0.04364786297082901,0.6526580452919006,0.38852086663246155,-0.04683335870504379,0.6741941571235657,0.5584045648574829,-0.024755965918302536,0.6467072367668152,0.5280095338821411,-0.04993448406457901,0.6313632130622864,0.5676396489143372,-0.04922432452440262,0.6294851899147034,0.5992683172225952,-0.040263645350933075,0.6902679204940796,0.5816386938095093,-0.035977140069007874,0.6582655310630798,0.5620872974395752,-0.05224776640534401,0.6450414061546326,0.5907434821128845,-0.04728187620639801,0.6455244421958923,0.6159831881523132,-0.038507964462041855,u
0.6494645476341248,0.7017680406570435,3.3682087519082415e-07,0.6137994527816772,0.665217936038971,-0.011446051299571991,0.5910965800285339,0.6150396466255188,-0.021913371980190277,0.5985016822814941,0.5684095025062561,-0.03526528179645538,0.6249037384986877,0.5376210808753967,-0.04751069098711014,0.620272159576416,0.5470559597015381,-0.006128134671598673,0.6198934316635132,0.48286789655685425,-0.024460885673761368,0.6238133311271667,0.44484829902648926,-0.035989731550216675,0.6308261156082153,0.4118275046348572,-0.042360734194517136,0.6441835165023804,0.5462501645088196,-0.013296674005687237,0.6422387361526489,0.46975207328796387,-0.032679811120033264,0.6404902338981628,0.4273586571216583,-0.04303571954369545,0.6416580080986023,0.3913956880569458,-0.04652921110391617,0.6674444079399109,0.5583808422088623,-0.022769145667552948,0.6446353793144226,0.5234013795852661,-0.048882897943258286,0.6296658515930176,0.5655266642570496,-0.04821961000561714,0.6271040439605713,0.5994127988815308,-0.03906220942735672,0.6867613792419434,0.5801918506622314,-0.033438511192798615,0.657640278339386,0.5602717995643616,-0.050488270819187164,0.6442119479179382,0.5902210474014282,-0.045839596539735794,0.6440784931182861,0.6165087223052979,-0.03713744133710861,u
0.6483215689659119,0.7019535303115845,3.7506623584704357e-07,0.612826943397522,0.6645698547363281,-0.010269926860928535,0.5915259718894958,0.6144585013389587,-0.020487964153289795,0.5989351272583008,0.5691739320755005,-0.033820074051618576,0.6236172318458557,0.5382611155509949,-0.04608394578099251,0.6209094524383545,0.5448458194732666,-0.006217600777745247,0.6199173927307129,0.48067203164100647,-0.02447669766843319,0.6239917278289795,0.44260504841804504,-0.0360523946583271,0.6311309337615967,0.4096270203590393,-0.042310286313295364,0.6446975469589233,0.5444132089614868,-0.014080595225095749,0.6437193155288696,0.4694671630859375,-0.03288228064775467,0.6425238847732544,0.42670387029647827,-0.04289916157722473,0.6439865231513977,0.39077824354171753,-0.04617949575185776,0.6674602627754211,0.5575719475746155,-0.02413218654692173,0.6432185769081116,0.5263335704803467,-0.04901392012834549,0.6284845471382141,0.5669285655021667,-0.04803917184472084,0.6265791654586792,0.5992374420166016,-0.038876794278621674,0.6858516931533813,0.5808244943618774,-0.035347409546375275,0.6574003100395203,0.5605021119117737,-0.051120515912771225,0.6445419192314148,0.5895503759384155,-0.04562478885054588,0.6450719833374023,0.6149883270263672,-0.03645600751042366,u
0.6441352367401123,0.7005411982536316,3.1458174021281593e-07,0.6073567867279053,0.6686056852340698,-0.013665153644979,0.5851452946662903,0.6178646683692932,-0.023898674175143242,0.5962570905685425,0.5705685615539551,-0.03611208125948906,0.6225008368492126,0.5406191349029541,-0.047232821583747864,0.6070582866668701,0.5516959428787231,-0.009901436977088451,0.6040821671485901,0.48767906427383423,-0.028016293421387672,0.606302797794342,0.4505466818809509,-0.039131131023168564,0.6105369925498962,0.4176956117153168,-0.04563641920685768,0.6314931511878967,0.5477656722068787,-0.01574702188372612,0.6277515888214111,0.4685328006744385,-0.03497254103422165,0.6248124241828918,0.42682594060897827,-0.044883519411087036,0.6254547834396362,0.3897782862186432,-0.048468511551618576,0.6562201976776123,0.559459924697876,-0.02387932687997818,0.6419825553894043,0.5189448595046997,-0.04989388585090637,0.6280211806297302,0.5617098212242126,-0.04889937862753868,0.624114990234375,0.5957443118095398,-0.03989908844232559,0.6792457103729248,0.5817671418190002,-0.0333033949136734,0.6608849167823792,0.5589934587478638,-0.05067789927124977,0.6475895047187805,0.5867881178855896,-0.0463593453168869,0.6450580358505249,0.6109576225280762,-0.03822093456983566,u
0.6418344974517822,0.6979657411575317,3.215311892290629e-07,0.6052864193916321,0.6675814390182495,-0.011729545891284943,0.5850211977958679,0.6134431958198547,-0.020230745896697044,0.5998257398605347,0.5650850534439087,-0.03109286166727543,0.6254032254219055,0.5386255979537964,-0.04171096533536911,0.6056480407714844,0.5493283867835999,-0.009682673960924149,0.6027367115020752,0.48568588495254517,-0.026625780388712883,0.6049066185951233,0.4469263255596161,-0.038094960153102875,0.608302652835846,0.41174814105033875,-0.045469820499420166,0.6294464468955994,0.5476012229919434,-0.016346106305718422,0.6240621209144592,0.4698987305164337,-0.03443904221057892,0.6211620569229126,0.42683935165405273,-0.04516679793596268,0.6208688020706177,0.3900913596153259,-0.05020054057240486,0.6541278958320618,0.5599230527877808,-0.02470296435058117,0.6433802843093872,0.5170550346374512,-0.049099452793598175,0.6297416090965271,0.5603048801422119,-0.04811231791973114,0.6237170100212097,0.5953530669212341,-0.04004855453968048,0.6775946617126465,0.5822064280509949,-0.034207675606012344,0.660784125328064,0.5566365122795105,-0.05148060619831085,0.6478828191757202,0.58793705701828,-0.046606045216321945,0.6436762809753418,0.6155363321304321,-0.03845638781785965,u
0.6418335437774658,0.6965269446372986,3.1694941071691574e-07,0.6052772402763367,0.6676363348960876,-0.012044661678373814,0.5844793319702148,0.6139941215515137,-0.0204742681235075,0.5993269681930542,0.5649349093437195,-0.031084125861525536,0.6250612139701843,0.5384260416030884,-0.04145227372646332,0.605458676815033,0.5489927530288696,-0.01012722123414278,0.6024386286735535,0.48546135425567627,-0.02705041505396366,0.6046496033668518,0.4467003047466278,-0.038556572049856186,0.6080839037895203,0.41156649589538574,-0.04601258412003517,0.6293891668319702,0.5471881628036499,-0.016588378697633743,0.6237632632255554,0.4700010418891907,-0.034714676439762115,0.6209658980369568,0.4272836446762085,-0.04557264968752861,0.6205671429634094,0.39078623056411743,-0.05071331188082695,0.6540141701698303,0.5595759153366089,-0.02472388930618763,0.643625795841217,0.5161178112030029,-0.04941188916563988,0.6299095153808594,0.55928635597229,-0.04872693493962288,0.6233237385749817,0.594201922416687,-0.040863487869501114,0.6774721741676331,0.582115650177002,-0.03398054838180542,0.660863995552063,0.556480348110199,-0.05189653858542442,0.6476274132728577,0.588168203830719,-0.047448817640542984,0.6425911784172058,0.6159698367118835,-0.03951020911335945,u
0.6411095261573792,0.696151852607727,3.3675439681246644e-07,0.6063371300697327,0.6649903059005737,-0.013608930632472038,0.5880439877510071,0.612843930721283,-0.0227340180426836,0.6029933094978333,0.5657297372817993,-0.03393401578068733,0.6278128623962402,0.5393406748771667,-0.04451453685760498,0.6028121113777161,0.546120822429657,-0.011012161150574684,0.5991324186325073,0.48336055874824524,-0.028955677524209023,0.6005773544311523,0.44443434476852417,-0.04121196269989014,0.6034640073776245,0.4090246558189392,-0.04914238303899765,0.6272903084754944,0.5440927743911743,-0.017054850235581398,0.6218476295471191,0.4683927297592163,-0.036595527082681656,0.6184000968933105,0.42610764503479004,-0.04851453751325607,0.6181380152702332,0.3885771632194519,-0.05426807329058647,0.6523594856262207,0.5579380393028259,-0.02492455020546913,0.6468096375465393,0.5122280120849609,-0.05035555735230446,0.6342816352844238,0.5562289357185364,-0.04901561886072159,0.6282687187194824,0.5909330248832703,-0.04032977297902107,0.6760722398757935,0.5829141139984131,-0.03411097079515457,0.6662186980247498,0.5518885254859924,-0.05142880603671074,0.6547644138336182,0.57901531457901,-0.04610194265842438,0.6496501564979553,0.6036468744277954,-0.03742067888379097,u
0.6407001614570618,0.6958121061325073,3.3806395549618173e-07,0.6063691973686218,0.6647118926048279,-0.014345921576023102,0.5878392457962036,0.6127758026123047,-0.023892099037766457,0.6035313010215759,0.5655938386917114,-0.03536798059940338,0.6286453604698181,0.5389600396156311,-0.04624220356345177,0.6030188202857971,0.5451527237892151,-0.01208589319139719,0.5987940430641174,0.48204505443573,-0.029832473024725914,0.6001465916633606,0.4437015950679779,-0.041857875883579254,0.6031091809272766,0.40846168994903564,-0.049599789083004,0.6276435852050781,0.5433226823806763,-0.017783692106604576,0.621631383895874,0.4676249027252197,-0.0369848757982254,0.6180962324142456,0.4257490634918213,-0.04850137233734131,0.6179530620574951,0.38837671279907227,-0.05402321740984917,0.652830183506012,0.5575634837150574,-0.025387529283761978,0.6471285820007324,0.5140607953071594,-0.0508577786386013,0.6341015696525574,0.557202935218811,-0.050288256257772446,0.6275884509086609,0.5915141105651855,-0.042198918759822845,0.6763294339179993,0.5830729603767395,-0.034335970878601074,0.6680227518081665,0.5514010787010193,-0.05194978043437004,0.6555336713790894,0.5781092047691345,-0.04722532629966736,0.6489511132240295,0.6036985516548157,-0.03904321789741516,u
0.6431295275688171,0.6914178133010864,3.081186719100515e-07,0.6090279221534729,0.6586228013038635,-0.014014868065714836,0.5936171412467957,0.6057716608047485,-0.022318130359053612,0.6137842535972595,0.5582839846611023,-0.03243434429168701,0.6388300657272339,0.5316534638404846,-0.041979022324085236,0.6021350026130676,0.5450236797332764,-0.009695388376712799,0.5974446535110474,0.48357459902763367,-0.026330413296818733,0.597420334815979,0.44522854685783386,-0.037974920123815536,0.59951251745224,0.41052109003067017,-0.04572679474949837,0.6272057890892029,0.5419700741767883,-0.014789238572120667,0.621283233165741,0.47031792998313904,-0.03278544917702675,0.6173286437988281,0.4282321035861969,-0.044687822461128235,0.6169803142547607,0.391161173582077,-0.05115479975938797,0.6527198553085327,0.5542497634887695,-0.021838100627064705,0.6523025035858154,0.5095171928405762,-0.045843981206417084,0.6387895345687866,0.5517776608467102,-0.04610143229365349,0.6309212446212769,0.5855632424354553,-0.03941347822546959,0.6767976880073547,0.5771498680114746,-0.030257996171712875,0.6691504716873169,0.550950825214386,-0.047305092215538025,0.6575420498847961,0.5774020552635193,-0.04372856765985489,0.6519898176193237,0.6012389659881592,-0.03679848089814186,u
0.6424146890640259,0.6898733377456665,3.2990044473990565e-07,0.6083803176879883,0.6591895818710327,-0.013544421643018723,0.592278242111206,0.6071900129318237,-0.021621454507112503,0.6116891503334045,0.5591281056404114,-0.03134438395500183,0.6363866329193115,0.5335631370544434,-0.04071647673845291,0.6019928455352783,0.5469178557395935,-0.010694455355405807,0.5976489186286926,0.4844149351119995,-0.026828261092305183,0.5976718068122864,0.44523224234580994,-0.037875864654779434,0.5995979905128479,0.41050729155540466,-0.04513198882341385,0.6273278594017029,0.5436184406280518,-0.015761850401759148,0.6215314269065857,0.47101202607154846,-0.0335075780749321,0.6177083253860474,0.42779111862182617,-0.04530581086874008,0.6176403164863586,0.39112454652786255,-0.05158776417374611,0.6530303359031677,0.5550053119659424,-0.022515106946229935,0.6523268222808838,0.510261595249176,-0.04598462954163551,0.6391069293022156,0.5501862168312073,-0.046728722751140594,0.6315156817436218,0.583276629447937,-0.04049617797136307,0.6774186491966248,0.5765457153320312,-0.030476223677396774,0.6688546538352966,0.5505150556564331,-0.04723601043224335,0.6576104164123535,0.5773655772209167,-0.04384497553110123,0.6526678800582886,0.6018580198287964,-0.03709619119763374,u
0.6472966074943542,0.6875234842300415,3.4095177170456736e-07,0.6144492030143738,0.656556248664856,-0.017009777948260307,0.6017419695854187,0.6054685711860657,-0.026227720081806183,0.6225696802139282,0.55874103307724,-0.036591414362192154,0.6439420580863953,0.5275530815124512,-0.04594681039452553,0.6037254333496094,0.5454063415527344,-0.011713107116520405,0.5990954637527466,0.4829619228839874,-0.028971441090106964,0.5989116430282593,0.4443979859352112,-0.04076443985104561,0.6004327535629272,0.40979599952697754,-0.04833415895700455,0.6289013624191284,0.5412673950195312,-0.015086282044649124,0.622359037399292,0.47170376777648926,-0.034342266619205475,0.6184811592102051,0.4300808310508728,-0.046673525124788284,0.6177175045013428,0.39274054765701294,-0.05295311287045479,0.6541259288787842,0.5529069900512695,-0.020737601444125175,0.6565309762954712,0.5100961327552795,-0.045932065695524216,0.6469991207122803,0.5542991757392883,-0.04595222324132919,0.6407132148742676,0.5870638489723206,-0.03843625634908676,0.6779507398605347,0.575190007686615,-0.02798481658101082,0.6761309504508972,0.5462951064109802,-0.04589809477329254,0.6668128371238708,0.5718562602996826,-0.04258197546005249,0.6608641743659973,0.5934469699859619,-0.03537816181778908,u
0.6471158266067505,0.6917065382003784,3.7272931763254746e-07,0.6137906312942505,0.6587386727333069,-0.016233094036579132,0.6009995937347412,0.6053416728973389,-0.02485744096338749,0.6227141618728638,0.557249128818512,-0.03484508767724037,0.645137369632721,0.5282442569732666,-0.04393630102276802,0.6027413010597229,0.5465182065963745,-0.009870408102869987,0.5984484553337097,0.483919620513916,-0.0266143549233675,0.5986205339431763,0.44483673572540283,-0.03850525617599487,0.6001297831535339,0.4105062484741211,-0.046341314911842346,0.6285134553909302,0.5425089597702026,-0.013932710513472557,0.6225038170814514,0.47200262546539307,-0.0329769104719162,0.6187440156936646,0.4301875829696655,-0.04571474716067314,0.6186162829399109,0.39246663451194763,-0.05232010409235954,0.6543974876403809,0.5545196533203125,-0.02024444006383419,0.6570615768432617,0.5089631080627441,-0.04529385268688202,0.6475191712379456,0.5528774261474609,-0.045336928218603134,0.6417961716651917,0.5863674283027649,-0.037837088108062744,0.678871750831604,0.5772631168365479,-0.028091032058000565,0.6766114234924316,0.5458261370658875,-0.04586367309093475,0.6672887206077576,0.571742594242096,-0.04212842136621475,0.6618707180023193,0.5947064161300659,-0.03460400551557541,u
0.6507887840270996,0.6915713548660278,3.5106918971905543e-07,0.6183016896247864,0.6591324210166931,-0.017159702256321907,0.6064095497131348,0.6057889461517334,-0.02581815980374813,0.6291233897209167,0.5570474863052368,-0.035467103123664856,0.6506605744361877,0.5255641937255859,-0.044152989983558655,0.6058862805366516,0.5457521677017212,-0.010409818030893803,0.6009044647216797,0.4824865460395813,-0.026312274858355522,0.6005826592445374,0.4441695511341095,-0.03696579113602638,0.6015662550926208,0.4109763503074646,-0.043397367000579834,0.6316514015197754,0.5419314503669739,-0.013581358827650547,0.6240100264549255,0.4722522497177124,-0.03155076503753662,0.6194121241569519,0.43126025795936584,-0.043094661086797714,0.6177632212638855,0.39655882120132446,-0.048308342695236206,0.6574693322181702,0.5536714792251587,-0.0191179346293211,0.6593584418296814,0.5152438282966614,-0.0435551255941391,0.6512634754180908,0.5579991936683655,-0.04402333125472069,0.6457794904708862,0.5902643799781799,-0.03656258434057236,0.6810571551322937,0.5758593082427979,-0.026217378675937653,0.6792540550231934,0.5467680096626282,-0.04313899576663971,0.6708202958106995,0.5741134285926819,-0.0390654057264328,0.6659377813339233,0.5978978276252747,-0.031181570142507553,u
0.6505782008171082,0.691728413105011,3.607595715493517e-07,0.6183360815048218,0.6587492227554321,-0.0175898727029562,0.6065984964370728,0.6057166457176208,-0.026423852890729904,0.6294295787811279,0.5572221875190735,-0.036286987364292145,0.6514939665794373,0.5269023180007935,-0.045196931809186935,0.6053698062896729,0.5470935702323914,-0.01001894474029541,0.6006515026092529,0.48480024933815,-0.02672756277024746,0.6002913117408752,0.4465581178665161,-0.03789561614394188,0.6012657284736633,0.4128537178039551,-0.04471452906727791,0.6308731436729431,0.5425253510475159,-0.013376321643590927,0.623424768447876,0.47268399596214294,-0.03256874158978462,0.6192347407341003,0.4324554204940796,-0.04457615315914154,0.6179744601249695,0.3973509669303894,-0.04994432255625725,0.6565822958946228,0.5538615584373474,-0.019230803474783897,0.659335732460022,0.5132859945297241,-0.04568767175078392,0.6527171730995178,0.5584627389907837,-0.04618426039814949,0.6484941840171814,0.5925117135047913,-0.03810788691043854,0.6803579330444336,0.5758640170097351,-0.026618830859661102,0.6790248155593872,0.5457924008369446,-0.04521123692393303,0.6715602278709412,0.5746994018554688,-0.04123041778802872,0.6673749685287476,0.5999793410301208,-0.033013153821229935,u
0.6554370522499084,0.695170521736145,3.045315679628402e-07,0.6244040727615356,0.6618847250938416,-0.016282841563224792,0.6148881912231445,0.6087808609008789,-0.02480936422944069,0.6354798674583435,0.5603004097938538,-0.03446521610021591,0.6559548377990723,0.5280920267105103,-0.043078429996967316,0.6097075343132019,0.5508274435997009,-0.0096320491284132,0.6034919619560242,0.48827022314071655,-0.02529139257967472,0.6015152931213379,0.4511064291000366,-0.03585097938776016,0.6010777354240417,0.4185430407524109,-0.04246603697538376,0.635188639163971,0.5456376671791077,-0.013516951352357864,0.6261402368545532,0.4763602018356323,-0.031068949028849602,0.6211411356925964,0.4366774559020996,-0.04284204542636871,0.6187161803245544,0.4017012119293213,-0.04872880131006241,0.660905122756958,0.5563980937004089,-0.01969963312149048,0.6636770963668823,0.5137857794761658,-0.0435328483581543,0.6571900844573975,0.5532845854759216,-0.04449033737182617,0.6518842577934265,0.5829517245292664,-0.03813707455992699,0.6844705939292908,0.5780512094497681,-0.027361072599887848,0.6844085454940796,0.5457640886306763,-0.043864376842975616,0.6758721470832825,0.5728323459625244,-0.040115777403116226,0.6696866750717163,0.5970701575279236,-0.03300682455301285,u
0.6543740034103394,0.6956967115402222,3.478694168279617e-07,0.6236825585365295,0.6594203114509583,-0.015875495970249176,0.6141984462738037,0.6069862842559814,-0.024125343188643456,0.6357594132423401,0.5601977109909058,-0.03374858945608139,0.6569160223007202,0.5302219986915588,-0.042383164167404175,0.6085546612739563,0.5478402972221375,-0.006806022021919489,0.602662205696106,0.4862734377384186,-0.022404363378882408,0.6017804741859436,0.44872015714645386,-0.0325712189078331,0.6018522381782532,0.4165971875190735,-0.038401830941438675,0.6338642239570618,0.544163167476654,-0.010701429098844528,0.6269497275352478,0.4752507507801056,-0.02842869609594345,0.6209937334060669,0.43671929836273193,-0.03923851624131203,0.617980420589447,0.40214356780052185,-0.04358940199017525,0.6595855355262756,0.555922269821167,-0.017186595126986504,0.662289023399353,0.5139470100402832,-0.04189741611480713,0.6564270257949829,0.5564536452293396,-0.04186945781111717,0.6535969376564026,0.5869486927986145,-0.0335693322122097,0.6835295557975769,0.5783159136772156,-0.025076981633901596,0.682451605796814,0.5440723896026611,-0.04119967296719551,0.6753132343292236,0.5719224810600281,-0.0359492152929306,0.6718506813049316,0.5953298211097717,-0.02706882171332836,u
0.6648221611976624,0.6916360259056091,2.9859057804060285e-07,0.6371519565582275,0.6561225056648254,-0.019805071875452995,0.6289407014846802,0.606867253780365,-0.027512317523360252,0.6488808989524841,0.5573288202285767,-0.03545543551445007,0.6653771996498108,0.5222522020339966,-0.04196513444185257,0.6158195734024048,0.5497732758522034,-0.0057607972994446754,0.6072484254837036,0.4889719486236572,-0.020270805805921555,0.6045011281967163,0.4521975815296173,-0.030151285231113434,0.6029791235923767,0.42044758796691895,-0.03547554463148117,0.6409732699394226,0.5446295738220215,-0.006793742533773184,0.628110408782959,0.47794821858406067,-0.023411517962813377,0.6227782964706421,0.4398745596408844,-0.033957865089178085,0.6197654604911804,0.40660300850868225,-0.0376482754945755,0.6672782301902771,0.5549260973930359,-0.010991179384291172,0.6697990894317627,0.5201600193977356,-0.036277107894420624,0.6676639318466187,0.5608525276184082,-0.03855905309319496,0.6649277210235596,0.5886784791946411,-0.03128146380186081,0.6913791298866272,0.5751398801803589,-0.01677604205906391,0.6926203966140747,0.5440368056297302,-0.03346874192357063,0.6873955130577087,0.5723574757575989,-0.02963624894618988,0.6834840774536133,0.5946328639984131,-0.021496646106243134,u
0.6693119406700134,0.6928939819335938,3.524021110479225e-07,0.6442710161209106,0.6590753197669983,-0.027346862480044365,0.6379444003105164,0.6083794832229614,-0.0361657477915287,0.6595188975334167,0.5598738789558411,-0.043318718671798706,0.6745648384094238,0.5216098427772522,-0.04894021525979042,0.6197178363800049,0.547569751739502,-0.009285809472203255,0.6103928685188293,0.4879796504974365,-0.022417103871703148,0.6073590517044067,0.45069825649261475,-0.03193703293800354,0.605177640914917,0.41854041814804077,-0.03740841522812843,0.6443861722946167,0.5418266654014587,-0.006075379438698292,0.6322168111801147,0.4755699634552002,-0.020149610936641693,0.6261590719223022,0.4379810094833374,-0.029569601640105247,0.6220107674598694,0.40430527925491333,-0.03286707401275635,0.6698654294013977,0.5534119009971619,-0.007019055541604757,0.6745558977127075,0.5162702202796936,-0.03226262331008911,0.674082338809967,0.5590516924858093,-0.03634244203567505,0.671127200126648,0.5863134860992432,-0.03028799034655094,0.6930034756660461,0.5751087069511414,-0.010009599849581718,0.6964238286018372,0.539596438407898,-0.029017547145485878,0.6927499771118164,0.5700725317001343,-0.02773766964673996,0.6878097653388977,0.5920237302780151,-0.021309683099389076,u
0.669988751411438,0.6946998834609985,3.616349317780987e-07,0.6444107890129089,0.6579076051712036,-0.02609844133257866,0.6380152106285095,0.6053454875946045,-0.03421064466238022,0.6593074202537537,0.5564005374908447,-0.04110841080546379,0.6738384962081909,0.5195328593254089,-0.04668382182717323,0.6201568245887756,0.5461360812187195,-0.00652921199798584,0.6106737852096558,0.48657870292663574,-0.01965581625699997,0.607387363910675,0.44904613494873047,-0.029674936085939407,0.6051065921783447,0.4168292284011841,-0.03546949476003647,0.6442427635192871,0.5417009592056274,-0.00397409638389945,0.6328535676002502,0.47654595971107483,-0.01822073757648468,0.6260291337966919,0.4389798045158386,-0.02826348878443241,0.6215021014213562,0.4052056670188904,-0.031989242881536484,0.6694502830505371,0.5536144375801086,-0.00560047198086977,0.6747598052024841,0.5161213874816895,-0.030500274151563644,0.6734627485275269,0.5580078363418579,-0.03469046577811241,0.6706522703170776,0.5849477648735046,-0.028842667117714882,0.6924239993095398,0.5756580829620361,-0.009286855347454548,0.6960029602050781,0.5411221385002136,-0.027778755873441696,0.6915776133537292,0.5715243220329285,-0.026296965777873993,0.6871902942657471,0.5934924483299255,-0.019800879061222076,u
0.6714967489242554,0.692622721195221,3.609937664350582e-07,0.6464506983757019,0.657800555229187,-0.0276583693921566,0.6386963129043579,0.6078681945800781,-0.037253282964229584,0.658989429473877,0.5602559447288513,-0.04525291919708252,0.6738024950027466,0.5224658250808716,-0.05165267363190651,0.6196520328521729,0.5455873608589172,-0.00891440361738205,0.6099231243133545,0.48679667711257935,-0.02183002047240734,0.6062692403793335,0.44962188601493835,-0.03168917074799538,0.6036249399185181,0.41713136434555054,-0.03779149428009987,0.6438779234886169,0.5393951535224915,-0.005385128315538168,0.6314162015914917,0.475389689207077,-0.019496090710163116,0.6248669624328613,0.4390729069709778,-0.02979017049074173,0.6199350953102112,0.4051671326160431,-0.03419172018766403,0.6689243912696838,0.5500487089157104,-0.005999639164656401,0.6746426820755005,0.5092971324920654,-0.03116488642990589,0.6754370331764221,0.5510181188583374,-0.036325547844171524,0.6731929779052734,0.5796616077423096,-0.03138213977217674,0.6922664046287537,0.5705961585044861,-0.008703297935426235,0.6964730024337769,0.5368459820747375,-0.028003588318824768,0.6941989064216614,0.5645225048065186,-0.028217066079378128,0.6903191804885864,0.5859177708625793,-0.023020992055535316,u
0.6711859107017517,0.6921635866165161,3.7068508618176566e-07,0.646366536617279,0.6564452648162842,-0.028631744906306267,0.6394684314727783,0.6058073043823242,-0.03779304400086403,0.6605139970779419,0.5574954152107239,-0.04501505568623543,0.6747165322303772,0.5189597606658936,-0.05082671344280243,0.6197125911712646,0.5450689792633057,-0.008537541143596172,0.6100737452507019,0.48656758666038513,-0.020803283900022507,0.6062707304954529,0.44936132431030273,-0.030532505363225937,0.6035128235816956,0.4171870946884155,-0.0364786759018898,0.6437286734580994,0.5395440459251404,-0.004132572095841169,0.6317614912986755,0.4754667282104492,-0.01719760149717331,0.624780535697937,0.4390823543071747,-0.027239957824349403,0.6195483207702637,0.4058018922805786,-0.0314917229115963,0.6686854362487793,0.5508086085319519,-0.004023291636258364,0.674350917339325,0.5112130641937256,-0.028351563960313797,0.6747482419013977,0.5516936182975769,-0.03405475988984108,0.6724424362182617,0.5788623094558716,-0.02962198667228222,0.6914448142051697,0.5719447731971741,-0.0060565285384655,0.6951383948326111,0.5367754101753235,-0.024785732850432396,0.692910373210907,0.5648454427719116,-0.025021569803357124,0.6893587708473206,0.5861169695854187,-0.019976772367954254,u
0.672094464302063,0.6893863677978516,3.591924837564875e-07,0.6492598652839661,0.6556136608123779,-0.028070902451872826,0.6427096724510193,0.6055638194084167,-0.03791935741901398,0.6636250615119934,0.5588393807411194,-0.04604366421699524,0.6796571016311646,0.5219312906265259,-0.052714861929416656,0.6212046146392822,0.5451935529708862,-0.010506108403205872,0.6116941571235657,0.48524990677833557,-0.023996928706765175,0.6082422137260437,0.4477204382419586,-0.03385774791240692,0.6060312390327454,0.41526293754577637,-0.039639174938201904,0.6446101069450378,0.5382998585700989,-0.006762063130736351,0.6314555406570435,0.4738154411315918,-0.02127620205283165,0.6252341270446777,0.4376158118247986,-0.031045731157064438,0.6206605434417725,0.40342211723327637,-0.03476449102163315,0.6691529154777527,0.5476305484771729,-0.007150422781705856,0.6760757565498352,0.5071589946746826,-0.03261672705411911,0.6775665879249573,0.5490750670433044,-0.03739237040281296,0.6757297515869141,0.5774180293083191,-0.03204551339149475,0.6920223832130432,0.5673815608024597,-0.009656155481934547,0.6974448561668396,0.533869743347168,-0.02887534163892269,0.6947335600852966,0.5637475252151489,-0.028642594814300537,0.6901350021362305,0.5864047408103943,-0.023103568702936172,u
0.6721373200416565,0.6880580186843872,3.610622627547855e-07,0.648337721824646,0.6551875472068787,-0.027808228507637978,0.6407920718193054,0.6062980890274048,-0.038307931274175644,0.661974310874939,0.5602045059204102,-0.04715166240930557,0.6792498230934143,0.5236243009567261,-0.05465596914291382,0.6210734844207764,0.5443910360336304,-0.011703606694936752,0.6121630072593689,0.4850207567214966,-0.025744032114744186,0.6087601780891418,0.4472774565219879,-0.036015067249536514,0.6065928339958191,0.414645791053772,-0.04226190224289894,0.6446698307991028,0.5376437306404114,-0.008469820953905582,0.6327311992645264,0.4736424684524536,-0.02332325279712677,0.626226544380188,0.43777990341186523,-0.03322739154100418,0.6211773157119751,0.40386778116226196,-0.037358447909355164,0.6693013310432434,0.5474204421043396,-0.009250923991203308,0.6759248971939087,0.505791187286377,-0.034571945667266846,0.6764578819274902,0.5476197600364685,-0.03888075053691864,0.6740925312042236,0.5762389898300171,-0.03361239656805992,0.6923909783363342,0.5677087903022766,-0.012180548161268234,0.6968164443969727,0.5344268679618835,-0.03160853311419487,0.6940625905990601,0.5637466907501221,-0.03130625560879707,0.6897910237312317,0.586083173751831,-0.02589394897222519,u
0.6723376512527466,0.6838924288749695,3.582557326353708e-07,0.647710919380188,0.653205394744873,-0.027646953240036964,0.6400904059410095,0.6057161092758179,-0.03852701187133789,0.6629515886306763,0.5605189204216003,-0.04768011346459389,0.6803815960884094,0.5243784785270691,-0.05539409816265106,0.6225019097328186,0.5424083471298218,-0.013171855360269547,0.6141830682754517,0.48374050855636597,-0.027410976588726044,0.611233651638031,0.4469456672668457,-0.03768520429730415,0.6092592477798462,0.4148939251899719,-0.044028639793395996,0.6463744640350342,0.5350865721702576,-0.010019051842391491,0.6337608695030212,0.4716193675994873,-0.024861952289938927,0.6280660033226013,0.4356105625629425,-0.0345534048974514,0.6238929033279419,0.40159064531326294,-0.03870510682463646,0.6710131764411926,0.5446094274520874,-0.010779273696243763,0.6775648593902588,0.5041651725769043,-0.03563768416643143,0.6784100532531738,0.5455954670906067,-0.03956178203225136,0.6759088039398193,0.5737732648849487,-0.034271810203790665,0.6942072510719299,0.5646080374717712,-0.013711242936551571,0.6987143754959106,0.5332845449447632,-0.03282816708087921,0.6952714323997498,0.562102735042572,-0.03260098770260811,0.6898102164268494,0.5839667320251465,-0.02740260399878025,u
0.6726403832435608,0.6838439106941223,3.540698685355892e-07,0.6480397582054138,0.6531014442443848,-0.027926435694098473,0.6402959227561951,0.6056904792785645,-0.03868641331791878,0.6634477376937866,0.5606170296669006,-0.04768168553709984,0.6813929080963135,0.5248845815658569,-0.05529210343956947,0.6224170327186584,0.5417584180831909,-0.012899309396743774,0.6140881180763245,0.48369893431663513,-0.02748258039355278,0.6108246445655823,0.4464004933834076,-0.03833511844277382,0.6083022952079773,0.4141661524772644,-0.04522237181663513,0.6462017893791199,0.5344640016555786,-0.009792903438210487,0.6349605321884155,0.47198253870010376,-0.025168053805828094,0.628476619720459,0.4361672103404999,-0.03552882373332977,0.6232901215553284,0.402199923992157,-0.04015261307358742,0.6709067821502686,0.544442355632782,-0.010654037818312645,0.6774054169654846,0.5042538046836853,-0.03588731959462166,0.6779244542121887,0.5451380610466003,-0.03996219113469124,0.6755365133285522,0.5723233819007874,-0.03477593883872032,0.6941324472427368,0.5652235746383667,-0.013747203163802624,0.6984638571739197,0.5340814590454102,-0.03331931307911873,0.6948296427726746,0.5622143149375916,-0.03325391933321953,0.6898044347763062,0.5832557678222656,-0.028115464374423027,u
0.6731343865394592,0.6860467791557312,3.589375694446062e-07,0.6478089094161987,0.6559948325157166,-0.02886010892689228,0.6403207182884216,0.6077555418014526,-0.03916054591536522,0.664081335067749,0.5632471442222595,-0.047572847455739975,0.6822771430015564,0.5286581516265869,-0.05462360382080078,0.6221711039543152,0.5435030460357666,-0.012236346490681171,0.6137290596961975,0.4851859509944916,-0.026502033695578575,0.6105091571807861,0.4479336440563202,-0.037207383662462234,0.6079038977622986,0.4157305359840393,-0.044004250317811966,0.645775556564331,0.5362956523895264,-0.008722878992557526,0.634091854095459,0.47390681505203247,-0.02434641122817993,0.6273356676101685,0.4377940893173218,-0.034734729677438736,0.6219083666801453,0.4036969542503357,-0.03908568248152733,0.6703831553459167,0.5463669300079346,-0.009420734830200672,0.6764280796051025,0.5067312717437744,-0.03573616221547127,0.6774976253509521,0.5503878593444824,-0.039846863597631454,0.6749206781387329,0.5782853960990906,-0.03411533683538437,0.6939582228660583,0.566994845867157,-0.012386864051222801,0.6981490254402161,0.5351375341415405,-0.033134300261735916,0.6946265697479248,0.5653928518295288,-0.033108457922935486,0.6891919374465942,0.5874192118644714,-0.027619848027825356,u
0.67253178358078,0.6857323050498962,3.65156068937722e-07,0.6484001278877258,0.654330849647522,-0.02872565947473049,0.6415090560913086,0.6065553426742554,-0.03904913738369942,0.6649328470230103,0.5623267889022827,-0.047473929822444916,0.6829931139945984,0.5281292796134949,-0.05463568866252899,0.6219082474708557,0.543444037437439,-0.0115756681188941,0.61342453956604,0.4854332506656647,-0.025509744882583618,0.6102126836776733,0.4483508765697479,-0.036053016781806946,0.6079808473587036,0.4165806770324707,-0.04262737184762955,0.6453420519828796,0.5364056825637817,-0.007804217282682657,0.633840799331665,0.47451144456863403,-0.022833868861198425,0.627410888671875,0.43871548771858215,-0.033083852380514145,0.6224592924118042,0.4048922657966614,-0.03735902160406113,0.6699573397636414,0.5462400913238525,-0.008251049555838108,0.6763797402381897,0.5067085027694702,-0.03409796580672264,0.6773322820663452,0.5486704111099243,-0.039065152406692505,0.6751293540000916,0.5761857628822327,-0.03403012081980705,0.6932210922241211,0.566637396812439,-0.010886353440582752,0.6972367763519287,0.5356549024581909,-0.03124246373772621,0.6942484378814697,0.5651958584785461,-0.031686291098594666,0.6898266077041626,0.5867614150047302,-0.026609528809785843,u
0.6736250519752502,0.6891343593597412,3.601553544285707e-07,0.6493791341781616,0.6597076654434204,-0.028835531324148178,0.642281174659729,0.6120621562004089,-0.03952334448695183,0.6652320027351379,0.566697895526886,-0.048141494393348694,0.6833288669586182,0.532229483127594,-0.05535738542675972,0.6213625073432922,0.546951949596405,-0.01377103477716446,0.6123462915420532,0.4877704083919525,-0.028268566355109215,0.6085055470466614,0.4502301514148712,-0.038829173892736435,0.6052506566047668,0.4178087115287781,-0.045396413654088974,0.6453047394752502,0.5394579172134399,-0.010193556547164917,0.6337162852287292,0.4761110544204712,-0.025612235069274902,0.6271476745605469,0.43987488746643066,-0.035315174609422684,0.6214691400527954,0.4064214825630188,-0.039221979677677155,0.6702081561088562,0.5490793585777283,-0.010700797662138939,0.6769509315490723,0.5085657238960266,-0.03637424111366272,0.6782729625701904,0.5497545003890991,-0.04032912477850914,0.6753931045532227,0.5767953395843506,-0.03482310101389885,0.6936501860618591,0.5692987442016602,-0.013476984575390816,0.6988011598587036,0.5387944579124451,-0.03360879793763161,0.6949954032897949,0.5684390068054199,-0.03357677906751633,0.688744306564331,0.5901565551757812,-0.028268655762076378,u
0.6736503839492798,0.6903542280197144,3.7628456084348727e-07,0.6501961350440979,0.6593985557556152,-0.03018457628786564,0.6430721879005432,0.6121728420257568,-0.04103356972336769,0.6654752492904663,0.5667125582695007,-0.049461767077445984,0.6824722290039062,0.5306771993637085,-0.05651381239295006,0.6212632656097412,0.5467747449874878,-0.013563470914959908,0.6121111512184143,0.48764094710350037,-0.027277883142232895,0.6083323359489441,0.4503231942653656,-0.037518762052059174,0.6055167317390442,0.41804131865501404,-0.04377461597323418,0.6452009677886963,0.5398985743522644,-0.008805286139249802,0.6336749196052551,0.47703009843826294,-0.02309698425233364,0.6270407438278198,0.44065240025520325,-0.032599013298749924,0.6216043829917908,0.40734538435935974,-0.03641161322593689,0.670103132724762,0.5498298406600952,-0.00833762064576149,0.6766380667686462,0.510754406452179,-0.03366436809301376,0.6780722141265869,0.5510269403457642,-0.039059363305568695,0.675809919834137,0.5775959491729736,-0.0344732441008091,0.6932145953178406,0.5698452591896057,-0.010132396593689919,0.6980171203613281,0.5385031700134277,-0.030278168618679047,0.695032000541687,0.5679383277893066,-0.031139496713876724,0.6899935007095337,0.5895851850509644,-0.026442738249897957,u
0.6726463437080383,0.6864401698112488,3.5332431025381084e-07,0.6486455798149109,0.6568062901496887,-0.028166959062218666,0.6415401101112366,0.6089646816253662,-0.03896131366491318,0.6650939583778381,0.5638308525085449,-0.04773480072617531,0.6822980642318726,0.5275757908821106,-0.05520852655172348,0.6219928860664368,0.546602725982666,-0.014144928194582462,0.6123191118240356,0.48744770884513855,-0.028280265629291534,0.6083323955535889,0.45016899704933167,-0.038561467081308365,0.6054977774620056,0.41785958409309387,-0.04492702707648277,0.6457114815711975,0.538631021976471,-0.01067922543734312,0.6325893402099609,0.4747288227081299,-0.025213859975337982,0.6262891888618469,0.4389299154281616,-0.0349939689040184,0.6217483282089233,0.40502065420150757,-0.03928041085600853,0.6704609990119934,0.5477190017700195,-0.011083233170211315,0.6776928901672363,0.5065163373947144,-0.03592662140727043,0.6792230606079102,0.5462749004364014,-0.040828872472047806,0.677347719669342,0.5735093355178833,-0.036321576684713364,0.6937265992164612,0.5673758387565613,-0.013619338162243366,0.6989925503730774,0.5353557467460632,-0.033049192279577255,0.696296215057373,0.5635371804237366,-0.03347509726881981,0.6915996670722961,0.5852912068367004,-0.02879215031862259,u
0.673007071018219,0.6853365898132324,3.482559804979246e-07,0.6487417221069336,0.6547954678535461,-0.02747381292283535,0.6421296000480652,0.6059818267822266,-0.037123922258615494,0.6652481555938721,0.5603988766670227,-0.0449591800570488,0.6822904348373413,0.5251300930976868,-0.051519542932510376,0.6213469505310059,0.5428680777549744,-0.011177298612892628,0.6123070120811462,0.4848731756210327,-0.024545449763536453,0.6084336042404175,0.44827911257743835,-0.03464460000395775,0.6050356030464172,0.41625338792800903,-0.04120330885052681,0.645079493522644,0.5351352691650391,-0.007949392311275005,0.6329407095909119,0.4725494682788849,-0.022419819608330727,0.626671314239502,0.4373241066932678,-0.03248877450823784,0.6210439801216125,0.40348803997039795,-0.03698264807462692,0.6695318222045898,0.5448716878890991,-0.008686503395438194,0.6767409443855286,0.5025455355644226,-0.03400616720318794,0.678737998008728,0.5439040064811707,-0.039000414311885834,0.6763274669647217,0.571544349193573,-0.034394193440675735,0.6924975514411926,0.5652441382408142,-0.011488255113363266,0.6978235840797424,0.534229040145874,-0.03207694739103317,0.6953690052032471,0.5631371140480042,-0.03320545330643654,0.6901831030845642,0.5845807790756226,-0.028799906373023987,u
0.6732567548751831,0.6852290630340576,3.397551893158379e-07,0.6487017273902893,0.6554580926895142,-0.027281008660793304,0.641680896282196,0.6068795323371887,-0.03747541457414627,0.6647762060165405,0.5616717338562012,-0.04597211256623268,0.6824312806129456,0.527405321598053,-0.0531986840069294,0.6218690276145935,0.5445529818534851,-0.012836126610636711,0.6126549243927002,0.485927015542984,-0.026948941871523857,0.608550488948822,0.44921404123306274,-0.03744726628065109,0.6051444411277771,0.4169217348098755,-0.04426483064889908,0.6457520723342896,0.5364614725112915,-0.009965662844479084,0.6334669589996338,0.47378677129745483,-0.025049058720469475,0.6269277930259705,0.4382516145706177,-0.03545413538813591,0.6210228204727173,0.40379613637924194,-0.040341444313526154,0.6702435612678528,0.5455299615859985,-0.010908225551247597,0.676801323890686,0.5031308531761169,-0.03616153821349144,0.6791547536849976,0.5432118773460388,-0.04085836559534073,0.6769051551818848,0.5706457495689392,-0.036243196576833725,0.6933392286300659,0.5654842853546143,-0.01395384967327118,0.6985867023468018,0.5323309302330017,-0.03392351418733597,0.6965404748916626,0.5600355863571167,-0.03442934900522232,0.691472053527832,0.5819297432899475,-0.029789332300424576,u
0.6728691458702087,0.6854575872421265,3.445123866185895e-07,0.6474392414093018,0.6560648083686829,-0.027089592069387436,0.6398230791091919,0.6068978309631348,-0.03752963989973068,0.6629777550697327,0.5611164569854736,-0.04642302170395851,0.6797889471054077,0.5248391032218933,-0.05407609045505524,0.6218620538711548,0.5440821647644043,-0.012527761049568653,0.6128888130187988,0.48578521609306335,-0.02711411938071251,0.6090406775474548,0.44887831807136536,-0.037894975394010544,0.6062885522842407,0.4169379472732544,-0.04481486976146698,0.6460073590278625,0.5365318655967712,-0.010083165019750595,0.6341035962104797,0.4743175506591797,-0.026000091806054115,0.6271572113037109,0.4386904239654541,-0.03704100474715233,0.6219422221183777,0.404641330242157,-0.042227853089571,0.6709864735603333,0.5461553335189819,-0.011422965675592422,0.6764979958534241,0.5032405257225037,-0.03737282752990723,0.6777435541152954,0.5447515845298767,-0.04168201610445976,0.676482081413269,0.5731547474861145,-0.03667229041457176,0.6946430802345276,0.5667169690132141,-0.014858386479318142,0.6978448629379272,0.5345082879066467,-0.03544348478317261,0.6952237486839294,0.56351637840271,-0.03566383197903633,0.6916558742523193,0.585495114326477,-0.030624499544501305,u
0.6721804738044739,0.6851791143417358,3.44916685435237e-07,0.6469044089317322,0.6552168726921082,-0.026551222428679466,0.6394065022468567,0.6061973571777344,-0.03677675500512123,0.6630684733390808,0.5607082843780518,-0.04559559375047684,0.6805975437164307,0.5250092148780823,-0.05323202908039093,0.6217455863952637,0.5436636805534363,-0.011750968173146248,0.612873911857605,0.4855850636959076,-0.02620948851108551,0.6091544032096863,0.4486972987651825,-0.03691449388861656,0.6063576340675354,0.4169631004333496,-0.043754298239946365,0.6459698677062988,0.5366145372390747,-0.0096047418192029,0.634291410446167,0.47392237186431885,-0.025402389466762543,0.6274270415306091,0.4384232759475708,-0.036314960569143295,0.6221842765808105,0.4046894907951355,-0.041332975029945374,0.6710721850395203,0.5467286109924316,-0.011212809011340141,0.6767273545265198,0.5037122964859009,-0.03706299886107445,0.6775395274162292,0.5453523397445679,-0.04116327688097954,0.6759892702102661,0.5736387968063354,-0.03595946356654167,0.6947749853134155,0.5678203105926514,-0.014868751168251038,0.6981134414672852,0.5355753898620605,-0.035306647419929504,0.695115327835083,0.5648967027664185,-0.03523312136530876,0.6913076043128967,0.5868903994560242,-0.02994404546916485,u
0.6744373440742493,0.6930181384086609,3.3988646919169696e-07,0.6449700593948364,0.6614018082618713,-0.022670676931738853,0.636791467666626,0.6086007356643677,-0.03156813234090805,0.6602378487586975,0.5620443224906921,-0.04034692794084549,0.6793862581253052,0.5301530957221985,-0.04795527085661888,0.6235693097114563,0.5470501184463501,-0.007654563989490271,0.6161537170410156,0.48693782091140747,-0.022697187960147858,0.6143633127212524,0.4489431083202362,-0.03416332229971886,0.6141564846038818,0.4164053499698639,-0.041602350771427155,0.64834064245224,0.5400803685188293,-0.00808687787503004,0.6362296938896179,0.47694671154022217,-0.025001248344779015,0.6295322179794312,0.43943360447883606,-0.037144359201192856,0.6256560683250427,0.40430140495300293,-0.04302854463458061,0.674210786819458,0.5505346059799194,-0.012076515704393387,0.678446888923645,0.5032253265380859,-0.03822236880660057,0.6789494752883911,0.5456656813621521,-0.04155099764466286,0.6779746413230896,0.5765537619590759,-0.03577922284603119,0.6993542313575745,0.5727909803390503,-0.017978258430957794,0.7012117505073547,0.5383318662643433,-0.038614802062511444,0.6973081231117249,0.5672599673271179,-0.03794419765472412,0.6934399604797363,0.5910298824310303,-0.03203485906124115,u
0.6734876036643982,0.6931159496307373,3.490248445814359e-07,0.6453770995140076,0.6589206457138062,-0.02250104956328869,0.6383593678474426,0.6058599948883057,-0.030962444841861725,0.6617811322212219,0.5597935914993286,-0.03930835798382759,0.6794562339782715,0.5269531607627869,-0.04651596024632454,0.623663067817688,0.5455335974693298,-0.006127824075520039,0.6159114241600037,0.48536211252212524,-0.02031884342432022,0.6141037344932556,0.4474455714225769,-0.030743740499019623,0.6136929392814636,0.4155242145061493,-0.03708801791071892,0.6479247212409973,0.5394151210784912,-0.006183336488902569,0.6365271210670471,0.47566843032836914,-0.02220071479678154,0.6299149990081787,0.4387381076812744,-0.03329375758767128,0.6261491179466248,0.40456366539001465,-0.03805117309093475,0.6732954382896423,0.5500261187553406,-0.00993427075445652,0.680069625377655,0.5047370791435242,-0.03537524491548538,0.6794125437736511,0.5478489398956299,-0.038634270429611206,0.6774870753288269,0.5780245661735535,-0.032531656324863434,0.6975933909416199,0.5716943144798279,-0.015545976348221302,0.7007975578308105,0.5390757322311401,-0.03462771698832512,0.696723997592926,0.5678187608718872,-0.03338385745882988,0.6927429437637329,0.5897717475891113,-0.02711978740990162,u
0.6748242378234863,0.6971346139907837,3.5709439316633507e-07,0.6445821523666382,0.6641168594360352,-0.021772488951683044,0.6348806619644165,0.6103677749633789,-0.03099893033504486,0.6588020324707031,0.5619254112243652,-0.04045029357075691,0.6779414415359497,0.5285963416099548,-0.04890057444572449,0.6267333030700684,0.5478367805480957,-0.009251737967133522,0.6205623745918274,0.4856116771697998,-0.025741370394825935,0.6196116805076599,0.44710320234298706,-0.0372026301920414,0.6196011304855347,0.41408422589302063,-0.044118404388427734,0.652228593826294,0.5423548817634583,-0.010627378709614277,0.6429905891418457,0.4749920666217804,-0.029331063851714134,0.6368080973625183,0.43694987893104553,-0.04117300361394882,0.6332641243934631,0.4027129113674164,-0.04608939215540886,0.678297221660614,0.5535882115364075,-0.015365725383162498,0.6832069754600525,0.508856475353241,-0.04297974705696106,0.6795721054077148,0.55581134557724,-0.0443996787071228,0.6764204502105713,0.5881898999214172,-0.03653420880436897,0.702664852142334,0.5764389634132385,-0.021953115239739418,0.7038275003433228,0.5449400544166565,-0.04280973598361015,0.6976803541183472,0.5770633220672607,-0.04033020883798599,0.6932093501091003,0.601309061050415,-0.032689981162548065,u
0.6750659942626953,0.6969913244247437,3.4384046898594534e-07,0.6450371742248535,0.6660208702087402,-0.022709235548973083,0.6345086097717285,0.61292564868927,-0.032689306885004044,0.6582028865814209,0.565436840057373,-0.042558033019304276,0.6779090166091919,0.5318271517753601,-0.05136164277791977,0.6265837550163269,0.5475688576698303,-0.011279869824647903,0.6207641959190369,0.4858383238315582,-0.028231916949152946,0.6199014186859131,0.44720685482025146,-0.03987233713269234,0.6202974915504456,0.41343358159065247,-0.047103576362133026,0.6517720818519592,0.5418243408203125,-0.012282955460250378,0.6417044401168823,0.4760458469390869,-0.031239468604326248,0.6358258724212646,0.4390006363391876,-0.04265549033880234,0.6326095461845398,0.4045584797859192,-0.047582969069480896,0.6773549914360046,0.5530421733856201,-0.01670188643038273,0.6836971044540405,0.506732165813446,-0.04465558007359505,0.6811080574989319,0.5542550086975098,-0.04573905095458031,0.6781495213508606,0.5873072743415833,-0.03794905170798302,0.7013999819755554,0.5758504271507263,-0.02306554652750492,0.7033723592758179,0.5444852709770203,-0.04472153261303902,0.6983250379562378,0.577107310295105,-0.04267340153455734,0.6943475008010864,0.6015151739120483,-0.035468511283397675,u
0.6749988198280334,0.703559160232544,3.607232486046996e-07,0.6426512002944946,0.6688701510429382,-0.019947443157434464,0.6329403519630432,0.6136877536773682,-0.029115598648786545,0.6585395336151123,0.565765380859375,-0.03887820616364479,0.6802408695220947,0.5343555212020874,-0.047900810837745667,0.6296827793121338,0.5511064529418945,-0.010201825760304928,0.6237064003944397,0.4881383776664734,-0.026770178228616714,0.6220274567604065,0.44933879375457764,-0.03859959542751312,0.6219348311424255,0.4158564805984497,-0.04626248776912689,0.6560815572738647,0.5467832088470459,-0.013090454041957855,0.6483041644096375,0.477175772190094,-0.031630706042051315,0.6424367427825928,0.43735191226005554,-0.04440711438655853,0.639794647693634,0.40150898694992065,-0.050847142934799194,0.6822184324264526,0.5600296854972839,-0.018908051773905754,0.6874998807907104,0.512410044670105,-0.04508902505040169,0.6805023550987244,0.5566893815994263,-0.046378228813409805,0.6754835844039917,0.5879932641983032,-0.03964146226644516,0.7059060335159302,0.5855884552001953,-0.02650824934244156,0.7069790959358215,0.5503818988800049,-0.04645136371254921,0.6991016864776611,0.5813977122306824,-0.04351382702589035,0.6937540173530579,0.6063984632492065,-0.036303430795669556,u
0.6742858290672302,0.7021662592887878,3.535055270731391e-07,0.6433991193771362,0.667046070098877,-0.020696202293038368,0.6334823966026306,0.6130056977272034,-0.030577432364225388,0.6582778692245483,0.5662165880203247,-0.04102060943841934,0.6794808506965637,0.5347068905830383,-0.05046454444527626,0.6288177967071533,0.5500080585479736,-0.01042245514690876,0.622757613658905,0.486545205116272,-0.027528421953320503,0.6219744682312012,0.4473910331726074,-0.03940856084227562,0.6225634813308716,0.4135597050189972,-0.04690587893128395,0.6549509763717651,0.5464505553245544,-0.012616201303899288,0.6476393342018127,0.47778719663619995,-0.031703509390354156,0.6417737603187561,0.4386914372444153,-0.04383009299635887,0.6394602060317993,0.4031784236431122,-0.04965083301067352,0.680895984172821,0.5593023896217346,-0.017952851951122284,0.687768816947937,0.5111051201820374,-0.044597163796424866,0.6807842254638672,0.5574000477790833,-0.04497537389397621,0.676122784614563,0.5904884934425354,-0.03722293674945831,0.7047666311264038,0.5835433602333069,-0.025214936584234238,0.7058432102203369,0.5501854419708252,-0.044911280274391174,0.6984581351280212,0.5805274248123169,-0.04183438792824745,0.6940200328826904,0.6046327352523804,-0.03439929708838463,u
0.6757663488388062,0.7101026773452759,3.508887687075912e-07,0.6423867344856262,0.6764287352561951,-0.020624889060854912,0.6310144066810608,0.6207034587860107,-0.029900629073381424,0.6567370891571045,0.571723997592926,-0.03960441052913666,0.679252564907074,0.5410295128822327,-0.048392198979854584,0.6317225098609924,0.5544657111167908,-0.010862182825803757,0.6255573630332947,0.48993030190467834,-0.027426499873399734,0.6245760917663574,0.45056474208831787,-0.03957634046673775,0.6253871917724609,0.4162284731864929,-0.047679413110017776,0.658881664276123,0.5504225492477417,-0.013069198466837406,0.6514163613319397,0.48023998737335205,-0.0317242369055748,0.6466543674468994,0.4397652745246887,-0.044934239238500595,0.6448689699172974,0.40407639741897583,-0.05200047418475151,0.6849693059921265,0.5636033415794373,-0.018274560570716858,0.6910068392753601,0.5136054754257202,-0.045174650847911835,0.6840620040893555,0.5568368434906006,-0.04773591458797455,0.6787469983100891,0.5903599262237549,-0.041832223534584045,0.708398699760437,0.5885611176490784,-0.025282714515924454,0.710558295249939,0.553246796131134,-0.046647809445858,0.7027481198310852,0.5820762515068054,-0.045643389225006104,0.6970571875572205,0.6078800559043884,-0.039713382720947266,u
0.6758921146392822,0.7101598381996155,3.4554938110886724e-07,0.6434159874916077,0.6748510599136353,-0.02009960636496544,0.6320804953575134,0.6189045906066895,-0.02930726297199726,0.6572326421737671,0.5710124969482422,-0.039281126111745834,0.6799064874649048,0.5410519242286682,-0.04824386537075043,0.631244421005249,0.5545831918716431,-0.009235328994691372,0.6252173781394958,0.48965883255004883,-0.025871092453598976,0.6249844431877136,0.4496941864490509,-0.0377923958003521,0.6261488199234009,0.41484004259109497,-0.04553506523370743,0.657656192779541,0.5510427951812744,-0.011377078481018543,0.6504687666893005,0.4814329445362091,-0.030313288792967796,0.6454877853393555,0.44098931550979614,-0.043048176914453506,0.6437529921531677,0.40474432706832886,-0.049530431628227234,0.6830968856811523,0.563480019569397,-0.016642633825540543,0.6922131180763245,0.5140863060951233,-0.043590836226940155,0.6859923601150513,0.5592818856239319,-0.0453542061150074,0.6807712316513062,0.594262957572937,-0.038512956351041794,0.7066951394081116,0.5867274403572083,-0.023767584934830666,0.7100614905357361,0.55266934633255,-0.044211190193891525,0.7031043767929077,0.5818127393722534,-0.04259151592850685,0.6975977420806885,0.6075544357299805,-0.03617602214217186,u
0.6789810061454773,0.7188535332679749,3.967644204294629e-07,0.6440237760543823,0.6838981509208679,-0.019496897235512733,0.6320549845695496,0.6251056790351868,-0.029257919639348984,0.6599854230880737,0.5745668411254883,-0.039952848106622696,0.6854196190834045,0.545808732509613,-0.05003366246819496,0.6358427405357361,0.5600765943527222,-0.013493976555764675,0.6321701407432556,0.4911055862903595,-0.031139202415943146,0.6322103142738342,0.4489551782608032,-0.04363705590367317,0.6336398124694824,0.41239476203918457,-0.05200888589024544,0.6646045446395874,0.5573179721832275,-0.01699884980916977,0.659224271774292,0.4815003275871277,-0.03690721094608307,0.6542606353759766,0.43746691942214966,-0.0507524199783802,0.6530745029449463,0.39964228868484497,-0.058088283985853195,0.6923859715461731,0.5725224614143372,-0.022954795509576797,0.697043776512146,0.5185617208480835,-0.050799377262592316,0.6873336434364319,0.5640472173690796,-0.05233287811279297,0.6815017461776733,0.6000242233276367,-0.04523107036948204,0.7175108790397644,0.6001263856887817,-0.030530985444784164,0.7171977162361145,0.5618986487388611,-0.0524577870965004,0.7079778909683228,0.5903618335723877,-0.050262466073036194,0.7025592923164368,0.6173692941665649,-0.04299140349030495,u
0.6818986535072327,0.722137451171875,3.9685033925707103e-07,0.6452561616897583,0.6876510977745056,-0.020921265706419945,0.6320362091064453,0.6273511648178101,-0.030927548184990883,0.6591612100601196,0.5773316621780396,-0.04161658510565758,0.6845951080322266,0.548419713973999,-0.05128223076462746,0.6386755704879761,0.5581446290016174,-0.013870245777070522,0.6354928612709045,0.4880935251712799,-0.031639907509088516,0.6353655457496643,0.4453578591346741,-0.04398577660322189,0.6366926431655884,0.4080168604850769,-0.05237846076488495,0.6681080460548401,0.5558062195777893,-0.016688058152794838,0.6633771061897278,0.4805343747138977,-0.03709437698125839,0.6587367057800293,0.43617963790893555,-0.05087268725037575,0.6579728722572327,0.39646703004837036,-0.05824285000562668,0.6958297491073608,0.5716847777366638,-0.02220037952065468,0.7013237476348877,0.5187605023384094,-0.050249166786670685,0.6903814673423767,0.5662885308265686,-0.05132809653878212,0.6831877827644348,0.6011209487915039,-0.04403205215930939,0.7210661768913269,0.5999972820281982,-0.029551364481449127,0.7212492823600769,0.5657082796096802,-0.05151299759745598,0.7111278176307678,0.5934098958969116,-0.049662716686725616,0.7045153379440308,0.6167675256729126,-0.0428125262260437,u
0.6817673444747925,0.723212718963623,3.949031111005752e-07,0.6459468007087708,0.6862735748291016,-0.020850462839007378,0.632960319519043,0.6258260607719421,-0.031174806877970695,0.6603204607963562,0.5754624605178833,-0.04225802794098854,0.6870997548103333,0.5463839173316956,-0.05224466696381569,0.6384769082069397,0.5604786276817322,-0.013986092060804367,0.6349021792411804,0.48943543434143066,-0.03221641480922699,0.6347822546958923,0.4467225670814514,-0.044852714985609055,0.6360839605331421,0.4090723693370819,-0.0534922294318676,0.6679043769836426,0.5582690834999084,-0.016690950840711594,0.6634920835494995,0.48218804597854614,-0.03747877851128578,0.6587608456611633,0.43786728382110596,-0.05155179649591446,0.6580045223236084,0.3977282643318176,-0.059322986751794815,0.6957610249519348,0.5735675692558289,-0.022056294605135918,0.7023601531982422,0.5202374458312988,-0.04926416277885437,0.6908485889434814,0.5665400624275208,-0.0496671162545681,0.6834285259246826,0.6012855172157288,-0.042278435081243515,0.7209009528160095,0.600836455821991,-0.02943059429526329,0.7213631868362427,0.5680810809135437,-0.050006743520498276,0.7121579647064209,0.5931311845779419,-0.047779813408851624,0.7068294286727905,0.6144521236419678,-0.04103685915470123,u
0.6845489740371704,0.7284609079360962,4.213799797980755e-07,0.6475600600242615,0.6930621862411499,-0.020564958453178406,0.6340416669845581,0.6308172941207886,-0.03109731897711754,0.6615467071533203,0.5790765881538391,-0.04242134466767311,0.6885926127433777,0.5500707030296326,-0.05274156481027603,0.6398769617080688,0.5617882013320923,-0.0158415287733078,0.6372843384742737,0.4893260598182678,-0.03506584092974663,0.6373370885848999,0.44418925046920776,-0.0485239252448082,0.6385972499847412,0.4058867394924164,-0.05783502012491226,0.6705746054649353,0.5593748092651367,-0.019643208011984825,0.66706383228302,0.48007839918136597,-0.04136642441153526,0.6630575656890869,0.4331081509590149,-0.05608246847987175,0.6629073023796082,0.3918020725250244,-0.06425346434116364,0.6998862028121948,0.5758636593818665,-0.025878602638840675,0.7055022120475769,0.5189341306686401,-0.05408404767513275,0.6931350231170654,0.5665947794914246,-0.054137252271175385,0.6853541135787964,0.6027314066886902,-0.04643310606479645,0.7265980243682861,0.6052069664001465,-0.0340103879570961,0.7252668738365173,0.570816159248352,-0.05636443942785263,0.7146931886672974,0.5987659096717834,-0.05390090495347977,0.7086472511291504,0.6226998567581177,-0.04659563675522804,u
0.6853662729263306,0.7315629720687866,4.1426943653277704e-07,0.6481457352638245,0.6947384476661682,-0.021286049857735634,0.634352445602417,0.6309933662414551,-0.031914353370666504,0.6613361239433289,0.5791407227516174,-0.04325316846370697,0.6890183091163635,0.5504951477050781,-0.05345288664102554,0.6399242877960205,0.5627750754356384,-0.015373995527625084,0.6371107697486877,0.49003738164901733,-0.034564059227705,0.6371529698371887,0.4448745846748352,-0.04800478741526604,0.6382409334182739,0.40605300664901733,-0.05743347853422165,0.6703795194625854,0.5600383281707764,-0.018637672066688538,0.666747510433197,0.481426864862442,-0.040863025933504105,0.6627048850059509,0.4342802166938782,-0.05598638206720352,0.6622848510742188,0.3923383355140686,-0.06458409875631332,0.6995994448661804,0.5755487084388733,-0.024471022188663483,0.7068390250205994,0.5194830298423767,-0.05264957621693611,0.6943137645721436,0.5672601461410522,-0.05287618935108185,0.6857142448425293,0.6033958196640015,-0.04554346948862076,0.7265247702598572,0.6032366156578064,-0.03236234188079834,0.7254369854927063,0.5718873739242554,-0.054363202303647995,0.7161504030227661,0.6002151966094971,-0.052306417375802994,0.7111750841140747,0.6228060722351074,-0.045634541660547256,u
0.6867544651031494,0.7370474338531494,4.33739444360981e-07,0.6487526893615723,0.7011371850967407,-0.020375866442918777,0.6351751685142517,0.6344553232192993,-0.030846280977129936,0.6631112098693848,0.580200731754303,-0.042457956820726395,0.6915571093559265,0.5498512983322144,-0.05339962989091873,0.6439204216003418,0.5635141134262085,-0.015427346341311932,0.6405163407325745,0.4879390001296997,-0.035605400800704956,0.6405591368675232,0.4396113157272339,-0.049828171730041504,0.6425615549087524,0.39829641580581665,-0.05971097573637962,0.6756875514984131,0.5618056058883667,-0.0203440822660923,0.6726054549217224,0.4774013161659241,-0.043333277106285095,0.6672549247741699,0.4276396632194519,-0.059467338025569916,0.6665434241294861,0.3837224543094635,-0.06869032233953476,0.706321120262146,0.5791916847229004,-0.02767455391585827,0.7119411826133728,0.5160983204841614,-0.057781606912612915,0.6956172585487366,0.565152645111084,-0.05874991416931152,0.6854276061058044,0.602568507194519,-0.05143168196082115,0.7343530058860779,0.6096261143684387,-0.03678067401051521,0.7313058376312256,0.57066410779953,-0.06064937263727188,0.7190315127372742,0.6018545031547546,-0.05810946226119995,0.7125357389450073,0.6284447908401489,-0.050639066845178604,u
0.688525915145874,0.7386722564697266,4.0112286114890594e-07,0.6509538888931274,0.7006748914718628,-0.020843124017119408,0.6364219188690186,0.635148286819458,-0.03142407536506653,0.6636240482330322,0.5794435143470764,-0.0431034192442894,0.6924824714660645,0.548058271408081,-0.0537707544863224,0.6441872715950012,0.5650432109832764,-0.015152216888964176,0.6409564018249512,0.48813387751579285,-0.03559764847159386,0.6412731409072876,0.4401282072067261,-0.0496697723865509,0.642698347568512,0.3986624777317047,-0.059367723762989044,0.6760361790657043,0.5621902346611023,-0.019384920597076416,0.6727349758148193,0.4770081639289856,-0.04262637346982956,0.667510986328125,0.4269423484802246,-0.057993557304143906,0.6661619544029236,0.38251355290412903,-0.06656219065189362,0.7062901854515076,0.5784609913825989,-0.026184355840086937,0.7127833366394043,0.5151582956314087,-0.05644936487078667,0.6987031102180481,0.5661611557006836,-0.055762697011232376,0.6897192597389221,0.6052709817886353,-0.0470130480825901,0.7341169714927673,0.6079556941986084,-0.03493154048919678,0.7312437295913696,0.5713253617286682,-0.058392323553562164,0.7200704216957092,0.6024710536003113,-0.05515509098768234,0.7143027782440186,0.6289623379707336,-0.04706872999668121,u
0.6939607858657837,0.7465178966522217,4.660377612708544e-07,0.6524522304534912,0.7059245109558105,-0.019172973930835724,0.637653648853302,0.6369813680648804,-0.029297536239027977,0.6674606204032898,0.5822068452835083,-0.04121541604399681,0.6979140639305115,0.5524620413780212,-0.05252259597182274,0.6476755142211914,0.5635018348693848,-0.013892419636249542,0.6456384658813477,0.4835749864578247,-0.034707408398389816,0.6473484039306641,0.4325438439846039,-0.04946785792708397,0.64950031042099,0.3890933096408844,-0.05951693654060364,0.682353138923645,0.5603364109992981,-0.01976730115711689,0.6819111108779907,0.4712945222854614,-0.042355045676231384,0.6781495809555054,0.4190361499786377,-0.057706668972969055,0.6769499182701111,0.3722313940525055,-0.0661718100309372,0.7152636647224426,0.5783718824386597,-0.028196632862091064,0.7200928330421448,0.51341712474823,-0.0581703707575798,0.7024683356285095,0.56462562084198,-0.05836281180381775,0.6908155679702759,0.6037100553512573,-0.050094444304704666,0.744753360748291,0.6114344596862793,-0.038378745317459106,0.7421393990516663,0.57148277759552,-0.06124353036284447,0.7280893921852112,0.6003305315971375,-0.05767972394824028,0.7198207974433899,0.6253462433815002,-0.04938162490725517,u
0.6944312453269958,0.7501375079154968,4.6185036239876354e-07,0.6538243889808655,0.7054815888404846,-0.020114906132221222,0.639266312122345,0.6366370916366577,-0.031291667371988297,0.6684578061103821,0.5797171592712402,-0.04418744146823883,0.6999021172523499,0.5483459830284119,-0.05607057362794876,0.6481809020042419,0.5651674866676331,-0.01499431487172842,0.6465820074081421,0.4840836822986603,-0.03686816245317459,0.6483699083328247,0.433369517326355,-0.05247969925403595,0.6504058241844177,0.38964352011680603,-0.06343913823366165,0.6824774146080017,0.5618102550506592,-0.020495619624853134,0.6826270818710327,0.47216373682022095,-0.04525423422455788,0.6783660054206848,0.4177300035953522,-0.06243007630109787,0.676967978477478,0.3693316578865051,-0.07238966226577759,0.7146689891815186,0.5793516039848328,-0.028469255194067955,0.7205674052238464,0.5133870244026184,-0.058542411774396896,0.7034059166908264,0.5647921562194824,-0.057441409677267075,0.692112147808075,0.6046022772789001,-0.04862993210554123,0.743832528591156,0.6107907295227051,-0.03852225840091705,0.7404621243476868,0.5744500756263733,-0.06065204367041588,0.7282808423042297,0.6017084717750549,-0.05665616691112518,0.7221464514732361,0.6244797110557556,-0.04833399876952171,u
0.7032730579376221,0.7510234117507935,5.13622524067614e-07,0.659567654132843,0.7091637253761292,-0.020254822447896004,0.6437246203422546,0.639960527420044,-0.032068509608507156,0.673880398273468,0.5831847786903381,-0.04572943598031998,0.7068459391593933,0.5535185933113098,-0.05852775275707245,0.6554046869277954,0.5584487318992615,-0.016135625541210175,0.6530796885490417,0.4754209518432617,-0.03845673054456711,0.6551475524902344,0.42260441184043884,-0.05405610799789429,0.657406747341156,0.3775777518749237,-0.06439059972763062,0.6908400654792786,0.5548646450042725,-0.022212011739611626,0.690451979637146,0.4595377445220947,-0.04634639993309975,0.6866781711578369,0.40348708629608154,-0.06217112019658089,0.6855463981628418,0.35510843992233276,-0.07037302851676941,0.724307119846344,0.5739409327507019,-0.0308289285749197,0.728306233882904,0.5100975036621094,-0.06209290772676468,0.7095174193382263,0.5634617209434509,-0.06188986077904701,0.6975840926170349,0.6060299873352051,-0.052482545375823975,0.7539321184158325,0.608608603477478,-0.04133126884698868,0.7510852813720703,0.5689297914505005,-0.0645294338464737,0.7360445261001587,0.599383533000946,-0.060179561376571655,0.7270084619522095,0.6273455619812012,-0.05073525011539459,u
0.7028472423553467,0.7550007104873657,4.895336473964562e-07,0.6607291102409363,0.7111675143241882,-0.023151131346821785,0.6442254185676575,0.639681339263916,-0.035777747631073,0.675849199295044,0.5797770619392395,-0.049710631370544434,0.7101625800132751,0.5462411046028137,-0.06256565451622009,0.6547810435295105,0.5602146983146667,-0.018283775076270103,0.652597188949585,0.47491300106048584,-0.041575513780117035,0.6545335054397583,0.42288243770599365,-0.05756448209285736,0.6571334004402161,0.3773930072784424,-0.06822757422924042,0.6899456977844238,0.5568119883537292,-0.02279398776590824,0.6897953748703003,0.4614850580692291,-0.04838470369577408,0.6862437725067139,0.40508216619491577,-0.06511267274618149,0.6855593919754028,0.35596126317977905,-0.0740925744175911,0.7227782607078552,0.5752132534980774,-0.03008928894996643,0.7278602719306946,0.5112340450286865,-0.06258836388587952,0.7112833857536316,0.5677481889724731,-0.06173428148031235,0.7012051939964294,0.611426591873169,-0.051825035363435745,0.7519925832748413,0.6080878376960754,-0.039624813944101334,0.7488980293273926,0.5703875422477722,-0.06396280974149704,0.7355101108551025,0.6038601994514465,-0.05976441130042076,0.7285669445991516,0.6329211592674255,-0.05039142444729805,u
0.711142897605896,0.7627503275871277,5.098638666822808e-07,0.6664256453514099,0.7182102203369141,-0.023208770900964737,0.649082601070404,0.6461029052734375,-0.03602208197116852,0.6800055503845215,0.5837885141372681,-0.05043485760688782,0.7140088081359863,0.5488951206207275,-0.06360217928886414,0.6617907285690308,0.558233380317688,-0.016167502850294113,0.6591048240661621,0.47174733877182007,-0.039204370230436325,0.6604475975036621,0.4175888001918793,-0.05572205409407616,0.6634299755096436,0.370780885219574,-0.06692171841859818,0.6981654763221741,0.5557741522789001,-0.0216835830360651,0.6952129602432251,0.4580775499343872,-0.0467430055141449,0.6916058659553528,0.4000452160835266,-0.06383966654539108,0.6920927166938782,0.34944579005241394,-0.07327447086572647,0.7330229878425598,0.5765647292137146,-0.03031415119767189,0.7391720414161682,0.5116661787033081,-0.06289345771074295,0.7186678051948547,0.5646088719367981,-0.063918836414814,0.705089807510376,0.6080132722854614,-0.055550478398799896,0.7638290524482727,0.6127199530601501,-0.041203517466783524,0.7630635499954224,0.5697062015533447,-0.06600039452314377,0.7463128566741943,0.6005141139030457,-0.06252064555883408,0.7352752685546875,0.6307289004325867,-0.053801000118255615,u
0.711205780506134,0.7657048106193542,4.924606855638558e-07,0.6667594313621521,0.7193412184715271,-0.024498865008354187,0.6489400863647461,0.6467691659927368,-0.0382530502974987,0.6808406114578247,0.583603024482727,-0.05305369943380356,0.7152675986289978,0.545949399471283,-0.06640874594449997,0.6615891456604004,0.5608681440353394,-0.019242921844124794,0.6590924263000488,0.47337010502815247,-0.04342524707317352,0.6605472564697266,0.41924089193344116,-0.06053990498185158,0.663365364074707,0.3723987936973572,-0.07207941263914108,0.697704553604126,0.5578246116638184,-0.02385534904897213,0.6961385011672974,0.4597514569759369,-0.0495697520673275,0.6927942037582397,0.40234512090682983,-0.06671911478042603,0.6931498050689697,0.3521772027015686,-0.0764860138297081,0.7317418456077576,0.5772496461868286,-0.03154778108000755,0.7394049167633057,0.5126082301139832,-0.06320510059595108,0.7216711044311523,0.5653127431869507,-0.06225283816456795,0.7100210189819336,0.6066166162490845,-0.053123973309993744,0.7618570327758789,0.6120294332504272,-0.04177256301045418,0.7620150446891785,0.5699089169502258,-0.06456776708364487,0.7473301291465759,0.6008005142211914,-0.059537459164857864,0.7381412386894226,0.6289393305778503,-0.05032884329557419,u
0.7325683832168579,0.7668197154998779,5.79075049245148e-07,0.6830189824104309,0.7331430912017822,-0.03052120842039585,0.6621644496917725,0.6596247553825378,-0.04681485518813133,0.6973435282707214,0.5922671556472778,-0.06252753734588623,0.734542191028595,0.5544987916946411,-0.0764431357383728,0.6766385436058044,0.5603633522987366,-0.029759595170617104,0.6735473871231079,0.4652163088321686,-0.05701322481036186,0.6764125227928162,0.40546828508377075,-0.07492110133171082,0.6801828145980835,0.3535265326499939,-0.08606690913438797,0.7160819172859192,0.5545029044151306,-0.03255794197320938,0.7085858583450317,0.4460662305355072,-0.06017068400979042,0.7070611119270325,0.38366007804870605,-0.07595691084861755,0.7082973718643188,0.33065280318260193,-0.08334900438785553,0.7531978487968445,0.5741485357284546,-0.03860291838645935,0.7575427293777466,0.5147687196731567,-0.07567562907934189,0.7424643039703369,0.5760411620140076,-0.07614234834909439,0.7315346002578735,0.6248735785484314,-0.06556221842765808,0.7873081564903259,0.6103344559669495,-0.04720969498157501,0.784826397895813,0.5753096342086792,-0.07610879093408585,0.7709047794342041,0.6162360310554504,-0.07226072996854782,0.7619695663452148,0.6515443325042725,-0.061910610646009445,u
0.7482479214668274,0.798258900642395,5.513245469046524e-07,0.6967329978942871,0.7546788454055786,-0.025036025792360306,0.6725011467933655,0.6754717826843262,-0.0407729335129261,0.7061253786087036,0.6081460118293762,-0.0582377091050148,0.7434031367301941,0.5732539892196655,-0.07441046833992004,0.6888898015022278,0.5692079067230225,-0.025842970237135887,0.6856026649475098,0.4700246751308441,-0.05317045748233795,0.6875733137130737,0.40773308277130127,-0.0726807713508606,0.6898697018623352,0.353046178817749,-0.08599735051393509,0.7295637726783752,0.5657468438148499,-0.0327737033367157,0.7238226532936096,0.4536096453666687,-0.06106017529964447,0.7207236886024475,0.3879602551460266,-0.07872696220874786,0.7193669080734253,0.33135855197906494,-0.08812646567821503,0.7690079212188721,0.5879355669021606,-0.04263775423169136,0.7713707089424133,0.5199388861656189,-0.07843288779258728,0.7540513277053833,0.5766105651855469,-0.07967509329319,0.7395921349525452,0.6270439624786377,-0.07044893503189087,0.8057491183280945,0.6275432109832764,-0.05503666773438454,0.810426652431488,0.5782607197761536,-0.082252636551857,0.7950890064239502,0.6041545867919922,-0.07921066880226135,0.7803510427474976,0.6347906589508057,-0.07023963332176208,u
0.7472656965255737,0.8060047626495361,5.639302571580629e-07,0.6968531608581543,0.7582701444625854,-0.02840539626777172,0.6735227704048157,0.6791256666183472,-0.04408855363726616,0.705845057964325,0.608104407787323,-0.06067739799618721,0.741158127784729,0.5685921311378479,-0.07592745870351791,0.6882495880126953,0.570047914981842,-0.023704037070274353,0.6842981576919556,0.4705542325973511,-0.050888583064079285,0.6859282851219177,0.4095359444618225,-0.06980593502521515,0.6902639269828796,0.3562244772911072,-0.08243726938962936,0.7296277284622192,0.565875232219696,-0.029247134923934937,0.7239289283752441,0.4527050256729126,-0.05820901319384575,0.7210277915000916,0.3877703547477722,-0.07735045254230499,0.7229639291763306,0.3308975100517273,-0.08796685934066772,0.7695493698120117,0.5888282060623169,-0.038330044597387314,0.7769616842269897,0.5139980316162109,-0.07649524509906769,0.7598179578781128,0.5684622526168823,-0.08044573664665222,0.7476873397827148,0.6151825785636902,-0.07311584055423737,0.8058443069458008,0.630672037601471,-0.04989796131849289,0.8089697957038879,0.5841526985168457,-0.0792359709739685,0.7924764156341553,0.6159288287162781,-0.07785826921463013,0.7802234292030334,0.6488693952560425,-0.07014314830303192,u
0.7596930861473083,0.8196910619735718,5.527872986021976e-07,0.7071947455406189,0.775173008441925,-0.027868667617440224,0.681222140789032,0.6918238997459412,-0.04366643726825714,0.7171066999435425,0.6184981465339661,-0.06057571992278099,0.7587995529174805,0.5816435813903809,-0.0765651986002922,0.6985943913459778,0.5767877101898193,-0.025942130014300346,0.6953220963478088,0.47162219882011414,-0.05382382124662399,0.6978585720062256,0.4070104956626892,-0.07396934181451797,0.7020257115364075,0.3504875898361206,-0.08812010288238525,0.7420459985733032,0.5717321038246155,-0.03302987292408943,0.7349320650100708,0.4529504179954529,-0.06158548220992088,0.7318999171257019,0.3844066560268402,-0.08119572699069977,0.7317151427268982,0.3255711495876312,-0.09271363168954849,0.7838984727859497,0.5951223969459534,-0.04339826852083206,0.7880324125289917,0.518703281879425,-0.08238359540700912,0.7714762091636658,0.5773362517356873,-0.0865982249379158,0.7584766745567322,0.6274458765983582,-0.07981943339109421,0.8220750093460083,0.6374589204788208,-0.05624404922127724,0.8184518814086914,0.5924288630485535,-0.08882196247577667,0.8002974987030029,0.6342475414276123,-0.08797121793031693,0.7874525189399719,0.6745596528053284,-0.08043389767408371,u
0.7603089809417725,0.822868287563324,5.609663276118226e-07,0.7074682116508484,0.7769971489906311,-0.02995889075100422,0.6818329095840454,0.6938972473144531,-0.04662046581506729,0.7174023985862732,0.6205774545669556,-0.0639571025967598,0.7578907608985901,0.5828513503074646,-0.0802973061800003,0.6966874599456787,0.5794782638549805,-0.029072491452097893,0.6942691802978516,0.47248736023902893,-0.058628469705581665,0.69710373878479,0.4069117605686188,-0.07885369658470154,0.7020279169082642,0.34977346658706665,-0.09247288852930069,0.7407804727554321,0.5735881328582764,-0.035087063908576965,0.7338554859161377,0.45429977774620056,-0.06577810645103455,0.7310515642166138,0.3852687478065491,-0.08539433777332306,0.7318524718284607,0.3258163630962372,-0.09629412740468979,0.7829499244689941,0.5959218144416809,-0.04447989538311958,0.7876891493797302,0.5189270377159119,-0.08516721427440643,0.7736366987228394,0.5815948247909546,-0.08763665705919266,0.7637418508529663,0.6324961185455322,-0.07881597429513931,0.821034848690033,0.6381826400756836,-0.0564698651432991,0.8158109784126282,0.595251739025116,-0.08861912786960602,0.7982807755470276,0.6397611498832703,-0.08607403934001923,0.7874453067779541,0.67910236120224,-0.07699243724346161,u
0.7685369253158569,0.833082914352417,6.220413411028858e-07,0.7144461870193481,0.7838231325149536,-0.032298680394887924,0.6914492249488831,0.6999542713165283,-0.051497235894203186,0.7290792465209961,0.6295043230056763,-0.07148749381303787,0.7734078168869019,0.5906476974487305,-0.08991605043411255,0.7069239020347595,0.576502799987793,-0.029019758105278015,0.7032254934310913,0.46923956274986267,-0.05969097092747688,0.7057756781578064,0.4026563763618469,-0.08058017492294312,0.7101410627365112,0.34464648365974426,-0.09424376487731934,0.7528180480003357,0.5735464692115784,-0.03581598401069641,0.7449641227722168,0.45042961835861206,-0.0668729692697525,0.7418578863143921,0.3808060586452484,-0.08600873500108719,0.7421671152114868,0.3204644024372101,-0.09589618444442749,0.7965117692947388,0.600906491279602,-0.04664238914847374,0.8026544451713562,0.5253207087516785,-0.08909136056900024,0.7849313616752625,0.5943261384963989,-0.09090171009302139,0.7709672451019287,0.6479964852333069,-0.08051633089780807,0.8351975083351135,0.6481990218162537,-0.06033622473478317,0.8343486189842224,0.5995661020278931,-0.09335099160671234,0.8153775930404663,0.646501362323761,-0.0891137570142746,0.801127016544342,0.6874198913574219,-0.07821992039680481,u
0.7677761316299438,0.838377058506012,5.805283080917434e-07,0.7164739966392517,0.7893357276916504,-0.03308349847793579,0.6924120783805847,0.7037920951843262,-0.051353368908166885,0.729365348815918,0.6289383172988892,-0.07022307813167572,0.7710914015769958,0.5884843468666077,-0.08781759440898895,0.705791711807251,0.5779599547386169,-0.03009919822216034,0.7033243775367737,0.4686129689216614,-0.061471980065107346,0.7066603302955627,0.40259185433387756,-0.08236588537693024,0.7119280099868774,0.344916433095932,-0.09624272584915161,0.7520337700843811,0.5755042433738708,-0.03668280690908432,0.7451726198196411,0.45123881101608276,-0.07017989456653595,0.7427258491516113,0.38079124689102173,-0.09108384698629379,0.7429209351539612,0.31955644488334656,-0.10222408920526505,0.7952127456665039,0.6037192940711975,-0.047276660799980164,0.8018842339515686,0.5207374691963196,-0.09372825920581818,0.7894703149795532,0.588976263999939,-0.09753601998090744,0.7794544100761414,0.6430014967918396,-0.08794760704040527,0.8327582478523254,0.6527899503707886,-0.06048578396439552,0.8322707414627075,0.6030898690223694,-0.09774242341518402,0.8151878714561462,0.6512370109558105,-0.09611301124095917,0.8028550744056702,0.6936290264129639,-0.08656769245862961,u
0.7728134989738464,0.8434200882911682,6.132801786407072e-07,0.7203658223152161,0.7970105409622192,-0.03494393080472946,0.6969659924507141,0.709945559501648,-0.0542786568403244,0.7349898815155029,0.6349496245384216,-0.07385566830635071,0.7771828174591064,0.5920384526252747,-0.09189045429229736,0.7107940912246704,0.5788256525993347,-0.0317825973033905,0.7090370059013367,0.470223605632782,-0.06367456167936325,0.7121344208717346,0.40347880125045776,-0.08522339165210724,0.7173497676849365,0.3434409201145172,-0.09963100403547287,0.7579832077026367,0.5758883953094482,-0.03787950798869133,0.7510720491409302,0.4509769678115845,-0.07289286702871323,0.7490395307540894,0.3786550760269165,-0.09469599276781082,0.7495124936103821,0.3151881694793701,-0.10596025735139847,0.8025375604629517,0.6046254634857178,-0.047843486070632935,0.808331310749054,0.5271017551422119,-0.09708376228809357,0.7913703322410583,0.605343222618103,-0.10025041550397873,0.7775023579597473,0.6649071574211121,-0.08910790085792542,0.8409991264343262,0.6534319519996643,-0.06047127768397331,0.8387108445167542,0.609416127204895,-0.10142289102077484,0.8199071884155273,0.6660125851631165,-0.09951771050691605,0.8061953186988831,0.712284505367279,-0.08856439590454102,u
0.771870493888855,0.8461440801620483,5.672694669556222e-07,0.7201379537582397,0.7994185090065002,-0.03429267182946205,0.697394847869873,0.7115985155105591,-0.05270287021994591,0.7339746952056885,0.6361151337623596,-0.07138857245445251,0.7743872404098511,0.5920693278312683,-0.0887666642665863,0.711365818977356,0.5784868001937866,-0.030148716643452644,0.7090930342674255,0.4701312780380249,-0.060900185257196426,0.7114883065223694,0.404034823179245,-0.08160251379013062,0.7161903381347656,0.34478819370269775,-0.09570726752281189,0.758491575717926,0.576643705368042,-0.03628096356987953,0.7531062364578247,0.4522508382797241,-0.07035242021083832,0.7507109045982361,0.38066139817237854,-0.09220058470964432,0.7502894401550293,0.3183467984199524,-0.10415822267532349,0.8021145462989807,0.6053553819656372,-0.046387024223804474,0.8098680377006531,0.519239068031311,-0.09606903046369553,0.794101357460022,0.5940003991127014,-0.10160206258296967,0.7814013957977295,0.6530706882476807,-0.09265080094337463,0.8398277163505554,0.6541333198547363,-0.05886133387684822,0.8371830582618713,0.6082091331481934,-0.10121685266494751,0.8187315464019775,0.6649667620658875,-0.10184566676616669,0.8061575293540955,0.7128159999847412,-0.0930444672703743,u
0.7770549058914185,0.8476543426513672,5.933631541665818e-07,0.7245417237281799,0.79964280128479,-0.0361148901283741,0.700278103351593,0.7134576439857483,-0.05643199011683464,0.7384136915206909,0.6396811604499817,-0.07698848098516464,0.7815148234367371,0.5946151614189148,-0.0957024097442627,0.7161577939987183,0.5790193676948547,-0.03213685750961304,0.7133287191390991,0.47105488181114197,-0.06489689648151398,0.7153875231742859,0.40432119369506836,-0.08712662756443024,0.719955325126648,0.3447216749191284,-0.10234180092811584,0.763694167137146,0.5764451026916504,-0.0383724719285965,0.758301317691803,0.4526323676109314,-0.07454840838909149,0.7547380924224854,0.3799925148487091,-0.09780040383338928,0.7539569139480591,0.3153488337993622,-0.11054181307554245,0.8079956769943237,0.6058951616287231,-0.04879079386591911,0.8159627318382263,0.5264427065849304,-0.0990707278251648,0.7963263988494873,0.6041749715805054,-0.10298455506563187,0.7807990908622742,0.6618086099624634,-0.09265528619289398,0.8462414741516113,0.6561439037322998,-0.06201783940196037,0.8448852300643921,0.6115158796310425,-0.10369817912578583,0.8255296945571899,0.6663191318511963,-0.10285419970750809,0.8116422295570374,0.7103980779647827,-0.09295902401208878,u
0.7761249542236328,0.848258912563324,5.99055510974722e-07,0.7243547439575195,0.8003806471824646,-0.0361986942589283,0.7001239657402039,0.7139113545417786,-0.05657750368118286,0.7375651597976685,0.6392790675163269,-0.07698570936918259,0.7797198295593262,0.5928748250007629,-0.09580936282873154,0.714758574962616,0.5780189633369446,-0.03372551500797272,0.7133141756057739,0.46979984641075134,-0.06658194959163666,0.7157013416290283,0.4028599262237549,-0.08892576396465302,0.7202597260475159,0.3422854244709015,-0.10431599617004395,0.7619961500167847,0.5767662525177002,-0.03968663513660431,0.758474588394165,0.4532448351383209,-0.07586756348609924,0.7555329203605652,0.380376398563385,-0.0993538573384285,0.754681408405304,0.3147692382335663,-0.11251022666692734,0.8054062128067017,0.6063650250434875,-0.04966055601835251,0.8152198791503906,0.5212797522544861,-0.10108749568462372,0.7969902753829956,0.5998584628105164,-0.10635455697774887,0.782632052898407,0.6597399115562439,-0.09685001522302628,0.8430935144424438,0.6563657522201538,-0.062198784202337265,0.8416996598243713,0.6116685271263123,-0.10592461377382278,0.824123740196228,0.6688959002494812,-0.10671702027320862,0.8127713799476624,0.7156697511672974,-0.09763146191835403,u
0.7772313356399536,0.8481764793395996,6.128677227934531e-07,0.7252771258354187,0.7991880178451538,-0.03555633872747421,0.7023986577987671,0.7107776999473572,-0.05535969138145447,0.740304708480835,0.6358842253684998,-0.0755581259727478,0.7822603583335876,0.5884913206100464,-0.09402081370353699,0.716737687587738,0.579226553440094,-0.031229818239808083,0.7144489884376526,0.47062093019485474,-0.0639871284365654,0.7171003222465515,0.4030136466026306,-0.08594327419996262,0.721795916557312,0.34237241744995117,-0.10075784474611282,0.7642655968666077,0.5760798454284668,-0.03769366070628166,0.7593472003936768,0.45052701234817505,-0.07421012967824936,0.7561432719230652,0.37666642665863037,-0.09723925590515137,0.7555992603302002,0.3113390803337097,-0.1093994528055191,0.8081944584846497,0.605219841003418,-0.04827286675572395,0.8164076805114746,0.523044764995575,-0.09986280649900436,0.797812283039093,0.6045137643814087,-0.10311546176671982,0.7835924625396729,0.6654766201972961,-0.09146818518638611,0.8462580442428589,0.6555469632148743,-0.061479829251766205,0.843282163143158,0.6097127199172974,-0.1042831540107727,0.8252526521682739,0.6673669815063477,-0.10282789170742035,0.8133102059364319,0.7139402031898499,-0.09179949760437012,u
0.7775930166244507,0.8470777273178101,6.016136921971338e-07,0.7252691984176636,0.7976573705673218,-0.03691013157367706,0.7013221383094788,0.7098726630210876,-0.05746816098690033,0.7402846813201904,0.634620726108551,-0.07797179371118546,0.7831116318702698,0.5866483449935913,-0.09665122628211975,0.7160696983337402,0.5764095187187195,-0.033202096819877625,0.7144543528556824,0.4678991138935089,-0.06624606996774673,0.7170345187187195,0.4010026752948761,-0.08851172775030136,0.721503734588623,0.3403743803501129,-0.10372310131788254,0.7638369202613831,0.5735253691673279,-0.03885823115706444,0.7603968381881714,0.44962918758392334,-0.07527412474155426,0.7572778463363647,0.37663736939430237,-0.09831418842077255,0.7561246156692505,0.31115835905075073,-0.11090919375419617,0.8074682950973511,0.6025708317756653,-0.04872974753379822,0.816686749458313,0.5188999772071838,-0.10051443427801132,0.7979229688644409,0.6003156304359436,-0.10434794425964355,0.7835973501205444,0.6611586809158325,-0.09349852055311203,0.8455156087875366,0.6529187560081482,-0.06130197271704674,0.842829704284668,0.6082208752632141,-0.10501128435134888,0.8245818614959717,0.667033314704895,-0.10466569662094116,0.8128731846809387,0.7142611742019653,-0.09456124156713486,u
0.7764639258384705,0.8445359468460083,5.987201916468621e-07,0.725226879119873,0.7958127856254578,-0.035521868616342545,0.702528178691864,0.7079625129699707,-0.0552251860499382,0.7401719689369202,0.633408784866333,-0.07529859244823456,0.7823849320411682,0.5871676802635193,-0.09359735995531082,0.718230664730072,0.5740334987640381,-0.030828382819890976,0.7164732813835144,0.46560925245285034,-0.06316018849611282,0.7187137007713318,0.39902254939079285,-0.08521237969398499,0.7229920625686646,0.3389457166194916,-0.10029523819684982,0.765823483467102,0.5714666247367859,-0.03699348121881485,0.7620694637298584,0.4472474753856659,-0.07323957234621048,0.758100688457489,0.3730284571647644,-0.0967596173286438,0.7564033269882202,0.30734047293663025,-0.10965874046087265,0.8093306422233582,0.6003440022468567,-0.047249920666217804,0.8172547221183777,0.5151601433753967,-0.09830111265182495,0.7983888983726501,0.5959457159042358,-0.10193125158548355,0.7839467525482178,0.6565101742744446,-0.09098191559314728,0.8473145961761475,0.650209903717041,-0.06015646085143089,0.8446829319000244,0.6029409766197205,-0.10257961601018906,0.8256503939628601,0.6612285375595093,-0.10150369256734848,0.8131017088890076,0.708297073841095,-0.09103283286094666,u
0.7766879796981812,0.8434327840805054,5.997287075842905e-07,0.7248085737228394,0.7948414087295532,-0.03797738626599312,0.7018128037452698,0.7078108191490173,-0.05867660045623779,0.7407100200653076,0.6317605376243591,-0.07902081310749054,0.7834459543228149,0.5831518769264221,-0.09737243503332138,0.7164598703384399,0.5723196268081665,-0.03265181556344032,0.7156699895858765,0.4633508026599884,-0.06557577848434448,0.7190234065055847,0.3966992199420929,-0.08756448328495026,0.7243701815605164,0.3367769420146942,-0.10224097222089767,0.7643802165985107,0.5694869160652161,-0.03742823377251625,0.7609837055206299,0.4454108476638794,-0.07363558560609818,0.7579202651977539,0.3732587695121765,-0.09617333859205246,0.7568777203559875,0.3095608651638031,-0.10800860822200775,0.8081815838813782,0.5983592867851257,-0.04661796987056732,0.8164663910865784,0.5168889760971069,-0.09809217602014542,0.798395037651062,0.5972417593002319,-0.10161304473876953,0.7846952080726624,0.6572105288505554,-0.09030841290950775,0.8460924625396729,0.6484391689300537,-0.058628033846616745,0.8435465693473816,0.6034740805625916,-0.10152138024568558,0.8250038623809814,0.6626519560813904,-0.10051202028989792,0.8129242062568665,0.7100983262062073,-0.08984272181987762,u
0.7775196433067322,0.8377372026443481,6.029011956343311e-07,0.7252194881439209,0.789453387260437,-0.03638942167162895,0.7026740908622742,0.7021854519844055,-0.05646266043186188,0.7398940920829773,0.6266239881515503,-0.07645590603351593,0.7804100513458252,0.5780545473098755,-0.09453502297401428,0.7151857018470764,0.5689812302589417,-0.03193847835063934,0.7148963809013367,0.4608157277107239,-0.06400083750486374,0.7170551419258118,0.39498454332351685,-0.08520963042974472,0.7204298377037048,0.3354223668575287,-0.09957084059715271,0.7628707885742188,0.5662640929222107,-0.037442054599523544,0.7611074447631836,0.44286221265792847,-0.07386358827352524,0.7579395771026611,0.3697358965873718,-0.09687058627605438,0.7559211850166321,0.30508360266685486,-0.1092454195022583,0.8061798214912415,0.5947758555412292,-0.047054946422576904,0.8158484697341919,0.5112411379814148,-0.09866532683372498,0.7991057634353638,0.591992199420929,-0.10227026790380478,0.785895586013794,0.6516793966293335,-0.09116900712251663,0.8438337445259094,0.6438249349594116,-0.05925523489713669,0.8413712382316589,0.5990352630615234,-0.10222640633583069,0.824336588382721,0.6585779190063477,-0.10140375792980194,0.8135474324226379,0.7055757641792297,-0.09099069982767105,u
0.7754784822463989,0.8386057019233704,6.29457872491912e-07,0.7238126397132874,0.7892862558364868,-0.03684031218290329,0.7014238238334656,0.702210009098053,-0.057503391057252884,0.7395754456520081,0.6274725794792175,-0.07832138985395432,0.7812336087226868,0.580077588558197,-0.09717448055744171,0.7159559726715088,0.5688204169273376,-0.03167390078306198,0.7149034142494202,0.46108096837997437,-0.06394129991531372,0.7171339988708496,0.3956787586212158,-0.08550164103507996,0.7213388681411743,0.33651202917099,-0.10017117857933044,0.7632031440734863,0.5661583542823792,-0.03734986111521721,0.759951651096344,0.4429517388343811,-0.0742143765091896,0.7569771409034729,0.3702456057071686,-0.09756743162870407,0.7563243508338928,0.3058076500892639,-0.1100846379995346,0.806578516960144,0.5958126783370972,-0.04725630208849907,0.8142480254173279,0.515775203704834,-0.09876198321580887,0.7948240041732788,0.5969967246055603,-0.10259169340133667,0.7801386713981628,0.6563244462013245,-0.0916655883193016,0.8438823819160461,0.645950436592102,-0.05990404263138771,0.8422908782958984,0.6015486121177673,-0.10265403985977173,0.8232300877571106,0.6588754653930664,-0.10202167928218842,0.8102001547813416,0.703930139541626,-0.09187827259302139,u
0.7736281752586365,0.8368656635284424,6.114586312833126e-07,0.720619797706604,0.7870103120803833,-0.03490952029824257,0.6953423619270325,0.6993067264556885,-0.05437226966023445,0.7346738576889038,0.6236222982406616,-0.07422412186861038,0.7787857055664062,0.5778715014457703,-0.09231376647949219,0.713925302028656,0.5691431760787964,-0.031237255781888962,0.7145757079124451,0.4609689712524414,-0.06303320825099945,0.7174059748649597,0.3946530520915985,-0.08482461422681808,0.7207852602005005,0.3346143662929535,-0.10030365735292435,0.7608315348625183,0.5660309791564941,-0.03767814487218857,0.7594181299209595,0.44183874130249023,-0.07298839837312698,0.7573747038841248,0.3683294951915741,-0.09603472054004669,0.7563329935073853,0.30277174711227417,-0.10938897728919983,0.8029882311820984,0.595915675163269,-0.048174239695072174,0.8126643896102905,0.5094269514083862,-0.09799286723136902,0.7958436608314514,0.5879656076431274,-0.10146396607160568,0.7823299169540405,0.6478109955787659,-0.09120971709489822,0.839677631855011,0.6474624276161194,-0.061352360993623734,0.8388984799385071,0.598535418510437,-0.10347343236207962,0.8206703066825867,0.6535518169403076,-0.10327637195587158,0.8075953125953674,0.699907660484314,-0.09399121254682541,u
0.7695228457450867,0.8357709646224976,6.084392225602642e-07,0.7178349494934082,0.7875573635101318,-0.03435355797410011,0.6909933090209961,0.6982329487800598,-0.0539061538875103,0.7290682196617126,0.6220995187759399,-0.07370415329933167,0.7740494608879089,0.5791110992431641,-0.09236083179712296,0.7124423384666443,0.5710575580596924,-0.03470391780138016,0.7129855155944824,0.46062660217285156,-0.0669192299246788,0.7179840803146362,0.3931419849395752,-0.08900877088308334,0.724158525466919,0.3327333927154541,-0.10473858565092087,0.7590631246566772,0.5687491297721863,-0.04112917557358742,0.7568688988685608,0.44131171703338623,-0.07572904974222183,0.7559815049171448,0.3680003881454468,-0.09877528995275497,0.7569431662559509,0.30366843938827515,-0.11263308674097061,0.8013491630554199,0.5977466702461243,-0.051117461174726486,0.8097937703132629,0.5080914497375488,-0.09868449717760086,0.790408194065094,0.5813751816749573,-0.10298125445842743,0.7754180431365967,0.6401739716529846,-0.0945759266614914,0.8387856483459473,0.6471812725067139,-0.06376951932907104,0.833869993686676,0.6022745966911316,-0.1049395203590393,0.813828706741333,0.6565292477607727,-0.10571708530187607,0.800518810749054,0.7034688591957092,-0.09782399237155914,u
0.7692372798919678,0.8343851566314697,6.105460670369212e-07,0.7176911234855652,0.7839184403419495,-0.032622355967760086,0.6906896233558655,0.694631040096283,-0.05152572691440582,0.7286388874053955,0.6197377443313599,-0.07110024988651276,0.7741454243659973,0.5788211226463318,-0.08928685635328293,0.7121673226356506,0.5698568820953369,-0.03216812014579773,0.7131931185722351,0.45956647396087646,-0.06383432447910309,0.7184334993362427,0.3924891948699951,-0.08539015054702759,0.7248167395591736,0.33258557319641113,-0.10051818937063217,0.7592071294784546,0.5673578977584839,-0.039080485701560974,0.7571724653244019,0.44020891189575195,-0.07343806326389313,0.7560805082321167,0.3668942451477051,-0.09582364559173584,0.7573108673095703,0.30309706926345825,-0.10867874324321747,0.802176833152771,0.5958311557769775,-0.04939572513103485,0.8084636926651001,0.5120627284049988,-0.09577257931232452,0.7871978282928467,0.5868881940841675,-0.09812609851360321,0.7715505957603455,0.6459469199180603,-0.08810563385486603,0.8400706648826599,0.6444348096847534,-0.062426771968603134,0.8338785171508789,0.6029913425445557,-0.10170663148164749,0.8126410841941833,0.6574135422706604,-0.100455142557621,0.7990009188652039,0.7037029266357422,-0.09092284739017487,u
0.7663931846618652,0.8365840315818787,6.325209938040643e-07,0.7122142314910889,0.7854858636856079,-0.03269883990287781,0.6855722069740295,0.6946225166320801,-0.0521811842918396,0.725074052810669,0.6187960505485535,-0.07237059623003006,0.7705397009849548,0.5762776732444763,-0.09127562493085861,0.7110816240310669,0.5725940465927124,-0.033203158527612686,0.7122567296028137,0.46124333143234253,-0.06542553752660751,0.7175097465515137,0.3939439058303833,-0.0869743824005127,0.7233935594558716,0.33390602469444275,-0.10187844932079315,0.7573924660682678,0.5706754922866821,-0.04032684117555618,0.75653076171875,0.4405314326286316,-0.0755189061164856,0.7562220692634583,0.36603280901908875,-0.09791692346334457,0.7576202750205994,0.30253908038139343,-0.11048119515180588,0.8000200986862183,0.5993671417236328,-0.050844956189394,0.8020018935203552,0.516030490398407,-0.09766335040330887,0.7794402241706848,0.5881178379058838,-0.10038990527391434,0.764014482498169,0.6466395258903503,-0.09042230993509293,0.8374450206756592,0.6474965214729309,-0.06400507688522339,0.8280453085899353,0.604084849357605,-0.1026420071721077,0.8054729700088501,0.6566656827926636,-0.10088670998811722,0.7916470170021057,0.7028117775917053,-0.0911240428686142,u
0.7672297358512878,0.833926260471344,6.16254908436531e-07,0.7133086323738098,0.785737931728363,-0.032271139323711395,0.6846064329147339,0.6950113773345947,-0.051613230258226395,0.7225764393806458,0.6196810007095337,-0.07142578065395355,0.7692134380340576,0.57753986120224,-0.08995168656110764,0.7107545137405396,0.5710140466690063,-0.03492390736937523,0.7119452953338623,0.4595492482185364,-0.06706670671701431,0.7179234623908997,0.3925171196460724,-0.08838444948196411,0.7247843146324158,0.33303484320640564,-0.10313094407320023,0.7572870254516602,0.5687581300735474,-0.04178093746304512,0.7567117214202881,0.43833643198013306,-0.07575663179159164,0.7558243870735168,0.36529314517974854,-0.09741584956645966,0.7563446760177612,0.30291059613227844,-0.109748974442482,0.7999470829963684,0.5964323878288269,-0.05181411653757095,0.8010393977165222,0.5147989988327026,-0.09688379615545273,0.7787747979164124,0.5849136114120483,-0.09953948110342026,0.7635024785995483,0.6417846083641052,-0.09016768634319305,0.8373924493789673,0.6434424519538879,-0.06449143588542938,0.8256712555885315,0.6053102612495422,-0.10195107758045197,0.8041356801986694,0.6574937701225281,-0.10048070549964905,0.7919852137565613,0.7027395963668823,-0.09124495089054108,u
0.7635005712509155,0.8287091851234436,6.216757242327731e-07,0.7076342105865479,0.7844211459159851,-0.029835987836122513,0.6751964688301086,0.6950962543487549,-0.04994628205895424,0.7047991156578064,0.6189125776290894,-0.07142768055200577,0.752665638923645,0.5829595923423767,-0.09206777065992355,0.7145525813102722,0.5757642984390259,-0.035573672503232956,0.7164899110794067,0.4631803035736084,-0.06811564415693283,0.7227870225906372,0.3957901895046234,-0.0892350897192955,0.7308384776115417,0.33562928438186646,-0.10353617370128632,0.7586361169815063,0.5755816102027893,-0.043604977428913116,0.7595335841178894,0.44067251682281494,-0.07776109874248505,0.758492112159729,0.36543822288513184,-0.09808515757322311,0.7602173089981079,0.30236929655075073,-0.10917647182941437,0.8001547455787659,0.6016238331794739,-0.05443514138460159,0.7940812706947327,0.5163516402244568,-0.09909074008464813,0.7662928700447083,0.5892683267593384,-0.09928009659051895,0.750551164150238,0.6497655510902405,-0.08779203146696091,0.8366590738296509,0.6452195644378662,-0.06778980791568756,0.8136075735092163,0.6046077609062195,-0.10345582664012909,0.7886945605278015,0.656778872013092,-0.09996721893548965,0.7785496711730957,0.7031210064888,-0.08934856206178665,u
0.7640455961227417,0.8287544250488281,5.93678350924165e-07,0.7073124647140503,0.7842499613761902,-0.02876771241426468,0.6748003363609314,0.6944739818572998,-0.0478883758187294,0.7049548029899597,0.6197552680969238,-0.0686468854546547,0.7537139654159546,0.5857545137405396,-0.08851529657840729,0.715591549873352,0.5759060382843018,-0.033316727727651596,0.7173019051551819,0.4638628363609314,-0.06610064208507538,0.723129153251648,0.39650991559028625,-0.08733626455068588,0.7301720976829529,0.3367074429988861,-0.10161884129047394,0.7598833441734314,0.575377881526947,-0.04179186746478081,0.760613203048706,0.44039517641067505,-0.07617992162704468,0.759696364402771,0.36615651845932007,-0.09618629515171051,0.761224627494812,0.30367931723594666,-0.10652223974466324,0.8009368181228638,0.6015998125076294,-0.05324724689126015,0.7942719459533691,0.5160772800445557,-0.09937401860952377,0.766932487487793,0.5893579125404358,-0.10052540898323059,0.7516921758651733,0.6498545408248901,-0.08876542001962662,0.8371281027793884,0.6454798579216003,-0.06698679178953171,0.8140980005264282,0.6056787371635437,-0.10400176793336868,0.7881981134414673,0.6575636267662048,-0.1015813872218132,0.7772963047027588,0.7029893398284912,-0.09114882349967957,u
0.7579049468040466,0.8228120803833008,6.593956527467526e-07,0.7025987505912781,0.7729535102844238,-0.024404888972640038,0.6687527298927307,0.6866146922111511,-0.04528393968939781,0.6897904872894287,0.6167334914207458,-0.06907083839178085,0.7351586222648621,0.5802323818206787,-0.09211919456720352,0.7241522073745728,0.5704668760299683,-0.03439681977033615,0.7277079820632935,0.45724305510520935,-0.06838405132293701,0.7350826263427734,0.38901180028915405,-0.08863910287618637,0.7457146048545837,0.32906150817871094,-0.1007964164018631,0.7690243721008301,0.5720072984695435,-0.04579787701368332,0.7718102931976318,0.4322465658187866,-0.07978077232837677,0.7726660966873169,0.35603368282318115,-0.09669934958219528,0.7769768834114075,0.2925775647163391,-0.10356546193361282,0.809554398059845,0.6001949310302734,-0.0597958080470562,0.7836958169937134,0.5233281850814819,-0.10606531798839569,0.7491353154182434,0.5962318181991577,-0.10558900237083435,0.7338290214538574,0.6573044061660767,-0.09153833240270615,0.8416224122047424,0.6463935375213623,-0.07560314238071442,0.7976739406585693,0.6108991503715515,-0.11039555072784424,0.7646549344062805,0.6581779718399048,-0.10569091141223907,0.752467930316925,0.699948787689209,-0.09334039688110352,u
0.758029580116272,0.8225330710411072,5.690815783054859e-07,0.702282190322876,0.7714844346046448,-0.024272289127111435,0.6692091822624207,0.6808819770812988,-0.04330870136618614,0.6915353536605835,0.6110265851020813,-0.06565911322832108,0.7385449409484863,0.5800410509109497,-0.08687059581279755,0.7219589352607727,0.5655356645584106,-0.030794186517596245,0.7261477708816528,0.45162123441696167,-0.06368453055620193,0.7343948483467102,0.385969340801239,-0.08273281902074814,0.7446656227111816,0.328297883272171,-0.09422194957733154,0.766895592212677,0.5678659677505493,-0.041751403361558914,0.7727978825569153,0.43184927105903625,-0.07675313949584961,0.7726653814315796,0.35699033737182617,-0.09473317861557007,0.7740553617477417,0.29400724172592163,-0.10204232484102249,0.8073351383209229,0.5971322059631348,-0.05549640953540802,0.7835441827774048,0.5233065485954285,-0.1018194630742073,0.7502914071083069,0.596500039100647,-0.10188955068588257,0.7350539565086365,0.6562201976776123,-0.08811398595571518,0.8398186564445496,0.6435922384262085,-0.07129489630460739,0.8012328743934631,0.6101348996162415,-0.10516093671321869,0.7668994069099426,0.6551457643508911,-0.10149502009153366,0.7515302300453186,0.694865345954895,-0.09013278037309647,u
0.7564486861228943,0.8211096525192261,6.875961275909503e-07,0.6989830732345581,0.7638343572616577,-0.022513192147016525,0.6639232635498047,0.6802335977554321,-0.04337644949555397,0.6798266172409058,0.6093249320983887,-0.0681123286485672,0.724748432636261,0.5774028301239014,-0.09113246947526932,0.7230960130691528,0.5688602924346924,-0.031079627573490143,0.7303335070610046,0.45016539096832275,-0.06556859612464905,0.741974413394928,0.3824869692325592,-0.08536072820425034,0.7571142911911011,0.3247958719730377,-0.09681288152933121,0.7674326300621033,0.5703516006469727,-0.04198590666055679,0.7746873497962952,0.43285924196243286,-0.07761318236589432,0.7781165242195129,0.35642915964126587,-0.09538321942090988,0.7841938734054565,0.2939985394477844,-0.10230831801891327,0.8070220351219177,0.597608208656311,-0.05554616078734398,0.7759729027748108,0.525689423084259,-0.09805908054113388,0.7409024834632874,0.5891777276992798,-0.09592048823833466,0.7250102758407593,0.6449318528175354,-0.08119626343250275,0.8374382853507996,0.6417511701583862,-0.07151973247528076,0.793785035610199,0.6113582849502563,-0.1000608280301094,0.762173593044281,0.6386191844940186,-0.09542183578014374,0.7490851283073425,0.664566695690155,-0.08390685170888901,u
0.7549729943275452,0.8189409971237183,6.83151029079454e-07,0.6986374258995056,0.7630633115768433,-0.02310149557888508,0.6645530462265015,0.6792716979980469,-0.044163722544908524,0.6796864867210388,0.6084599494934082,-0.0688898116350174,0.7245388627052307,0.5764004588127136,-0.09193409234285355,0.7241484522819519,0.5668992400169373,-0.03151242434978485,0.7304819822311401,0.44930607080459595,-0.06608792394399643,0.7418591976165771,0.3817657232284546,-0.08555939793586731,0.756898820400238,0.3245861232280731,-0.09652823209762573,0.7684347033500671,0.5681758522987366,-0.04224986582994461,0.775239109992981,0.4313984513282776,-0.07772158831357956,0.7780752778053284,0.35619544982910156,-0.09473984688520432,0.7837686538696289,0.2950751781463623,-0.10067470371723175,0.8076877593994141,0.5954751372337341,-0.05571451038122177,0.7728071212768555,0.5268484354019165,-0.09883806854486465,0.7372517585754395,0.5908862948417664,-0.09664706140756607,0.7226619124412537,0.64650559425354,-0.08140217512845993,0.836668848991394,0.6398460865020752,-0.0715448334813118,0.7898149490356445,0.6123089790344238,-0.10045207291841507,0.7606508135795593,0.6452255249023438,-0.09527509659528732,0.7521819472312927,0.6759738326072693,-0.08299948275089264,u
0.7462577819824219,0.8089057803153992,7.245254778354138e-07,0.6914524435997009,0.7505906820297241,-0.022247083485126495,0.6599973440170288,0.6695368885993958,-0.043858177959918976,0.6716738343238831,0.6020432114601135,-0.06949128210544586,0.7170449495315552,0.5741148591041565,-0.09315068274736404,0.7234330177307129,0.552579402923584,-0.02904736064374447,0.7325770258903503,0.43972262740135193,-0.0637994110584259,0.7447172403335571,0.37448856234550476,-0.08379122614860535,0.7611184120178223,0.31948181986808777,-0.095329649746418,0.768103837966919,0.5578235387802124,-0.04123726487159729,0.7757475972175598,0.42559999227523804,-0.07710811495780945,0.780173659324646,0.3528038263320923,-0.09487591683864594,0.7879443764686584,0.291717529296875,-0.1014125645160675,0.8060903549194336,0.5893883109092712,-0.05624210089445114,0.7656159400939941,0.5235298871994019,-0.10016462206840515,0.7298822402954102,0.5892207622528076,-0.09716937690973282,0.7170215249061584,0.6428343057632446,-0.08124129474163055,0.8310800790786743,0.6378011703491211,-0.07364627718925476,0.7783311605453491,0.6115792989730835,-0.10343746095895767,0.7504408955574036,0.6455457806587219,-0.09816815704107285,0.7452805638313293,0.674379825592041,-0.0856516882777214,u
0.7481602430343628,0.8085607290267944,6.878806289023487e-07,0.6931673884391785,0.7495994567871094,-0.021382752805948257,0.6616373062133789,0.6684068441390991,-0.04210143908858299,0.6710991263389587,0.6003594398498535,-0.06732287257909775,0.715016782283783,0.5755964517593384,-0.09048891812562943,0.7227789163589478,0.552506148815155,-0.026976652443408966,0.7315673232078552,0.4394424557685852,-0.061896104365587234,0.7435863614082336,0.37399399280548096,-0.08228009194135666,0.7592554092407227,0.3194865584373474,-0.09461590647697449,0.766980767250061,0.5571408271789551,-0.03976847231388092,0.7752438187599182,0.4270240068435669,-0.07716606557369232,0.7788415551185608,0.35431134700775146,-0.0959683209657669,0.7853504419326782,0.29287728667259216,-0.10327562689781189,0.8045879602432251,0.5893329381942749,-0.05541706085205078,0.7641923427581787,0.520937442779541,-0.09942135214805603,0.728571891784668,0.585313618183136,-0.09546370804309845,0.7158486247062683,0.6372109055519104,-0.07916858792304993,0.828923225402832,0.6387923955917358,-0.07365354150533676,0.7798663973808289,0.6125962734222412,-0.1033666729927063,0.7553386688232422,0.6420011520385742,-0.09828989207744598,0.7534250020980835,0.6663340330123901,-0.08611094206571579,u
0.75052410364151,0.8022438287734985,7.682931482122513e-07,0.6952590346336365,0.7350291013717651,-0.019004086032509804,0.6642376184463501,0.6570322513580322,-0.04033960402011871,0.6610224843025208,0.5950928330421448,-0.06670478731393814,0.700686514377594,0.571894109249115,-0.0905790776014328,0.7330490946769714,0.5394139289855957,-0.02487761713564396,0.7425359487533569,0.431430459022522,-0.06033553555607796,0.7540557384490967,0.3669738173484802,-0.08210007846355438,0.7699658870697021,0.3141673803329468,-0.0955629050731659,0.774567723274231,0.5479094982147217,-0.039836131036281586,0.7797927260398865,0.421347439289093,-0.07789605855941772,0.7861351370811462,0.3473657965660095,-0.09871997684240341,0.7952529788017273,0.28572359681129456,-0.10777205973863602,0.8069351315498352,0.5826156139373779,-0.05732089281082153,0.7556712627410889,0.5147780179977417,-0.099888876080513,0.7243506908416748,0.5759122967720032,-0.09491433948278427,0.7157408595085144,0.6250812411308289,-0.07874612510204315,0.8222313523292542,0.6337313055992126,-0.07745964080095291,0.7603249549865723,0.6105552315711975,-0.10588652640581131,0.7358900904655457,0.6426940560340881,-0.09957389533519745,0.7348224520683289,0.6684238314628601,-0.08677888661623001,u
0.7517076730728149,0.8011186122894287,7.74775912759651e-07,0.6973341107368469,0.7331444621086121,-0.01844237558543682,0.6670535206794739,0.6511605381965637,-0.039175521582365036,0.6604185104370117,0.5873008966445923,-0.0651954635977745,0.6998065710067749,0.5640828609466553,-0.08838038146495819,0.7375485301017761,0.5369114279747009,-0.02343505062162876,0.745573878288269,0.42750975489616394,-0.0583103783428669,0.7570228576660156,0.36201369762420654,-0.0793965756893158,0.7730721235275269,0.31100380420684814,-0.09258170425891876,0.779866635799408,0.5483669638633728,-0.03865473344922066,0.7842068076133728,0.42242103815078735,-0.07875620573759079,0.7899500727653503,0.34697088599205017,-0.10193020105361938,0.7989198565483093,0.2865363359451294,-0.11246843636035919,0.8094096779823303,0.5833204984664917,-0.05609670653939247,0.7488867044448853,0.5152727961540222,-0.09833414852619171,0.7186528444290161,0.5758427977561951,-0.09236045181751251,0.712810754776001,0.6229519248008728,-0.07588712871074677,0.8196288347244263,0.632012128829956,-0.07634172588586807,0.7483175992965698,0.6102098226547241,-0.10379652678966522,0.7269435524940491,0.6461172103881836,-0.09704840928316116,0.7303219437599182,0.6737123131752014,-0.08421267569065094,u
0.7515727281570435,0.8010967373847961,7.402472874673549e-07,0.698150098323822,0.7356817722320557,-0.01877063699066639,0.6675443053245544,0.6527332067489624,-0.038955554366111755,0.6615568399429321,0.5875808000564575,-0.064274363219738,0.7003090977668762,0.5625178217887878,-0.08683311939239502,0.7375166416168213,0.5380895137786865,-0.023868348449468613,0.7453659176826477,0.42844152450561523,-0.058793943375349045,0.756834089756012,0.3629337251186371,-0.0798313096165657,0.7731204032897949,0.31149646639823914,-0.09297384321689606,0.7793737649917603,0.5486696362495422,-0.03860142454504967,0.7837837338447571,0.4220961034297943,-0.0784398689866066,0.7893766760826111,0.3469105660915375,-0.10123208165168762,0.7984265089035034,0.2862890064716339,-0.11148058623075485,0.8090022206306458,0.5830963253974915,-0.05559258535504341,0.7487785220146179,0.5142259001731873,-0.09821350872516632,0.7171751260757446,0.5757718682289124,-0.0928252562880516,0.7104015946388245,0.624302089214325,-0.07664033770561218,0.8196415901184082,0.6315558552742004,-0.07537999004125595,0.7482683658599854,0.6101839542388916,-0.1039055809378624,0.7254112958908081,0.646709144115448,-0.0982600748538971,0.7274520993232727,0.6753457188606262,-0.08603326231241226,u
0.7509189248085022,0.7990009188652039,7.629915330653603e-07,0.6965256333351135,0.7323390245437622,-0.019133174791932106,0.6660345196723938,0.6484926342964172,-0.039781101047992706,0.6604363322257996,0.5844245553016663,-0.06539250910282135,0.6999924182891846,0.5613440275192261,-0.0881764218211174,0.7370128035545349,0.5368151068687439,-0.025372343137860298,0.7449055910110474,0.42719578742980957,-0.06037387624382973,0.7565434575080872,0.361014723777771,-0.0814579650759697,0.7723404169082642,0.30959951877593994,-0.09493839740753174,0.7790988683700562,0.549085259437561,-0.040603045374155045,0.7847682237625122,0.4211462140083313,-0.08141379058361053,0.79001384973526,0.3451036214828491,-0.10524529963731766,0.7983415126800537,0.2847408354282379,-0.11644892394542694,0.8081905245780945,0.5844200253486633,-0.057907190173864365,0.7480947375297546,0.5120125412940979,-0.10127919912338257,0.7185055017471313,0.5747826099395752,-0.09524564445018768,0.713847279548645,0.6233446002006531,-0.07874687761068344,0.8184683322906494,0.632929265499115,-0.0779331773519516,0.7447183132171631,0.6080853343009949,-0.1074109822511673,0.7223309874534607,0.6479753851890564,-0.10103818774223328,0.7253329753875732,0.6794162392616272,-0.08829230815172195,u
0.7501158118247986,0.7974523305892944,7.49151183754293e-07,0.696675181388855,0.7322241067886353,-0.01889411360025406,0.6663650274276733,0.6488625407218933,-0.038950804620981216,0.6613942384719849,0.5853026509284973,-0.06390293687582016,0.6998266577720642,0.5619096755981445,-0.08611808717250824,0.7361156344413757,0.5355626344680786,-0.025157451629638672,0.7445998191833496,0.4262421131134033,-0.0596117302775383,0.7565242052078247,0.3604733347892761,-0.08007637411355972,0.7727761268615723,0.3092712163925171,-0.09301881492137909,0.7782883048057556,0.5474516153335571,-0.04002770408987999,0.7838044166564941,0.4196222722530365,-0.07993630319833755,0.7896129488945007,0.3444555103778839,-0.10286950320005417,0.7985963821411133,0.2846579849720001,-0.11342087388038635,0.8079380393028259,0.5827521681785583,-0.05698768422007561,0.7482612729072571,0.511906623840332,-0.10026835650205612,0.7183173894882202,0.5754918456077576,-0.0947243869304657,0.7128928303718567,0.6252681016921997,-0.07843979448080063,0.8191861510276794,0.6317723393440247,-0.07658954709768295,0.746188759803772,0.6078100204467773,-0.10652372986078262,0.7229092717170715,0.6471492648124695,-0.10089252889156342,0.7243513464927673,0.6781537532806396,-0.08854908496141434,u
0.7531459331512451,0.7979919910430908,7.657658898096997e-07,0.6978578567504883,0.7317757606506348,-0.019701877608895302,0.666925847530365,0.6503300666809082,-0.040892913937568665,0.660144567489624,0.5876417756080627,-0.06713762134313583,0.6987158060073853,0.5629088878631592,-0.09048403054475784,0.7369427680969238,0.5367713570594788,-0.025607800111174583,0.7449262142181396,0.4255014657974243,-0.060965798795223236,0.7565237283706665,0.3589148223400116,-0.08251472562551498,0.7723258137702942,0.30756378173828125,-0.0962919294834137,0.778772234916687,0.5493671894073486,-0.04065237566828728,0.7833231091499329,0.42080968618392944,-0.08226391673088074,0.7886170148849487,0.3442932963371277,-0.10702504962682724,0.7968732714653015,0.28400173783302307,-0.1188044399023056,0.8075787425041199,0.5850642919540405,-0.05779283121228218,0.7488189935684204,0.510847270488739,-0.10194788128137589,0.7175776362419128,0.5730301737785339,-0.09644553810358047,0.7106419205665588,0.6225121021270752,-0.0800323560833931,0.8171283602714539,0.6334769129753113,-0.0776786357164383,0.7457823753356934,0.6064118146896362,-0.10781602561473846,0.7220302820205688,0.6437413692474365,-0.10188271105289459,0.7228829264640808,0.6743406653404236,-0.089203841984272,u
0.7519619464874268,0.796567976474762,7.465969815712015e-07,0.6976386904716492,0.7302819490432739,-0.019017254933714867,0.667044460773468,0.6489943265914917,-0.03946302458643913,0.6616197824478149,0.5859768390655518,-0.0648973360657692,0.70096755027771,0.5613250732421875,-0.08759457617998123,0.736329972743988,0.5356502532958984,-0.02428615279495716,0.7429490089416504,0.42732810974121094,-0.059424854815006256,0.75420081615448,0.36167478561401367,-0.08098956942558289,0.7703405022621155,0.31064385175704956,-0.09460972994565964,0.778536319732666,0.5477578639984131,-0.039356082677841187,0.7814211249351501,0.42111635208129883,-0.07996267080307007,0.7874118685722351,0.3454766571521759,-0.10370966792106628,0.7974109649658203,0.2848051190376282,-0.11466075479984283,0.8082876205444336,0.5838000178337097,-0.05659906938672066,0.7487455606460571,0.5138052105903625,-0.09968644380569458,0.7173677682876587,0.5729249715805054,-0.09419109672307968,0.711046576499939,0.6195811629295349,-0.07799671590328217,0.8188853859901428,0.6332518458366394,-0.07657333463430405,0.7476098537445068,0.608197808265686,-0.10564877092838287,0.723362147808075,0.6435797810554504,-0.09917529672384262,0.7242298722267151,0.6723527908325195,-0.08628762513399124,u
0.7532355189323425,0.7979892492294312,7.586883157273405e-07,0.697078287601471,0.7307343482971191,-0.01977659948170185,0.6662187576293945,0.6504083871841431,-0.04133499041199684,0.6588166952133179,0.5881837606430054,-0.06748853623867035,0.6950135231018066,0.5624401569366455,-0.09075459837913513,0.7392770648002625,0.5393029451370239,-0.027948549017310143,0.7453641891479492,0.42959821224212646,-0.06314151734113693,0.7563043832778931,0.3630765974521637,-0.08433578163385391,0.7713341116905212,0.31136447191238403,-0.09773655980825424,0.7803611755371094,0.5522618889808655,-0.04281623288989067,0.7820872664451599,0.42267340421676636,-0.0841011181473732,0.7872321009635925,0.3458225429058075,-0.10839047282934189,0.7955513000488281,0.2852048873901367,-0.11982764303684235,0.8082231283187866,0.5877068042755127,-0.05954934284090996,0.7465848922729492,0.5150816440582275,-0.1035386249423027,0.7170706987380981,0.5737935304641724,-0.09860503673553467,0.7110559940338135,0.6207240223884583,-0.08271487057209015,0.816731870174408,0.6353448629379272,-0.07889948040246964,0.7432408928871155,0.6079609394073486,-0.10886440426111221,0.7199761867523193,0.6442630290985107,-0.10274891555309296,0.7205120325088501,0.6744004487991333,-0.08999598771333694,u
0.7519333958625793,0.7967389225959778,7.371799597422068e-07,0.6973159909248352,0.7315171360969543,-0.018891610205173492,0.6670279502868652,0.6499351859092712,-0.03901921585202217,0.6603309512138367,0.5853075981140137,-0.06388396769762039,0.6980019807815552,0.5611121654510498,-0.08580118417739868,0.737610399723053,0.5386446714401245,-0.025414330884814262,0.7443585395812988,0.42877763509750366,-0.060161568224430084,0.7553266882896423,0.3624733090400696,-0.08075538277626038,0.77057284116745,0.3114106357097626,-0.09367553889751434,0.77913898229599,0.5501915812492371,-0.040063824504613876,0.7810657024383545,0.4216293692588806,-0.08093790709972382,0.7865685224533081,0.34571754932403564,-0.10444772243499756,0.7959058880805969,0.28553640842437744,-0.11499332636594772,0.8080641627311707,0.5848312973976135,-0.056690432131290436,0.7457119226455688,0.5155709981918335,-0.09932626038789749,0.7166962623596191,0.5730039477348328,-0.09403818100690842,0.7118268609046936,0.6177659034729004,-0.07805902510881424,0.8177089095115662,0.6318103075027466,-0.07604643702507019,0.7434199452400208,0.6099648475646973,-0.10480617731809616,0.7207607626914978,0.6439090967178345,-0.09919129312038422,0.722524881362915,0.669992208480835,-0.08695892244577408,u
0.7517775297164917,0.7978923320770264,7.00948305620841e-07,0.6974484324455261,0.7314760088920593,-0.018933486193418503,0.665951132774353,0.651606023311615,-0.0394970141351223,0.6586548686027527,0.5905260443687439,-0.06453938782215118,0.6938784718513489,0.5641922354698181,-0.08714774996042252,0.7376176714897156,0.5374953150749207,-0.027387136593461037,0.7455801963806152,0.430096298456192,-0.0613894946873188,0.7553339600563049,0.3647933602333069,-0.08157885819673538,0.7691727876663208,0.31245848536491394,-0.09393995255231857,0.7778559327125549,0.5496571063995361,-0.041629645973443985,0.780596137046814,0.4230884909629822,-0.07932975888252258,0.7844712138175964,0.3480098247528076,-0.10026925057172775,0.791170597076416,0.28659868240356445,-0.10946303606033325,0.8065427541732788,0.5851219296455383,-0.057863734662532806,0.7457764744758606,0.5164260268211365,-0.10061688721179962,0.7173216938972473,0.5757640600204468,-0.0971856638789177,0.7118068337440491,0.6240667104721069,-0.08232545107603073,0.8161236047744751,0.6346102356910706,-0.07642212510108948,0.7436884641647339,0.6104838252067566,-0.10622153431177139,0.7204341888427734,0.6454855799674988,-0.10136743634939194,0.7207151651382446,0.674966037273407,-0.08946513384580612,u
0.7509825229644775,0.7974642515182495,7.028641562101257e-07,0.6974186897277832,0.7322748899459839,-0.019144466146826744,0.666061520576477,0.65168696641922,-0.03948410972952843,0.6593880653381348,0.5878024697303772,-0.06426603347063065,0.6961577534675598,0.5626693964004517,-0.08639207482337952,0.7373775839805603,0.5386932492256165,-0.026823634281754494,0.7435966730117798,0.43053609132766724,-0.061255134642124176,0.7539845705032349,0.36520910263061523,-0.0816410481929779,0.7690980434417725,0.3138771057128906,-0.09410157799720764,0.7781344652175903,0.5500755310058594,-0.040789082646369934,0.7787340879440308,0.4224541187286377,-0.07952166348695755,0.7832164168357849,0.3470243215560913,-0.10125597566366196,0.791691780090332,0.2865915596485138,-0.1107809990644455,0.8069688081741333,0.585098922252655,-0.05676787346601486,0.7468143701553345,0.5177541375160217,-0.09899837523698807,0.7173578143119812,0.5744614601135254,-0.09503726661205292,0.7110490202903748,0.6206838488578796,-0.07998762279748917,0.8170880079269409,0.6337735652923584,-0.07527464628219604,0.7450399994850159,0.6130518317222595,-0.10432551801204681,0.7212280035018921,0.6463475823402405,-0.0995074063539505,0.7209885120391846,0.6735675930976868,-0.08777777850627899,u
0.7522985339164734,0.8009657263755798,7.112769253581064e-07,0.6961870193481445,0.7347341775894165,-0.018780503422021866,0.6637489795684814,0.6529484987258911,-0.03881310671567917,0.6561217904090881,0.5906091928482056,-0.06357148289680481,0.6911826133728027,0.5698859691619873,-0.0854954719543457,0.7383255958557129,0.5372370481491089,-0.024205319583415985,0.7427549362182617,0.4296713173389435,-0.05678867921233177,0.7515863180160522,0.3635225296020508,-0.07653630524873734,0.7642326354980469,0.3110811412334442,-0.08946619182825089,0.7797015905380249,0.5507112145423889,-0.03953942656517029,0.777199923992157,0.4245801568031311,-0.07853571325540543,0.7800202369689941,0.34920167922973633,-0.10166139155626297,0.7862221598625183,0.28879514336586,-0.11263314634561539,0.807771623134613,0.5861583352088928,-0.05687270313501358,0.7424354553222656,0.5190015435218811,-0.09987093508243561,0.7141148447990417,0.5792518854141235,-0.09575045108795166,0.7092085480690002,0.6264891624450684,-0.08077815920114517,0.8154848217964172,0.6339746713638306,-0.07682227343320847,0.7389091849327087,0.6102972626686096,-0.10641852766275406,0.7153287529945374,0.6502711772918701,-0.10097790509462357,0.7153399586677551,0.6826502680778503,-0.08902305364608765,u
0.7498260140419006,0.799304187297821,7.019252734608017e-07,0.6970163583755493,0.7344040870666504,-0.019141893833875656,0.6653474569320679,0.6525266766548157,-0.038310274481773376,0.6582688093185425,0.5907121896743774,-0.06188105046749115,0.6943134665489197,0.5668756365776062,-0.0827220231294632,0.7349949479103088,0.538061797618866,-0.023568712174892426,0.7409120798110962,0.4302724003791809,-0.05560247227549553,0.7499812841415405,0.36467617750167847,-0.0745171457529068,0.7634028196334839,0.31286418437957764,-0.08641001582145691,0.7761752605438232,0.5499700903892517,-0.037651777267456055,0.7757616639137268,0.423667848110199,-0.07516079396009445,0.7794966697692871,0.3487098813056946,-0.0969495102763176,0.7871003150939941,0.28855881094932556,-0.10666505992412567,0.805356502532959,0.5841455459594727,-0.053821444511413574,0.7429714202880859,0.5186992287635803,-0.0962357297539711,0.7142074704170227,0.5791832208633423,-0.09290064871311188,0.7088268995285034,0.6277759671211243,-0.0782335177063942,0.8147663474082947,0.6311149001121521,-0.07248865813016891,0.7392011284828186,0.6116311550140381,-0.10229645669460297,0.7161677479743958,0.652397096157074,-0.09768928587436676,0.7172290682792664,0.6854454278945923,-0.08603178709745407,u
0.7491938471794128,0.7993905544281006,6.991920713517175e-07,0.6942113041877747,0.7335578203201294,-0.01928299106657505,0.662673830986023,0.6538137197494507,-0.03963424265384674,0.6555497646331787,0.5932183861732483,-0.06452685594558716,0.691657543182373,0.5691723227500916,-0.08672487735748291,0.735283374786377,0.537672221660614,-0.02489529550075531,0.7401126623153687,0.4307359457015991,-0.05808110907673836,0.7486782073974609,0.3656628727912903,-0.07793431729078293,0.7618534564971924,0.3142109811306,-0.09038842469453812,0.7770404815673828,0.5496981143951416,-0.039285290986299515,0.7757164239883423,0.4239080548286438,-0.07750771939754486,0.777769148349762,0.3491400480270386,-0.09971103817224503,0.7836673855781555,0.2890101671218872,-0.10979024320840836,0.8058497309684753,0.5845183730125427,-0.05581323802471161,0.7407330870628357,0.5207237601280212,-0.0981939435005188,0.7126721143722534,0.5808137655258179,-0.09460049867630005,0.7082239985466003,0.628467857837677,-0.0798880010843277,0.8140818476676941,0.6323360800743103,-0.07489508390426636,0.7380859851837158,0.611522912979126,-0.10376680642366409,0.7150497436523438,0.6500210762023926,-0.09852627664804459,0.7159206867218018,0.6809507012367249,-0.08666931837797165,u
0.7484413385391235,0.7988264560699463,6.793495117562998e-07,0.6945526599884033,0.7350366711616516,-0.018705448135733604,0.6631696820259094,0.65440434217453,-0.03801009804010391,0.6568706035614014,0.5935053825378418,-0.0619649775326252,0.6936337351799011,0.5696596503257751,-0.08327043801546097,0.734483540058136,0.5379114151000977,-0.02287307381629944,0.7397772669792175,0.430978000164032,-0.05547289550304413,0.748558521270752,0.3658948540687561,-0.07473169267177582,0.7619915008544922,0.3148258328437805,-0.08656851202249527,0.7754940986633301,0.5491557121276855,-0.03705616295337677,0.7747898101806641,0.4237920045852661,-0.07438431680202484,0.7773686647415161,0.34951770305633545,-0.09559086710214615,0.7839670181274414,0.2893828749656677,-0.10473062098026276,0.8045902848243713,0.5832418203353882,-0.05355139449238777,0.7405803799629211,0.5210418105125427,-0.09536872059106827,0.7129474878311157,0.5802779793739319,-0.0920972004532814,0.7089560031890869,0.6273382902145386,-0.07745607197284698,0.8140049576759338,0.6304158568382263,-0.07257991284132004,0.738760232925415,0.6105312705039978,-0.10093341022729874,0.7160312533378601,0.6484214067459106,-0.09595845639705658,0.7174197435379028,0.678887665271759,-0.08426730334758759,u
0.7483620643615723,0.8031492233276367,6.885275070089847e-07,0.6944260001182556,0.738635778427124,-0.019601603969931602,0.6632931232452393,0.6555384397506714,-0.039149604737758636,0.6572344899177551,0.5928635001182556,-0.06322286278009415,0.6941245198249817,0.5683941841125488,-0.08463533222675323,0.7338019609451294,0.5416567325592041,-0.02453080378472805,0.7384273409843445,0.4328007698059082,-0.057679448276758194,0.7470543384552002,0.3667081594467163,-0.0772029310464859,0.7600023150444031,0.3141368329524994,-0.08964936435222626,0.7757411599159241,0.5529655814170837,-0.0388152077794075,0.7756497859954834,0.4250214099884033,-0.07773947715759277,0.7771997451782227,0.35004687309265137,-0.10039598494768143,0.7828220725059509,0.28992411494255066,-0.11076249927282333,0.8053523302078247,0.5866132378578186,-0.05528181791305542,0.7433087229728699,0.5159602165222168,-0.09947129338979721,0.7133551239967346,0.578551709651947,-0.09642427414655685,0.7079848647117615,0.6282390356063843,-0.08170676231384277,0.8151521682739258,0.6332524418830872,-0.07419690489768982,0.7379809021949768,0.6114255785942078,-0.10585961490869522,0.7134814858436584,0.6529140472412109,-0.10222478210926056,0.7143412232398987,0.6861838102340698,-0.09108810126781464,u
0.7474199533462524,0.8012934923171997,6.830553047620924e-07,0.6941520571708679,0.7379066944122314,-0.02019301801919937,0.6626322865486145,0.6564852595329285,-0.039785776287317276,0.6571946144104004,0.5927613377571106,-0.06337704509496689,0.6944044232368469,0.5664920806884766,-0.08426815271377563,0.7315919399261475,0.5422146320343018,-0.025510115548968315,0.7382575273513794,0.4324604272842407,-0.05808209627866745,0.7473120093345642,0.36668169498443604,-0.07662045210599899,0.7609071731567383,0.31434136629104614,-0.08791674673557281,0.7736920118331909,0.5520278215408325,-0.038392938673496246,0.7757140398025513,0.42351895570755005,-0.07512795180082321,0.7774181962013245,0.3494356870651245,-0.09529879689216614,0.7830599546432495,0.2893637418746948,-0.10369306802749634,0.804534912109375,0.5847263932228088,-0.05353543534874916,0.7440122365951538,0.5172354578971863,-0.09613702446222305,0.713411271572113,0.5765956044197083,-0.09352438896894455,0.7072624564170837,0.624745786190033,-0.07921227067708969,0.8155629634857178,0.6308937072753906,-0.07110466808080673,0.7399865984916687,0.6137376427650452,-0.10179472714662552,0.7158642411231995,0.652358889579773,-0.09864474087953568,0.7173162698745728,0.6832484602928162,-0.08785293996334076,u
0.73446124792099,0.794405460357666,5.589289457930136e-07,0.6809655427932739,0.7394430637359619,-0.021499639376997948,0.6487711668014526,0.654403805732727,-0.04058109596371651,0.6623632311820984,0.5861530900001526,-0.06306341290473938,0.7068603038787842,0.5561816096305847,-0.08385832607746124,0.7026814818382263,0.5473406910896301,-0.026476044207811356,0.7107788324356079,0.4393070936203003,-0.05820823460817337,0.7199816703796387,0.37641164660453796,-0.07567333430051804,0.7328607439994812,0.3231774568557739,-0.08562874048948288,0.7466660737991333,0.5490344166755676,-0.03756540268659592,0.7530463337898254,0.41915351152420044,-0.07134950906038284,0.7553251385688782,0.350006103515625,-0.0869544968008995,0.7603559494018555,0.29096224904060364,-0.0917811170220375,0.7860264778137207,0.5759400129318237,-0.05128607526421547,0.7479182481765747,0.5127440094947815,-0.09511234611272812,0.7143337726593018,0.5811625123023987,-0.09177510440349579,0.7018480896949768,0.6370410919189453,-0.07566867023706436,0.8139798045158386,0.6198350191116333,-0.06707170605659485,0.7588629126548767,0.596926748752594,-0.09677521884441376,0.7308105826377869,0.6410054564476013,-0.09044130891561508,0.7262129783630371,0.6789578199386597,-0.07725096493959427,u
0.724397599697113,0.7904770374298096,5.264190008347214e-07,0.6712771058082581,0.7422710657119751,-0.023936714977025986,0.640388011932373,0.6554321646690369,-0.0421140231192112,0.6638737916946411,0.5887985229492188,-0.06276972591876984,0.707941472530365,0.5537562370300293,-0.08236628025770187,0.6865216493606567,0.5535666346549988,-0.028595510870218277,0.693048357963562,0.4445227384567261,-0.05903257429599762,0.7023209929466248,0.3826572299003601,-0.07676001638174057,0.7154207229614258,0.328661173582077,-0.08769066631793976,0.7286015748977661,0.5535420179367065,-0.03769558295607567,0.7346925735473633,0.42335695028305054,-0.07001418620347977,0.7339932918548584,0.3536730706691742,-0.08674484491348267,0.7381756901741028,0.2939322888851166,-0.09399790316820145,0.768296480178833,0.5770658254623413,-0.04951340705156326,0.7489820122718811,0.5024014115333557,-0.09104207903146744,0.7183462977409363,0.5664516687393188,-0.08958829194307327,0.7069833278656006,0.6192582845687866,-0.07690607011318207,0.802037239074707,0.6173416972160339,-0.06355699151754379,0.7646968364715576,0.5832595229148865,-0.09385513514280319,0.7391039133071899,0.6271491646766663,-0.08928807824850082,0.7359346151351929,0.6655099391937256,-0.07852138578891754,u
0.72138911485672,0.784906268119812,5.127753865963314e-07,0.6711708903312683,0.7379880547523499,-0.02052329108119011,0.6412570476531982,0.6521356105804443,-0.03748131915926933,0.6629816293716431,0.5864199995994568,-0.05734027177095413,0.7073479890823364,0.554516077041626,-0.07663295418024063,0.6902928948402405,0.5508251786231995,-0.02759287878870964,0.6945199370384216,0.4456695318222046,-0.057044584304094315,0.7020460367202759,0.3835429251194,-0.07403355836868286,0.7139241695404053,0.3304172456264496,-0.08434855937957764,0.7324762344360352,0.5509796142578125,-0.037632331252098083,0.7352767586708069,0.42509785294532776,-0.0684574618935585,0.7333657145500183,0.3563883304595947,-0.08419746160507202,0.7358965277671814,0.3004130721092224,-0.09082990884780884,0.771066427230835,0.5742180347442627,-0.049857430160045624,0.7454131245613098,0.5054867267608643,-0.09025877714157104,0.7166500091552734,0.5712058544158936,-0.08839241415262222,0.7069856524467468,0.6250413656234741,-0.07543892413377762,0.8025738000869751,0.6135756373405457,-0.06382829695940018,0.757450520992279,0.5849882960319519,-0.09369590133428574,0.7318645715713501,0.632470428943634,-0.08875393867492676,0.728463888168335,0.6726926565170288,-0.07763582468032837,u
0.7189368009567261,0.7861170768737793,4.4731299908562505e-07,0.6682794094085693,0.7396063208580017,-0.026549577713012695,0.639488697052002,0.6573536396026611,-0.04380904883146286,0.6658649444580078,0.5874084830284119,-0.06302659213542938,0.7095115780830383,0.5530084371566772,-0.08056148141622543,0.6706864237785339,0.5493960976600647,-0.022191425785422325,0.6720322370529175,0.44766539335250854,-0.05097493529319763,0.6804282665252686,0.3889153003692627,-0.06906760483980179,0.691376805305481,0.33622580766677856,-0.08035416156053543,0.7110928893089294,0.5493792295455933,-0.02899506688117981,0.706886351108551,0.4299236536026001,-0.05930759012699127,0.7047967910766602,0.3668076992034912,-0.07465247064828873,0.7075725197792053,0.3111380338668823,-0.08112315833568573,0.7503284811973572,0.5722615122795105,-0.039628494530916214,0.7417194843292236,0.5085720419883728,-0.08105547726154327,0.7190141677856445,0.5788770318031311,-0.07911798357963562,0.7077548503875732,0.6346594095230103,-0.06553278863430023,0.7862063646316528,0.6117740273475647,-0.052896033972501755,0.7677759528160095,0.5751569867134094,-0.08263058215379715,0.7452826499938965,0.6238425970077515,-0.07708705216646194,0.7358508706092834,0.6663423776626587,-0.06546453386545181,u
0.7195937037467957,0.7848575711250305,4.975139518137439e-07,0.6695093512535095,0.7383066415786743,-0.022993098944425583,0.6427878141403198,0.6564550399780273,-0.03888680040836334,0.6684101819992065,0.584923505783081,-0.05721686780452728,0.7122946977615356,0.5490655899047852,-0.07450400292873383,0.6750950813293457,0.5505253672599792,-0.022170890122652054,0.6748983263969421,0.45057910680770874,-0.05072679743170738,0.6813507080078125,0.3900057077407837,-0.06842494755983353,0.6894943714141846,0.3375016450881958,-0.07900138944387436,0.7146114706993103,0.5492335557937622,-0.0305557232350111,0.7103070020675659,0.4306148886680603,-0.06006934493780136,0.7081950902938843,0.36610913276672363,-0.07553962618112564,0.7089970707893372,0.31214913725852966,-0.0818275585770607,0.7527098059654236,0.571796178817749,-0.04195374995470047,0.740776538848877,0.5098068714141846,-0.08164940774440765,0.720974326133728,0.5784997940063477,-0.07965123653411865,0.7117283940315247,0.632865309715271,-0.06606485694646835,0.786469578742981,0.6113938093185425,-0.055477362126111984,0.7652574181556702,0.5762465596199036,-0.0834730863571167,0.74559485912323,0.6234654188156128,-0.076616570353508,0.7381778359413147,0.664480984210968,-0.06398621946573257,u
0.7161363959312439,0.7797157764434814,3.967714121699828e-07,0.666806161403656,0.7359137535095215,-0.028247622773051262,0.6384045481681824,0.6564698219299316,-0.04396168515086174,0.6644970774650574,0.5830039381980896,-0.060960572212934494,0.7072765231132507,0.5407532453536987,-0.07649185508489609,0.6558792591094971,0.5554795265197754,-0.01956520788371563,0.6525202393531799,0.4559841752052307,-0.04538050293922424,0.6556360125541687,0.398582398891449,-0.06114728003740311,0.6608737111091614,0.348452627658844,-0.07096593827009201,0.69615238904953,0.5519435405731201,-0.02314411662518978,0.6882550120353699,0.43992486596107483,-0.05066319927573204,0.6808249354362488,0.38331300020217896,-0.06514271348714828,0.6782877445220947,0.33664682507514954,-0.07171016931533813,0.7352703809738159,0.5689032077789307,-0.030995776876807213,0.7306589484214783,0.4968724846839905,-0.0709548071026802,0.7124343514442444,0.5608195662498474,-0.07313024252653122,0.7041382789611816,0.6152677536010742,-0.0630689188838005,0.7716725468635559,0.600061297416687,-0.04124344140291214,0.7523414492607117,0.5604845285415649,-0.07172252237796783,0.7352837920188904,0.6027086973190308,-0.07088565826416016,0.7306932210922241,0.6432307958602905,-0.06288348883390427,u
0.714708149433136,0.7791599631309509,4.943227622788982e-07,0.6661587953567505,0.7354675531387329,-0.026074243709445,0.6394805312156677,0.6574954986572266,-0.04252403602004051,0.6643970608711243,0.5846617221832275,-0.060436420142650604,0.7052902579307556,0.5430498123168945,-0.07725692540407181,0.6547128558158875,0.5543814897537231,-0.022396719083189964,0.6506801843643188,0.4591697156429291,-0.049800679087638855,0.6538042426109314,0.40155690908432007,-0.06772231310606003,0.6591819524765015,0.351836621761322,-0.07933640480041504,0.694394588470459,0.550516664981842,-0.028190944343805313,0.6875506043434143,0.4412338435649872,-0.057984355837106705,0.681412398815155,0.38328298926353455,-0.07552893459796906,0.6799493432044983,0.33269286155700684,-0.08438621461391449,0.7340280413627625,0.5690344572067261,-0.0371636301279068,0.732342541217804,0.4940938353538513,-0.07637571543455124,0.7135040760040283,0.5608473420143127,-0.0756920799612999,0.7040492296218872,0.6135959029197693,-0.06436121463775635,0.7716723084449768,0.6041280031204224,-0.048333246260881424,0.7569066286087036,0.562588095664978,-0.07802067697048187,0.7418215274810791,0.6071487665176392,-0.07368570566177368,0.7374522686004639,0.64500892162323,-0.06325163692235947,u
0.7107405662536621,0.7798124551773071,4.950077823195898e-07,0.6616517901420593,0.7361468076705933,-0.0274797473102808,0.6344012022018433,0.657468318939209,-0.04312518984079361,0.662395715713501,0.5816654562950134,-0.06024819612503052,0.7025267481803894,0.5358986258506775,-0.07587991654872894,0.642228901386261,0.5619850754737854,-0.020627815276384354,0.6312990188598633,0.4630952775478363,-0.04865885153412819,0.6301236748695374,0.40290725231170654,-0.06610596179962158,0.630334734916687,0.3510740101337433,-0.07673582434654236,0.6833075881004333,0.5534170866012573,-0.02531418763101101,0.6733278632164001,0.44107064604759216,-0.055488888174295425,0.6639080047607422,0.3802473545074463,-0.07171814888715744,0.6598966121673584,0.32763850688934326,-0.0787281021475792,0.7231877446174622,0.5686846375465393,-0.033987462520599365,0.719986617565155,0.4964258670806885,-0.07421387732028961,0.7060704827308655,0.5640988349914551,-0.0733635202050209,0.7010394334793091,0.6164304614067078,-0.06047048419713974,0.7609778642654419,0.5996502637863159,-0.04509839788079262,0.7498642802238464,0.5559309720993042,-0.07342040538787842,0.7353869676589966,0.5990116000175476,-0.06845193356275558,0.7307485342025757,0.6363560557365417,-0.05717132240533829,u
0.7100329995155334,0.777827262878418,4.980634003004525e-07,0.6616544723510742,0.734228253364563,-0.025944504886865616,0.6356151700019836,0.65731281042099,-0.041411805897951126,0.6625834107398987,0.5814305543899536,-0.05822840332984924,0.7014498710632324,0.5351027250289917,-0.07362642884254456,0.6385284662246704,0.5633413791656494,-0.02141338773071766,0.6281251907348633,0.4654618799686432,-0.04826771467924118,0.6268473863601685,0.40674254298210144,-0.06475820392370224,0.627622663974762,0.3561369776725769,-0.07493268698453903,0.6792750358581543,0.5531533360481262,-0.026518983766436577,0.6678704619407654,0.4419597387313843,-0.05551392212510109,0.6594297289848328,0.38176557421684265,-0.07158492505550385,0.6563273072242737,0.3286440074443817,-0.07908365875482559,0.7200031280517578,0.5671435594558716,-0.034956302493810654,0.7180856466293335,0.49398431181907654,-0.07281019538640976,0.7040353417396545,0.5612096190452576,-0.07094863802194595,0.6975778937339783,0.6109921336174011,-0.05865941569209099,0.7590998411178589,0.5983360409736633,-0.04567388817667961,0.7474570870399475,0.557558536529541,-0.07242783159017563,0.7350065112113953,0.6005746722221375,-0.06655511260032654,0.7315170168876648,0.6343697309494019,-0.0553191713988781,u
0.7066861391067505,0.7827087044715881,4.1942740836020675e-07,0.6576271653175354,0.7450554370880127,-0.02729920670390129,0.6311570405960083,0.6691736578941345,-0.04131443798542023,0.6579643487930298,0.592610239982605,-0.05641451105475426,0.6914172768592834,0.5426471829414368,-0.07026493549346924,0.6315487623214722,0.5644711256027222,-0.01771468296647072,0.6173637509346008,0.47049421072006226,-0.04312039539217949,0.6132705211639404,0.41287869215011597,-0.060192327946424484,0.6112222671508789,0.36156296730041504,-0.07119778543710709,0.6715550422668457,0.5546236038208008,-0.02271331660449505,0.6543839573860168,0.44914740324020386,-0.05053131282329559,0.6422547101974487,0.391202449798584,-0.06735408306121826,0.6342564821243286,0.3399868309497833,-0.0756259486079216,0.711681604385376,0.5692070126533508,-0.031656134873628616,0.7072579264640808,0.4947008490562439,-0.07290621101856232,0.700668454170227,0.5621070861816406,-0.07477596402168274,0.6979105472564697,0.6141315698623657,-0.06428097933530807,0.7502029538154602,0.6012946963310242,-0.04273513704538345,0.7417231202125549,0.5523499250411987,-0.07550880312919617,0.731642484664917,0.6031096577644348,-0.07264667749404907,0.728032112121582,0.6474782228469849,-0.0625731348991394,u
0.7064334154129028,0.7835161089897156,4.620962954504648e-07,0.6578032970428467,0.7436416149139404,-0.028255393728613853,0.6320981979370117,0.6671932339668274,-0.043021347373723984,0.65837562084198,0.5907680988311768,-0.058870118111371994,0.6918694376945496,0.5396390557289124,-0.07307054847478867,0.6313429474830627,0.5653660297393799,-0.01774386316537857,0.618567168712616,0.4721300005912781,-0.04407788813114166,0.6149834394454956,0.41430264711380005,-0.06178271397948265,0.614221453666687,0.36294621229171753,-0.07339749485254288,0.6708624958992004,0.5542424917221069,-0.022515641525387764,0.6526255011558533,0.44888514280319214,-0.05188373476266861,0.6403650045394897,0.39107921719551086,-0.07015606015920639,0.634283721446991,0.3389120399951935,-0.0794057548046112,0.7110422253608704,0.5685448050498962,-0.031202230602502823,0.7097680568695068,0.4916675090789795,-0.07280386239290237,0.7010859251022339,0.5623059272766113,-0.07344530522823334,0.6969388127326965,0.6161051988601685,-0.06208508089184761,0.7499467134475708,0.6008906364440918,-0.04224397614598274,0.7415714859962463,0.556671142578125,-0.07505033910274506,0.7315812706947327,0.6056119799613953,-0.07190924137830734,0.7279363870620728,0.6463671326637268,-0.06150290369987488,u
0.7058428525924683,0.7876786589622498,4.3197982790843525e-07,0.6562422513961792,0.7519007325172424,-0.029320653527975082,0.6314795017242432,0.6749027371406555,-0.043358832597732544,0.660240888595581,0.6006157398223877,-0.05790676176548004,0.6923538446426392,0.5551000833511353,-0.07098039984703064,0.632236659526825,0.5726944208145142,-0.020907314494252205,0.6168098449707031,0.47821009159088135,-0.04624701291322708,0.6114056706428528,0.4202035665512085,-0.06339484453201294,0.608891487121582,0.3694494068622589,-0.07484620064496994,0.6720746755599976,0.5605113506317139,-0.02477799914777279,0.652044415473938,0.45431390404701233,-0.05215046927332878,0.6398652791976929,0.39517128467559814,-0.06962998956441879,0.6330411434173584,0.3438322842121124,-0.07891210913658142,0.7121135592460632,0.5740370154380798,-0.03249003738164902,0.7108849287033081,0.4981163740158081,-0.07117617875337601,0.7035571932792664,0.5626198053359985,-0.07296866178512573,0.6991943120956421,0.6133337020874023,-0.06357085704803467,0.7496136426925659,0.6054680943489075,-0.04278956726193428,0.7443512082099915,0.5602766275405884,-0.07383875548839569,0.7349153161048889,0.6052035689353943,-0.07182536274194717,0.7305126190185547,0.6444128155708313,-0.06308069825172424,u
0.7056238651275635,0.7890723943710327,4.351450968442805e-07,0.6568313837051392,0.7524818778038025,-0.02820979431271553,0.6324397325515747,0.6760847568511963,-0.04212431609630585,0.6601051688194275,0.601783275604248,-0.056684765964746475,0.6913069486618042,0.5551183819770813,-0.0697813406586647,0.6317456960678101,0.5729299187660217,-0.02019580267369747,0.6166568994522095,0.4784327447414398,-0.04547615349292755,0.6110820770263672,0.4205505847930908,-0.06255799531936646,0.6083924770355225,0.3697718381881714,-0.07388473302125931,0.6714270114898682,0.5616320967674255,-0.024587320163846016,0.6527040600776672,0.45457029342651367,-0.05222982540726662,0.6405633091926575,0.39499926567077637,-0.06988447159528732,0.6342437267303467,0.34287089109420776,-0.07916660606861115,0.7114327549934387,0.5756142735481262,-0.032657235860824585,0.7118286490440369,0.4977703392505646,-0.07153643667697906,0.702939510345459,0.5621047019958496,-0.07328242063522339,0.6976858377456665,0.612474262714386,-0.0637449324131012,0.7492094039916992,0.6071061491966248,-0.04312492161989212,0.7438522577285767,0.560325026512146,-0.07407311350107193,0.733910858631134,0.6049206256866455,-0.07171184569597244,0.729341983795166,0.6433935165405273,-0.06260005384683609,u
0.7124673128128052,0.7967469692230225,4.1904581848939415e-07,0.6609672904014587,0.7596802711486816,-0.025767873972654343,0.6390217542648315,0.6827858686447144,-0.039105743169784546,0.6680055260658264,0.6118401885032654,-0.054397959262132645,0.6960748434066772,0.5712286829948425,-0.06880993396043777,0.6407679915428162,0.5752577781677246,-0.01810619793832302,0.6264376640319824,0.4818696975708008,-0.04305754229426384,0.6207271218299866,0.4244801998138428,-0.06099874526262283,0.619164228439331,0.373965322971344,-0.07296662777662277,0.6811323165893555,0.5669979453086853,-0.02444394864141941,0.6626694202423096,0.4622797667980194,-0.05232889950275421,0.6490240693092346,0.4019033908843994,-0.07168494910001755,0.6412439942359924,0.34990978240966797,-0.08220256865024567,0.7224442362785339,0.5820148587226868,-0.03420935571193695,0.7191171646118164,0.5073060989379883,-0.0719015896320343,0.704517662525177,0.570645809173584,-0.07456062734127045,0.6943528652191162,0.6210535764694214,-0.06600762158632278,0.7616492509841919,0.6134746074676514,-0.04632743448019028,0.7566543817520142,0.560707151889801,-0.07529525458812714,0.7424695491790771,0.6039789319038391,-0.07186567038297653,0.7334997653961182,0.644853949546814,-0.062359873205423355,u
0.7136731743812561,0.7950417995452881,4.387741796563205e-07,0.6647633910179138,0.7552283406257629,-0.0278891921043396,0.6421881914138794,0.6805403232574463,-0.041677217930555344,0.6705992221832275,0.6092240810394287,-0.05685326084494591,0.6987989544868469,0.5646829605102539,-0.07070360332727432,0.6391891837120056,0.574180006980896,-0.01635228656232357,0.62498939037323,0.4805230498313904,-0.04185698926448822,0.6208967566490173,0.4228043854236603,-0.059607744216918945,0.6191188097000122,0.3720720410346985,-0.07085209339857101,0.6787754893302917,0.5643616318702698,-0.020960498601198196,0.6621874570846558,0.4612269401550293,-0.04884828254580498,0.6502050757408142,0.40451186895370483,-0.06572068482637405,0.6433863639831543,0.3532119691371918,-0.07369678467512131,0.7189289331436157,0.5788834095001221,-0.029848748818039894,0.7206248044967651,0.5062316060066223,-0.06870613992214203,0.7120897173881531,0.5714884996414185,-0.0697278305888176,0.7067462205886841,0.6209666728973389,-0.05892079696059227,0.7574400901794434,0.6114279627799988,-0.041332729160785675,0.7574007511138916,0.559529721736908,-0.07029959559440613,0.7447672486305237,0.6031368970870972,-0.06636019796133041,0.7357643842697144,0.6425712704658508,-0.05600538104772568,u
0.7187557220458984,0.797631025314331,4.695468192039698e-07,0.6686100363731384,0.7602861523628235,-0.03007771261036396,0.6485057473182678,0.683053731918335,-0.04544305056333542,0.6810200214385986,0.6114424467086792,-0.061216868460178375,0.7145690321922302,0.5695798993110657,-0.07562007755041122,0.6476536393165588,0.5817912817001343,-0.025209905579686165,0.6328639984130859,0.485218346118927,-0.051385052502155304,0.6280513405799866,0.4269639849662781,-0.0688365250825882,0.626581609249115,0.3753553330898285,-0.08030076324939728,0.6887142062187195,0.5699636936187744,-0.02913566492497921,0.6719640493392944,0.4642930030822754,-0.057668235152959824,0.6619600057601929,0.4037575423717499,-0.07554084807634354,0.6569663882255554,0.35039204359054565,-0.08490031212568283,0.7293764352798462,0.5842317342758179,-0.03659023717045784,0.7296954989433289,0.5092427730560303,-0.07523490488529205,0.7194281220436096,0.5754089951515198,-0.07628733664751053,0.7119585275650024,0.6250747442245483,-0.06647206097841263,0.7673698663711548,0.6168373227119446,-0.04673122242093086,0.7656975984573364,0.5695955753326416,-0.07741454243659973,0.7532638907432556,0.615022599697113,-0.07452606409788132,0.7449629902839661,0.6541013121604919,-0.0651140883564949,u
0.7184837460517883,0.7989444732666016,4.660963668356999e-07,0.6696964502334595,0.7590055465698242,-0.03127986192703247,0.6501285433769226,0.6818923354148865,-0.04612745717167854,0.6842725276947021,0.6103542447090149,-0.061339277774095535,0.7163635492324829,0.565019428730011,-0.07522264122962952,0.6467432975769043,0.5811669826507568,-0.02052558772265911,0.6326518058776855,0.4857618808746338,-0.04611673951148987,0.6280676126480103,0.42682528495788574,-0.0638110414147377,0.6259100437164307,0.37496310472488403,-0.07560404390096664,0.6873523592948914,0.5691407322883606,-0.023744910955429077,0.672385573387146,0.4664124846458435,-0.05183538421988487,0.6612743735313416,0.4084537625312805,-0.0692468211054802,0.6547952890396118,0.35608577728271484,-0.07830303907394409,0.7270966172218323,0.5840204358100891,-0.031268782913684845,0.731773316860199,0.506284236907959,-0.0709950253367424,0.7240394353866577,0.5730502605438232,-0.07242871075868607,0.7188140749931335,0.6239908337593079,-0.06243206933140755,0.7642285227775574,0.6178943514823914,-0.04161371290683746,0.7636897563934326,0.5707913637161255,-0.07360474020242691,0.7529846429824829,0.61611407995224,-0.07163683325052261,0.7464050054550171,0.6548587083816528,-0.06262742727994919,u
0.7257177233695984,0.8126030564308167,4.1029235831047117e-07,0.6755161881446838,0.776302695274353,-0.030145375058054924,0.6555324196815491,0.7008935809135437,-0.04535520449280739,0.685572624206543,0.631007194519043,-0.06159075349569321,0.7182160019874573,0.5891208648681641,-0.07659578323364258,0.6541412472724915,0.5938049554824829,-0.020418860018253326,0.6369218826293945,0.49898195266723633,-0.04650995880365372,0.6307486295700073,0.4406501054763794,-0.06528633087873459,0.6279964447021484,0.3888765573501587,-0.07832995057106018,0.693881630897522,0.5819345116615295,-0.02548983506858349,0.6758518218994141,0.47731566429138184,-0.053987838327884674,0.6645194292068481,0.4191845655441284,-0.07329507917165756,0.6574559211730957,0.3667566180229187,-0.08431066572666168,0.7328091859817505,0.5973809361457825,-0.034673891961574554,0.7333283424377441,0.5119927525520325,-0.07567602396011353,0.7283430099487305,0.5771411657333374,-0.07970629632472992,0.7250182032585144,0.629145085811615,-0.0720096230506897,0.7700189352035522,0.6318643689155579,-0.04649503529071808,0.7696975469589233,0.581483781337738,-0.08145810663700104,0.7589093446731567,0.628517746925354,-0.08207874000072479,0.7513836026191711,0.6715238094329834,-0.07497147470712662,u
0.7291980385780334,0.8115900158882141,4.259120771621383e-07,0.6797236204147339,0.7791642546653748,-0.032021600753068924,0.6603399515151978,0.7009279727935791,-0.04687311872839928,0.6923627257347107,0.6278541684150696,-0.061869870871305466,0.7228156328201294,0.5806192755699158,-0.0757417231798172,0.6533249020576477,0.594869077205658,-0.02198273316025734,0.6371601223945618,0.4983036518096924,-0.04718539118766785,0.6309987902641296,0.4400673508644104,-0.06455584615468979,0.6269208192825317,0.38808295130729675,-0.07631431519985199,0.693620502948761,0.58242267370224,-0.02510293759405613,0.6767145991325378,0.4776158928871155,-0.05353792756795883,0.6646369695663452,0.419325053691864,-0.07223794609308243,0.6562797427177429,0.3666473627090454,-0.08225078880786896,0.7324287295341492,0.5966247320175171,-0.0322117917239666,0.7351911664009094,0.51368248462677,-0.07510481774806976,0.731689989566803,0.5838848352432251,-0.07919821888208389,0.7290822267532349,0.6392450332641602,-0.07041043043136597,0.76967853307724,0.6292728185653687,-0.04176623746752739,0.767584502696991,0.5836713314056396,-0.07965157926082611,0.7606139183044434,0.6369486451148987,-0.08066094666719437,0.7571548819541931,0.6831141710281372,-0.07265643030405045,u
0.7276743650436401,0.811945915222168,4.459213016616559e-07,0.6794242858886719,0.7806183099746704,-0.03214247524738312,0.6599115133285522,0.7036438584327698,-0.04762975871562958,0.6906634569168091,0.630111038684845,-0.06319991499185562,0.7195838689804077,0.5815625786781311,-0.07754300534725189,0.6525065898895264,0.5921327471733093,-0.02306400053203106,0.6367550492286682,0.4974134564399719,-0.04918227717280388,0.6309503316879272,0.4393531084060669,-0.06728902459144592,0.6276837587356567,0.3875527083873749,-0.07949678599834442,0.6928290724754333,0.579505205154419,-0.026673264801502228,0.6753714084625244,0.4758681356906891,-0.055906470865011215,0.6637794375419617,0.4184560179710388,-0.0748114362359047,0.6560961008071899,0.3659878671169281,-0.08489234000444412,0.7320823669433594,0.5940667986869812,-0.034301094710826874,0.7356887459754944,0.5120258331298828,-0.0776289850473404,0.7325211763381958,0.5843961238861084,-0.08075687289237976,0.729462206363678,0.6401290893554688,-0.07129845023155212,0.7698085308074951,0.6277039051055908,-0.04443277791142464,0.7688754796981812,0.5810781121253967,-0.08241639286279678,0.7617145776748657,0.6355904936790466,-0.08257321268320084,0.7570798993110657,0.6816730499267578,-0.07393079996109009,u
0.7318859696388245,0.8158595561981201,4.339178190093662e-07,0.6821538805961609,0.7833157777786255,-0.033054422587156296,0.6614943742752075,0.7075526714324951,-0.04929472878575325,0.6937766075134277,0.6361976265907288,-0.06572660803794861,0.7248492240905762,0.5884859561920166,-0.08070862293243408,0.6548025608062744,0.5937798023223877,-0.023560358211398125,0.6384505033493042,0.5000244379043579,-0.0503450408577919,0.6319154500961304,0.4430665969848633,-0.06907416135072708,0.6278100609779358,0.3917522132396698,-0.08192195743322372,0.6957060694694519,0.5799977779388428,-0.02702154964208603,0.6789988279342651,0.4775553345680237,-0.05672110617160797,0.6669257283210754,0.4209579527378082,-0.07618575543165207,0.6578278541564941,0.3678802251815796,-0.08683505654335022,0.7351493835449219,0.5946183204650879,-0.03479056805372238,0.7370184063911438,0.5156747102737427,-0.07834456861019135,0.734244704246521,0.5877540707588196,-0.0824255719780922,0.7312806844711304,0.6418881416320801,-0.07372920960187912,0.772620439529419,0.6290038228034973,-0.04518093168735504,0.7709604501724243,0.5832976698875427,-0.08221811801195145,0.7623928785324097,0.6354520320892334,-0.08293021470308304,0.7564753293991089,0.6792210340499878,-0.0751606822013855,u
0.7312676310539246,0.8163341283798218,4.44819647782424e-07,0.6823035478591919,0.7847920060157776,-0.032889921218156815,0.6627443432807922,0.7081076502799988,-0.04901295155286789,0.6945489048957825,0.6368486285209656,-0.06519012153148651,0.7239802479743958,0.5887146592140198,-0.08000551909208298,0.6542550921440125,0.5941832661628723,-0.023746149614453316,0.6387238502502441,0.5004808306694031,-0.05060124024748802,0.6325945854187012,0.4430050253868103,-0.0691441223025322,0.6286295652389526,0.3912976384162903,-0.08175014704465866,0.6947182416915894,0.5804122090339661,-0.027309633791446686,0.6783179044723511,0.47710302472114563,-0.05730201303958893,0.6660912036895752,0.421075701713562,-0.07661665976047516,0.6568341851234436,0.3678380846977234,-0.08701016008853912,0.7335852384567261,0.5947098731994629,-0.03509889915585518,0.7373183369636536,0.5137947797775269,-0.07897739112377167,0.7338241338729858,0.5865859985351562,-0.08271728456020355,0.730279266834259,0.6405901908874512,-0.0737239345908165,0.7704885601997375,0.6285662651062012,-0.045449066907167435,0.769885241985321,0.583777666091919,-0.08272646367549896,0.7615116238594055,0.6370166540145874,-0.08319059759378433,0.755739688873291,0.6802358031272888,-0.07518644630908966,u
0.7373321056365967,0.814009964466095,4.225821328418533e-07,0.6876372694969177,0.7795822620391846,-0.030735153704881668,0.6678142547607422,0.7044457197189331,-0.0459258146584034,0.6985819935798645,0.6340243816375732,-0.06185976788401604,0.7294789552688599,0.5878663659095764,-0.07630512118339539,0.6577298045158386,0.5956993699073792,-0.019861970096826553,0.640114426612854,0.5026668906211853,-0.04615457355976105,0.6337611675262451,0.44534823298454285,-0.06424560397863388,0.6302571892738342,0.3944324851036072,-0.07623692601919174,0.6984469890594482,0.5820335745811462,-0.024308672174811363,0.6789669394493103,0.47964978218078613,-0.053719278424978256,0.6664080023765564,0.4230159819126129,-0.07221228629350662,0.6580029726028442,0.37107712030410767,-0.08165724575519562,0.7390285134315491,0.5959254503250122,-0.03300350159406662,0.7407363653182983,0.5163159370422363,-0.07556495815515518,0.7371680736541748,0.5870237350463867,-0.07815784215927124,0.7338114976882935,0.6396819949150085,-0.06830926984548569,0.7780624032020569,0.6292132139205933,-0.04425564780831337,0.7766175866127014,0.583467960357666,-0.07941728085279465,0.7675582766532898,0.6352432370185852,-0.07827482372522354,0.7612881064414978,0.6775612831115723,-0.0692114531993866,u
0.7362177968025208,0.8130528926849365,4.547879939309496e-07,0.6872653961181641,0.7797031998634338,-0.03260115906596184,0.6678220629692078,0.7039458751678467,-0.048120081424713135,0.700273871421814,0.6328247785568237,-0.0637122392654419,0.7294723987579346,0.5836383700370789,-0.07797932624816895,0.657693088054657,0.595832884311676,-0.02108911983668804,0.6411987543106079,0.5021407008171082,-0.047132305800914764,0.6344286203384399,0.4443599581718445,-0.0649973452091217,0.6301804184913635,0.3926936388015747,-0.07687158137559891,0.6980056166648865,0.5808089375495911,-0.02426268719136715,0.6801180839538574,0.47861629724502563,-0.053876958787441254,0.6677868962287903,0.4226799011230469,-0.0730566680431366,0.6591269373893738,0.36958473920822144,-0.08303456008434296,0.7374383211135864,0.5932198166847229,-0.03171631321310997,0.7412213683128357,0.5133505463600159,-0.07531635463237762,0.738700270652771,0.5838379263877869,-0.07966165989637375,0.7361154556274414,0.6362825632095337,-0.07085665315389633,0.7751736044883728,0.6247872114181519,-0.04167860373854637,0.7745415568351746,0.5816556811332703,-0.0783504769206047,0.7678895592689514,0.6337701082229614,-0.07876373827457428,0.7635899186134338,0.6754087209701538,-0.07060538232326508,u
0.7416070699691772,0.813406765460968,4.2520775878074346e-07,0.6919153332710266,0.7831172347068787,-0.031077098101377487,0.6718197464942932,0.7057920694351196,-0.045649781823158264,0.7026132941246033,0.635757565498352,-0.06078007072210312,0.7335255742073059,0.5908663272857666,-0.07461044937372208,0.6631898283958435,0.6004522442817688,-0.021020183339715004,0.6447931528091431,0.5069786906242371,-0.04683644697070122,0.6371031999588013,0.44913992285728455,-0.06395314633846283,0.6327686309814453,0.39789828658103943,-0.07512327283620834,0.7035039067268372,0.5861697196960449,-0.024977857246994972,0.6835939288139343,0.4826493263244629,-0.05489182472229004,0.6708565950393677,0.42513465881347656,-0.07361430674791336,0.6629216074943542,0.37210941314697266,-0.08289817720651627,0.7435817122459412,0.5979943871498108,-0.032989341765642166,0.744614839553833,0.5179995894432068,-0.07719331979751587,0.7410703897476196,0.5896517634391785,-0.08118817210197449,0.7381455898284912,0.6426037549972534,-0.07172013074159622,0.7825899720191956,0.6279468536376953,-0.04329143464565277,0.7816014885902405,0.582914412021637,-0.08028005063533783,0.7728881239891052,0.6372544169425964,-0.08009039610624313,0.7668786644935608,0.681216835975647,-0.07130426913499832,u
0.7416865229606628,0.8122950196266174,4.663130823701067e-07,0.6927712559700012,0.7811093926429749,-0.03323603793978691,0.6735368371009827,0.7045921087265015,-0.04850824922323227,0.7058294415473938,0.632529616355896,-0.06366082280874252,0.7342908978462219,0.5829074382781982,-0.07741782069206238,0.662585973739624,0.5980472564697266,-0.021812167018651962,0.6450715661048889,0.5031984448432922,-0.04722960665822029,0.6373867392539978,0.4444162845611572,-0.06365080177783966,0.6324887275695801,0.39245742559432983,-0.07374704629182816,0.7023718357086182,0.582768976688385,-0.02397439442574978,0.6838889718055725,0.48027503490448,-0.053117718547582626,0.6711596250534058,0.4233081340789795,-0.07033190876245499,0.6630856394767761,0.3713950514793396,-0.0778941810131073,0.741685152053833,0.5939135551452637,-0.030460165813565254,0.745163083076477,0.5209606289863586,-0.0736410915851593,0.7423051595687866,0.5916635394096375,-0.07674755901098251,0.7401911020278931,0.6447822451591492,-0.06611306965351105,0.7796069979667664,0.6231285929679871,-0.039497628808021545,0.7806726694107056,0.5801354646682739,-0.0745244026184082,0.7733303904533386,0.6326850652694702,-0.07313495874404907,0.7683323621749878,0.6761099100112915,-0.06320034712553024,u
0.7445518374443054,0.8158544301986694,4.312844907872204e-07,0.6955522298812866,0.7845782041549683,-0.03094761073589325,0.6747723817825317,0.7095135450363159,-0.04565929248929024,0.7067121863365173,0.6396729350090027,-0.06094725802540779,0.738366961479187,0.5957913994789124,-0.07508362829685211,0.667483925819397,0.6008965373039246,-0.02133018709719181,0.6484900116920471,0.5069718956947327,-0.0463750958442688,0.6409432888031006,0.44903671741485596,-0.06320113688707352,0.6364949941635132,0.39835086464881897,-0.07428327947854996,0.7077549695968628,0.5850799679756165,-0.025017980486154556,0.6880377531051636,0.4815153479576111,-0.05323632061481476,0.6754695773124695,0.4242112636566162,-0.07113418728113174,0.6675056219100952,0.3721630573272705,-0.08009293675422668,0.7475564479827881,0.5966823697090149,-0.03281029313802719,0.7489354610443115,0.5163955688476562,-0.07471925765275955,0.7457512021064758,0.5831373333930969,-0.07999346405267715,0.7436824440956116,0.6348162293434143,-0.0720745176076889,0.7866472005844116,0.6268198490142822,-0.042979370802640915,0.7872976660728455,0.5849270820617676,-0.07806798815727234,0.7779920101165771,0.6341428160667419,-0.0794299766421318,0.7719862461090088,0.675949215888977,-0.07229504734277725,u
0.7463886141777039,0.8159148097038269,4.364455321592686e-07,0.6970422267913818,0.7847206592559814,-0.032197725027799606,0.6763660907745361,0.7086836099624634,-0.04657119885087013,0.7096468806266785,0.6369138360023499,-0.06116833910346031,0.7395151853561401,0.5908525586128235,-0.0744391605257988,0.66740483045578,0.600369393825531,-0.020833421498537064,0.6495730876922607,0.5053958892822266,-0.0455588772892952,0.6422154903411865,0.447110652923584,-0.061839450150728226,0.6375613808631897,0.39511439204216003,-0.07234909385442734,0.7074151635169983,0.5839999914169312,-0.023262953385710716,0.6881848573684692,0.48190736770629883,-0.051989056169986725,0.6751971244812012,0.4253142476081848,-0.06954866647720337,0.666996955871582,0.3735203146934509,-0.07782124727964401,0.7468551397323608,0.5946924090385437,-0.029938960447907448,0.7503178119659424,0.51924067735672,-0.07291824370622635,0.7479503154754639,0.5887671709060669,-0.07724110782146454,0.74647456407547,0.6422950625419617,-0.0677894726395607,0.7852265238761902,0.6234820485115051,-0.03913484513759613,0.7874269485473633,0.581721305847168,-0.07475701719522476,0.780666708946228,0.6320564150810242,-0.07539152354001999,0.7768577933311462,0.6741140484809875,-0.06711684912443161,u
0.7483670711517334,0.825339674949646,4.429278703810269e-07,0.7000808119773865,0.792090892791748,-0.034402716904878616,0.6785558462142944,0.719001054763794,-0.05106596648693085,0.7108286023139954,0.6488550305366516,-0.06721477955579758,0.7429729700088501,0.6008358001708984,-0.08162778615951538,0.6727026700973511,0.6047025322914124,-0.024772396311163902,0.6562029719352722,0.511005163192749,-0.05045533925294876,0.649595320224762,0.4534313380718231,-0.06762193143367767,0.6462209820747375,0.40286242961883545,-0.07887474447488785,0.7133046388626099,0.5894790887832642,-0.027132051065564156,0.6928279399871826,0.484668105840683,-0.05439433455467224,0.6818560361862183,0.4279163181781769,-0.07127577811479568,0.6751634478569031,0.37679624557495117,-0.07971950620412827,0.7538488507270813,0.6037445664405823,-0.0340665727853775,0.7560606002807617,0.5281671285629272,-0.0756470263004303,0.7536327838897705,0.590602695941925,-0.08144067227840424,0.7510519027709961,0.6385670900344849,-0.07419254630804062,0.7923406362533569,0.6379602551460266,-0.04366425424814224,0.7951080203056335,0.5928351879119873,-0.07835286855697632,0.7847458720207214,0.6394862532615662,-0.07965891063213348,0.7761233448982239,0.6804772615432739,-0.07287205755710602,u
0.7501128911972046,0.828058123588562,4.6746458792767953e-07,0.7008917331695557,0.7933347821235657,-0.03503212705254555,0.679318904876709,0.7196420431137085,-0.05215589702129364,0.7122284770011902,0.6494748592376709,-0.0689050629734993,0.7456392645835876,0.6034979820251465,-0.08387858420610428,0.6765726804733276,0.60222327709198,-0.024663489311933517,0.6618013381958008,0.5087833404541016,-0.051671311259269714,0.6567520499229431,0.4509432911872864,-0.07008744776248932,0.6555375456809998,0.3989507555961609,-0.08220784366130829,0.7171951532363892,0.5887359976768494,-0.02703613042831421,0.6975938677787781,0.48496949672698975,-0.05603655055165291,0.6881128549575806,0.42649662494659424,-0.07434795051813126,0.6842033863067627,0.3722943067550659,-0.083705373108387,0.7576183080673218,0.6043692231178284,-0.034048158675432205,0.7619339823722839,0.5291072726249695,-0.0777922198176384,0.7566561698913574,0.5963429808616638,-0.08364535868167877,0.7524172067642212,0.6484760046005249,-0.07580094039440155,0.796320915222168,0.6402353048324585,-0.04376007616519928,0.7991213202476501,0.597797155380249,-0.0807470753788948,0.7887945771217346,0.6469839811325073,-0.08235179632902145,0.7809969186782837,0.6893041133880615,-0.07506700605154037,u
0.7514089345932007,0.8252664804458618,4.656853320739174e-07,0.7024028301239014,0.7915984392166138,-0.036170437932014465,0.6803164482116699,0.7196365594863892,-0.053994931280612946,0.7125545740127563,0.6499261260032654,-0.07110914587974548,0.7449420690536499,0.6026506423950195,-0.08626038581132889,0.6760998368263245,0.6030459403991699,-0.02627243846654892,0.6617021560668945,0.5095887184143066,-0.05373070389032364,0.6562952995300293,0.4523429572582245,-0.07174820452928543,0.6548264026641846,0.40033721923828125,-0.08324019610881805,0.7171547412872314,0.5883450508117676,-0.02794870175421238,0.6977114081382751,0.48505163192749023,-0.05769161134958267,0.6879217624664307,0.42741191387176514,-0.0751478374004364,0.6839213371276855,0.372973769903183,-0.08338452875614166,0.7577398419380188,0.6025246977806091,-0.034287139773368835,0.762877881526947,0.5304843187332153,-0.07869606465101242,0.7582950592041016,0.6002766489982605,-0.08277050405740738,0.7542959451675415,0.6525751352310181,-0.07307795435190201,0.7963929176330566,0.6368473172187805,-0.043466366827487946,0.8005553483963013,0.5960375070571899,-0.08038977533578873,0.7916045188903809,0.6463305950164795,-0.08062960207462311,0.7845596671104431,0.687954306602478,-0.07196195423603058,u
0.7493846416473389,0.8287575244903564,4.888845523964847e-07,0.6999595761299133,0.7960481643676758,-0.03430747985839844,0.6775062680244446,0.7204792499542236,-0.05060369148850441,0.7108764052391052,0.6507872939109802,-0.0664772167801857,0.7456009387969971,0.6073711514472961,-0.08067382127046585,0.6782018542289734,0.5985236763954163,-0.02389153279364109,0.6665109992027283,0.5063841342926025,-0.05033710598945618,0.6631748080253601,0.4491358995437622,-0.06818999350070953,0.6635451316833496,0.39795276522636414,-0.08015349507331848,0.7194240093231201,0.5865396857261658,-0.0265729408711195,0.7024338841438293,0.48336371779441833,-0.05602755770087242,0.694490909576416,0.4255058765411377,-0.07428737729787827,0.6914268136024475,0.37113863229751587,-0.08348632603883743,0.7597603797912598,0.6036055088043213,-0.03385142236948013,0.7638619542121887,0.5319478511810303,-0.079058937728405,0.75847989320755,0.6042495965957642,-0.08499297499656677,0.7545011043548584,0.6582443118095398,-0.07672176510095596,0.797812819480896,0.6402618288993835,-0.04366668686270714,0.7987253665924072,0.6028451323509216,-0.08285623043775558,0.7877123355865479,0.6551877856254578,-0.08565274626016617,0.7798624634742737,0.6970096826553345,-0.078857421875,u
0.7521794438362122,0.8255484104156494,4.5069228349348123e-07,0.7021680474281311,0.7942616939544678,-0.036272723227739334,0.6793347001075745,0.7203842401504517,-0.05289424955844879,0.7126739025115967,0.65125572681427,-0.06865700334310532,0.7471122145652771,0.6069313287734985,-0.08233928680419922,0.6786946058273315,0.5972127914428711,-0.02400043234229088,0.6660257577896118,0.5046095848083496,-0.05058763176202774,0.6625418663024902,0.4476604461669922,-0.06822532415390015,0.662785530090332,0.39644286036491394,-0.07970409840345383,0.7202814221382141,0.5844000577926636,-0.025213519111275673,0.7016841769218445,0.4825911521911621,-0.054560884833335876,0.6934740543365479,0.4256245195865631,-0.07185662537813187,0.6903224587440491,0.37219008803367615,-0.07994645833969116,0.7610287070274353,0.6003621816635132,-0.03134511411190033,0.7656345963478088,0.5320094227790833,-0.07700219750404358,0.7619681358337402,0.6055033206939697,-0.08187102526426315,0.7582184076309204,0.6594659090042114,-0.0723036527633667,0.7996870279312134,0.6361539959907532,-0.040211644023656845,0.8015789985656738,0.6002281308174133,-0.07937531173229218,0.7914426922798157,0.6544850468635559,-0.08120827376842499,0.7832931280136108,0.6970409750938416,-0.07332389801740646,u
0.7449158430099487,0.827277660369873,5.096208610666508e-07,0.6944467425346375,0.7894002795219421,-0.033307790756225586,0.6703604459762573,0.7142482995986938,-0.049845196306705475,0.7056354284286499,0.6468833088874817,-0.06626168638467789,0.7422322630882263,0.6060150861740112,-0.08114298433065414,0.6760265827178955,0.5992413759231567,-0.024825450032949448,0.6655465364456177,0.5066660642623901,-0.05187337100505829,0.6631024479866028,0.4499063789844513,-0.06996258348226547,0.6631439328193665,0.3992142081260681,-0.08156514912843704,0.7172276377677917,0.5898219347000122,-0.027579396963119507,0.7036833763122559,0.4852197766304016,-0.056395214051008224,0.6944271922111511,0.4272851347923279,-0.07339375466108322,0.6901708245277405,0.373898446559906,-0.08150860667228699,0.7576619982719421,0.6084040403366089,-0.03481399267911911,0.7596160173416138,0.5421059131622314,-0.07660065591335297,0.7482060790061951,0.6113891005516052,-0.08012087643146515,0.7419252395629883,0.6628856658935547,-0.07054373621940613,0.795256495475769,0.646186113357544,-0.044772882014513016,0.7936063408851624,0.6082847118377686,-0.0779590904712677,0.7800010442733765,0.6551119089126587,-0.07700040191411972,0.7728347182273865,0.6926828026771545,-0.06826134771108627,u
0.7469475269317627,0.825054407119751,5.092592232358584e-07,0.6960750222206116,0.7904447317123413,-0.0351259782910347,0.6729850769042969,0.7141613960266113,-0.05196184664964676,0.7068102955818176,0.6444864869117737,-0.06816703081130981,0.7445088028907776,0.6049665212631226,-0.08248382061719894,0.6760571599006653,0.6028239727020264,-0.026786621659994125,0.665489673614502,0.5090484023094177,-0.054966434836387634,0.6630915999412537,0.4512197971343994,-0.07341653853654861,0.6637063026428223,0.39967888593673706,-0.08534448593854904,0.7170920372009277,0.5914291143417358,-0.02887808158993721,0.7024040222167969,0.48477303981781006,-0.059269193559885025,0.6949321031570435,0.42552733421325684,-0.07682965695858002,0.692192554473877,0.37183845043182373,-0.08506758511066437,0.757262110710144,0.608600378036499,-0.03541002795100212,0.761763334274292,0.5388877391815186,-0.07828877121210098,0.7534302473068237,0.611019492149353,-0.07994444668292999,0.7471781969070435,0.6636722683906555,-0.06879394501447678,0.7950034737586975,0.6449069976806641,-0.04488391801714897,0.7938711047172546,0.6094280481338501,-0.07898058742284775,0.7826890349388123,0.6585904955863953,-0.07713894546031952,0.7756502628326416,0.695573627948761,-0.06743305921554565,u
0.7373526692390442,0.815639853477478,4.950167067363509e-07,0.6901790499687195,0.7781378030776978,-0.02748905122280121,0.6671069860458374,0.7043383717536926,-0.04132438078522682,0.6985674500465393,0.6381916403770447,-0.05581425875425339,0.73321932554245,0.5996311902999878,-0.06925560534000397,0.6695005893707275,0.5923656821250916,-0.02019733004271984,0.6606870293617249,0.5009374618530273,-0.04482341930270195,0.6589841246604919,0.4452725052833557,-0.06104714050889015,0.6594606637954712,0.3962724208831787,-0.07127942889928818,0.7090816497802734,0.585364580154419,-0.024929868057370186,0.6971933841705322,0.4792768955230713,-0.05090882256627083,0.6897278428077698,0.42129379510879517,-0.0668632909655571,0.6870207786560059,0.36980515718460083,-0.0745249018073082,0.7482926845550537,0.6040229797363281,-0.03341026231646538,0.7519690990447998,0.5380666851997375,-0.07137162238359451,0.7417150139808655,0.6019686460494995,-0.07451463490724564,0.7362080812454224,0.650613009929657,-0.06561815738677979,0.7848999500274658,0.6402135491371155,-0.04407825693488121,0.7803892493247986,0.6076009273529053,-0.0732017233967781,0.7675908207893372,0.6531522870063782,-0.07109162211418152,0.7619777917861938,0.6891553401947021,-0.06238625571131706,u
0.7382298111915588,0.8175076842308044,4.7419547399840667e-07,0.6894509196281433,0.781164288520813,-0.02868489921092987,0.6661193370819092,0.7060774564743042,-0.043228380382061005,0.6972446441650391,0.6384883522987366,-0.05826525017619133,0.7342472672462463,0.6032817959785461,-0.0724257305264473,0.6701239347457886,0.5995814800262451,-0.024104204028844833,0.6598105430603027,0.5056954026222229,-0.05002322793006897,0.6577845811843872,0.4489602744579315,-0.0674513503909111,0.6582247018814087,0.39793962240219116,-0.0791967436671257,0.7102395296096802,0.591032862663269,-0.028834575787186623,0.6975622177124023,0.48256218433380127,-0.056495551019907,0.6900412440299988,0.42254745960235596,-0.07437054067850113,0.6859905123710632,0.370022714138031,-0.08397511392831802,0.7493959665298462,0.6080081462860107,-0.03702233359217644,0.7514983415603638,0.533226728439331,-0.07715319842100143,0.7409325838088989,0.5962527394294739,-0.08189024776220322,0.7339854836463928,0.6463932394981384,-0.07445462793111801,0.7857049107551575,0.6420382857322693,-0.04741786792874336,0.7819613218307495,0.6074497699737549,-0.08059399574995041,0.7691066265106201,0.654188871383667,-0.08109407871961594,0.7625429630279541,0.6931495666503906,-0.0740329697728157,u
0.7321414947509766,0.8034528493881226,4.444508761025645e-07,0.6827398538589478,0.7641790509223938,-0.022452998906373978,0.6596963405609131,0.6896969079971313,-0.03420744836330414,0.6875373721122742,0.6264470815658569,-0.0477229505777359,0.7208868265151978,0.5917494297027588,-0.06063864752650261,0.664048433303833,0.5831500887870789,-0.014835954643785954,0.6560107469558716,0.4985879957675934,-0.03773541375994682,0.6543443202972412,0.4451453685760498,-0.05388038232922554,0.6549445986747742,0.39725711941719055,-0.06457261741161346,0.7032013535499573,0.5768747925758362,-0.020993981510400772,0.6927886009216309,0.47613221406936646,-0.044803667813539505,0.6854265332221985,0.420029878616333,-0.06072717532515526,0.6824625134468079,0.36998695135116577,-0.06930090487003326,0.7415817379951477,0.5935624241828918,-0.030554192140698433,0.7413300275802612,0.5270656943321228,-0.06576486676931381,0.7261713743209839,0.5879559516906738,-0.0702497586607933,0.7179630994796753,0.6363012790679932,-0.06341610848903656,0.776854395866394,0.6250452399253845,-0.041837260127067566,0.7649598121643066,0.5959733128547668,-0.06773213297128677,0.7478747367858887,0.6372423768043518,-0.06656815856695175,0.7397812008857727,0.6712270975112915,-0.059626076370477676,u
0.725555419921875,0.8050584197044373,4.725674500605237e-07,0.677741289138794,0.7678446769714355,-0.024518417194485664,0.6547453999519348,0.6955904960632324,-0.03868551924824715,0.6812288761138916,0.6350172758102417,-0.05417949706315994,0.7127037644386292,0.6003817319869995,-0.0690857395529747,0.662495493888855,0.5911004543304443,-0.023013588041067123,0.6542688608169556,0.5032766461372375,-0.04921932891011238,0.6524759531021118,0.4482876658439636,-0.0677323117852211,0.6537500023841858,0.39820635318756104,-0.08042652159929276,0.7022656798362732,0.5840948224067688,-0.02946576662361622,0.6929669380187988,0.48100873827934265,-0.05682747811079025,0.6843207478523254,0.4218520224094391,-0.07543855160474777,0.6794241666793823,0.36916935443878174,-0.08623253554105759,0.7415244579315186,0.5998989939689636,-0.03881651535630226,0.7423818111419678,0.5281405448913574,-0.07491316646337509,0.7245336771011353,0.5896528959274292,-0.07767372578382492,0.7127310633659363,0.6384023427963257,-0.07043696194887161,0.7776563763618469,0.6312181949615479,-0.05028709024190903,0.7685230374336243,0.603732168674469,-0.07834936678409576,0.7515731453895569,0.6459172368049622,-0.07672777026891708,0.7429814338684082,0.6797667741775513,-0.06935781240463257,u
0.720071017742157,0.7866222262382507,4.047612378599297e-07,0.670864462852478,0.7458868026733398,-0.019554493948817253,0.6495165824890137,0.6817192435264587,-0.0336037278175354,0.6693235039710999,0.6236870884895325,-0.050448693335056305,0.6951072812080383,0.5873391032218933,-0.06678071618080139,0.6571606993675232,0.5805056095123291,-0.016673987731337547,0.64825439453125,0.4947720766067505,-0.040551476180553436,0.6473588347434998,0.4428820013999939,-0.05678210407495499,0.6496761441230774,0.3967401087284088,-0.0671837255358696,0.694819986820221,0.5750321745872498,-0.024477891623973846,0.6847509145736694,0.4761204123497009,-0.049867354333400726,0.677495002746582,0.4208104610443115,-0.06643278151750565,0.6744176149368286,0.3736097812652588,-0.07551254332065582,0.731423020362854,0.5906729102134705,-0.035278111696243286,0.7277421355247498,0.5197393894195557,-0.06995466351509094,0.7092756628990173,0.571014404296875,-0.0757940337061882,0.6973081231117249,0.6163617372512817,-0.07044462114572525,0.7651616334915161,0.6205461025238037,-0.047485366463661194,0.7480341196060181,0.5849230289459229,-0.07268080115318298,0.7231878042221069,0.6034638285636902,-0.0739925280213356,0.7044085264205933,0.6236935257911682,-0.06927713006734848,u
0.7169193625450134,0.7862580418586731,4.559877027077164e-07,0.6691318154335022,0.7481428384780884,-0.0213872529566288,0.6463050842285156,0.6797319054603577,-0.03472617268562317,0.6710333824157715,0.6185270547866821,-0.04999441280961037,0.7027078866958618,0.5867069363594055,-0.06492675840854645,0.6561160087585449,0.5846604704856873,-0.02045343816280365,0.6471219062805176,0.4978155493736267,-0.04519535228610039,0.6455144286155701,0.44430434703826904,-0.062469400465488434,0.6471981406211853,0.3969421982765198,-0.07414331287145615,0.6945987939834595,0.578368067741394,-0.027569450438022614,0.6861435174942017,0.47841188311576843,-0.05345097929239273,0.6777207255363464,0.42193174362182617,-0.07095178961753845,0.6737080812454224,0.372742235660553,-0.08098375052213669,0.7323063015937805,0.5939195156097412,-0.03723367303609848,0.7321630120277405,0.5197523832321167,-0.07021172344684601,0.7153087854385376,0.5743883848190308,-0.07166167348623276,0.7053731679916382,0.6198872327804565,-0.06409424543380737,0.7666019201278687,0.6249780058860779,-0.04885105788707733,0.7566735744476318,0.5908416509628296,-0.07323317974805832,0.7404497265815735,0.6234073042869568,-0.07038607448339462,0.7327566742897034,0.6528258323669434,-0.06263505667448044,u
0.6986544132232666,0.751402735710144,4.024219890652603e-07,0.6535617113113403,0.7127432227134705,-0.020766107365489006,0.631458044052124,0.646079957485199,-0.033162329345941544,0.6586728692054749,0.5861562490463257,-0.04699346423149109,0.6939339637756348,0.5550382137298584,-0.06020243838429451,0.6419637799263,0.5595856308937073,-0.015527925454080105,0.6317394971847534,0.4804321229457855,-0.03610541298985481,0.6292914748191833,0.43220287561416626,-0.0499456487596035,0.6295734643936157,0.38934993743896484,-0.05914032459259033,0.6775268912315369,0.5555437803268433,-0.021004021167755127,0.6661813855171204,0.46375495195388794,-0.04258786514401436,0.6570523381233215,0.41548967361450195,-0.05491021275520325,0.6535608172416687,0.3723909258842468,-0.06111183390021324,0.7127230763435364,0.5717877745628357,-0.029642662033438683,0.7095229625701904,0.5132632255554199,-0.06150040403008461,0.6939061284065247,0.5678865313529968,-0.06315496563911438,0.6876124739646912,0.6107406616210938,-0.055024538189172745,0.7447436451911926,0.6012495756149292,-0.039975978434085846,0.7319524884223938,0.5663843750953674,-0.06320439279079437,0.7176023125648499,0.6013935804367065,-0.06054656580090523,0.7138143181800842,0.6318519711494446,-0.053042326122522354,u
0.6907516717910767,0.7509937286376953,3.4686539152062323e-07,0.6472551822662354,0.7104424238204956,-0.01701219193637371,0.6261632442474365,0.644341766834259,-0.026604950428009033,0.6506524085998535,0.5859113931655884,-0.03874426707625389,0.6814159154891968,0.5544309020042419,-0.050367940217256546,0.6358110904693604,0.5670467615127563,-0.010763312689960003,0.6260312795639038,0.48865416646003723,-0.03204255923628807,0.6234127283096313,0.44047534465789795,-0.04665131866931915,0.6227635145187378,0.39789295196533203,-0.056311655789613724,0.6685755848884583,0.560401976108551,-0.01792731322348118,0.6584655046463013,0.46861252188682556,-0.04061167687177658,0.6491978168487549,0.4207743704319,-0.05461601912975311,0.6450766324996948,0.3775082230567932,-0.06182032451033592,0.7013701796531677,0.5741450190544128,-0.02789919264614582,0.6986292600631714,0.5111764073371887,-0.05813268944621086,0.6862589716911316,0.5673725605010986,-0.05701344460248947,0.6817662119865417,0.6088196039199829,-0.04748547822237015,0.7326920628547668,0.6028192639350891,-0.039625346660614014,0.723493218421936,0.5649965405464172,-0.06038038432598114,0.7120552659034729,0.6001325249671936,-0.05508666858077049,0.7097958922386169,0.6287922859191895,-0.04597148671746254,u
0.6893424987792969,0.7498900294303894,3.915583022262581e-07,0.6477643251419067,0.708745539188385,-0.01878727413713932,0.6277892589569092,0.6438702344894409,-0.029738783836364746,0.6522932648658752,0.5854505300521851,-0.04272748529911041,0.682084321975708,0.5508632659912109,-0.05490567535161972,0.6341879367828369,0.5662211775779724,-0.014306571334600449,0.6255611777305603,0.4877065420150757,-0.03636385500431061,0.6235262155532837,0.43893492221832275,-0.05121097341179848,0.623808741569519,0.39579296112060547,-0.061161402612924576,0.667748749256134,0.5597540140151978,-0.02092878706753254,0.6575804352760315,0.4702599048614502,-0.04506600275635719,0.6488457918167114,0.4209248125553131,-0.06049053370952606,0.6458117365837097,0.3750486373901367,-0.06876029819250107,0.7014856338500977,0.5746176242828369,-0.03014959767460823,0.7012526392936707,0.5148813128471375,-0.060241155326366425,0.6868066787719727,0.5684435367584229,-0.05892328545451164,0.6795884966850281,0.6061875820159912,-0.049685824662446976,0.7328327894210815,0.6042376756668091,-0.04136272892355919,0.7260965704917908,0.5702053904533386,-0.06203031167387962,0.7147729396820068,0.6006584763526917,-0.05699244514107704,0.7113244533538818,0.623498797416687,-0.04819222167134285,u
0.6825220584869385,0.7414621710777283,3.856918908695661e-07,0.6403827667236328,0.6999146342277527,-0.017799779772758484,0.6204082369804382,0.6367483735084534,-0.028115030378103256,0.6429499387741089,0.579135537147522,-0.04068092256784439,0.6732838749885559,0.5479488372802734,-0.05248897522687912,0.6276977062225342,0.5671094059944153,-0.01079576276242733,0.6198513507843018,0.4890884757041931,-0.03115568310022354,0.6191344261169434,0.4425557255744934,-0.04455455765128136,0.6202900409698486,0.4014779329299927,-0.05329785868525505,0.6593064069747925,0.5613913536071777,-0.01673540100455284,0.6491578221321106,0.4725055694580078,-0.038785193115472794,0.6408754587173462,0.4265236258506775,-0.05187105014920235,0.6377735137939453,0.3849862217903137,-0.0584724061191082,0.6910625100135803,0.5750023722648621,-0.02556554414331913,0.6924033164978027,0.5105993747711182,-0.05528503656387329,0.6795708537101746,0.5622528791427612,-0.0549883097410202,0.6732159852981567,0.6033598184585571,-0.0461621917784214,0.7210297584533691,0.6028624773025513,-0.0361810028553009,0.7167152166366577,0.5676112771034241,-0.05725302919745445,0.705590546131134,0.5956276655197144,-0.05396633967757225,0.7016274333000183,0.621035635471344,-0.04627895727753639,u
0.6815152764320374,0.7372509241104126,4.070612646955851e-07,0.6413959860801697,0.7001799941062927,-0.01921103708446026,0.6205039620399475,0.6378175616264343,-0.029549505561590195,0.6443879008293152,0.580345869064331,-0.0416693277657032,0.6753503680229187,0.5497890114784241,-0.053059857338666916,0.6267635226249695,0.5645537972450256,-0.01245515514165163,0.6201552152633667,0.48835238814353943,-0.032444827258586884,0.619282603263855,0.44141489267349243,-0.046000976115465164,0.6205469965934753,0.4002317786216736,-0.05525393411517143,0.6586027145385742,0.5583919882774353,-0.017909366637468338,0.6489850282669067,0.47287479043006897,-0.0404413565993309,0.6413378119468689,0.42523521184921265,-0.055270977318286896,0.6388363242149353,0.38248175382614136,-0.06322946399450302,0.6905797719955444,0.572335422039032,-0.025981880724430084,0.6922576427459717,0.5109056234359741,-0.05614892765879631,0.6809499263763428,0.5624365210533142,-0.05640340596437454,0.6755421757698059,0.6022364497184753,-0.04809058457612991,0.7203219532966614,0.6006231307983398,-0.03589486703276634,0.7141208052635193,0.5684824585914612,-0.05869727209210396,0.7044538855552673,0.599574863910675,-0.05589352175593376,0.7018905282020569,0.6259032487869263,-0.04826812446117401,u
0.6767485737800598,0.7337241172790527,3.4398846082694945e-07,0.6334713101387024,0.6972999572753906,-0.014821518212556839,0.6109997034072876,0.6343910098075867,-0.02285241335630417,0.6325319409370422,0.5765972137451172,-0.03341056779026985,0.6634063124656677,0.5485842227935791,-0.04345862567424774,0.6213231086730957,0.5714130997657776,-0.008527055382728577,0.6126585602760315,0.5000902414321899,-0.027164636179804802,0.6110151410102844,0.4560477137565613,-0.040149539709091187,0.6105493903160095,0.4171069860458374,-0.049133021384477615,0.6504844427108765,0.5630120038986206,-0.014725644141435623,0.6403293609619141,0.4759480953216553,-0.03544367477297783,0.6325868964195251,0.42889660596847534,-0.04836808890104294,0.6291188597679138,0.38697975873947144,-0.0554078184068203,0.680327832698822,0.5731441974639893,-0.023385420441627502,0.679518461227417,0.5073919892311096,-0.051445815712213516,0.6670422554016113,0.557799756526947,-0.05132222920656204,0.6608609557151794,0.6002217531204224,-0.04306074231863022,0.7095295786857605,0.5962162017822266,-0.033538296818733215,0.7017606496810913,0.5593501925468445,-0.05361910164356232,0.6889804005622864,0.5870602130889893,-0.05079672113060951,0.682961106300354,0.6143515110015869,-0.04385089501738548,u
0.6753737926483154,0.7322865128517151,3.8712281025254924e-07,0.6319843530654907,0.696761965751648,-0.015328198671340942,0.6111311316490173,0.6330750584602356,-0.02363826520740986,0.6335431933403015,0.5758800506591797,-0.03439091145992279,0.663776159286499,0.5493713617324829,-0.04476798698306084,0.621160089969635,0.5690131783485413,-0.01017603650689125,0.6138229966163635,0.49720364809036255,-0.029001500457525253,0.6121273636817932,0.4521494507789612,-0.04306812584400177,0.6118112802505493,0.41171795129776,-0.05358530580997467,0.6509451270103455,0.5617095232009888,-0.016827253624796867,0.6408957839012146,0.4767872989177704,-0.03905394300818443,0.6322258114814758,0.4282344579696655,-0.05551580339670181,0.6283900141716003,0.38503164052963257,-0.06557562947273254,0.6818337440490723,0.5731719136238098,-0.02535451017320156,0.6812825202941895,0.5070862770080566,-0.05333038046956062,0.6666132211685181,0.5582863688468933,-0.0533171184360981,0.6584894061088562,0.6003504991531372,-0.045896075665950775,0.7120945453643799,0.5974200367927551,-0.0354781448841095,0.7031075954437256,0.5626646876335144,-0.05676916614174843,0.6917124390602112,0.5920738577842712,-0.053831640630960464,0.6879543662071228,0.618675947189331,-0.04678717255592346,u
0.6657119393348694,0.7196546196937561,3.678115660932235e-07,0.6231663823127747,0.683688759803772,-0.014027578756213188,0.6021062135696411,0.6249785423278809,-0.022300317883491516,0.6241496801376343,0.5723528265953064,-0.03313235193490982,0.6532980799674988,0.5476818084716797,-0.04373046010732651,0.6141719818115234,0.5596121549606323,-0.008554251864552498,0.6070722341537476,0.4902467131614685,-0.026363741606473923,0.6058878898620605,0.44732576608657837,-0.03861277550458908,0.6062853932380676,0.40983545780181885,-0.046767689287662506,0.6429758071899414,0.5534104108810425,-0.014896325767040253,0.6334152221679688,0.4721313714981079,-0.034380871802568436,0.6264539957046509,0.427656888961792,-0.046726129949092865,0.624247670173645,0.38831430673599243,-0.05305403470993042,0.6726159453392029,0.5639526844024658,-0.023579705506563187,0.6705818772315979,0.5073416233062744,-0.050252340734004974,0.6584808230400085,0.5549611449241638,-0.05088090896606445,0.6534649729728699,0.5939298272132874,-0.043238114565610886,0.701475203037262,0.5863004922866821,-0.03362594172358513,0.6924151182174683,0.5542166233062744,-0.052235741168260574,0.680691123008728,0.5820726156234741,-0.049086794257164,0.6766055822372437,0.6076325178146362,-0.041957952082157135,u
0.6667258143424988,0.7209844589233398,3.4225354283989873e-07,0.6248082518577576,0.6883101463317871,-0.014794955030083656,0.6036729216575623,0.6290624141693115,-0.022759143263101578,0.6252661943435669,0.5743457078933716,-0.0330272801220417,0.6531198620796204,0.5481469035148621,-0.043245937675237656,0.6144348382949829,0.5613282918930054,-0.009738008491694927,0.6076610684394836,0.49085357785224915,-0.027451789006590843,0.6056646704673767,0.44702085852622986,-0.04065324366092682,0.6055982708930969,0.4085058271884918,-0.050416816025972366,0.6435767412185669,0.5553203821182251,-0.016160542145371437,0.6345272660255432,0.4754246473312378,-0.036307789385318756,0.6260418891906738,0.4288254976272583,-0.051499105989933014,0.6219719648361206,0.38742464780807495,-0.06085539236664772,0.6733077168464661,0.566408634185791,-0.02461903914809227,0.6719304919242859,0.5030627250671387,-0.05130636319518089,0.6571422815322876,0.5491515398025513,-0.05315177142620087,0.6487375497817993,0.5877211689949036,-0.04759932681918144,0.7027913928031921,0.589693546295166,-0.03450631722807884,0.6915522217750549,0.558403491973877,-0.05571040138602257,0.6789538860321045,0.5875003337860107,-0.05450323224067688,0.674317479133606,0.6142451167106628,-0.04893644526600838,u
0.6574274897575378,0.7149330377578735,3.4222139788653294e-07,0.6158604025840759,0.6787658333778381,-0.012263130396604538,0.5954697132110596,0.620094895362854,-0.019319729879498482,0.6170851588249207,0.5674570798873901,-0.029105763882398605,0.6461648941040039,0.5431566834449768,-0.038852375000715256,0.6075661182403564,0.5635562539100647,-0.006923929322510958,0.5994758009910583,0.4950036406517029,-0.02384604513645172,0.5978367924690247,0.45302173495292664,-0.0351308174431324,0.5972819328308105,0.4165612459182739,-0.04256480187177658,0.6355931758880615,0.5568358302116394,-0.013469703495502472,0.6259586215019226,0.4748132824897766,-0.032328542321920395,0.61811363697052,0.43101221323013306,-0.04385022073984146,0.6145828366279602,0.39344656467437744,-0.04942494258284569,0.6645622849464417,0.5662266612052917,-0.022147465497255325,0.6592050790786743,0.507739782333374,-0.04853854328393936,0.6483029127120972,0.5557698607444763,-0.04839058965444565,0.6446981430053711,0.5953347682952881,-0.04002056643366814,0.6933446526527405,0.586622416973114,-0.03191493824124336,0.6809154152870178,0.5536298751831055,-0.05069053918123245,0.6699556112289429,0.5839032530784607,-0.046951256692409515,0.66732257604599,0.6116045117378235,-0.0391988642513752,u
0.6565097570419312,0.7135429978370667,3.4395293369016144e-07,0.615776002407074,0.6781288981437683,-0.013247042894363403,0.5968109965324402,0.6190673112869263,-0.020420176908373833,0.6192449927330017,0.5655484795570374,-0.030153334140777588,0.648385763168335,0.5406188368797302,-0.03967910632491112,0.6068587303161621,0.5621392130851746,-0.007512976415455341,0.5999853610992432,0.4933450520038605,-0.023880617693066597,0.5984110832214355,0.4511990249156952,-0.035388313233852386,0.5981935858726501,0.41388988494873047,-0.0435783825814724,0.6349628567695618,0.5556631088256836,-0.013459880836308002,0.625994861125946,0.4779801666736603,-0.03271961584687233,0.6188068985939026,0.4323520064353943,-0.0459660068154335,0.6152955293655396,0.3930906653404236,-0.05348525941371918,0.6636574864387512,0.5650796294212341,-0.02132358029484749,0.6612049341201782,0.5063179135322571,-0.04745028167963028,0.6488608121871948,0.5548262000083923,-0.047940075397491455,0.6422251462936401,0.5960561633110046,-0.04081316292285919,0.6923028230667114,0.5853463411331177,-0.030451273545622826,0.6809541583061218,0.5567560791969299,-0.050337567925453186,0.6693885922431946,0.5871027112007141,-0.0479927659034729,0.6649957299232483,0.6157767176628113,-0.04138805717229843,u
0.6456151604652405,0.7042722702026367,3.351472344093054e-07,0.6053298115730286,0.6696138978004456,-0.013029488734900951,0.5855446457862854,0.6158515214920044,-0.02063952200114727,0.604650616645813,0.5660913586616516,-0.030592042952775955,0.6324277520179749,0.5426280498504639,-0.04026530310511589,0.5977124571800232,0.5572104454040527,-0.00606800802052021,0.5893616676330566,0.49177417159080505,-0.021152790635824203,0.5875301957130432,0.4519014060497284,-0.03195004165172577,0.5870941877365112,0.4167574644088745,-0.03963596746325493,0.6233470439910889,0.551978349685669,-0.011632593348622322,0.6142662167549133,0.47641780972480774,-0.028195731341838837,0.6070687770843506,0.43539881706237793,-0.03931272029876709,0.6042835116386414,0.39997971057891846,-0.045692067593336105,0.6496162414550781,0.5620232820510864,-0.01956724002957344,0.6469770669937134,0.5051988959312439,-0.04347601532936096,0.6357413530349731,0.5448809266090393,-0.04588047042489052,0.631594717502594,0.5810586810112,-0.04074598476290703,0.6756142377853394,0.5823436379432678,-0.028718125075101852,0.6662898063659668,0.5498337745666504,-0.04679515212774277,0.6552699208259583,0.5740665197372437,-0.04611135274171829,0.651810884475708,0.5998175144195557,-0.04141920432448387,u
0.6391178965568542,0.7008433938026428,3.0176860832398233e-07,0.6012038588523865,0.669075608253479,-0.012223310768604279,0.5824189782142639,0.6156885027885437,-0.019798951223492622,0.5984371900558472,0.5672746896743774,-0.02965378761291504,0.6239898204803467,0.5427018404006958,-0.03922897204756737,0.5934885740280151,0.5591875314712524,-0.00875761453062296,0.5856756567955017,0.49641767144203186,-0.02468736842274666,0.5835122466087341,0.45844289660453796,-0.035238366574048996,0.5831179022789001,0.4245383143424988,-0.042356427758932114,0.6186344623565674,0.5532285571098328,-0.01442466676235199,0.6104601621627808,0.4801165461540222,-0.03240504488348961,0.6038259863853455,0.44000375270843506,-0.043672408908605576,0.600818395614624,0.40510690212249756,-0.049791283905506134,0.6445403099060059,0.5615934729576111,-0.021844636648893356,0.6412646174430847,0.5058807134628296,-0.04602431133389473,0.631879448890686,0.551533579826355,-0.0453958660364151,0.6281871199607849,0.5892205834388733,-0.03796808794140816,0.6704996824264526,0.5802632570266724,-0.030381595715880394,0.6600964665412903,0.5508813261985779,-0.047772638499736786,0.6514133214950562,0.5797410011291504,-0.044364072382450104,0.6496680378913879,0.6053401231765747,-0.03751888871192932,u
0.6379832625389099,0.6978846788406372,3.0094392400314973e-07,0.6016937494277954,0.6685925126075745,-0.01351175643503666,0.5827075242996216,0.6180015802383423,-0.02174939215183258,0.5973864793777466,0.5694946646690369,-0.0318882130086422,0.6223668456077576,0.5434736609458923,-0.041509959846735,0.5934701561927795,0.5577978491783142,-0.009707114659249783,0.586305558681488,0.4950636625289917,-0.025662291795015335,0.5846002101898193,0.45695769786834717,-0.036732882261276245,0.5846797823905945,0.4230003356933594,-0.04463542252779007,0.6184029579162598,0.552132785320282,-0.014690876938402653,0.6103044152259827,0.4810123145580292,-0.03284624218940735,0.6036666631698608,0.4409322142601013,-0.04505797103047371,0.6006342172622681,0.4054652154445648,-0.05231378972530365,0.6440451741218567,0.5610604882240295,-0.02148246578872204,0.6426606178283691,0.5019738078117371,-0.045854516327381134,0.6319811344146729,0.5459568500518799,-0.046264275908470154,0.6265048384666443,0.5836279988288879,-0.040008872747421265,0.6703287959098816,0.5805240869522095,-0.02948945201933384,0.661490261554718,0.5512328743934631,-0.04847322404384613,0.6512675285339355,0.5775829553604126,-0.047037191689014435,0.6473848223686218,0.6022838950157166,-0.04159415885806084,u
0.6366932988166809,0.6997703909873962,2.779013357212534e-07,0.6002081632614136,0.6720057129859924,-0.01282340195029974,0.580707311630249,0.6199392080307007,-0.02009720169007778,0.5974836349487305,0.5702966451644897,-0.029205771163105965,0.6241346597671509,0.5466195344924927,-0.03810577094554901,0.5924867391586304,0.5635946989059448,-0.009832174517214298,0.5840746164321899,0.5011279582977295,-0.025549236685037613,0.581731915473938,0.4632917642593384,-0.036264073103666306,0.5809904932975769,0.42976832389831543,-0.04392814636230469,0.6173727512359619,0.5575467348098755,-0.014988717623054981,0.6084011793136597,0.48469287157058716,-0.03252030536532402,0.601648211479187,0.44531381130218506,-0.04398033395409584,0.5982746481895447,0.41141486167907715,-0.05064360797405243,0.6427618265151978,0.566024661064148,-0.021839847788214684,0.6386224031448364,0.507404625415802,-0.04605179280042648,0.6291716694831848,0.5528100728988647,-0.04579528048634529,0.6254081726074219,0.5904623866081238,-0.03897935524582863,0.668572187423706,0.5850929021835327,-0.02978641353547573,0.6561223268508911,0.5559699535369873,-0.049032699316740036,0.6470729112625122,0.5859474539756775,-0.04696864262223244,0.6454117894172668,0.6126385927200317,-0.040954820811748505,u
0.6359346508979797,0.6988664865493774,2.98007961418989e-07,0.6005239486694336,0.6699241399765015,-0.013399645686149597,0.5817909240722656,0.6190911531448364,-0.021345064043998718,0.5973726511001587,0.570624053478241,-0.031109366565942764,0.6231312155723572,0.5448944568634033,-0.04037651792168617,0.5920825600624084,0.5626657009124756,-0.009511454962193966,0.5847967267036438,0.499776691198349,-0.025207236409187317,0.5829404592514038,0.4620107412338257,-0.0357588455080986,0.5827682018280029,0.42869552969932556,-0.04312684386968613,0.6169431805610657,0.5569443106651306,-0.01428088266402483,0.6088095307350159,0.48582881689071655,-0.03219129145145416,0.602120041847229,0.4462412893772125,-0.043953489512205124,0.5987913012504578,0.41194528341293335,-0.050657354295253754,0.6421743035316467,0.5654482841491699,-0.020819472149014473,0.6398544311523438,0.5082215070724487,-0.04539724439382553,0.6296858191490173,0.5536105036735535,-0.045514095574617386,0.6248989105224609,0.5915441513061523,-0.03876118361949921,0.6677240133285522,0.5844069123268127,-0.02848438359797001,0.657118022441864,0.5561057925224304,-0.047757506370544434,0.6476019620895386,0.5851485133171082,-0.04594894498586655,0.644848644733429,0.6112227439880371,-0.0400039367377758,u
0.6385948657989502,0.7027502655982971,2.885358867388277e-07,0.6029167175292969,0.6739507913589478,-0.012676532380282879,0.5830592513084412,0.624589204788208,-0.02016138657927513,0.598550021648407,0.5757459998130798,-0.029702691361308098,0.6236921548843384,0.5505000352859497,-0.03882235288619995,0.5938965082168579,0.5652979016304016,-0.007523330394178629,0.5857303142547607,0.504115641117096,-0.022732704877853394,0.5834847092628479,0.46701735258102417,-0.03320362791419029,0.5828711986541748,0.43416815996170044,-0.04044003784656525,0.6182127594947815,0.5595269203186035,-0.012784293852746487,0.6093369722366333,0.4895786643028259,-0.030720073729753494,0.6026620864868164,0.45058661699295044,-0.04238278791308403,0.5993970036506653,0.4169703722000122,-0.04859831929206848,0.6432852745056152,0.5689371824264526,-0.01982196420431137,0.6389073729515076,0.5160055756568909,-0.044809866696596146,0.6296207308769226,0.5631873607635498,-0.04444347321987152,0.6259426474571228,0.6019045114517212,-0.03685200586915016,0.6685925722122192,0.5893512964248657,-0.027929512783885002,0.6574177742004395,0.5608031153678894,-0.04740177467465401,0.6485164165496826,0.5904325246810913,-0.04468509927392006,0.6462706923484802,0.6169396042823792,-0.03773536533117294,u
0.6375079154968262,0.7029058337211609,3.039383500436088e-07,0.6015340089797974,0.6728945374488831,-0.012363671325147152,0.5828149914741516,0.6233005523681641,-0.01991349086165428,0.5982567071914673,0.5753049254417419,-0.02962440997362137,0.6232958436012268,0.5505819320678711,-0.038913168013095856,0.5941818952560425,0.566616952419281,-0.007748880423605442,0.5867282152175903,0.5045937299728394,-0.022878244519233704,0.5846891403198242,0.4670703709125519,-0.03328077867627144,0.5840215682983398,0.4340772330760956,-0.04054403677582741,0.6184507012367249,0.560910701751709,-0.013109872117638588,0.6098236441612244,0.4904038608074188,-0.03063090331852436,0.6027453541755676,0.45094791054725647,-0.04217188432812691,0.5990220904350281,0.41691678762435913,-0.04855795577168465,0.6433144211769104,0.5700659155845642,-0.020215541124343872,0.6396288871765137,0.5147361755371094,-0.04424748197197914,0.6306477189064026,0.5598642826080322,-0.04385490342974663,0.6270100474357605,0.5980390310287476,-0.03661308065056801,0.6684959530830383,0.5900864601135254,-0.02843848429620266,0.6582704782485962,0.560857892036438,-0.04706655070185661,0.6493600010871887,0.5887699127197266,-0.044570520520210266,0.64695805311203,0.6147119998931885,-0.03804950788617134,u
0.6397453546524048,0.7067418098449707,2.731433426106378e-07,0.6051304340362549,0.6788822412490845,-0.013470306061208248,0.5860072374343872,0.6300426125526428,-0.021138310432434082,0.6002100706100464,0.5810804963111877,-0.03058946505188942,0.6247197389602661,0.5551838874816895,-0.039562515914440155,0.5951915383338928,0.5698055624961853,-0.008554265834391117,0.5867384672164917,0.5080748796463013,-0.023432301357388496,0.5844887495040894,0.47109851241111755,-0.03393116220831871,0.5839343070983887,0.43794018030166626,-0.04142395779490471,0.6195175647735596,0.563948392868042,-0.013243935070931911,0.6100397109985352,0.4937124252319336,-0.029971318319439888,0.6035899519920349,0.4551699161529541,-0.041333235800266266,0.6003474593162537,0.4213497042655945,-0.04797177389264107,0.6444420218467712,0.5730050802230835,-0.01981317065656185,0.6415430903434753,0.5151900053024292,-0.044091738760471344,0.6329789757728577,0.5583568215370178,-0.04512418434023857,0.6288929581642151,0.595842182636261,-0.039180558174848557,0.6697174906730652,0.5928062200546265,-0.027487915009260178,0.6612821221351624,0.5611817240715027,-0.04735671356320381,0.6514663100242615,0.5886449813842773,-0.04630076512694359,0.6470214128494263,0.6161876916885376,-0.04089513421058655,u
0.6398822069168091,0.7093777656555176,2.9330334427868365e-07,0.6045531034469604,0.6788284182548523,-0.013058612123131752,0.5859004855155945,0.6288254857063293,-0.020709607750177383,0.6002687811851501,0.580367386341095,-0.03030327893793583,0.6244109272956848,0.5541273951530457,-0.03944602608680725,0.5947474241256714,0.572844386100769,-0.00813257321715355,0.5869802236557007,0.5100816488265991,-0.02328498475253582,0.5848868489265442,0.4725477397441864,-0.033806588500738144,0.5843217372894287,0.4388343095779419,-0.04117449000477791,0.6190021634101868,0.5669294595718384,-0.012939035892486572,0.6099997162818909,0.49554145336151123,-0.030023369938135147,0.6036596298217773,0.45624980330467224,-0.04143734276294708,0.6006127595901489,0.42182764410972595,-0.04800853133201599,0.643867015838623,0.575145423412323,-0.01962757669389248,0.6418148875236511,0.5158458352088928,-0.04406735673546791,0.6333126425743103,0.559307336807251,-0.04494185745716095,0.6294307708740234,0.5976343154907227,-0.03867647051811218,0.6691499352455139,0.5937291383743286,-0.027389386668801308,0.6607708930969238,0.5613556504249573,-0.04691685363650322,0.6517333984375,0.5885758399963379,-0.04558282345533371,0.648341953754425,0.6159542202949524,-0.03993016853928566,u
0.6394886374473572,0.7065831422805786,2.8501960969151696e-07,0.6042546629905701,0.6782936453819275,-0.012719823978841305,0.5861031413078308,0.6282968521118164,-0.01986004039645195,0.6018684506416321,0.5810396671295166,-0.02895175665616989,0.6256694197654724,0.5562074184417725,-0.037707455456256866,0.5950213074684143,0.5714535117149353,-0.007994403131306171,0.5873780846595764,0.5103667974472046,-0.02273550257086754,0.5849887728691101,0.4735831320285797,-0.032809577882289886,0.5839564204216003,0.4408974051475525,-0.039847418665885925,0.619284451007843,0.565704345703125,-0.012840185314416885,0.6106303334236145,0.4966138005256653,-0.029765572398900986,0.6038170456886292,0.45796558260917664,-0.04097583517432213,0.5995707511901855,0.42468932271003723,-0.047281522303819656,0.644130289554596,0.5737685561180115,-0.019493408501148224,0.6419487595558167,0.5183284282684326,-0.04365713149309158,0.6337274312973022,0.5637087821960449,-0.04422515258193016,0.6294813752174377,0.6017677783966064,-0.03781222179532051,0.6694670915603638,0.5921292901039124,-0.027203628793358803,0.6597187519073486,0.5655972957611084,-0.04627281054854393,0.6504525542259216,0.5954133868217468,-0.04468293860554695,0.6469309329986572,0.6220790147781372,-0.03895572945475578,u
0.6392095685005188,0.7069694399833679,2.9786301070089394e-07,0.6039624810218811,0.6783334612846375,-0.012410546652972698,0.5857784748077393,0.6288042664527893,-0.01966189034283161,0.6010264158248901,0.5810434818267822,-0.02894091233611107,0.6246586441993713,0.5558409690856934,-0.03783276677131653,0.5950173139572144,0.5731937885284424,-0.007863547652959824,0.5875439047813416,0.5118953585624695,-0.02296694740653038,0.5855017900466919,0.47456735372543335,-0.03319355472922325,0.5846611857414246,0.4414786100387573,-0.04016977176070213,0.6190345287322998,0.5674254894256592,-0.012861802242696285,0.6105353832244873,0.49749094247817993,-0.030492717400193214,0.6036166548728943,0.4579724967479706,-0.041958894580602646,0.599496066570282,0.42416927218437195,-0.048110753297805786,0.6437954306602478,0.575209379196167,-0.019575150683522224,0.6411923170089722,0.5199925899505615,-0.0439765490591526,0.6328350901603699,0.5663235783576965,-0.04364277794957161,0.628813624382019,0.6048895716667175,-0.0362209789454937,0.6692504286766052,0.5929256081581116,-0.027328578755259514,0.6588178277015686,0.5650120377540588,-0.04593615606427193,0.6500456929206848,0.594794750213623,-0.04327147454023361,0.6471505761146545,0.6212953329086304,-0.03655724227428436,u
0.6408969759941101,0.7078539133071899,2.9384395361375937e-07,0.6058064699172974,0.6808934211730957,-0.012871680781245232,0.5869507193565369,0.6305882930755615,-0.020124834030866623,0.6019657850265503,0.5819003582000732,-0.029167477041482925,0.6260561347007751,0.5557136535644531,-0.037626978009939194,0.5953846573829651,0.575024425983429,-0.00850200466811657,0.5870630741119385,0.5128350853919983,-0.023119594901800156,0.5847133994102478,0.4757542610168457,-0.032795924693346024,0.5837185382843018,0.4430708587169647,-0.03946778178215027,0.6193783283233643,0.5686940550804138,-0.013008954003453255,0.6103469133377075,0.49817290902137756,-0.029946906492114067,0.6031228303909302,0.4594585597515106,-0.04087051749229431,0.5992387533187866,0.42592525482177734,-0.046850353479385376,0.6437023878097534,0.5766996741294861,-0.01921974867582321,0.6408824324607849,0.5202475190162659,-0.04267094284296036,0.6330106854438782,0.5654056668281555,-0.04183259233832359,0.62993985414505,0.6027860641479492,-0.03441469743847847,0.668406069278717,0.5951444506645203,-0.026562977582216263,0.6599265336990356,0.5633779168128967,-0.044749196618795395,0.6521134972572327,0.5910442471504211,-0.04203251749277115,0.6500919461250305,0.6164311170578003,-0.035454146564006805,u
0.6405019760131836,0.708114504814148,2.976241262331314e-07,0.6057536602020264,0.6807423233985901,-0.012938639149069786,0.5871307253837585,0.6303067207336426,-0.02020951546728611,0.6020448207855225,0.5821860432624817,-0.029274269938468933,0.6259122490882874,0.5561645030975342,-0.03780495747923851,0.5951967835426331,0.575081467628479,-0.008527636528015137,0.587170422077179,0.5131698250770569,-0.022947609424591064,0.5847197771072388,0.47609061002731323,-0.03264100104570389,0.5836360454559326,0.44335389137268066,-0.03945690765976906,0.6192228198051453,0.5687078237533569,-0.01306292973458767,0.6102524995803833,0.49864110350608826,-0.029651563614606857,0.6030778884887695,0.46017003059387207,-0.04056379199028015,0.5993028879165649,0.4265185594558716,-0.046753786504268646,0.6437302231788635,0.5766759514808655,-0.019321860745549202,0.6417104005813599,0.5191284418106079,-0.04256581515073776,0.6334089636802673,0.5634214282035828,-0.042285073548555374,0.6298648715019226,0.6007603406906128,-0.03548707813024521,0.6685630679130554,0.595228374004364,-0.026713157072663307,0.6605220437049866,0.5638477802276611,-0.044997889548540115,0.6523366570472717,0.5907575488090515,-0.042861126363277435,0.6500627398490906,0.6159612536430359,-0.03684231638908386,u
0.6400973200798035,0.7063578367233276,2.865168369226012e-07,0.6055521965026855,0.6788976788520813,-0.012498641386628151,0.5867230892181396,0.6301286816596985,-0.01972298137843609,0.6012569665908813,0.5835875868797302,-0.028795136138796806,0.6249948143959045,0.5581172704696655,-0.03744373098015785,0.5950721502304077,0.572618305683136,-0.008009668439626694,0.5872051119804382,0.5120697617530823,-0.022416824474930763,0.5846919417381287,0.47584497928619385,-0.032351236790418625,0.583591639995575,0.44389426708221436,-0.0394279882311821,0.6188904047012329,0.5666224956512451,-0.012723689898848534,0.60999995470047,0.4980989098548889,-0.02916131168603897,0.6032645106315613,0.4600110948085785,-0.04039907082915306,0.5997946262359619,0.42690277099609375,-0.046928927302360535,0.6433019042015076,0.574495792388916,-0.019191987812519073,0.640920877456665,0.5170661211013794,-0.042304087430238724,0.6328321695327759,0.5601963400840759,-0.042994506657123566,0.6293805241584778,0.596768856048584,-0.03704915940761566,0.6684574484825134,0.5923289656639099,-0.026707621291279793,0.6585164070129395,0.5640018582344055,-0.045098546892404556,0.6503345370292664,0.5909869074821472,-0.04388976842164993,0.6484861373901367,0.6154021620750427,-0.03862050548195839,u
0.6401560306549072,0.7057375311851501,2.862117014501564e-07,0.6053782105445862,0.6783355474472046,-0.012496751733124256,0.5863747596740723,0.6300132274627686,-0.0197154451161623,0.6006994247436523,0.5833679437637329,-0.028818456456065178,0.624393105506897,0.558369517326355,-0.03755252808332443,0.5952733159065247,0.5725626349449158,-0.007951396517455578,0.5872483849525452,0.5119225382804871,-0.022341402247548103,0.5849025249481201,0.4755893647670746,-0.03222643584012985,0.5839759111404419,0.44366753101348877,-0.03921114280819893,0.6191038489341736,0.5666005611419678,-0.012687521055340767,0.6100786328315735,0.49834251403808594,-0.029126735404133797,0.6033388376235962,0.46014341711997986,-0.040284283459186554,0.5998372435569763,0.42708393931388855,-0.04669416695833206,0.6434537768363953,0.5746122598648071,-0.01919986680150032,0.6405070424079895,0.5174248814582825,-0.04236568510532379,0.6328815221786499,0.560110330581665,-0.043057966977357864,0.6297975182533264,0.5965110659599304,-0.03703823685646057,0.6685494780540466,0.5927380919456482,-0.026752416044473648,0.6585653424263,0.5640506744384766,-0.04512864723801613,0.6504510641098022,0.5908911824226379,-0.043838534504175186,0.6484729647636414,0.6155847311019897,-0.03847150132060051,u
0.6409894824028015,0.7050798535346985,2.7667985591506294e-07,0.6062113642692566,0.6791600584983826,-0.01221848651766777,0.5875377058982849,0.6292129755020142,-0.019234780222177505,0.6028658151626587,0.581791877746582,-0.028018582612276077,0.6267313957214355,0.5569591522216797,-0.036604173481464386,0.5969284772872925,0.5714879631996155,-0.00895734503865242,0.5896064639091492,0.5117985606193542,-0.023258812725543976,0.5877962112426758,0.475468248128891,-0.03320646286010742,0.5872716903686523,0.4433126449584961,-0.0403837151825428,0.6210573315620422,0.5660192966461182,-0.01400236040353775,0.6121835708618164,0.4981624484062195,-0.030339473858475685,0.6052920818328857,0.46051064133644104,-0.04144943505525589,0.6014149188995361,0.42823052406311035,-0.04797240346670151,0.6457824110984802,0.5746305584907532,-0.020596297457814217,0.6415205001831055,0.5192540884017944,-0.043990608304739,0.6325379610061646,0.5628830194473267,-0.04462851583957672,0.628494143486023,0.5998073816299438,-0.0387641005218029,0.6709259152412415,0.5933839082717896,-0.028151817619800568,0.6583863496780396,0.567615807056427,-0.04760371521115303,0.6489183902740479,0.5975006222724915,-0.04640866070985794,0.6461168527603149,0.6243236660957336,-0.041050199419260025,u
0.6408412456512451,0.7056940793991089,2.718867335715913e-07,0.606005072593689,0.6795280575752258,-0.012177219614386559,0.5872776508331299,0.6298584342002869,-0.01931096985936165,0.6017679572105408,0.5820646286010742,-0.028224453330039978,0.6251842975616455,0.5568079948425293,-0.0369049608707428,0.5977392792701721,0.572684109210968,-0.00883057527244091,0.5900566577911377,0.5129604935646057,-0.023425398394465446,0.5879452228546143,0.4771063029766083,-0.03326307609677315,0.5871666669845581,0.44518792629241943,-0.04011103883385658,0.6213921308517456,0.5675850510597229,-0.01385924220085144,0.6122802495956421,0.498765766620636,-0.03066347911953926,0.6052436232566833,0.46083956956863403,-0.04169036075472832,0.6013246774673462,0.42794254422187805,-0.047784868627786636,0.6458515524864197,0.5760931372642517,-0.020467422902584076,0.6406592726707458,0.5218355655670166,-0.04428331181406975,0.6314268112182617,0.5654202103614807,-0.04461677744984627,0.6275240778923035,0.6015952229499817,-0.038130369037389755,0.6709060072898865,0.5945401191711426,-0.02799917571246624,0.6582580804824829,0.5670064687728882,-0.04707910493016243,0.6491419672966003,0.5970238447189331,-0.04517146944999695,0.6468881368637085,0.6236599683761597,-0.03914979472756386,u
0.6431049704551697,0.7075352668762207,2.786967456813727e-07,0.6070741415023804,0.6800114512443542,-0.011462298221886158,0.5870043635368347,0.632297694683075,-0.01866394653916359,0.6002514362335205,0.5853084921836853,-0.028135361149907112,0.6234158277511597,0.5599204897880554,-0.03741678223013878,0.6012750267982483,0.5734495520591736,-0.007371853105723858,0.5935526490211487,0.5126646161079407,-0.022255487740039825,0.5918205380439758,0.4763418436050415,-0.032493866980075836,0.591459333896637,0.44417548179626465,-0.03951066732406616,0.6247875690460205,0.5685421824455261,-0.013178554363548756,0.6159746050834656,0.49930620193481445,-0.03003569133579731,0.6091654300689697,0.4612448215484619,-0.040974654257297516,0.6053143739700317,0.4286322593688965,-0.046834465116262436,0.6487862467765808,0.577840268611908,-0.020706813782453537,0.6409266591072083,0.5228327512741089,-0.04500708729028702,0.6319791674613953,0.5666725635528564,-0.045065443962812424,0.6287927031517029,0.6037504076957703,-0.038028962910175323,0.6729922294616699,0.5978371500968933,-0.029134443029761314,0.6590906977653503,0.5675077438354492,-0.048305656760931015,0.649203896522522,0.5955725312232971,-0.045911386609077454,0.6462252140045166,0.622236430644989,-0.03936462849378586,u
0.6427530646324158,0.7082172632217407,2.7977873173767875e-07,0.6069138646125793,0.6799824237823486,-0.011720438487827778,0.5873444080352783,0.6323976516723633,-0.01915467157959938,0.6005997657775879,0.5857731103897095,-0.028794704005122185,0.6240296363830566,0.5608002543449402,-0.03813989832997322,0.6010517477989197,0.5755410194396973,-0.007910244166851044,0.5934503078460693,0.514190137386322,-0.02287103608250618,0.5918047428131104,0.4779896140098572,-0.033016398549079895,0.5917953848838806,0.44577756524086,-0.03998285531997681,0.6246068477630615,0.570507287979126,-0.01338630449026823,0.6156316995620728,0.5008252859115601,-0.030348438769578934,0.6094971299171448,0.4625646471977234,-0.04123381897807121,0.6066532731056213,0.4291660189628601,-0.04716470465064049,0.6486667394638062,0.5793458819389343,-0.02061021700501442,0.6421959400177002,0.5228177309036255,-0.04473114758729935,0.6330411434173584,0.5652790665626526,-0.044936373829841614,0.6294325590133667,0.6019260287284851,-0.03810478746891022,0.6729583740234375,0.598499059677124,-0.0287681445479393,0.6608744263648987,0.5665335059165955,-0.04752393439412117,0.6509893536567688,0.5923511981964111,-0.04538916423916817,0.647688090801239,0.6179693341255188,-0.039192430675029755,u
0.6432501077651978,0.7123653888702393,2.8924921480211196e-07,0.60747891664505,0.6841368675231934,-0.010112506337463856,0.5856241583824158,0.6376265287399292,-0.018165618181228638,0.5932455062866211,0.5925182104110718,-0.02874268963932991,0.6154729127883911,0.567991316318512,-0.03907761722803116,0.607521653175354,0.5738595724105835,-0.008514727465808392,0.6036844253540039,0.5138980150222778,-0.023821886628866196,0.604552149772644,0.4786248207092285,-0.03463808074593544,0.6065536737442017,0.4476775527000427,-0.042020369321107864,0.629470705986023,0.5718922019004822,-0.015176959335803986,0.6229107975959778,0.5006908178329468,-0.031117241829633713,0.6183707118034363,0.46312713623046875,-0.04120463505387306,0.6161278486251831,0.43117088079452515,-0.046646732836961746,0.652046799659729,0.5827644467353821,-0.023462116718292236,0.6405441164970398,0.5308189988136292,-0.04528547450900078,0.626879096031189,0.5684126615524292,-0.045564375817775726,0.6203489303588867,0.6025097370147705,-0.03962685540318489,0.6740321516990662,0.6039634346961975,-0.032739851623773575,0.6564356684684753,0.577264130115509,-0.049946367740631104,0.6422457098960876,0.6003193855285645,-0.04827263206243515,0.6353925466537476,0.6243851184844971,-0.042837779968976974,u
0.6450707912445068,0.7168086767196655,2.9551191005339206e-07,0.6099240779876709,0.6867409348487854,-0.008831417188048363,0.5872426629066467,0.6403834223747253,-0.01702205091714859,0.5917676687240601,0.5953913927078247,-0.028305895626544952,0.6135441660881042,0.5681966543197632,-0.038984812796115875,0.6115735769271851,0.576529324054718,-0.00691412016749382,0.6067917943000793,0.5148348808288574,-0.022762801498174667,0.6080368757247925,0.47912517189979553,-0.0328436903655529,0.6111325621604919,0.4481506943702698,-0.03880659118294716,0.6327431797981262,0.5745146870613098,-0.014062119647860527,0.627200722694397,0.5017980933189392,-0.030595453456044197,0.623096764087677,0.4637002646923065,-0.03956148400902748,0.621598482131958,0.4311985373497009,-0.04314146935939789,0.6543684601783752,0.5846143364906311,-0.022942354902625084,0.6385834217071533,0.5408347249031067,-0.045138370245695114,0.6244408488273621,0.5799005031585693,-0.04398797079920769,0.6197112798690796,0.6143403053283691,-0.0359044224023819,0.6743670105934143,0.6041260957717896,-0.03284509479999542,0.6554648876190186,0.5793133974075317,-0.047751132398843765,0.6423250436782837,0.5996151566505432,-0.04416641592979431,0.6380534768104553,0.6208389401435852,-0.037082672119140625,u
0.6451696753501892,0.717746376991272,2.982698106279713e-07,0.6094046235084534,0.6857432723045349,-0.008073221892118454,0.5873177647590637,0.6386894583702087,-0.01613168604671955,0.5921659469604492,0.5946874022483826,-0.027623360976576805,0.6136810779571533,0.5672727227210999,-0.0385282039642334,0.6115954518318176,0.5756239295005798,-0.005290690343827009,0.6071280241012573,0.5146984457969666,-0.021048670634627342,0.6085031032562256,0.4789523482322693,-0.0312698632478714,0.6117799878120422,0.4477030634880066,-0.03742768242955208,0.6325725317001343,0.5740167498588562,-0.013002753257751465,0.6268061399459839,0.5014535188674927,-0.0297276321798563,0.6224399209022522,0.46297621726989746,-0.039050955325365067,0.6206713914871216,0.4302927851676941,-0.042920079082250595,0.6542012691497803,0.5841824412345886,-0.02251799777150154,0.6380245685577393,0.5401272177696228,-0.044710710644721985,0.6240018606185913,0.5778818130493164,-0.043686315417289734,0.6190893650054932,0.6115838289260864,-0.03573717921972275,0.6743854880332947,0.60335373878479,-0.0330282524228096,0.6547179818153381,0.5771846771240234,-0.04735688120126724,0.6419264078140259,0.596422553062439,-0.04351944103837013,0.6375860571861267,0.6170620918273926,-0.036444876343011856,u
0.6452784538269043,0.7181869149208069,3.0282046736829216e-07,0.6104482412338257,0.6834484338760376,-0.007029504049569368,0.5897399187088013,0.6369991302490234,-0.014852801337838173,0.5924124717712402,0.5944716334342957,-0.026366757228970528,0.6143098473548889,0.5670375227928162,-0.03719189018011093,0.6162843704223633,0.5737411379814148,-0.003740031970664859,0.6136795282363892,0.5138518810272217,-0.019435815513134003,0.6153256893157959,0.47812801599502563,-0.029130835086107254,0.6189453601837158,0.4476390480995178,-0.03448550030589104,0.6378854513168335,0.5719326734542847,-0.011924970895051956,0.6337637305259705,0.5015186071395874,-0.028425704687833786,0.6298065185546875,0.4622466266155243,-0.03719877079129219,0.6274899840354919,0.4296910762786865,-0.04029583930969238,0.6588237285614014,0.5821404457092285,-0.021984316408634186,0.6358327269554138,0.546596884727478,-0.04382571578025818,0.6208591461181641,0.5827865600585938,-0.043387521058321,0.6163238883018494,0.6149533987045288,-0.03572019562125206,0.6760814189910889,0.6014919281005859,-0.03298085927963257,0.6502985954284668,0.580933153629303,-0.04631923511624336,0.6352117657661438,0.5992961525917053,-0.04266786947846413,0.6297468543052673,0.6183506846427917,-0.03586195409297943,u
0.6459375023841858,0.7180711627006531,3.0219422342270263e-07,0.6105800867080688,0.68405681848526,-0.008098016493022442,0.5889248251914978,0.637395441532135,-0.01660284213721752,0.5917927026748657,0.5940903425216675,-0.028582675382494926,0.614543616771698,0.5662299394607544,-0.03982042148709297,0.615294873714447,0.5761217474937439,-0.005093016661703587,0.6125004887580872,0.5149874687194824,-0.02146722748875618,0.6141077876091003,0.4786214828491211,-0.0315268374979496,0.6178484559059143,0.44730591773986816,-0.03711686655879021,0.637067973613739,0.5739575028419495,-0.01279436331242323,0.63353431224823,0.50220787525177,-0.030073635280132294,0.629801869392395,0.46315205097198486,-0.038855135440826416,0.6281194090843201,0.4302822947502136,-0.04177113622426987,0.6584697365760803,0.583969235420227,-0.022421453148126602,0.6369651556015015,0.5465517044067383,-0.04492289200425148,0.6220196485519409,0.5839048027992249,-0.04376006871461868,0.6182685494422913,0.616280734539032,-0.03534332662820816,0.6762783527374268,0.6026384830474854,-0.033070750534534454,0.6511221528053284,0.5809860229492188,-0.04685251787304878,0.6365855932235718,0.5998024940490723,-0.042800791561603546,0.6325817704200745,0.6185278296470642,-0.03551803156733513,u
0.6460914611816406,0.719083845615387,3.2352474477193027e-07,0.6127249002456665,0.6853846311569214,-0.007431539241224527,0.591746985912323,0.6369648575782776,-0.015540729276835918,0.5923755764961243,0.5953651666641235,-0.027345120906829834,0.6144194006919861,0.5673887133598328,-0.03833715617656708,0.6208162307739258,0.5736578702926636,-0.002382357604801655,0.6177037358283997,0.5143437385559082,-0.018439726904034615,0.619635283946991,0.47783952951431274,-0.028188331052660942,0.6241976618766785,0.4475333094596863,-0.03339230269193649,0.6415513753890991,0.5735089182853699,-0.010824209079146385,0.6381397247314453,0.5023919939994812,-0.028444137424230576,0.6335558891296387,0.4624624252319336,-0.0376456156373024,0.6317605376243591,0.4298171401023865,-0.04043811559677124,0.6612797975540161,0.584313690662384,-0.021298136562108994,0.6355329155921936,0.5500527620315552,-0.04517923668026924,0.6215212345123291,0.5886227488517761,-0.04442708194255829,0.620457112789154,0.6204331517219543,-0.035597290843725204,0.6765964031219482,0.6037311553955078,-0.03260927274823189,0.6465960144996643,0.5828149914741516,-0.04783308506011963,0.6350434422492981,0.6086915731430054,-0.043462686240673065,0.6363238096237183,0.6317581534385681,-0.03536827862262726,u
0.6464396715164185,0.7185872793197632,3.2042322573033744e-07,0.6121950149536133,0.6844006776809692,-0.007820332422852516,0.5912818908691406,0.6369818449020386,-0.016532398760318756,0.5925623178482056,0.5942322611808777,-0.028931252658367157,0.615968644618988,0.5662569999694824,-0.04048319160938263,0.6193070411682129,0.5758995413780212,-0.0028385345358401537,0.6164274215698242,0.5154713988304138,-0.018923349678516388,0.6179813742637634,0.4786284565925598,-0.028293808922171593,0.62201327085495,0.44785022735595703,-0.03314649313688278,0.6404797434806824,0.5754154324531555,-0.01118034590035677,0.6382209658622742,0.5029928684234619,-0.029430201277136803,0.6341040730476379,0.462592750787735,-0.03873417526483536,0.6322646737098694,0.4296792149543762,-0.04126818850636482,0.6607504487037659,0.5859662294387817,-0.02150476537644863,0.6355495452880859,0.5517409443855286,-0.04632239416241646,0.6221163868904114,0.5910186171531677,-0.04565770551562309,0.6211786866188049,0.6228339076042175,-0.036443352699279785,0.6765856742858887,0.6045724153518677,-0.03257044404745102,0.6462135910987854,0.5822950005531311,-0.048054423183202744,0.6346822381019592,0.6092911958694458,-0.04331236705183983,0.6358936429023743,0.633025050163269,-0.03474985063076019,u
0.6469189524650574,0.715404748916626,3.3059023962778156e-07,0.6135915517807007,0.6811834573745728,-0.008056556805968285,0.5935907363891602,0.6350253224372864,-0.01693076267838478,0.5935438871383667,0.5953782796859741,-0.029529942199587822,0.6149210333824158,0.5671510100364685,-0.04117826744914055,0.6240543723106384,0.5718317031860352,-0.0017462070100009441,0.6223909854888916,0.513938844203949,-0.017810046672821045,0.6245132684707642,0.47860953211784363,-0.02746780589222908,0.6292498707771301,0.44919294118881226,-0.03291255980730057,0.644257664680481,0.5713511109352112,-0.010172459296882153,0.6421270966529846,0.5014139413833618,-0.028231292963027954,0.6380757093429565,0.4629310071468353,-0.03731198608875275,0.6362266540527344,0.4305095076560974,-0.04019727185368538,0.6628873348236084,0.5820912718772888,-0.020853064954280853,0.6357783675193787,0.5449461936950684,-0.045644134283065796,0.6228564381599426,0.586025595664978,-0.044286224991083145,0.622900128364563,0.6183619499206543,-0.03520268574357033,0.6764203906059265,0.6021952629089355,-0.0324617438018322,0.6441821455955505,0.5845639705657959,-0.04929560795426369,0.6338294744491577,0.6124320030212402,-0.04577257111668587,0.6367129683494568,0.6347426772117615,-0.03827189281582832,u
0.6478224992752075,0.7155358791351318,3.2834034868756135e-07,0.6137476563453674,0.680927038192749,-0.008305631577968597,0.593015730381012,0.6350418925285339,-0.017627492547035217,0.5926164984703064,0.5952556729316711,-0.030598625540733337,0.614655077457428,0.5696256160736084,-0.04247153177857399,0.6237799525260925,0.5735576152801514,-0.002965893130749464,0.6221022605895996,0.5132977366447449,-0.019221991300582886,0.6242504119873047,0.4774078130722046,-0.028736775740981102,0.6289690732955933,0.4478294253349304,-0.03414507210254669,0.6441256999969482,0.5724949240684509,-0.011276491917669773,0.6420316100120544,0.5003421902656555,-0.02943270280957222,0.6379461288452148,0.462169885635376,-0.03817806392908096,0.636416494846344,0.4289501905441284,-0.04087315872311592,0.6629910469055176,0.5829600095748901,-0.02176464907824993,0.6373721957206726,0.5421351194381714,-0.04631134495139122,0.6238298416137695,0.5840728282928467,-0.04419400542974472,0.6233730316162109,0.6169679760932922,-0.03468584269285202,0.6765302419662476,0.6030855178833008,-0.033272113651037216,0.6447871923446655,0.5840824842453003,-0.050207965075969696,0.633558452129364,0.6118549704551697,-0.04684362933039665,0.636001706123352,0.6339333653450012,-0.039465632289648056,u
0.64776611328125,0.7164254188537598,3.1783301324139757e-07,0.6144904494285583,0.6824173927307129,-0.008622481487691402,0.594153881072998,0.6352074146270752,-0.017688382416963577,0.5945946574211121,0.5952928066253662,-0.030260050669312477,0.6165757179260254,0.5693912506103516,-0.04179555922746658,0.625250518321991,0.568356990814209,-0.0022405951749533415,0.6228432059288025,0.5127300024032593,-0.018683206290006638,0.6250317692756653,0.47765597701072693,-0.029168449342250824,0.6300686001777649,0.44849973917007446,-0.03522922098636627,0.6468095183372498,0.5679593086242676,-0.010526261292397976,0.6436670422554016,0.5008003115653992,-0.028558781370520592,0.6395992040634155,0.46179336309432983,-0.03812503069639206,0.6381677985191345,0.42982572317123413,-0.041411980986595154,0.6662296056747437,0.5797963738441467,-0.021082378923892975,0.6381689310073853,0.5477409362792969,-0.045322030782699585,0.6243327260017395,0.5876424908638,-0.04403570294380188,0.6236506104469299,0.6197971105575562,-0.03506500646471977,0.6797781586647034,0.6017760634422302,-0.032695647329092026,0.646419882774353,0.5858330130577087,-0.04878031834959984,0.6353862881660461,0.6136676669120789,-0.04485359787940979,0.6374295949935913,0.6368595957756042,-0.037079934030771255,u
0.6478670239448547,0.7167357206344604,3.285698824129213e-07,0.6145285367965698,0.682607889175415,-0.008203551173210144,0.5940929651260376,0.6358168125152588,-0.0171031653881073,0.5938641428947449,0.5959294438362122,-0.029640227556228638,0.6156875491142273,0.5709323883056641,-0.041026320308446884,0.6244441866874695,0.5704014301300049,-0.0016493197763338685,0.6229866743087769,0.5130060315132141,-0.017892280593514442,0.6252469420433044,0.47760263085365295,-0.027886739000678062,0.6301182508468628,0.44820284843444824,-0.03351509943604469,0.645720362663269,0.5695247650146484,-0.010076583363115788,0.6431013941764832,0.5000184774398804,-0.028390606865286827,0.6395611763000488,0.46089792251586914,-0.037893787026405334,0.638663113117218,0.42879098653793335,-0.04078897461295128,0.6654173731803894,0.5807470679283142,-0.02070257067680359,0.6382935643196106,0.5490983724594116,-0.045269742608070374,0.6245840787887573,0.590035617351532,-0.04384799301624298,0.6238038539886475,0.6226726770401001,-0.034416574984788895,0.6794585585594177,0.601794421672821,-0.03231571614742279,0.6473022103309631,0.5860491394996643,-0.04791479557752609,0.63639235496521,0.6142453551292419,-0.04357929155230522,0.6385858058929443,0.6373950839042664,-0.03542713075876236,u
0.6506778597831726,0.7203878164291382,3.120968301573157e-07,0.6158895492553711,0.6843791007995605,-0.00804050825536251,0.594761073589325,0.6379428505897522,-0.017309138551354408,0.5942119359970093,0.5963897705078125,-0.03036593459546566,0.6168766617774963,0.5691859722137451,-0.04237135127186775,0.6247757077217102,0.5783788561820984,-0.002715694485232234,0.622036874294281,0.5166236758232117,-0.018973466008901596,0.6237308382987976,0.4801257252693176,-0.028709307312965393,0.6285824179649353,0.44937294721603394,-0.034128181636333466,0.6460818648338318,0.577099621295929,-0.011236677877604961,0.6434303522109985,0.5047354698181152,-0.02946370095014572,0.6395571827888489,0.4646279215812683,-0.03875432908535004,0.637812077999115,0.43158674240112305,-0.04183394834399223,0.6659191250801086,0.5867423415184021,-0.021897070109844208,0.6391868591308594,0.5479758381843567,-0.046371594071388245,0.6254849433898926,0.5885973572731018,-0.04510035365819931,0.6243548393249512,0.6221678853034973,-0.036107033491134644,0.680599570274353,0.6047680377960205,-0.03351929038763046,0.6473410725593567,0.5835984349250793,-0.04947393015027046,0.6339306831359863,0.6105132699012756,-0.045550595968961716,0.6337448954582214,0.6341094970703125,-0.03791598230600357,u
0.650287926197052,0.7203100919723511,3.2726347853895277e-07,0.6154031157493591,0.6842128038406372,-0.007204815745353699,0.5948336720466614,0.6375603079795837,-0.01601288840174675,0.5950832962989807,0.596630334854126,-0.02893729694187641,0.6177908778190613,0.5695858597755432,-0.040875568985939026,0.6249405145645142,0.5771313309669495,-0.0016555514885112643,0.6224532723426819,0.5171911716461182,-0.017807289958000183,0.6248145699501038,0.4811476469039917,-0.027649590745568275,0.630145251750946,0.4507942795753479,-0.03321495279669762,0.6457058191299438,0.5759075284004211,-0.010569078847765923,0.6427860260009766,0.5041388869285583,-0.028616877272725105,0.639516294002533,0.4643407464027405,-0.037843894213438034,0.6387643814086914,0.43154484033584595,-0.04095064848661423,0.6651833057403564,0.5863969922065735,-0.02163466066122055,0.639408528804779,0.545767068862915,-0.04565474018454552,0.6247594356536865,0.5859231352806091,-0.044064927846193314,0.6226882934570312,0.6195850372314453,-0.03497619554400444,0.6800909638404846,0.6055958867073059,-0.0336713045835495,0.6486666202545166,0.5829226970672607,-0.049187298864126205,0.6333260536193848,0.6074241995811462,-0.04523807391524315,0.6304290890693665,0.6300050616264343,-0.03772931918501854,u
0.6488332748413086,0.7214807271957397,3.2415263717666676e-07,0.6149385571479797,0.6868516802787781,-0.007917665876448154,0.5943343639373779,0.6397877931594849,-0.01701672188937664,0.594575047492981,0.5990108847618103,-0.029890546575188637,0.6174092292785645,0.5720604658126831,-0.0418725460767746,0.6245001554489136,0.5776271820068359,-0.003013926325365901,0.6221513748168945,0.5184329748153687,-0.019452663138508797,0.6242209672927856,0.48210829496383667,-0.029467778280377388,0.6292278170585632,0.4516873359680176,-0.035048484802246094,0.6456357836723328,0.5767871737480164,-0.011556588113307953,0.6431911587715149,0.5059814453125,-0.029846055433154106,0.6392920613288879,0.4660908281803131,-0.039297912269830704,0.6377579569816589,0.43344026803970337,-0.04240858182311058,0.6653050184249878,0.5872570276260376,-0.022182075306773186,0.6396183967590332,0.551494300365448,-0.04641751945018768,0.6259228587150574,0.5913263559341431,-0.045097049325704575,0.6247352957725525,0.6239116191864014,-0.036035969853401184,0.6798020005226135,0.6063345074653625,-0.033742308616638184,0.64818274974823,0.5858154296875,-0.04919135943055153,0.6361074447631836,0.6122457385063171,-0.04486044496297836,0.6369577646255493,0.6352765560150146,-0.03693569451570511,u
0.6489750742912292,0.7218590974807739,3.210838883660472e-07,0.615196704864502,0.6876930594444275,-0.008291074074804783,0.5946125388145447,0.6403949856758118,-0.017337147146463394,0.5949975848197937,0.599253237247467,-0.029999304562807083,0.6181271076202393,0.5719054937362671,-0.041708920150995255,0.6242198348045349,0.578593373298645,-0.0033055590465664864,0.6216705441474915,0.5191457271575928,-0.019644279032945633,0.6236053109169006,0.4828749895095825,-0.02955297939479351,0.6283497214317322,0.45230528712272644,-0.03516979515552521,0.6451694965362549,0.5775159597396851,-0.011587363667786121,0.6429513096809387,0.5064780712127686,-0.030158331617712975,0.6392902135848999,0.4661223292350769,-0.03992452099919319,0.6380012035369873,0.43309563398361206,-0.04327002912759781,0.6647887825965881,0.5878663659095764,-0.021924229338765144,0.6396282315254211,0.5505455732345581,-0.046539418399333954,0.625858724117279,0.5906703472137451,-0.04536636918783188,0.6245909929275513,0.6235492825508118,-0.03637639433145523,0.6797332763671875,0.6066145896911621,-0.033202942460775375,0.6482710242271423,0.586374819278717,-0.04932656139135361,0.636159360408783,0.6134958267211914,-0.04541404917836189,0.6369674801826477,0.6369471549987793,-0.03770241513848305,u
0.6491239070892334,0.720533013343811,3.119577058896539e-07,0.6150389909744263,0.6887209415435791,-0.008612089790403843,0.5936823487281799,0.6408146023750305,-0.017585719004273415,0.5956519842147827,0.5989946722984314,-0.029905786737799644,0.6191825866699219,0.5708504915237427,-0.04129965230822563,0.6219298243522644,0.5763382315635681,-0.004221658688038588,0.619278609752655,0.5174984335899353,-0.020522465929389,0.6210215091705322,0.48152148723602295,-0.030300509184598923,0.6253227591514587,0.45120349526405334,-0.03570306673645973,0.6433393359184265,0.5753077268600464,-0.012113957665860653,0.6410428881645203,0.5057994723320007,-0.03042723424732685,0.6370933651924133,0.4662795960903168,-0.039771925657987595,0.6353303790092468,0.4336157441139221,-0.04262841120362282,0.6635551452636719,0.5856439471244812,-0.022021882236003876,0.6375048756599426,0.5516879558563232,-0.046967726200819016,0.6245657801628113,0.5927891731262207,-0.0460958369076252,0.624193012714386,0.6255757212638855,-0.03706277534365654,0.6795341968536377,0.6046875715255737,-0.03278597444295883,0.6468737721443176,0.5873998403549194,-0.049407657235860825,0.6355226635932922,0.6158825159072876,-0.045651521533727646,0.6373976469039917,0.6396235227584839,-0.03779963403940201,u
0.6493082046508789,0.7201929688453674,3.1868898986431304e-07,0.615061342716217,0.6881981492042542,-0.00863127876073122,0.5937660932540894,0.6409114003181458,-0.01766548678278923,0.5955051183700562,0.5991809964179993,-0.030088888481259346,0.618238091468811,0.5703742504119873,-0.041528500616550446,0.6219476461410522,0.5757983326911926,-0.003984736744314432,0.6198557615280151,0.5179016590118408,-0.020855292677879333,0.6229485869407654,0.4819936156272888,-0.031224513426423073,0.6283771991729736,0.45175349712371826,-0.036995671689510345,0.6434730887413025,0.5744825601577759,-0.011960932053625584,0.6406505703926086,0.505751371383667,-0.03044598363339901,0.6368598341941833,0.46697014570236206,-0.03990822285413742,0.6351316571235657,0.43488311767578125,-0.0429222397506237,0.6635934710502625,0.5849361419677734,-0.022023769095540047,0.6379131078720093,0.5531315803527832,-0.046307120472192764,0.6252565979957581,0.5938798189163208,-0.044715069234371185,0.624789834022522,0.6258646845817566,-0.03542765602469444,0.6793238520622253,0.6045877933502197,-0.03309981897473335,0.6481887698173523,0.5882589221000671,-0.048842672258615494,0.637278139591217,0.6158977746963501,-0.044525396078825,0.6389738321304321,0.6386351585388184,-0.036438580602407455,u
0.6485000848770142,0.7194728255271912,3.167912154822261e-07,0.6143665313720703,0.6867538094520569,-0.008168465457856655,0.5934557914733887,0.639873206615448,-0.016900591552257538,0.5950040817260742,0.5980859398841858,-0.029139315709471703,0.617583155632019,0.5706585645675659,-0.040553901344537735,0.62019282579422,0.5781846046447754,-0.0041070482693612576,0.6170926690101624,0.517881453037262,-0.02028316631913185,0.6186977624893188,0.48176831007003784,-0.02973148599267006,0.6227013468742371,0.4515056610107422,-0.03478894755244255,0.6413673162460327,0.5769011974334717,-0.011972982436418533,0.6393724679946899,0.5061861276626587,-0.03006524033844471,0.6353864073753357,0.46685129404067993,-0.03908749669790268,0.6332843899726868,0.4348549544811249,-0.04167141392827034,0.6618571877479553,0.5867937803268433,-0.02179776132106781,0.6373215913772583,0.5502601861953735,-0.0460851825773716,0.6242825984954834,0.5899642109870911,-0.045126356184482574,0.6233590841293335,0.6226053833961487,-0.03613685443997383,0.6784322261810303,0.6051596999168396,-0.03246593475341797,0.6481389999389648,0.5865030884742737,-0.048451729118824005,0.6369246244430542,0.6130318641662598,-0.044682539999485016,0.6383243799209595,0.6358340382575989,-0.03689076751470566,u
0.6493337154388428,0.7168725728988647,3.124629017747793e-07,0.614770770072937,0.6858669519424438,-0.00885862112045288,0.5931112170219421,0.6406193375587463,-0.018043152987957,0.595878005027771,0.5973265171051025,-0.03037608414888382,0.6186019778251648,0.568398654460907,-0.04192191734910011,0.6185168623924255,0.5792833566665649,-0.00561973312869668,0.6151131391525269,0.5186581015586853,-0.021814128383994102,0.6165475249290466,0.48260366916656494,-0.031334131956100464,0.6201850771903992,0.45208561420440674,-0.03640824556350708,0.6398917436599731,0.5777254104614258,-0.012876680120825768,0.6370351314544678,0.5061327219009399,-0.030572474002838135,0.6328174471855164,0.4665272831916809,-0.03934449702501297,0.6307563781738281,0.4342491030693054,-0.041924070566892624,0.6608304977416992,0.5871007442474365,-0.02203429490327835,0.6384607553482056,0.550906240940094,-0.04560298100113869,0.6254639625549316,0.5896700620651245,-0.04430321976542473,0.6240402460098267,0.622184157371521,-0.035282865166664124,0.6786741018295288,0.6044878363609314,-0.032073311507701874,0.6511921882629395,0.5840162634849548,-0.047076817601919174,0.6406488418579102,0.6098933219909668,-0.042526666074991226,0.6420408487319946,0.6331747770309448,-0.03435894474387169,u
0.6496191024780273,0.7163146138191223,3.1942514056026994e-07,0.6148757338523865,0.6865271925926208,-0.008534569293260574,0.5929287672042847,0.6411649584770203,-0.017352886497974396,0.5953952670097351,0.5977784395217896,-0.029389310628175735,0.6181865334510803,0.5687128901481628,-0.04070361703634262,0.6186529994010925,0.5800846219062805,-0.005073130130767822,0.6156166195869446,0.5198038220405579,-0.02114442177116871,0.6175639629364014,0.48357245326042175,-0.030593903735280037,0.6217182874679565,0.4530501961708069,-0.035621970891952515,0.6399638056755066,0.5780788660049438,-0.012435035780072212,0.6366530656814575,0.5065734386444092,-0.029988691210746765,0.6324363946914673,0.46704429388046265,-0.03874204307794571,0.6303638815879822,0.43480437994003296,-0.041336871683597565,0.6607530117034912,0.5868077278137207,-0.02168714813888073,0.637933075428009,0.5506784915924072,-0.04510130360722542,0.6249920725822449,0.5894955992698669,-0.04380429908633232,0.6235123872756958,0.6216745972633362,-0.03483879566192627,0.6784926056861877,0.6035631895065308,-0.03180239722132683,0.6503691673278809,0.5833250284194946,-0.04674253612756729,0.6397472023963928,0.6094763278961182,-0.042249854654073715,0.6409916877746582,0.6327344179153442,-0.03417138382792473,u
0.6480146050453186,0.7146249413490295,2.964005716421525e-07,0.613990068435669,0.6830302476882935,-0.007627413608133793,0.5933350920677185,0.6382648348808289,-0.015637202188372612,0.5980950593948364,0.5958691835403442,-0.026995167136192322,0.6207206845283508,0.5695255994796753,-0.03768787533044815,0.6183090209960938,0.5767592787742615,-0.004483192693442106,0.6140520572662354,0.517461895942688,-0.01977146975696087,0.6153966188430786,0.48200634121894836,-0.02918696217238903,0.6190372109413147,0.45169228315353394,-0.03448699042201042,0.6395629048347473,0.5742957592010498,-0.012067997828125954,0.6344258785247803,0.5050278902053833,-0.028461193665862083,0.6305696964263916,0.46641606092453003,-0.03731051832437515,0.6292411684989929,0.43439704179763794,-0.040366847068071365,0.6607521176338196,0.5838424563407898,-0.02141488716006279,0.6396891474723816,0.5497869849205017,-0.04345157369971275,0.6255441308021545,0.5871763825416565,-0.04302111640572548,0.6220482587814331,0.6190282702445984,-0.03511638939380646,0.6788742542266846,0.6020509004592896,-0.03162655606865883,0.652903139591217,0.5827459692955017,-0.04573681950569153,0.6397495269775391,0.6047691106796265,-0.04211679473519325,0.636987566947937,0.6258710622787476,-0.034964464604854584,u
0.6477649211883545,0.7139595746994019,2.8511914251794224e-07,0.6141082644462585,0.682866632938385,-0.008033636957406998,0.5931570529937744,0.6386733055114746,-0.01620505191385746,0.5975138545036316,0.5960791707038879,-0.02757970616221428,0.6196816563606262,0.569658637046814,-0.03822433575987816,0.6189430952072144,0.5754476189613342,-0.005023061763495207,0.6150987148284912,0.5162376761436462,-0.020061051473021507,0.6161161661148071,0.4809824228286743,-0.029333602637052536,0.6191116571426392,0.45086485147476196,-0.03467530757188797,0.6400248408317566,0.5730413794517517,-0.012511136010289192,0.6354663372039795,0.5037710666656494,-0.0286602433770895,0.6311830282211304,0.4657808244228363,-0.03737114742398262,0.6291099786758423,0.4342154860496521,-0.04039483517408371,0.6613538265228271,0.5832554697990417,-0.02175648882985115,0.6407519578933716,0.5486864447593689,-0.043554045259952545,0.6261575222015381,0.5856255888938904,-0.04310792684555054,0.6223230361938477,0.6171087026596069,-0.03533528745174408,0.6798062920570374,0.6026073694229126,-0.03190141171216965,0.6547324657440186,0.5831152200698853,-0.04592490196228027,0.6411038041114807,0.6038370728492737,-0.042418740689754486,0.6379271149635315,0.6239582300186157,-0.035414911806583405,u
0.6487365961074829,0.7133408188819885,2.554423303990916e-07,0.6149091124534607,0.6811575889587402,-0.008089609444141388,0.5942338109016418,0.6349068880081177,-0.01589578203856945,0.6010890603065491,0.5926114320755005,-0.02674366720020771,0.6236307621002197,0.5690982341766357,-0.0370347835123539,0.619741678237915,0.5734490156173706,-0.006561856251209974,0.615976870059967,0.5142223834991455,-0.021309198811650276,0.6170790195465088,0.47966739535331726,-0.03094172477722168,0.6201833486557007,0.4491558372974396,-0.037003759294748306,0.6409764885902405,0.5716440677642822,-0.013604522682726383,0.6364165544509888,0.5023192763328552,-0.029170913621783257,0.6329997777938843,0.4648733139038086,-0.03814203292131424,0.632361650466919,0.43308839201927185,-0.04218658432364464,0.6626015901565552,0.5825973153114319,-0.02218126505613327,0.6488937139511108,0.5412321090698242,-0.042720817029476166,0.6328907608985901,0.5771293044090271,-0.04227922484278679,0.625584602355957,0.6097024083137512,-0.03547443449497223,0.6823861002922058,0.6031291484832764,-0.03173208609223366,0.663356363773346,0.5808680057525635,-0.0455741286277771,0.6478395462036133,0.5967249274253845,-0.042846739292144775,0.639936625957489,0.6141741871833801,-0.036930013447999954,u
0.6483681201934814,0.713334858417511,2.584294804819365e-07,0.6147688031196594,0.6816135048866272,-0.008062509819865227,0.5946726202964783,0.6352252960205078,-0.015587547793984413,0.6017367243766785,0.5929102301597595,-0.02617366798222065,0.624381959438324,0.5692903399467468,-0.03622356429696083,0.6204733848571777,0.573503851890564,-0.005721081979572773,0.6159257292747498,0.514379620552063,-0.02021530456840992,0.6164872646331787,0.47998958826065063,-0.02942580357193947,0.6193050146102905,0.44976648688316345,-0.03496731072664261,0.6417477130889893,0.5716593861579895,-0.012873876839876175,0.6369861364364624,0.5019726157188416,-0.028207017108798027,0.6329975128173828,0.46492671966552734,-0.03684721514582634,0.6319970488548279,0.43371105194091797,-0.040325798094272614,0.6633469462394714,0.5827142000198364,-0.021642087027430534,0.6475148797035217,0.5440140962600708,-0.04252919927239418,0.6325147747993469,0.580788254737854,-0.042055219411849976,0.6273971796035767,0.6131197214126587,-0.034766294062137604,0.6824302077293396,0.6030821800231934,-0.03133944049477577,0.6619070768356323,0.5811325907707214,-0.04498462751507759,0.6477730870246887,0.5990641117095947,-0.04166865348815918,0.6430113911628723,0.6176738739013672,-0.03511651232838631,u
0.6507288217544556,0.713304340839386,2.521059343507659e-07,0.6167450547218323,0.6808157563209534,-0.008795532397925854,0.596576452255249,0.6325982213020325,-0.01596059277653694,0.6067297458648682,0.5887599587440491,-0.026005664840340614,0.6309852004051208,0.5651769638061523,-0.03580329939723015,0.6188446283340454,0.5740198493003845,-0.004673197865486145,0.6154391169548035,0.5156575441360474,-0.01977420039474964,0.616136908531189,0.4805348515510559,-0.03001106157898903,0.618220329284668,0.44960176944732666,-0.036745332181453705,0.640842080116272,0.5720698833465576,-0.01186361350119114,0.6375126242637634,0.5022096633911133,-0.028207210823893547,0.6328528523445129,0.46475064754486084,-0.03781987354159355,0.6307297348976135,0.4325738251209259,-0.04231104627251625,0.6630477905273438,0.5828429460525513,-0.020840754732489586,0.6523008942604065,0.5342816710472107,-0.04417308047413826,0.6385985016822815,0.5759168863296509,-0.04313034191727638,0.6340308785438538,0.6108853220939636,-0.035240672528743744,0.6841627955436707,0.6037684679031372,-0.030644094571471214,0.6645544171333313,0.5793715119361877,-0.04769548028707504,0.6527304649353027,0.6075702905654907,-0.0442219004034996,0.6512200236320496,0.6326749324798584,-0.03710257261991501,u
0.6513194441795349,0.7132695913314819,2.6709074063546723e-07,0.6167473793029785,0.6805044412612915,-0.007766482420265675,0.5967391729354858,0.6317393779754639,-0.01431703194975853,0.607326865196228,0.5880963802337646,-0.023946454748511314,0.6310580968856812,0.5653383731842041,-0.0335405096411705,0.6189285516738892,0.5743062496185303,-0.004324837122112513,0.6154442429542542,0.5158328413963318,-0.01906878687441349,0.6158725619316101,0.4804903268814087,-0.029210885986685753,0.617545485496521,0.44953614473342896,-0.035888947546482086,0.640745997428894,0.5729877352714539,-0.011805077083408833,0.6375588774681091,0.503221869468689,-0.027867339551448822,0.6327772736549377,0.4652036428451538,-0.03764141723513603,0.6304143667221069,0.4331561326980591,-0.042334362864494324,0.6627697348594666,0.5838454961776733,-0.02088167518377304,0.6529101729393005,0.5351948142051697,-0.04331396147608757,0.6400598883628845,0.5757888555526733,-0.04211737960577011,0.6356145143508911,0.6103503108024597,-0.034343793988227844,0.6837122440338135,0.604364812374115,-0.030726233497262,0.665727972984314,0.5786910653114319,-0.04677019640803337,0.6548593640327454,0.6059549450874329,-0.04278043285012245,0.6535031795501709,0.6304584741592407,-0.03546251729130745,u
0.6493473052978516,0.709790825843811,2.5310117734989035e-07,0.6158376336097717,0.6774890422821045,-0.010234215296804905,0.5978803634643555,0.6294721364974976,-0.017306094989180565,0.6115343570709229,0.5853877663612366,-0.02676887810230255,0.6357069611549377,0.5621666312217712,-0.03598969802260399,0.6140177249908447,0.5748789310455322,-0.004759834613651037,0.6101072430610657,0.5175337195396423,-0.019016798585653305,0.6109898090362549,0.4832534193992615,-0.028335653245449066,0.6134792566299438,0.45279568433761597,-0.03425363823771477,0.6362690329551697,0.5724294185638428,-0.010465607978403568,0.6292703747749329,0.5043253302574158,-0.02594253234565258,0.6243571639060974,0.4687739312648773,-0.03473387286067009,0.6226884722709656,0.4378913938999176,-0.03868651017546654,0.6591045260429382,0.5819092392921448,-0.018172597512602806,0.6532706618309021,0.5320038199424744,-0.04184004291892052,0.6425319314002991,0.5726572871208191,-0.042696263641119,0.638393759727478,0.6080926656723022,-0.03601190447807312,0.6816748976707458,0.6006845235824585,-0.02664441056549549,0.6668575406074524,0.5755192041397095,-0.04439998418092728,0.6563323736190796,0.6030063629150391,-0.042610637843608856,0.6539012789726257,0.6289334297180176,-0.036694131791591644,u
0.6501773595809937,0.7091839909553528,2.6085163540301437e-07,0.6160603761672974,0.6779830455780029,-0.010062027722597122,0.5978106260299683,0.6296948194503784,-0.016873370856046677,0.6118867993354797,0.5845900177955627,-0.026063045486807823,0.6362509727478027,0.5607693791389465,-0.035128846764564514,0.6135264039039612,0.5768778920173645,-0.00449304049834609,0.6092954874038696,0.5187156796455383,-0.01855684444308281,0.6098328232765198,0.4839821755886078,-0.02796022966504097,0.6120772957801819,0.453339159488678,-0.034104298800230026,0.6359426379203796,0.5742777585983276,-0.010295038111507893,0.628752589225769,0.5060650706291199,-0.02604973502457142,0.62352055311203,0.4697893559932709,-0.03564997389912605,0.6216267347335815,0.43851298093795776,-0.04027485102415085,0.6590594053268433,0.5833243131637573,-0.01795949786901474,0.6531015634536743,0.531669020652771,-0.04179689288139343,0.6420091390609741,0.573268711566925,-0.04243483766913414,0.6375992298126221,0.6090407371520996,-0.03562941029667854,0.6820046305656433,0.6014686226844788,-0.026309959590435028,0.6660779118537903,0.5747915506362915,-0.0444394052028656,0.6558573842048645,0.6033371090888977,-0.04223427176475525,0.654117226600647,0.6294598579406738,-0.03596106171607971,u
0.6506877541542053,0.7042204737663269,2.192085020169543e-07,0.6172066926956177,0.6773579716682434,-0.012121055275201797,0.5995571613311768,0.6304128766059875,-0.018453562632203102,0.6144924759864807,0.5850012302398682,-0.026414701715111732,0.6377100348472595,0.5609931349754333,-0.0338607095181942,0.6065768599510193,0.5770536661148071,-0.004092610441148281,0.5998119115829468,0.5221473574638367,-0.016202379018068314,0.5981153845787048,0.4901163876056671,-0.024241959676146507,0.5969757437705994,0.46213632822036743,-0.029747892171144485,0.6296725869178772,0.5715255737304688,-0.007925721816718578,0.6203515529632568,0.5080534815788269,-0.022635018453001976,0.6137101650238037,0.47368693351745605,-0.03172868490219116,0.6092093586921692,0.44357186555862427,-0.036235880106687546,0.6531338691711426,0.5792563557624817,-0.013841314241290092,0.6509687304496765,0.526622474193573,-0.037505798041820526,0.6443384289741516,0.566731333732605,-0.03965684399008751,0.6409705281257629,0.6013747453689575,-0.034081682562828064,0.6771165728569031,0.596664309501648,-0.02053551934659481,0.6678105592727661,0.5703750252723694,-0.04005725681781769,0.6604233980178833,0.5972564816474915,-0.04035248979926109,0.6582248210906982,0.6226288676261902,-0.03579460456967354,u
0.649720311164856,0.7051345705986023,2.654384729794401e-07,0.6169228553771973,0.6781014800071716,-0.011475994251668453,0.5994691848754883,0.630109429359436,-0.01791953109204769,0.614528477191925,0.5836171507835388,-0.02618354931473732,0.6377083659172058,0.5590037107467651,-0.03428829461336136,0.6064341068267822,0.5792279839515686,-0.00552099384367466,0.5992239117622375,0.5221185088157654,-0.01794457994401455,0.5969790816307068,0.4885846972465515,-0.02647526003420353,0.5957682132720947,0.45914095640182495,-0.03251352533698082,0.6296570897102356,0.5734760761260986,-0.009898300282657146,0.6203727722167969,0.5083345770835876,-0.024512145668268204,0.6135603189468384,0.47272270917892456,-0.03453782945871353,0.6094428300857544,0.44207847118377686,-0.04008058086037636,0.6535704731941223,0.5806424021720886,-0.016020046547055244,0.6511943340301514,0.5245874524116516,-0.03891618177294731,0.6432245373725891,0.5649018287658691,-0.04113026335835457,0.639284610748291,0.6004511713981628,-0.03609295189380646,0.6780708432197571,0.5972259640693665,-0.02282749116420746,0.6668618321418762,0.5696176886558533,-0.041800208389759064,0.6588310599327087,0.5965381264686584,-0.04174565523862839,0.656810998916626,0.6215420365333557,-0.0372120700776577,u
0.6597376465797424,0.700038731098175,2.348607353042098e-07,0.628455638885498,0.6750860214233398,-0.014075876213610172,0.6146106719970703,0.6297047734260559,-0.020187674090266228,0.6293198466300964,0.5851624011993408,-0.027216127142310143,0.6451528072357178,0.5576328635215759,-0.03324098140001297,0.6031513214111328,0.5764265060424805,-0.004546943586319685,0.5905516147613525,0.5203759670257568,-0.01722392626106739,0.5850526094436646,0.48643532395362854,-0.02651270478963852,0.5801419019699097,0.456173300743103,-0.032628435641527176,0.6255589723587036,0.5667799711227417,-0.007539969403296709,0.6103971600532532,0.5058308839797974,-0.0214611254632473,0.6017588376998901,0.4712756276130676,-0.03107963688671589,0.5938693284988403,0.4400326907634735,-0.03583604097366333,0.6493299603462219,0.5720881223678589,-0.012827801518142223,0.6507077217102051,0.5232917666435242,-0.03427411615848541,0.6503427624702454,0.5574943423271179,-0.03673680126667023,0.6475986838340759,0.5856673717498779,-0.031993743032217026,0.6732478141784668,0.5880621075630188,-0.019293854013085365,0.6736377477645874,0.5592655539512634,-0.036183152347803116,0.6690999865531921,0.5831878781318665,-0.03522475063800812,0.6648806929588318,0.6055879592895508,-0.030109049752354622,u
0.662889301776886,0.7010019421577454,2.9895898023823975e-07,0.6334142088890076,0.6796842813491821,-0.016426222398877144,0.6198346018791199,0.6351978182792664,-0.02406912110745907,0.6335797309875488,0.5895599722862244,-0.032242998480796814,0.6477959752082825,0.5600631237030029,-0.03949379548430443,0.6059600710868835,0.5747950077056885,-0.008370010182261467,0.5930514931678772,0.5177849531173706,-0.021489644423127174,0.5872295498847961,0.48264744877815247,-0.03080671839416027,0.5825999975204468,0.4524771571159363,-0.03692103922367096,0.6283318996429443,0.5647759437561035,-0.010917234234511852,0.6126986742019653,0.5021237730979919,-0.025710541754961014,0.6037559509277344,0.46750521659851074,-0.035873718559741974,0.5961296558380127,0.43712666630744934,-0.04092656075954437,0.6527560353279114,0.5696650147438049,-0.015731070190668106,0.6534742116928101,0.5224552154541016,-0.03761161118745804,0.6539091467857361,0.5615601539611816,-0.039017848670482635,0.6518568396568298,0.5922235250473022,-0.03349178284406662,0.6772760152816772,0.5853146314620972,-0.02196398377418518,0.6766799688339233,0.5552325248718262,-0.039257075637578964,0.673491895198822,0.5835984945297241,-0.037372104823589325,0.6702725291252136,0.6079602241516113,-0.03152959421277046,u
0.6627655029296875,0.7026814222335815,2.859899552731804e-07,0.6321755051612854,0.6795763373374939,-0.015647893771529198,0.618636965751648,0.6341793537139893,-0.023237042129039764,0.6328905820846558,0.5892332196235657,-0.03171999379992485,0.6489795446395874,0.5607908964157104,-0.03960144892334938,0.605585515499115,0.5734480619430542,-0.007614181376993656,0.5927134156227112,0.5166839361190796,-0.020828114822506905,0.5865696668624878,0.4819197654724121,-0.030514471232891083,0.5815793871879578,0.4518369734287262,-0.03725050389766693,0.6281962394714355,0.5639039278030396,-0.01098062563687563,0.6134459376335144,0.5023050904273987,-0.026012171059846878,0.6043730974197388,0.4685668349266052,-0.036970656365156174,0.5967105627059937,0.4381791055202484,-0.04307938739657402,0.6527022123336792,0.5695394277572632,-0.01657802052795887,0.6530462503433228,0.51979660987854,-0.03844638913869858,0.6533563137054443,0.5572376847267151,-0.040543824434280396,0.6520113945007324,0.5872282981872559,-0.035980742424726486,0.6772246360778809,0.5862165093421936,-0.023544713854789734,0.6749034523963928,0.5547504425048828,-0.0407128743827343,0.6718124151229858,0.5818440318107605,-0.039211053401231766,0.669750988483429,0.6057341694831848,-0.03402651846408844,u
0.6635869145393372,0.6959168910980225,2.811125341395382e-07,0.634926438331604,0.6714442372322083,-0.0172813031822443,0.622345507144928,0.6265006065368652,-0.02509302832186222,0.6384812593460083,0.581736147403717,-0.0331423319876194,0.6538988947868347,0.552017092704773,-0.040328722447156906,0.6070619821548462,0.5688189268112183,-0.008146324194967747,0.5950716137886047,0.5129695534706116,-0.02020786516368389,0.589881420135498,0.47968125343322754,-0.02925717458128929,0.5854459404945374,0.45055198669433594,-0.03557148575782776,0.6296771764755249,0.5595119595527649,-0.010070397518575191,0.613888144493103,0.49850016832351685,-0.023435350507497787,0.6059808135032654,0.46518707275390625,-0.03367895260453224,0.5989971160888672,0.4354245364665985,-0.03950934112071991,0.6540618538856506,0.565558910369873,-0.014398706145584583,0.6564290523529053,0.5176146030426025,-0.035751767456531525,0.6574755907058716,0.5525661110877991,-0.03973376750946045,0.6552605032920837,0.5813224911689758,-0.03673795983195305,0.678525984287262,0.5825604796409607,-0.020089847967028618,0.6798198819160461,0.5527238249778748,-0.037890173494815826,0.6764147281646729,0.5796356797218323,-0.03827274590730667,0.6721524596214294,0.6038762331008911,-0.03460657596588135,u
0.663625180721283,0.6967217922210693,2.7355127940609236e-07,0.6344645023345947,0.672724723815918,-0.01653314381837845,0.6217866539955139,0.6265815496444702,-0.02361900359392166,0.6389287710189819,0.58089679479599,-0.0313284657895565,0.6558470129966736,0.5523880124092102,-0.0385114960372448,0.6071276664733887,0.5694820880889893,-0.007018794305622578,0.594456672668457,0.5140376091003418,-0.019589543342590332,0.5884060263633728,0.47978881001472473,-0.02932370826601982,0.5833062529563904,0.44961097836494446,-0.03630745783448219,0.6299055814743042,0.5596824288368225,-0.00966679584234953,0.6146666407585144,0.5003370046615601,-0.023701481521129608,0.605983316898346,0.4666554629802704,-0.03466925397515297,0.5984542965888977,0.436149001121521,-0.04108896106481552,0.6544751524925232,0.56557697057724,-0.014691093936562538,0.6551468372344971,0.5169252753257751,-0.03672553598880768,0.6569532752037048,0.552632212638855,-0.04012558236718178,0.6563780307769775,0.5819017887115479,-0.03658334165811539,0.6789233088493347,0.5829900503158569,-0.021083390340209007,0.6776354908943176,0.5519054532051086,-0.0397929847240448,0.6751644015312195,0.5804749131202698,-0.03966454416513443,0.6730207204818726,0.6062114834785461,-0.03536485508084297,u
0.6638894081115723,0.6945142149925232,3.048369876523793e-07,0.6361062526702881,0.671394407749176,-0.020305857062339783,0.623167872428894,0.628338098526001,-0.030254045501351357,0.6398395299911499,0.582994282245636,-0.040222425013780594,0.6565313935279846,0.5513103008270264,-0.049242593348026276,0.6077120304107666,0.5678732395172119,-0.010780281387269497,0.5949101448059082,0.5127981305122375,-0.0255731288343668,0.5886633992195129,0.47818899154663086,-0.0365939661860466,0.5835912227630615,0.44765031337738037,-0.0441979244351387,0.6303791999816895,0.5576401948928833,-0.012076562270522118,0.6151458024978638,0.49874550104141235,-0.028170794248580933,0.6056263446807861,0.4667237401008606,-0.03939609229564667,0.5976340770721436,0.43630945682525635,-0.04553964361548424,0.6546455025672913,0.563832700252533,-0.016156161203980446,0.6559199094772339,0.5154854655265808,-0.03985277935862541,0.6575666666030884,0.5555650591850281,-0.041876692324876785,0.6570667028427124,0.585839033126831,-0.036771539598703384,0.6790775060653687,0.5818437337875366,-0.02197699435055256,0.6787940859794617,0.5500233173370361,-0.04106736183166504,0.6762162446975708,0.5789011716842651,-0.0400201678276062,0.6737912893295288,0.6035797595977783,-0.0347665473818779,u
0.66402268409729,0.6953697204589844,3.0607844792029937e-07,0.6363258957862854,0.6719075441360474,-0.020545469596982002,0.6237226724624634,0.6279522180557251,-0.030399667099118233,0.6407109498977661,0.5819048881530762,-0.040190212428569794,0.6571291089057922,0.5498241186141968,-0.04894493147730827,0.6071252226829529,0.5687029957771301,-0.010890732519328594,0.5945868492126465,0.5142682194709778,-0.026057371869683266,0.5886963605880737,0.47956737875938416,-0.03755655884742737,0.5836917757987976,0.44889554381370544,-0.045568812638521194,0.6297319531440735,0.5580360293388367,-0.012016882188618183,0.6149469017982483,0.4993019700050354,-0.028692984953522682,0.6053779125213623,0.46666449308395386,-0.0404554046690464,0.5970455408096313,0.43572384119033813,-0.046953003853559494,0.6540740132331848,0.5638628005981445,-0.015906699001789093,0.6554782390594482,0.5160507559776306,-0.039706502109766006,0.6574722528457642,0.556179940700531,-0.041297271847724915,0.6569482684135437,0.5863122344017029,-0.03583062067627907,0.6786460280418396,0.5814936757087708,-0.021604955196380615,0.6784601807594299,0.5495389103889465,-0.0406433567404747,0.6761872172355652,0.5782642960548401,-0.03927893564105034,0.673739492893219,0.6026331186294556,-0.03371429443359375,u
0.666772723197937,0.6916393637657166,3.012502247656812e-07,0.6398881673812866,0.6704252362251282,-0.021658217534422874,0.6269211769104004,0.6284568905830383,-0.031698551028966904,0.6423247456550598,0.5829634666442871,-0.04107559099793434,0.6575171947479248,0.5505373477935791,-0.049265407025814056,0.6062595248222351,0.5652867555618286,-0.012155750766396523,0.5930235981941223,0.5114761590957642,-0.026345832273364067,0.5864893794059753,0.4777343273162842,-0.0370735339820385,0.5807787775993347,0.448049932718277,-0.044511087238788605,0.6288682818412781,0.5542593002319336,-0.012367804534733295,0.6120960712432861,0.4963565170764923,-0.027620434761047363,0.6028558015823364,0.4645441174507141,-0.03811274841427803,0.5944814085960388,0.4346961975097656,-0.043693024665117264,0.6535348296165466,0.5600566267967224,-0.015382817946374416,0.6543940305709839,0.5138054490089417,-0.03846101090312004,0.6580620408058167,0.5526275634765625,-0.04064455255866051,0.6579393148422241,0.5817054510116577,-0.03572304919362068,0.6787824034690857,0.5773996710777283,-0.020192040130496025,0.679215669631958,0.5469558835029602,-0.039184194058179855,0.6775380969047546,0.5758521556854248,-0.03846706822514534,0.6747186779975891,0.599841833114624,-0.03338446468114853,u
0.666289746761322,0.6911699771881104,2.939200953733234e-07,0.6395094394683838,0.6698771715164185,-0.020765293389558792,0.6266103982925415,0.6273323893547058,-0.030529193580150604,0.6419966220855713,0.5816789865493774,-0.03984649106860161,0.656654417514801,0.5495120286941528,-0.04820140078663826,0.606682300567627,0.5658198595046997,-0.012608194723725319,0.593134880065918,0.5112420320510864,-0.02685435488820076,0.5860942602157593,0.4774155020713806,-0.03755764290690422,0.5800969004631042,0.44795113801956177,-0.04506942629814148,0.6289376020431519,0.5549296140670776,-0.013336602598428726,0.6123422384262085,0.4968315064907074,-0.028587598353624344,0.6033386588096619,0.4651680290699005,-0.039283279329538345,0.5949465036392212,0.4354625642299652,-0.04528474807739258,0.6533899307250977,0.5604510307312012,-0.016680141910910606,0.6541501879692078,0.5138708353042603,-0.03937961533665657,0.6575927734375,0.5512056350708008,-0.04177723079919815,0.6572830080986023,0.5800663828849792,-0.03739951550960541,0.6780750155448914,0.5778263211250305,-0.02177530527114868,0.6785920858383179,0.5469159483909607,-0.04053127020597458,0.6770044565200806,0.574510931968689,-0.040050771087408066,0.674298882484436,0.5981706380844116,-0.03545201197266579,u
0.6688817143440247,0.6904964447021484,2.9485724439837213e-07,0.6417551040649414,0.6697877049446106,-0.021553847938776016,0.6285630464553833,0.6278543472290039,-0.03148289769887924,0.6427526473999023,0.5811296701431274,-0.04079190641641617,0.6561108231544495,0.5466644763946533,-0.0488613098859787,0.6063191294670105,0.5656899809837341,-0.011775068938732147,0.5918534398078918,0.5119612216949463,-0.026173707097768784,0.5845514535903931,0.4778217673301697,-0.036932140588760376,0.5781010389328003,0.4479556679725647,-0.04426268860697746,0.6284449100494385,0.5532704591751099,-0.011903885751962662,0.6104531288146973,0.49503976106643677,-0.027244852855801582,0.6004750728607178,0.46354150772094727,-0.037653204053640366,0.5910447239875793,0.43393564224243164,-0.04303504154086113,0.6530277729034424,0.5576072335243225,-0.01486723218113184,0.6526385545730591,0.5111559629440308,-0.03828056529164314,0.6575538516044617,0.5505451560020447,-0.040381621569395065,0.6584311723709106,0.5803162455558777,-0.03515317663550377,0.6783412098884583,0.5736294984817505,-0.01960359513759613,0.6781496405601501,0.5435296893119812,-0.038872264325618744,0.6771479845046997,0.5727856755256653,-0.03826972842216492,0.6749518513679504,0.5973666906356812,-0.03309931233525276,u
0.6690311431884766,0.6899632215499878,2.857101719655475e-07,0.6417233347892761,0.6699681282043457,-0.02037997543811798,0.6283686757087708,0.6278855204582214,-0.03011251427233219,0.6422512531280518,0.5815735459327698,-0.03956100344657898,0.6557498574256897,0.5482091903686523,-0.048035185784101486,0.6071203351020813,0.5662803649902344,-0.012096446938812733,0.5920677185058594,0.5119071006774902,-0.026466604322195053,0.5840927362442017,0.4779908061027527,-0.03696150705218315,0.5772666931152344,0.44838500022888184,-0.044153280556201935,0.6289694309234619,0.5539411902427673,-0.01319657638669014,0.6107901930809021,0.4951539635658264,-0.028582384809851646,0.6005403995513916,0.4635695219039917,-0.039075691252946854,0.5908501744270325,0.4338698089122772,-0.044723473489284515,0.653302788734436,0.5580390095710754,-0.016934532672166824,0.6527009010314941,0.5111157298088074,-0.040214478969573975,0.657188892364502,0.5497461557388306,-0.04242924973368645,0.6578205227851868,0.5795584321022034,-0.03759051859378815,0.6781377792358398,0.57403963804245,-0.022362269461154938,0.6773768067359924,0.543949544429779,-0.04140641540288925,0.6764617562294006,0.5732121467590332,-0.04066700115799904,0.674621045589447,0.5981239676475525,-0.03569252789020538,u
0.6695601940155029,0.6905925869941711,2.8425006348697934e-07,0.641947865486145,0.6714577078819275,-0.02105260081589222,0.6281061172485352,0.6293537020683289,-0.030645987018942833,0.6434958577156067,0.5836637020111084,-0.03982115536928177,0.6580153703689575,0.5526980757713318,-0.04793680086731911,0.6064335703849792,0.5662000775337219,-0.012013019062578678,0.5909008979797363,0.5129740834236145,-0.026052292436361313,0.5826525092124939,0.4793112277984619,-0.03698894381523132,0.5754111409187317,0.44973689317703247,-0.044879376888275146,0.6281534433364868,0.552827000617981,-0.012552348896861076,0.60883629322052,0.4954342246055603,-0.027504492551088333,0.5984208583831787,0.4634239077568054,-0.03860852122306824,0.5882999897003174,0.4332541823387146,-0.0450974777340889,0.6521571278572083,0.5567803978919983,-0.015818199142813683,0.6510639190673828,0.5084309577941895,-0.03862573951482773,0.6572668552398682,0.5449849367141724,-0.042120154947042465,0.6585360169410706,0.5745672583580017,-0.03847208619117737,0.6773046255111694,0.5726932883262634,-0.02086370252072811,0.677708625793457,0.5417985320091248,-0.040279172360897064,0.6773854494094849,0.5689500570297241,-0.041154563426971436,0.6749957799911499,0.5936198234558105,-0.037487734109163284,u
0.6698685884475708,0.6913179159164429,2.8117682404626976e-07,0.6420900821685791,0.6718952059745789,-0.020886056125164032,0.6281040906906128,0.6290929913520813,-0.03035558946430683,0.6433530449867249,0.5826156735420227,-0.03946519270539284,0.6583161354064941,0.5514583587646484,-0.04761749133467674,0.6066365242004395,0.5668929815292358,-0.01183901634067297,0.5908846259117126,0.5132838487625122,-0.025835087522864342,0.5824418663978577,0.47976523637771606,-0.03664202243089676,0.5750987529754639,0.4502694606781006,-0.044408783316612244,0.628337025642395,0.5534776449203491,-0.012486109510064125,0.6088809967041016,0.49572041630744934,-0.027352478355169296,0.5982543230056763,0.4637528359889984,-0.03836127370595932,0.5881364941596985,0.43355345726013184,-0.04478725045919418,0.652439534664154,0.5571465492248535,-0.015854118391871452,0.6510493755340576,0.5087168216705322,-0.03867438808083534,0.6567868590354919,0.5451140403747559,-0.04226651042699814,0.658175528049469,0.5746718049049377,-0.03869001939892769,0.6774856448173523,0.5728819966316223,-0.02097972296178341,0.6770886778831482,0.5421195030212402,-0.0402996726334095,0.6767348051071167,0.5693925023078918,-0.04107770696282387,0.6749366521835327,0.5940976738929749,-0.037382081151008606,u
0.6720810532569885,0.6908695697784424,2.956069238280179e-07,0.6444384455680847,0.6707987785339355,-0.02134673483669758,0.6302952170372009,0.629372239112854,-0.031118059530854225,0.6462757587432861,0.5843930840492249,-0.040532611310482025,0.662969708442688,0.5546604990959167,-0.04903606325387955,0.6078118085861206,0.5681257247924805,-0.011822941713035107,0.5922694206237793,0.5133454203605652,-0.02580448053777218,0.5840616226196289,0.47900015115737915,-0.0368683747947216,0.5768550038337708,0.44923245906829834,-0.045009221881628036,0.629510760307312,0.5548837184906006,-0.012461044825613499,0.6099432110786438,0.4963000416755676,-0.027455462142825127,0.5994536876678467,0.46399039030075073,-0.03907431289553642,0.5891481041908264,0.43391117453575134,-0.04607757180929184,0.6537023782730103,0.5587314367294312,-0.015856334939599037,0.6526058912277222,0.508857250213623,-0.038757797330617905,0.6582415699958801,0.5435312986373901,-0.04309770092368126,0.6589787006378174,0.5728589296340942,-0.0401737354695797,0.6788241863250732,0.5745043158531189,-0.021032586693763733,0.6785857081413269,0.542859673500061,-0.040498215705156326,0.6783029437065125,0.5685181021690369,-0.041653625667095184,0.6760814189910889,0.5930780172348022,-0.03832913190126419,u
0.6721600890159607,0.6899218559265137,3.0069816148170503e-07,0.6446698307991028,0.6700741052627563,-0.02035248652100563,0.6305444240570068,0.6283175349235535,-0.029934806749224663,0.6466638445854187,0.5826472043991089,-0.039397966116666794,0.6636453866958618,0.552819550037384,-0.04806024581193924,0.6080453991889954,0.5677547454833984,-0.011642216704785824,0.5923131704330444,0.5128660798072815,-0.02577177807688713,0.5840103626251221,0.4784117639064789,-0.036665916442871094,0.5766562819480896,0.448807030916214,-0.044564057141542435,0.629584014415741,0.5545376539230347,-0.012863639742136002,0.610009491443634,0.49586641788482666,-0.02809816412627697,0.5991210341453552,0.4637186825275421,-0.039587609469890594,0.5887373685836792,0.4337788224220276,-0.046338386833667755,0.6538955569267273,0.5582163333892822,-0.016712753102183342,0.652438759803772,0.5091496706008911,-0.03978508710861206,0.6579285264015198,0.5449960231781006,-0.043690841645002365,0.6592252850532532,0.5746758580207825,-0.04028957337141037,0.6791579723358154,0.573778510093689,-0.022243928164243698,0.677849292755127,0.5434048771858215,-0.04164097458124161,0.6775113344192505,0.5699958801269531,-0.04232827574014664,0.675987184047699,0.5948725342750549,-0.03854594752192497,u
0.672652006149292,0.6917968392372131,2.8574470434250543e-07,0.644902229309082,0.6699967980384827,-0.019044669345021248,0.6315963268280029,0.6270843744277954,-0.027899453416466713,0.6465288400650024,0.5814324021339417,-0.03676413372159004,0.662101149559021,0.5515656471252441,-0.044588204473257065,0.612407386302948,0.5656648278236389,-0.010610375553369522,0.59809410572052,0.5103591680526733,-0.023865019902586937,0.591499388217926,0.4772462844848633,-0.03346974775195122,0.586338996887207,0.4485700726509094,-0.04002699255943298,0.6346433758735657,0.5542360544204712,-0.012401916086673737,0.6157956719398499,0.49445730447769165,-0.026400472968816757,0.6063967347145081,0.4628088176250458,-0.03634624183177948,0.5982658863067627,0.4340421259403229,-0.041750483214855194,0.659631609916687,0.559524655342102,-0.016828307881951332,0.657972514629364,0.5122988820075989,-0.03905392438173294,0.6615926623344421,0.5489758253097534,-0.042224667966365814,0.6616911292076111,0.5773827433586121,-0.038336046040058136,0.6851024627685547,0.5770580768585205,-0.022807316854596138,0.6842203140258789,0.5464593768119812,-0.04088370501995087,0.6818639039993286,0.5737124681472778,-0.040582600980997086,0.6788709759712219,0.5977643728256226,-0.03626566007733345,u
0.6740837693214417,0.7006706595420837,2.9478275109795504e-07,0.6447570323944092,0.6763069033622742,-0.019580185413360596,0.6320139169692993,0.6277716159820557,-0.027324412018060684,0.6486279368400574,0.5792821049690247,-0.03505378216505051,0.6642016172409058,0.5474759936332703,-0.041929010301828384,0.6146324872970581,0.566071629524231,-0.007202217821031809,0.6015467047691345,0.5090607404708862,-0.01971099153161049,0.5958945751190186,0.4743473529815674,-0.02970803529024124,0.5910798907279968,0.4443908631801605,-0.036840904504060745,0.6374214291572571,0.5559408068656921,-0.008466310799121857,0.6207910776138306,0.49578097462654114,-0.022363299503922462,0.612127959728241,0.4630833566188812,-0.033134035766124725,0.6041427254676819,0.43292033672332764,-0.039144840091466904,0.6621681451797485,0.5628755688667297,-0.012617882341146469,0.6608620285987854,0.5122010707855225,-0.03556258603930473,0.6646838784217834,0.5514183640480042,-0.038893841207027435,0.6650114059448242,0.5815097689628601,-0.03481428697705269,0.686905026435852,0.5819189548492432,-0.0183707382529974,0.6859343647956848,0.5477855801582336,-0.038296010345220566,0.6843433976173401,0.5773905515670776,-0.03848457708954811,0.682155966758728,0.6027469038963318,-0.03404654562473297,u
0.6731716394424438,0.7011231184005737,2.880543661376578e-07,0.643875002861023,0.6754847764968872,-0.018070604652166367,0.6313014626502991,0.6278454065322876,-0.026023468002676964,0.6478022336959839,0.5807812213897705,-0.0344616062939167,0.6640219688415527,0.5498188734054565,-0.04229646176099777,0.6142215728759766,0.5653178691864014,-0.007126989308744669,0.6012597680091858,0.5083543062210083,-0.020213179290294647,0.5954930782318115,0.47317254543304443,-0.030155226588249207,0.5909103751182556,0.4429595470428467,-0.03696947917342186,0.6375710964202881,0.5553604960441589,-0.009389984421432018,0.6214903593063354,0.4945036768913269,-0.023654116317629814,0.6124560832977295,0.46156546473503113,-0.03422407805919647,0.6051056385040283,0.4318647086620331,-0.03994094207882881,0.6628277897834778,0.5622164011001587,-0.014351206831634045,0.662482738494873,0.5111398696899414,-0.03699047118425369,0.6653984785079956,0.5505649447441101,-0.03952213004231453,0.6660134792327881,0.5808054208755493,-0.03483249247074127,0.6880065202713013,0.5813355445861816,-0.020785363391041756,0.6849802732467651,0.5473511815071106,-0.03929896652698517,0.6839180588722229,0.57676762342453,-0.03809739649295807,0.6836012005805969,0.6014065146446228,-0.032746780663728714,u
0.6727839112281799,0.6995657682418823,2.855175296190282e-07,0.6414244771003723,0.6742112636566162,-0.015759842470288277,0.6277967691421509,0.6267541646957397,-0.02362709306180477,0.6443833112716675,0.5817098021507263,-0.03247171640396118,0.6620548963546753,0.5529999732971191,-0.04078960418701172,0.615318238735199,0.5652154684066772,-0.008083309978246689,0.603733241558075,0.5082062482833862,-0.021543635055422783,0.5986567139625549,0.473814994096756,-0.0313396230340004,0.5945938229560852,0.44376593828201294,-0.0380692258477211,0.6391385197639465,0.5560531616210938,-0.011709623970091343,0.6249109506607056,0.49272871017456055,-0.026631515473127365,0.6165882349014282,0.4592059850692749,-0.03747914358973503,0.6096851825714111,0.42856061458587646,-0.04357212409377098,0.6643614768981934,0.5628867745399475,-0.017628759145736694,0.664978563785553,0.5113928914070129,-0.040062978863716125,0.6654952168464661,0.5503901839256287,-0.04258795827627182,0.6644749641418457,0.5807157754898071,-0.03821784257888794,0.6894084215164185,0.5816243886947632,-0.024843653663992882,0.6878616809844971,0.5494034886360168,-0.04220007732510567,0.6846742033958435,0.5772963762283325,-0.04090141877532005,0.6827311515808105,0.600839376449585,-0.035968612879514694,u
0.6726751327514648,0.6994969844818115,2.7647459432955657e-07,0.6413007378578186,0.6742109060287476,-0.015362394042313099,0.6280909776687622,0.6256700158119202,-0.022644873708486557,0.6446909308433533,0.5801622867584229,-0.031008783727884293,0.6624981164932251,0.5516964793205261,-0.03888760134577751,0.6158621907234192,0.5664083361625671,-0.007474941201508045,0.6040350198745728,0.5086609125137329,-0.020864415913820267,0.5988938212394714,0.4735030233860016,-0.030790990218520164,0.5947463512420654,0.44274625182151794,-0.03777405619621277,0.6396373510360718,0.5570043921470642,-0.011250574141740799,0.6253809928894043,0.49408411979675293,-0.026192523539066315,0.6168639659881592,0.46017780900001526,-0.037409476935863495,0.6098759770393372,0.4293108582496643,-0.04398106411099434,0.6646935343742371,0.5636565685272217,-0.017270362004637718,0.665123462677002,0.5110710263252258,-0.0394262857735157,0.6657178401947021,0.5487788915634155,-0.041994448751211166,0.6649224162101746,0.5787187814712524,-0.03791824355721474,0.6895123720169067,0.5821305513381958,-0.02461189590394497,0.6878363490104675,0.5493026375770569,-0.04195716232061386,0.6847324371337891,0.5763945579528809,-0.04084290191531181,0.6830269694328308,0.5999394655227661,-0.036171916872262955,u
0.6705390214920044,0.7017863392829895,2.9535269163716293e-07,0.6388498544692993,0.6737954616546631,-0.01523507758975029,0.6236159801483154,0.6245850324630737,-0.022088274359703064,0.6414031982421875,0.577250599861145,-0.03033105842769146,0.6611733436584473,0.5499296188354492,-0.03820553421974182,0.6158004999160767,0.5642039179801941,-0.005502547603100538,0.6051638722419739,0.5065597891807556,-0.018730223178863525,0.6012742519378662,0.4716351628303528,-0.02859555184841156,0.5982413291931152,0.4410204291343689,-0.03556065633893013,0.6403234004974365,0.5567193627357483,-0.009433411993086338,0.6268734335899353,0.4941933751106262,-0.025174042209982872,0.618475615978241,0.4597746729850769,-0.03654312342405319,0.6117633581161499,0.4281846284866333,-0.0427011102437973,0.6661514639854431,0.565075159072876,-0.015849433839321136,0.6666356325149536,0.5133625864982605,-0.04017118364572525,0.6654565334320068,0.5551500916481018,-0.04299149289727211,0.6634871363639832,0.5878143906593323,-0.03792612627148628,0.6917799711227417,0.5847885012626648,-0.023466460406780243,0.689255952835083,0.5496472120285034,-0.04280262440443039,0.6848527789115906,0.5776588320732117,-0.041935089975595474,0.6820515394210815,0.6022562980651855,-0.03670388087630272,u
0.6693434119224548,0.7016457319259644,2.8513784400274744e-07,0.6385329365730286,0.6737184524536133,-0.015552900731563568,0.6240991353988647,0.624987006187439,-0.022739680483937263,0.6414111852645874,0.5787181854248047,-0.03120504505932331,0.6609724760055542,0.5517502427101135,-0.0392778106033802,0.6155538558959961,0.5647311210632324,-0.006014193873852491,0.605150043964386,0.506357729434967,-0.01913370192050934,0.6012160181999207,0.47114109992980957,-0.02880682423710823,0.5979862213134766,0.4401616156101227,-0.035619527101516724,0.6398642063140869,0.5569522380828857,-0.009609729051589966,0.6270064115524292,0.4940952658653259,-0.024793192744255066,0.6188913583755493,0.4596211016178131,-0.03575395047664642,0.6120391488075256,0.4282557964324951,-0.04180369898676872,0.6652109622955322,0.5651248693466187,-0.01571439951658249,0.6666234731674194,0.5117132067680359,-0.039428528398275375,0.6658194661140442,0.5511088371276855,-0.04288717731833458,0.6638458371162415,0.583154022693634,-0.03857254981994629,0.6901054382324219,0.584571361541748,-0.02302963100373745,0.6887184381484985,0.5504949688911438,-0.04204436019062996,0.6848658919334412,0.5765536427497864,-0.04195771738886833,0.6824122667312622,0.6002715826034546,-0.037478283047676086,u
0.6704884171485901,0.7059034109115601,3.157139190079761e-07,0.637722909450531,0.6749421954154968,-0.014834324829280376,0.6224032044410706,0.6237972378730774,-0.022260218858718872,0.6393860578536987,0.5753054022789001,-0.031185565516352654,0.6605537533760071,0.5481172800064087,-0.039337776601314545,0.6166735291481018,0.5660459995269775,-0.006112125236541033,0.6073841452598572,0.5058040618896484,-0.020110834389925003,0.6044765114784241,0.46917179226875305,-0.030275827273726463,0.6019189953804016,0.4370090961456299,-0.03735078498721123,0.6415303349494934,0.5585232973098755,-0.01001742947846651,0.6301323771476746,0.4928564727306366,-0.026198994368314743,0.6221757531166077,0.4571397602558136,-0.03741612657904625,0.6161665916442871,0.42498183250427246,-0.04343436285853386,0.6677015423774719,0.566647469997406,-0.016257667914032936,0.6693936586380005,0.5125521421432495,-0.03992858901619911,0.6655411720275879,0.554847240447998,-0.04142868146300316,0.6623599529266357,0.5893296003341675,-0.03551289439201355,0.6937837600708008,0.5859217643737793,-0.023796934634447098,0.6916903853416443,0.5537941455841064,-0.04218774661421776,0.6856333613395691,0.580586850643158,-0.0407770611345768,0.6821720600128174,0.6051863431930542,-0.03509286046028137,u
0.6698548793792725,0.7060198783874512,2.9914127708252636e-07,0.6371854543685913,0.6730636358261108,-0.014029107987880707,0.621877908706665,0.6225531697273254,-0.021303800866007805,0.6384743452072144,0.5754318237304688,-0.03029054030776024,0.6601582765579224,0.5483474135398865,-0.03869066759943962,0.6162815690040588,0.5644380450248718,-0.004894224926829338,0.607012152671814,0.5045071840286255,-0.018608102574944496,0.6045243144035339,0.4688066244125366,-0.028341444209218025,0.6023738384246826,0.436893105506897,-0.03490379452705383,0.6412522792816162,0.5571531653404236,-0.009135881438851357,0.6298519968986511,0.491778165102005,-0.024521350860595703,0.6220905184745789,0.4573151171207428,-0.03488854691386223,0.6161571741104126,0.4258677363395691,-0.0402529314160347,0.6675801873207092,0.5652161240577698,-0.015821237117052078,0.6686292886734009,0.5120159983634949,-0.03954299911856651,0.6650686264038086,0.5532587766647339,-0.041956618428230286,0.6627019047737122,0.5869205594062805,-0.036556534469127655,0.6935246586799622,0.584505558013916,-0.02364790253341198,0.6905344724655151,0.5528108477592468,-0.041678644716739655,0.6845753192901611,0.5793560147285461,-0.040583644062280655,0.6819321513175964,0.6035546660423279,-0.03523581102490425,u
0.6688128113746643,0.708041787147522,3.240053558783984e-07,0.6339069604873657,0.674351692199707,-0.013591603375971317,0.6191787719726562,0.6224781274795532,-0.021104084327816963,0.637944757938385,0.5754626393318176,-0.03061298094689846,0.6602868437767029,0.5498136878013611,-0.03946688026189804,0.6175475120544434,0.5645487904548645,-0.005971498321741819,0.6090362071990967,0.5036754608154297,-0.020555509254336357,0.6067932844161987,0.4668123126029968,-0.03127337619662285,0.6055814027786255,0.43380609154701233,-0.03894564509391785,0.6428225636482239,0.5577411651611328,-0.01110642496496439,0.6323504447937012,0.4906693696975708,-0.028165796771645546,0.6249746680259705,0.4537222981452942,-0.04032962769269943,0.6205928325653076,0.4187643527984619,-0.04728487879037857,0.6691070199012756,0.5670132637023926,-0.018445158377289772,0.6715603470802307,0.5105383396148682,-0.04237431660294533,0.6654559373855591,0.5551920533180237,-0.04343072697520256,0.6613067388534546,0.5901991128921509,-0.037405163049697876,0.6956880688667297,0.5876590013504028,-0.027065154165029526,0.6934120059013367,0.5538162589073181,-0.045202501118183136,0.6860081553459167,0.5798006057739258,-0.04342960938811302,0.68157559633255,0.6028631925582886,-0.03775999695062637,u
0.6690633296966553,0.7081429362297058,3.0887835578141676e-07,0.6343774199485779,0.6752724647521973,-0.013843923807144165,0.6190248131752014,0.6234932541847229,-0.021349025890231133,0.6374737024307251,0.5761868953704834,-0.030751368030905724,0.6601364016532898,0.5501630902290344,-0.03942384943366051,0.6172648668289185,0.5645909905433655,-0.006046202965080738,0.6087828278541565,0.5038834810256958,-0.020954638719558716,0.606930136680603,0.46714964509010315,-0.03150973469018936,0.6057153940200806,0.4344635009765625,-0.038792505860328674,0.6426876783370972,0.5579452514648438,-0.010879351757466793,0.632192850112915,0.4900849461555481,-0.028201274573802948,0.6247100830078125,0.45367610454559326,-0.03963727504014969,0.6199192404747009,0.4197201430797577,-0.04566764831542969,0.669084906578064,0.5670877695083618,-0.01802740804851055,0.6711178421974182,0.5116691589355469,-0.0425533801317215,0.6656162738800049,0.5571342706680298,-0.0430854894220829,0.6619060635566711,0.592136561870575,-0.03619293496012688,0.6955206394195557,0.5872899293899536,-0.026440173387527466,0.6929142475128174,0.5533462762832642,-0.044596005231142044,0.6859275698661804,0.5799402594566345,-0.04229188337922096,0.6819149851799011,0.6030324697494507,-0.03597843274474144,u
0.6687183976173401,0.7110850214958191,3.2270040151161083e-07,0.6331455111503601,0.6776551008224487,-0.013012943789362907,0.6172966361045837,0.6240106821060181,-0.02035392075777054,0.6358978152275085,0.5748423337936401,-0.0298746507614851,0.6595225930213928,0.548197865486145,-0.03893613442778587,0.6184849143028259,0.5678836107254028,-0.006625170353800058,0.6099242568016052,0.50536048412323,-0.0215565524995327,0.6082502007484436,0.4676254987716675,-0.03230978175997734,0.6074958443641663,0.4341146945953369,-0.040003664791584015,0.6446139812469482,0.5605179071426392,-0.011906469240784645,0.635168731212616,0.48927363753318787,-0.02928849495947361,0.6280364990234375,0.44993913173675537,-0.04162609204649925,0.6239194273948669,0.4149361550807953,-0.048842769116163254,0.6714829802513123,0.5692669153213501,-0.019189219921827316,0.6733298301696777,0.5072381496429443,-0.043702132999897,0.6655867099761963,0.5518838763237,-0.044812366366386414,0.6605684757232666,0.5901569724082947,-0.0387033075094223,0.6984152793884277,0.5895795822143555,-0.02758059650659561,0.6946761608123779,0.5532056093215942,-0.046511515974998474,0.6859848499298096,0.5793907642364502,-0.044927626848220825,0.6809436082839966,0.6056134700775146,-0.03924685716629028,u
0.6695880889892578,0.7130407094955444,3.1065027883414587e-07,0.6335980296134949,0.6783894896507263,-0.012848206795752048,0.6173596382141113,0.6240023374557495,-0.01972527615725994,0.6361556649208069,0.5748525261878967,-0.028917478397488594,0.6598973274230957,0.5482089519500732,-0.037646710872650146,0.6182879209518433,0.5692002773284912,-0.005041047465056181,0.6099821329116821,0.5053057670593262,-0.01972288265824318,0.6086391806602478,0.4669386148452759,-0.030254146084189415,0.6081345677375793,0.4328930377960205,-0.037680089473724365,0.6443914771080017,0.5617644786834717,-0.010177569463849068,0.6348264813423157,0.4904972016811371,-0.02743152342736721,0.6277844905853271,0.451029896736145,-0.03957756608724594,0.6237561106681824,0.4159609079360962,-0.0465167835354805,0.6711820363998413,0.5698192119598389,-0.017485054209828377,0.6730536222457886,0.5082136988639832,-0.0425063818693161,0.6659029126167297,0.5522772669792175,-0.04425038769841194,0.6614771485328674,0.590846598148346,-0.03822975233197212,0.6979694962501526,0.588830828666687,-0.025869064033031464,0.6937223672866821,0.5517975687980652,-0.04513000324368477,0.6855700612068176,0.5773568749427795,-0.04395980015397072,0.6811920404434204,0.6038975715637207,-0.03841579332947731,u
0.6698781847953796,0.710242509841919,3.3498213269922417e-07,0.6328834295272827,0.6749712824821472,-0.012136055156588554,0.6156674027442932,0.6182417869567871,-0.01919189840555191,0.6351984143257141,0.5692145824432373,-0.028489049524068832,0.6623603105545044,0.5435301065444946,-0.03743814304471016,0.6195133328437805,0.5593611001968384,-0.004678483586758375,0.6124999523162842,0.4968768060207367,-0.018571875989437103,0.6114855408668518,0.45900827646255493,-0.02906443551182747,0.6116910576820374,0.42524081468582153,-0.03682238981127739,0.6460722088813782,0.5539554953575134,-0.010171018540859222,0.6378905177116394,0.48347634077072144,-0.026156315580010414,0.6307806372642517,0.4444873332977295,-0.038396161049604416,0.6271284818649292,0.4087328612804413,-0.04586712270975113,0.6734468936920166,0.5641584992408752,-0.01768476516008377,0.6764271259307861,0.5020529627799988,-0.04137353226542473,0.666233241558075,0.5454901456832886,-0.04422115907073021,0.659920334815979,0.5827481746673584,-0.039723776280879974,0.7009078860282898,0.5855188369750977,-0.026139428839087486,0.6957562565803528,0.5509259700775146,-0.044749852269887924,0.6863480806350708,0.575847864151001,-0.04443623870611191,0.6817606687545776,0.5998194217681885,-0.039959896355867386,u
0.6702530980110168,0.7109905481338501,3.045920493605081e-07,0.6325720548629761,0.6759169101715088,-0.013911697082221508,0.6151689291000366,0.6212629675865173,-0.021593458950519562,0.6346797347068787,0.5716589093208313,-0.03135662153363228,0.6611621975898743,0.5449186563491821,-0.040563736110925674,0.6197690367698669,0.5647282600402832,-0.006162037141621113,0.6122540831565857,0.5011348128318787,-0.021552927792072296,0.6112108826637268,0.4631287753582001,-0.03302217274904251,0.6112444400787354,0.4284229874610901,-0.0415712408721447,0.646397054195404,0.5569596290588379,-0.01110212504863739,0.6373660564422607,0.4853328466415405,-0.028466321527957916,0.6303048729896545,0.4459242820739746,-0.041470590978860855,0.6263471245765686,0.409458726644516,-0.049761202186346054,0.6733005046844482,0.5655102133750916,-0.018333911895751953,0.6759231686592102,0.500701904296875,-0.04305399954319,0.668073296546936,0.5441137552261353,-0.045379504561424255,0.6636524796485901,0.5814276337623596,-0.04063435271382332,0.7011404037475586,0.5858957767486572,-0.026800749823451042,0.695777416229248,0.5510993599891663,-0.0461023710668087,0.6865623593330383,0.5766469836235046,-0.04598745331168175,0.6821947693824768,0.6015843152999878,-0.04181985929608345,u
0.6762994527816772,0.7073934078216553,4.0385558008892986e-07,0.6389991044998169,0.6715072393417358,-0.015542393550276756,0.6213205456733704,0.6122855544090271,-0.02356283739209175,0.6443020701408386,0.5599104762077332,-0.03350186347961426,0.6740922927856445,0.5326724648475647,-0.042823128402233124,0.6260457634925842,0.5513437986373901,-0.005754646845161915,0.6197659969329834,0.4854944348335266,-0.021207699552178383,0.6197882890701294,0.4432368874549866,-0.03308108448982239,0.6207559108734131,0.4064818024635315,-0.041529953479766846,0.6542131900787354,0.5465275049209595,-0.010372568853199482,0.6469722390174866,0.47196152806282043,-0.027165060862898827,0.6401746869087219,0.430856853723526,-0.03944546729326248,0.6376530528068542,0.3930351436138153,-0.04639573022723198,0.6824427247047424,0.5586459040641785,-0.01756010390818119,0.6846329569816589,0.49988824129104614,-0.04195714369416237,0.6718971729278564,0.5459704995155334,-0.04308086633682251,0.6655474901199341,0.5834656357765198,-0.036571454256772995,0.7092347741127014,0.5833985209465027,-0.02625606767833233,0.7046366333961487,0.5458062887191772,-0.04523679241538048,0.6943930983543396,0.5726262331008911,-0.04321252554655075,0.6898782849311829,0.5983582139015198,-0.03686846047639847,u
0.6798464059829712,0.712960422039032,3.833107200534869e-07,0.6418612003326416,0.6758142709732056,-0.01642008125782013,0.623375654220581,0.6134697198867798,-0.025109749287366867,0.6463555097579956,0.557862401008606,-0.03566863015294075,0.6772142052650452,0.5291623473167419,-0.045613110065460205,0.6305469870567322,0.5526198148727417,-0.008830158971250057,0.6248360276222229,0.48378241062164307,-0.02568746544420719,0.6242431998252869,0.4406334161758423,-0.037408873438835144,0.6244112849235535,0.40292221307754517,-0.045549094676971436,0.6599270701408386,0.5456781387329102,-0.013366146944463253,0.6536707878112793,0.4671265780925751,-0.032040245831012726,0.6466454863548279,0.4246448874473572,-0.043973129242658615,0.6436159014701843,0.38668492436408997,-0.050109267234802246,0.6892633438110352,0.5568914413452148,-0.020381173118948936,0.6909095644950867,0.4952162206172943,-0.04697485268115997,0.6767684817314148,0.5472507476806641,-0.04690412059426308,0.6702283620834351,0.5898283123970032,-0.03873862698674202,0.7173449993133545,0.5814682245254517,-0.028895383700728416,0.709489107131958,0.5478805899620056,-0.04941132664680481,0.6972225904464722,0.5776162147521973,-0.04725125804543495,0.6928915977478027,0.6048742532730103,-0.0402560718357563,u
0.6802871823310852,0.7138513922691345,3.740326519618975e-07,0.641214907169342,0.673860490322113,-0.0169921163469553,0.6221759915351868,0.6128019094467163,-0.02630625292658806,0.6446479558944702,0.5580740571022034,-0.03744244575500488,0.6767178773880005,0.5283029675483704,-0.04798651114106178,0.6294012069702148,0.5533922910690308,-0.008801562711596489,0.6251306533813477,0.48240846395492554,-0.025772595778107643,0.6257494688034058,0.439399778842926,-0.0374615415930748,0.6268826127052307,0.4009280502796173,-0.04569440707564354,0.6587608456611633,0.5461898446083069,-0.012962444685399532,0.6527077555656433,0.46814703941345215,-0.03151862323284149,0.6470409631729126,0.42568346858024597,-0.043250881135463715,0.644903302192688,0.3875739872455597,-0.0497962161898613,0.687598705291748,0.5564963817596436,-0.019810253754258156,0.6908262968063354,0.4914802312850952,-0.04690461978316307,0.6791388392448425,0.5428263545036316,-0.047514718025922775,0.6736562848091125,0.5860169529914856,-0.04021304100751877,0.715380072593689,0.5799974203109741,-0.028162112459540367,0.7061747908592224,0.5483773946762085,-0.049267593771219254,0.6950892210006714,0.5791850090026855,-0.048091597855091095,0.69199138879776,0.6071330308914185,-0.04217780753970146,u
0.6823962926864624,0.7169622182846069,3.906854999513598e-07,0.6441951394081116,0.675161600112915,-0.01530388742685318,0.6262708902359009,0.609644889831543,-0.023282790556550026,0.6507022380828857,0.5546809434890747,-0.03373034670948982,0.6823486089706421,0.5289386510848999,-0.04364270344376564,0.6364969611167908,0.5492442846298218,-0.00635781092569232,0.630115807056427,0.4780271053314209,-0.02333216927945614,0.6299492120742798,0.4335710406303406,-0.036124832928180695,0.6314904093742371,0.3947657644748688,-0.04544788971543312,0.6669286489486694,0.5444905161857605,-0.012005371041595936,0.6596627235412598,0.46355926990509033,-0.03121868707239628,0.6523846387863159,0.41927269101142883,-0.04507296904921532,0.6501153111457825,0.38024622201919556,-0.05298225209116936,0.6975129842758179,0.5579582452774048,-0.020123029127717018,0.6987258791923523,0.49172043800354004,-0.047442156821489334,0.6815856695175171,0.5416126251220703,-0.04877811297774315,0.6729604005813599,0.585174024105072,-0.04169598966836929,0.7261672019958496,0.5845864415168762,-0.029682330787181854,0.7183720469474792,0.5461035966873169,-0.05134923383593559,0.7048710584640503,0.5722781419754028,-0.050034236162900925,0.6996240019798279,0.5994177460670471,-0.0436396598815918,u
0.6827828288078308,0.7175999283790588,3.665324754820176e-07,0.6446330547332764,0.6770331263542175,-0.01678403466939926,0.6255553960800171,0.612086296081543,-0.025599533692002296,0.649133026599884,0.5554001927375793,-0.03634413331747055,0.6826533079147339,0.5270805358886719,-0.04642375558614731,0.6334080696105957,0.5517449378967285,-0.009465491399168968,0.6288653016090393,0.47700685262680054,-0.026894519105553627,0.6301265954971313,0.4325861930847168,-0.037988774478435516,0.6317858099937439,0.3939909040927887,-0.045444730669260025,0.6642621755599976,0.5457844138145447,-0.013779275119304657,0.6583862900733948,0.46219611167907715,-0.03365805000066757,0.6527787446975708,0.41786134243011475,-0.045198842883110046,0.6509501934051514,0.3788979649543762,-0.05077631399035454,0.694494366645813,0.5572885870933533,-0.020694073289632797,0.6969578266143799,0.4913244843482971,-0.04919586330652237,0.6841249465942383,0.5435008406639099,-0.04890742525458336,0.6778353452682495,0.5864979028701782,-0.0399552620947361,0.723379909992218,0.5810537338256836,-0.02901979349553585,0.7153013944625854,0.5441858172416687,-0.050216928124427795,0.7042550444602966,0.5733928084373474,-0.047828592360019684,0.7007454633712769,0.6003783941268921,-0.04055031016469002,u
0.688260555267334,0.7224594354629517,3.911497117314866e-07,0.6487337350845337,0.678653359413147,-0.01460370235145092,0.6307483315467834,0.6108984351158142,-0.022392237558960915,0.6559234857559204,0.5543903708457947,-0.03299935907125473,0.6889925003051758,0.5286141633987427,-0.043351490050554276,0.6417722702026367,0.5532858371734619,-0.007090993225574493,0.6357835531234741,0.47672638297080994,-0.024314234033226967,0.6355082988739014,0.43023812770843506,-0.036765798926353455,0.6366950273513794,0.3898733854293823,-0.04563315957784653,0.6724151968955994,0.5480874180793762,-0.013135195709764957,0.6670635938644409,0.46179163455963135,-0.03250092640519142,0.6608099341392517,0.41297683119773865,-0.0458848662674427,0.6592421531677246,0.3705357313156128,-0.053399115800857544,0.7027086019515991,0.56065434217453,-0.021518629044294357,0.7035646438598633,0.49356943368911743,-0.047837331891059875,0.6873782277107239,0.5412458181381226,-0.04782337695360184,0.6795799136161804,0.5835727453231812,-0.03998967632651329,0.7313962578773499,0.5859312415122986,-0.03146033734083176,0.7252097725868225,0.5413666367530823,-0.05142989382147789,0.7126045227050781,0.5676924586296082,-0.0483841709792614,0.7077900171279907,0.5963982343673706,-0.04108138009905815,u
0.6871711015701294,0.7231707572937012,3.609565339957044e-07,0.6485378742218018,0.6796053647994995,-0.01539643295109272,0.6303561925888062,0.6122653484344482,-0.023337725549936295,0.6542413234710693,0.555142879486084,-0.033584944903850555,0.6882851719856262,0.526168942451477,-0.04337591677904129,0.6397268176078796,0.5501523613929749,-0.006416215095669031,0.6353590488433838,0.4731670022010803,-0.022609764710068703,0.6360200643539429,0.4275975227355957,-0.033620793372392654,0.6378277540206909,0.38818252086639404,-0.04128565639257431,0.6704407334327698,0.5455843806266785,-0.01152133196592331,0.6652451753616333,0.4611685872077942,-0.030019527301192284,0.6607266664505005,0.4130450487136841,-0.042626943439245224,0.6602200269699097,0.37131595611572266,-0.04966171830892563,0.7004839181900024,0.5579559206962585,-0.019221501424908638,0.702965259552002,0.4901813268661499,-0.047168366611003876,0.6897991299629211,0.5367755889892578,-0.04974188655614853,0.6823961138725281,0.5783770680427551,-0.04338386282324791,0.729550838470459,0.5819469094276428,-0.028112974017858505,0.7213224172592163,0.5403311252593994,-0.05012411251664162,0.7110832929611206,0.5679904222488403,-0.049356017261743546,0.7075423002243042,0.5968020558357239,-0.04349250718951225,u
0.6948173642158508,0.7259591221809387,4.0377545929004555e-07,0.6530176997184753,0.6817296147346497,-0.016557497903704643,0.6337655782699585,0.6112673282623291,-0.024706754833459854,0.6604173183441162,0.5535449385643005,-0.03529978543519974,0.6957831978797913,0.5281211733818054,-0.04557422921061516,0.6466754674911499,0.5474532842636108,-0.006697565782815218,0.6418817639350891,0.47024333477020264,-0.024166405200958252,0.6427649855613708,0.4222138822078705,-0.03693186119198799,0.6446527242660522,0.379976361989975,-0.04613500460982323,0.6790165901184082,0.5419809818267822,-0.012370876036584377,0.6740538477897644,0.45558589696884155,-0.03208395838737488,0.668519139289856,0.40596604347229004,-0.04568354785442352,0.666702151298523,0.36204561591148376,-0.05335136502981186,0.7105542421340942,0.5555301904678345,-0.02090313471853733,0.7112579345703125,0.4853215217590332,-0.05044073238968849,0.6949257850646973,0.5343576669692993,-0.0533859021961689,0.6868069171905518,0.5783955454826355,-0.046778853982686996,0.740537703037262,0.5820345282554626,-0.030834250152111053,0.7314608693122864,0.5384623408317566,-0.054343219846487045,0.7186489105224609,0.5670042634010315,-0.053849004209041595,0.7145138382911682,0.5972711443901062,-0.047845158725976944,u
0.6936008334159851,0.7294381260871887,3.960895753607474e-07,0.6522567272186279,0.6838997602462769,-0.0167964119464159,0.6337796449661255,0.6127055883407593,-0.025620441883802414,0.6589909195899963,0.5537545680999756,-0.03673100844025612,0.6945876479148865,0.5245847702026367,-0.04726816341280937,0.6453971862792969,0.5463564991950989,-0.007648657541722059,0.641370415687561,0.46785011887550354,-0.02550351992249489,0.6426012516021729,0.4207020401954651,-0.038236286491155624,0.6448270082473755,0.37930381298065186,-0.0474071279168129,0.6776257753372192,0.5410696268081665,-0.013055160641670227,0.6736981272697449,0.4545654356479645,-0.03346472606062889,0.669532835483551,0.4046486020088196,-0.047798946499824524,0.6692935824394226,0.36028265953063965,-0.056164760142564774,0.708498477935791,0.5544927716255188,-0.021186906844377518,0.7121676206588745,0.48247694969177246,-0.05075646564364433,0.6968780755996704,0.5337183475494385,-0.053122371435165405,0.6884090900421143,0.5780120491981506,-0.04643801599740982,0.7382118105888367,0.5802720785140991,-0.030690863728523254,0.7290513515472412,0.540218710899353,-0.05407581478357315,0.7175395488739014,0.5703110098838806,-0.05350693315267563,0.7141024470329285,0.5994547605514526,-0.04758605733513832,u
0.6975005865097046,0.7266627550125122,3.911108024112764e-07,0.6569328308105469,0.6803164482116699,-0.01597718521952629,0.6386209726333618,0.6092322468757629,-0.025502631440758705,0.6647154688835144,0.5523931384086609,-0.037712205201387405,0.700290858745575,0.5253176093101501,-0.049508966505527496,0.6512174606323242,0.5421252250671387,-0.009279889985918999,0.6467412710189819,0.4646764099597931,-0.028132250532507896,0.64748215675354,0.4170181155204773,-0.04175819456577301,0.6496317982673645,0.3746875524520874,-0.05161575973033905,0.6834580302238464,0.5380821824073792,-0.015646954998373985,0.6789548397064209,0.45042693614959717,-0.036992743611335754,0.6732041835784912,0.4005362391471863,-0.05155705660581589,0.6720585227012634,0.3558099865913391,-0.05996834859251976,0.7153977155685425,0.5524091720581055,-0.0244574137032032,0.7175102233886719,0.48213428258895874,-0.054292943328619,0.698354184627533,0.5358646512031555,-0.055319491773843765,0.68780118227005,0.5823748707771301,-0.04749603942036629,0.7460465431213379,0.5792379975318909,-0.03470833972096443,0.7357544302940369,0.5374391674995422,-0.05799923837184906,0.7217482924461365,0.5670567750930786,-0.056094761937856674,0.7167079448699951,0.5971600413322449,-0.04902557283639908,u
0.6984683275222778,0.726520299911499,3.8181548234206275e-07,0.6570277810096741,0.6826733350753784,-0.01698940433561802,0.6375653147697449,0.611359715461731,-0.02653176337480545,0.6635798811912537,0.5515161752700806,-0.038375966250896454,0.699614405632019,0.5191740989685059,-0.04967008903622627,0.6495737433433533,0.5434263944625854,-0.010823356918990612,0.6455351710319519,0.4643850326538086,-0.030505355447530746,0.646632730960846,0.4165685772895813,-0.04378131404519081,0.6483997106552124,0.3742257356643677,-0.052933916449546814,0.6822901368141174,0.5384542346000671,-0.01643652841448784,0.6792198419570923,0.4493483304977417,-0.03851279988884926,0.6743059158325195,0.3996652364730835,-0.05232103541493416,0.6733831167221069,0.3555971384048462,-0.05982545390725136,0.7136955261230469,0.551808774471283,-0.02459712326526642,0.7171979546546936,0.48058587312698364,-0.0554889552295208,0.700481653213501,0.5384853482246399,-0.055071692913770676,0.691944420337677,0.5854921340942383,-0.045799192041158676,0.7439568042755127,0.577431321144104,-0.034178104251623154,0.7335089445114136,0.5382742285728455,-0.057603828608989716,0.720639169216156,0.5727608799934387,-0.05474038049578667,0.7170515060424805,0.6035363674163818,-0.04678603261709213,u
0.701230525970459,0.7301543951034546,3.958349452659604e-07,0.6578266620635986,0.6862479448318481,-0.016405027359724045,0.6383039355278015,0.6123761534690857,-0.025301791727542877,0.664369523525238,0.5522273182868958,-0.03688480705022812,0.700924813747406,0.521370530128479,-0.04820604622364044,0.6528095602989197,0.5408896803855896,-0.007713318336755037,0.6482341885566711,0.46177858114242554,-0.026048941537737846,0.6485127210617065,0.41347843408584595,-0.03895249590277672,0.6496549844741821,0.3713080585002899,-0.04812723025679588,0.6862605214118958,0.5362981557846069,-0.01402068231254816,0.6841846108436584,0.44603896141052246,-0.03510957956314087,0.6778407096862793,0.3948044180870056,-0.04965118318796158,0.6751997470855713,0.3504057228565216,-0.05780240520834923,0.7184448838233948,0.550764799118042,-0.0229756198823452,0.7193508744239807,0.4775107502937317,-0.05396817997097969,0.7010515332221985,0.5340542197227478,-0.05575084313750267,0.692004382610321,0.5816898941993713,-0.04795936867594719,0.7493420839309692,0.5777445435523987,-0.03318440914154053,0.7355243563652039,0.5364075303077698,-0.05782037973403931,0.7220202684402466,0.5709561109542847,-0.056373510509729385,0.7187920212745667,0.6034597754478455,-0.049257900565862656,u
0.7021509408950806,0.7332237958908081,3.883779129409959e-07,0.6586464643478394,0.6886653900146484,-0.016500072553753853,0.6386024951934814,0.6139848232269287,-0.02510473132133484,0.6638873815536499,0.5512973070144653,-0.03635066747665405,0.7002267837524414,0.5190567970275879,-0.04698341712355614,0.6523185968399048,0.5437672734260559,-0.008049946278333664,0.6473812460899353,0.46331095695495605,-0.027010397985577583,0.6474838256835938,0.4148215651512146,-0.04006650298833847,0.6483005285263062,0.3723759055137634,-0.049308065325021744,0.6854450702667236,0.5375913977622986,-0.014051323756575584,0.6831483244895935,0.4461430013179779,-0.035957079380750656,0.678134560585022,0.39438778162002563,-0.050698839128017426,0.6768824458122253,0.3496891260147095,-0.05901281163096428,0.716972827911377,0.5509240627288818,-0.02263830229640007,0.7187789082527161,0.47765564918518066,-0.053282421082258224,0.7017454504966736,0.5359383821487427,-0.053538303822278976,0.6932553648948669,0.5837319493293762,-0.04487955942749977,0.7473443746566772,0.5768222808837891,-0.032635223120450974,0.735497772693634,0.5374524593353271,-0.055896271020174026,0.7234746813774109,0.5714200139045715,-0.05339210852980614,0.7209494709968567,0.601586103439331,-0.04582361876964569,u
0.702191948890686,0.7341607809066772,4.059307059378625e-07,0.6600755453109741,0.6870595812797546,-0.01620945893228054,0.6412019729614258,0.6135014891624451,-0.02587822638452053,0.6659761071205139,0.5529043078422546,-0.038436248898506165,0.7017340660095215,0.5211818218231201,-0.05050818249583244,0.653461217880249,0.544269859790802,-0.009249701164662838,0.6483796834945679,0.4615696966648102,-0.028475487604737282,0.6487874984741211,0.412656307220459,-0.041825681924819946,0.6503589153289795,0.3700333833694458,-0.051526885479688644,0.687103807926178,0.5394092798233032,-0.016209961846470833,0.685178816318512,0.4451100528240204,-0.03831816837191582,0.6798398494720459,0.3929945230484009,-0.05361570790410042,0.6786347031593323,0.34781649708747864,-0.06276753544807434,0.7194868922233582,0.5543728470802307,-0.02568826451897621,0.7225854992866516,0.47467491030693054,-0.05617014691233635,0.7040656805038452,0.5281648635864258,-0.05740182474255562,0.6939137578010559,0.5746728181838989,-0.05000816658139229,0.7503772974014282,0.5823978781700134,-0.03656066954135895,0.7414706945419312,0.5368909239768982,-0.06016914173960686,0.7283570170402527,0.5658583641052246,-0.05849127843976021,0.7242465019226074,0.5952082872390747,-0.051885880529880524,u
0.703731119632721,0.7357079386711121,4.0694359881854325e-07,0.6604642271995544,0.6900584697723389,-0.01796220988035202,0.6412006616592407,0.6138669848442078,-0.027604449540376663,0.6666507720947266,0.5506314039230347,-0.039800409227609634,0.7034393548965454,0.517976701259613,-0.05119902640581131,0.6533223390579224,0.5455157160758972,-0.009895836934447289,0.6480076909065247,0.4620976448059082,-0.02950243651866913,0.6485416889190674,0.4127855598926544,-0.0428311713039875,0.6502753496170044,0.369823694229126,-0.0523860901594162,0.6872994899749756,0.5400218963623047,-0.015631094574928284,0.6842036843299866,0.44577136635780334,-0.038587722927331924,0.6794984340667725,0.3927937150001526,-0.0542503222823143,0.679264485836029,0.34705179929733276,-0.06345343589782715,0.7193678617477417,0.5539125204086304,-0.02401808649301529,0.7226070761680603,0.4759567677974701,-0.05520628020167351,0.7046356797218323,0.5330531597137451,-0.05553488805890083,0.6946641802787781,0.5814981460571289,-0.04706617072224617,0.749934732913971,0.5798998475074768,-0.034015823155641556,0.7405336499214172,0.5360996723175049,-0.05781673267483711,0.7281628251075745,0.5662989020347595,-0.0557614266872406,0.7240808010101318,0.5956130623817444,-0.048637520521879196,u
0.7064560651779175,0.7360258102416992,4.175213064172567e-07,0.6619678735733032,0.691110372543335,-0.018094921484589577,0.6411844491958618,0.6162756085395813,-0.027904072776436806,0.6654817461967468,0.5530938506126404,-0.040273066610097885,0.7026055455207825,0.520872950553894,-0.051888950169086456,0.652861475944519,0.5448092818260193,-0.009719055145978928,0.648027777671814,0.4616036117076874,-0.029518984258174896,0.6486511826515198,0.41199907660484314,-0.04284526780247688,0.649910032749176,0.3687426447868347,-0.05231286212801933,0.687193751335144,0.5384679436683655,-0.015413869172334671,0.6847692728042603,0.44492289423942566,-0.0386081337928772,0.6798916459083557,0.39190250635147095,-0.05390259996056557,0.678234338760376,0.3463882505893707,-0.06259295344352722,0.7198551297187805,0.5518878102302551,-0.023861749097704887,0.7213809490203857,0.4750300645828247,-0.05599787086248398,0.7044499516487122,0.5345958471298218,-0.05689413473010063,0.6955811977386475,0.5848077535629272,-0.048396870493888855,0.7510025501251221,0.5778920650482178,-0.03384814411401749,0.7381206750869751,0.5395869612693787,-0.05885661393404007,0.7258272171020508,0.573356032371521,-0.057713817805051804,0.7227116823196411,0.6042255759239197,-0.050904545933008194,u
0.7057923078536987,0.7372157573699951,4.2234259467477386e-07,0.661525309085846,0.6915042400360107,-0.017312904819846153,0.6414068341255188,0.6152676939964294,-0.02668878249824047,0.6668252348899841,0.5527498126029968,-0.03876734897494316,0.7027910351753235,0.5199507474899292,-0.05029066279530525,0.6529020667076111,0.5449377298355103,-0.009864035062491894,0.64821457862854,0.4627266228199005,-0.02953362837433815,0.6484672427177429,0.41296321153640747,-0.04311376065015793,0.6494067907333374,0.36947208642959595,-0.053041499108076096,0.6874872446060181,0.538585364818573,-0.016177985817193985,0.6858718395233154,0.4450908899307251,-0.039458006620407104,0.6801139712333679,0.39206990599632263,-0.055517952889204025,0.6777277588844299,0.34678828716278076,-0.06507176160812378,0.7204532623291016,0.5523715019226074,-0.025028275325894356,0.7228502631187439,0.47373688220977783,-0.05680377036333084,0.7047094702720642,0.5330463647842407,-0.05793365091085434,0.695160984992981,0.5835475921630859,-0.05002960190176964,0.751589834690094,0.5790125727653503,-0.03535446152091026,0.7385557889938354,0.5409355759620667,-0.060276906937360764,0.7264089584350586,0.5733808279037476,-0.059337738901376724,0.7241739630699158,0.6029168963432312,-0.05293114110827446,u
0.7088188529014587,0.7387891411781311,4.0586130012343347e-07,0.663878858089447,0.6933097243309021,-0.01648101769387722,0.6417601704597473,0.6192237138748169,-0.026154691353440285,0.665020227432251,0.5558781623840332,-0.038577716797590256,0.7009996175765991,0.5224425792694092,-0.05050994083285332,0.6554533243179321,0.5481165051460266,-0.009914593771100044,0.6493276953697205,0.4635978937149048,-0.029296433553099632,0.6492664217948914,0.4132192134857178,-0.0423990897834301,0.6497967839241028,0.3690313398838043,-0.05171411857008934,0.6892799735069275,0.5417991280555725,-0.016505682840943336,0.6866571307182312,0.4457249343395233,-0.03878137096762657,0.6809690594673157,0.3921133279800415,-0.05353116616606712,0.6781213283538818,0.3466547727584839,-0.06194399669766426,0.7222433686256409,0.5547885298728943,-0.025560127571225166,0.7221367955207825,0.47849637269973755,-0.05634200572967529,0.7046308517456055,0.5343518853187561,-0.0572233609855175,0.6950827240943909,0.5826588869094849,-0.04924105852842331,0.754459023475647,0.5805984139442444,-0.036015208810567856,0.7419293522834778,0.5394348502159119,-0.05987647920846939,0.7300506234169006,0.5722651481628418,-0.05785170942544937,0.7273141145706177,0.6035515666007996,-0.050732459872961044,u
0.7088199257850647,0.7389509677886963,4.116553213862062e-07,0.6638741493225098,0.693195641040802,-0.016114814206957817,0.6419984698295593,0.6182472109794617,-0.026000814512372017,0.6658100485801697,0.5553764700889587,-0.03870072588324547,0.7016888856887817,0.5210353136062622,-0.050897255539894104,0.6553322672843933,0.547821581363678,-0.010620862245559692,0.6490373611450195,0.46353092789649963,-0.030473493039608,0.6491783261299133,0.4132947325706482,-0.04388989135622978,0.650061309337616,0.3690808415412903,-0.053361836820840836,0.6893020868301392,0.541585385799408,-0.017538171261548996,0.6860674023628235,0.4457828104496002,-0.04043257609009743,0.6803512573242188,0.39214110374450684,-0.0555577278137207,0.6778038740158081,0.3464371860027313,-0.06415624171495438,0.7224057912826538,0.5546440482139587,-0.026789475232362747,0.7222241759300232,0.4795337915420532,-0.05778947472572327,0.7039337754249573,0.5369539856910706,-0.05813980847597122,0.6935990452766418,0.5857669711112976,-0.04970020800828934,0.7545616030693054,0.5802056193351746,-0.037425603717565536,0.7422018647193909,0.5397655963897705,-0.06112384423613548,0.7297015190124512,0.5731003284454346,-0.05854630097746849,0.7261402606964111,0.6043333411216736,-0.05098569393157959,u
0.7178887128829956,0.732268214225769,4.2214065842927084e-07,0.6726117134094238,0.6869423985481262,-0.017805064097046852,0.6510254740715027,0.6163606643676758,-0.028684420511126518,0.6773443818092346,0.557398796081543,-0.04219931364059448,0.7135776281356812,0.5281160473823547,-0.0552583783864975,0.6637283563613892,0.5425795316696167,-0.01168631762266159,0.6572493314743042,0.46018415689468384,-0.032260712236166,0.6568825840950012,0.41060346364974976,-0.046544838696718216,0.6569575667381287,0.3668382167816162,-0.05655049905180931,0.6986269950866699,0.5364674925804138,-0.018500899896025658,0.693649172782898,0.4415528476238251,-0.04064071550965309,0.68636554479599,0.3896130323410034,-0.05520147830247879,0.6817370057106018,0.3434116840362549,-0.06340593844652176,0.7321853637695312,0.551423192024231,-0.028006551787257195,0.7298054099082947,0.4811548590660095,-0.05784660205245018,0.7135888934135437,0.5366067886352539,-0.057680848985910416,0.7053868174552917,0.5814002752304077,-0.049042295664548874,0.7632209062576294,0.5811216235160828,-0.03930789604783058,0.75184565782547,0.5400751829147339,-0.06133095547556877,0.7392721176147461,0.5712122917175293,-0.05772597715258598,0.7355440855026245,0.5999323129653931,-0.04970882833003998,u
0.7227898240089417,0.7372197508811951,4.1826825736279716e-07,0.6777964234352112,0.6931335926055908,-0.018734190613031387,0.6548187136650085,0.6228247880935669,-0.02956361323595047,0.6811645030975342,0.5601791739463806,-0.04280965402722359,0.7174181938171387,0.5297332406044006,-0.05555224418640137,0.665925920009613,0.5469494462013245,-0.013429872691631317,0.6587489247322083,0.463189035654068,-0.034364815801382065,0.6576088070869446,0.41290608048439026,-0.049457378685474396,0.6575933694839478,0.3687313199043274,-0.06042536348104477,0.7013238072395325,0.5400940179824829,-0.019840365275740623,0.6951227784156799,0.44558608531951904,-0.043347716331481934,0.6879401803016663,0.39060819149017334,-0.06005384027957916,0.6843686103820801,0.3434140682220459,-0.07008794695138931,0.7358707189559937,0.5547471046447754,-0.028735326603055,0.7348664402961731,0.48480090498924255,-0.059060581028461456,0.7175670266151428,0.5379511117935181,-0.06006848067045212,0.7073958516120911,0.583337128162384,-0.05268491432070732,0.7683431506156921,0.5839565396308899,-0.039546653628349304,0.7584715485572815,0.5441884398460388,-0.06308777630329132,0.7444986701011658,0.5755085945129395,-0.06095419079065323,0.7386175394058228,0.6067618727684021,-0.053967587649822235,u
0.7231405377388,0.7400671243667603,4.5149474203753925e-07,0.6787705421447754,0.6933244466781616,-0.019157392904162407,0.6569159626960754,0.6236273050308228,-0.03088384121656418,0.681282103061676,0.5605111718177795,-0.044909533113241196,0.7167214751243591,0.528329610824585,-0.05801118537783623,0.6658688187599182,0.5500823259353638,-0.013922985643148422,0.6586029529571533,0.464773565530777,-0.03510507941246033,0.6578168869018555,0.414270281791687,-0.04966536536812782,0.6580559611320496,0.37051403522491455,-0.059821344912052155,0.7010034322738647,0.5426715612411499,-0.019707880914211273,0.694839596748352,0.4471406638622284,-0.04339757189154625,0.6880500316619873,0.3923638164997101,-0.05908224731683731,0.6850876808166504,0.34534645080566406,-0.0680508241057396,0.7353561520576477,0.5563846230506897,-0.02807198278605938,0.735152006149292,0.485211580991745,-0.057335104793310165,0.7191150188446045,0.5386033058166504,-0.05643166974186897,0.7101026177406311,0.5836803317070007,-0.04758681356906891,0.7676681876182556,0.5839520692825317,-0.03848383575677872,0.7589569091796875,0.5440673828125,-0.05938291177153587,0.7467470765113831,0.570269763469696,-0.055772069841623306,0.7421043515205383,0.5957163572311401,-0.047956012189388275,u
0.725572407245636,0.7414904832839966,4.14368486190142e-07,0.6818586587905884,0.6989613771438599,-0.019403671845793724,0.6590078473091125,0.6289462447166443,-0.031003719195723534,0.6843030452728271,0.568174421787262,-0.04484821856021881,0.7192590236663818,0.5364489555358887,-0.05805182829499245,0.6695908308029175,0.5486758351325989,-0.015490861609578133,0.6615651845932007,0.46620437502861023,-0.037211231887340546,0.6600356101989746,0.4157920181751251,-0.052499741315841675,0.6600689888000488,0.3717098832130432,-0.06360404193401337,0.7048112154006958,0.54139244556427,-0.022113483399152756,0.6978287100791931,0.4484766721725464,-0.04652722552418709,0.6896840333938599,0.3956155776977539,-0.06359957158565521,0.6853094100952148,0.3485880196094513,-0.0738741084933281,0.7391757369041443,0.5566943287849426,-0.031162498518824577,0.7395803928375244,0.48704391717910767,-0.061679378151893616,0.7231135368347168,0.5419186949729919,-0.06157495453953743,0.7127839922904968,0.585484504699707,-0.0536230131983757,0.7713614106178284,0.5878497362136841,-0.042204830795526505,0.7634229063987732,0.5485837459564209,-0.06513458490371704,0.7514007091522217,0.5788148641586304,-0.06203919276595116,0.7461804151535034,0.6063746809959412,-0.0546090230345726,u
