0.39805397391319275,0.8857442736625671,4.3868243437827914e-07,0.43502458930015564,0.8488239049911499,-0.013170497491955757,0.4944242238998413,0.824585497379303,-0.028863877058029175,0.545417070388794,0.8361609578132629,-0.04370777681469917,0.5773207545280457,0.853791356086731,-0.059638362377882004,0.4828321635723114,0.7839301824569702,-0.04740872606635094,0.5446985363960266,0.7928804755210876,-0.07571855187416077,0.5851660370826721,0.8168403506278992,-0.09596992284059525,0.6140199899673462,0.8444900512695312,-0.10904695093631744,0.466574102640152,0.8212976455688477,-0.0557449571788311,0.5416425466537476,0.8759903907775879,-0.08284329622983932,0.5682703852653503,0.901697039604187,-0.09304246306419373,0.5788650512695312,0.9125656485557556,-0.10099731385707855,0.4498631954193115,0.8658931255340576,-0.06404069811105728,0.5175084471702576,0.9252672791481018,-0.08540147542953491,0.5187491774559021,0.9351711273193359,-0.08285355567932129,0.5082733035087585,0.9277225136756897,-0.08112866431474686,0.4331243336200714,0.909761905670166,-0.07366149872541428,0.47862836718559265,0.9523583054542542,-0.08648967742919922,0.4742688536643982,0.953840434551239,-0.08097358047962189,0.4622495770454407,0.9435765743255615,-0.07696118950843811,c
0.39195477962493896,0.8142035007476807,3.913878003913851e-07,0.43641918897628784,0.7985840439796448,-0.00933561846613884,0.49277248978614807,0.8037716150283813,-0.02956325188279152,0.5339748859405518,0.8273385167121887,-0.049265727400779724,0.5642017126083374,0.8496132493019104,-0.07000093907117844,0.4886734187602997,0.7383214235305786,-0.05808639153838158,0.541049599647522,0.75676429271698,-0.0930749848484993,0.5729645490646362,0.7790080904960632,-0.11698144674301147,0.5912711024284363,0.7972143292427063,-0.13257887959480286,0.4702957272529602,0.7540331482887268,-0.07064375281333923,0.5250647664070129,0.8235659003257751,-0.10405519604682922,0.5265371203422546,0.8456340432167053,-0.11234855651855469,0.5156004428863525,0.8403644561767578,-0.11896231025457382,0.4490460455417633,0.785305380821228,-0.08235201239585876,0.4925144612789154,0.8610349297523499,-0.10725104808807373,0.4796673655509949,0.8696281313896179,-0.09740733355283737,0.46122902631759644,0.8513712286949158,-0.0911792442202568,0.42732253670692444,0.8209617733955383,-0.09515134245157242,0.46028879284858704,0.8807586431503296,-0.1069931611418724,0.44813594222068787,0.8862608075141907,-0.09492247551679611,0.4290783405303955,0.8725016117095947,-0.08690459281206131,c
0.40124523639678955,0.7471134662628174,2.809853469898371e-07,0.4083380103111267,0.7412802577018738,-0.02379283308982849,0.4137403964996338,0.7263770699501038,-0.05466844514012337,0.4192293882369995,0.7296499609947205,-0.08582694828510284,0.42835554480552673,0.7467402219772339,-0.11901421844959259,0.4026741683483124,0.6626729965209961,-0.07645333558320999,0.44801807403564453,0.6474332213401794,-0.12079425901174545,0.48485273122787476,0.6859350204467773,-0.14714853465557098,0.5016193389892578,0.7222422957420349,-0.16309291124343872,0.4032464325428009,0.6592172980308533,-0.0866379365324974,0.44640135765075684,0.6472521424293518,-0.13304287195205688,0.4825892448425293,0.7021673917770386,-0.14942562580108643,0.4929035007953644,0.7428783178329468,-0.15825191140174866,0.40553197264671326,0.6661744117736816,-0.0976848304271698,0.43864545226097107,0.6575802564620972,-0.14147141575813293,0.4726509153842926,0.7122839689254761,-0.14877910912036896,0.48305821418762207,0.751833975315094,-0.1497724950313568,0.4107900857925415,0.6779135465621948,-0.10951884090900421,0.4330163598060608,0.6833537817001343,-0.14420244097709656,0.45804116129875183,0.7203801274299622,-0.15068386495113373,0.4694824814796448,0.7514094114303589,-0.15286464989185333,c
0.35433608293533325,0.9614811539649963,7.030050142020627e-07,0.4352273941040039,0.9463207125663757,-0.023200251162052155,0.5157700181007385,0.8952353000640869,-0.039453376084566116,0.5746683478355408,0.8684360980987549,-0.05768667906522751,0.6189415454864502,0.8368661999702454,-0.07685434818267822,0.4495392143726349,0.7096924185752869,-0.009651308879256248,0.4681141972541809,0.5888370275497437,-0.03492797538638115,0.5074389576911926,0.5548815727233887,-0.058322783559560776,0.540122926235199,0.5593737363815308,-0.07100994139909744,0.406162828207016,0.6907529234886169,-0.013145523145794868,0.425152450799942,0.5581454038619995,-0.03643288463354111,0.46618032455444336,0.5481142997741699,-0.058850571513175964,0.49310192465782166,0.5903408527374268,-0.07044976204633713,0.3597874045372009,0.689577043056488,-0.02054964192211628,0.37800854444503784,0.562779426574707,-0.04125368595123291,0.4173629879951477,0.5541314482688904,-0.05445602163672447,0.44371533393859863,0.5877708196640015,-0.059134505689144135,0.3122716248035431,0.7059088945388794,-0.02992865815758705,0.32906877994537354,0.605864405632019,-0.045243579894304276,0.3580898940563202,0.5875958204269409,-0.04768998920917511,0.37774962186813354,0.6029101014137268,-0.04570707678794861,c
0.3151819705963135,0.9445813894271851,8.28703889510507e-07,0.4072229564189911,0.9353346824645996,-0.03270072862505913,0.5042164921760559,0.8734606504440308,-0.051119428128004074,0.5672450065612793,0.8376228213310242,-0.06986165046691895,0.6109176874160767,0.7932798266410828,-0.08790376037359238,0.4400923550128937,0.6752141714096069,-0.01148466020822525,0.4625311493873596,0.5549002885818481,-0.03925167769193649,0.5011788010597229,0.5028157234191895,-0.06488322466611862,0.5345356464385986,0.49112188816070557,-0.07764580100774765,0.3938531279563904,0.6549037098884583,-0.012778017669916153,0.4168877601623535,0.5123633742332458,-0.04096627235412598,0.46176639199256897,0.4908343553543091,-0.06665240973234177,0.4920971393585205,0.535731315612793,-0.07709228247404099,0.346868097782135,0.6525364518165588,-0.019058862701058388,0.3684280514717102,0.5187091827392578,-0.04503476992249489,0.41057926416397095,0.5055335760116577,-0.060473788529634476,0.43857184052467346,0.5446396470069885,-0.0628390908241272,0.2984657287597656,0.667930006980896,-0.02853996306657791,0.32040321826934814,0.558853805065155,-0.05147149786353111,0.35451817512512207,0.5361567735671997,-0.05797607824206352,0.3799278736114502,0.5587749481201172,-0.05495293065905571,c
0.3092518448829651,0.936252772808075,7.479907822016685e-07,0.40409666299819946,0.9062211513519287,-0.028658417984843254,0.5027015209197998,0.8436833024024963,-0.04430520161986351,0.5669738054275513,0.806307315826416,-0.06124849617481232,0.6088407635688782,0.7555111050605774,-0.07729088515043259,0.43703240156173706,0.6445324420928955,-0.0008431957103312016,0.4595828652381897,0.5234213471412659,-0.026260260492563248,0.4947546422481537,0.4691549837589264,-0.05148526653647423,0.5270979404449463,0.4518812596797943,-0.06574010103940964,0.391017347574234,0.6258496046066284,-0.0044263736344873905,0.41495880484580994,0.4862995147705078,-0.03310209885239601,0.45347005128860474,0.4648124873638153,-0.061042241752147675,0.4847713112831116,0.5015600323677063,-0.07430640608072281,0.34419313073158264,0.6247023940086365,-0.013418832793831825,0.3654431104660034,0.49444836378097534,-0.03748442605137825,0.40232858061790466,0.4708717465400696,-0.05482741817831993,0.43666812777519226,0.49261605739593506,-0.06116234511137009,0.2944191098213196,0.6411284804344177,-0.02576049603521824,0.3102647662162781,0.539879560470581,-0.04468703642487526,0.34096887707710266,0.5032066106796265,-0.05298946797847748,0.37316378951072693,0.5023658275604248,-0.05432833358645439,c
0.29924923181533813,0.9180107116699219,7.569610147584172e-07,0.4024687707424164,0.8781120181083679,-0.029161155223846436,0.499552845954895,0.8177181482315063,-0.046515099704265594,0.5664477944374084,0.7792455554008484,-0.06622691452503204,0.6091002225875854,0.723038911819458,-0.08524293452501297,0.4378281533718109,0.6168770790100098,0.0023740646429359913,0.45937079191207886,0.49274009466171265,-0.028246507048606873,0.49363791942596436,0.4406159222126007,-0.05878926068544388,0.5271060466766357,0.42443594336509705,-0.07624392956495285,0.39155513048171997,0.5989893674850464,-0.0024505946785211563,0.41685572266578674,0.460727334022522,-0.03315379098057747,0.45652899146080017,0.42403000593185425,-0.0657736212015152,0.49203425645828247,0.44256189465522766,-0.08380284905433655,0.34424588084220886,0.5981304049491882,-0.013637647964060307,0.3700156807899475,0.46826785802841187,-0.03965461626648903,0.4065980911254883,0.43572723865509033,-0.061411745846271515,0.44113048911094666,0.4502294063568115,-0.07131733745336533,0.2938101291656494,0.614752471446991,-0.028502097353339195,0.3111417591571808,0.5128666162490845,-0.05006558820605278,0.3419943153858185,0.470012903213501,-0.0617939755320549,0.37641802430152893,0.46191197633743286,-0.06558240950107574,c
0.30351608991622925,0.9148390889167786,7.454055435118789e-07,0.40177488327026367,0.8684728145599365,-0.02837984450161457,0.4953934848308563,0.8004404306411743,-0.04433988779783249,0.5650327801704407,0.7591606974601746,-0.06279148906469345,0.6078181266784668,0.701321542263031,-0.08086218684911728,0.4347517788410187,0.5874005556106567,0.007151008117944002,0.45641037821769714,0.4658956527709961,-0.021660108119249344,0.4905564785003662,0.4143389165401459,-0.05201539024710655,0.5260828137397766,0.3906102478504181,-0.07065608352422714,0.38927018642425537,0.5750458240509033,0.000746144272852689,0.41584137082099915,0.4404911398887634,-0.028476955369114876,0.4554899334907532,0.4034886956214905,-0.06071080267429352,0.49407491087913513,0.4126116633415222,-0.07940522581338882,0.34212255477905273,0.5794786214828491,-0.012361237779259682,0.37011533975601196,0.45253708958625793,-0.03728620707988739,0.40667080879211426,0.41318202018737793,-0.05715794116258621,0.444548100233078,0.41377848386764526,-0.0668097510933876,0.29001107811927795,0.603617250919342,-0.02953319624066353,0.310006707906723,0.5006367564201355,-0.049819257110357285,0.34030595421791077,0.4482296109199524,-0.0600663423538208,0.37744319438934326,0.42268094420433044,-0.06383678317070007,c
0.2995774745941162,0.9049949049949646,7.224023761409626e-07,0.4023986756801605,0.8533291816711426,-0.027954084798693657,0.49424588680267334,0.7863770723342896,-0.04522276297211647,0.5619258284568787,0.7428523898124695,-0.06480445712804794,0.605087161064148,0.6825616955757141,-0.0844011977314949,0.43478986620903015,0.5703237652778625,0.0015216239262372255,0.4593934416770935,0.446552574634552,-0.029978791251778603,0.49372202157974243,0.394645631313324,-0.06102963164448738,0.5301865339279175,0.36721593141555786,-0.08012057095766068,0.3891070485115051,0.5585569143295288,-0.006308229640126228,0.4180188775062561,0.4224321246147156,-0.03661743178963661,0.45821231603622437,0.38219818472862244,-0.06783545762300491,0.49787843227386475,0.38292619585990906,-0.08655533194541931,0.34044942259788513,0.565950334072113,-0.020891735330224037,0.3703564405441284,0.43710818886756897,-0.04794615879654884,0.40723806619644165,0.39428916573524475,-0.06723647564649582,0.4469490349292755,0.38592270016670227,-0.07683096081018448,0.28671300411224365,0.5937723517417908,-0.039258070290088654,0.308083176612854,0.489940881729126,-0.060965050011873245,0.33782920241355896,0.4322516918182373,-0.07076521962881088,0.37428444623947144,0.39588427543640137,-0.0746224969625473,c
0.2970374822616577,0.9011783599853516,7.076671408867696e-07,0.40226471424102783,0.8450525999069214,-0.0265523511916399,0.49311187863349915,0.7772809267044067,-0.04407403618097305,0.562247097492218,0.7314743399620056,-0.06448999792337418,0.6072368621826172,0.6699644327163696,-0.08501769602298737,0.43558168411254883,0.5589067935943604,0.0021180228795856237,0.4618566334247589,0.43599918484687805,-0.03127381578087807,0.49596190452575684,0.3887748718261719,-0.06414414942264557,0.5343478322029114,0.36375585198402405,-0.08464745432138443,0.39103272557258606,0.5478594303131104,-0.007638042792677879,0.42410629987716675,0.4133559465408325,-0.037880416959524155,0.46587100625038147,0.36894112825393677,-0.0693194568157196,0.5103858709335327,0.3613056242465973,-0.08934336155653,0.34254175424575806,0.5572106838226318,-0.024464718997478485,0.3751649558544159,0.428080677986145,-0.052245646715164185,0.41423195600509644,0.3818463087081909,-0.07237210869789124,0.4586021900177002,0.3689979910850525,-0.08317362517118454,0.2877905070781708,0.5864197015762329,-0.04506727680563927,0.31113800406455994,0.4788815975189209,-0.06759288161993027,0.3412584662437439,0.41732606291770935,-0.07810080051422119,0.3791463077068329,0.37635013461112976,-0.0829126313328743,c
0.29409900307655334,0.8918112516403198,7.130585686354607e-07,0.39941850304603577,0.8358714580535889,-0.021932527422904968,0.4909994900226593,0.7676756978034973,-0.036249808967113495,0.5616613626480103,0.7223541736602783,-0.054690778255462646,0.6088277697563171,0.6648343801498413,-0.07241957634687424,0.4352080821990967,0.5503214597702026,0.015573220327496529,0.46261337399482727,0.4294966161251068,-0.012635993771255016,0.4970287084579468,0.3816642761230469,-0.042576827108860016,0.5353187322616577,0.3534715473651886,-0.0614924393594265,0.39286312460899353,0.5357955098152161,0.004771393723785877,0.42789405584335327,0.4057137966156006,-0.018301356583833694,0.4698323607444763,0.3576468229293823,-0.04507296904921532,0.5146912336349487,0.342647522687912,-0.06285104900598526,0.3462267220020294,0.5399056077003479,-0.013567600399255753,0.3806556165218353,0.4156879782676697,-0.034767452627420425,0.4195318818092346,0.36760416626930237,-0.049700140953063965,0.4636702537536621,0.3498009443283081,-0.05791065841913223,0.2932043969631195,0.5635321736335754,-0.03596406430006027,0.31993889808654785,0.4603748917579651,-0.051633745431900024,0.348822683095932,0.39952701330184937,-0.056836504489183426,0.3845944106578827,0.3564475178718567,-0.05864306166768074,c
0.29164037108421326,0.8835732936859131,6.932086193955911e-07,0.3981136083602905,0.8282841444015503,-0.022464517503976822,0.4903574287891388,0.7615921497344971,-0.03561815991997719,0.5632398724555969,0.715620756149292,-0.05259914696216583,0.6113196611404419,0.6570732593536377,-0.06854464113712311,0.43647897243499756,0.5453894734382629,0.020008936524391174,0.46570900082588196,0.42730462551116943,-0.004605505615472794,0.498259037733078,0.378628134727478,-0.03241019695997238,0.5352641344070435,0.3451094925403595,-0.050838228315114975,0.3946542739868164,0.5283565521240234,0.010272614657878876,0.4301772117614746,0.40351682901382446,-0.0091799795627594,0.46966513991355896,0.3552244305610657,-0.033995430916547775,0.513895571231842,0.3330216705799103,-0.051482558250427246,0.348168283700943,0.5292531847953796,-0.00730745168402791,0.3825494050979614,0.4095348119735718,-0.02650368958711624,0.41963085532188416,0.36125582456588745,-0.04031649976968765,0.4627811312675476,0.3390989303588867,-0.04848591983318329,0.2953723073005676,0.5491819381713867,-0.02919703722000122,0.32286471128463745,0.4484705924987793,-0.04351747781038284,0.35179606080055237,0.3886256217956543,-0.04801544174551964,0.3877222537994385,0.3440908193588257,-0.04993319883942604,c
0.2950744926929474,0.8838626146316528,6.904882070557505e-07,0.40044263005256653,0.8292055726051331,-0.02442147396504879,0.49154970049858093,0.7614427804946899,-0.03863998502492905,0.5636532306671143,0.7159746885299683,-0.056259941309690475,0.6117541790008545,0.6559357643127441,-0.07320832461118698,0.4367804229259491,0.5432326793670654,0.014708753675222397,0.46588996052742004,0.4246975779533386,-0.012176490388810635,0.4986833333969116,0.37613481283187866,-0.04135264456272125,0.5368930697441101,0.3430299758911133,-0.06057721748948097,0.39381441473960876,0.5280693769454956,0.0051854331977665424,0.4276611804962158,0.40242433547973633,-0.01651996187865734,0.4667447507381439,0.35350674390792847,-0.042512137442827225,0.5116879940032959,0.3319922089576721,-0.06073000654578209,0.34666502475738525,0.5317034125328064,-0.01218479685485363,0.3805476129055023,0.4104032814502716,-0.03356228768825531,0.4174209237098694,0.36107999086380005,-0.0485527366399765,0.46134498715400696,0.3389834463596344,-0.05734224244952202,0.29367828369140625,0.5545740723609924,-0.03389199450612068,0.3213152289390564,0.4521351754665375,-0.05049971491098404,0.34992653131484985,0.3898898959159851,-0.05645657703280449,0.38604962825775146,0.343400239944458,-0.05928798392415047,c
0.295892596244812,0.8773577213287354,7.332928930736671e-07,0.4028288722038269,0.8242756724357605,-0.026638953015208244,0.4945797920227051,0.7579516768455505,-0.0424082912504673,0.565902590751648,0.7109498381614685,-0.06114650517702103,0.6156356334686279,0.6517031192779541,-0.07928162813186646,0.4379766285419464,0.5395938158035278,0.011467077769339085,0.4678648114204407,0.4204748868942261,-0.016160188242793083,0.5013490319252014,0.3720163106918335,-0.04549156874418259,0.5394734144210815,0.33833998441696167,-0.06482469290494919,0.394531786441803,0.5249550938606262,0.0028560934588313103,0.4309086501598358,0.39951497316360474,-0.01972438395023346,0.4710308015346527,0.3507830798625946,-0.04593052715063095,0.5160472393035889,0.3277815282344818,-0.06428369879722595,0.3471537232398987,0.5288246870040894,-0.01371364388614893,0.3822368383407593,0.40787404775619507,-0.035871587693691254,0.4193166494369507,0.3585413098335266,-0.05125885084271431,0.46264737844467163,0.3357185125350952,-0.0602073147892952,0.29367753863334656,0.5508464574813843,-0.03474565967917442,0.32186734676361084,0.44788527488708496,-0.052114225924015045,0.351142019033432,0.3861955404281616,-0.05869302898645401,0.3876084089279175,0.3400558829307556,-0.06188318878412247,c
0.298595130443573,0.8698023557662964,7.645904247510771e-07,0.40561044216156006,0.8189129829406738,-0.026687050238251686,0.49796509742736816,0.751455545425415,-0.04147681966423988,0.570334792137146,0.704745888710022,-0.05908185988664627,0.620299756526947,0.6461435556411743,-0.07571103423833847,0.44124704599380493,0.5316087007522583,0.01414040382951498,0.47064703702926636,0.41165101528167725,-0.0125507153570652,0.5055236220359802,0.3630563020706177,-0.041139375418424606,0.5440328121185303,0.3329799175262451,-0.059550512582063675,0.39867421984672546,0.5153405070304871,0.006385853048413992,0.438353031873703,0.3882520794868469,-0.016688194125890732,0.48105093836784363,0.3413376808166504,-0.043718304485082626,0.5271940231323242,0.32373449206352234,-0.06156376376748085,0.3518141508102417,0.5172380805015564,-0.009288487024605274,0.3900124132633209,0.39503729343414307,-0.03208930417895317,0.43076685070991516,0.3469538390636444,-0.04873419925570488,0.4766928553581238,0.3284357190132141,-0.05761471763253212,0.29848238825798035,0.5377944707870483,-0.029241329059004784,0.32956045866012573,0.4352768361568451,-0.04716423898935318,0.3618085980415344,0.37489745020866394,-0.054398197680711746,0.40095919370651245,0.3328273594379425,-0.057373564690351486,c
0.3011006712913513,0.8659867644309998,7.230710821204411e-07,0.4103986918926239,0.8129459023475647,-0.025577642023563385,0.5024436712265015,0.7483358979225159,-0.04099973663687706,0.5755526423454285,0.7011464834213257,-0.059835296124219894,0.626237154006958,0.6401703357696533,-0.07810935378074646,0.44385623931884766,0.5313166379928589,0.013258891180157661,0.47233349084854126,0.41013139486312866,-0.015959303826093674,0.5082437992095947,0.36280572414398193,-0.046601902693510056,0.5485954284667969,0.332710325717926,-0.06645449250936508,0.40187180042266846,0.5150231719017029,0.0035361016634851694,0.4403840899467468,0.3868042230606079,-0.021689794957637787,0.4837843179702759,0.33856308460235596,-0.050149284303188324,0.530951738357544,0.3193649351596832,-0.06939473003149033,0.3552156090736389,0.5166282653808594,-0.014234229922294617,0.3930233120918274,0.3936985731124878,-0.03871742635965347,0.4348507225513458,0.34429845213890076,-0.056318335235118866,0.4820522367954254,0.32397645711898804,-0.06614488363265991,0.30191826820373535,0.5360019207000732,-0.03625951707363129,0.33239707350730896,0.4323321580886841,-0.055412858724594116,0.36481791734695435,0.3704368472099304,-0.06354594975709915,0.4042775332927704,0.3260830342769623,-0.06753193587064743,c
0.302664577960968,0.8606439828872681,7.317156587305362e-07,0.41157275438308716,0.808868944644928,-0.028105150908231735,0.503932535648346,0.7465799450874329,-0.04444354772567749,0.5779299736022949,0.7004700899124146,-0.06343885511159897,0.628735363483429,0.6389724612236023,-0.08164087682962418,0.4459308385848999,0.5271849632263184,0.011355322785675526,0.4764184057712555,0.4070761501789093,-0.01669912599027157,0.5106768012046814,0.3595523238182068,-0.046699170023202896,0.549426257610321,0.3275827169418335,-0.06637359410524368,0.4028126299381256,0.5099655985832214,0.0036169926170259714,0.4401356875896454,0.3842681646347046,-0.02020012028515339,0.48107632994651794,0.3371890187263489,-0.04777128994464874,0.5266789793968201,0.31723013520240784,-0.06665804982185364,0.355657160282135,0.5109735131263733,-0.012166588567197323,0.39278024435043335,0.39080148935317993,-0.03542756289243698,0.4321158528327942,0.3426249921321869,-0.05188147723674774,0.4775046408176422,0.3223572075366974,-0.06109735369682312,0.30279648303985596,0.5302973389625549,-0.03243893384933472,0.3328932821750641,0.42768365144729614,-0.05044497177004814,0.3647204041481018,0.36764928698539734,-0.057416532188653946,0.4035623371601105,0.32523196935653687,-0.06055496260523796,c
0.30298539996147156,0.859093189239502,7.586612582599628e-07,0.41223782300949097,0.8089762926101685,-0.029972953721880913,0.5066127777099609,0.7453116178512573,-0.045671820640563965,0.5802206993103027,0.6963135004043579,-0.06360741704702377,0.630520224571228,0.6328856348991394,-0.0804235190153122,0.44744670391082764,0.526577889919281,0.012814190238714218,0.4783512055873871,0.4057347774505615,-0.014940512366592884,0.513655424118042,0.35702747106552124,-0.044796984642744064,0.5527077317237854,0.32538992166519165,-0.06413254141807556,0.4042256772518158,0.508002519607544,0.00648694671690464,0.4434290826320648,0.3808286190032959,-0.017524125054478645,0.4853203296661377,0.33310577273368835,-0.045724041759967804,0.5309611558914185,0.3146893084049225,-0.06456159800291061,0.35688701272010803,0.5078937411308289,-0.00817947182804346,0.3952374756336212,0.38715505599975586,-0.032014813274145126,0.4357284903526306,0.3385358452796936,-0.04964391514658928,0.48145750164985657,0.3199964165687561,-0.0591428205370903,0.30344128608703613,0.5259447693824768,-0.027457358315587044,0.3344714343547821,0.4231582283973694,-0.046431440860033035,0.36756807565689087,0.36358654499053955,-0.05445899814367294,0.4076178967952728,0.3235433101654053,-0.057878851890563965,c
0.3050333857536316,0.8594589233398438,7.121711860236246e-07,0.4137679934501648,0.807964563369751,-0.027651092037558556,0.506973922252655,0.7442161440849304,-0.04286711663007736,0.5806866884231567,0.696141242980957,-0.06084371730685234,0.6304638981819153,0.6320281028747559,-0.07791943848133087,0.4498049020767212,0.5233818292617798,0.014742236584424973,0.4787636697292328,0.4043418765068054,-0.012477154843509197,0.5125039219856262,0.35704851150512695,-0.04238108545541763,0.5504738688468933,0.3260453939437866,-0.06207827478647232,0.4067121148109436,0.5050087571144104,0.0068882908672094345,0.4444130063056946,0.37928807735443115,-0.0166615042835474,0.48489686846733093,0.3330650329589844,-0.04470204934477806,0.529848575592041,0.315273255109787,-0.06379441916942596,0.3593304753303528,0.5050668120384216,-0.00922720693051815,0.396779865026474,0.38523343205451965,-0.03287290409207344,0.4367031455039978,0.3379534184932709,-0.05053890869021416,0.4823703169822693,0.3202839195728302,-0.06044616177678108,0.30621159076690674,0.5238520503044128,-0.029781265184283257,0.3367748260498047,0.42134150862693787,-0.04884257912635803,0.3696008026599884,0.36295658349990845,-0.057095080614089966,0.40978023409843445,0.3233087956905365,-0.061005059629678726,c
0.304364413022995,0.8601661920547485,7.40816517463827e-07,0.41260287165641785,0.8088924288749695,-0.02823236770927906,0.5083861351013184,0.7436679601669312,-0.043384112417697906,0.5842002630233765,0.6951667666435242,-0.06125897914171219,0.6354430913925171,0.6325088143348694,-0.07798147201538086,0.4499226212501526,0.522830069065094,0.01602749712765217,0.48000600934028625,0.4015110731124878,-0.011331016197800636,0.5148792266845703,0.35222893953323364,-0.04141148179769516,0.5529279708862305,0.3231014907360077,-0.06079002469778061,0.4073601961135864,0.5036200284957886,0.008631812408566475,0.445738822221756,0.3740008473396301,-0.015653666108846664,0.48813360929489136,0.3265615999698639,-0.04488427937030792,0.5333856344223022,0.3123505711555481,-0.06414087116718292,0.36036157608032227,0.5028985738754272,-0.007045160513371229,0.3977644741535187,0.3791443109512329,-0.03119751438498497,0.4388514757156372,0.33246535062789917,-0.04990052804350853,0.48464441299438477,0.31891050934791565,-0.05997071415185928,0.30735278129577637,0.5212832093238831,-0.027128344401717186,0.33896404504776,0.41919374465942383,-0.04627234861254692,0.3720077872276306,0.35946011543273926,-0.055005814880132675,0.4118437170982361,0.32007262110710144,-0.05895169824361801,c
0.30544692277908325,0.8593146800994873,7.403961035379325e-07,0.415688693523407,0.8095282316207886,-0.03073905222117901,0.5117067098617554,0.746139407157898,-0.04722489044070244,0.5868130326271057,0.6984646916389465,-0.06605422496795654,0.6373037099838257,0.6335903406143188,-0.08390191197395325,0.4544368386268616,0.5243988633155823,0.011346344836056232,0.48437243700027466,0.4007326364517212,-0.0183825995773077,0.5204814076423645,0.3518223762512207,-0.050065673887729645,0.5598003268241882,0.3228112757205963,-0.07037387788295746,0.4117371737957001,0.5058086514472961,0.004757990129292011,0.4520849585533142,0.37598755955696106,-0.021742504090070724,0.4961792826652527,0.3297663927078247,-0.05235440656542778,0.5427493453025818,0.3170483708381653,-0.07252375781536102,0.364499568939209,0.50505530834198,-0.010230528190732002,0.4044540822505951,0.381136417388916,-0.036070916801691055,0.4462631344795227,0.33431100845336914,-0.05589238554239273,0.49273815751075745,0.31943002343177795,-0.06662613898515701,0.31114256381988525,0.5220012068748474,-0.029761141166090965,0.3437294661998749,0.4190096855163574,-0.05029495432972908,0.37713512778282166,0.3595096468925476,-0.05995544418692589,0.41716375946998596,0.3195642828941345,-0.06448271870613098,c
0.3054742217063904,0.8587072491645813,7.633628911207779e-07,0.41558438539505005,0.8080189824104309,-0.03206583857536316,0.5111889839172363,0.7461622357368469,-0.049320533871650696,0.5871461033821106,0.7009027004241943,-0.06883857399225235,0.637691855430603,0.6364486813545227,-0.08752886205911636,0.4552137851715088,0.5244773626327515,0.01040791068226099,0.48584914207458496,0.39868050813674927,-0.019830524921417236,0.5218638181686401,0.34868818521499634,-0.052163269370794296,0.5618444681167603,0.3191956579685211,-0.07305577397346497,0.4120543301105499,0.5069736838340759,0.003970363177359104,0.45172637701034546,0.37645119428634644,-0.02367626503109932,0.49535104632377625,0.3294459581375122,-0.05574599280953407,0.5428379774093628,0.31704181432724,-0.07698698341846466,0.364566832780838,0.506649374961853,-0.01100947242230177,0.40483996272087097,0.3818022608757019,-0.03832101449370384,0.4468100368976593,0.334728866815567,-0.059609487652778625,0.4942900538444519,0.322378933429718,-0.07118144631385803,0.3108399212360382,0.5236229300498962,-0.03060639090836048,0.34356194734573364,0.42008697986602783,-0.052682287991046906,0.37722209095954895,0.3600211441516876,-0.06347885727882385,0.4179617464542389,0.3217763900756836,-0.06869667023420334,c
0.3100215196609497,0.8651077747344971,7.21313881513197e-07,0.41956788301467896,0.812836766242981,-0.029272686690092087,0.5154438018798828,0.7477492690086365,-0.045016150921583176,0.5891777276992798,0.7003945112228394,-0.06344079971313477,0.6391575932502747,0.6344738602638245,-0.08102840185165405,0.45687612891197205,0.5229269862174988,0.013542527332901955,0.48690420389175415,0.4001348614692688,-0.016482261940836906,0.5225558280944824,0.3509964942932129,-0.048834994435310364,0.5624498128890991,0.322635680437088,-0.06971076130867004,0.41340798139572144,0.5063090920448303,0.005634518805891275,0.45077309012413025,0.37697213888168335,-0.021127039566636086,0.4924491047859192,0.3300743103027344,-0.05254805088043213,0.5389311909675598,0.31762850284576416,-0.07354681938886642,0.3661290407180786,0.5078422427177429,-0.01075070071965456,0.4047574996948242,0.38334280252456665,-0.03774251788854599,0.44585874676704407,0.3355289697647095,-0.05870407819747925,0.49325236678123474,0.32243260741233826,-0.07017397880554199,0.3133590817451477,0.5281864404678345,-0.03154504671692848,0.3459027409553528,0.424572616815567,-0.05383087322115898,0.3790397346019745,0.3637351989746094,-0.06464874744415283,0.4194526970386505,0.3250121772289276,-0.06991224735975266,c
0.30956166982650757,0.8647992610931396,7.123394993868715e-07,0.41975313425064087,0.8143736124038696,-0.030339455232024193,0.5175687670707703,0.7481857538223267,-0.04590372368693352,0.5926101207733154,0.6999762654304504,-0.06391053646802902,0.6426569819450378,0.6346133351325989,-0.08071541041135788,0.46011611819267273,0.5253896117210388,0.014240311458706856,0.48917680978775024,0.40356123447418213,-0.015769850462675095,0.5248926877975464,0.3548731207847595,-0.0481877326965332,0.5637860894203186,0.32737231254577637,-0.06896452605724335,0.4170827567577362,0.5061531066894531,0.007587012834846973,0.4562234878540039,0.3771047592163086,-0.01907685585319996,0.4984126389026642,0.33187562227249146,-0.050236012786626816,0.5435325503349304,0.32092198729515076,-0.07070925831794739,0.36980852484703064,0.505495548248291,-0.007687216624617577,0.4088398218154907,0.38164934515953064,-0.03432771936058998,0.44966328144073486,0.3353917896747589,-0.05477122962474823,0.4953076243400574,0.3227880597114563,-0.0656670406460762,0.3168412148952484,0.5239352583885193,-0.027495067566633224,0.3496232330799103,0.4211094081401825,-0.049468815326690674,0.3830214738845825,0.36311060190200806,-0.059975359588861465,0.4229288399219513,0.3263137638568878,-0.06474670767784119,c
0.30944299697875977,0.8650804162025452,7.011794878053479e-07,0.42018675804138184,0.812456488609314,-0.027569308876991272,0.5173915028572083,0.747044563293457,-0.04214568808674812,0.5940506458282471,0.7003747224807739,-0.05977267399430275,0.6448267698287964,0.6353192925453186,-0.07634152472019196,0.4636837840080261,0.5262963175773621,0.0183449424803257,0.4929167926311493,0.40503597259521484,-0.009148647077381611,0.5270477533340454,0.3556501567363739,-0.04048330336809158,0.5646694898605347,0.3264405131340027,-0.06113693118095398,0.4206017553806305,0.5067875385284424,0.010552959516644478,0.45912235975265503,0.3787693977355957,-0.013741656206548214,0.5001994371414185,0.3332606852054596,-0.044129662215709686,0.5449833869934082,0.3219887912273407,-0.06469134241342545,0.3730875849723816,0.5053110122680664,-0.005673528183251619,0.4121224582195282,0.3821123242378235,-0.03026074543595314,0.45220285654067993,0.33704206347465515,-0.050067055970430374,0.49776628613471985,0.3261725604534149,-0.061224572360515594,0.3200129568576813,0.5228127837181091,-0.026311391964554787,0.35241931676864624,0.42108890414237976,-0.04692617431282997,0.3858780264854431,0.3652336299419403,-0.05682315304875374,0.426523357629776,0.3307865262031555,-0.06155021861195564,c
0.30917346477508545,0.8641049861907959,7.26359019154188e-07,0.42132318019866943,0.8108084201812744,-0.02860642410814762,0.5185361504554749,0.7461165189743042,-0.04372844845056534,0.5951781868934631,0.7013833522796631,-0.06190359219908714,0.6465969681739807,0.6372762322425842,-0.07919866591691971,0.462953120470047,0.5245749950408936,0.01870015636086464,0.49292129278182983,0.39903557300567627,-0.008844605647027493,0.5279906988143921,0.3495037853717804,-0.040234826505184174,0.566275954246521,0.32160845398902893,-0.06084681674838066,0.4195519685745239,0.5068638324737549,0.010854654014110565,0.45715293288230896,0.37651532888412476,-0.014306514523923397,0.4988432228565216,0.3310258686542511,-0.046166397631168365,0.5430264472961426,0.3219187557697296,-0.06751713901758194,0.37188518047332764,0.5067230463027954,-0.0056101540103554726,0.4116591513156891,0.38130438327789307,-0.030930574983358383,0.45259758830070496,0.3348757326602936,-0.05207675322890282,0.4977149963378906,0.3238048255443573,-0.06396891176700592,0.3188607096672058,0.5255990028381348,-0.026538556441664696,0.35181695222854614,0.4231107234954834,-0.047573599964380264,0.3853355944156647,0.3648141622543335,-0.058211810886859894,0.4253265857696533,0.32848411798477173,-0.0635286271572113,c
0.31301969289779663,0.8546048998832703,6.924246918060817e-07,0.4231804609298706,0.8054710030555725,-0.029218493029475212,0.5193647146224976,0.7440919876098633,-0.04694371670484543,0.5943048000335693,0.7009491920471191,-0.06728097796440125,0.6467185616493225,0.6396342515945435,-0.08721176534891129,0.4682503640651703,0.5189105868339539,0.008695856668055058,0.5004557967185974,0.396755576133728,-0.021904313936829567,0.5359385013580322,0.35055816173553467,-0.05421016737818718,0.5726709961891174,0.32635459303855896,-0.07500925660133362,0.4243067502975464,0.5017018914222717,0.0007250301423482597,0.46332675218582153,0.3718252182006836,-0.02737545408308506,0.5044352412223816,0.3317326605319977,-0.05911703035235405,0.5453206300735474,0.3276159167289734,-0.07991472631692886,0.37594443559646606,0.5029338002204895,-0.015097836963832378,0.4162164330482483,0.3800230324268341,-0.04167203605175018,0.4564199149608612,0.33679017424583435,-0.06174961477518082,0.4988705515861511,0.32751554250717163,-0.07290561497211456,0.3212575614452362,0.5245164632797241,-0.035118453204631805,0.353266179561615,0.42252904176712036,-0.0566326268017292,0.3871808350086212,0.36638882756233215,-0.06650327146053314,0.42579513788223267,0.3314986526966095,-0.07118183374404907,c
0.3163849115371704,0.8513531684875488,6.724153536197264e-07,0.4249948561191559,0.8043942451477051,-0.03002898022532463,0.521573007106781,0.7471926808357239,-0.04976942762732506,0.5940713882446289,0.7087899446487427,-0.0720166265964508,0.6449587941169739,0.6518961191177368,-0.09387864172458649,0.4710841178894043,0.5185642242431641,0.004006620030850172,0.49998366832733154,0.3911508619785309,-0.02977580949664116,0.5359485149383545,0.347023069858551,-0.0646432414650917,0.569719672203064,0.33349862694740295,-0.08558766543865204,0.4260258078575134,0.5024389028549194,-0.0036584814079105854,0.46355104446411133,0.36490777134895325,-0.0349358394742012,0.5057297348976135,0.32679691910743713,-0.06922478973865509,0.5425556302070618,0.3337174654006958,-0.09036605060100555,0.37766358256340027,0.504913330078125,-0.01884925179183483,0.41586536169052124,0.3753731846809387,-0.04636218026280403,0.4574780762195587,0.3353356122970581,-0.0684528648853302,0.4973166882991791,0.33469268679618835,-0.0801558643579483,0.32308271527290344,0.527382493019104,-0.03807612881064415,0.35322070121765137,0.42324739694595337,-0.06010584905743599,0.3882996439933777,0.3670029044151306,-0.07137861102819443,0.42678412795066833,0.3350229859352112,-0.07646793127059937,c
0.31933170557022095,0.8453916311264038,6.597866786250961e-07,0.4252413511276245,0.8027920126914978,-0.02836044877767563,0.5200381278991699,0.7529430985450745,-0.05087956041097641,0.5925798416137695,0.7243295907974243,-0.07644608616828918,0.6442211866378784,0.6736049652099609,-0.10264648497104645,0.4745229184627533,0.5174096822738647,-0.006821614224463701,0.5032926797866821,0.38824427127838135,-0.046001136302948,0.541761040687561,0.35075652599334717,-0.0838228315114975,0.5784962177276611,0.34504449367523193,-0.10623490065336227,0.4281044006347656,0.5042498111724854,-0.016878757625818253,0.46341800689697266,0.35995104908943176,-0.052556052803993225,0.5081095695495605,0.32715022563934326,-0.08897969871759415,0.5470761060714722,0.34071075916290283,-0.11167284101247787,0.37782594561576843,0.511980414390564,-0.03344682976603508,0.4119747281074524,0.3779872953891754,-0.063527412712574,0.4534587860107422,0.3437502980232239,-0.0865660160779953,0.4933907687664032,0.3474922180175781,-0.09929148852825165,0.32157227396965027,0.53907710313797,-0.05361519753932953,0.3499782085418701,0.4340772032737732,-0.07753252238035202,0.3850119113922119,0.38039276003837585,-0.08960440754890442,0.423583447933197,0.34979814291000366,-0.09553782641887665,c
0.32040518522262573,0.8421317338943481,6.838170065748272e-07,0.42426005005836487,0.8062137961387634,-0.028897400945425034,0.5182332396507263,0.7622531056404114,-0.05315878242254257,0.5913873910903931,0.7428017258644104,-0.08040693402290344,0.6430056691169739,0.7017593383789062,-0.10877230763435364,0.4782325327396393,0.517697274684906,-0.00936853513121605,0.5088796615600586,0.3931971788406372,-0.047765761613845825,0.549216628074646,0.35762104392051697,-0.08533148467540741,0.5878535509109497,0.34948083758354187,-0.10866421461105347,0.43172013759613037,0.5044463872909546,-0.019707610830664635,0.4662224352359772,0.3606671690940857,-0.05813456326723099,0.5118244290351868,0.33553481101989746,-0.09603294730186462,0.5499705672264099,0.3568917512893677,-0.11894653737545013,0.3803708255290985,0.5124273896217346,-0.03606578707695007,0.4116992652416229,0.3766465187072754,-0.06741411983966827,0.45423832535743713,0.3489091992378235,-0.09074608981609344,0.4937135577201843,0.3576910197734833,-0.10330528020858765,0.3223222494125366,0.5414485931396484,-0.05607709288597107,0.3479030132293701,0.4372451901435852,-0.08214893192052841,0.3857879042625427,0.3884894847869873,-0.09571851044893265,0.4275828003883362,0.361754834651947,-0.10244318842887878,c
0.32146918773651123,0.8416348695755005,6.977603561608703e-07,0.4245624542236328,0.807245135307312,-0.031084055081009865,0.5186148881912231,0.7613616585731506,-0.0560363233089447,0.5915440917015076,0.7413175106048584,-0.08349224179983139,0.643126904964447,0.6999286413192749,-0.11200616508722305,0.4781975746154785,0.5178416967391968,-0.012295937165617943,0.5084474086761475,0.39137327671051025,-0.05171991512179375,0.5489147305488586,0.3562890589237213,-0.08983960747718811,0.5864710807800293,0.3508813977241516,-0.1131100207567215,0.43148118257522583,0.5048255920410156,-0.021833432838320732,0.46701580286026,0.3603252172470093,-0.060916390269994736,0.5136668682098389,0.3352591097354889,-0.09939290583133698,0.5514543652534485,0.3578810393810272,-0.12251497060060501,0.37959566712379456,0.5131121873855591,-0.03757759928703308,0.41300544142723083,0.3756740391254425,-0.06952593475580215,0.4560643136501312,0.34786301851272583,-0.09380577504634857,0.49495282769203186,0.3572356700897217,-0.10693029314279556,0.3204541802406311,0.5420275330543518,-0.0570346899330616,0.3472382426261902,0.4369155168533325,-0.08323009312152863,0.38489407300949097,0.3859946131706238,-0.09726433455944061,0.42577052116394043,0.35765528678894043,-0.1044129803776741,c
0.31878548860549927,0.8410009741783142,6.670720722468104e-07,0.420416921377182,0.8056866526603699,-0.03093402273952961,0.5144498944282532,0.7658461332321167,-0.058204151690006256,0.5842182636260986,0.7522602081298828,-0.08801960200071335,0.6370729207992554,0.7248704433441162,-0.11949661374092102,0.4823065996170044,0.5276541113853455,-0.020206356421113014,0.5154305696487427,0.39908459782600403,-0.06233662739396095,0.5549826622009277,0.36876586079597473,-0.10112551599740982,0.5921130180358887,0.3676406145095825,-0.12469703704118729,0.43358176946640015,0.5152801275253296,-0.030364815145730972,0.47149917483329773,0.36906981468200684,-0.07166512310504913,0.51441490650177,0.34807243943214417,-0.10917867720127106,0.5496153235435486,0.3715333342552185,-0.13137559592723846,0.3806549906730652,0.5233031511306763,-0.04622231423854828,0.41397860646247864,0.385448694229126,-0.0790771096944809,0.454593300819397,0.35916176438331604,-0.10104220360517502,0.4916168451309204,0.3686275780200958,-0.11229457706212997,0.32033342123031616,0.550355076789856,-0.06578236818313599,0.3462083637714386,0.44349613785743713,-0.09206985682249069,0.38393789529800415,0.3968976140022278,-0.10415977239608765,0.42524537444114685,0.3722323179244995,-0.10953185707330704,c
0.3182816803455353,0.8393918871879578,6.723265641994658e-07,0.4182854890823364,0.8099744319915771,-0.03392549976706505,0.5070282220840454,0.7782646417617798,-0.0634254515171051,0.5735260248184204,0.7688910365104675,-0.09530921280384064,0.6277989149093628,0.7471181154251099,-0.12875856459140778,0.48733243346214294,0.533324122428894,-0.02120155841112137,0.5214793086051941,0.4094321131706238,-0.06242762506008148,0.5581800937652588,0.378725528717041,-0.10130755603313446,0.5935030579566956,0.3754172921180725,-0.1254083663225174,0.43794339895248413,0.5175762176513672,-0.030362088233232498,0.4773615300655365,0.37718087434768677,-0.0704452320933342,0.5165988206863403,0.35604292154312134,-0.10817335546016693,0.5488202571868896,0.37776654958724976,-0.13092286884784698,0.3842545747756958,0.5237634181976318,-0.04539483040571213,0.41754424571990967,0.3927065134048462,-0.07659844309091568,0.4541783332824707,0.36479097604751587,-0.09847909212112427,0.4888511002063751,0.37144893407821655,-0.11026470363140106,0.3222045302391052,0.549433708190918,-0.06453391909599304,0.34824174642562866,0.4440731406211853,-0.08863372355699539,0.38450244069099426,0.39686399698257446,-0.0999986082315445,0.4254727363586426,0.3704448938369751,-0.1054854542016983,c
0.3183212876319885,0.8295304775238037,7.322084343286406e-07,0.41365620493888855,0.8121267557144165,-0.046158354729413986,0.4987618923187256,0.7923859357833862,-0.08293009549379349,0.5633830428123474,0.7921138405799866,-0.11995324492454529,0.6173952221870422,0.7704364061355591,-0.1583286076784134,0.4892345070838928,0.5410972237586975,-0.03876045346260071,0.5226117372512817,0.41733109951019287,-0.08403658866882324,0.5578307509422302,0.3840814232826233,-0.12553349137306213,0.5927154421806335,0.3824631869792938,-0.15114910900592804,0.4373379945755005,0.5204310417175293,-0.04256127402186394,0.47644203901290894,0.3811679780483246,-0.08664556592702866,0.5123600959777832,0.36011478304862976,-0.12735417485237122,0.5420194864273071,0.388404905796051,-0.15218214690685272,0.38241279125213623,0.5250840783119202,-0.05255531519651413,0.4140888750553131,0.39542779326438904,-0.08635979145765305,0.4476970434188843,0.3666512966156006,-0.1129399985074997,0.4801632761955261,0.37898576259613037,-0.12822304666042328,0.32010138034820557,0.5497097373008728,-0.06742575764656067,0.3418722152709961,0.44728243350982666,-0.09485603868961334,0.3763759732246399,0.4037206172943115,-0.11096099764108658,0.4167723059654236,0.3855833411216736,-0.11973298341035843,c
0.3178088068962097,0.8220720291137695,7.450850603163417e-07,0.4108635485172272,0.8212971687316895,-0.05053390562534332,0.4933648109436035,0.8057067394256592,-0.09125373512506485,0.5533450245857239,0.8040682077407837,-0.13197994232177734,0.604015588760376,0.7980601191520691,-0.17389638721942902,0.4972380995750427,0.5520333051681519,-0.04518313333392143,0.5245900750160217,0.4221048951148987,-0.09436127543449402,0.5588436126708984,0.38921093940734863,-0.1393265575170517,0.5875775814056396,0.39880627393722534,-0.16602538526058197,0.44263792037963867,0.5258358716964722,-0.04801825061440468,0.4799516201019287,0.38104447722435,-0.09571504592895508,0.5126173496246338,0.3654879331588745,-0.13996876776218414,0.5335601568222046,0.4066605567932129,-0.16597576439380646,0.3844505250453949,0.527299165725708,-0.05692928284406662,0.41859379410743713,0.3946148753166199,-0.09204992651939392,0.44820111989974976,0.37288182973861694,-0.12159056216478348,0.47085341811180115,0.39797458052635193,-0.13816054165363312,0.320112943649292,0.5510197281837463,-0.07082533836364746,0.3423434793949127,0.4489063024520874,-0.09751608222723007,0.37484389543533325,0.4060068726539612,-0.11493434011936188,0.4099777638912201,0.3908926844596863,-0.1247716173529625,c
0.3129831552505493,0.81734299659729,6.959654115235026e-07,0.40404412150382996,0.8233798742294312,-0.049499768763780594,0.48760485649108887,0.8154336214065552,-0.0887434333562851,0.547868013381958,0.8188042044639587,-0.12854565680027008,0.5916640758514404,0.8109747767448425,-0.16871652007102966,0.5005797147750854,0.5597193241119385,-0.038416292518377304,0.5328356623649597,0.4281189441680908,-0.08650059998035431,0.5648236870765686,0.39687955379486084,-0.13090647757053375,0.5857627391815186,0.4166818857192993,-0.1557558923959732,0.44541239738464355,0.5280761122703552,-0.04004554823040962,0.4856596887111664,0.38649362325668335,-0.08501080423593521,0.5135711431503296,0.37333163619041443,-0.1277916431427002,0.5248062014579773,0.4211941361427307,-0.1517741084098816,0.38761457800865173,0.5244488716125488,-0.0480605810880661,0.4233090281486511,0.39656752347946167,-0.0797516331076622,0.44872763752937317,0.37558096647262573,-0.10749469697475433,0.46359336376190186,0.4040636420249939,-0.12251274287700653,0.3239016830921173,0.5439466834068298,-0.061125949025154114,0.34696412086486816,0.44755709171295166,-0.0842709019780159,0.3761182725429535,0.40610450506210327,-0.09944165498018265,0.4060777425765991,0.3935660719871521,-0.10727088898420334,c
0.30781716108322144,0.8191186189651489,6.690696636724169e-07,0.39604976773262024,0.8313757181167603,-0.04769596457481384,0.4789653718471527,0.8257344961166382,-0.0844435915350914,0.5374097228050232,0.8313423991203308,-0.12217901647090912,0.5809011459350586,0.8350992798805237,-0.16035497188568115,0.5023636817932129,0.5757006406784058,-0.03478293865919113,0.5379997491836548,0.4505467414855957,-0.08082357794046402,0.5701975226402283,0.41680794954299927,-0.12348752468824387,0.5897780656814575,0.4343082308769226,-0.14692190289497375,0.44862794876098633,0.5386670231819153,-0.03628978878259659,0.4928220510482788,0.40459108352661133,-0.07856577634811401,0.5189875364303589,0.3855074644088745,-0.11922593414783478,0.5260952115058899,0.4312078356742859,-0.14168493449687958,0.3912521302700043,0.5301534533500671,-0.04413290694355965,0.4312335252761841,0.4075886607170105,-0.07421369105577469,0.4551164507865906,0.3828918933868408,-0.10170052200555801,0.46587276458740234,0.4135602116584778,-0.11609145253896713,0.3271973133087158,0.5440138578414917,-0.056871820241212845,0.3534241318702698,0.44970494508743286,-0.07874049246311188,0.3813008666038513,0.4096725881099701,-0.09311454743146896,0.4080047011375427,0.4033198356628418,-0.09978120774030685,c
0.3121047616004944,0.8278727531433105,7.432548727592803e-07,0.39801427721977234,0.8443242311477661,-0.05259602889418602,0.48197177052497864,0.8392096161842346,-0.09154172241687775,0.5398102402687073,0.8417247533798218,-0.13110676407814026,0.569402277469635,0.8325353860855103,-0.1710285097360611,0.5077126622200012,0.5832852721214294,-0.037216369062662125,0.5418582558631897,0.45793068408966064,-0.0842558741569519,0.5750366449356079,0.4235503673553467,-0.12836864590644836,0.5927613973617554,0.44383132457733154,-0.15280430018901825,0.45306044816970825,0.5443950295448303,-0.03793514519929886,0.49416717886924744,0.40694642066955566,-0.08293204754590988,0.5217349529266357,0.3903094232082367,-0.1269357055425644,0.5284402370452881,0.44240307807922363,-0.15139521658420563,0.39505690336227417,0.5352336764335632,-0.04539644345641136,0.4323986768722534,0.4100207984447479,-0.07731311023235321,0.45827504992485046,0.38758111000061035,-0.10844788700342178,0.4695628881454468,0.42465129494667053,-0.12545762956142426,0.33003753423690796,0.5501748323440552,-0.05818723142147064,0.3548000752925873,0.45431411266326904,-0.08122976124286652,0.38342541456222534,0.41452085971832275,-0.09840206801891327,0.4103792905807495,0.4113120138645172,-0.10763020068407059,c
0.3070983588695526,0.8283399939537048,6.817408575443551e-07,0.38701871037483215,0.8474469184875488,-0.056315287947654724,0.4663316607475281,0.8447627425193787,-0.09707961976528168,0.522040605545044,0.849942684173584,-0.137767031788826,0.5624602437019348,0.8424608707427979,-0.1787256896495819,0.5086110830307007,0.5919924378395081,-0.04006082937121391,0.5444117784500122,0.4716789126396179,-0.08695701509714127,0.5765033960342407,0.43206721544265747,-0.1321433037519455,0.5931859016418457,0.4452849328517914,-0.1579972505569458,0.45514076948165894,0.5503321290016174,-0.038858164101839066,0.5002638101577759,0.41160455346107483,-0.08572635799646378,0.5239971280097961,0.3966875672340393,-0.13414447009563446,0.526910662651062,0.4482487738132477,-0.16159731149673462,0.3991057872772217,0.5378796458244324,-0.044084031134843826,0.43841367959976196,0.4153972864151001,-0.0771503672003746,0.4618249237537384,0.393534779548645,-0.11322413384914398,0.4684216380119324,0.43325626850128174,-0.1337127536535263,0.33561402559280396,0.5497831702232361,-0.05463345721364021,0.3615155518054962,0.45506101846694946,-0.07815305888652802,0.38992342352867126,0.4152371883392334,-0.09838442504405975,0.41484811902046204,0.4130563735961914,-0.11028996109962463,c
0.3077910840511322,0.8319084048271179,6.615123311348725e-07,0.3882124125957489,0.8468618392944336,-0.05254310742020607,0.46928665041923523,0.8438693284988403,-0.09252093732357025,0.526328444480896,0.8485333919525146,-0.13340340554714203,0.5447174310684204,0.8532423973083496,-0.17483054101467133,0.5121192932128906,0.5982050895690918,-0.032576944679021835,0.5468084812164307,0.4846498370170593,-0.07803011685609818,0.5763287544250488,0.4450351595878601,-0.12247753143310547,0.5903218388557434,0.45527613162994385,-0.1483142077922821,0.4592093229293823,0.5559451580047607,-0.034314848482608795,0.50391685962677,0.4178937077522278,-0.08023245632648468,0.5248953104019165,0.4054676294326782,-0.1274869590997696,0.5244421362876892,0.4564761519432068,-0.15387356281280518,0.40267741680145264,0.5420254468917847,-0.04247857630252838,0.44169899821281433,0.42034798860549927,-0.0743548646569252,0.4645954966545105,0.40041327476501465,-0.10889555513858795,0.46981221437454224,0.4400971531867981,-0.1279214471578598,0.33891284465789795,0.5529122352600098,-0.056030116975307465,0.36709749698638916,0.45769673585891724,-0.07605988532304764,0.39518028497695923,0.41714349389076233,-0.0940590500831604,0.4191274344921112,0.41297221183776855,-0.10501135140657425,c
0.30764687061309814,0.8328150510787964,6.736956379427284e-07,0.38530203700065613,0.8496504426002502,-0.05974476411938667,0.462409645318985,0.8462936878204346,-0.1024107113480568,0.5164464116096497,0.8513649702072144,-0.14472326636314392,0.5408418774604797,0.8504514098167419,-0.18736910820007324,0.5100708603858948,0.6012651324272156,-0.041577860713005066,0.5429458022117615,0.47977039217948914,-0.08878853917121887,0.5733705163002014,0.4373799264431,-0.13454890251159668,0.5882970690727234,0.44868916273117065,-0.16116824746131897,0.4565918445587158,0.5583513379096985,-0.040163200348615646,0.5010426044464111,0.41831550002098083,-0.08847285062074661,0.5198619365692139,0.40512150526046753,-0.1376510113477707,0.5176066756248474,0.4575271010398865,-0.16506700217723846,0.40035173296928406,0.5448980331420898,-0.04551711305975914,0.4392285645008087,0.42229241132736206,-0.07927947491407394,0.46026474237442017,0.4016384184360504,-0.11609285324811935,0.462828129529953,0.44385069608688354,-0.1365923285484314,0.3372196555137634,0.55641770362854,-0.056806545704603195,0.3634895384311676,0.4601287841796875,-0.07937648147344589,0.3903617858886719,0.4166719913482666,-0.10021641105413437,0.41279253363609314,0.4121991991996765,-0.1131056472659111,c
0.3013114631175995,0.8388959169387817,6.807808290432149e-07,0.3756275177001953,0.8517164587974548,-0.06292552500963211,0.4487033784389496,0.8465338349342346,-0.10580481588840485,0.5021852254867554,0.8508102297782898,-0.14783546328544617,0.5307274460792542,0.8498393297195435,-0.18985575437545776,0.505986750125885,0.6013678312301636,-0.0331166535615921,0.5387755036354065,0.4898930788040161,-0.07427363097667694,0.5648446083068848,0.4442753791809082,-0.11793974786996841,0.5776471495628357,0.44673362374305725,-0.14490777254104614,0.4531711935997009,0.5575423836708069,-0.02898961491882801,0.49827829003334045,0.4263700544834137,-0.07150626927614212,0.5118370652198792,0.40722760558128357,-0.12027236074209213,0.5068762302398682,0.44961822032928467,-0.14864297211170197,0.39737802743911743,0.5417022705078125,-0.03220520541071892,0.4361424446105957,0.42624276876449585,-0.06075926497578621,0.4540702700614929,0.3987806439399719,-0.09680546820163727,0.45488402247428894,0.43188542127609253,-0.11800505220890045,0.33456477522850037,0.5530059337615967,-0.042005497962236404,0.36096087098121643,0.459020733833313,-0.06047999858856201,0.38531309366226196,0.41214340925216675,-0.079896479845047,0.40585458278656006,0.4029161334037781,-0.09267161786556244,c
0.30463868379592896,0.8362287282943726,6.064392437110655e-07,0.3743343651294708,0.8485407829284668,-0.060641296207904816,0.448467880487442,0.844280481338501,-0.10192066431045532,0.49848097562789917,0.8478645086288452,-0.14241473376750946,0.5050832629203796,0.8498774766921997,-0.1829320788383484,0.5026217699050903,0.6020655035972595,-0.036150719970464706,0.5316357612609863,0.4903985261917114,-0.0810212716460228,0.5539358854293823,0.441989541053772,-0.12668690085411072,0.5611321926116943,0.44277191162109375,-0.15392829477787018,0.4485268294811249,0.5556468367576599,-0.033022891730070114,0.49145063757896423,0.4201745390892029,-0.07793465256690979,0.5023863911628723,0.39841002225875854,-0.12644265592098236,0.4915947914123535,0.44106513261795044,-0.15413273870944977,0.3925558030605316,0.5389858484268188,-0.03699907287955284,0.4283390939235687,0.4208294153213501,-0.06713730841875076,0.4432758688926697,0.38940107822418213,-0.10356073826551437,0.4406168460845947,0.42188698053359985,-0.12421738356351852,0.33113422989845276,0.5492660403251648,-0.047364480793476105,0.35350292921066284,0.450327605009079,-0.06644267588853836,0.3745955526828766,0.40403831005096436,-0.0859217643737793,0.3919478952884674,0.3983873128890991,-0.09823475778102875,c
0.3022420108318329,0.8342559337615967,5.946070587015129e-07,0.3685791790485382,0.8449163436889648,-0.06640564650297165,0.4386238157749176,0.8359458446502686,-0.11085321754217148,0.4836844205856323,0.841480553150177,-0.15341904759407043,0.49019673466682434,0.8526029586791992,-0.1959296315908432,0.4959501624107361,0.5952568650245667,-0.04448634386062622,0.5225477814674377,0.48274368047714233,-0.09201084822416306,0.5398508310317993,0.4349110722541809,-0.139255091547966,0.5418553352355957,0.44032859802246094,-0.167303666472435,0.44052654504776,0.5492041110992432,-0.038605738431215286,0.4801795482635498,0.4115074872970581,-0.08558079600334167,0.487654447555542,0.3899981379508972,-0.13512738049030304,0.4748378396034241,0.43563807010650635,-0.1636485904455185,0.3837544620037079,0.5344340801239014,-0.04021090269088745,0.41576918959617615,0.4113311767578125,-0.07276396453380585,0.4264680743217468,0.3811175525188446,-0.11153506487607956,0.42116549611091614,0.41875651478767395,-0.13337285816669464,0.3225124776363373,0.5462328195571899,-0.04849473759531975,0.34248068928718567,0.4425445795059204,-0.06989964842796326,0.36157289147377014,0.3956739008426666,-0.09183020889759064,0.37774890661239624,0.3939540386199951,-0.10568453371524811,c
0.299046128988266,0.8349169492721558,5.389575790104573e-07,0.3599660396575928,0.840065598487854,-0.0670972540974617,0.42759445309638977,0.8241565227508545,-0.11057166755199432,0.46909746527671814,0.8288534879684448,-0.15194934606552124,0.47516298294067383,0.8477610945701599,-0.19312269985675812,0.48930951952934265,0.5905165672302246,-0.042856086045503616,0.514212965965271,0.48042386770248413,-0.09105927497148514,0.5267451405525208,0.4286770224571228,-0.13973836600780487,0.5256059765815735,0.42662274837493896,-0.16937536001205444,0.4335365295410156,0.5439913868904114,-0.036834873259067535,0.4711996018886566,0.40652480721473694,-0.08582717180252075,0.47510403394699097,0.38314905762672424,-0.1381017416715622,0.4598384201526642,0.423561155796051,-0.1684526801109314,0.37650883197784424,0.5293440818786621,-0.038568492978811264,0.4077964127063751,0.406361848115921,-0.07321266084909439,0.415300577878952,0.37412184476852417,-0.11549653112888336,0.4083968997001648,0.40745389461517334,-0.13935960829257965,0.31698209047317505,0.5424373149871826,-0.046923309564590454,0.3368333876132965,0.43773162364959717,-0.0692073181271553,0.3532046377658844,0.3896437883377075,-0.09325651079416275,0.36807119846343994,0.38409942388534546,-0.10892981290817261,c
0.29881083965301514,0.8291994333267212,4.929668762088113e-07,0.3570231795310974,0.8311362862586975,-0.06510813534259796,0.4200868010520935,0.8168932199478149,-0.10883501917123795,0.4601643681526184,0.8197301030158997,-0.15086300671100616,0.4659784436225891,0.839130163192749,-0.19175215065479279,0.4869983494281769,0.5798876285552979,-0.04038812965154648,0.5104491710662842,0.46937963366508484,-0.0892823114991188,0.5192599296569824,0.42053142189979553,-0.13768620789051056,0.5137923955917358,0.4201395511627197,-0.16618499159812927,0.4324049651622772,0.5341424942016602,-0.034306302666664124,0.46741849184036255,0.400188684463501,-0.08162567764520645,0.46753981709480286,0.3723050057888031,-0.1285340040922165,0.44641828536987305,0.4087525010108948,-0.15415488183498383,0.3760989308357239,0.5201715230941772,-0.03640173375606537,0.4039404094219208,0.40126270055770874,-0.06681229174137115,0.40775853395462036,0.36439645290374756,-0.10048141330480576,0.39829182624816895,0.38567113876342773,-0.11837258189916611,0.3170057535171509,0.5347022414207458,-0.045616425573825836,0.33272311091423035,0.43667155504226685,-0.06262626498937607,0.3424106240272522,0.38559088110923767,-0.0801788866519928,0.35025298595428467,0.36915409564971924,-0.09084061533212662,c
0.3030334413051605,0.8218257427215576,4.5847107799090736e-07,0.35893914103507996,0.8186371326446533,-0.06188741326332092,0.41767987608909607,0.80655837059021,-0.10575292259454727,0.4546861946582794,0.811808168888092,-0.14866690337657928,0.4546069800853729,0.8354158401489258,-0.19093410670757294,0.48531970381736755,0.5745291113853455,-0.03875207528471947,0.5067108273506165,0.46819448471069336,-0.08452019840478897,0.5118072032928467,0.41724175214767456,-0.13081181049346924,0.504384458065033,0.4084985852241516,-0.1588917225599289,0.43108540773391724,0.5310436487197876,-0.034614164382219315,0.4640791118144989,0.39950960874557495,-0.07914964854717255,0.46197786927223206,0.37035855650901794,-0.12361042946577072,0.4393760561943054,0.4002731144428253,-0.14838869869709015,0.37504976987838745,0.5174739956855774,-0.038211558014154434,0.4019981324672699,0.40045204758644104,-0.06584114581346512,0.40382808446884155,0.3637353777885437,-0.0971805527806282,0.3924635946750641,0.3796805739402771,-0.11437636613845825,0.3162381649017334,0.531851589679718,-0.04887484014034271,0.33040618896484375,0.43397438526153564,-0.06294133514165878,0.33700990676879883,0.3793831169605255,-0.07820750772953033,0.3414393663406372,0.35568559169769287,-0.08812031149864197,c
0.30229097604751587,0.8173654675483704,4.526532677573414e-07,0.35791242122650146,0.812272310256958,-0.060726016759872437,0.41542360186576843,0.8002502918243408,-0.1043969988822937,0.45273923873901367,0.8043999671936035,-0.14686954021453857,0.45037585496902466,0.8243852853775024,-0.18824133276939392,0.4825958013534546,0.5699650049209595,-0.04026167094707489,0.5035245418548584,0.4671616852283478,-0.08496218919754028,0.5058878064155579,0.41425225138664246,-0.1287846863269806,0.49702855944633484,0.39879000186920166,-0.15544350445270538,0.4284951090812683,0.5255832672119141,-0.03684302791953087,0.45977020263671875,0.39394012093544006,-0.07934365421533585,0.45537444949150085,0.3640768527984619,-0.11774212121963501,0.4326324760913849,0.38918471336364746,-0.13778211176395416,0.37271958589553833,0.5128443241119385,-0.041241180151700974,0.3970538377761841,0.395439088344574,-0.0674767717719078,0.3963071405887604,0.35852566361427307,-0.09233412891626358,0.3849465548992157,0.3670462369918823,-0.10486488789319992,0.3150421977043152,0.5284152030944824,-0.05292269587516785,0.3273427188396454,0.43212032318115234,-0.066319540143013,0.33069169521331787,0.37775301933288574,-0.07796020060777664,0.33194759488105774,0.349311888217926,-0.08480748534202576,c
0.30541276931762695,0.8110526204109192,3.885519674895477e-07,0.3615730106830597,0.8042844533920288,-0.05319950357079506,0.4197935461997986,0.7927806377410889,-0.09220612794160843,0.45208805799484253,0.7976045608520508,-0.1311955451965332,0.44479215145111084,0.8122790455818176,-0.16905716061592102,0.48032352328300476,0.5627384185791016,-0.032312389463186264,0.5020467638969421,0.4538208842277527,-0.0759674534201622,0.5019961595535278,0.40061527490615845,-0.11894640326499939,0.4887688159942627,0.38714277744293213,-0.14417049288749695,0.4272383451461792,0.5204799175262451,-0.030982661992311478,0.4561918079853058,0.3901922106742859,-0.07084991782903671,0.4505305886268616,0.35678234696388245,-0.10866224765777588,0.4253551959991455,0.37889575958251953,-0.12885694205760956,0.3725849986076355,0.507481575012207,-0.03716455399990082,0.39482757449150085,0.390414834022522,-0.06116800382733345,0.3925585150718689,0.35040920972824097,-0.08602464944124222,0.3790818452835083,0.35548561811447144,-0.09898504614830017,0.3160197138786316,0.5217905640602112,-0.04995767027139664,0.3269619345664978,0.4266420602798462,-0.061912909150123596,0.328695148229599,0.37117812037467957,-0.07321232557296753,0.3285980522632599,0.3399747908115387,-0.07988527417182922,c
0.3064170181751251,0.806404709815979,3.844046716494631e-07,0.3605334162712097,0.8009170293807983,-0.05545121803879738,0.41590073704719543,0.7898289561271667,-0.09473404288291931,0.44371873140335083,0.7897651195526123,-0.13325892388820648,0.43950027227401733,0.7977467179298401,-0.1707269698381424,0.4773430824279785,0.5582305788993835,-0.034843236207962036,0.4965428113937378,0.45450347661972046,-0.07520648092031479,0.49525362253189087,0.4008297622203827,-0.11632000654935837,0.48370474576950073,0.3771367073059082,-0.14190709590911865,0.42507463693618774,0.5154606103897095,-0.03181528300046921,0.4514276385307312,0.39071473479270935,-0.0680164322257042,0.44660332798957825,0.3527156710624695,-0.1049310490489006,0.4254249930381775,0.36115318536758423,-0.12660756707191467,0.3710780739784241,0.5017596483230591,-0.036077991127967834,0.3909218907356262,0.3883620500564575,-0.058010283857584,0.3881867527961731,0.3476741909980774,-0.08271227031946182,0.3760542869567871,0.3453766405582428,-0.09710725396871567,0.31541457772254944,0.5158541798591614,-0.04711291939020157,0.32499298453330994,0.4216746687889099,-0.05840107053518295,0.3252049684524536,0.3662201762199402,-0.06959665566682816,0.3237960934638977,0.33239564299583435,-0.07709567248821259,c
0.3055606186389923,0.7987670302391052,3.994859127942618e-07,0.3564085364341736,0.7940844297409058,-0.05985809490084648,0.40807944536209106,0.784423291683197,-0.10266020894050598,0.43232691287994385,0.7835487127304077,-0.14377854764461517,0.42725813388824463,0.7878305315971375,-0.18376664817333221,0.47364315390586853,0.5525967478752136,-0.04190810024738312,0.4898180365562439,0.44704774022102356,-0.08360154181718826,0.48577257990837097,0.3902648985385895,-0.12533651292324066,0.47122272849082947,0.3633158802986145,-0.15173712372779846,0.4226200580596924,0.512017011642456,-0.03680269047617912,0.4446493685245514,0.3914485275745392,-0.07321806252002716,0.4390348196029663,0.3484826982021332,-0.11088366061449051,0.41922086477279663,0.34778451919555664,-0.13456103205680847,0.3688807189464569,0.4989682137966156,-0.03910442069172859,0.3860945403575897,0.38741016387939453,-0.0621015839278698,0.382148802280426,0.34343767166137695,-0.08773849159479141,0.36965182423591614,0.3348880410194397,-0.103915736079216,0.3127170503139496,0.5117889642715454,-0.048376522958278656,0.3192649781703949,0.41864365339279175,-0.06156241148710251,0.31702035665512085,0.3634575605392456,-0.07414715737104416,0.31376829743385315,0.32825344800949097,-0.08321312814950943,c
0.3079797625541687,0.7897472381591797,3.5211198223805695e-07,0.3596653342247009,0.7914925813674927,-0.05654582008719444,0.4133835732936859,0.7842360734939575,-0.09682661294937134,0.42207998037338257,0.7810099124908447,-0.13551920652389526,0.3993435204029083,0.7750970721244812,-0.17382670938968658,0.4695693254470825,0.5493558645248413,-0.04458180069923401,0.4847588539123535,0.43962228298187256,-0.08827921003103256,0.48078644275665283,0.38356372714042664,-0.13123290240764618,0.4636743664741516,0.36044371128082275,-0.157466322183609,0.4186069667339325,0.5085328817367554,-0.040575359016656876,0.44135957956314087,0.38701584935188293,-0.07883284986019135,0.4340227544307709,0.3436773419380188,-0.11945470422506332,0.409359872341156,0.34616443514823914,-0.14521852135658264,0.36578720808029175,0.49554914236068726,-0.043202392756938934,0.38310033082962036,0.3827225863933563,-0.06771267205476761,0.3768731653690338,0.33914250135421753,-0.09781710803508759,0.3594970405101776,0.33517399430274963,-0.11690224707126617,0.30999645590782166,0.5083532333374023,-0.05194448307156563,0.31527844071388245,0.41226571798324585,-0.06685366481542587,0.31147632002830505,0.35804587602615356,-0.08231117576360703,0.30520471930503845,0.3255453109741211,-0.09338118880987167,c
0.3112899959087372,0.788115918636322,2.7525052814780793e-07,0.35613638162612915,0.7949589490890503,-0.06276170164346695,0.40423810482025146,0.7837589979171753,-0.10626699775457382,0.40646931529045105,0.7778141498565674,-0.1469953954219818,0.3909907042980194,0.766269326210022,-0.18743754923343658,0.4646099805831909,0.5492924451828003,-0.05627483129501343,0.4743424952030182,0.43886566162109375,-0.10560797899961472,0.4637664258480072,0.38147038221359253,-0.15262581408023834,0.4411805272102356,0.36067789793014526,-0.18121886253356934,0.41305142641067505,0.5067087411880493,-0.050459545105695724,0.43299344182014465,0.3804489076137543,-0.09610509127378464,0.41928452253341675,0.33816319704055786,-0.14267142117023468,0.38860461115837097,0.3472782075405121,-0.171360045671463,0.36077451705932617,0.49403613805770874,-0.05121912062168121,0.37487778067588806,0.37739667296409607,-0.08135903626680374,0.36304229497909546,0.3327687680721283,-0.11662507802248001,0.34045031666755676,0.3335340619087219,-0.13839107751846313,0.30567270517349243,0.5091130137443542,-0.058149538934230804,0.30858278274536133,0.40758147835731506,-0.07770766317844391,0.3020654320716858,0.3529350161552429,-0.09710722416639328,0.2933422327041626,0.3241236209869385,-0.11055834591388702,c
0.31563523411750793,0.7861533761024475,1.7781995609311707e-07,0.35623541474342346,0.7916998863220215,-0.061265647411346436,0.3948938250541687,0.774640679359436,-0.10487469285726547,0.39574477076530457,0.7633258104324341,-0.14601150155067444,0.3936825096607208,0.7488850951194763,-0.18600304424762726,0.46033239364624023,0.5470295548439026,-0.05749743804335594,0.47077110409736633,0.4353979825973511,-0.1091199591755867,0.45600178837776184,0.38194915652275085,-0.15722258388996124,0.42688095569610596,0.3612101674079895,-0.18617932498455048,0.4087783098220825,0.5063645839691162,-0.052824437618255615,0.4251073896884918,0.3817899227142334,-0.09891275316476822,0.4081188440322876,0.33734309673309326,-0.1439547836780548,0.3746929168701172,0.3388252258300781,-0.17206686735153198,0.3572119474411011,0.4954894185066223,-0.05506765842437744,0.3665289580821991,0.37939682602882385,-0.08655115962028503,0.3517261743545532,0.33227694034576416,-0.12003927677869797,0.3257615566253662,0.3247562050819397,-0.14094048738479614,0.3035019040107727,0.5129445791244507,-0.06343159079551697,0.30599892139434814,0.4120115041732788,-0.08494161814451218,0.296081006526947,0.35656458139419556,-0.10370556265115738,0.2818331718444824,0.3229244351387024,-0.11657724529504776,c
0.31411707401275635,0.7899262309074402,1.8667907397684758e-07,0.35228872299194336,0.7963736653327942,-0.06523305177688599,0.3887258470058441,0.7793515920639038,-0.11112284660339355,0.3892844617366791,0.7695889472961426,-0.1535598486661911,0.3869561553001404,0.744355320930481,-0.1944780796766281,0.4616267681121826,0.5557225346565247,-0.06442253291606903,0.47159814834594727,0.441322386264801,-0.11860614269971848,0.45487141609191895,0.38297510147094727,-0.16815178096294403,0.42283493280410767,0.35582777857780457,-0.19800062477588654,0.4104723036289215,0.5132784247398376,-0.058274202048778534,0.4258708953857422,0.38937342166900635,-0.10764389485120773,0.4075111150741577,0.34161990880966187,-0.15472565591335297,0.37275275588035583,0.3361327648162842,-0.18379859626293182,0.3579430878162384,0.4996843934059143,-0.059163372963666916,0.3676893711090088,0.38277894258499146,-0.09371437877416611,0.351318895816803,0.33441299200057983,-0.12858164310455322,0.3234623074531555,0.3219558894634247,-0.14987289905548096,0.3031908869743347,0.5134305357933044,-0.06629034876823425,0.305824339389801,0.41212978959083557,-0.09067651629447937,0.29380297660827637,0.35750341415405273,-0.11075171828269958,0.27704474329948425,0.323440819978714,-0.12393269687891006,c
0.32059282064437866,0.7861377596855164,1.9635842818388483e-07,0.361672967672348,0.7948182821273804,-0.06489963084459305,0.39798441529273987,0.779119610786438,-0.11117899417877197,0.3917745053768158,0.7687362432479858,-0.1540602445602417,0.38541197776794434,0.749917209148407,-0.19562888145446777,0.4619637429714203,0.5549177527427673,-0.06595267355442047,0.4702318012714386,0.4426157772541046,-0.11946558952331543,0.4535488784313202,0.3853951394557953,-0.1675647795200348,0.42267298698425293,0.3588500916957855,-0.19655244052410126,0.4114460349082947,0.5137302875518799,-0.05945981293916702,0.42487525939941406,0.39079973101615906,-0.10868262499570847,0.40531671047210693,0.3433377742767334,-0.15388992428779602,0.37001878023147583,0.3392467498779297,-0.1815394014120102,0.360212117433548,0.5015595555305481,-0.059755340218544006,0.3668363094329834,0.3857966363430023,-0.0941636860370636,0.34981873631477356,0.33856555819511414,-0.12744635343551636,0.3225924074649811,0.3272767663002014,-0.14760775864124298,0.3069337010383606,0.516514241695404,-0.06627712398767471,0.3065168559551239,0.4171319603919983,-0.09024908393621445,0.29346928000450134,0.36158889532089233,-0.1097729355096817,0.27618157863616943,0.3255741596221924,-0.12273267656564713,c
0.32721343636512756,0.7843643426895142,2.2072815397677914e-07,0.3698837459087372,0.7927572131156921,-0.06421677023172379,0.40210890769958496,0.7786659598350525,-0.11200025677680969,0.3906453549861908,0.7708832025527954,-0.1566428542137146,0.37501829862594604,0.7615915536880493,-0.20016875863075256,0.46388211846351624,0.5553120374679565,-0.06855316460132599,0.47070732712745667,0.4410243034362793,-0.12424245476722717,0.4512447416782379,0.38463249802589417,-0.1729167401790619,0.4184313118457794,0.36078307032585144,-0.20153529942035675,0.4138854146003723,0.5155078172683716,-0.06291268020868301,0.4250909090042114,0.39032384753227234,-0.11296961456537247,0.40436384081840515,0.34388238191604614,-0.15618398785591125,0.36914175748825073,0.3417126536369324,-0.18185722827911377,0.36276644468307495,0.5042028427124023,-0.0641205832362175,0.36650189757347107,0.38806599378585815,-0.09841705113649368,0.3488757610321045,0.34127554297447205,-0.12890063226222992,0.32220420241355896,0.3303036093711853,-0.14670225977897644,0.31017252802848816,0.5194684863090515,-0.07161202281713486,0.3078192472457886,0.4203745126724243,-0.0943753570318222,0.2948014438152313,0.36430180072784424,-0.11157088726758957,0.2780313491821289,0.32835739850997925,-0.1226082593202591,c
0.3302195072174072,0.7840949296951294,2.469613491484779e-07,0.3696118891239166,0.7930546998977661,-0.06721233576536179,0.4011610150337219,0.7819411754608154,-0.1174999326467514,0.3871637284755707,0.7807306051254272,-0.16430920362472534,0.3608960211277008,0.7756867408752441,-0.210723415017128,0.46655428409576416,0.5586272478103638,-0.07359448820352554,0.47361093759536743,0.44677823781967163,-0.12987874448299408,0.4550817310810089,0.3902268409729004,-0.17938530445098877,0.422791451215744,0.36114972829818726,-0.20939412713050842,0.4160521328449249,0.5200881958007812,-0.06742611527442932,0.4266310930252075,0.39793655276298523,-0.11927910894155502,0.4059196412563324,0.35039645433425903,-0.1651589572429657,0.370585560798645,0.3412763476371765,-0.19339679181575775,0.36385807394981384,0.5092667937278748,-0.06797720491886139,0.36810770630836487,0.39422786235809326,-0.10408592224121094,0.3495119512081146,0.3461759090423584,-0.13738861680030823,0.32142016291618347,0.3299899399280548,-0.1574004739522934,0.31115901470184326,0.523759126663208,-0.07491916418075562,0.3109081983566284,0.4243050217628479,-0.09911012649536133,0.29709482192993164,0.36738693714141846,-0.11828399449586868,0.2786619961261749,0.3281460404396057,-0.13118956983089447,c
0.33321917057037354,0.7866070866584778,2.707172654936585e-07,0.3750152587890625,0.7963254451751709,-0.06809075176715851,0.40444788336753845,0.7856932282447815,-0.1189274787902832,0.38185423612594604,0.7802454233169556,-0.16585086286067963,0.3486597239971161,0.770747721195221,-0.21232254803180695,0.4671662449836731,0.5610759258270264,-0.07577857375144958,0.47389310598373413,0.44936037063598633,-0.13095121085643768,0.45462125539779663,0.39388638734817505,-0.17938262224197388,0.42214435338974,0.3642168641090393,-0.2089076191186905,0.4172738790512085,0.5223146080970764,-0.06886803358793259,0.4271072745323181,0.39914214611053467,-0.12023121863603592,0.4063000977039337,0.3509488105773926,-0.16604802012443542,0.37096548080444336,0.34107545018196106,-0.1944189816713333,0.3657257854938507,0.5108972787857056,-0.06839047372341156,0.3704608976840973,0.39398014545440674,-0.1042509600520134,0.3517717123031616,0.3460243344306946,-0.13770663738250732,0.3234057128429413,0.33055827021598816,-0.15795579552650452,0.31285446882247925,0.5242273807525635,-0.07419119030237198,0.31304365396499634,0.42449241876602173,-0.09864416718482971,0.29923439025878906,0.3666861057281494,-0.11811555176973343,0.2808679938316345,0.32774919271469116,-0.13126316666603088,c
0.33357757329940796,0.787324070930481,2.7656824386212975e-07,0.37241825461387634,0.7953958511352539,-0.06839767098426819,0.39958757162094116,0.7823496460914612,-0.11880121380090714,0.38366538286209106,0.7807939052581787,-0.16526460647583008,0.3651045560836792,0.7721172571182251,-0.21104639768600464,0.4676606357097626,0.5609334111213684,-0.07529479265213013,0.47451847791671753,0.4483375549316406,-0.12997257709503174,0.45646727085113525,0.3922756314277649,-0.17841753363609314,0.4256267249584198,0.3645719289779663,-0.2081175297498703,0.4181329309940338,0.5233781337738037,-0.06813337653875351,0.4284830093383789,0.4001474678516388,-0.11912096291780472,0.4093320071697235,0.35233521461486816,-0.16593937575817108,0.3759251534938812,0.3435467481613159,-0.19532547891139984,0.3670175075531006,0.5123883485794067,-0.06744340807199478,0.3710426986217499,0.39613574743270874,-0.10384385287761688,0.35286641120910645,0.3486926555633545,-0.13931216299533844,0.32502686977386475,0.3348979353904724,-0.16104967892169952,0.3144070506095886,0.5259220600128174,-0.07293631136417389,0.3132333755493164,0.4267718195915222,-0.0985109731554985,0.29979532957077026,0.3696218729019165,-0.11967763304710388,0.2816867232322693,0.33254989981651306,-0.13409337401390076,c
0.3336946368217468,0.7927623987197876,2.89315977397564e-07,0.37360724806785583,0.8000224828720093,-0.07095048576593399,0.4033576548099518,0.7868029475212097,-0.12264777719974518,0.38567405939102173,0.7827132940292358,-0.16988588869571686,0.3581547439098358,0.7734571695327759,-0.2164487987756729,0.4699369966983795,0.563101589679718,-0.07682405412197113,0.47540974617004395,0.45440205931663513,-0.1317688226699829,0.4579232931137085,0.3974628448486328,-0.18099763989448547,0.42698168754577637,0.36609315872192383,-0.2117193341255188,0.4202265739440918,0.5242673754692078,-0.06902080774307251,0.4297442138195038,0.4032437801361084,-0.12077963352203369,0.4100205898284912,0.35450923442840576,-0.16777585446834564,0.375301718711853,0.3443867564201355,-0.19732806086540222,0.36837825179100037,0.5133986473083496,-0.06797707080841064,0.37326446175575256,0.39688897132873535,-0.10529439896345139,0.3544342517852783,0.3501192331314087,-0.14065317809581757,0.3256053626537323,0.336587131023407,-0.16223807632923126,0.3149447739124298,0.5274266600608826,-0.07344610244035721,0.3150709271430969,0.42852911353111267,-0.09994832426309586,0.30060645937919617,0.3705713152885437,-0.12144190073013306,0.2807871699333191,0.3324007987976074,-0.13607428967952728,c
0.3336375951766968,0.7891362309455872,2.4567353307247686e-07,0.3727279603481293,0.7967538237571716,-0.06385785341262817,0.4026947617530823,0.7810927629470825,-0.11125434190034866,0.3873644471168518,0.7827962636947632,-0.1557311862707138,0.3647642731666565,0.7799614667892456,-0.20004728436470032,0.4671700596809387,0.5627882480621338,-0.0699586570262909,0.47554564476013184,0.448983371257782,-0.12468355894088745,0.45727503299713135,0.3939414620399475,-0.17325569689273834,0.4258080720901489,0.370205819606781,-0.20241200923919678,0.41694822907447815,0.5255252122879028,-0.06481020897626877,0.42803335189819336,0.4011201560497284,-0.11512313038110733,0.40857818722724915,0.35462212562561035,-0.16179178655147552,0.3747635781764984,0.34969526529312134,-0.19084683060646057,0.3661670982837677,0.5141595602035522,-0.06606323271989822,0.37123996019363403,0.3970450162887573,-0.10078737139701843,0.35345661640167236,0.34976881742477417,-0.13590842485427856,0.3261144757270813,0.3382079303264618,-0.15758578479290009,0.3140154182910919,0.5280153155326843,-0.07329444587230682,0.31282877922058105,0.428100049495697,-0.09661120176315308,0.29965877532958984,0.3711619973182678,-0.11662645637989044,0.2819647789001465,0.3350754976272583,-0.13052064180374146,c
0.33507058024406433,0.7918732166290283,2.541219430440833e-07,0.37519773840904236,0.7990489602088928,-0.06673409789800644,0.40310969948768616,0.7842216491699219,-0.11732833087444305,0.376895546913147,0.7843021154403687,-0.16449226438999176,0.34727996587753296,0.7823839783668518,-0.21141712367534637,0.46567314863204956,0.563938558101654,-0.07301637530326843,0.47298210859298706,0.4487275779247284,-0.12939101457595825,0.4523000717163086,0.3949396014213562,-0.1795983463525772,0.4179188311100006,0.373038649559021,-0.20961274206638336,0.41577503085136414,0.5277780294418335,-0.0670580118894577,0.42919018864631653,0.40315812826156616,-0.119522824883461,0.40641310811042786,0.35678601264953613,-0.16742272675037384,0.3682733476161957,0.35377681255340576,-0.19649802148342133,0.36538615822792053,0.5175842642784119,-0.06761758029460907,0.3726278841495514,0.39952796697616577,-0.10319369286298752,0.35315796732902527,0.35214027762413025,-0.138506680727005,0.32340681552886963,0.34153449535369873,-0.15987451374530792,0.31354355812072754,0.5324760675430298,-0.07432080060243607,0.31361788511276245,0.4329313337802887,-0.09758790582418442,0.2993742823600769,0.37604379653930664,-0.11709064990282059,0.27971798181533813,0.34026509523391724,-0.13041582703590393,c
0.3339208662509918,0.7879060506820679,1.721889333339277e-07,0.3732442557811737,0.8016870617866516,-0.06902977079153061,0.40046942234039307,0.7870476841926575,-0.11930660158395767,0.3758396804332733,0.7784533500671387,-0.1654181331396103,0.3567010462284088,0.7554999589920044,-0.21087400615215302,0.46401017904281616,0.5654387474060059,-0.07776067405939102,0.4706311523914337,0.45014700293540955,-0.13653616607189178,0.4475233554840088,0.39884716272354126,-0.18832248449325562,0.41179367899894714,0.3802195191383362,-0.21893765032291412,0.4134975075721741,0.5280560851097107,-0.07056082785129547,0.4242652654647827,0.4013523459434509,-0.12477609515190125,0.39738842844963074,0.35639429092407227,-0.17563365399837494,0.3575505316257477,0.3546159267425537,-0.20718005299568176,0.3636838495731354,0.5168673992156982,-0.06985428929328918,0.36734268069267273,0.4003092646598816,-0.10785724967718124,0.343948096036911,0.3535056412220001,-0.1470993608236313,0.31115221977233887,0.3458603620529175,-0.17144638299942017,0.31271788477897644,0.5315825343132019,-0.07507597655057907,0.3119673728942871,0.43346816301345825,-0.10156875103712082,0.29655057191848755,0.3799033463001251,-0.12451186776161194,0.2750566899776459,0.34949082136154175,-0.1401921510696411,c
0.33114418387413025,0.7814323306083679,1.6792516532859736e-07,0.37016287446022034,0.8025625944137573,-0.08171903342008591,0.39753642678260803,0.7874274253845215,-0.13910625874996185,0.38043561577796936,0.7718688249588013,-0.18964219093322754,0.36777278780937195,0.74140465259552,-0.23922377824783325,0.46246036887168884,0.5649088025093079,-0.09676965326070786,0.4711572229862213,0.4480551779270172,-0.16208814084529877,0.44149017333984375,0.40001755952835083,-0.21796815097332,0.3991350829601288,0.3852022886276245,-0.2509689927101135,0.4120127558708191,0.5268797278404236,-0.08452893793582916,0.4260455369949341,0.39589929580688477,-0.1470160186290741,0.39300402998924255,0.35440510511398315,-0.2032308727502823,0.34774544835090637,0.3573065400123596,-0.23736941814422607,0.36183884739875793,0.5136907696723938,-0.07906607538461685,0.3688831627368927,0.39478498697280884,-0.12297572195529938,0.34175562858581543,0.3500059247016907,-0.16756415367126465,0.3049274682998657,0.347931444644928,-0.19501763582229614,0.3115435242652893,0.5263170599937439,-0.08006776124238968,0.310298353433609,0.42930829524993896,-0.11075687408447266,0.2934691309928894,0.3773617744445801,-0.13821040093898773,0.2702607214450836,0.3516966998577118,-0.1571422815322876,c
0.3326430916786194,0.7826905250549316,2.2015616707449226e-07,0.3698928654193878,0.8098786473274231,-0.09987221658229828,0.3943670392036438,0.7909250855445862,-0.16613444685935974,0.37995314598083496,0.7678059339523315,-0.2218061238527298,0.3723103702068329,0.7280302047729492,-0.27639731764793396,0.46497753262519836,0.5683532357215881,-0.11951245367527008,0.4708437919616699,0.45681047439575195,-0.19048351049423218,0.442496120929718,0.40605947375297546,-0.2509652078151703,0.3999990224838257,0.3890624940395355,-0.28755098581314087,0.4142204821109772,0.5276364684104919,-0.09945067018270493,0.4253096878528595,0.3975257873535156,-0.16776129603385925,0.3933764696121216,0.3532477617263794,-0.22876925766468048,0.34787532687187195,0.3534814715385437,-0.2668023407459259,0.3632132411003113,0.5134878158569336,-0.08695104718208313,0.3673672080039978,0.395805299282074,-0.13589654862880707,0.3399980962276459,0.34693413972854614,-0.18537652492523193,0.30263423919677734,0.3419479727745056,-0.21674881875514984,0.3126625418663025,0.5250604152679443,-0.08204057067632675,0.3093337118625641,0.4284418225288391,-0.11709748208522797,0.2915859818458557,0.3776557445526123,-0.14907123148441315,0.26664143800735474,0.3548203110694885,-0.17188844084739685,c
0.3355538845062256,0.7918437719345093,1.9954904928454198e-07,0.3745870888233185,0.8109931945800781,-0.09452924877405167,0.3981666564941406,0.7924014329910278,-0.15789508819580078,0.37660109996795654,0.767898678779602,-0.21179205179214478,0.3559795022010803,0.7250741720199585,-0.2647998332977295,0.46457573771476746,0.5640270709991455,-0.10877764970064163,0.46730196475982666,0.4511457085609436,-0.17369920015335083,0.43860769271850586,0.3994963765144348,-0.2309248000383377,0.39741671085357666,0.3758458197116852,-0.2664577066898346,0.4132101535797119,0.5280749797821045,-0.08950348943471909,0.41798102855682373,0.4004153609275818,-0.15197870135307312,0.388556569814682,0.3564453125,-0.21115003526210785,0.3464643359184265,0.349912166595459,-0.24950197339057922,0.36259183287620544,0.5171890258789062,-0.07736716419458389,0.3624051809310913,0.4022543132305145,-0.12131728231906891,0.33758610486984253,0.35414355993270874,-0.16778670251369476,0.30294984579086304,0.34406721591949463,-0.19829805195331573,0.31381964683532715,0.5300061106681824,-0.0727374255657196,0.30847862362861633,0.43397530913352966,-0.10336006432771683,0.2916017174720764,0.38332730531692505,-0.13273735344409943,0.2684018611907959,0.35642045736312866,-0.15466849505901337,c
0.33970707654953003,0.7872644662857056,3.8122666978779307e-07,0.3806704878807068,0.8029390573501587,-0.09894172847270966,0.4072435796260834,0.7874523401260376,-0.16753344237804413,0.3676553964614868,0.7682989835739136,-0.22554147243499756,0.31745645403862,0.7519184350967407,-0.28360044956207275,0.4696095883846283,0.5648510456085205,-0.11859285086393356,0.46884939074516296,0.450385719537735,-0.1830449104309082,0.44344624876976013,0.39747288823127747,-0.23925869166851044,0.40453726053237915,0.37438511848449707,-0.27449846267700195,0.4177248477935791,0.5275148749351501,-0.09722207486629486,0.41973739862442017,0.40058261156082153,-0.16043029725551605,0.3931082487106323,0.3537341356277466,-0.2180819809436798,0.35140010714530945,0.34957075119018555,-0.25557276606559753,0.3659566044807434,0.5158451795578003,-0.08259586244821548,0.3661056160926819,0.3977298140525818,-0.12709257006645203,0.3433016538619995,0.34736084938049316,-0.17275461554527283,0.3095516264438629,0.34044116735458374,-0.202569380402565,0.31508758664131165,0.5242388844490051,-0.07565830647945404,0.31100016832351685,0.4268437325954437,-0.10482331365346909,0.2944728136062622,0.3718945384025574,-0.13292835652828217,0.27245092391967773,0.343117892742157,-0.15450917184352875,c
0.3432513475418091,0.7906467914581299,3.7849284240110137e-07,0.3845348060131073,0.8003143072128296,-0.08967617899179459,0.40987449884414673,0.784105658531189,-0.15259826183319092,0.3656502664089203,0.765681803226471,-0.20662756264209747,0.3139432966709137,0.7501258850097656,-0.260638028383255,0.47239118814468384,0.5643519163131714,-0.10312734544277191,0.47064849734306335,0.45344316959381104,-0.1610664278268814,0.4464744031429291,0.3977658748626709,-0.21291351318359375,0.4086611866950989,0.3665967285633087,-0.24604222178459167,0.4230736494064331,0.528384804725647,-0.08474704623222351,0.4258289933204651,0.4074164032936096,-0.14168962836265564,0.4033361077308655,0.35599952936172485,-0.1942426860332489,0.36467987298965454,0.3434247374534607,-0.22858569025993347,0.37288767099380493,0.5173353552818298,-0.07272575050592422,0.3757573068141937,0.40174588561058044,-0.11250678449869156,0.3579237461090088,0.34953537583351135,-0.15184395015239716,0.3279847204685211,0.33554607629776,-0.1773895025253296,0.3212093710899353,0.5251713991165161,-0.06800086051225662,0.3190138041973114,0.4311712980270386,-0.0941988006234169,0.3048223853111267,0.376598984003067,-0.11730565875768661,0.28506869077682495,0.3457077741622925,-0.13465052843093872,c
0.34492868185043335,0.7893598079681396,3.753827115815511e-07,0.3856298625469208,0.7969686388969421,-0.08581370860338211,0.4102373719215393,0.7823314666748047,-0.14605718851089478,0.36523014307022095,0.7624576091766357,-0.19766731560230255,0.31038111448287964,0.7496277093887329,-0.24907788634300232,0.4719234108924866,0.5657629370689392,-0.09710485488176346,0.47378790378570557,0.4551202058792114,-0.1510559618473053,0.4493127465248108,0.40175193548202515,-0.1998513638973236,0.41206133365631104,0.36727175116539,-0.23188945651054382,0.4245859980583191,0.527711033821106,-0.07967489212751389,0.4301370680332184,0.4095919132232666,-0.13284941017627716,0.4079669117927551,0.35912665724754333,-0.182245671749115,0.3708026707172394,0.34066417813301086,-0.21501664817333221,0.3747981786727905,0.5155145525932312,-0.0683198869228363,0.3782156705856323,0.4031449556350708,-0.10514052212238312,0.36124804615974426,0.35162943601608276,-0.14172808825969696,0.33280062675476074,0.33187443017959595,-0.16607162356376648,0.32258132100105286,0.5224400758743286,-0.06404410302639008,0.3174576461315155,0.4329374432563782,-0.08876632899045944,0.30145707726478577,0.37944474816322327,-0.1102062240242958,0.28128281235694885,0.3453795909881592,-0.12645867466926575,c
0.3463253080844879,0.7877321839332581,4.867410439146624e-07,0.38602402806282043,0.7972191572189331,-0.09881846606731415,0.4085148274898529,0.7822403907775879,-0.1656627207994461,0.36189475655555725,0.7619994878768921,-0.22068223357200623,0.30763018131256104,0.7494522333145142,-0.2751923203468323,0.4728480875492096,0.565209150314331,-0.11262109875679016,0.4714217782020569,0.45113468170166016,-0.16654974222183228,0.4459679126739502,0.3953568935394287,-0.21560260653495789,0.40934598445892334,0.35951149463653564,-0.24847111105918884,0.426978200674057,0.52842777967453,-0.08767803758382797,0.4321472942829132,0.4079374074935913,-0.14222225546836853,0.4101313054561615,0.3546713590621948,-0.19287611544132233,0.3732902705669403,0.33566829562187195,-0.22681032121181488,0.37802186608314514,0.5158753991127014,-0.06892551481723785,0.38343438506126404,0.4038116931915283,-0.10552812367677689,0.3685895502567291,0.3493303060531616,-0.1434408277273178,0.34252241253852844,0.3281373977661133,-0.16936498880386353,0.3259539306163788,0.5193348526954651,-0.05817762762308121,0.3193775713443756,0.43369922041893005,-0.08242448419332504,0.3034292757511139,0.3793736696243286,-0.10538696497678757,0.28522640466690063,0.34432917833328247,-0.12348804622888565,c
0.350816547870636,0.7863653302192688,4.2684430923145555e-07,0.3919121325016022,0.7960103154182434,-0.08974537998437881,0.41596874594688416,0.7816499471664429,-0.1520419716835022,0.36355656385421753,0.7637344002723694,-0.2043667882680893,0.3053618371486664,0.7527931928634644,-0.25638478994369507,0.47238391637802124,0.5609641671180725,-0.10357464849948883,0.47068551182746887,0.44702768325805664,-0.15609809756278992,0.44386041164398193,0.3927547335624695,-0.2032773643732071,0.40604957938194275,0.3560169041156769,-0.23431296646595,0.4269869923591614,0.525840163230896,-0.08264131098985672,0.43135717511177063,0.4057186245918274,-0.13427244126796722,0.40863037109375,0.352464497089386,-0.18144652247428894,0.37207135558128357,0.33092790842056274,-0.21285571157932281,0.3790377378463745,0.5153295397758484,-0.06747604161500931,0.38101014494895935,0.40428489446640015,-0.10153211653232574,0.36514630913734436,0.34985145926475525,-0.1350860595703125,0.33897480368614197,0.3254384994506836,-0.15792079269886017,0.32686981558799744,0.5217843651771545,-0.0597960501909256,0.31912851333618164,0.43441838026046753,-0.08147117495536804,0.3030882477760315,0.3807867765426636,-0.1003410816192627,0.28457212448120117,0.3445151746273041,-0.11527576297521591,c
0.35282933712005615,0.7794181704521179,4.2767675267896266e-07,0.3930577039718628,0.7907437086105347,-0.08971671015024185,0.4163939654827118,0.7782162427902222,-0.15351776778697968,0.36633551120758057,0.7611002326011658,-0.20749327540397644,0.31083524227142334,0.7485018968582153,-0.26127496361732483,0.473513126373291,0.5575673580169678,-0.10767257958650589,0.47073644399642944,0.44333988428115845,-0.16270311176776886,0.4449271857738495,0.38858139514923096,-0.21123476326465607,0.4068237543106079,0.35250332951545715,-0.2430443912744522,0.42726585268974304,0.5222054123878479,-0.08798684179782867,0.4314483106136322,0.4011014997959137,-0.14234121143817902,0.40825355052948,0.3476174771785736,-0.19058053195476532,0.3700052797794342,0.3271661400794983,-0.22236332297325134,0.3784732222557068,0.5119390487670898,-0.07392845302820206,0.38012897968292236,0.39808523654937744,-0.11070197820663452,0.3628600835800171,0.34370243549346924,-0.14492465555667877,0.33456185460090637,0.320984423160553,-0.16777828335762024,0.3260231018066406,0.5188853740692139,-0.0672142431139946,0.317918986082077,0.42983341217041016,-0.09160206466913223,0.30121156573295593,0.3742469847202301,-0.11171265691518784,0.28171879053115845,0.33703264594078064,-0.12706045806407928,c
0.3538116216659546,0.7807361483573914,4.0850648019841174e-07,0.3928113579750061,0.7921833992004395,-0.08827818930149078,0.41491976380348206,0.7798251509666443,-0.15144334733486176,0.365004301071167,0.7614817023277283,-0.2051546573638916,0.3093319535255432,0.7497023344039917,-0.2588516175746918,0.4754003584384918,0.5600541234016418,-0.10597173869609833,0.47161319851875305,0.4487726390361786,-0.16020047664642334,0.4442277252674103,0.3919915556907654,-0.20817677676677704,0.4057004451751709,0.35433971881866455,-0.24014157056808472,0.42910048365592957,0.5232029557228088,-0.08784594386816025,0.43503016233444214,0.40412992238998413,-0.14179369807243347,0.41143783926963806,0.35085004568099976,-0.18906641006469727,0.37431371212005615,0.32870808243751526,-0.22020281851291656,0.3795059025287628,0.5134477615356445,-0.07534268498420715,0.38374316692352295,0.40013498067855835,-0.11248057335615158,0.3662644624710083,0.3444932699203491,-0.1459241509437561,0.3383827209472656,0.3188772201538086,-0.16818451881408691,0.3258479833602905,0.52194744348526,-0.07007164508104324,0.31757980585098267,0.4318428635597229,-0.09531570225954056,0.30081573128700256,0.37487876415252686,-0.11504457145929337,0.28146636486053467,0.3357142210006714,-0.12992514669895172,c
0.35843828320503235,0.778397798538208,3.8856603623571573e-07,0.3977665603160858,0.7849252223968506,-0.08603618294000626,0.41966721415519714,0.770173192024231,-0.14729629456996918,0.3834982216358185,0.7490907311439514,-0.1993369162082672,0.3410544991493225,0.7291987538337708,-0.25020870566368103,0.47487515211105347,0.5455052256584167,-0.09919499605894089,0.47445499897003174,0.43293651938438416,-0.15207251906394958,0.4490363299846649,0.3792821764945984,-0.19937127828598022,0.41192761063575745,0.3436518907546997,-0.23027949035167694,0.43004968762397766,0.5128078460693359,-0.08092865347862244,0.433009535074234,0.39396584033966064,-0.12986308336257935,0.4109385311603546,0.3394002616405487,-0.17459821701049805,0.3758923411369324,0.31339719891548157,-0.20495429635047913,0.3821031451225281,0.5048922300338745,-0.06877768784761429,0.38092440366744995,0.39302241802215576,-0.10146654397249222,0.36389264464378357,0.337028443813324,-0.13234810531139374,0.33841899037361145,0.3077406585216522,-0.15379025042057037,0.3297559320926666,0.5150617361068726,-0.06405266374349594,0.31982794404029846,0.4255582094192505,-0.08581556379795074,0.3039446771144867,0.36979788541793823,-0.10380993783473969,0.2865385413169861,0.330128014087677,-0.11786327511072159,c
0.35315603017807007,0.7798854112625122,2.873088078558794e-07,0.39226415753364563,0.7848448753356934,-0.08086764812469482,0.4181113541126251,0.764801561832428,-0.13496755063533783,0.39988189935684204,0.7411034107208252,-0.1809234619140625,0.38195785880088806,0.7106260061264038,-0.2246968150138855,0.47541365027427673,0.545436680316925,-0.08625012636184692,0.47586214542388916,0.4318636357784271,-0.13852563500404358,0.4503576159477234,0.37346944212913513,-0.18463554978370667,0.41534873843193054,0.3358023762702942,-0.21439975500106812,0.4293432831764221,0.5113116502761841,-0.07110340148210526,0.4327123761177063,0.3913956880569458,-0.12036112695932388,0.40975213050842285,0.3376009166240692,-0.1648840755224228,0.3755831718444824,0.3123258650302887,-0.19366377592086792,0.3812211751937866,0.5017580389976501,-0.06282225251197815,0.3804056644439697,0.3875855505466461,-0.09714151918888092,0.362194299697876,0.33456140756607056,-0.12785521149635315,0.33685606718063354,0.3058430552482605,-0.14773455262184143,0.33039534091949463,0.5137594938278198,-0.061827149242162704,0.32262328267097473,0.42324426770210266,-0.0861821398139,0.3079698085784912,0.3682940602302551,-0.1051318347454071,0.29138219356536865,0.3278948664665222,-0.11834969371557236,c
0.35290950536727905,0.7831502556800842,2.726530397012539e-07,0.39710935950279236,0.7844628691673279,-0.07324087619781494,0.4303220510482788,0.7622417211532593,-0.12360592931509018,0.4129354953765869,0.7341597080230713,-0.16744592785835266,0.3861246109008789,0.708357036113739,-0.20978692173957825,0.4828939735889435,0.5403127670288086,-0.0766240581870079,0.4807487428188324,0.42847731709480286,-0.1261414885520935,0.45776230096817017,0.3654145300388336,-0.17087049782276154,0.42547228932380676,0.32095077633857727,-0.200397327542305,0.43462634086608887,0.5065175890922546,-0.06545517593622208,0.4350194036960602,0.387970894575119,-0.11219388246536255,0.4139132499694824,0.3341805338859558,-0.15545235574245453,0.3820907175540924,0.3067479133605957,-0.18395714461803436,0.3853202760219574,0.49852094054222107,-0.06064830720424652,0.38278934359550476,0.3839065432548523,-0.09405718743801117,0.3646620810031891,0.3324697017669678,-0.12353754788637161,0.33981961011886597,0.3040611147880554,-0.14262299239635468,0.33356502652168274,0.5136462450027466,-0.06265660375356674,0.3258194327354431,0.420360267162323,-0.08642794191837311,0.3118283748626709,0.3652520179748535,-0.10420959442853928,0.29631176590919495,0.3241409659385681,-0.11663797497749329,c
0.3472074270248413,0.7852782011032104,2.7815889325211174e-07,0.3944135010242462,0.7855318188667297,-0.07109782844781876,0.4330015480518341,0.7622796297073364,-0.11850059777498245,0.4271664321422577,0.7336325645446777,-0.15976770222187042,0.4186481535434723,0.6997634172439575,-0.1988675743341446,0.48701047897338867,0.5397014617919922,-0.07062537968158722,0.49029386043548584,0.4298972189426422,-0.11882084608078003,0.4708024263381958,0.36846575140953064,-0.16238811612129211,0.44180533289909363,0.3276546895503998,-0.1905200481414795,0.43781301379203796,0.5047232508659363,-0.0598779059946537,0.4446491599082947,0.38640695810317993,-0.10550829768180847,0.4278067648410797,0.33430713415145874,-0.14739704132080078,0.4001985788345337,0.31178346276283264,-0.1739564836025238,0.3870440721511841,0.49652594327926636,-0.055767763406038284,0.3895435631275177,0.3802458643913269,-0.0889362022280693,0.3752877116203308,0.3301081657409668,-0.11722220480442047,0.35424309968948364,0.30591678619384766,-0.13458077609539032,0.3330146074295044,0.5121090412139893,-0.05831659957766533,0.32848596572875977,0.41704225540161133,-0.08240579068660736,0.3178807199001312,0.36075538396835327,-0.09969621151685715,0.30633053183555603,0.32027894258499146,-0.1109340637922287,c
0.34527143836021423,0.7969725131988525,3.9514696936748805e-07,0.3954189121723175,0.7910901308059692,-0.07405739277601242,0.4402751624584198,0.7663979530334473,-0.12187957763671875,0.4533839821815491,0.7452548742294312,-0.1636265516281128,0.44795548915863037,0.7194761037826538,-0.2032400220632553,0.4926202893257141,0.5393645167350769,-0.0661119595170021,0.49767857789993286,0.4312750995159149,-0.10941071063280106,0.48519665002822876,0.3670910596847534,-0.15000410377979279,0.4655287265777588,0.3209553360939026,-0.17727886140346527,0.44176235795021057,0.5092113614082336,-0.05383436754345894,0.45021066069602966,0.3948432207107544,-0.0940575823187828,0.4407322406768799,0.3419889807701111,-0.1309407651424408,0.42289289832115173,0.314134418964386,-0.15511007606983185,0.38908278942108154,0.5052109956741333,-0.049195580184459686,0.3960251808166504,0.39281123876571655,-0.07937896996736526,0.38667264580726624,0.3398590385913849,-0.10421951860189438,0.37212178111076355,0.30797481536865234,-0.11973562091588974,0.3340233564376831,0.5223978161811829,-0.052042677998542786,0.3328605592250824,0.4249524772167206,-0.07450775057077408,0.32539722323417664,0.36551332473754883,-0.09012016654014587,0.31774941086769104,0.3180422782897949,-0.10057257115840912,c
0.34671851992607117,0.8004509806632996,5.149843218532624e-07,0.4007318317890167,0.7916986346244812,-0.07172811776399612,0.4521430730819702,0.7730646133422852,-0.11974060535430908,0.48302602767944336,0.750861644744873,-0.1629546880722046,0.483958899974823,0.7204964756965637,-0.20430362224578857,0.4948762059211731,0.5402261018753052,-0.05732849985361099,0.5028538107872009,0.43387332558631897,-0.09563910961151123,0.49480128288269043,0.3662669062614441,-0.1315169334411621,0.47946223616600037,0.31978875398635864,-0.1553126871585846,0.44033631682395935,0.5113781690597534,-0.04631175845861435,0.4522123634815216,0.39452773332595825,-0.08133506029844284,0.4432217478752136,0.34605634212493896,-0.11267025768756866,0.4289596676826477,0.31939148902893066,-0.13210102915763855,0.3869267404079437,0.5066171884536743,-0.043195903301239014,0.39552628993988037,0.39511656761169434,-0.06805723160505295,0.390171080827713,0.343938410282135,-0.08770864456892014,0.3804716467857361,0.31365618109703064,-0.0998212993144989,0.3319002389907837,0.5234107375144958,-0.047931648790836334,0.33530813455581665,0.42671817541122437,-0.0653381496667862,0.3336254358291626,0.3665790557861328,-0.07735919207334518,0.33339327573776245,0.31893742084503174,-0.08543674647808075,c
0.3346615433692932,0.7999341487884521,4.870962584391236e-07,0.39544937014579773,0.7930492758750916,-0.06702034920454025,0.45378050208091736,0.7733492851257324,-0.10868309438228607,0.4966004490852356,0.7538976073265076,-0.1462935358285904,0.5113296508789062,0.7059653401374817,-0.18202988803386688,0.49337607622146606,0.540726363658905,-0.044359706342220306,0.5053426027297974,0.43798011541366577,-0.08142469823360443,0.5024247169494629,0.37366610765457153,-0.11898183077573776,0.49382680654525757,0.3293148875236511,-0.14426392316818237,0.43918734788894653,0.5093747973442078,-0.034849658608436584,0.4547385573387146,0.3967873454093933,-0.07037456333637238,0.4506622552871704,0.3504212200641632,-0.107285276055336,0.44038841128349304,0.3320983648300171,-0.13072526454925537,0.38497570157051086,0.5029568076133728,-0.033424872905015945,0.396847665309906,0.40003377199172974,-0.05777967348694801,0.3959750235080719,0.3498300611972809,-0.08276233077049255,0.39097216725349426,0.32351115345954895,-0.09875327348709106,0.3303244411945343,0.5195882320404053,-0.03947560861706734,0.3386589288711548,0.42877092957496643,-0.057094305753707886,0.3409976065158844,0.369371235370636,-0.07230257987976074,0.34491294622421265,0.32400351762771606,-0.08275114744901657,c
0.328044056892395,0.8069848418235779,4.976315608473669e-07,0.39394715428352356,0.7987637519836426,-0.06043640524148941,0.45578357577323914,0.7753031253814697,-0.09677077829837799,0.5044018030166626,0.7543447613716125,-0.12993034720420837,0.5297990441322327,0.7062888145446777,-0.16122105717658997,0.49257051944732666,0.5464439988136292,-0.033938754349946976,0.5081738829612732,0.44374698400497437,-0.06605636328458786,0.511432409286499,0.3806533217430115,-0.0998162254691124,0.5129225850105286,0.33249586820602417,-0.12352421134710312,0.4390263259410858,0.5145151615142822,-0.027143122628331184,0.4579203426837921,0.4046424627304077,-0.059659309685230255,0.4590182900428772,0.3570210933685303,-0.09479928016662598,0.4559471011161804,0.335260808467865,-0.11744287610054016,0.3852636516094208,0.5071676969528198,-0.028170567005872726,0.4002862870693207,0.40676116943359375,-0.05162680521607399,0.40428420901298523,0.3552256226539612,-0.0758332833647728,0.4057539701461792,0.32674640417099,-0.09113594889640808,0.3306664824485779,0.5225971341133118,-0.036127228289842606,0.3418486416339874,0.42947328090667725,-0.054228585213422775,0.34843650460243225,0.36882108449935913,-0.06893350929021835,0.3577168881893158,0.32210391759872437,-0.0786527693271637,c
0.3301248848438263,0.8094823956489563,5.152992343937512e-07,0.3974554240703583,0.8014271855354309,-0.060775913298130035,0.4604168236255646,0.7777698040008545,-0.09743690490722656,0.5082287192344666,0.756339430809021,-0.13091273605823517,0.5289008617401123,0.7078933119773865,-0.16283339262008667,0.49381905794143677,0.547855794429779,-0.03572814166545868,0.5095580220222473,0.44648078083992004,-0.06816890090703964,0.5142350196838379,0.3835875988006592,-0.10226541757583618,0.5169709920883179,0.3333371877670288,-0.12657807767391205,0.44039222598075867,0.515387237071991,-0.029264183714985847,0.4589262902736664,0.4059484004974365,-0.06173181161284447,0.4598475396633148,0.3569493293762207,-0.09697316586971283,0.45596572756767273,0.3313799798488617,-0.12035346031188965,0.38623884320259094,0.5080171823501587,-0.030574843287467957,0.4017091989517212,0.4076157808303833,-0.05422840267419815,0.4049316942691803,0.3548259437084198,-0.0786670446395874,0.4047619700431824,0.3237651586532593,-0.09463103115558624,0.3305199444293976,0.5244767665863037,-0.038839202374219894,0.34123897552490234,0.43142929673194885,-0.057455942034721375,0.34732359647750854,0.36998456716537476,-0.0727769061923027,0.3556472361087799,0.3211481273174286,-0.08330141007900238,c
0.3176475465297699,0.8101068735122681,5.948899115537643e-07,0.387277752161026,0.8028125762939453,-0.06013567000627518,0.4528713822364807,0.7737682461738586,-0.09545674920082092,0.510033369064331,0.7510541677474976,-0.12769466638565063,0.549014151096344,0.7032033205032349,-0.1578671783208847,0.4864533543586731,0.545707106590271,-0.029195593670010567,0.5065573453903198,0.43825221061706543,-0.06162282079458237,0.517839252948761,0.3771359920501709,-0.09553159028291702,0.5281602144241333,0.3405284881591797,-0.11881629377603531,0.43540048599243164,0.5125699639320374,-0.02220126800239086,0.45777368545532227,0.3964352011680603,-0.055041905492544174,0.4656018316745758,0.3512662649154663,-0.09100090712308884,0.46972304582595825,0.3453536629676819,-0.11376257985830307,0.38220706582069397,0.5050550699234009,-0.023481205105781555,0.40132206678390503,0.40025871992111206,-0.047328513115644455,0.41104888916015625,0.3493545651435852,-0.07378235459327698,0.4192870259284973,0.3326089382171631,-0.09052065014839172,0.3260616064071655,0.5217646956443787,-0.03157367929816246,0.340209424495697,0.4286460876464844,-0.05120476335287094,0.35182255506515503,0.3677666187286377,-0.06868655979633331,0.36688464879989624,0.3249504268169403,-0.08023316413164139,c
0.30886614322662354,0.8178861141204834,5.160468390386086e-07,0.3825407922267914,0.8059055805206299,-0.04760393500328064,0.45268514752388,0.7735787034034729,-0.0750073492527008,0.515293300151825,0.7493470907211304,-0.10156282037496567,0.5518805384635925,0.6948779225349426,-0.12634652853012085,0.4790028929710388,0.5462114214897156,-0.014427922666072845,0.5027696490287781,0.43864905834198,-0.04251617193222046,0.5175297260284424,0.3815031349658966,-0.07351421564817429,0.5319052934646606,0.3455778658390045,-0.09487559646368027,0.43034324049949646,0.5140160322189331,-0.012640213593840599,0.4545539617538452,0.4010612964630127,-0.040454160422086716,0.4670523405075073,0.356960266828537,-0.07379622012376785,0.4758756458759308,0.34793412685394287,-0.09581457078456879,0.3778092861175537,0.5059599280357361,-0.018418623134493828,0.3989884853363037,0.403850793838501,-0.03879072889685631,0.41235825419425964,0.35898804664611816,-0.062115635722875595,0.42453351616859436,0.3437599837779999,-0.07739266008138657,0.3215066194534302,0.5211895108222961,-0.03022080473601818,0.33908236026763916,0.4296688735485077,-0.046750757843256,0.3529072403907776,0.36960065364837646,-0.06065668538212776,0.3694514036178589,0.3251001536846161,-0.0700233057141304,c
0.3033044934272766,0.8241312503814697,5.465609547172789e-07,0.37999624013900757,0.8064903020858765,-0.0425511859357357,0.45583924651145935,0.7684422135353088,-0.06688298285007477,0.5202326774597168,0.743988037109375,-0.09154936671257019,0.5552423000335693,0.6813054084777832,-0.1152699813246727,0.4668300747871399,0.5426684617996216,-0.010240865871310234,0.49191123247146606,0.42942023277282715,-0.039431534707546234,0.5108140707015991,0.3756061792373657,-0.07133381813764572,0.5317026376724243,0.34340035915374756,-0.09301414340734482,0.41962456703186035,0.5148289203643799,-0.011936594732105732,0.4456384778022766,0.391748309135437,-0.04255819320678711,0.46384429931640625,0.3503868281841278,-0.07969082146883011,0.47902894020080566,0.35061198472976685,-0.10363862663507462,0.3679536283016205,0.5092018246650696,-0.020846085622906685,0.3925188183784485,0.3956459164619446,-0.043745022267103195,0.4096890687942505,0.3505905270576477,-0.07087422162294388,0.4268534183502197,0.340556800365448,-0.08820044249296188,0.31200459599494934,0.5266932249069214,-0.03512658178806305,0.33191484212875366,0.4296025335788727,-0.05382081866264343,0.348893404006958,0.3668891191482544,-0.07050572335720062,0.369612455368042,0.32363471388816833,-0.08181925863027573,c
0.292439341545105,0.8297264575958252,5.305411718836694e-07,0.3783299922943115,0.8010075688362122,-0.036667801439762115,0.45670533180236816,0.7571743726730347,-0.059424400329589844,0.51947021484375,0.7280663847923279,-0.08280927687883377,0.5575476288795471,0.6689780950546265,-0.1057487353682518,0.4560926556587219,0.5376392006874084,-0.012944076210260391,0.48363643884658813,0.4241594672203064,-0.04470812901854515,0.5060501098632812,0.37119901180267334,-0.07644779980182648,0.5307465195655823,0.3382524847984314,-0.09713371843099594,0.4098425805568695,0.5142631530761719,-0.017644966021180153,0.43922460079193115,0.3936235308647156,-0.047519925981760025,0.46303942799568176,0.35187819600105286,-0.07941653579473495,0.48536181449890137,0.3459842801094055,-0.10007698088884354,0.35819005966186523,0.513038158416748,-0.02924642339348793,0.38603439927101135,0.3986703157424927,-0.05329988896846771,0.4083026349544525,0.354070246219635,-0.07477222383022308,0.43304166197776794,0.3389592468738556,-0.08806858211755753,0.3007989525794983,0.5324692726135254,-0.0456099733710289,0.32359611988067627,0.4338539242744446,-0.06536107510328293,0.34507253766059875,0.3708534240722656,-0.07823378592729568,0.37080034613609314,0.3234395980834961,-0.08622606098651886,c
0.28559747338294983,0.8325381278991699,5.215392206991964e-07,0.37331217527389526,0.8034799098968506,-0.035684432834386826,0.45394253730773926,0.7547085285186768,-0.05754997208714485,0.515804648399353,0.7208818197250366,-0.08019401878118515,0.5588951110839844,0.6633104085922241,-0.10200954973697662,0.45119771361351013,0.5368805527687073,-0.01049325056374073,0.47886162996292114,0.4203717112541199,-0.04193759709596634,0.5020186901092529,0.36857321858406067,-0.07266441732645035,0.5293262004852295,0.33889445662498474,-0.09242948889732361,0.4058438241481781,0.5148499011993408,-0.015114516951143742,0.4343266189098358,0.39482343196868896,-0.04367150738835335,0.4603837728500366,0.35229766368865967,-0.07342417538166046,0.4885930120944977,0.3458530902862549,-0.0929730087518692,0.3555915355682373,0.5134580135345459,-0.027000349014997482,0.3835354149341583,0.40004584193229675,-0.05101602524518967,0.40715789794921875,0.3549819588661194,-0.07107771188020706,0.43582743406295776,0.3405524492263794,-0.08348267525434494,0.2995782196521759,0.531542956829071,-0.04358860105276108,0.321590781211853,0.43370264768600464,-0.06289640069007874,0.34194743633270264,0.37107861042022705,-0.0745592936873436,0.3674801290035248,0.32469305396080017,-0.08174311369657516,c
0.27991583943367004,0.8354600071907043,4.882789994553605e-07,0.37034085392951965,0.8002254366874695,-0.030885666608810425,0.4498341381549835,0.7460203170776367,-0.0498504601418972,0.5099185109138489,0.7068768739700317,-0.0705389678478241,0.5545117855072021,0.6487260460853577,-0.09016822278499603,0.4462922215461731,0.5391643643379211,-0.0047058784402906895,0.47324711084365845,0.42109912633895874,-0.035832084715366364,0.49767714738845825,0.36872875690460205,-0.06567443162202835,0.527122437953949,0.3387413024902344,-0.08469169586896896,0.4030146300792694,0.5176447629928589,-0.011486267670989037,0.43039369583129883,0.3985874056816101,-0.03897304832935333,0.45862311124801636,0.3559991121292114,-0.06612690538167953,0.4914548099040985,0.3470636010169983,-0.08413997292518616,0.3543441891670227,0.5159820914268494,-0.025703182443976402,0.38230401277542114,0.4040800929069519,-0.050244614481925964,0.4078671336174011,0.3569468855857849,-0.06825603544712067,0.4406982362270355,0.3398154079914093,-0.07911688089370728,0.2987656593322754,0.5327319502830505,-0.04432607442140579,0.3235001564025879,0.43535396456718445,-0.06392817199230194,0.34455204010009766,0.37071314454078674,-0.0742010772228241,0.37110844254493713,0.3220009505748749,-0.08034106343984604,c
0.2783701717853546,0.839594841003418,5.0656814210015e-07,0.3697601854801178,0.8019804954528809,-0.029884133487939835,0.44988495111465454,0.7432646751403809,-0.04785487428307533,0.510879397392273,0.7005399465560913,-0.06757881492376328,0.5540758967399597,0.635428786277771,-0.08627558499574661,0.4397919476032257,0.5368239879608154,-0.0034511075355112553,0.46815043687820435,0.4194489121437073,-0.03400289639830589,0.49408626556396484,0.3677019774913788,-0.06338541954755783,0.5262163281440735,0.33565908670425415,-0.0826520100235939,0.3984021544456482,0.5179203152656555,-0.011138154193758965,0.42725226283073425,0.3965320885181427,-0.03835516422986984,0.4580865800380707,0.3541087508201599,-0.06522467732429504,0.4947652518749237,0.34386107325553894,-0.08362460136413574,0.35088878870010376,0.5186468362808228,-0.026328491047024727,0.3810356557369232,0.4033600091934204,-0.051891423761844635,0.40951991081237793,0.3560730218887329,-0.06995242089033127,0.44574713706970215,0.338459849357605,-0.08108366280794144,0.2965564727783203,0.538625180721283,-0.045821137726306915,0.3245658278465271,0.4410291910171509,-0.06693308800458908,0.3472025692462921,0.3737684190273285,-0.07803451269865036,0.3743390440940857,0.322590708732605,-0.08510419726371765,c
0.27618205547332764,0.8463478088378906,5.254966595202859e-07,0.36989450454711914,0.8062326908111572,-0.02672816440463066,0.4519402086734772,0.7425700426101685,-0.04221481457352638,0.5143297910690308,0.6978546977043152,-0.05992910638451576,0.5577980279922485,0.6320405006408691,-0.07669767737388611,0.4333494007587433,0.5344045758247375,0.0016588263679295778,0.46172553300857544,0.41596323251724243,-0.026436615735292435,0.4902139902114868,0.3646581768989563,-0.054288193583488464,0.5252491235733032,0.330523282289505,-0.07282626628875732,0.3933485448360443,0.5176997780799866,-0.007010277360677719,0.4233859181404114,0.3965179920196533,-0.03140844777226448,0.45621055364608765,0.35350334644317627,-0.05628925561904907,0.4950506389141083,0.339442640542984,-0.07361996173858643,0.34690237045288086,0.5203768014907837,-0.023101914674043655,0.3795350193977356,0.4047762155532837,-0.04689285159111023,0.4090091288089752,0.3572339117527008,-0.06288669258356094,0.4456082582473755,0.3363911509513855,-0.07272842526435852,0.2938419580459595,0.5422791242599487,-0.04336947202682495,0.32432347536087036,0.4438124895095825,-0.06354349851608276,0.34776952862739563,0.3769703209400177,-0.0731806606054306,0.3751463294029236,0.3241911828517914,-0.07917021960020065,c
0.27665430307388306,0.8468722701072693,5.228753252595197e-07,0.37197116017341614,0.8053948879241943,-0.026601724326610565,0.4545016288757324,0.7428909540176392,-0.04248276725411415,0.5167971849441528,0.697685718536377,-0.06057963892817497,0.5595881938934326,0.631648063659668,-0.07786267250776291,0.4327715337276459,0.5354413986206055,-0.00031567076803185046,0.4615221619606018,0.41501379013061523,-0.02942601591348648,0.49033403396606445,0.3633769154548645,-0.0576636977493763,0.5251150727272034,0.3303813636302948,-0.0760159119963646,0.39267027378082275,0.5184204578399658,-0.009059157222509384,0.4227313697338104,0.3933315575122833,-0.03440456837415695,0.45580488443374634,0.34975841641426086,-0.059929024428129196,0.49380552768707275,0.336951345205307,-0.0774080753326416,0.34626221656799316,0.5214864611625671,-0.024981433525681496,0.3786056637763977,0.4032283425331116,-0.049351394176483154,0.40842506289482117,0.3555073142051697,-0.06617557257413864,0.4445120394229889,0.3354872167110443,-0.07635948807001114,0.2935303747653961,0.5439313650131226,-0.0448935441672802,0.32358622550964355,0.4436429440975189,-0.06523942947387695,0.3470574915409088,0.3766776919364929,-0.07511771470308304,0.3740130364894867,0.32470518350601196,-0.08111710846424103,c
0.27982664108276367,0.851742148399353,5.4850443120813e-07,0.37375617027282715,0.8087728023529053,-0.02763097919523716,0.4557693302631378,0.7437604665756226,-0.04435837268829346,0.5204367637634277,0.6960932016372681,-0.06377503275871277,0.5669556260108948,0.6299668550491333,-0.08201790601015091,0.4306677579879761,0.536358654499054,0.004386295098811388,0.45764851570129395,0.41674354672431946,-0.025193069130182266,0.48789703845977783,0.3633868396282196,-0.05460494011640549,0.523094892501831,0.3321174383163452,-0.07357713580131531,0.3924451172351837,0.5177464485168457,-0.004391820635646582,0.4232703745365143,0.39085474610328674,-0.031166620552539825,0.45802024006843567,0.347860723733902,-0.05873502790927887,0.49653974175453186,0.3406415283679962,-0.0769476443529129,0.3486608862876892,0.518000602722168,-0.02082117274403572,0.38221320509910583,0.3975754678249359,-0.045907340943813324,0.41484877467155457,0.3516658842563629,-0.06424012780189514,0.4529188573360443,0.3387354016304016,-0.07497836649417877,0.2992284595966339,0.5380882620811462,-0.041431933641433716,0.3294401168823242,0.43864142894744873,-0.0611804723739624,0.3531878590583801,0.37133318185806274,-0.07133208215236664,0.3799273669719696,0.3230697512626648,-0.07748699188232422,c
0.28578847646713257,0.8638615012168884,5.580995434684155e-07,0.3818131983280182,0.8155597448348999,-0.024714261293411255,0.46708402037620544,0.7454138994216919,-0.04031163454055786,0.5331264138221741,0.6974673271179199,-0.05931577458977699,0.5794110894203186,0.6309096217155457,-0.0772862434387207,0.4304908514022827,0.5371769666671753,0.008249971084296703,0.4552900791168213,0.4168686270713806,-0.021640198305249214,0.4867051839828491,0.36469709873199463,-0.05176413804292679,0.5230526328086853,0.3356480300426483,-0.07119520753622055,0.39194443821907043,0.5218895673751831,-0.0025731457863003016,0.4204404950141907,0.39165472984313965,-0.029461735859513283,0.45731621980667114,0.348504900932312,-0.05756538361310959,0.4983862042427063,0.3423788249492645,-0.07618215680122375,0.34841108322143555,0.5251851677894592,-0.021059872582554817,0.3788287341594696,0.4004608392715454,-0.04628267511725426,0.41208600997924805,0.35315996408462524,-0.06469009071588516,0.45154231786727905,0.33926722407341003,-0.07558964937925339,0.29988691210746765,0.5494702458381653,-0.04361969232559204,0.3283612132072449,0.4491683840751648,-0.06430726498365402,0.35278186202049255,0.3826143741607666,-0.07509294897317886,0.38081327080726624,0.33501261472702026,-0.08157709240913391,c
0.29316872358322144,0.8662744760513306,5.767671495959803e-07,0.39281582832336426,0.8148096799850464,-0.024763114750385284,0.4769514799118042,0.7470062971115112,-0.04151702672243118,0.5447250008583069,0.6993027925491333,-0.06189718842506409,0.594448983669281,0.6356529593467712,-0.08179473131895065,0.4343298375606537,0.5400687456130981,0.007500326726585627,0.45866671204566956,0.4180243909358978,-0.02328062430024147,0.49081695079803467,0.370050847530365,-0.0541435107588768,0.5275838375091553,0.34219104051589966,-0.07407461851835251,0.3971756100654602,0.526257336139679,-0.003503931686282158,0.4274638295173645,0.3959939479827881,-0.030884020030498505,0.4674138128757477,0.35301458835601807,-0.059735994786024094,0.5098658800125122,0.3426189422607422,-0.07914154976606369,0.35409945249557495,0.530215322971344,-0.02216433361172676,0.3866046369075775,0.4059610366821289,-0.047951266169548035,0.42217203974723816,0.3592672646045685,-0.0662732645869255,0.46218055486679077,0.3415049910545349,-0.07711928337812424,0.3058456480503082,0.5537161827087402,-0.044799722731113434,0.33452457189559937,0.45280778408050537,-0.0650104284286499,0.35961902141571045,0.3870229721069336,-0.07453012466430664,0.38754719495773315,0.33667564392089844,-0.08018597215414047,c
0.29804372787475586,0.869600772857666,5.986996711726533e-07,0.4024808406829834,0.8165735602378845,-0.02433723956346512,0.4911826550960541,0.7489281892776489,-0.03892677649855614,0.5591432452201843,0.7022010684013367,-0.05748314410448074,0.604575514793396,0.6370226740837097,-0.075499027967453,0.43894824385643005,0.5415235161781311,0.013329679146409035,0.46214723587036133,0.41953587532043457,-0.017864149063825607,0.49626290798187256,0.37159672379493713,-0.04991263151168823,0.5345221757888794,0.3466019034385681,-0.07029607146978378,0.4005523920059204,0.5283205509185791,0.002298979787155986,0.4290159046649933,0.39749038219451904,-0.026331862434744835,0.47050514817237854,0.35340481996536255,-0.057570941746234894,0.5136024951934814,0.3455384075641632,-0.07803155481815338,0.35776036977767944,0.5327962636947632,-0.016757875680923462,0.38825640082359314,0.40691983699798584,-0.04448321834206581,0.42543017864227295,0.35931169986724854,-0.06491673737764359,0.46587392687797546,0.34487012028694153,-0.07607998698949814,0.31116384267807007,0.5567308068275452,-0.03980393335223198,0.33904606103897095,0.4551917314529419,-0.061932653188705444,0.3661218583583832,0.39055681228637695,-0.07299911230802536,0.3966224193572998,0.3448842763900757,-0.07899569720029831,c
0.30249351263046265,0.868369460105896,6.253885089790856e-07,0.40870368480682373,0.8168432116508484,-0.02462531439960003,0.4984268844127655,0.7487221956253052,-0.040020301938056946,0.5686095356941223,0.7015351057052612,-0.05950362607836723,0.6174474358558655,0.6379704475402832,-0.07860882580280304,0.4443817436695099,0.5373783111572266,0.012960704043507576,0.4694048762321472,0.4190887212753296,-0.018068676814436913,0.5042375922203064,0.37445178627967834,-0.050241418182849884,0.5430025458335876,0.350260853767395,-0.07121073454618454,0.40553754568099976,0.5242735147476196,0.001766547211445868,0.4358014762401581,0.3974892497062683,-0.026561399921774864,0.47863608598709106,0.3553564250469208,-0.05733182653784752,0.5235999226570129,0.346603661775589,-0.07787315547466278,0.36220887303352356,0.5295112729072571,-0.017409920692443848,0.3932845890522003,0.4061693549156189,-0.045249566435813904,0.4326570928096771,0.36334890127182007,-0.06439225375652313,0.47529590129852295,0.35364285111427307,-0.07474817335605621,0.31471920013427734,0.5547038912773132,-0.04070226103067398,0.3414856791496277,0.454701691865921,-0.06324132531881332,0.3704375922679901,0.3934858441352844,-0.07388758659362793,0.4032937288284302,0.35266149044036865,-0.07947850972414017,c
0.30844247341156006,0.8661174774169922,6.123013918113429e-07,0.41514137387275696,0.8164900541305542,-0.023237092420458794,0.5068048238754272,0.7490215301513672,-0.037151385098695755,0.5777768492698669,0.7025139927864075,-0.055170007050037384,0.6240419149398804,0.6363149285316467,-0.07277466356754303,0.4496004581451416,0.5393350124359131,0.014587365090847015,0.475525826215744,0.4225285053253174,-0.014936565421521664,0.5100416541099548,0.37550124526023865,-0.04595199227333069,0.5483630299568176,0.3498343527317047,-0.06613118946552277,0.40986698865890503,0.5250028371810913,0.003262405749410391,0.43889158964157104,0.39563488960266113,-0.024747222661972046,0.4802566170692444,0.35437124967575073,-0.055749665945768356,0.5238567590713501,0.3501068949699402,-0.07623385637998581,0.3672023415565491,0.5294672846794128,-0.01573214866220951,0.39594995975494385,0.403622567653656,-0.043720394372940063,0.43649590015411377,0.3628374934196472,-0.06390100717544556,0.4808926582336426,0.3588796854019165,-0.07476092129945755,0.32185542583465576,0.5541755557060242,-0.03854169696569443,0.3478967547416687,0.4537852704524994,-0.06113070622086525,0.37878653407096863,0.39426249265670776,-0.07234533876180649,0.4149819016456604,0.3586457669734955,-0.07839109003543854,c
0.3162073791027069,0.8656433820724487,6.10632298503333e-07,0.4256416857242584,0.8153585195541382,-0.018648555502295494,0.5157530307769775,0.7436188459396362,-0.03143365681171417,0.5890676975250244,0.6961809396743774,-0.049351830035448074,0.6431711912155151,0.6333611607551575,-0.06732667982578278,0.45501509308815,0.536845326423645,0.019683504477143288,0.47937673330307007,0.42162567377090454,-0.007468563970178366,0.5142744779586792,0.3781871199607849,-0.0369788333773613,0.5546903610229492,0.35120758414268494,-0.057303689420223236,0.41750118136405945,0.5253922343254089,0.005509157665073872,0.44696009159088135,0.40111255645751953,-0.018607718870043755,0.49011674523353577,0.35863223671913147,-0.045934006571769714,0.5376429557800293,0.3443414270877838,-0.06541751325130463,0.37690478563308716,0.531732976436615,-0.016517892479896545,0.4060124456882477,0.4078429639339447,-0.04159671440720558,0.44666093587875366,0.361670583486557,-0.057585131376981735,0.4927009046077728,0.34519240260124207,-0.06702496111392975,0.33454352617263794,0.5564426779747009,-0.042456500232219696,0.36184826493263245,0.45643168687820435,-0.063369020819664,0.39588865637779236,0.39862754940986633,-0.07231887429952621,0.4361128509044647,0.35887569189071655,-0.07749629765748978,c
0.32080966234207153,0.8637732267379761,6.214550580807554e-07,0.4283244013786316,0.8126112818717957,-0.017461344599723816,0.5163254141807556,0.7385407090187073,-0.030059322714805603,0.5892015695571899,0.6909027695655823,-0.04784044623374939,0.645160973072052,0.6322876811027527,-0.06577468663454056,0.45705482363700867,0.5358808636665344,0.017016585916280746,0.4809597432613373,0.41786983609199524,-0.010776722803711891,0.5171509385108948,0.37510937452316284,-0.03930867090821266,0.5577939748764038,0.35033565759658813,-0.05821223184466362,0.4194627106189728,0.5259239673614502,0.002379119861871004,0.4488348364830017,0.4001486301422119,-0.022535009309649467,0.49378687143325806,0.3580683469772339,-0.04875587671995163,0.5416901111602783,0.3453252613544464,-0.06662187725305557,0.37894102931022644,0.5340213179588318,-0.0198258925229311,0.4075172245502472,0.40862584114074707,-0.04566410183906555,0.4501284956932068,0.36244484782218933,-0.06109759956598282,0.49769043922424316,0.34840306639671326,-0.06930811703205109,0.3356832265853882,0.5601107478141785,-0.04568519443273544,0.361147940158844,0.45800891518592834,-0.06686755269765854,0.39540645480155945,0.3987715244293213,-0.07545758038759232,0.43586277961730957,0.36074012517929077,-0.07975146174430847,c
0.3235762119293213,0.8596128225326538,6.622520345445082e-07,0.433085560798645,0.8100175857543945,-0.01737968437373638,0.5218942761421204,0.7387732267379761,-0.03057495690882206,0.594309389591217,0.6913864016532898,-0.04948196932673454,0.6490334272384644,0.6271987557411194,-0.06876934319734573,0.4617133140563965,0.5338355302810669,0.020194685086607933,0.48777490854263306,0.41839033365249634,-0.007239028345793486,0.5247980952262878,0.37621164321899414,-0.036696720868349075,0.5665051937103271,0.3509039580821991,-0.056868597865104675,0.42420849204063416,0.5228457450866699,0.00473488075658679,0.4547082781791687,0.3982086777687073,-0.02026784047484398,0.5007804036140442,0.35621169209480286,-0.04848647862672806,0.5498136281967163,0.3441150486469269,-0.06825309991836548,0.38368523120880127,0.530806303024292,-0.018427394330501556,0.41193872690200806,0.40520715713500977,-0.04477441683411598,0.4548793435096741,0.36093658208847046,-0.06165902316570282,0.5021376609802246,0.34882277250289917,-0.07122768461704254,0.34200286865234375,0.557863175868988,-0.04526441916823387,0.36879101395606995,0.4574298560619354,-0.0677892416715622,0.40339577198028564,0.39942991733551025,-0.07775995135307312,0.4435611367225647,0.3620087206363678,-0.0833202674984932,c
0.33212459087371826,0.8572139143943787,6.405047088264837e-07,0.43979495763778687,0.8073443174362183,-0.016760431230068207,0.5274167656898499,0.732830286026001,-0.02983957715332508,0.5997490286827087,0.6856235265731812,-0.04848062992095947,0.6563006639480591,0.6269221901893616,-0.0676339864730835,0.467521995306015,0.5290926694869995,0.01620751991868019,0.49371007084846497,0.4121605157852173,-0.013265197165310383,0.5317962765693665,0.3735578954219818,-0.04326493293046951,0.5738193988800049,0.35460537672042847,-0.06322775781154633,0.4301709234714508,0.5201599597930908,0.0005971989594399929,0.46087199449539185,0.3911905884742737,-0.02770993858575821,0.5079691410064697,0.35320165753364563,-0.05747843161225319,0.557121753692627,0.34855303168296814,-0.07735058665275574,0.38982972502708435,0.5304446816444397,-0.022280769422650337,0.417589396238327,0.40044867992401123,-0.05193411558866501,0.46308091282844543,0.35938388109207153,-0.07136999815702438,0.5120793581008911,0.35486990213394165,-0.08167947828769684,0.3476478159427643,0.5597025156021118,-0.04831218719482422,0.37430569529533386,0.4581040143966675,-0.0737144723534584,0.4111455976963043,0.401528537273407,-0.08593887835741043,0.45335060358047485,0.36870336532592773,-0.09240974485874176,c
0.3345119059085846,0.855309784412384,5.978772037451563e-07,0.44335371255874634,0.8022560477256775,-0.012095827609300613,0.5313519239425659,0.7294186353683472,-0.024020764976739883,0.6046977043151855,0.6821905970573425,-0.042582593858242035,0.6610537171363831,0.6222918033599854,-0.06151539459824562,0.469937264919281,0.5274787545204163,0.021421058103442192,0.49566900730133057,0.41047948598861694,-0.006195311900228262,0.535899817943573,0.3752630949020386,-0.03509366884827614,0.5787030458450317,0.3601895272731781,-0.054194193333387375,0.43351826071739197,0.518257737159729,0.0034147913102060556,0.46463730931282043,0.38493531942367554,-0.02468368224799633,0.5154280662536621,0.3519916832447052,-0.05455802008509636,0.5647917985916138,0.356946736574173,-0.0738457664847374,0.3950299322605133,0.5271208882331848,-0.021417660638689995,0.4210093021392822,0.39138737320899963,-0.05007734149694443,0.4727737009525299,0.3551771342754364,-0.0700167864561081,0.5258445143699646,0.3599582612514496,-0.08032120764255524,0.356507807970047,0.5533806085586548,-0.04900888726115227,0.3816058039665222,0.44578397274017334,-0.07316392660140991,0.4222121238708496,0.3917703628540039,-0.0851895660161972,0.4674258232116699,0.368280291557312,-0.09126480668783188,c
0.33686184883117676,0.8559768795967102,6.143194468677393e-07,0.44515207409858704,0.8036636114120483,-0.011296870186924934,0.534076988697052,0.7295202016830444,-0.024267653003335,0.6078571677207947,0.6842255592346191,-0.04407930374145508,0.6626317501068115,0.6263262033462524,-0.06397033482789993,0.47329235076904297,0.5219279527664185,0.016065474599599838,0.49787619709968567,0.40197867155075073,-0.014143059030175209,0.541229248046875,0.3713429868221283,-0.044497888535261154,0.5856370329856873,0.3663046956062317,-0.06406652927398682,0.4362519383430481,0.5151194334030151,-0.0031679931562393904,0.4668525457382202,0.3761734366416931,-0.03374279662966728,0.5221561789512634,0.34942129254341125,-0.06467782706022263,0.5728731751441956,0.36747437715530396,-0.08413363993167877,0.39809495210647583,0.528944194316864,-0.028728852048516273,0.42181718349456787,0.387766033411026,-0.05922630429267883,0.47706833481788635,0.3581639528274536,-0.08010612428188324,0.5315548181533813,0.37442129850387573,-0.09075959026813507,0.36114436388015747,0.5634356141090393,-0.05680026113986969,0.38830170035362244,0.4580431580543518,-0.08283358067274094,0.4308120608329773,0.4051705002784729,-0.09608808904886246,0.47599318623542786,0.3859848380088806,-0.1027543917298317,c
0.3382938504219055,0.8585761785507202,5.78332617351407e-07,0.44664984941482544,0.803021252155304,-0.009420839138329029,0.5342038869857788,0.729041576385498,-0.023186903446912766,0.6063052415847778,0.6865800619125366,-0.04432312399148941,0.6639960408210754,0.6365113854408264,-0.06561988592147827,0.4740341901779175,0.5190111398696899,0.015380716882646084,0.5018142461776733,0.39636099338531494,-0.016498614102602005,0.5472796559333801,0.37433338165283203,-0.04822988063097,0.5910215377807617,0.38116931915283203,-0.06857051700353622,0.43654775619506836,0.5160270929336548,-0.004964450839906931,0.46893396973609924,0.37574082612991333,-0.037219736725091934,0.5259758234024048,0.3565073609352112,-0.06986795365810394,0.5756518840789795,0.3828882575035095,-0.0904720202088356,0.39833706617355347,0.5324764847755432,-0.03132355958223343,0.42257988452911377,0.3887656331062317,-0.062135305255651474,0.47653740644454956,0.36245912313461304,-0.08411717414855957,0.5281022787094116,0.3819177448749542,-0.09592262655496597,0.36161383986473083,0.569610059261322,-0.060029372572898865,0.388746976852417,0.4675753116607666,-0.08638519793748856,0.4304500222206116,0.41547197103500366,-0.10080709308385849,0.47428029775619507,0.3961980938911438,-0.10855120420455933,c
0.3401411175727844,0.8587919473648071,5.404892249316617e-07,0.45012056827545166,0.8026968240737915,-0.00615403987467289,0.5376574397087097,0.7317166328430176,-0.019131455570459366,0.6098245978355408,0.69178307056427,-0.04054291918873787,0.6654191017150879,0.6410929560661316,-0.06283850222826004,0.48010048270225525,0.5217285752296448,0.019360726699233055,0.5085523724555969,0.40375226736068726,-0.011274667456746101,0.5538753271102905,0.38054293394088745,-0.043182067573070526,0.5969250202178955,0.38436439633369446,-0.06417133659124374,0.44375208020210266,0.5167214870452881,-0.0032791343983262777,0.4769543409347534,0.3773042857646942,-0.036145806312561035,0.5333942770957947,0.3618435263633728,-0.0714539960026741,0.5812594294548035,0.3915337324142456,-0.09394616633653641,0.40588754415512085,0.531071662902832,-0.031391456723213196,0.4289514720439911,0.3866423964500427,-0.06240198388695717,0.48270905017852783,0.36542046070098877,-0.08701661974191666,0.5327520966529846,0.39122581481933594,-0.10060620307922363,0.36961179971694946,0.5658664107322693,-0.06149051710963249,0.3955739736557007,0.4581250548362732,-0.08789990842342377,0.4403049349784851,0.410714328289032,-0.10367649048566818,0.4868147671222687,0.3998139500617981,-0.1126188263297081,c
0.3457733392715454,0.8585803508758545,5.061726824351354e-07,0.4552982449531555,0.8036826848983765,-0.007732545956969261,0.5445964336395264,0.7322086095809937,-0.020816287025809288,0.6148978471755981,0.6917026042938232,-0.04139914736151695,0.6676668524742126,0.6426008343696594,-0.06229133531451225,0.48535189032554626,0.5242488980293274,0.010378691367805004,0.5151025652885437,0.3991885185241699,-0.025367313995957375,0.5602774620056152,0.3809738755226135,-0.05828489735722542,0.6010239124298096,0.3993171155452728,-0.07792210578918457,0.44793349504470825,0.5201473236083984,-0.010454612784087658,0.4821266829967499,0.3733864426612854,-0.048474524170160294,0.5380646586418152,0.3633500635623932,-0.08410721272230148,0.5827080607414246,0.4029010832309723,-0.10467751324176788,0.40930792689323425,0.5360020399093628,-0.03648752346634865,0.43032488226890564,0.3873327970504761,-0.07114576548337936,0.4835149347782135,0.3673809766769409,-0.09633439034223557,0.5311183929443359,0.3977718949317932,-0.10863371938467026,0.37148988246917725,0.5728816390037537,-0.06426669657230377,0.39546626806259155,0.46612781286239624,-0.09374696016311646,0.44025248289108276,0.41797715425491333,-0.11142787337303162,0.48653072118759155,0.4079652428627014,-0.12052021920681,c
0.34170693159103394,0.8571282625198364,5.224110850576835e-07,0.4505971372127533,0.803866982460022,-0.010336169973015785,0.5420439839363098,0.7325796484947205,-0.025674112141132355,0.6145123243331909,0.6918313503265381,-0.048323892056941986,0.6696689128875732,0.639266848564148,-0.07124444097280502,0.4837350845336914,0.5251076817512512,0.008729438297450542,0.5150827169418335,0.3987354338169098,-0.026860980316996574,0.5622754096984863,0.38120752573013306,-0.06057984381914139,0.6035529971122742,0.40036773681640625,-0.08093845099210739,0.4468340575695038,0.5207083225250244,-0.011249609291553497,0.4818696975708008,0.369800329208374,-0.04832072928547859,0.539678692817688,0.3625650405883789,-0.08553627878427505,0.5838720202445984,0.4061863422393799,-0.10773459076881409,0.4089876413345337,0.5352609157562256,-0.036401621997356415,0.433186411857605,0.3856661021709442,-0.070334292948246,0.49080049991607666,0.3710542321205139,-0.09722712635993958,0.5393526554107666,0.40786147117614746,-0.11107823252677917,0.37256675958633423,0.5694669485092163,-0.06344884634017944,0.4002007842063904,0.46300262212753296,-0.0924098864197731,0.44843167066574097,0.42415177822113037,-0.1102873831987381,0.4956303536891937,0.42486870288848877,-0.11955209076404572,c
0.3404409885406494,0.8605363368988037,5.101384772387973e-07,0.45163479447364807,0.8045682311058044,-0.00881750788539648,0.5441829562187195,0.734255313873291,-0.02501441165804863,0.6157893538475037,0.6950371265411377,-0.048910725861787796,0.6708555221557617,0.6426368951797485,-0.07338041812181473,0.4865301847457886,0.5260127782821655,0.007043824996799231,0.5189749598503113,0.400618314743042,-0.030261578038334846,0.567518949508667,0.38434451818466187,-0.06508692353963852,0.6101799607276917,0.40333569049835205,-0.08634161204099655,0.4496438503265381,0.5232480764389038,-0.014828212559223175,0.4846104085445404,0.37340521812438965,-0.05428176373243332,0.544248640537262,0.368965208530426,-0.09236449748277664,0.5901943445205688,0.4128694534301758,-0.11523663252592087,0.41110482811927795,0.5392948985099792,-0.0417451336979866,0.43580612540245056,0.3898741602897644,-0.07789452373981476,0.49535179138183594,0.3790055215358734,-0.10529099404811859,0.5453600287437439,0.41741251945495605,-0.11952148377895355,0.37351176142692566,0.5750858783721924,-0.07037808001041412,0.4003418982028961,0.46738794445991516,-0.10105088353157043,0.4506351947784424,0.43026915192604065,-0.11966440081596375,0.49985745549201965,0.43122535943984985,-0.1296653151512146,c
0.3395225405693054,0.8617563247680664,4.835380309486936e-07,0.4512232542037964,0.807262659072876,-0.005194985773414373,0.5441132187843323,0.7365529537200928,-0.018529243767261505,0.6165302991867065,0.6964069604873657,-0.0403837189078331,0.6724737882614136,0.6455779671669006,-0.0622481144964695,0.4873230755329132,0.5280937552452087,0.014588110148906708,0.5193206667900085,0.3994978368282318,-0.02066768705844879,0.5682308673858643,0.38532543182373047,-0.053810469806194305,0.6099051833152771,0.40770745277404785,-0.07379192858934402,0.4510917663574219,0.5246319770812988,-0.0083931190893054,0.48763856291770935,0.373850554227829,-0.0467166043817997,0.5486661791801453,0.3723433315753937,-0.08376478403806686,0.5934845805168152,0.4193640947341919,-0.105559803545475,0.41316041350364685,0.5378450155258179,-0.03654467687010765,0.4405640959739685,0.38790279626846313,-0.0716986358165741,0.5022984743118286,0.38052693009376526,-0.09806831926107407,0.5518515706062317,0.42259716987609863,-0.11129089444875717,0.37645429372787476,0.5687297582626343,-0.06622449308633804,0.40602225065231323,0.46140867471694946,-0.09598518908023834,0.4572158753871918,0.42710980772972107,-0.11400483548641205,0.505571186542511,0.431821346282959,-0.12340519577264786,c
0.34115225076675415,0.863262414932251,4.885874318460992e-07,0.45298054814338684,0.8072272539138794,-0.008230806328356266,0.5442485213279724,0.7386671900749207,-0.02431436814367771,0.6152563691139221,0.6998341679573059,-0.04834166169166565,0.670226514339447,0.6486350893974304,-0.07262985408306122,0.49078992009162903,0.5314472317695618,0.007151276804506779,0.5232206583023071,0.40414148569107056,-0.030737100169062614,0.5717531442642212,0.3911879062652588,-0.06543010473251343,0.6135762929916382,0.4128188490867615,-0.08623842149972916,0.4532807469367981,0.5276831984519958,-0.014591149054467678,0.4873000979423523,0.3778776228427887,-0.05422927439212799,0.547364354133606,0.3770168721675873,-0.09090742468833923,0.5928516983985901,0.42196691036224365,-0.1125040203332901,0.41426771879196167,0.5426328182220459,-0.041461650282144547,0.4381603002548218,0.391986608505249,-0.07752600312232971,0.49891412258148193,0.38342005014419556,-0.103005051612854,0.5495579838752747,0.4226093292236328,-0.11560339480638504,0.3769822418689728,0.5767796635627747,-0.07007710635662079,0.4038766026496887,0.4682242274284363,-0.09991945326328278,0.4550132751464844,0.4344102144241333,-0.11679791659116745,0.5043232440948486,0.43839991092681885,-0.12533853948116302,c
0.34075284004211426,0.862931489944458,4.892106062470702e-07,0.45291075110435486,0.806784451007843,-0.007544018793851137,0.5440911650657654,0.73918616771698,-0.02345525659620762,0.6156086921691895,0.7008264660835266,-0.04731689766049385,0.671302318572998,0.6490999460220337,-0.07116536051034927,0.48995307087898254,0.5331931114196777,0.00841347686946392,0.5204620957374573,0.40467023849487305,-0.028462201356887817,0.5686088800430298,0.393422394990921,-0.0621197335422039,0.6100139021873474,0.4165704548358917,-0.08223982155323029,0.45230722427368164,0.5300073027610779,-0.013476862572133541,0.4848710596561432,0.37886351346969604,-0.0520387664437294,0.5446234941482544,0.37904614210128784,-0.08731914311647415,0.5897418856620789,0.424729585647583,-0.10803243517875671,0.4134681820869446,0.5448486804962158,-0.040543921291828156,0.4385237693786621,0.39350834488868713,-0.0760580375790596,0.4997765123844147,0.38603973388671875,-0.1002768874168396,0.5504583716392517,0.4259505867958069,-0.11197826266288757,0.37640851736068726,0.5786100029945374,-0.06930746883153915,0.4051440358161926,0.47182661294937134,-0.09896284341812134,0.456788033246994,0.44036656618118286,-0.11508240550756454,0.505643904209137,0.4466884434223175,-0.12287887930870056,c
0.3448541462421417,0.8611745834350586,5.011801818000094e-07,0.452587753534317,0.8078356981277466,-0.009693626314401627,0.5427768230438232,0.7383516430854797,-0.026392530649900436,0.6147458553314209,0.6990888118743896,-0.05017117038369179,0.6707454919815063,0.648842990398407,-0.07365565001964569,0.48857632279396057,0.5345041155815125,0.000530606193933636,0.5195324420928955,0.4021373987197876,-0.03882746770977974,0.56959068775177,0.3937718868255615,-0.0722116231918335,0.6119989156723022,0.41999608278274536,-0.09135488420724869,0.4516870379447937,0.5302673578262329,-0.019989442080259323,0.48502951860427856,0.3756175637245178,-0.06107551231980324,0.5474122166633606,0.3773791193962097,-0.0953887552022934,0.5923557877540588,0.42456692457199097,-0.11445964127779007,0.413177490234375,0.544492244720459,-0.045463088899850845,0.4385276436805725,0.39103394746780396,-0.08290146291255951,0.5023426413536072,0.38503342866897583,-0.10607218742370605,0.552970290184021,0.4255589544773102,-0.11611925065517426,0.3757852017879486,0.5773553848266602,-0.07261248677968979,0.40392592549324036,0.4697182774543762,-0.1037774309515953,0.4573575258255005,0.43641191720962524,-0.12016201764345169,0.5070810914039612,0.4405342936515808,-0.1275007277727127,c
0.3391627073287964,0.8566378355026245,5.305993795445829e-07,0.44621139764785767,0.8053269982337952,-0.012191270478069782,0.5394722819328308,0.7405778169631958,-0.030039038509130478,0.6120747327804565,0.7040994167327881,-0.05481654778122902,0.6685374975204468,0.6551012992858887,-0.07963867485523224,0.48987436294555664,0.5352468490600586,0.0031880352180451155,0.5236993432044983,0.4082948565483093,-0.03300320729613304,0.5725769996643066,0.3981062173843384,-0.06575024127960205,0.6144983172416687,0.4195899963378906,-0.08541720360517502,0.4520857334136963,0.5283725261688232,-0.015932267531752586,0.48726680874824524,0.3789331316947937,-0.05344870314002037,0.5475111603736877,0.3791370987892151,-0.08745373040437698,0.5913859605789185,0.4248237609863281,-0.10715653002262115,0.41226664185523987,0.539800763130188,-0.04018399491906166,0.43912091851234436,0.3885321617126465,-0.0752519890666008,0.5008252859115601,0.3827400803565979,-0.09825821220874786,0.5501380562782288,0.42318737506866455,-0.10874805599451065,0.37364235520362854,0.5698762536048889,-0.06644117087125778,0.4056469202041626,0.4627349376678467,-0.09638981521129608,0.4591367840766907,0.43630409240722656,-0.1115756630897522,0.507228434085846,0.44794952869415283,-0.11811869591474533,c
0.33932262659072876,0.8541805744171143,5.4824346307214e-07,0.4444965720176697,0.8073065876960754,-0.015252168290317059,0.5368311405181885,0.744909942150116,-0.034727878868579865,0.6088047623634338,0.7104886174201965,-0.06044578552246094,0.6659148931503296,0.66157466173172,-0.08607877045869827,0.4886685907840729,0.53954017162323,-0.0021005584858357906,0.5240373015403748,0.4082755744457245,-0.040833231061697006,0.5739778280258179,0.39977455139160156,-0.07497503608465195,0.6145749688148499,0.4251635670661926,-0.09470110386610031,0.45137616991996765,0.5315905809402466,-0.01956167072057724,0.4879041314125061,0.3777686357498169,-0.05871305614709854,0.5480446219444275,0.38005369901657104,-0.09404605627059937,0.5887517929077148,0.4300821125507355,-0.11417534947395325,0.41136980056762695,0.5413059592247009,-0.04210090637207031,0.43873921036720276,0.3897963762283325,-0.0773506686091423,0.5000719428062439,0.3843262791633606,-0.10090178996324539,0.5462983250617981,0.42699748277664185,-0.11155780404806137,0.3709738254547119,0.5691428184509277,-0.06679023057222366,0.40110644698143005,0.46264123916625977,-0.09664958715438843,0.4541880488395691,0.4358260929584503,-0.1120748221874237,0.50052809715271,0.4484133720397949,-0.11857274919748306,c
0.3358871340751648,0.8483543395996094,5.311472932589822e-07,0.44142642617225647,0.8047912120819092,-0.016313651576638222,0.535556972026825,0.7495160102844238,-0.03504152595996857,0.6077675819396973,0.7178943157196045,-0.059871092438697815,0.6587475538253784,0.6641861796379089,-0.08429636061191559,0.4893440306186676,0.5426203012466431,0.0015728548169136047,0.5220255851745605,0.41197624802589417,-0.03665175661444664,0.5711422562599182,0.4022318422794342,-0.0709703341126442,0.608803391456604,0.4284002184867859,-0.08945240825414658,0.452982097864151,0.5306374430656433,-0.013983795419335365,0.4882715344429016,0.3800060749053955,-0.05093264579772949,0.5464468598365784,0.3805082440376282,-0.08413892984390259,0.5827258229255676,0.4321627914905548,-0.10179509967565536,0.41280269622802734,0.5341408848762512,-0.03497142344713211,0.4422680139541626,0.3877544105052948,-0.06746374070644379,0.5002639293670654,0.3861035704612732,-0.08671969175338745,0.5403505563735962,0.43296369910240173,-0.09335281699895859,0.3713645935058594,0.5547705888748169,-0.05856506526470184,0.4040232002735138,0.4471442699432373,-0.08572475612163544,0.45534953474998474,0.42579030990600586,-0.09665298461914062,0.4970560073852539,0.4449749290943146,-0.09864787757396698,c
0.32471156120300293,0.8383111953735352,5.912910978622676e-07,0.43266430497169495,0.800760805606842,-0.018944090232253075,0.5276495218276978,0.7572309970855713,-0.039222992956638336,0.6009481549263,0.7327864170074463,-0.06499986350536346,0.6507519483566284,0.6795680522918701,-0.09131962060928345,0.48723673820495605,0.5453236699104309,-0.0014134077355265617,0.5296264886856079,0.4220340847969055,-0.039540790021419525,0.5781272053718567,0.4114956259727478,-0.07527589797973633,0.6163758635520935,0.4324534833431244,-0.09552016109228134,0.4504561722278595,0.5307623744010925,-0.015529781579971313,0.49525079131126404,0.3875192701816559,-0.052483413368463516,0.5515748858451843,0.3872862756252289,-0.0878087505698204,0.5895061492919922,0.43476101756095886,-0.10815541446208954,0.4082162380218506,0.5307395458221436,-0.03494366258382797,0.447924941778183,0.39353638887405396,-0.06596200913190842,0.5031499266624451,0.39014413952827454,-0.08672650158405304,0.5424738526344299,0.4327399730682373,-0.09574573487043381,0.36115938425064087,0.5473344326019287,-0.057218972593545914,0.39839446544647217,0.4406787157058716,-0.08276587724685669,0.44968685507774353,0.41831329464912415,-0.0937168151140213,0.4926426410675049,0.4359629452228546,-0.09674036502838135,c
0.31254351139068604,0.8336466550827026,6.346845111693256e-07,0.4242241084575653,0.8015955686569214,-0.023018909618258476,0.5196653604507446,0.7668749094009399,-0.0452667772769928,0.5916799902915955,0.744796872138977,-0.07224179059267044,0.6439837217330933,0.6960855722427368,-0.10052251815795898,0.48518601059913635,0.5591142773628235,-0.007051933091133833,0.5320593118667603,0.44230544567108154,-0.04811634495854378,0.5806512832641602,0.4288123846054077,-0.08673140406608582,0.6201350688934326,0.4478474259376526,-0.10925840586423874,0.4469604790210724,0.5397947430610657,-0.019793525338172913,0.5025540590286255,0.4083682894706726,-0.059131868183612823,0.5539278984069824,0.403229296207428,-0.09791062772274017,0.5913020968437195,0.4458041787147522,-0.12161009758710861,0.40152350068092346,0.5346226692199707,-0.03807597607374191,0.45144736766815186,0.40879103541374207,-0.07054963707923889,0.4991641640663147,0.3968566656112671,-0.09499973058700562,0.5354132652282715,0.43137097358703613,-0.10796359926462173,0.34909874200820923,0.5454903244972229,-0.05937914177775383,0.39315202832221985,0.4467617869377136,-0.08540785312652588,0.4414060711860657,0.4166279435157776,-0.09849993884563446,0.48416054248809814,0.42455095052719116,-0.10433617234230042,c
0.30804988741874695,0.8240591287612915,6.606738907066756e-07,0.41611212491989136,0.7991854548454285,-0.027137158438563347,0.5132207274436951,0.7704145312309265,-0.04893403872847557,0.5864362716674805,0.7495428323745728,-0.07370475679636002,0.6356765031814575,0.6982614994049072,-0.09892722219228745,0.4833378791809082,0.5603519678115845,-0.008962152525782585,0.5302694439888,0.44891273975372314,-0.0486227422952652,0.5765253305435181,0.43457603454589844,-0.08581149578094482,0.6149587631225586,0.4491678476333618,-0.10750741511583328,0.44360512495040894,0.5371754765510559,-0.01813204027712345,0.4987902343273163,0.409399151802063,-0.05568096041679382,0.5471835136413574,0.40352874994277954,-0.09121683984994888,0.5824567079544067,0.44257795810699463,-0.11232887208461761,0.3973162770271301,0.5293915867805481,-0.033222682774066925,0.4470822811126709,0.40781038999557495,-0.06404825299978256,0.4939586818218231,0.3941195607185364,-0.08517525345087051,0.5316144227981567,0.42395275831222534,-0.09567811340093613,0.34426045417785645,0.5376213192939758,-0.0518498532474041,0.3880497217178345,0.4473472833633423,-0.07669133692979813,0.43356573581695557,0.4167831540107727,-0.08807375282049179,0.4749610722064972,0.4196077585220337,-0.09240338206291199,c
0.30564945936203003,0.8182439804077148,6.372390544129303e-07,0.4094279408454895,0.7995241284370422,-0.03129976615309715,0.5061055421829224,0.7745029926300049,-0.054259613156318665,0.5772916674613953,0.7536107897758484,-0.07922995090484619,0.6228921413421631,0.6984039545059204,-0.10459215939044952,0.4799986779689789,0.5607944130897522,-0.01418212242424488,0.5251588225364685,0.4494363069534302,-0.05428590998053551,0.5704009532928467,0.4364069998264313,-0.09213480353355408,0.6046608090400696,0.45513635873794556,-0.11356110125780106,0.4398460388183594,0.5354277491569519,-0.020699214190244675,0.4924759268760681,0.40623629093170166,-0.05977340042591095,0.5376270413398743,0.4048590064048767,-0.09681519865989685,0.5647677183151245,0.4520408809185028,-0.11782435327768326,0.3935508131980896,0.5254000425338745,-0.03297518566250801,0.43931037187576294,0.40250277519226074,-0.06348393857479095,0.483765572309494,0.3935258984565735,-0.08564860373735428,0.5150848627090454,0.43053117394447327,-0.0962582677602768,0.3397431969642639,0.5313001871109009,-0.049075622111558914,0.38048118352890015,0.4381762444972992,-0.07397531718015671,0.4256356358528137,0.410081148147583,-0.08651606738567352,0.4643477201461792,0.41850170493125916,-0.09123076498508453,c
0.3002850413322449,0.8038864731788635,5.641639972964185e-07,0.4008892774581909,0.793993353843689,-0.030081884935498238,0.49748727679252625,0.7756072282791138,-0.05285939201712608,0.5663581490516663,0.761128842830658,-0.0778597965836525,0.6103189587593079,0.7083532810211182,-0.10367438197135925,0.48215606808662415,0.5611695051193237,-0.015728577971458435,0.5295542478561401,0.4513912796974182,-0.05609101429581642,0.5739305019378662,0.4427661597728729,-0.09501748532056808,0.6022706031799316,0.47000378370285034,-0.11665869504213333,0.44215089082717896,0.5332335829734802,-0.022457117214798927,0.49889999628067017,0.4061511158943176,-0.0626872256398201,0.5414536595344543,0.4115648865699768,-0.10357866436243057,0.560753583908081,0.46677008271217346,-0.127230703830719,0.39514774084091187,0.519981861114502,-0.03433701768517494,0.4455157518386841,0.3991488814353943,-0.06619564443826675,0.4869590997695923,0.3961614966392517,-0.09457927942276001,0.509008526802063,0.44145771861076355,-0.10950278490781784,0.339550644159317,0.5214259028434753,-0.0492735281586647,0.38489893078804016,0.42990586161613464,-0.07573026418685913,0.4288667142391205,0.40649813413619995,-0.09233064949512482,0.4624899625778198,0.42076408863067627,-0.10023018717765808,c
0.2940068542957306,0.8075634241104126,5.471928261613357e-07,0.3923715353012085,0.800611138343811,-0.02989918179810047,0.4873737096786499,0.7832392454147339,-0.05284791812300682,0.5555861592292786,0.7679663896560669,-0.07776137441396713,0.6007531881332397,0.7152825593948364,-0.10347332805395126,0.4791145622730255,0.5652675032615662,-0.017679529264569283,0.5296711921691895,0.45910781621932983,-0.058196619153022766,0.5721617341041565,0.45295995473861694,-0.09618677943944931,0.6000661849975586,0.4814714789390564,-0.11716561764478683,0.44019025564193726,0.5371431112289429,-0.02428397908806801,0.4970816671848297,0.4130988121032715,-0.06369797885417938,0.5400757789611816,0.41731005907058716,-0.10243862122297287,0.5606606602668762,0.47082188725471497,-0.12468426674604416,0.39305996894836426,0.5252097845077515,-0.03583836555480957,0.4426550269126892,0.40709108114242554,-0.06690715253353119,0.485395610332489,0.4044554829597473,-0.09190583974123001,0.510242223739624,0.4475492238998413,-0.10456487536430359,0.33586573600769043,0.527940034866333,-0.050447992980480194,0.3754427433013916,0.4359886348247528,-0.07638133317232132,0.4202866554260254,0.41096174716949463,-0.09100653231143951,0.4577929973602295,0.42112889885902405,-0.09720014780759811,c
0.290066123008728,0.8056448101997375,5.27081965628895e-07,0.3853057324886322,0.8031136989593506,-0.03377152979373932,0.47610199451446533,0.7881937623023987,-0.059501416981220245,0.5416474342346191,0.7754131555557251,-0.08664771169424057,0.5845737457275391,0.7197810411453247,-0.11422543972730637,0.4772064983844757,0.5717869997024536,-0.02485824190080166,0.527404248714447,0.4571770131587982,-0.068290114402771,0.5691297650337219,0.4541319012641907,-0.10843396186828613,0.5925348997116089,0.4903233051300049,-0.129876971244812,0.4359942078590393,0.5420327186584473,-0.02959097921848297,0.4923960566520691,0.4139268398284912,-0.07191329449415207,0.5327732563018799,0.42216283082962036,-0.1125054657459259,0.546959638595581,0.48259323835372925,-0.1349775195121765,0.3875740170478821,0.5289665460586548,-0.03921828791499138,0.4370623230934143,0.40791794657707214,-0.07026784121990204,0.47834762930870056,0.40580904483795166,-0.09586694091558456,0.4993816912174225,0.45199519395828247,-0.10871129482984543,0.32947272062301636,0.5301091074943542,-0.05221613124012947,0.36918529868125916,0.438385009765625,-0.0776551216840744,0.413478821516037,0.41333574056625366,-0.09276004880666733,0.44938576221466064,0.42455774545669556,-0.09913671761751175,c
0.29012492299079895,0.7935579419136047,4.4399587295629317e-07,0.3800562620162964,0.8020903468132019,-0.03297605738043785,0.4711097180843353,0.7938292026519775,-0.058846767991781235,0.5344744920730591,0.7857924699783325,-0.08671741187572479,0.5716103315353394,0.7276248931884766,-0.11447189003229141,0.4792543947696686,0.5829694271087646,-0.026052309200167656,0.5307782888412476,0.45683327317237854,-0.07190672308206558,0.569757342338562,0.4606708586215973,-0.1139104962348938,0.5805624127388,0.5095129013061523,-0.13474032282829285,0.437602162361145,0.5495113134384155,-0.030763640999794006,0.4953153133392334,0.41656655073165894,-0.07428359240293503,0.529306948184967,0.4332796335220337,-0.11548551917076111,0.5275900363922119,0.5005440711975098,-0.13693246245384216,0.3887779712677002,0.5306118130683899,-0.04021957889199257,0.4387339949607849,0.4097071886062622,-0.06919205188751221,0.47392886877059937,0.4147445559501648,-0.09319838881492615,0.4800947606563568,0.4670625925064087,-0.1043858528137207,0.33040478825569153,0.5248945951461792,-0.0531393326818943,0.3697001338005066,0.43567898869514465,-0.07547042518854141,0.4109867215156555,0.417339026927948,-0.08874938637018204,0.4380563199520111,0.43439075350761414,-0.09351089596748352,c
0.2876392602920532,0.7901231646537781,4.124428016893944e-07,0.37214285135269165,0.8033657670021057,-0.03510671854019165,0.45833855867385864,0.7978886365890503,-0.06116612255573273,0.5192092657089233,0.7921844720840454,-0.08880603313446045,0.5575528144836426,0.7388157844543457,-0.11611104756593704,0.47742706537246704,0.5860201120376587,-0.024761151522397995,0.5280985832214355,0.46548277139663696,-0.06942053139209747,0.5645094513893127,0.47266411781311035,-0.11055660992860794,0.571227490901947,0.5241761803627014,-0.13075071573257446,0.43637892603874207,0.5489253997802734,-0.028008904308080673,0.49307143688201904,0.4214854836463928,-0.06948243826627731,0.5222402811050415,0.44183313846588135,-0.10829263925552368,0.5148240923881531,0.5110456943511963,-0.12800300121307373,0.38817277550697327,0.5279221534729004,-0.03654932975769043,0.4373399615287781,0.409928560256958,-0.06404414027929306,0.4700285792350769,0.4170290231704712,-0.0863862931728363,0.47280970215797424,0.47094249725341797,-0.09653397649526596,0.33019858598709106,0.5203165411949158,-0.04883147031068802,0.3680466115474701,0.4321167469024658,-0.07027127593755722,0.40652966499328613,0.4174876809120178,-0.08222057670354843,0.4295984208583832,0.43837642669677734,-0.08593466132879257,c
0.28939422965049744,0.7809990048408508,3.4014072980426135e-07,0.3663155734539032,0.8053476214408875,-0.04139011725783348,0.4486926794052124,0.8027811646461487,-0.07182954251766205,0.5066994428634644,0.8038099408149719,-0.10379888862371445,0.5394218564033508,0.7455304861068726,-0.13600321114063263,0.4761877655982971,0.5925893187522888,-0.03658469021320343,0.5269793272018433,0.46858710050582886,-0.08240463584661484,0.5588209629058838,0.48216569423675537,-0.12471707165241241,0.5593554973602295,0.5398368239402771,-0.1460593044757843,0.4334557056427002,0.55431067943573,-0.038449134677648544,0.4896712303161621,0.4206191897392273,-0.07966580986976624,0.5143519043922424,0.45531681180000305,-0.12098173797130585,0.5035548806190491,0.5296816229820251,-0.1441192924976349,0.3852621614933014,0.5307502746582031,-0.04530005902051926,0.43741703033447266,0.40658894181251526,-0.07344312965869904,0.4665032923221588,0.42936035990715027,-0.09996520727872849,0.45975151658058167,0.49484360218048096,-0.11403310298919678,0.32852903008461,0.520309329032898,-0.056164585053920746,0.3726421594619751,0.4225775897502899,-0.0796913206577301,0.4054209291934967,0.42701584100723267,-0.09397193044424057,0.4126046597957611,0.47005677223205566,-0.10020550340414047,c
0.28805696964263916,0.7753376960754395,3.1348861284641316e-07,0.3546387553215027,0.8073025941848755,-0.05124426260590553,0.4333789646625519,0.8080703020095825,-0.08737657219171524,0.4898550808429718,0.8147649765014648,-0.12459636479616165,0.5226476192474365,0.7642362713813782,-0.16190028190612793,0.47799909114837646,0.5967308282852173,-0.042670708149671555,0.5314106345176697,0.4798969328403473,-0.09154056757688522,0.5553020238876343,0.4887900948524475,-0.1357903629541397,0.5463204383850098,0.5492538809776306,-0.15768977999687195,0.4326220452785492,0.5548192262649536,-0.0416446179151535,0.48918417096138,0.42288729548454285,-0.08533061295747757,0.505852997303009,0.45757240056991577,-0.13068664073944092,0.4927654266357422,0.5310311317443848,-0.15674975514411926,0.38477879762649536,0.5288506746292114,-0.046521514654159546,0.43863406777381897,0.40646153688430786,-0.0781722143292427,0.46070802211761475,0.4321845769882202,-0.11059296876192093,0.4468842148780823,0.5008554458618164,-0.12856923043727875,0.3287343382835388,0.5175420045852661,-0.056050971150398254,0.37664276361465454,0.4199576675891876,-0.08091012388467789,0.40207138657569885,0.4329541325569153,-0.09745326638221741,0.39799433946609497,0.48471593856811523,-0.10586825758218765,c
0.2849213182926178,0.7783121466636658,2.568544346104318e-07,0.3481709361076355,0.809257984161377,-0.05574731156229973,0.4264755845069885,0.811096727848053,-0.09254710376262665,0.4822391867637634,0.8194432854652405,-0.1297435164451599,0.5069700479507446,0.7674416303634644,-0.16681280732154846,0.4796598553657532,0.5997583270072937,-0.040144480764865875,0.5308737754821777,0.48789727687835693,-0.08851837366819382,0.54255610704422,0.4888656735420227,-0.1337207555770874,0.5237511396408081,0.5446453094482422,-0.15694624185562134,0.43201151490211487,0.5552535653114319,-0.036773208528757095,0.48769792914390564,0.42799046635627747,-0.07998092472553253,0.4913434088230133,0.4554634690284729,-0.12857788801193237,0.4738523066043854,0.524389386177063,-0.15765929222106934,0.38215532898902893,0.528313159942627,-0.03997808322310448,0.43561431765556335,0.41110068559646606,-0.07142353802919388,0.4473447799682617,0.429184228181839,-0.10819100588560104,0.42995205521583557,0.49507537484169006,-0.12995031476020813,0.3244388699531555,0.5181406736373901,-0.048156801611185074,0.36717790365219116,0.42281997203826904,-0.07160121202468872,0.38565775752067566,0.42801421880722046,-0.09043364226818085,0.3805268406867981,0.47419729828834534,-0.10169433802366257,c
0.28700459003448486,0.7777690887451172,1.1319919224206387e-07,0.3471376895904541,0.8053773045539856,-0.054686546325683594,0.421464741230011,0.8063644170761108,-0.09114347398281097,0.4741128087043762,0.8145217299461365,-0.1278516948223114,0.49043571949005127,0.7686280608177185,-0.16406981647014618,0.47534066438674927,0.5999310612678528,-0.04157969355583191,0.5224846005439758,0.487316370010376,-0.09167643636465073,0.521611213684082,0.4917817711830139,-0.13637498021125793,0.4956628382205963,0.5475033521652222,-0.15884006023406982,0.42626821994781494,0.5565878748893738,-0.03875419870018959,0.47956404089927673,0.4278722405433655,-0.08321163058280945,0.4702560603618622,0.4571457505226135,-0.12874872982501984,0.44972553849220276,0.5234407186508179,-0.15479697287082672,0.3756829798221588,0.5308558344841003,-0.04261884465813637,0.424490749835968,0.41531455516815186,-0.0740063339471817,0.4264896512031555,0.43268564343452454,-0.1070808544754982,0.40823671221733093,0.49464571475982666,-0.1257287710905075,0.31929099559783936,0.5218347311019897,-0.05155907943844795,0.35607385635375977,0.4271343946456909,-0.0720747634768486,0.36758047342300415,0.43076926469802856,-0.08753225207328796,0.36149394512176514,0.4727144241333008,-0.09669487923383713,c
0.28435829281806946,0.7728453278541565,1.2578638575178047e-07,0.34462040662765503,0.8031533360481262,-0.05846370756626129,0.4172895550727844,0.8054420351982117,-0.09620285034179688,0.4689003527164459,0.8116217851638794,-0.13356539607048035,0.4795553982257843,0.7746381759643555,-0.16958311200141907,0.47400641441345215,0.5952615737915039,-0.039726629853248596,0.5137509703636169,0.48124808073043823,-0.08929912745952606,0.5048182606697083,0.4831634759902954,-0.13278967142105103,0.4786531925201416,0.5387224555015564,-0.15451167523860931,0.42285236716270447,0.5508295893669128,-0.03494449704885483,0.47100701928138733,0.41969984769821167,-0.07918327301740646,0.45528140664100647,0.43965089321136475,-0.12194795906543732,0.4340316951274872,0.5022599101066589,-0.14492671191692352,0.3708854913711548,0.5250247716903687,-0.03781593218445778,0.4145370125770569,0.4095127284526825,-0.07003233581781387,0.40913277864456177,0.4233667850494385,-0.10074980556964874,0.39060112833976746,0.48254549503326416,-0.11646511405706406,0.3163904547691345,0.5177412033081055,-0.04636436328291893,0.34705889225006104,0.42021065950393677,-0.06678326427936554,0.34910663962364197,0.42648690938949585,-0.08030946552753448,0.3395974636077881,0.4706913232803345,-0.08733754605054855,c
0.28141218423843384,0.7754601240158081,1.2364567680833716e-07,0.34284067153930664,0.7975528240203857,-0.05989096686244011,0.4140315055847168,0.7964493036270142,-0.09850984811782837,0.46183687448501587,0.7977695465087891,-0.13637685775756836,0.4660125970840454,0.7651483416557312,-0.17234931886196136,0.4694565534591675,0.5897847414016724,-0.03980126231908798,0.505672037601471,0.4731977880001068,-0.08671815693378448,0.49062901735305786,0.47277504205703735,-0.1261819303035736,0.46277928352355957,0.5258156061172485,-0.14536482095718384,0.4176269471645355,0.5458621978759766,-0.03277717903256416,0.4633525609970093,0.41303494572639465,-0.07471839338541031,0.4417254328727722,0.4327854514122009,-0.11152391880750656,0.420349657535553,0.491909384727478,-0.12947693467140198,0.3666450083255768,0.5203208327293396,-0.033576663583517075,0.40586867928504944,0.4022694230079651,-0.06350400298833847,0.39597055315971375,0.4177086353302002,-0.0878920704126358,0.37779951095581055,0.47486281394958496,-0.0986955538392067,0.3142523765563965,0.5119181871414185,-0.040410254150629044,0.3391885459423065,0.4151676893234253,-0.05758253112435341,0.33886033296585083,0.42182791233062744,-0.06703086942434311,0.33082258701324463,0.4646104574203491,-0.07087643444538116,c
0.2796113193035126,0.7676774859428406,6.364569316019697e-08,0.3419816493988037,0.7886526584625244,-0.06530454754829407,0.4083601236343384,0.7890660762786865,-0.10623723268508911,0.4516598880290985,0.7860834002494812,-0.14543281495571136,0.45335498452186584,0.7504665851593018,-0.18157131969928741,0.46690744161605835,0.5740890502929688,-0.03779156506061554,0.4969654381275177,0.46354779601097107,-0.08262387663125992,0.4692978858947754,0.45807182788848877,-0.11998619139194489,0.4371718168258667,0.5037988424301147,-0.13835440576076508,0.4164107143878937,0.5288699865341187,-0.02656300738453865,0.4560467600822449,0.4026889204978943,-0.06721103191375732,0.42103222012519836,0.4227750301361084,-0.09997377544641495,0.3977743089199066,0.4760214388370514,-0.1140231341123581,0.3681970536708832,0.501801609992981,-0.02405569702386856,0.4012693166732788,0.39198699593544006,-0.053352564573287964,0.3798721432685852,0.4094206690788269,-0.07298067212104797,0.35883787274360657,0.4639931321144104,-0.07943180203437805,0.320777028799057,0.49212121963500977,-0.02843964472413063,0.33917880058288574,0.40311598777770996,-0.044259414076805115,0.3311581313610077,0.4139280319213867,-0.05098893865942955,0.32192838191986084,0.45750951766967773,-0.052143555134534836,c
0.28071415424346924,0.7755776643753052,1.1378018882624019e-07,0.34014657139778137,0.7890987396240234,-0.06537368893623352,0.40118393301963806,0.7842028141021729,-0.10752415657043457,0.4406803250312805,0.77744060754776,-0.14809222519397736,0.44416266679763794,0.7599837779998779,-0.18544919788837433,0.4601288139820099,0.5665561556816101,-0.0367383174598217,0.48365461826324463,0.45047441124916077,-0.08112587779760361,0.4561521112918854,0.43834900856018066,-0.11791405081748962,0.4266749322414398,0.48007816076278687,-0.1363181620836258,0.4081779718399048,0.5233757495880127,-0.026103559881448746,0.44205787777900696,0.3919191360473633,-0.06657439470291138,0.4075620472431183,0.40397706627845764,-0.09755772352218628,0.38521838188171387,0.45458030700683594,-0.11031413823366165,0.3586958646774292,0.5001136064529419,-0.024476047605276108,0.3857116997241974,0.38325583934783936,-0.053991883993148804,0.36409711837768555,0.39450162649154663,-0.0725969672203064,0.345159113407135,0.4477318823337555,-0.07809446007013321,0.3102683424949646,0.4950229227542877,-0.029971225187182426,0.32310950756073,0.4002119302749634,-0.04572639614343643,0.3142363429069519,0.4042314887046814,-0.05216849595308304,0.3067973256111145,0.4456676244735718,-0.05297018960118294,c
0.2908410131931305,0.7709189057350159,6.058372292727654e-08,0.34710198640823364,0.7761766910552979,-0.056231316179037094,0.4067486524581909,0.7658403515815735,-0.09515221416950226,0.4355970621109009,0.759834349155426,-0.13418465852737427,0.42591482400894165,0.7526834607124329,-0.1709309071302414,0.45498132705688477,0.5490164756774902,-0.03688088804483414,0.4774776101112366,0.4337162375450134,-0.08378797769546509,0.4472506642341614,0.42681974172592163,-0.12149280309677124,0.4177827835083008,0.4684550166130066,-0.1402936577796936,0.40296056866645813,0.511651873588562,-0.031839918345212936,0.4307524859905243,0.3788653612136841,-0.07377160340547562,0.39675790071487427,0.3853979706764221,-0.10410790145397186,0.372231662273407,0.4342888593673706,-0.11687002331018448,0.3524281978607178,0.4958590865135193,-0.03507869318127632,0.37271350622177124,0.3739891052246094,-0.06499315798282623,0.3483903706073761,0.3793879449367523,-0.08271562308073044,0.329032838344574,0.42588794231414795,-0.08797940611839294,0.3029261529445648,0.5000491142272949,-0.044569265097379684,0.3070339262485504,0.40289074182510376,-0.05997807905077934,0.296160489320755,0.3961631655693054,-0.06574428826570511,0.2896044850349426,0.423714816570282,-0.06627610325813293,c
0.2937760353088379,0.7645884156227112,4.1236045689174716e-08,0.3480663299560547,0.7691656351089478,-0.06244010105729103,0.4014078974723816,0.7565470933914185,-0.10468026250600815,0.42200595140457153,0.7369306087493896,-0.1457705944776535,0.4026660919189453,0.7114436626434326,-0.18416628241539001,0.44878971576690674,0.5364421010017395,-0.04331396147608757,0.46513137221336365,0.4174659252166748,-0.09010958671569824,0.429768443107605,0.4090116322040558,-0.12826494872570038,0.3974992334842682,0.4482184052467346,-0.14790953695774078,0.3968295454978943,0.5011613965034485,-0.03500361368060112,0.42034560441970825,0.36755308508872986,-0.07689458876848221,0.3819352090358734,0.3719978928565979,-0.110200434923172,0.3555845022201538,0.41605138778686523,-0.1260061115026474,0.3473663330078125,0.48571881651878357,-0.03501491621136665,0.3655494749546051,0.3659133315086365,-0.06530226767063141,0.3381845951080322,0.36652302742004395,-0.08800353854894638,0.31519174575805664,0.4109300374984741,-0.09756062924861908,0.3005090057849884,0.4902394115924835,-0.041502512991428375,0.3045274019241333,0.3948250412940979,-0.05820920318365097,0.2927756607532501,0.3846810758113861,-0.06772495061159134,0.28437551856040955,0.4105932414531708,-0.07161416858434677,c
0.29835888743400574,0.7682721614837646,-5.4789154546597274e-08,0.35071972012519836,0.7682183384895325,-0.06321561336517334,0.400686115026474,0.7521944642066956,-0.10542904585599899,0.41678720712661743,0.7360169887542725,-0.1454949826002121,0.40198948979377747,0.7096683382987976,-0.18316151201725006,0.44765526056289673,0.5268409848213196,-0.04834558814764023,0.45263341069221497,0.40687334537506104,-0.09757760167121887,0.41064849495887756,0.39754414558410645,-0.1395854949951172,0.37419310212135315,0.427636981010437,-0.1627827286720276,0.3950611352920532,0.4929877817630768,-0.04017248749732971,0.40654072165489197,0.36124274134635925,-0.08535146713256836,0.3658371865749359,0.36077776551246643,-0.12435126304626465,0.3341652452945709,0.39809659123420715,-0.14535771310329437,0.34363624453544617,0.4817182719707489,-0.040024083107709885,0.3531431555747986,0.36268287897109985,-0.07320123165845871,0.32135966420173645,0.35886305570602417,-0.10190381109714508,0.2934696674346924,0.3929637670516968,-0.11643391102552414,0.29706692695617676,0.492548406124115,-0.04598518833518028,0.2927567660808563,0.3972824215888977,-0.06664057075977325,0.2766702473163605,0.3839303255081177,-0.08080431818962097,0.26441410183906555,0.3999822735786438,-0.08843950182199478,c
0.3028355538845062,0.7613450288772583,-6.699560373135682e-08,0.3526574671268463,0.7623903751373291,-0.06913004070520401,0.39877384901046753,0.7441338300704956,-0.1147916167974472,0.406838983297348,0.7268283367156982,-0.15650734305381775,0.38745826482772827,0.7025413513183594,-0.19602516293525696,0.4407019019126892,0.5159526467323303,-0.05985594540834427,0.443442165851593,0.40188324451446533,-0.11271997541189194,0.4010133743286133,0.3872467875480652,-0.15755695104599,0.3624584674835205,0.40544551610946655,-0.18302370607852936,0.3901262879371643,0.48543649911880493,-0.049454472959041595,0.39388492703437805,0.3556057810783386,-0.09885489195585251,0.3507332503795624,0.35075920820236206,-0.141238272190094,0.31551307439804077,0.3828766942024231,-0.16470867395401,0.3404502272605896,0.47771480679512024,-0.046914901584386826,0.342240571975708,0.3624739646911621,-0.08333930373191833,0.30748695135116577,0.35616809129714966,-0.11551754176616669,0.2772986590862274,0.3851807117462158,-0.13245093822479248,0.29585105180740356,0.49265074729919434,-0.05071114003658295,0.2864428162574768,0.40295952558517456,-0.07389634102582932,0.26779597997665405,0.388103187084198,-0.09129858762025833,0.25228187441825867,0.39992591738700867,-0.1015530377626419,c
0.3074007034301758,0.7625458240509033,-1.1135813160478847e-08,0.3565811514854431,0.7624391317367554,-0.07332887500524521,0.40000995993614197,0.7381861209869385,-0.11940642446279526,0.3979383111000061,0.712670087814331,-0.16040509939193726,0.37491559982299805,0.6902930736541748,-0.19897747039794922,0.43793898820877075,0.5086632370948792,-0.06288968771696091,0.4353072941303253,0.39270591735839844,-0.11458811163902283,0.39574283361434937,0.37912219762802124,-0.15874256193637848,0.36087989807128906,0.40267661213874817,-0.18390752375125885,0.3860580027103424,0.47922852635383606,-0.04970433562994003,0.38552844524383545,0.3501893877983093,-0.09908989816904068,0.3447403907775879,0.3446027934551239,-0.141928032040596,0.3118630647659302,0.3820437490940094,-0.16554850339889526,0.3359551727771759,0.47329264879226685,-0.044547393918037415,0.33459997177124023,0.35682666301727295,-0.08164594322443008,0.30128276348114014,0.34839242696762085,-0.11595826596021652,0.27311837673187256,0.38245272636413574,-0.1340230256319046,0.291348934173584,0.48973485827445984,-0.045856207609176636,0.2801719903945923,0.39741814136505127,-0.0704607218503952,0.26185381412506104,0.38142600655555725,-0.08989780396223068,0.2475556880235672,0.3970244824886322,-0.10129481554031372,c
0.3113199472427368,0.7617601156234741,2.161381829068887e-08,0.3571108281612396,0.7630300521850586,-0.07850958406925201,0.39852339029312134,0.7383867502212524,-0.1274331957101822,0.3934871554374695,0.7100691795349121,-0.16968679428100586,0.3663915991783142,0.6791686415672302,-0.2094372808933258,0.43374544382095337,0.5033765435218811,-0.0713544487953186,0.42918863892555237,0.38897520303726196,-0.12402249872684479,0.3922663629055023,0.37264326214790344,-0.16958706080913544,0.35858801007270813,0.391410768032074,-0.19604817032814026,0.3819790184497833,0.4752407670021057,-0.05522984638810158,0.3770429193973541,0.34832867980003357,-0.10503976792097092,0.3383730947971344,0.3379047214984894,-0.1494484543800354,0.3050159215927124,0.3701454997062683,-0.17530104517936707,0.33264991641044617,0.4711621105670929,-0.04703935608267784,0.3261871933937073,0.3578842878341675,-0.0840068832039833,0.2940223217010498,0.3434907793998718,-0.11914347857236862,0.2658079266548157,0.3708067834377289,-0.1390761435031891,0.2885702848434448,0.4891268312931061,-0.045666392892599106,0.2746494710445404,0.39907026290893555,-0.07075795531272888,0.2563154399394989,0.3803240656852722,-0.09130746871232986,0.2413504719734192,0.3911285400390625,-0.104326032102108,c
0.3139462471008301,0.7613437175750732,1.0153254237366127e-07,0.3557671904563904,0.7626588344573975,-0.08513309806585312,0.3917285203933716,0.7351678609848022,-0.1378011405467987,0.3867301046848297,0.7063312530517578,-0.18230852484703064,0.3569767475128174,0.6779587864875793,-0.22366774082183838,0.43124479055404663,0.5030094981193542,-0.08057918399572372,0.42845389246940613,0.3881213665008545,-0.13388825953006744,0.3933927118778229,0.3705468773841858,-0.1784210056066513,0.3620324730873108,0.3921672999858856,-0.20407146215438843,0.3816266357898712,0.47452500462532043,-0.061045728623867035,0.3778543770313263,0.3436369299888611,-0.11246707290410995,0.3395083546638489,0.33008646965026855,-0.15546970069408417,0.3069794476032257,0.36506378650665283,-0.17944209277629852,0.3331473469734192,0.47159743309020996,-0.049688708037137985,0.3257145881652832,0.3556464910507202,-0.08662714809179306,0.2932855784893036,0.33618393540382385,-0.12112955749034882,0.26666268706321716,0.3604854941368103,-0.14060723781585693,0.28912296891212463,0.48984894156455994,-0.04566290229558945,0.2717077136039734,0.40211647748947144,-0.07035309076309204,0.25042539834976196,0.3746291399002075,-0.09216102957725525,0.23465615510940552,0.37509387731552124,-0.10634150356054306,c
0.3172382116317749,0.7639868259429932,7.180664596262432e-08,0.35969051718711853,0.7619688510894775,-0.08324264734983444,0.3947276771068573,0.7331509590148926,-0.13606031239032745,0.3844539225101471,0.7060205936431885,-0.18132758140563965,0.35301241278648376,0.6737493872642517,-0.22408458590507507,0.4318930506706238,0.5024722814559937,-0.0799345076084137,0.42726367712020874,0.38975298404693604,-0.13491377234458923,0.3919500410556793,0.36957547068595886,-0.18148672580718994,0.35939332842826843,0.38929644227027893,-0.20851153135299683,0.3808134198188782,0.4748947322368622,-0.062004927545785904,0.37463074922561646,0.34487035870552063,-0.11524372547864914,0.3360651433467865,0.33258628845214844,-0.1611357033252716,0.3037870228290558,0.36957812309265137,-0.18751667439937592,0.33157598972320557,0.47322845458984375,-0.05203723534941673,0.3230127990245819,0.3566269278526306,-0.09195724874734879,0.28911054134368896,0.33918362855911255,-0.1301490068435669,0.26134395599365234,0.36864733695983887,-0.15198418498039246,0.2871878445148468,0.4933921992778778,-0.04890938848257065,0.2676236629486084,0.4046894311904907,-0.07669799774885178,0.24605301022529602,0.3786592185497284,-0.10107196122407913,0.2301616072654724,0.38251790404319763,-0.11699218302965164,c
0.31762462854385376,0.7627271413803101,4.515898410772934e-08,0.3614879250526428,0.7605343461036682,-0.07810477167367935,0.3978259563446045,0.7332590818405151,-0.12796945869922638,0.3859717845916748,0.705962061882019,-0.1712264120578766,0.3528885245323181,0.6706842184066772,-0.21229813992977142,0.430847704410553,0.5009207725524902,-0.07379867881536484,0.42542603611946106,0.39112037420272827,-0.12799793481826782,0.39151066541671753,0.3687371015548706,-0.174399733543396,0.3597334623336792,0.38535434007644653,-0.2011977732181549,0.37963876128196716,0.47307008504867554,-0.05851993337273598,0.37193650007247925,0.3459092378616333,-0.11022575199604034,0.3347031772136688,0.3325067162513733,-0.1556859016418457,0.3032852113246918,0.36719810962677,-0.1820276826620102,0.33064019680023193,0.47196489572525024,-0.05100129917263985,0.32057082653045654,0.35759586095809937,-0.09023260325193405,0.2877979874610901,0.339346706867218,-0.1277095526456833,0.26066312193870544,0.3669276237487793,-0.14909569919109344,0.2861238121986389,0.4936961531639099,-0.049910638481378555,0.2671964764595032,0.4045685827732086,-0.07757607847452164,0.24690866470336914,0.37924379110336304,-0.1008041575551033,0.23139628767967224,0.38376927375793457,-0.1156601756811142,c
0.32039397954940796,0.7595472931861877,5.250588230865105e-08,0.3653426468372345,0.7587324380874634,-0.07668003439903259,0.4026798903942108,0.7313569188117981,-0.1259448230266571,0.38987576961517334,0.7047855257987976,-0.16914303600788116,0.3542793393135071,0.6736629605293274,-0.21015439927577972,0.4295792877674103,0.4993523061275482,-0.07328962534666061,0.42344045639038086,0.38579148054122925,-0.12807905673980713,0.39147645235061646,0.36747121810913086,-0.17425324022769928,0.36228451132774353,0.39124882221221924,-0.20035091042518616,0.3777236342430115,0.4724885821342468,-0.058665502816438675,0.369903028011322,0.3437325358390808,-0.11091214418411255,0.3327561616897583,0.3312532901763916,-0.156098410487175,0.3023262321949005,0.3685351014137268,-0.1818566471338272,0.328907310962677,0.47174233198165894,-0.05173978954553604,0.318610817193985,0.3569563925266266,-0.09042429178953171,0.2863418161869049,0.33911770582199097,-0.12730534374713898,0.26110827922821045,0.36859193444252014,-0.1480819135904312,0.2847670316696167,0.493744432926178,-0.05126010254025459,0.26511234045028687,0.40343528985977173,-0.07765403389930725,0.24495676159858704,0.3772931694984436,-0.1001453623175621,0.23081326484680176,0.38225147128105164,-0.11447892338037491,c
0.31781813502311707,0.7584476470947266,4.810259568444053e-08,0.3630799353122711,0.7582725286483765,-0.07725610584020615,0.40087056159973145,0.7292864322662354,-0.1263686865568161,0.38810691237449646,0.7035332918167114,-0.1691487431526184,0.35480308532714844,0.6734561324119568,-0.2097311019897461,0.42864739894866943,0.49947965145111084,-0.07343083620071411,0.4231758117675781,0.38608983159065247,-0.1281232237815857,0.3908771872520447,0.36792391538619995,-0.17447027564048767,0.36093854904174805,0.3916012644767761,-0.20069368183612823,0.3766374886035919,0.4731774628162384,-0.05828820541501045,0.3691568374633789,0.3440861999988556,-0.11092185229063034,0.33259859681129456,0.3321836292743683,-0.15702711045742035,0.30262136459350586,0.3699977993965149,-0.18331190943717957,0.3280843496322632,0.47264501452445984,-0.05078417807817459,0.3182494342327118,0.3574286103248596,-0.08999859541654587,0.2866867780685425,0.3396172821521759,-0.12807650864124298,0.2617453932762146,0.36946117877960205,-0.14949776232242584,0.28443408012390137,0.49468526244163513,-0.049641355872154236,0.26557308435440063,0.40394628047943115,-0.07653205096721649,0.24583962559700012,0.3781651258468628,-0.0996362715959549,0.2319820076227188,0.3833043575286865,-0.11434164643287659,c
0.31801438331604004,0.7615675330162048,3.342252341553831e-08,0.3634863793849945,0.762466549873352,-0.0814705640077591,0.40249571204185486,0.7336334586143494,-0.1318834125995636,0.3926643133163452,0.7069463729858398,-0.17533087730407715,0.3603150546550751,0.6709800958633423,-0.21679820120334625,0.42911773920059204,0.49952104687690735,-0.07461514323949814,0.42388916015625,0.3858180642127991,-0.128740131855011,0.39148789644241333,0.37162452936172485,-0.1760122925043106,0.36275210976600647,0.39475080370903015,-0.20377078652381897,0.3774398863315582,0.47527387738227844,-0.057984765619039536,0.3720795214176178,0.34520062804222107,-0.11108782887458801,0.3340042233467102,0.33863747119903564,-0.16067585349082947,0.3035014867782593,0.37451642751693726,-0.18996724486351013,0.32813018560409546,0.47505322098731995,-0.04928981885313988,0.3205796778202057,0.36089029908180237,-0.08939068019390106,0.28773045539855957,0.34676826000213623,-0.13160139322280884,0.26111865043640137,0.3758109211921692,-0.1562378704547882,0.2841850519180298,0.4963904023170471,-0.04713067784905434,0.26930320262908936,0.4057842493057251,-0.0748736560344696,0.2500021457672119,0.3823123276233673,-0.10073763877153397,0.2347830832004547,0.38754868507385254,-0.1181354820728302,c
0.3166906237602234,0.7661114931106567,7.186898898225991e-08,0.3645358383655548,0.7663768529891968,-0.08405385911464691,0.40555158257484436,0.7371378540992737,-0.13487717509269714,0.40288659930229187,0.7080737352371216,-0.17788228392601013,0.37117162346839905,0.6724029779434204,-0.21871896088123322,0.4302217364311218,0.5030419826507568,-0.07519306242465973,0.427645742893219,0.39248061180114746,-0.12732216715812683,0.3943457305431366,0.3728676438331604,-0.17439503967761993,0.3612367808818817,0.38638636469841003,-0.2026078850030899,0.37833669781684875,0.4780226945877075,-0.056309085339307785,0.37276697158813477,0.3516574501991272,-0.107050821185112,0.3353700339794159,0.3391430377960205,-0.15617398917675018,0.3018288314342499,0.3681449294090271,-0.1861887127161026,0.3288412392139435,0.4778856933116913,-0.04533182829618454,0.3225838541984558,0.36559826135635376,-0.0832274928689003,0.29092109203338623,0.3466043472290039,-0.12441661953926086,0.2625449299812317,0.3708185851573944,-0.14924032986164093,0.2849125266075134,0.4988603889942169,-0.04128952696919441,0.2701343595981598,0.4089309275150299,-0.06755145639181137,0.2514893114566803,0.3845064043998718,-0.09261313825845718,0.2366430014371872,0.38968801498413086,-0.10994853079319,c
0.3220902681350708,0.7661741971969604,2.0325082061845023e-07,0.3690125644207001,0.7629085779190063,-0.08334629982709885,0.4091874957084656,0.736618161201477,-0.13760381937026978,0.42300814390182495,0.7119103670120239,-0.18501193821430206,0.4166015088558197,0.689265251159668,-0.23022767901420593,0.4382728636264801,0.504435122013092,-0.07653190195560455,0.43665066361427307,0.4067153334617615,-0.13194721937179565,0.41263771057128906,0.3787587285041809,-0.1809077262878418,0.384150892496109,0.38888418674468994,-0.20956528186798096,0.38486140966415405,0.47925615310668945,-0.060155462473630905,0.38467398285865784,0.3612178564071655,-0.11016902327537537,0.35863736271858215,0.3424430787563324,-0.15429575741291046,0.3296714723110199,0.36841657757759094,-0.1803952008485794,0.3345557749271393,0.4807823896408081,-0.0524577759206295,0.32781586050987244,0.3762352466583252,-0.08759655803442001,0.3060883581638336,0.3514540195465088,-0.12114589661359787,0.2834877073764801,0.3676999807357788,-0.14124970138072968,0.28748905658721924,0.5064303874969482,-0.052490364760160446,0.27263370156288147,0.42084041237831116,-0.07501128315925598,0.25679680705070496,0.3873234987258911,-0.09501267224550247,0.24176934361457825,0.380187451839447,-0.10885985195636749,c
0.3310469686985016,0.7609949707984924,1.8873815577080677e-07,0.3788178265094757,0.7533791065216064,-0.06777651607990265,0.4233824908733368,0.7280728220939636,-0.11359479278326035,0.4486960768699646,0.7104858160018921,-0.15591318905353546,0.4491390883922577,0.6926864385604858,-0.19579941034317017,0.4424133002758026,0.5032830834388733,-0.056840378791093826,0.44177329540252686,0.4018736779689789,-0.10864045470952988,0.41992244124412537,0.38402503728866577,-0.1530636101961136,0.3992294371128082,0.41386234760284424,-0.1771915853023529,0.38807961344718933,0.48049259185791016,-0.04755951091647148,0.39177870750427246,0.3565460741519928,-0.09308700263500214,0.36867767572402954,0.3477662205696106,-0.13089552521705627,0.3492867350578308,0.389352023601532,-0.1507975161075592,0.33773040771484375,0.48382964730262756,-0.04670305922627449,0.3348906934261322,0.37431952357292175,-0.0779130831360817,0.3171823024749756,0.35531073808670044,-0.10564595460891724,0.30367425084114075,0.3820067048072815,-0.12053246796131134,0.2903183102607727,0.5117115378379822,-0.05265621840953827,0.2776370048522949,0.42450642585754395,-0.07186259329319,0.2665809094905853,0.39478600025177,-0.08708873391151428,0.2612887918949127,0.39428073167800903,-0.09629276394844055,c
0.32904312014579773,0.761191189289093,2.221753732101206e-07,0.3827701807022095,0.7523717284202576,-0.06480588763952255,0.430380254983902,0.7284899950027466,-0.1088385134935379,0.4634033739566803,0.7149982452392578,-0.1505681574344635,0.4806215167045593,0.6886048316955566,-0.18990746140480042,0.4459494352340698,0.5016860365867615,-0.047674510627985,0.44853734970092773,0.4050135314464569,-0.09520027786493301,0.42999616265296936,0.3825004994869232,-0.13657815754413605,0.4102684557437897,0.4080785810947418,-0.1587512046098709,0.3922172486782074,0.4789644479751587,-0.03947864845395088,0.3937877416610718,0.35708552598953247,-0.08072905987501144,0.3762151896953583,0.35489746928215027,-0.11657678335905075,0.3630313277244568,0.39783039689064026,-0.13480737805366516,0.34143251180648804,0.48070889711380005,-0.03971102088689804,0.3377211093902588,0.368999183177948,-0.06938706338405609,0.3273043632507324,0.35986363887786865,-0.09444461017847061,0.3203980028629303,0.3952499032020569,-0.10656563937664032,0.29216742515563965,0.5057793259620667,-0.04649676755070686,0.27899762988090515,0.41724586486816406,-0.06619858741760254,0.2772213816642761,0.3988018035888672,-0.07910751551389694,0.2821004390716553,0.4155992269515991,-0.08514608442783356,c
0.33084341883659363,0.759597897529602,2.0754094975927728e-07,0.3882569670677185,0.7452532052993774,-0.052396148443222046,0.43706032633781433,0.721774697303772,-0.09244056791067123,0.4742310643196106,0.7124444246292114,-0.1327264904975891,0.5007742047309875,0.6939631700515747,-0.17117656767368317,0.44642406702041626,0.5026439428329468,-0.03899694234132767,0.4542940855026245,0.3977063298225403,-0.08449165523052216,0.44216763973236084,0.3806632161140442,-0.12193790823221207,0.4267418086528778,0.4188109040260315,-0.1400790512561798,0.3930703401565552,0.4832601249217987,-0.03525185212492943,0.39424780011177063,0.35692495107650757,-0.070871502161026,0.3833604156970978,0.35862842202186584,-0.0990183874964714,0.3767670691013336,0.4075462818145752,-0.1121852695941925,0.34459346532821655,0.4873373210430145,-0.03909262642264366,0.3417825400829315,0.36951571702957153,-0.06470700353384018,0.33730456233024597,0.3667788505554199,-0.08100663870573044,0.3355911374092102,0.4092016816139221,-0.08726512640714645,0.29631948471069336,0.5146265029907227,-0.048601750284433365,0.282357394695282,0.42869389057159424,-0.06638859957456589,0.2830132842063904,0.4151899516582489,-0.07366792112588882,0.2890501320362091,0.4353969395160675,-0.07471219450235367,c
0.33049532771110535,0.7517249584197998,1.9434637010817823e-07,0.39336150884628296,0.738834023475647,-0.04516759142279625,0.4531611204147339,0.7133076190948486,-0.07974868267774582,0.4964545965194702,0.7063732147216797,-0.11513016372919083,0.5226296186447144,0.6798657178878784,-0.14953209459781647,0.45004355907440186,0.49901458621025085,-0.03800612688064575,0.45928114652633667,0.38495558500289917,-0.08399847149848938,0.4632786214351654,0.3804941773414612,-0.12244599312543869,0.45939764380455017,0.4271569550037384,-0.1411541849374771,0.3976190388202667,0.4798905849456787,-0.03727173060178757,0.40059828758239746,0.34946221113204956,-0.076712466776371,0.4086233675479889,0.3664463758468628,-0.10994145274162292,0.4106535017490387,0.4282897710800171,-0.12704259157180786,0.3476194143295288,0.4822141230106354,-0.042936526238918304,0.34496524930000305,0.35760462284088135,-0.07308336347341537,0.3565378487110138,0.371917724609375,-0.09435319900512695,0.36262384057044983,0.42748895287513733,-0.10376130044460297,0.2972959280014038,0.5036481618881226,-0.0528251938521862,0.28797104954719543,0.4119403660297394,-0.075159452855587,0.3017033338546753,0.41841381788253784,-0.08458244055509567,0.3138832747936249,0.45874500274658203,-0.08695555478334427,c
0.3341493010520935,0.7524768710136414,2.920944268680614e-07,0.4033484160900116,0.7337050437927246,-0.03802702948451042,0.46700718998908997,0.7088161706924438,-0.06683342158794403,0.512323796749115,0.7032161951065063,-0.09716646373271942,0.5372834801673889,0.6728276610374451,-0.1271333247423172,0.45269477367401123,0.4942055642604828,-0.027358898892998695,0.46206173300743103,0.3839753270149231,-0.06656324863433838,0.47880077362060547,0.3767915964126587,-0.10202285647392273,0.49105486273765564,0.4135451316833496,-0.12087889015674591,0.4024144113063812,0.47754788398742676,-0.029007336124777794,0.40658795833587646,0.35413026809692383,-0.06493014097213745,0.4257040023803711,0.3665614128112793,-0.09797551482915878,0.4359423518180847,0.4245355725288391,-0.11594662815332413,0.3527481257915497,0.48315125703811646,-0.036162614822387695,0.35061684250831604,0.3646656274795532,-0.0648769661784172,0.3711947202682495,0.37832772731781006,-0.08579402416944504,0.3843304514884949,0.43084150552749634,-0.09535790979862213,0.3024883568286896,0.5091268420219421,-0.047043584287166595,0.3015606999397278,0.4245573580265045,-0.07025186717510223,0.32209864258766174,0.43706071376800537,-0.0795305147767067,0.3384523093700409,0.4791458249092102,-0.08155180513858795,c
0.3321833908557892,0.7547756433486938,3.0571237630283576e-07,0.4001205563545227,0.738079309463501,-0.03615992143750191,0.4647650420665741,0.71388840675354,-0.06300521641969681,0.5104175806045532,0.7040388584136963,-0.09170057624578476,0.5338364839553833,0.6671170592308044,-0.11990928649902344,0.4494320750236511,0.4954403340816498,-0.01965547911822796,0.4633105993270874,0.3885439932346344,-0.054908547550439835,0.4807906448841095,0.3814544975757599,-0.08816759288311005,0.4909944534301758,0.4174882173538208,-0.1057141125202179,0.40101876854896545,0.47694748640060425,-0.020970480516552925,0.4082224369049072,0.355754554271698,-0.05169125273823738,0.42780399322509766,0.36483871936798096,-0.08289438486099243,0.43647998571395874,0.4188075661659241,-0.10049603134393692,0.3529157042503357,0.4803834855556488,-0.02791612781584263,0.3531647324562073,0.3633068799972534,-0.05334824323654175,0.3744446039199829,0.37688612937927246,-0.07341574132442474,0.3861382305622101,0.4277716279029846,-0.08319777995347977,0.3038189709186554,0.5047124028205872,-0.03846531733870506,0.3050166368484497,0.42155495285987854,-0.05998152494430542,0.3265526294708252,0.43536102771759033,-0.06862949579954147,0.3422907292842865,0.4785042703151703,-0.07061897218227386,c
0.33533650636672974,0.7485153079032898,3.4144122196266835e-07,0.4054833948612213,0.7362735271453857,-0.03880250081419945,0.47186478972435,0.7098299264907837,-0.07088757306337357,0.5201799273490906,0.7013570666313171,-0.1040787398815155,0.5488234758377075,0.6654508709907532,-0.1370190978050232,0.45796826481819153,0.5031118392944336,-0.04282959923148155,0.4707377851009369,0.37870651483535767,-0.0881720632314682,0.4983823895454407,0.3785926103591919,-0.12642808258533478,0.5165976285934448,0.42309972643852234,-0.14624561369419098,0.4088359475135803,0.4887940287590027,-0.046103473752737045,0.41810840368270874,0.3509142994880676,-0.0892806202173233,0.4501568078994751,0.37431880831718445,-0.12481797486543655,0.46412694454193115,0.4418078660964966,-0.14347831904888153,0.36023426055908203,0.4945497214794159,-0.053885508328676224,0.3643929958343506,0.36439040303230286,-0.08656025677919388,0.3963598608970642,0.38607698678970337,-0.10777128487825394,0.41077539324760437,0.44590914249420166,-0.11702828109264374,0.3097535967826843,0.5178760290145874,-0.0652819275856018,0.3187607526779175,0.4245617985725403,-0.09093677997589111,0.3453841209411621,0.4361361563205719,-0.10117931663990021,0.3600417673587799,0.47931843996047974,-0.10394832491874695,c
0.33057379722595215,0.7484830021858215,3.6854757468063326e-07,0.40300244092941284,0.7381079196929932,-0.03690384700894356,0.47558221220970154,0.7086620330810547,-0.06605126708745956,0.5276291966438293,0.6968903541564941,-0.09632936120033264,0.558229923248291,0.6583788394927979,-0.12650710344314575,0.4583599269390106,0.5088464021682739,-0.037111371755599976,0.47753387689590454,0.3854566216468811,-0.07879378646612167,0.5085388422012329,0.3805108368396759,-0.11604756116867065,0.5285596251487732,0.4180665910243988,-0.1363985240459442,0.4115590751171112,0.49235624074935913,-0.04064299538731575,0.4297516644001007,0.3540058732032776,-0.08334976434707642,0.46130383014678955,0.3798699676990509,-0.11993557959794998,0.4726339280605316,0.45006999373435974,-0.13919499516487122,0.3638976216316223,0.49454736709594727,-0.04832598939538002,0.37794116139411926,0.3589322566986084,-0.08070873469114304,0.40986645221710205,0.38230690360069275,-0.10237949341535568,0.4215739071369171,0.4470084607601166,-0.11179640144109726,0.31325167417526245,0.5134060382843018,-0.05945237725973129,0.3324227035045624,0.4209047853946686,-0.08621332794427872,0.3614181876182556,0.4282112121582031,-0.09809072315692902,0.37616318464279175,0.4701727032661438,-0.10190185904502869,c
0.3327476680278778,0.7473593950271606,3.9418057440343546e-07,0.40893158316612244,0.7342355251312256,-0.033177610486745834,0.4824489951133728,0.7084935307502747,-0.059952788054943085,0.5356703996658325,0.6953383088111877,-0.087906114757061,0.5673832297325134,0.6537463068962097,-0.11628161370754242,0.4628535509109497,0.5038915872573853,-0.033088669180870056,0.48911523818969727,0.3874152898788452,-0.06946946680545807,0.5220538377761841,0.38739609718322754,-0.10210685431957245,0.5448901057243347,0.4197790324687958,-0.1202773004770279,0.4170403480529785,0.4877382218837738,-0.03664470463991165,0.4398469924926758,0.35768434405326843,-0.07382479310035706,0.4739939272403717,0.3832237720489502,-0.10583686828613281,0.4879940152168274,0.44818806648254395,-0.12291745841503143,0.3692593276500702,0.4897528886795044,-0.043826062232255936,0.38510605692863464,0.3603822588920593,-0.07236049324274063,0.41957372426986694,0.3834492862224579,-0.09054585546255112,0.4352850914001465,0.44340792298316956,-0.09831850230693817,0.318279504776001,0.5086532235145569,-0.054192088544368744,0.33786147832870483,0.4175741672515869,-0.07808448374271393,0.3690648078918457,0.4253580868244171,-0.08708198368549347,0.38739410042762756,0.465568870306015,-0.08901925384998322,c
0.33689337968826294,0.7508994340896606,4.735676100153796e-07,0.41457033157348633,0.7333735227584839,-0.032487157732248306,0.4879224896430969,0.7043795585632324,-0.06227533146739006,0.543398380279541,0.6892660856246948,-0.09304887056350708,0.5818420052528381,0.6464823484420776,-0.12460024654865265,0.4687948524951935,0.5060843825340271,-0.0429060198366642,0.4991476535797119,0.38704320788383484,-0.08446969091892242,0.5382698178291321,0.39756596088409424,-0.1196727305650711,0.5677578449249268,0.433572381734848,-0.14022351801395416,0.42642560601234436,0.4929230213165283,-0.04905936121940613,0.4514906406402588,0.3557850122451782,-0.08942051231861115,0.4966248571872711,0.38418474793434143,-0.12162291258573532,0.5218650102615356,0.4433926045894623,-0.1403491199016571,0.3806879222393036,0.4971410632133484,-0.05847721919417381,0.39499157667160034,0.3613728880882263,-0.0888964906334877,0.43851804733276367,0.3880116939544678,-0.10500620305538177,0.46516674757003784,0.4432731866836548,-0.1127806007862091,0.33127012848854065,0.5179795026779175,-0.07128498703241348,0.3482355773448944,0.42342931032180786,-0.0970572829246521,0.38750341534614563,0.4286693036556244,-0.10625855624675751,0.4164433479309082,0.4627814292907715,-0.10936130583286285,c
0.33532145619392395,0.7522140741348267,4.439127110344998e-07,0.4161708950996399,0.7354508638381958,-0.02970028854906559,0.49100130796432495,0.7041575312614441,-0.05837230011820793,0.5485963821411133,0.6867588758468628,-0.08859852701425552,0.5902544260025024,0.643943727016449,-0.11967672407627106,0.4734448492527008,0.5111117362976074,-0.039947979152202606,0.5098990797996521,0.39260709285736084,-0.0807696208357811,0.550657331943512,0.4066285490989685,-0.11512478440999985,0.5794317722320557,0.4434188902378082,-0.13543380796909332,0.43309661746025085,0.49795934557914734,-0.04758647829294205,0.46529340744018555,0.3575385808944702,-0.08907482028007507,0.5106121301651001,0.38978004455566406,-0.12187028676271439,0.5333237648010254,0.45128825306892395,-0.14051327109336853,0.38847655057907104,0.502047598361969,-0.058181602507829666,0.40749192237854004,0.3635762929916382,-0.08893505483865738,0.45238441228866577,0.39109140634536743,-0.10523511469364166,0.4786521792411804,0.4468424916267395,-0.11292532086372375,0.33948132395744324,0.5222857594490051,-0.07191722840070724,0.35816067457199097,0.4290739893913269,-0.09811420738697052,0.3997069001197815,0.42897742986679077,-0.10875142365694046,0.43107110261917114,0.45682644844055176,-0.11298134177923203,c
0.33550989627838135,0.7467867136001587,4.473839965157822e-07,0.4221954643726349,0.7294442057609558,-0.025615515187382698,0.5041152834892273,0.6909273266792297,-0.05175415426492691,0.5640500783920288,0.6686992645263672,-0.08036618679761887,0.6086657047271729,0.6229053735733032,-0.11009310185909271,0.47859570384025574,0.5090581774711609,-0.03817380219697952,0.5268551111221313,0.38973793387413025,-0.08014963567256927,0.5724406838417053,0.405656099319458,-0.11411616206169128,0.6044826507568359,0.44351130723953247,-0.1347348988056183,0.44114217162132263,0.49858006834983826,-0.04881167784333229,0.4885035455226898,0.35842105746269226,-0.09370031207799911,0.5383300185203552,0.3953930735588074,-0.12923364341259003,0.5627198219299316,0.4565657675266266,-0.1501072645187378,0.39734742045402527,0.5034752488136292,-0.06231113523244858,0.43022647500038147,0.36254775524139404,-0.09968332201242447,0.483660489320755,0.3960186541080475,-0.12099829316139221,0.5152263045310974,0.455025315284729,-0.1316581815481186,0.34860649704933167,0.5233834981918335,-0.07796672731637955,0.378830224275589,0.4345390498638153,-0.11159535497426987,0.4258711040019989,0.4367380142211914,-0.12809528410434723,0.4599205255508423,0.46300867199897766,-0.13659442961215973,c
0.33883488178253174,0.7463242411613464,4.422155939209915e-07,0.42833060026168823,0.7214680910110474,-0.022683069109916687,0.5086471438407898,0.683237612247467,-0.047704361379146576,0.5685296058654785,0.660304844379425,-0.07637817412614822,0.6150352954864502,0.6181315183639526,-0.10619586706161499,0.4775295853614807,0.5035074949264526,-0.0323575884103775,0.525988757610321,0.3874227702617645,-0.07473138719797134,0.5724272727966309,0.40627622604370117,-0.10946127772331238,0.6061715483665466,0.444154292345047,-0.13096188008785248,0.441184401512146,0.4938836693763733,-0.04516049101948738,0.48761290311813354,0.3575470447540283,-0.09223562479019165,0.5380515456199646,0.4010271728038788,-0.1286211907863617,0.5645947456359863,0.4627428650856018,-0.14947625994682312,0.40014412999153137,0.49929559230804443,-0.060999877750873566,0.4321579039096832,0.35933494567871094,-0.10019318014383316,0.4869791567325592,0.39616602659225464,-0.12164226174354553,0.5209009647369385,0.4560116231441498,-0.13174541294574738,0.35580140352249146,0.5198841094970703,-0.07895839214324951,0.3849090039730072,0.43413054943084717,-0.11268282681703568,0.43307042121887207,0.4397784471511841,-0.12865351140499115,0.46910718083381653,0.46809062361717224,-0.13661432266235352,c
0.338853120803833,0.7457492351531982,4.461792286747368e-07,0.4279111623764038,0.7216796278953552,-0.023437360301613808,0.5076462626457214,0.6821662783622742,-0.04953907057642937,0.567638635635376,0.6607179641723633,-0.07925932854413986,0.614222526550293,0.61888587474823,-0.11039300262928009,0.478549987077713,0.5030914545059204,-0.03526235744357109,0.5262095928192139,0.38574767112731934,-0.07906730473041534,0.5729897022247314,0.4053186774253845,-0.11498738825321198,0.6072273254394531,0.44397038221359253,-0.1371423304080963,0.4422224462032318,0.49485155940055847,-0.04816458001732826,0.4875062108039856,0.3573099970817566,-0.09614494442939758,0.5397273302078247,0.39998024702072144,-0.13339170813560486,0.5677909255027771,0.46085476875305176,-0.15495361387729645,0.40073323249816895,0.5013641119003296,-0.06404265761375427,0.43226534128189087,0.36006486415863037,-0.10383180528879166,0.48907291889190674,0.3965686857700348,-0.12585145235061646,0.5240315198898315,0.455885648727417,-0.13635146617889404,0.3556627333164215,0.5229137539863586,-0.0820605605840683,0.38482391834259033,0.4340125620365143,-0.11639203876256943,0.4336662292480469,0.4391116499900818,-0.13257604837417603,0.4696909189224243,0.4677463471889496,-0.1406487673521042,c
0.3452620804309845,0.7454932928085327,4.966367441738839e-07,0.43082767724990845,0.7200413942337036,-0.022738860920071602,0.5113725662231445,0.6771091222763062,-0.04811635985970497,0.5736703276634216,0.6560090780258179,-0.07681158930063248,0.6194486021995544,0.6139997243881226,-0.10678035765886307,0.48091593384742737,0.49761345982551575,-0.03827682137489319,0.5303430557250977,0.379482239484787,-0.08332667499780655,0.5779356360435486,0.3990378975868225,-0.11909063160419464,0.6125167608261108,0.44107794761657715,-0.14064915478229523,0.4433521032333374,0.4891411364078522,-0.0517779178917408,0.48891890048980713,0.34999728202819824,-0.09808620810508728,0.5427747368812561,0.3877065181732178,-0.13351881504058838,0.5746994018554688,0.44689756631851196,-0.1546773910522461,0.40115904808044434,0.49881261587142944,-0.06820757687091827,0.43081626296043396,0.35627108812332153,-0.10776332020759583,0.48815467953681946,0.38779592514038086,-0.12940822541713715,0.5271579623222351,0.4443541169166565,-0.14030759036540985,0.35661381483078003,0.5250824689865112,-0.08663702011108398,0.38543516397476196,0.4367673397064209,-0.12084350734949112,0.434475839138031,0.4390825629234314,-0.1366077959537506,0.4724001884460449,0.46593454480171204,-0.14474079012870789,c
0.34342503547668457,0.7475435733795166,4.4635129370362847e-07,0.4324433505535126,0.7180249094963074,-0.019319236278533936,0.5133642554283142,0.6725752949714661,-0.04214858636260033,0.5752896666526794,0.6488388776779175,-0.06932767480611801,0.6217336058616638,0.6093606352806091,-0.09756267815828323,0.4821287989616394,0.4999992251396179,-0.027977190911769867,0.5313048958778381,0.38601669669151306,-0.06969509273767471,0.5786358714103699,0.40148210525512695,-0.10364561527967453,0.6135177612304688,0.4377281367778778,-0.12435197085142136,0.44604772329330444,0.49089083075523376,-0.04228823632001877,0.49278274178504944,0.3544510006904602,-0.08784359693527222,0.5464107990264893,0.39067333936691284,-0.12304580956697464,0.5770860314369202,0.44852834939956665,-0.1431291401386261,0.4051467776298523,0.49796703457832336,-0.059615638107061386,0.4370966851711273,0.35733065009117126,-0.09874796122312546,0.49501270055770874,0.38859450817108154,-0.1200157105922699,0.5333341360092163,0.444180428981781,-0.12976640462875366,0.36162069439888,0.5208778977394104,-0.07878027856349945,0.3933362662792206,0.43467390537261963,-0.11240977048873901,0.442748099565506,0.4365629255771637,-0.12782783806324005,0.48080211877822876,0.4622492790222168,-0.13519909977912903,c
0.3451398015022278,0.7426328659057617,4.81968470467109e-07,0.4354965090751648,0.7181333899497986,-0.02239800989627838,0.5174307227134705,0.6739897727966309,-0.04644838720560074,0.5800010561943054,0.650168776512146,-0.07463160902261734,0.6251558065414429,0.6057023406028748,-0.10382664948701859,0.48722055554389954,0.4940263330936432,-0.028631364926695824,0.5340623259544373,0.3781605660915375,-0.07150103896856308,0.5812217593193054,0.39414137601852417,-0.10698731243610382,0.6170563101768494,0.43276143074035645,-0.12891720235347748,0.4509177505970001,0.48524096608161926,-0.04193923622369766,0.49810901284217834,0.35054272413253784,-0.08844735473394394,0.5528056621551514,0.3881940543651581,-0.12603403627872467,0.585926353931427,0.4468071162700653,-0.14817868173122406,0.41001081466674805,0.4917166233062744,-0.05867978185415268,0.44406840205192566,0.3529251217842102,-0.09892044216394424,0.5032979249954224,0.3864423632621765,-0.12220730632543564,0.5432402491569519,0.4445316791534424,-0.13349151611328125,0.366398423910141,0.5142353773117065,-0.07754668593406677,0.40019723773002625,0.4290854036808014,-0.11173205077648163,0.45000168681144714,0.4329998791217804,-0.12823213636875153,0.4878429174423218,0.46151894330978394,-0.13665159046649933,c
0.3469085097312927,0.7384999394416809,4.6165726530489337e-07,0.4369187653064728,0.7141546010971069,-0.01709435135126114,0.519212543964386,0.6678771376609802,-0.039663393050432205,0.5834944248199463,0.645369291305542,-0.0672067180275917,0.6285758018493652,0.6033815741539001,-0.09608014672994614,0.4880629777908325,0.4897463321685791,-0.02825666405260563,0.5358327627182007,0.37257498502731323,-0.07065055519342422,0.5849745869636536,0.3905841112136841,-0.10493302345275879,0.6203827857971191,0.4299747347831726,-0.12565617263317108,0.4530181586742401,0.48276931047439575,-0.044150739908218384,0.5014638304710388,0.34389445185661316,-0.09030282497406006,0.5589041709899902,0.3826776444911957,-0.12642914056777954,0.5906062722206116,0.44226938486099243,-0.14717595279216766,0.41412121057510376,0.4894832968711853,-0.06274660676717758,0.449606329202652,0.34707438945770264,-0.10102217644453049,0.5117601752281189,0.38034823536872864,-0.12298692017793655,0.5512861013412476,0.437733918428421,-0.13357718288898468,0.3730274438858032,0.5118573307991028,-0.08310513943433762,0.408541738986969,0.42257970571517944,-0.11486107110977173,0.46275317668914795,0.4267180263996124,-0.1301012486219406,0.503555178642273,0.4555533826351166,-0.13790535926818848,c
0.3496299386024475,0.7382930517196655,4.637366544102406e-07,0.4399242401123047,0.7110394239425659,-0.017262710258364677,0.5207290649414062,0.6648188829421997,-0.04058852419257164,0.584422767162323,0.6438875794410706,-0.06918072700500488,0.6310778260231018,0.6040610671043396,-0.09912960231304169,0.48769915103912354,0.4865666329860687,-0.02798445150256157,0.5360746383666992,0.3676324486732483,-0.07115385681390762,0.5859324932098389,0.389112651348114,-0.10663682967424393,0.6206080913543701,0.43185296654701233,-0.12806695699691772,0.45232856273651123,0.48006489872932434,-0.04417390376329422,0.5019383430480957,0.3399750590324402,-0.09046044200658798,0.5589643120765686,0.3804174065589905,-0.12764231860637665,0.5890966653823853,0.4412040710449219,-0.1492508500814438,0.41342952847480774,0.48766496777534485,-0.0630963146686554,0.4487845301628113,0.343082994222641,-0.10080307722091675,0.5106455087661743,0.3763291835784912,-0.12331447750329971,0.5491477251052856,0.43459028005599976,-0.13447707891464233,0.3730740249156952,0.5110622644424438,-0.08381783962249756,0.40826356410980225,0.42105674743652344,-0.11462399363517761,0.46211227774620056,0.42563554644584656,-0.12931184470653534,0.5016231536865234,0.45613497495651245,-0.1369050145149231,c
0.34978199005126953,0.7365705966949463,4.581936821068666e-07,0.438581258058548,0.7088686227798462,-0.01844096928834915,0.5196515321731567,0.6619358658790588,-0.042260460555553436,0.5838400721549988,0.6416740417480469,-0.07112347334623337,0.6318070888519287,0.6032748818397522,-0.10111817717552185,0.4872882664203644,0.48352062702178955,-0.0289048682898283,0.5346212387084961,0.3649383783340454,-0.0721626803278923,0.5846705436706543,0.38570839166641235,-0.10756587982177734,0.6208853721618652,0.4269869029521942,-0.12899714708328247,0.45261603593826294,0.477123886346817,-0.044512081891298294,0.5013406872749329,0.3375079035758972,-0.09168816357851028,0.559139609336853,0.3788541257381439,-0.12908771634101868,0.5907601118087769,0.44027504324913025,-0.15052232146263123,0.4140828251838684,0.48445892333984375,-0.0629131868481636,0.4484363794326782,0.34266334772109985,-0.10185743123292923,0.5111948251724243,0.3776257634162903,-0.125092014670372,0.5505509376525879,0.43705451488494873,-0.13622409105300903,0.373318612575531,0.5070644617080688,-0.08315949141979218,0.409374475479126,0.417258620262146,-0.11516574025154114,0.46351560950279236,0.4236631393432617,-0.1306103765964508,0.5033901333808899,0.45551612973213196,-0.13837593793869019,c
0.3479136824607849,0.7350876331329346,4.151847576849832e-07,0.43733125925064087,0.7080016136169434,-0.016123255714774132,0.5192087888717651,0.6599780917167664,-0.038258146494627,0.5828114151954651,0.638416588306427,-0.06590123474597931,0.6291016340255737,0.6001932621002197,-0.09470172226428986,0.48820194602012634,0.48189258575439453,-0.024974679574370384,0.5341506600379944,0.36177194118499756,-0.06747795641422272,0.5837897658348083,0.38361459970474243,-0.10269094258546829,0.618910551071167,0.4262774884700775,-0.12385337054729462,0.45364823937416077,0.47608014941215515,-0.04118131473660469,0.5018953084945679,0.33618462085723877,-0.08753247559070587,0.559014618396759,0.37917500734329224,-0.12473473697900772,0.5888044238090515,0.4414370357990265,-0.14586010575294495,0.4153001308441162,0.4831303060054779,-0.06006667762994766,0.44959986209869385,0.34125661849975586,-0.09790127724409103,0.5118831396102905,0.37796473503112793,-0.12030166387557983,0.5492527484893799,0.43793877959251404,-0.130803644657135,0.37451356649398804,0.5049800276756287,-0.08071069419384003,0.40989214181900024,0.4153457581996918,-0.1116589605808258,0.46303844451904297,0.4223655164241791,-0.1262465864419937,0.501258134841919,0.45385730266571045,-0.13333959877490997,c
0.3470362424850464,0.7360619902610779,4.3740496380451077e-07,0.4376441538333893,0.706933856010437,-0.016243429854512215,0.5181766748428345,0.6599617004394531,-0.03909159079194069,0.5818300843238831,0.6390066146850586,-0.06762036681175232,0.6300212144851685,0.6022845506668091,-0.0974493995308876,0.4881501793861389,0.4835923910140991,-0.025372164323925972,0.5351096391677856,0.3631225824356079,-0.06860735267400742,0.584137499332428,0.38505250215530396,-0.10450724512338638,0.6191489696502686,0.42846378684043884,-0.1261000633239746,0.45420584082603455,0.4776909649372101,-0.04198992997407913,0.5023730397224426,0.3369957208633423,-0.08877933025360107,0.5589839220046997,0.3784343898296356,-0.1266487091779709,0.5888513922691345,0.4409101903438568,-0.1482902318239212,0.41581854224205017,0.48512011766433716,-0.06133382394909859,0.4479306936264038,0.34158265590667725,-0.09927080571651459,0.509265661239624,0.3762925863265991,-0.12205732613801956,0.5463618636131287,0.4366065561771393,-0.13292144238948822,0.3745381832122803,0.5071905255317688,-0.08247967064380646,0.40642592310905457,0.4157158136367798,-0.11331871896982193,0.4581700265407562,0.42159804701805115,-0.1278703361749649,0.49551624059677124,0.45423179864883423,-0.1350124627351761,c
0.3476133942604065,0.7354154586791992,4.39137011198909e-07,0.4376368522644043,0.7073681950569153,-0.01720753125846386,0.5192739963531494,0.6612972021102905,-0.040567342191934586,0.5830963253974915,0.6416823863983154,-0.06942134350538254,0.6282575726509094,0.6005024313926697,-0.09952543675899506,0.4880313277244568,0.48074302077293396,-0.026557842269539833,0.5333126187324524,0.3587021827697754,-0.07089681178331375,0.5833103656768799,0.3826507329940796,-0.10813915729522705,0.6187812089920044,0.4282492995262146,-0.13049191236495972,0.4538785219192505,0.47577524185180664,-0.04314212501049042,0.5009632110595703,0.33384639024734497,-0.09094088524580002,0.5586442947387695,0.3786830008029938,-0.12991328537464142,0.5887714624404907,0.44352051615715027,-0.15223556756973267,0.4152091145515442,0.48372626304626465,-0.06254587322473526,0.4471958875656128,0.3398955464363098,-0.10054682195186615,0.5094655752182007,0.37687671184539795,-0.1238548532128334,0.5462038516998291,0.4391471743583679,-0.13514061272144318,0.3735767900943756,0.5064905285835266,-0.08393339812755585,0.40558677911758423,0.4130930006504059,-0.11470252275466919,0.4579654335975647,0.4202362298965454,-0.12952174246311188,0.4952412247657776,0.4540443420410156,-0.1369277387857437,c
0.3446561098098755,0.7354385256767273,4.330624676640582e-07,0.4349381923675537,0.7061125040054321,-0.016873957589268684,0.5161014199256897,0.6618353128433228,-0.03948159143328667,0.5791123509407043,0.6412666440010071,-0.06735033541917801,0.6263261437416077,0.6013762950897217,-0.09650858491659164,0.48784923553466797,0.4856227934360504,-0.025397252291440964,0.5342666506767273,0.3667817711830139,-0.06629866361618042,0.5825375914573669,0.3871883451938629,-0.10062836855649948,0.6177946925163269,0.4265011250972748,-0.12156111001968384,0.4537087082862854,0.4780344069004059,-0.040973201394081116,0.5021948218345642,0.3378365635871887,-0.08539503812789917,0.5581344962120056,0.37839275598526,-0.12151407450437546,0.5877460837364197,0.43883103132247925,-0.14238062500953674,0.41456952691078186,0.4831518232822418,-0.05914685130119324,0.44817107915878296,0.33976900577545166,-0.09569623321294785,0.5073902606964111,0.37607669830322266,-0.11738090217113495,0.5423468947410583,0.4365698993206024,-0.12776480615139008,0.3720379173755646,0.5024386048316956,-0.07913240045309067,0.4046465754508972,0.41129305958747864,-0.10983520746231079,0.4554089307785034,0.41985657811164856,-0.12394449859857559,0.4914701581001282,0.4543192386627197,-0.13067199289798737,c
0.3417210876941681,0.732964277267456,4.458655951111723e-07,0.4326181411743164,0.7060022950172424,-0.019205929711461067,0.5151649713516235,0.6636503338813782,-0.042820677161216736,0.5790215730667114,0.6459766626358032,-0.07130859047174454,0.6237900853157043,0.6059470176696777,-0.1010293960571289,0.48613476753234863,0.48419487476348877,-0.027531545609235764,0.5342381000518799,0.3661632239818573,-0.0696994811296463,0.58167564868927,0.38865306973457336,-0.10524295270442963,0.6159268021583557,0.4300840497016907,-0.12705634534358978,0.45152944326400757,0.47617587447166443,-0.042216964066028595,0.5016038417816162,0.3372499942779541,-0.0881156325340271,0.5562065839767456,0.380697101354599,-0.12576094269752502,0.5848188400268555,0.4428602457046509,-0.1477481573820114,0.41157346963882446,0.4808686673641205,-0.05969429761171341,0.4470480978488922,0.3374302387237549,-0.09736137092113495,0.504830539226532,0.37607812881469727,-0.12010645121335983,0.538398027420044,0.4386625289916992,-0.13119709491729736,0.36783087253570557,0.4999721646308899,-0.07918490469455719,0.4017617106437683,0.41096943616867065,-0.11099978536367416,0.4520767629146576,0.41947799921035767,-0.12652738392353058,0.4877026379108429,0.45329952239990234,-0.13436104357242584,c
0.34012550115585327,0.7336923480033875,4.675042077906255e-07,0.43110641837120056,0.708329439163208,-0.02130954898893833,0.5142595171928406,0.6682357788085938,-0.045469019562006,0.5766422748565674,0.6482049226760864,-0.07390397787094116,0.6212599277496338,0.6059993505477905,-0.10353804379701614,0.4831734001636505,0.48678675293922424,-0.030560912564396858,0.5306099653244019,0.3663473427295685,-0.07292702049016953,0.5796814560890198,0.38933536410331726,-0.10819747298955917,0.6148810386657715,0.4310399293899536,-0.12964504957199097,0.4476192891597748,0.4772428274154663,-0.04419384524226189,0.49697065353393555,0.337027907371521,-0.08969652652740479,0.5536377429962158,0.379245400428772,-0.1266479194164276,0.5839592218399048,0.4406771957874298,-0.14852599799633026,0.40697920322418213,0.4801842272281647,-0.060713231563568115,0.44360896944999695,0.33632293343544006,-0.09825345128774643,0.5028902292251587,0.3731834888458252,-0.12114930152893066,0.5377258658409119,0.4348502457141876,-0.1327141374349594,0.362420916557312,0.49733150005340576,-0.07935123890638351,0.3994689881801605,0.40726256370544434,-0.11074122786521912,0.45057213306427,0.4171644449234009,-0.12571251392364502,0.48548537492752075,0.452393114566803,-0.13337858021259308,c
0.33604180812835693,0.7256428599357605,4.4375289576237265e-07,0.4266793131828308,0.7030088901519775,-0.023030990734696388,0.5088832378387451,0.6705063581466675,-0.04833845794200897,0.5706453919410706,0.6526453495025635,-0.07759848982095718,0.6135798692703247,0.6081522107124329,-0.1077541932463646,0.48312556743621826,0.48662716150283813,-0.029253974556922913,0.5321839451789856,0.36825913190841675,-0.07069358229637146,0.577072262763977,0.3936319053173065,-0.10555243492126465,0.6063463091850281,0.4374156892299652,-0.12614625692367554,0.4473564326763153,0.4743331968784332,-0.040964480489492416,0.499137818813324,0.3372591435909271,-0.08459477871656418,0.550675630569458,0.38027679920196533,-0.12043363600969315,0.5742074251174927,0.4420270025730133,-0.14135560393333435,0.40621188282966614,0.4727124571800232,-0.05580325797200203,0.4446384012699127,0.3332216143608093,-0.09086795151233673,0.49801287055015564,0.37224990129470825,-0.11122450977563858,0.5253602862358093,0.4350401759147644,-0.12097759544849396,0.35975807905197144,0.4843963384628296,-0.07303246855735779,0.3960902690887451,0.3949134945869446,-0.10199680179357529,0.4452219605445862,0.4071246385574341,-0.11462590098381042,0.4768972396850586,0.445128858089447,-0.12035736441612244,c
0.334229052066803,0.7280625104904175,4.5208523147266533e-07,0.4229249060153961,0.7040780782699585,-0.024269944056868553,0.5039321780204773,0.6737575531005859,-0.05066530033946037,0.5648678541183472,0.6581205129623413,-0.08042123913764954,0.6027871966362,0.6098991632461548,-0.11124826222658157,0.4782090187072754,0.48676440119743347,-0.03506937250494957,0.5265101790428162,0.364412784576416,-0.07836983352899551,0.5723089575767517,0.3900470733642578,-0.1144607663154602,0.6011435985565186,0.43520113825798035,-0.13526995480060577,0.44082051515579224,0.474433958530426,-0.04673269763588905,0.49060991406440735,0.33262860774993896,-0.09167630225419998,0.5410706996917725,0.3769639730453491,-0.12726879119873047,0.5620066523551941,0.4435553550720215,-0.14724217355251312,0.3983319401741028,0.47374796867370605,-0.06128091737627983,0.4356614947319031,0.33456286787986755,-0.09432879090309143,0.48783034086227417,0.37175440788269043,-0.11272189021110535,0.5131580233573914,0.4349784851074219,-0.12128648161888123,0.3503246307373047,0.4871886670589447,-0.07862477749586105,0.38162463903427124,0.39267659187316895,-0.10551196336746216,0.430135041475296,0.4003741443157196,-0.11677493900060654,0.46230268478393555,0.4366897940635681,-0.12153461575508118,c
0.324648380279541,0.7249487638473511,3.662195808828983e-07,0.41087281703948975,0.707152247428894,-0.02601608820259571,0.48913949728012085,0.6810339689254761,-0.05070257931947708,0.5484147071838379,0.6667148470878601,-0.07816082239151001,0.5850964784622192,0.6194888353347778,-0.10584469139575958,0.4811156094074249,0.4955436587333679,-0.027501855045557022,0.5271924734115601,0.3791543245315552,-0.06691931933164597,0.5655421614646912,0.39448076486587524,-0.10159080475568771,0.5869501829147339,0.4369068443775177,-0.12123843282461166,0.4426848590373993,0.47482818365097046,-0.0358165018260479,0.49036580324172974,0.34353628754615784,-0.07616113126277924,0.5308865308761597,0.3780694901943207,-0.11059354245662689,0.5432692766189575,0.44405481219291687,-0.1300395429134369,0.3978232443332672,0.4681171774864197,-0.047673020511865616,0.43664848804473877,0.33583658933639526,-0.07829936593770981,0.4783690571784973,0.3659517467021942,-0.09746704995632172,0.4940072298049927,0.4281672239303589,-0.10669399052858353,0.34570109844207764,0.4751826524734497,-0.0622895173728466,0.38006308674812317,0.3901815414428711,-0.08841537684202194,0.4213561415672302,0.395341694355011,-0.10035429149866104,0.44634875655174255,0.4302369952201843,-0.10517369210720062,c
0.32142871618270874,0.7211244106292725,3.728057436092058e-07,0.4057650864124298,0.7092163562774658,-0.028306521475315094,0.4831712245941162,0.6890188455581665,-0.05547219142317772,0.5408257246017456,0.6785064935684204,-0.08481091260910034,0.5716757774353027,0.62582927942276,-0.11456373333930969,0.47997093200683594,0.5034611225128174,-0.035211145877838135,0.5299392938613892,0.38483676314353943,-0.07816782593727112,0.5669211149215698,0.40307289361953735,-0.11571817845106125,0.5831316113471985,0.4506148099899292,-0.13653014600276947,0.44102218747138977,0.48191526532173157,-0.04336315765976906,0.49285003542900085,0.3471519351005554,-0.08670578896999359,0.5302140712738037,0.38616153597831726,-0.12389332056045532,0.5369099378585815,0.4553338587284088,-0.14495760202407837,0.3959348797798157,0.47461915016174316,-0.05491065979003906,0.43737494945526123,0.33666861057281494,-0.08606079965829849,0.47787076234817505,0.36891353130340576,-0.10743457823991776,0.491039901971817,0.43362051248550415,-0.11851384490728378,0.3435019254684448,0.4811474680900574,-0.06930277496576309,0.3765322268009186,0.39349931478500366,-0.09581553190946579,0.4181675314903259,0.3980899155139923,-0.11002234369516373,0.44375184178352356,0.43266308307647705,-0.1169467344880104,c
0.32158762216567993,0.7194254994392395,3.0497145075969456e-07,0.40106630325317383,0.7128223180770874,-0.028316568583250046,0.4749099016189575,0.6932462453842163,-0.05567514896392822,0.5307464003562927,0.684503972530365,-0.08527880907058716,0.5659450888633728,0.6328125,-0.1152651235461235,0.4836885631084442,0.5095562934875488,-0.035449087619781494,0.5358507633209229,0.39577579498291016,-0.07770729064941406,0.5703831315040588,0.4157027006149292,-0.1147117018699646,0.5823593139648438,0.4617246389389038,-0.13509678840637207,0.4448543190956116,0.4854732155799866,-0.043644681572914124,0.49802711606025696,0.35239923000335693,-0.08573616296052933,0.5303559303283691,0.39610564708709717,-0.12178783118724823,0.5311346054077148,0.46582770347595215,-0.1419769525527954,0.39956092834472656,0.47522401809692383,-0.055147718638181686,0.44403955340385437,0.3420800268650055,-0.08521560579538345,0.48104384541511536,0.37794405221939087,-0.10577214509248734,0.4882756471633911,0.4436490535736084,-0.11625063419342041,0.34698694944381714,0.47855159640312195,-0.0694032609462738,0.383450448513031,0.3882788419723511,-0.09528714418411255,0.42370113730430603,0.3981284201145172,-0.10835648328065872,0.44453853368759155,0.43699878454208374,-0.11431316286325455,c
0.32211676239967346,0.7085210084915161,2.721496912272414e-07,0.39866629242897034,0.7091045379638672,-0.03195447847247124,0.47186094522476196,0.6955746412277222,-0.060819290578365326,0.5263010263442993,0.690608561038971,-0.09179177135229111,0.5579431056976318,0.6365878582000732,-0.12312087416648865,0.48839205503463745,0.515472412109375,-0.03575889766216278,0.5410085320472717,0.39946016669273376,-0.07942722737789154,0.5716114640235901,0.41990357637405396,-0.11965221166610718,0.5759310722351074,0.4713447690010071,-0.141945019364357,0.4493025243282318,0.48817455768585205,-0.04232136160135269,0.5016352534294128,0.3582194447517395,-0.08416419476270676,0.5265048742294312,0.40238243341445923,-0.12447672337293625,0.5213971138000488,0.4710941016674042,-0.14881350100040436,0.40391045808792114,0.47241446375846863,-0.05258767679333687,0.44926267862319946,0.34583765268325806,-0.08094673603773117,0.47932910919189453,0.38034942746162415,-0.10552334040403366,0.47898605465888977,0.4463095963001251,-0.12023603171110153,0.3508599102497101,0.4695129990577698,-0.06603755056858063,0.38798731565475464,0.38416939973831177,-0.08956588059663773,0.42422589659690857,0.3959410786628723,-0.10434882342815399,0.4396034777164459,0.43678051233291626,-0.11298859119415283,c
0.32307326793670654,0.6994115710258484,2.8572031851581414e-07,0.3945639431476593,0.7107332348823547,-0.03706414997577667,0.46758776903152466,0.6990131139755249,-0.06752736866474152,0.5213116407394409,0.6973130106925964,-0.09941711276769638,0.5502963662147522,0.6408938765525818,-0.13202767074108124,0.49025678634643555,0.5202794075012207,-0.042220909148454666,0.5426139235496521,0.4074937701225281,-0.08835114538669586,0.573594331741333,0.4271089732646942,-0.13095222413539886,0.5777159333229065,0.4790651202201843,-0.1547602415084839,0.4511573612689972,0.48993414640426636,-0.047172874212265015,0.505091667175293,0.36295410990715027,-0.09268385171890259,0.5266530513763428,0.40842342376708984,-0.13748347759246826,0.5193837285041809,0.4788440465927124,-0.16465601325035095,0.40611934661865234,0.4709634780883789,-0.05588196963071823,0.45373961329460144,0.3498554527759552,-0.08709797263145447,0.4807168245315552,0.3842627704143524,-0.11749019473791122,0.47627806663513184,0.4522477388381958,-0.13589543104171753,0.3532966077327728,0.4649816155433655,-0.06791727989912033,0.39203590154647827,0.37903082370758057,-0.09278225153684616,0.42615029215812683,0.39110851287841797,-0.11103317141532898,0.437884122133255,0.43562549352645874,-0.1224975511431694,c
0.3215417265892029,0.6964128017425537,2.9710628268730943e-07,0.3914322853088379,0.7111567258834839,-0.03876670449972153,0.46394094824790955,0.7032603025436401,-0.06890736520290375,0.5170414447784424,0.7012767195701599,-0.10000206530094147,0.5454440712928772,0.6456776261329651,-0.13174037635326385,0.4901620149612427,0.5271432995796204,-0.04381813853979111,0.5424614548683167,0.41958341002464294,-0.08994016796350479,0.5727093815803528,0.4347341060638428,-0.13083584606647491,0.5775400400161743,0.4847579598426819,-0.15268857777118683,0.4516890347003937,0.49378702044487,-0.047332704067230225,0.5065315961837769,0.3704160451889038,-0.09281419962644577,0.5273411870002747,0.41288208961486816,-0.1347520798444748,0.5191999077796936,0.48424091935157776,-0.15853044390678406,0.407179057598114,0.47356876730918884,-0.05476764589548111,0.4554242491722107,0.35624006390571594,-0.08699477463960648,0.4802096486091614,0.3896314799785614,-0.11484372615814209,0.4738723933696747,0.45696744322776794,-0.12995758652687073,0.35479629039764404,0.46576640009880066,-0.06561049073934555,0.3941008448600769,0.3784957528114319,-0.09080850332975388,0.4251672625541687,0.39205631613731384,-0.1066977009177208,0.4328988492488861,0.4390425682067871,-0.11513745784759521,c
0.32415300607681274,0.6982503533363342,2.978010797960451e-07,0.3911113440990448,0.7126978039741516,-0.03941865637898445,0.4610557556152344,0.7030602693557739,-0.06937698274850845,0.5131502151489258,0.7018554210662842,-0.1001451164484024,0.5430929064750671,0.6490673422813416,-0.1313125044107437,0.49272421002388,0.525513231754303,-0.04241831228137016,0.542851448059082,0.4157571792602539,-0.08664076775312424,0.5712045431137085,0.43397048115730286,-0.1264171600341797,0.5751088261604309,0.48426389694213867,-0.1479811817407608,0.4533490538597107,0.4936494529247284,-0.04523896425962448,0.5042476058006287,0.3714247941970825,-0.089537613093853,0.5249439477920532,0.41697728633880615,-0.13039268553256989,0.5171238780021667,0.4883883595466614,-0.15363189578056335,0.4085598886013031,0.47387927770614624,-0.052074845880270004,0.45466703176498413,0.3562577962875366,-0.08285597711801529,0.47900742292404175,0.391891211271286,-0.10931932926177979,0.4719518721103668,0.45886290073394775,-0.12383899092674255,0.35618817806243896,0.46574580669403076,-0.06254471838474274,0.3948531448841095,0.3785816431045532,-0.0868326798081398,0.42298781871795654,0.3947871923446655,-0.10157889872789383,0.42721614241600037,0.4421360492706299,-0.10924941301345825,c
0.32130861282348633,0.6969051957130432,2.6998191060556564e-07,0.38393378257751465,0.7136931419372559,-0.04087122529745102,0.4548826217651367,0.7053125500679016,-0.07168137282133102,0.5079480409622192,0.7045589685440063,-0.10323119908571243,0.5367327928543091,0.6500389575958252,-0.13540668785572052,0.48566946387290955,0.5306642651557922,-0.04546378552913666,0.5361680388450623,0.4189649820327759,-0.09128979593515396,0.5626088976860046,0.4364422559738159,-0.13189281523227692,0.562905490398407,0.48974210023880005,-0.15329396724700928,0.4477143883705139,0.4975268840789795,-0.04759063571691513,0.5007961988449097,0.3745390772819519,-0.09222698211669922,0.5204339027404785,0.41931697726249695,-0.1343180388212204,0.5119042992591858,0.4905153810977936,-0.15847621858119965,0.4044662415981293,0.4760080575942993,-0.05373116955161095,0.4518773555755615,0.35792720317840576,-0.08428160846233368,0.4758341610431671,0.3930283188819885,-0.1124408021569252,0.46772411465644836,0.46048301458358765,-0.12846294045448303,0.3529367744922638,0.4659383296966553,-0.0635417178273201,0.39264973998069763,0.3786640167236328,-0.08741891384124756,0.4206233620643616,0.3955997824668884,-0.10328469425439835,0.42373618483543396,0.44412901997566223,-0.11221494525671005,c
0.3169386088848114,0.6967275142669678,1.7275763752877538e-07,0.37666231393814087,0.7122951745986938,-0.037962816655635834,0.44795429706573486,0.7046531438827515,-0.06630916893482208,0.501340925693512,0.7017133831977844,-0.096100814640522,0.5287156105041504,0.6512688994407654,-0.12599200010299683,0.48631513118743896,0.5300039649009705,-0.03607796132564545,0.5369223356246948,0.4277418255805969,-0.07820934057235718,0.5573954582214355,0.4460564851760864,-0.11373750120401382,0.5530569553375244,0.4966680705547333,-0.13167688250541687,0.4467676877975464,0.49420279264450073,-0.0387299507856369,0.49953457713127136,0.38134536147117615,-0.08030914515256882,0.5112147927284241,0.43203452229499817,-0.1165425032377243,0.49956128001213074,0.5005263686180115,-0.13586080074310303,0.4021998643875122,0.4723831117153168,-0.045761313289403915,0.44870826601982117,0.3615502119064331,-0.07511775195598602,0.466623991727829,0.40172016620635986,-0.09726949781179428,0.4570665955543518,0.46605247259140015,-0.108420729637146,0.3498658537864685,0.4630877375602722,-0.05627264827489853,0.3861057758331299,0.3777417540550232,-0.07824220508337021,0.4090166687965393,0.3986447751522064,-0.08922954648733139,0.40988925099372864,0.4460814595222473,-0.09396839886903763,c
0.31558549404144287,0.6984648704528809,1.3058682668543042e-07,0.3742173910140991,0.7138318419456482,-0.040198542177677155,0.4440784454345703,0.7036298513412476,-0.06996356695890427,0.4963061809539795,0.7000994682312012,-0.10127917677164078,0.5232446193695068,0.6479972004890442,-0.13242343068122864,0.4829266667366028,0.5349898934364319,-0.03814054653048515,0.5324907302856445,0.4274992048740387,-0.08338890969753265,0.5482682585716248,0.445543110370636,-0.12094572186470032,0.5389465093612671,0.4990226626396179,-0.13940222561359406,0.4417528212070465,0.4991403818130493,-0.04074273258447647,0.494081974029541,0.38234037160873413,-0.08644109964370728,0.5001638531684875,0.4342554807662964,-0.12532858550548553,0.48508420586586,0.5049849152565002,-0.1454099416732788,0.39673227071762085,0.4769209027290344,-0.04808079078793526,0.4422648251056671,0.36352258920669556,-0.07992547005414963,0.45675745606422424,0.4052542448043823,-0.10457494109869003,0.44488948583602905,0.4729035794734955,-0.11675862967967987,0.3448788821697235,0.46685609221458435,-0.059145428240299225,0.3788992166519165,0.38032251596450806,-0.08187466114759445,0.40027040243148804,0.4017801582813263,-0.0946396067738533,0.4006151258945465,0.45197275280952454,-0.1006544753909111,c
0.3166036009788513,0.7000294327735901,1.1921919451651775e-07,0.3742622435092926,0.7126862406730652,-0.04120664298534393,0.44280943274497986,0.7003263235092163,-0.07135830819606781,0.49395865201950073,0.6963261961936951,-0.10293304920196533,0.5196070075035095,0.642142653465271,-0.13456940650939941,0.47792473435401917,0.5327354669570923,-0.040008753538131714,0.5256918668746948,0.4252732992172241,-0.08633676171302795,0.5392300486564636,0.4443347752094269,-0.12508396804332733,0.5286725163459778,0.4982263743877411,-0.14447100460529327,0.43570080399513245,0.49858319759368896,-0.04284217581152916,0.4840032160282135,0.37736597657203674,-0.09083934873342514,0.49000948667526245,0.43191468715667725,-0.13304993510246277,0.47615522146224976,0.5049512982368469,-0.15536293387413025,0.390037477016449,0.4774392247200012,-0.050328344106674194,0.4308813214302063,0.36163753271102905,-0.08408741652965546,0.4461369812488556,0.4033082127571106,-0.11274050176143646,0.4354582130908966,0.47151046991348267,-0.12748682498931885,0.33816665410995483,0.46858686208724976,-0.06141730025410652,0.3693781793117523,0.3787969946861267,-0.0846787542104721,0.39046549797058105,0.3985440731048584,-0.09964770823717117,0.3908011317253113,0.44808506965637207,-0.10763801634311676,c
0.31548577547073364,0.7021842002868652,1.019129882706693e-07,0.3736107349395752,0.7117051482200623,-0.03898593783378601,0.44140586256980896,0.6967651844024658,-0.0686282068490982,0.4916754961013794,0.6901272535324097,-0.1002296656370163,0.5156955122947693,0.6360378265380859,-0.13160809874534607,0.4737630784511566,0.5278420448303223,-0.03722633421421051,0.5193873643875122,0.4175283908843994,-0.08290130645036697,0.5320133566856384,0.44132867455482483,-0.12077569961547852,0.5201086401939392,0.497820645570755,-0.13920721411705017,0.430580735206604,0.4957141876220703,-0.040517330169677734,0.4761859178543091,0.37437984347343445,-0.08593553304672241,0.48331984877586365,0.42974817752838135,-0.12524478137493134,0.4699109196662903,0.5001615285873413,-0.14595812559127808,0.3847760558128357,0.47536545991897583,-0.048579711467027664,0.4241190552711487,0.3574908673763275,-0.07986824959516525,0.43965837359428406,0.40190833806991577,-0.10455135256052017,0.4291972517967224,0.46944719552993774,-0.11702022701501846,0.33346793055534363,0.4671435058116913,-0.06029926985502243,0.36256590485572815,0.3772568106651306,-0.08171907067298889,0.383770614862442,0.39930909872055054,-0.093899205327034,0.384378582239151,0.4490946829319,-0.09989523887634277,c
0.3149113059043884,0.6987770795822144,8.000312590183967e-08,0.37286192178726196,0.707542896270752,-0.041173312813043594,0.4412132203578949,0.6899338364601135,-0.07123206555843353,0.49210917949676514,0.6811882257461548,-0.10275793075561523,0.5120037794113159,0.6245294213294983,-0.13389165699481964,0.46772927045822144,0.5201317071914673,-0.03934640809893608,0.511390745639801,0.4096609652042389,-0.08674521744251251,0.5206273794174194,0.4383520483970642,-0.125612273812294,0.5082497596740723,0.4974147081375122,-0.14441810548305511,0.4233880043029785,0.4909220337867737,-0.04175436496734619,0.46696627140045166,0.37005558609962463,-0.08837668597698212,0.4723612368106842,0.42696279287338257,-0.12834900617599487,0.4613817036151886,0.49690738320350647,-0.1495351940393448,0.37683889269828796,0.4723713994026184,-0.04925492778420448,0.41327255964279175,0.35566553473472595,-0.0820450410246849,0.42810389399528503,0.3995191752910614,-0.10766267776489258,0.4194822311401367,0.4665117561817169,-0.12068209052085876,0.32507437467575073,0.46521154046058655,-0.060480181127786636,0.35422295331954956,0.37773609161376953,-0.08232446014881134,0.3727127015590668,0.4017755687236786,-0.09439700096845627,0.37089309096336365,0.45212826132774353,-0.10048692673444748,c
0.31325262784957886,0.6969271898269653,4.8196920232612683e-08,0.3735557198524475,0.6999768614768982,-0.03878404200077057,0.43855416774749756,0.6810930967330933,-0.0687989592552185,0.4857077896595001,0.6715310215950012,-0.10101103037595749,0.503908634185791,0.6198579668998718,-0.13271188735961914,0.4630468487739563,0.5118607878684998,-0.036185745149850845,0.5025707483291626,0.402890682220459,-0.08265034854412079,0.5088889598846436,0.4371349513530731,-0.12007209658622742,0.49708810448646545,0.49653172492980957,-0.13811442255973816,0.4177476167678833,0.48567092418670654,-0.03955231234431267,0.4569985270500183,0.3638361096382141,-0.08535880595445633,0.4620767831802368,0.42313510179519653,-0.12313855439424515,0.4534406363964081,0.4925706684589386,-0.14247426390647888,0.3710521161556244,0.46946704387664795,-0.04808016121387482,0.40343302488327026,0.353139191865921,-0.08044271916151047,0.41764765977859497,0.40080201625823975,-0.10313811153173447,0.4118523895740509,0.46874159574508667,-0.1134834885597229,0.32042211294174194,0.4650638699531555,-0.06025998666882515,0.344271719455719,0.37672972679138184,-0.0810391753911972,0.3633772134780884,0.4019981324672699,-0.0912737026810646,0.36542853713035583,0.4527159035205841,-0.09567921608686447,c
0.31175297498703003,0.6950728893280029,-1.1544065259272429e-08,0.37107837200164795,0.695525050163269,-0.03580176457762718,0.43540117144584656,0.674635648727417,-0.06337112933397293,0.48147493600845337,0.6625670790672302,-0.09327198565006256,0.49534034729003906,0.6123272180557251,-0.12189431488513947,0.45774686336517334,0.5061325430870056,-0.032153502106666565,0.497639536857605,0.3984772562980652,-0.07718643546104431,0.49821746349334717,0.4365752041339874,-0.11162883043289185,0.4844769239425659,0.4961056113243103,-0.1274518370628357,0.41135263442993164,0.4807126820087433,-0.03604345768690109,0.4491962492465973,0.3609703481197357,-0.08019708096981049,0.450007826089859,0.4224091172218323,-0.1129862442612648,0.4411860406398773,0.49087250232696533,-0.12818580865859985,0.36370399594306946,0.4658842384815216,-0.045186035335063934,0.39358967542648315,0.3516252040863037,-0.0765400305390358,0.40447840094566345,0.40140512585639954,-0.09353804588317871,0.3997363746166229,0.4673117697238922,-0.09932830929756165,0.31344249844551086,0.46289241313934326,-0.05784229561686516,0.3337583839893341,0.3773775100708008,-0.07677526026964188,0.34966108202934265,0.4033976197242737,-0.08275282382965088,0.35204875469207764,0.4509662985801697,-0.08352597057819366,c
0.3096880614757538,0.6894062757492065,-6.234370886204488e-08,0.3713667094707489,0.6885321736335754,-0.037363529205322266,0.4357607662677765,0.6680664420127869,-0.0646389052271843,0.47975513339042664,0.6532173752784729,-0.09394622594118118,0.4859325587749481,0.6036564111709595,-0.12159844487905502,0.4544476568698883,0.49993255734443665,-0.029459474608302116,0.48887670040130615,0.3922154903411865,-0.07317227870225906,0.48301270604133606,0.4288880228996277,-0.10686460882425308,0.46909090876579285,0.4880117177963257,-0.12272044271230698,0.4065853953361511,0.47536900639533997,-0.031955134123563766,0.440451443195343,0.3569910228252411,-0.07561098039150238,0.43349477648735046,0.4175433814525604,-0.10772315412759781,0.4242625832557678,0.4853024482727051,-0.1221603974699974,0.3584807813167572,0.4613240659236908,-0.04007246717810631,0.3846815228462219,0.3483019769191742,-0.07172706723213196,0.38874849677085876,0.396734356880188,-0.08825411647558212,0.38329073786735535,0.4621335566043854,-0.09310092031955719,0.30876243114471436,0.4590301811695099,-0.051911380141973495,0.3249002695083618,0.37542375922203064,-0.07052166014909744,0.3358784019947052,0.40136808156967163,-0.07622792571783066,0.33723485469818115,0.44845953583717346,-0.07664135843515396,c
0.309475839138031,0.6914453506469727,-1.0469437938809278e-07,0.37002861499786377,0.6896588206291199,-0.035962700843811035,0.43681299686431885,0.6643749475479126,-0.06124114617705345,0.47655078768730164,0.6429303884506226,-0.08823247253894806,0.4721699059009552,0.5957318544387817,-0.11307165026664734,0.44734686613082886,0.4961853623390198,-0.028161916881799698,0.4807446002960205,0.3878747820854187,-0.07001438736915588,0.47118547558784485,0.4273295998573303,-0.10144355893135071,0.45403581857681274,0.4885334074497223,-0.11569035798311234,0.3988724648952484,0.4718027114868164,-0.03017277643084526,0.4312455952167511,0.35111522674560547,-0.07020092010498047,0.42198148369789124,0.41303741931915283,-0.09835988283157349,0.4121854603290558,0.47978851199150085,-0.11036136001348495,0.35127580165863037,0.4587898552417755,-0.03768958896398544,0.37775787711143494,0.3422040343284607,-0.06743863970041275,0.3793138265609741,0.39128077030181885,-0.08100232481956482,0.37273988127708435,0.4558168649673462,-0.08380861580371857,0.30262839794158936,0.45780396461486816,-0.0487964004278183,0.31869345903396606,0.37258219718933105,-0.06653241813182831,0.327887624502182,0.3989773094654083,-0.07064046710729599,0.32739049196243286,0.4460112154483795,-0.06974916160106659,c
0.3054278492927551,0.6832587718963623,-1.749852884813663e-07,0.36637020111083984,0.685207724571228,-0.03755795210599899,0.4310511648654938,0.6623203754425049,-0.06159793213009834,0.46565523743629456,0.6372600793838501,-0.08687794953584671,0.4620555639266968,0.5855488181114197,-0.1093558743596077,0.447632372379303,0.4879659414291382,-0.022133860737085342,0.4739192724227905,0.3822479546070099,-0.06195709854364395,0.4602068066596985,0.4147377610206604,-0.09276090562343597,0.44483697414398193,0.47361159324645996,-0.10702353715896606,0.3978121876716614,0.46235203742980957,-0.022142011672258377,0.42555561661720276,0.34677764773368835,-0.06162245199084282,0.4072655141353607,0.4084767997264862,-0.08981449156999588,0.3965681493282318,0.4732053875923157,-0.10118822008371353,0.3496607542037964,0.44896742701530457,-0.0280744731426239,0.3726595342159271,0.3403192162513733,-0.05818193778395653,0.3651178479194641,0.38828355073928833,-0.07095746695995331,0.3565852642059326,0.45194777846336365,-0.0724552646279335,0.3027781844139099,0.45015206933021545,-0.03777020424604416,0.3137325942516327,0.36953461170196533,-0.05554916709661484,0.3168228566646576,0.3959534764289856,-0.0586632676422596,0.3158557713031769,0.44086754322052,-0.05641284957528114,c
0.30488163232803345,0.6830757260322571,-1.5135354658468714e-07,0.3607846796512604,0.6857146620750427,-0.04487839341163635,0.42031624913215637,0.6603162884712219,-0.07256102561950684,0.45147496461868286,0.6393903493881226,-0.10025782883167267,0.45223522186279297,0.5897512435913086,-0.12489940971136093,0.4439507722854614,0.48465874791145325,-0.02880449779331684,0.4675549864768982,0.3803720474243164,-0.0712425634264946,0.452694833278656,0.40868890285491943,-0.10476619750261307,0.4364393949508667,0.46776729822158813,-0.12118914723396301,0.3938490152359009,0.4597664475440979,-0.026357540860772133,0.4206823706626892,0.3421454429626465,-0.06924882531166077,0.3986574411392212,0.40317046642303467,-0.10154899209737778,0.3878781497478485,0.46600958704948425,-0.11578620225191116,0.3449757397174835,0.4475852847099304,-0.030404746532440186,0.3672412931919098,0.3398265242576599,-0.06320813298225403,0.3566659092903137,0.38339513540267944,-0.08085853606462479,0.34757912158966064,0.4463365077972412,-0.08590386062860489,0.29943156242370605,0.45320233702659607,-0.038701679557561874,0.30768856406211853,0.3744448125362396,-0.05794747173786163,0.3085058331489563,0.39555487036705017,-0.06481869518756866,0.3075684905052185,0.4365807771682739,-0.06611315906047821,c
0.301232248544693,0.6854246258735657,-1.5395249874927686e-07,0.3584568500518799,0.6856838464736938,-0.0433567650616169,0.4189436137676239,0.6593363285064697,-0.0695028156042099,0.44426679611206055,0.6339234113693237,-0.09616609662771225,0.4338490962982178,0.5865238904953003,-0.12000595778226852,0.44083890318870544,0.483094185590744,-0.022386232390999794,0.4625212550163269,0.3769930303096771,-0.06342288106679916,0.4446164071559906,0.3984341621398926,-0.09701505303382874,0.42653200030326843,0.45554855465888977,-0.11332973837852478,0.38994792103767395,0.4578663408756256,-0.020052427425980568,0.414720743894577,0.34290260076522827,-0.062445636838674545,0.3889164924621582,0.3972967267036438,-0.09537380188703537,0.3760276734828949,0.4611268639564514,-0.10912813246250153,0.34101444482803345,0.44569987058639526,-0.02433851920068264,0.36365461349487305,0.3409643769264221,-0.05626913532614708,0.3496222496032715,0.37714138627052307,-0.07504884898662567,0.3387950360774994,0.4390017092227936,-0.08014198392629623,0.2963855564594269,0.45145514607429504,-0.03284842148423195,0.3038943111896515,0.37276163697242737,-0.051011934876441956,0.3024786412715912,0.38800665736198425,-0.057554177939891815,0.3012326657772064,0.4266369044780731,-0.058026645332574844,c
0.3001119792461395,0.6903597116470337,-1.6410871239713742e-07,0.3578362762928009,0.6891250014305115,-0.04161012917757034,0.417543888092041,0.6597155928611755,-0.06651607155799866,0.43855205178260803,0.6305979490280151,-0.09214004129171371,0.4274787902832031,0.5835792422294617,-0.11486327648162842,0.4387461543083191,0.48227182030677795,-0.0195327065885067,0.45966389775276184,0.37878119945526123,-0.05860712379217148,0.43981003761291504,0.39700227975845337,-0.09006313234567642,0.4232047498226166,0.4511374235153198,-0.10554051399230957,0.3883167803287506,0.45711228251457214,-0.018293822184205055,0.4137325584888458,0.3399970531463623,-0.059409305453300476,0.38570645451545715,0.39256012439727783,-0.09024628251791,0.37391015887260437,0.4554002583026886,-0.10228244960308075,0.3396986126899719,0.44665664434432983,-0.023562710732221603,0.3608177602291107,0.34193670749664307,-0.05500435829162598,0.34495797753334045,0.37710899114608765,-0.07217846810817719,0.3346823453903198,0.4372096061706543,-0.07592501491308212,0.29512831568717957,0.4551753103733063,-0.03294651582837105,0.3018985986709595,0.37571507692337036,-0.05092153698205948,0.2996799349784851,0.39089781045913696,-0.0563630536198616,0.2984982132911682,0.42942947149276733,-0.055838752537965775,c
0.29788538813591003,0.687274158000946,-1.8395286360828322e-07,0.3533497452735901,0.6860846877098083,-0.04054262489080429,0.4119243323802948,0.6599071025848389,-0.06597975641489029,0.43558865785598755,0.6358300447463989,-0.09288685023784637,0.4228762686252594,0.5904827117919922,-0.11716039478778839,0.43721434473991394,0.48187345266342163,-0.017801400274038315,0.4591763913631439,0.3742373287677765,-0.05682026594877243,0.43810534477233887,0.3902274966239929,-0.0892372578382492,0.4207547605037689,0.4415595531463623,-0.10562272369861603,0.3874828517436981,0.45685553550720215,-0.017191940918564796,0.41259315609931946,0.33619359135627747,-0.05841955915093422,0.3822670578956604,0.3891492784023285,-0.09115508198738098,0.37026360630989075,0.4520970582962036,-0.10485856235027313,0.3401705324649811,0.443299263715744,-0.02295200154185295,0.3616868853569031,0.3377058506011963,-0.054122742265462875,0.34366872906684875,0.3743109405040741,-0.07312944531440735,0.33302825689315796,0.4374726414680481,-0.07820490002632141,0.2982103228569031,0.4475279450416565,-0.03281136602163315,0.30622798204421997,0.3667255640029907,-0.049850549548864365,0.30225443840026855,0.3831411302089691,-0.0558994896709919,0.3005959093570709,0.4247933328151703,-0.05616756156086922,c
0.29858461022377014,0.6868342161178589,-1.8294051074008166e-07,0.35597848892211914,0.6859058737754822,-0.0402069017291069,0.41417840123176575,0.6605756878852844,-0.06650761514902115,0.4376855790615082,0.6368407607078552,-0.09444348514080048,0.4224231243133545,0.5913795232772827,-0.12006117403507233,0.43642374873161316,0.4815734922885895,-0.02143416367471218,0.45705047249794006,0.37289535999298096,-0.06197557598352432,0.43701109290122986,0.390972375869751,-0.09503190219402313,0.4201267957687378,0.44488397240638733,-0.11145572364330292,0.38553205132484436,0.45787909626960754,-0.021486595273017883,0.409414142370224,0.3341895341873169,-0.06277472525835037,0.3800029456615448,0.3857007324695587,-0.09433288127183914,0.3686092793941498,0.4488798677921295,-0.10731915384531021,0.3377307653427124,0.4461211562156677,-0.027795130386948586,0.3575405180454254,0.33691179752349854,-0.05823975428938866,0.33988285064697266,0.3728046715259552,-0.07520179450511932,0.3296109437942505,0.435769259929657,-0.07928446680307388,0.2952648997306824,0.4522780776023865,-0.03830672800540924,0.3006853759288788,0.37120383977890015,-0.05463598668575287,0.2972111403942108,0.387279212474823,-0.05937288701534271,0.29598432779312134,0.42925694584846497,-0.05889703333377838,c
0.29862943291664124,0.6861081123352051,-1.5286595100860723e-07,0.3537020683288574,0.6843199133872986,-0.042454592883586884,0.41071221232414246,0.657633900642395,-0.07035065442323685,0.43595457077026367,0.6353901624679565,-0.099403977394104,0.42369508743286133,0.5902000069618225,-0.1259775608778,0.43541646003723145,0.48005709052085876,-0.024941276758909225,0.4556849002838135,0.3729054033756256,-0.06755693256855011,0.43701931834220886,0.3891293406486511,-0.10162710398435593,0.42094868421554565,0.4428911805152893,-0.11841657757759094,0.3846099078655243,0.45629367232322693,-0.02455720864236355,0.40862616896629333,0.33114027976989746,-0.06794151663780212,0.379844069480896,0.3821732699871063,-0.10010021924972534,0.3691524863243103,0.4453832507133484,-0.11292564123868942,0.337077796459198,0.4456733167171478,-0.030611250549554825,0.3565008342266083,0.33652132749557495,-0.06280283629894257,0.3391629159450531,0.37227049469947815,-0.08030841499567032,0.32970309257507324,0.4344099760055542,-0.0843401700258255,0.294560968875885,0.4535713791847229,-0.041036467999219894,0.299769788980484,0.3733225464820862,-0.05864028260111809,0.2962322533130646,0.3888167440891266,-0.06400976330041885,0.2953864336013794,0.4296727776527405,-0.06374046951532364,c
0.3005591034889221,0.685338020324707,-1.8906558807429974e-07,0.3567594885826111,0.6826280355453491,-0.03925347700715065,0.4136701822280884,0.6551454067230225,-0.06520983576774597,0.4384556710720062,0.6320058703422546,-0.09289754927158356,0.4240778386592865,0.5874087810516357,-0.11819132417440414,0.43495216965675354,0.4773687422275543,-0.021611304953694344,0.454911470413208,0.36881881952285767,-0.0627593845129013,0.4361085295677185,0.3875727355480194,-0.0961456447839737,0.4207029342651367,0.44139784574508667,-0.11269378662109375,0.38418638706207275,0.4547777473926544,-0.02215898036956787,0.408237487077713,0.32924771308898926,-0.06410770863294601,0.37938547134399414,0.38185325264930725,-0.09554299712181091,0.3685173988342285,0.445197731256485,-0.10830134153366089,0.33652207255363464,0.4438125193119049,-0.028849944472312927,0.3566027879714966,0.3326200246810913,-0.059517279267311096,0.3393738865852356,0.36992332339286804,-0.07587075233459473,0.33003851771354675,0.4333943724632263,-0.07945680618286133,0.29446032643318176,0.4510010778903961,-0.039715904742479324,0.3005397915840149,0.3696064352989197,-0.05591030791401863,0.297055721282959,0.38622722029685974,-0.0602889321744442,0.2961902618408203,0.4279608726501465,-0.059603407979011536,c
0.300498366355896,0.6839002370834351,-1.7305693233993225e-07,0.3595845401287079,0.6803472638130188,-0.038984619081020355,0.4179791212081909,0.6505002379417419,-0.06413919478654861,0.44070252776145935,0.6229709386825562,-0.09104597568511963,0.42378318309783936,0.5779208540916443,-0.11563141644001007,0.43438711762428284,0.47529229521751404,-0.020541701465845108,0.45342591404914856,0.3669193983078003,-0.062011294066905975,0.4370540678501129,0.3840709328651428,-0.09523002803325653,0.4227921962738037,0.4380891025066376,-0.11139102280139923,0.3840368986129761,0.4523909091949463,-0.021288221701979637,0.40689027309417725,0.32588887214660645,-0.06329711526632309,0.37972259521484375,0.3773614466190338,-0.0944000631570816,0.36908066272735596,0.4409325122833252,-0.10668403655290604,0.336452841758728,0.44240185618400574,-0.028293201699852943,0.3551970422267914,0.3299352526664734,-0.05913969501852989,0.33848947286605835,0.3664921820163727,-0.0752473920583725,0.3294273018836975,0.42902955412864685,-0.07851476222276688,0.2932247519493103,0.45045313239097595,-0.039460159838199615,0.2970644533634186,0.36955657601356506,-0.0557180680334568,0.2942512035369873,0.3839549422264099,-0.06012769043445587,0.2940141558647156,0.4235575199127197,-0.0593770369887352,c
0.30335143208503723,0.6843423247337341,-1.3216255467796145e-07,0.3583974838256836,0.6775626540184021,-0.039646975696086884,0.4143354892730713,0.6479607820510864,-0.06534221768379211,0.44139042496681213,0.6279357671737671,-0.09265835583209991,0.4318540096282959,0.5897150635719299,-0.11752341687679291,0.43532243371009827,0.4692058563232422,-0.01871570758521557,0.45420825481414795,0.36519914865493774,-0.05973587557673454,0.43859535455703735,0.3809678554534912,-0.09352267533540726,0.42364954948425293,0.43302956223487854,-0.1102098673582077,0.3845008909702301,0.4461815357208252,-0.019294554367661476,0.40730035305023193,0.32454782724380493,-0.061965588480234146,0.38261303305625916,0.3756391108036041,-0.09450303018093109,0.3713275194168091,0.43979203701019287,-0.10743732005357742,0.3361946642398834,0.4375876188278198,-0.026343557983636856,0.3547705411911011,0.32979515194892883,-0.05761229619383812,0.3402893543243408,0.3633041977882385,-0.07594835013151169,0.3312440812587738,0.4231712222099304,-0.08048678934574127,0.29292842745780945,0.4481152594089508,-0.03758595511317253,0.29666081070899963,0.36820366978645325,-0.053804077208042145,0.29462194442749023,0.37975502014160156,-0.05937281250953674,0.2946183979511261,0.41535985469818115,-0.059430643916130066,c
0.3067367672920227,0.6820942163467407,-1.5556173593722633e-07,0.36466285586357117,0.676662802696228,-0.03792068362236023,0.42699968814849854,0.6420513391494751,-0.06144843250513077,0.44667327404022217,0.6131865382194519,-0.08627400547266006,0.43245235085487366,0.573188304901123,-0.10868938267230988,0.43435561656951904,0.4690942168235779,-0.02144756354391575,0.4522652328014374,0.357120156288147,-0.06334692984819412,0.4401211738586426,0.37590375542640686,-0.09668219834566116,0.4277348816394806,0.43055152893066406,-0.11270684748888016,0.3822181522846222,0.44787299633026123,-0.022504299879074097,0.40160977840423584,0.3214799761772156,-0.06545567512512207,0.38321226835250854,0.3740619421005249,-0.09712115675210953,0.3747386336326599,0.44045576453208923,-0.10997047275304794,0.3344627618789673,0.4408639371395111,-0.029633216559886932,0.3508863151073456,0.323919415473938,-0.06183556467294693,0.3400487005710602,0.36219727993011475,-0.07840753346681595,0.3328685462474823,0.4235852062702179,-0.08184152096509933,0.28983074426651,0.45139023661613464,-0.04064052551984787,0.2938779294490814,0.3685277998447418,-0.05885531008243561,0.2938093841075897,0.38307124376296997,-0.0641302540898323,0.29401373863220215,0.41960886120796204,-0.06363554298877716,c
0.3123922348022461,0.6834439039230347,-7.009403901747646e-08,0.3701266050338745,0.6725190877914429,-0.038037147372961044,0.42558056116104126,0.6400136351585388,-0.06377343088388443,0.45788609981536865,0.6143976449966431,-0.09091195464134216,0.46146759390830994,0.5729712247848511,-0.11534498631954193,0.43802911043167114,0.46767550706863403,-0.021416140720248222,0.4551520347595215,0.3587101697921753,-0.0627751275897026,0.4454837143421173,0.3713858723640442,-0.09496629983186722,0.4342133700847626,0.424634724855423,-0.1098291426897049,0.3865479826927185,0.44672316312789917,-0.022350065410137177,0.4036860466003418,0.32261571288108826,-0.06316951662302017,0.3889676034450531,0.3696948289871216,-0.09080103784799576,0.3829805552959442,0.43439629673957825,-0.10068982094526291,0.3375778794288635,0.44115111231803894,-0.029756393283605576,0.35076507925987244,0.3255438506603241,-0.059858255088329315,0.3435634672641754,0.35816413164138794,-0.07181629538536072,0.33947041630744934,0.41496098041534424,-0.07246692478656769,0.29036349058151245,0.45157355070114136,-0.04135113209486008,0.2930437922477722,0.3690868616104126,-0.0590633824467659,0.2947494387626648,0.3812203109264374,-0.06183663383126259,0.29684215784072876,0.41661641001701355,-0.0589853934943676,c
0.31329411268234253,0.6792548298835754,-7.435735227545592e-08,0.3714863061904907,0.6717150211334229,-0.03917707875370979,0.42814648151397705,0.6404728889465332,-0.06558897346258163,0.46031495928764343,0.6171619296073914,-0.09327376633882523,0.46225741505622864,0.5755409598350525,-0.11859172582626343,0.438413143157959,0.4693487286567688,-0.02571488544344902,0.45515933632850647,0.35716956853866577,-0.06832490116357803,0.44670844078063965,0.3700565695762634,-0.10116841644048691,0.4359874129295349,0.42354050278663635,-0.11641459167003632,0.38692033290863037,0.448623389005661,-0.026569651439785957,0.403920441865921,0.3221495747566223,-0.06889519840478897,0.3906097710132599,0.3705887496471405,-0.0982857272028923,0.3848186731338501,0.43738001585006714,-0.10973180830478668,0.33816075325012207,0.44300657510757446,-0.03373376652598381,0.35130009055137634,0.32390910387039185,-0.06486322730779648,0.34505513310432434,0.3577914535999298,-0.07917628437280655,0.34077805280685425,0.41713976860046387,-0.08167797327041626,0.2909358739852905,0.4527222216129303,-0.04501465708017349,0.2937159836292267,0.3674190938472748,-0.06359496712684631,0.2955508232116699,0.3805144727230072,-0.06819938123226166,0.29683467745780945,0.41844305396080017,-0.06705586612224579,c
0.3206925094127655,0.6891711354255676,1.530819915274151e-08,0.38177934288978577,0.6738477349281311,-0.03409896418452263,0.4391791522502899,0.6401998996734619,-0.0587155856192112,0.4749622344970703,0.6107627153396606,-0.08552166819572449,0.4725859463214874,0.5658152103424072,-0.11033788323402405,0.43994054198265076,0.4681023061275482,-0.018994133919477463,0.4538257420063019,0.3582543730735779,-0.05874231457710266,0.4547261595726013,0.36424630880355835,-0.08931732922792435,0.4475150406360626,0.41604143381118774,-0.10245674848556519,0.3892054855823517,0.4490269720554352,-0.021385768428444862,0.4032303988933563,0.3250376284122467,-0.058781035244464874,0.4004457890987396,0.3680884838104248,-0.08383219689130783,0.3983815014362335,0.43388956785202026,-0.09271073341369629,0.34115904569625854,0.44593459367752075,-0.029926177114248276,0.35137808322906494,0.3259904086589813,-0.05754799395799637,0.35523828864097595,0.3558254837989807,-0.06860878318548203,0.35530373454093933,0.41503509879112244,-0.0693088173866272,0.29278698563575745,0.4569619297981262,-0.04238221049308777,0.29688403010368347,0.3678656220436096,-0.05988011881709099,0.30629879236221313,0.37870681285858154,-0.06296239793300629,0.31165286898612976,0.41855767369270325,-0.06032681465148926,c
0.3290351927280426,0.6903554201126099,2.0948878898252588e-07,0.3933480978012085,0.6692172288894653,-0.032473720610141754,0.45354804396629333,0.6335357427597046,-0.05819369852542877,0.499357134103775,0.609107255935669,-0.0857350081205368,0.5154082179069519,0.5578826069831848,-0.11256581544876099,0.4385422170162201,0.4558105766773224,-0.02727372944355011,0.45443788170814514,0.3479364514350891,-0.0641411617398262,0.4764409363269806,0.361385703086853,-0.09585973620414734,0.4857024550437927,0.4078313410282135,-0.11183525621891022,0.39382442831993103,0.4429556727409363,-0.030666274949908257,0.4070441722869873,0.31866776943206787,-0.0647701770067215,0.43076378107070923,0.35691434144973755,-0.09360045939683914,0.4377443194389343,0.41908302903175354,-0.10839281231164932,0.34904390573501587,0.44397640228271484,-0.03843354433774948,0.3576522469520569,0.32488006353378296,-0.06307943910360336,0.3831510543823242,0.35599252581596375,-0.07738693058490753,0.3903461992740631,0.41328558325767517,-0.08304844051599503,0.3019190728664398,0.4596390426158905,-0.04966224730014801,0.3121638298034668,0.36871105432510376,-0.06789054721593857,0.3364168107509613,0.3820211887359619,-0.07276085019111633,0.3469621539115906,0.42324331402778625,-0.07259531319141388,c
0.33164334297180176,0.6965069770812988,2.8133683827036293e-07,0.40114718675613403,0.6670360565185547,-0.02533622458577156,0.467140257358551,0.6295457482337952,-0.046025872230529785,0.5148807168006897,0.6027218103408813,-0.06915457546710968,0.5305488109588623,0.5479772686958313,-0.09202086925506592,0.4381771683692932,0.45961126685142517,-0.01712539792060852,0.4608922302722931,0.35283881425857544,-0.0515189953148365,0.48813924193382263,0.36165401339530945,-0.08258770406246185,0.5043027400970459,0.40432024002075195,-0.09842229634523392,0.3977333605289459,0.44623830914497375,-0.022346356883645058,0.418645977973938,0.325927197933197,-0.054041579365730286,0.44973254203796387,0.348177045583725,-0.0830097571015358,0.46429550647735596,0.40619707107543945,-0.09846369177103043,0.3539438545703888,0.4470369517803192,-0.031793925911188126,0.3679773509502411,0.32824864983558655,-0.05573008954524994,0.4001171588897705,0.34636393189430237,-0.07126788049936295,0.4173210859298706,0.3994103670120239,-0.07775990664958954,0.3064813017845154,0.46286308765411377,-0.04408546909689903,0.32017168402671814,0.37274661660194397,-0.06352075934410095,0.3514164388179779,0.3746897280216217,-0.07037997990846634,0.37387707829475403,0.4088461697101593,-0.07121521979570389,c
0.3335307538509369,0.7019160985946655,3.0775862569498713e-07,0.40553274750709534,0.668129563331604,-0.026086924597620964,0.4696921706199646,0.627444863319397,-0.04866495728492737,0.5200448036193848,0.6002407073974609,-0.07383494079113007,0.5484893918037415,0.5513863563537598,-0.0999109297990799,0.4399210214614868,0.4687093496322632,-0.023463265970349312,0.47012001276016235,0.3677235245704651,-0.05813242867588997,0.502066969871521,0.3805240988731384,-0.08914430439472198,0.5253323912620544,0.4162912964820862,-0.1076422780752182,0.4049977660179138,0.4569748342037201,-0.030702821910381317,0.43536344170570374,0.3431217670440674,-0.06423114240169525,0.47616785764694214,0.36277270317077637,-0.09618377685546875,0.5020352602005005,0.4068679213523865,-0.1164807453751564,0.3637096583843231,0.45793113112449646,-0.04191945120692253,0.3836950659751892,0.34129583835601807,-0.07023605704307556,0.42676132917404175,0.3594267666339874,-0.09050210565328598,0.4561878442764282,0.4057610034942627,-0.10190420597791672,0.3173221945762634,0.4733457565307617,-0.05573214963078499,0.33293384313583374,0.3825952112674713,-0.07912661135196686,0.369327574968338,0.38535749912261963,-0.08947180956602097,0.39781057834625244,0.41895821690559387,-0.09460664540529251,c
0.3346618413925171,0.6998512744903564,3.0273915285761177e-07,0.41063931584358215,0.6704857349395752,-0.019663196057081223,0.4821494519710541,0.6321734189987183,-0.038897641003131866,0.5345431566238403,0.6049668788909912,-0.061665624380111694,0.5654712319374084,0.5583480596542358,-0.08495704084634781,0.448236346244812,0.47653862833976746,-0.016682201996445656,0.4830702543258667,0.3781259059906006,-0.04891972616314888,0.5193237662315369,0.3908970355987549,-0.07711184769868851,0.5432183742523193,0.4242737591266632,-0.09350630640983582,0.41572386026382446,0.4630207419395447,-0.026208680123090744,0.44783005118370056,0.343262255191803,-0.060534898191690445,0.4926685690879822,0.36886268854141235,-0.09015678614377975,0.5151407718658447,0.4215117394924164,-0.10693162679672241,0.3781757950782776,0.4608418047428131,-0.039055969566106796,0.3992665708065033,0.3378508388996124,-0.06687925010919571,0.44538766145706177,0.3618815243244171,-0.0840180367231369,0.4716097414493561,0.41381534934043884,-0.09193989634513855,0.3365675210952759,0.4726566672325134,-0.05415785312652588,0.3550093472003937,0.3839956820011139,-0.07731153815984726,0.395494669675827,0.3879915475845337,-0.08712708204984665,0.42466893792152405,0.42256519198417664,-0.09101027995347977,c
0.34118229150772095,0.7020008563995361,3.2447780995426e-07,0.41848695278167725,0.670646607875824,-0.01803981140255928,0.4902166724205017,0.6308525800704956,-0.03664473071694374,0.5442450642585754,0.6024580597877502,-0.0589420460164547,0.5800764560699463,0.5565621256828308,-0.08137830346822739,0.45658770203590393,0.47518765926361084,-0.012843465432524681,0.4935627579689026,0.37862783670425415,-0.04392775893211365,0.53058260679245,0.39577972888946533,-0.07113663107156754,0.5546552538871765,0.43165335059165955,-0.08730384707450867,0.4260557293891907,0.4622795283794403,-0.02318567968904972,0.461718887090683,0.347001850605011,-0.056844692677259445,0.5083293914794922,0.37584245204925537,-0.08502029627561569,0.5318807363510132,0.427162766456604,-0.1010420173406601,0.3901018798351288,0.4606141746044159,-0.037096552550792694,0.41576725244522095,0.34017351269721985,-0.06564558297395706,0.4646977484226227,0.3671188950538635,-0.08139938116073608,0.4936367869377136,0.41819024085998535,-0.0882829800248146,0.350142240524292,0.4729175865650177,-0.05315496027469635,0.37323009967803955,0.3865041136741638,-0.07704837620258331,0.41571730375289917,0.3911708891391754,-0.08622738718986511,0.446212500333786,0.42243409156799316,-0.08961109817028046,c
0.348415344953537,0.7019580602645874,3.690629455377348e-07,0.4273228347301483,0.6710769534111023,-0.017757350578904152,0.49825403094291687,0.6318478584289551,-0.036722950637340546,0.5521001815795898,0.602463960647583,-0.059222299605607986,0.5897088050842285,0.5567985773086548,-0.0818726047873497,0.4663083553314209,0.4769247770309448,-0.014452883042395115,0.5035727620124817,0.3822785019874573,-0.0454866886138916,0.5419930815696716,0.3967726230621338,-0.07217404991388321,0.5689389109611511,0.42892831563949585,-0.08843182772397995,0.43596845865249634,0.46382588148117065,-0.025193938985466957,0.47168222069740295,0.3484590947628021,-0.059142258018255234,0.5200657844543457,0.373812198638916,-0.08643624931573868,0.5468586683273315,0.422270804643631,-0.1020749881863594,0.4002821445465088,0.4633389115333557,-0.039436668157577515,0.42725518345832825,0.34338700771331787,-0.06919106096029282,0.4778314530849457,0.3676425516605377,-0.08467493951320648,0.5098483562469482,0.41597312688827515,-0.09137564897537231,0.3613876700401306,0.4773976802825928,-0.05571727082133293,0.3847866356372833,0.3938165307044983,-0.08094148337841034,0.4281802177429199,0.39542484283447266,-0.09078435599803925,0.4608229994773865,0.42245766520500183,-0.09466994553804398,c
0.3542935252189636,0.703425407409668,3.6806332559535804e-07,0.4326941668987274,0.672802209854126,-0.017354905605316162,0.5039412379264832,0.6284621357917786,-0.03759407997131348,0.5593411922454834,0.5998613238334656,-0.062351398169994354,0.5981793403625488,0.5522208213806152,-0.08716147392988205,0.4710868299007416,0.4732692837715149,-0.01593000628054142,0.509161114692688,0.36727675795555115,-0.05222032591700554,0.5509097576141357,0.3894466459751129,-0.08224480599164963,0.5753578543663025,0.4317740201950073,-0.09921689331531525,0.4406179189682007,0.46369779109954834,-0.02851100265979767,0.47821104526519775,0.3388769030570984,-0.06810034066438675,0.5295509099960327,0.3756868541240692,-0.09932456910610199,0.5525365471839905,0.43394529819488525,-0.1159110739827156,0.4060799479484558,0.46471571922302246,-0.04469267651438713,0.4341546595096588,0.3392009735107422,-0.07653184980154037,0.4888724684715271,0.37194737792015076,-0.09293076395988464,0.5189030766487122,0.4273303747177124,-0.09924658387899399,0.36854198575019836,0.47939327359199524,-0.06310037523508072,0.39341801404953003,0.39357656240463257,-0.08893822878599167,0.44002336263656616,0.399109423160553,-0.09937654435634613,0.47219496965408325,0.4311280846595764,-0.10324966162443161,c
0.35194793343544006,0.704379141330719,2.982272917506634e-07,0.433106929063797,0.6713505983352661,-0.014831106178462505,0.504406213760376,0.6275393962860107,-0.03424128144979477,0.5607396960258484,0.5989583134651184,-0.05865703895688057,0.6005510091781616,0.55573570728302,-0.0831184834241867,0.4712778925895691,0.4748418629169464,-0.01519883330911398,0.5103492140769958,0.3677457571029663,-0.05075307562947273,0.5496758818626404,0.39145976305007935,-0.07952617853879929,0.5721185207366943,0.43301957845687866,-0.09574026614427567,0.44079098105430603,0.4652576744556427,-0.028641054406762123,0.47931158542633057,0.33798640966415405,-0.06754306703805923,0.529522716999054,0.37654033303260803,-0.09718756377696991,0.551620602607727,0.43377751111984253,-0.11289738863706589,0.4064375162124634,0.46579405665397644,-0.04538251459598541,0.43449506163597107,0.3354708254337311,-0.07706497609615326,0.4880635738372803,0.37040039896965027,-0.09280087053775787,0.5166429877281189,0.4272148311138153,-0.09869536757469177,0.369245707988739,0.47879812121391296,-0.0640917718410492,0.3963721692562103,0.3930368423461914,-0.08995208889245987,0.4431114196777344,0.3988262414932251,-0.10054263472557068,0.47533631324768066,0.429763525724411,-0.10464149713516235,c
0.35185039043426514,0.7055202722549438,2.476125189332379e-07,0.4332904517650604,0.6735581159591675,-0.011786808259785175,0.5044228434562683,0.6262816190719604,-0.029261188581585884,0.5622137188911438,0.5963872075080872,-0.0524895079433918,0.6028326749801636,0.5545708537101746,-0.07575402408838272,0.4731963574886322,0.4726012051105499,-0.010666942223906517,0.5112051963806152,0.36280784010887146,-0.045661114156246185,0.5503023266792297,0.3881629407405853,-0.07453200221061707,0.570777952671051,0.4314621686935425,-0.0906999260187149,0.44333481788635254,0.4648864269256592,-0.025408154353499413,0.48118335008621216,0.335721492767334,-0.06347593665122986,0.5297362208366394,0.37777435779571533,-0.09304004162549973,0.5494550466537476,0.4361361265182495,-0.10864017903804779,0.4099045395851135,0.4660910367965698,-0.043429113924503326,0.4375758767127991,0.3349858522415161,-0.07427935302257538,0.4907473027706146,0.37177759408950806,-0.08993566036224365,0.5177025198936462,0.4294477701187134,-0.0958210900425911,0.37364017963409424,0.47864875197410583,-0.06324368715286255,0.4001743793487549,0.39116355776786804,-0.08832255005836487,0.44689592719078064,0.3983292579650879,-0.09874045103788376,0.47850367426872253,0.43003106117248535,-0.10287182033061981,c
0.3514079749584198,0.7016579508781433,2.6804687536241545e-07,0.4350353479385376,0.6701803803443909,-0.011427843943238258,0.5052385330200195,0.6200039982795715,-0.02923370711505413,0.5644880533218384,0.5900594592094421,-0.05340179055929184,0.6077526807785034,0.5487780570983887,-0.07761725038290024,0.47174209356307983,0.4667915403842926,-0.009678716771304607,0.509863555431366,0.35480910539627075,-0.04676463082432747,0.5519607067108154,0.3814183175563812,-0.07792601734399796,0.5745806097984314,0.4259219169616699,-0.09579294174909592,0.44245782494544983,0.460311621427536,-0.025327159091830254,0.4801856577396393,0.3294496536254883,-0.06618276983499527,0.5309188365936279,0.3740810751914978,-0.09865661710500717,0.552087664604187,0.4344927966594696,-0.1160796508193016,0.41026628017425537,0.46197229623794556,-0.044391341507434845,0.4381328225135803,0.3317950963973999,-0.07650428265333176,0.49408435821533203,0.3697624206542969,-0.09413977712392807,0.5232967138290405,0.4284973442554474,-0.10140972584486008,0.3761821389198303,0.4749008119106293,-0.06533751636743546,0.40317052602767944,0.3901304006576538,-0.09079764038324356,0.45110052824020386,0.39748018980026245,-0.10259848088026047,0.48413917422294617,0.42885348200798035,-0.10801029205322266,c
0.35411500930786133,0.7053312659263611,2.97101962587476e-07,0.43635526299476624,0.6701423525810242,-0.009311599656939507,0.5058261752128601,0.6135125160217285,-0.025532878935337067,0.5656865239143372,0.5813974142074585,-0.04849982634186745,0.6087769269943237,0.5428130626678467,-0.07153768837451935,0.46697336435317993,0.45984870195388794,-0.008194446563720703,0.5031353831291199,0.3455996513366699,-0.04572378844022751,0.5480426549911499,0.37090492248535156,-0.07709856331348419,0.5741451978683472,0.4157435894012451,-0.0950079932808876,0.43854832649230957,0.4561256468296051,-0.02489919774234295,0.4766254723072052,0.32496654987335205,-0.06619103997945786,0.5311751365661621,0.36726808547973633,-0.0984610915184021,0.5552652478218079,0.428016722202301,-0.11545298993587494,0.40766581892967224,0.4610150158405304,-0.0449475422501564,0.4359939694404602,0.3320460915565491,-0.07760022580623627,0.49493101239204407,0.368088960647583,-0.09515342861413956,0.5263023376464844,0.42646560072898865,-0.10194270312786102,0.37503114342689514,0.4774819314479828,-0.06675895303487778,0.40280207991600037,0.392212450504303,-0.09252294898033142,0.45251691341400146,0.39820098876953125,-0.10419465601444244,0.48735132813453674,0.42981743812561035,-0.10916116833686829,c
0.3537408709526062,0.7035835981369019,2.797489457861957e-07,0.4360601305961609,0.6661666631698608,-0.009422332048416138,0.5061772465705872,0.6085560321807861,-0.025648990646004677,0.5668122172355652,0.5732172131538391,-0.04871480539441109,0.609491229057312,0.5324079990386963,-0.07128285616636276,0.4647817313671112,0.45645755529403687,-0.0036871759220957756,0.49787306785583496,0.341069757938385,-0.03952718526124954,0.5429994463920593,0.3651343584060669,-0.06968125700950623,0.5679004788398743,0.40996497869491577,-0.08658666908740997,0.43753781914711,0.45205262303352356,-0.01959727518260479,0.47489550709724426,0.3211715817451477,-0.058655109256505966,0.5294922590255737,0.36122843623161316,-0.08960491418838501,0.552240252494812,0.42050957679748535,-0.10579404979944229,0.40776023268699646,0.4555741548538208,-0.039216503500938416,0.43675410747528076,0.3266580104827881,-0.06999694555997849,0.49516355991363525,0.36123016476631165,-0.08620189875364304,0.5252513885498047,0.4183962643146515,-0.09224829077720642,0.37623536586761475,0.47073227167129517,-0.060704272240400314,0.4054364562034607,0.3884946405887604,-0.0846562385559082,0.4547785818576813,0.3936341404914856,-0.09535125643014908,0.48863911628723145,0.42412739992141724,-0.09974442422389984,c
0.35299837589263916,0.7051747441291809,3.5814005627798906e-07,0.43489742279052734,0.6624844670295715,-0.011340522207319736,0.5045544505119324,0.5997085571289062,-0.028078634291887283,0.5648334622383118,0.5608914494514465,-0.051467832177877426,0.6081886291503906,0.5147531628608704,-0.07383538037538528,0.456652969121933,0.44641104340553284,-0.0009491395903751254,0.4889121651649475,0.33308178186416626,-0.03826911747455597,0.5364623665809631,0.35352057218551636,-0.07012820243835449,0.5655866265296936,0.39691877365112305,-0.08794515579938889,0.42805564403533936,0.44251102209091187,-0.01615764945745468,0.46452924609184265,0.3146597146987915,-0.057251911610364914,0.5224006175994873,0.3519989252090454,-0.08982520550489426,0.5504299998283386,0.4110121428966522,-0.10622578859329224,0.399004191160202,0.44788792729377747,-0.03560598939657211,0.4275684952735901,0.32423916459083557,-0.06826681643724442,0.48966822028160095,0.35549241304397583,-0.0852271020412445,0.5253898501396179,0.41044461727142334,-0.09079654514789581,0.37069302797317505,0.4671458899974823,-0.05715510994195938,0.4038308262825012,0.3881238102912903,-0.08125949651002884,0.45499709248542786,0.392156183719635,-0.09133221954107285,0.49139559268951416,0.42020195722579956,-0.09464950114488602,c
0.35372698307037354,0.6986345052719116,3.321495114505524e-07,0.437397837638855,0.6539066433906555,-0.008971421979367733,0.5067468285560608,0.5924920439720154,-0.02644003927707672,0.565911591053009,0.555892825126648,-0.051441363990306854,0.6093323230743408,0.511663556098938,-0.07573291659355164,0.4535391926765442,0.4388105273246765,-0.0013424595817923546,0.4843788146972656,0.3251793682575226,-0.04059987887740135,0.5336947441101074,0.34778648614883423,-0.07341970503330231,0.5643328428268433,0.39201149344444275,-0.09176123887300491,0.4258979856967926,0.4374479651451111,-0.018806684762239456,0.46255379915237427,0.3091041147708893,-0.06092097982764244,0.5219230651855469,0.3467790484428406,-0.0937683954834938,0.5513582825660706,0.4044131934642792,-0.11081168800592422,0.39756879210472107,0.4454159736633301,-0.04055016115307808,0.4266178607940674,0.32080087065696716,-0.0752139613032341,0.49052828550338745,0.35176026821136475,-0.09272323548793793,0.5281543731689453,0.40540507435798645,-0.09877979010343552,0.37066659331321716,0.466531902551651,-0.06408602744340897,0.4045446813106537,0.3870537579059601,-0.09049272537231445,0.4579829275608063,0.389812171459198,-0.10174151510000229,0.49665355682373047,0.4162431061267853,-0.10600223392248154,c
0.3498223125934601,0.701913058757782,3.708099995947123e-07,0.4329094886779785,0.6561850309371948,-0.008949886076152325,0.5032233595848083,0.5912742614746094,-0.026310304179787636,0.5636001825332642,0.5527349710464478,-0.051250532269477844,0.6079017519950867,0.5080569982528687,-0.07540937513113022,0.4499247968196869,0.43879422545433044,-0.00021421618293970823,0.48164424300193787,0.3250385522842407,-0.0382036529481411,0.5328986048698425,0.34578776359558105,-0.07038797438144684,0.5661775469779968,0.3884837031364441,-0.08876699954271317,0.42208826541900635,0.437296599149704,-0.018038548529148102,0.45991793274879456,0.30799591541290283,-0.05948156490921974,0.522445797920227,0.34239402413368225,-0.09227203577756882,0.5546151399612427,0.39962905645370483,-0.10941199213266373,0.3938156068325043,0.4454571008682251,-0.04016231372952461,0.42351409792900085,0.31882625818252563,-0.07473544031381607,0.4905881881713867,0.3485625088214874,-0.09243769943714142,0.5307159423828125,0.4020196795463562,-0.09872277826070786,0.367392897605896,0.46755513548851013,-0.06410614401102066,0.40194571018218994,0.38740426301956177,-0.09129789471626282,0.4567270874977112,0.3906044065952301,-0.10295365005731583,0.49637600779533386,0.41827064752578735,-0.10736997425556183,c
0.3494865298271179,0.7021267414093018,3.6685574400507903e-07,0.4346219599246979,0.6542314887046814,-0.007942462339997292,0.5044456720352173,0.5902050137519836,-0.024800723418593407,0.5647525191307068,0.5524274706840515,-0.049453720450401306,0.6084119081497192,0.5086318254470825,-0.07338050752878189,0.45026737451553345,0.43692874908447266,0.001155619160272181,0.4812532365322113,0.32665568590164185,-0.036744050681591034,0.5326884388923645,0.34654489159584045,-0.06893429905176163,0.5673978328704834,0.38765645027160645,-0.08757468312978745,0.4222235083580017,0.43534108996391296,-0.016987482085824013,0.45924919843673706,0.30857253074645996,-0.05861542373895645,0.5214152336120605,0.3421590030193329,-0.0911819189786911,0.5550798177719116,0.39805975556373596,-0.10821907967329025,0.39366769790649414,0.4435950815677643,-0.039453115314245224,0.4235084056854248,0.31956031918525696,-0.07486588507890701,0.4900294542312622,0.34892362356185913,-0.09256745129823685,0.5311790108680725,0.4015893042087555,-0.09868922084569931,0.3670787811279297,0.46558013558387756,-0.06366179883480072,0.40228378772735596,0.38769853115081787,-0.0919046700000763,0.45714226365089417,0.39129915833473206,-0.10413036495447159,0.49835675954818726,0.4180687665939331,-0.10877743363380432,c
0.3475354313850403,0.6992076635360718,3.5803199693873466e-07,0.431760311126709,0.6533762216567993,-0.009986385703086853,0.502609372138977,0.59156334400177,-0.027598241344094276,0.5627987384796143,0.5531906485557556,-0.05245474725961685,0.6071042418479919,0.5093414783477783,-0.07658278197050095,0.4508321285247803,0.43934157490730286,-0.00018364965217188,0.48125380277633667,0.3287559747695923,-0.03726525232195854,0.5311486124992371,0.34684741497039795,-0.06893127411603928,0.5642926692962646,0.386661171913147,-0.08726359903812408,0.4232819974422455,0.4366946220397949,-0.01691259816288948,0.458452045917511,0.30815625190734863,-0.05825108289718628,0.5191667079925537,0.341389536857605,-0.09100691974163055,0.5511650443077087,0.3969959020614624,-0.10812157392501831,0.39451709389686584,0.4434071481227875,-0.03787247836589813,0.42209818959236145,0.3165375590324402,-0.07245656847953796,0.4876304268836975,0.34571734070777893,-0.09026706218719482,0.5273227691650391,0.399014949798584,-0.0965660884976387,0.3666125535964966,0.46352139115333557,-0.06066657230257988,0.3994807004928589,0.38364315032958984,-0.08765827864408493,0.45327630639076233,0.3868030905723572,-0.09936275333166122,0.4930581748485565,0.4141741096973419,-0.10383345186710358,c
0.3437541723251343,0.6971136927604675,3.547452820384933e-07,0.42791426181793213,0.6547868251800537,-0.010471892543137074,0.5006639361381531,0.5947005748748779,-0.026913484558463097,0.5611858367919922,0.5554855465888977,-0.05031168460845947,0.6062284111976624,0.5107296705245972,-0.07297509908676147,0.4527380168437958,0.44231289625167847,0.0017420060466974974,0.4839029908180237,0.33269646763801575,-0.03277331590652466,0.5323910117149353,0.348957359790802,-0.0625792071223259,0.5650880336761475,0.3852168023586273,-0.080044224858284,0.4255464971065521,0.4370216131210327,-0.014201758429408073,0.46090102195739746,0.3106198310852051,-0.053108636289834976,0.5202857255935669,0.3422013521194458,-0.08374585956335068,0.5517188906669617,0.3956959545612335,-0.09975960105657578,0.3964935541152954,0.4405575394630432,-0.03453720360994339,0.42495641112327576,0.31511741876602173,-0.06761579215526581,0.48808616399765015,0.3448111414909363,-0.08376924693584442,0.5259737968444824,0.3980664312839508,-0.08917831629514694,0.3673272132873535,0.4562767446041107,-0.056901782751083374,0.3990325331687927,0.37520191073417664,-0.0832376629114151,0.4515174627304077,0.380484938621521,-0.0938248559832573,0.4899594485759735,0.4105987846851349,-0.09742281585931778,c
0.33986741304397583,0.7024959921836853,3.801826267135766e-07,0.42451438307762146,0.6588093042373657,-0.011898954398930073,0.49826276302337646,0.5978622436523438,-0.028204258531332016,0.5594255328178406,0.5598406791687012,-0.050976190716028214,0.6030409932136536,0.5134984850883484,-0.07306283712387085,0.4511270821094513,0.44264718890190125,0.0005919010145589709,0.48521286249160767,0.3355467915534973,-0.03451211750507355,0.5329453945159912,0.35073959827423096,-0.0653190091252327,0.5653371810913086,0.3863673210144043,-0.08350448310375214,0.4226783812046051,0.4366551637649536,-0.014693590812385082,0.4595082998275757,0.3121713399887085,-0.05495515093207359,0.5180562734603882,0.344501793384552,-0.08712616562843323,0.5492003560066223,0.3991842269897461,-0.1037910059094429,0.39199167490005493,0.4404281675815582,-0.03433021530508995,0.4204832911491394,0.31461185216903687,-0.06820272654294968,0.483052521944046,0.3448631763458252,-0.08538661152124405,0.5212964415550232,0.39903029799461365,-0.0910358726978302,0.36077311635017395,0.45783406496047974,-0.05606446415185928,0.39205676317214966,0.3756718337535858,-0.08260292559862137,0.44417575001716614,0.3797132074832916,-0.09357038885354996,0.48317763209342957,0.4087902307510376,-0.09720925986766815,c
0.3348078727722168,0.7007201313972473,3.6342512998999155e-07,0.4200476408004761,0.6577057838439941,-0.01448640413582325,0.4945222735404968,0.6030960083007812,-0.03293416649103165,0.5545969605445862,0.5670218467712402,-0.05719152092933655,0.600867748260498,0.5223686695098877,-0.08085915446281433,0.45048922300338745,0.44779327511787415,-0.002975819166749716,0.4844546616077423,0.34079456329345703,-0.03845356032252312,0.5310088396072388,0.35767215490341187,-0.06958509236574173,0.5626678466796875,0.3932313323020935,-0.08820410817861557,0.4227726459503174,0.4396935701370239,-0.016901470720767975,0.45907312631607056,0.3147848844528198,-0.0570010170340538,0.5162917375564575,0.34751030802726746,-0.08951222896575928,0.5473475456237793,0.4006592333316803,-0.10703826695680618,0.39198899269104004,0.4407697021961212,-0.035168394446372986,0.4198303520679474,0.3126577138900757,-0.06930982321500778,0.481190025806427,0.34282660484313965,-0.08720846474170685,0.5191940069198608,0.39699190855026245,-0.09375272691249847,0.35894593596458435,0.4555228352546692,-0.05558772012591362,0.38871216773986816,0.37251436710357666,-0.0824977457523346,0.440005362033844,0.3783808648586273,-0.09381596744060516,0.4783543348312378,0.40944159030914307,-0.09792210161685944,c
0.33136802911758423,0.7020115256309509,3.6914769907525624e-07,0.41585370898246765,0.661713182926178,-0.016028834506869316,0.4911952018737793,0.60917067527771,-0.03536923602223396,0.5514092445373535,0.5745648741722107,-0.05974283814430237,0.5957006216049194,0.5299392938613892,-0.08362988382577896,0.44941022992134094,0.4519839882850647,-0.010644154623150826,0.4873632490634918,0.3440930247306824,-0.04680216684937477,0.5324615240097046,0.36533987522125244,-0.0773831158876419,0.561671793460846,0.403406023979187,-0.09519440680742264,0.4196368455886841,0.4431416094303131,-0.023711010813713074,0.45805439352989197,0.3158864974975586,-0.06347933411598206,0.5135691165924072,0.35177525877952576,-0.09441199153661728,0.5416467189788818,0.4065569043159485,-0.11099383980035782,0.3865264356136322,0.4441550374031067,-0.04066431522369385,0.4151006042957306,0.31238141655921936,-0.07399299740791321,0.47285860776901245,0.34592950344085693,-0.0902230441570282,0.5060920119285583,0.4026643633842468,-0.09578251093626022,0.3505207300186157,0.4587436318397522,-0.05985239893198013,0.3806801736354828,0.3727072477340698,-0.08636998385190964,0.43045392632484436,0.37814435362815857,-0.09697230905294418,0.4659162163734436,0.4091561436653137,-0.10060371458530426,c
0.32699790596961975,0.6997452974319458,3.428596642152115e-07,0.4092872738838196,0.6657127141952515,-0.017440030351281166,0.4872901141643524,0.6130009889602661,-0.03749464824795723,0.5480520725250244,0.5820418000221252,-0.06191736087203026,0.5902875065803528,0.537680447101593,-0.08608783036470413,0.4476661682128906,0.45330312848091125,-0.01696086674928665,0.48900532722473145,0.34005290269851685,-0.05247525870800018,0.5341193079948425,0.3641902208328247,-0.08253906667232513,0.5599228143692017,0.4068521559238434,-0.09991662204265594,0.41683968901634216,0.4460589289665222,-0.029430095106363297,0.4622323513031006,0.31500983238220215,-0.06809377670288086,0.5153831243515015,0.3551473021507263,-0.09989303350448608,0.5367016792297363,0.4137159287929535,-0.11784886568784714,0.3817978501319885,0.4464976489543915,-0.04513579234480858,0.4163316786289215,0.310648113489151,-0.07760404050350189,0.47256797552108765,0.3487676978111267,-0.09529632329940796,0.498845636844635,0.4095590114593506,-0.10281886160373688,0.34251049160957336,0.4588415026664734,-0.06284163147211075,0.37868526577949524,0.3690626621246338,-0.08986102789640427,0.4265631437301636,0.378447949886322,-0.10093431919813156,0.4548451602458954,0.4130556583404541,-0.10548640787601471,c
0.3230823278427124,0.6982874274253845,2.983649665111443e-07,0.4047927260398865,0.6640434861183167,-0.01868402399122715,0.48187896609306335,0.6193920373916626,-0.040274977684020996,0.5411927700042725,0.592283308506012,-0.06637482345104218,0.5836063027381897,0.5497629046440125,-0.09220476448535919,0.44958052039146423,0.46092116832733154,-0.01654619164764881,0.49512138962745667,0.34585487842559814,-0.05485454946756363,0.5344948768615723,0.37147873640060425,-0.08745347708463669,0.5538166761398315,0.41733700037002563,-0.1055326983332634,0.4168892204761505,0.45012935996055603,-0.028010999783873558,0.4650309085845947,0.3191087543964386,-0.06769492477178574,0.5120779275894165,0.3590080142021179,-0.1012510359287262,0.5294033885002136,0.41796600818634033,-0.12016475945711136,0.37995874881744385,0.4475161135196686,-0.043044935911893845,0.416583776473999,0.3135741353034973,-0.07485494762659073,0.46838951110839844,0.3497864305973053,-0.09335316717624664,0.49254700541496277,0.409118115901947,-0.1016244888305664,0.33795562386512756,0.4566887617111206,-0.060182489454746246,0.3735414147377014,0.370621919631958,-0.08574536442756653,0.41998857259750366,0.3791913390159607,-0.09670931100845337,0.4489576518535614,0.41126689314842224,-0.10131130367517471,c
0.3237851858139038,0.7044962644577026,2.829192169429007e-07,0.40372171998023987,0.6719542145729065,-0.020103316754102707,0.47861823439598083,0.6296707391738892,-0.043382562696933746,0.5349231362342834,0.6067693829536438,-0.07075542211532593,0.57281893491745,0.561933159828186,-0.09842965006828308,0.4496106803417206,0.46313801407814026,-0.024588990956544876,0.49387961626052856,0.34529343247413635,-0.06607948243618011,0.531927227973938,0.37286901473999023,-0.10089054703712463,0.5491600036621094,0.4234989881515503,-0.11972137540578842,0.415378212928772,0.45386868715286255,-0.03612104430794716,0.46063312888145447,0.31934791803359985,-0.07762991636991501,0.5057078003883362,0.3623012900352478,-0.11200319975614548,0.5200114250183105,0.4252077341079712,-0.13148266077041626,0.37626999616622925,0.4533855617046356,-0.05097762495279312,0.4113837778568268,0.3164554834365845,-0.08318952471017838,0.460921972990036,0.355071485042572,-0.10199068486690521,0.48106950521469116,0.4173617959022522,-0.11069445312023163,0.3315044939517975,0.4651181101799011,-0.06796309351921082,0.3646005094051361,0.3735625445842743,-0.09428981691598892,0.41061660647392273,0.38251206278800964,-0.10577212274074554,0.43775731325149536,0.41665780544281006,-0.11083180457353592,c
0.3204599618911743,0.7017067074775696,2.3179057961897342e-07,0.39967507123947144,0.6760173439979553,-0.02307826280593872,0.4750064015388489,0.6375818252563477,-0.04796016588807106,0.530087947845459,0.6162856817245483,-0.07651062309741974,0.5657258033752441,0.5680186748504639,-0.10506486892700195,0.45258456468582153,0.46832937002182007,-0.026021601632237434,0.49581727385520935,0.34881073236465454,-0.06946974247694016,0.5311174392700195,0.3782670497894287,-0.10700187087059021,0.5441378355026245,0.43167898058891296,-0.12723642587661743,0.4163949191570282,0.4567052721977234,-0.03614306077361107,0.4591212272644043,0.32223182916641235,-0.07853832840919495,0.49947524070739746,0.36901867389678955,-0.11418015509843826,0.5099878311157227,0.4334811866283417,-0.13450774550437927,0.3756813406944275,0.4540007412433624,-0.05003289878368378,0.4105573296546936,0.3167774975299835,-0.08247087895870209,0.4556398093700409,0.35675618052482605,-0.10153595358133316,0.4708104729652405,0.42035266757011414,-0.110520139336586,0.32919222116470337,0.4633665680885315,-0.06628338247537613,0.3632631003856659,0.3722357749938965,-0.09286991506814957,0.4064581096172333,0.3835449814796448,-0.10436321794986725,0.4292612075805664,0.4186912178993225,-0.10944129526615143,c
0.31659048795700073,0.7034795880317688,2.6296922328583605e-07,0.3963997960090637,0.6796566843986511,-0.02513045072555542,0.47067028284072876,0.6488814949989319,-0.05004679411649704,0.5249202847480774,0.6295357942581177,-0.07793520390987396,0.5560401678085327,0.5779532194137573,-0.10593542456626892,0.44947075843811035,0.4750177264213562,-0.028056077659130096,0.4902755320072174,0.3583992123603821,-0.07012289017438889,0.5248315334320068,0.3842635154724121,-0.1062287762761116,0.5396178364753723,0.43409445881843567,-0.12578868865966797,0.4123517870903015,0.4608212411403656,-0.03697758540511131,0.45293566584587097,0.32544171810150146,-0.07868113368749619,0.4917794167995453,0.36887598037719727,-0.1140143945813179,0.5020118355751038,0.43466466665267944,-0.1338179111480713,0.37073951959609985,0.4577661454677582,-0.049515802413225174,0.40380918979644775,0.32365882396698,-0.08071338385343552,0.4459739327430725,0.360115110874176,-0.0996621698141098,0.46047109365463257,0.422382652759552,-0.10843215137720108,0.3232036828994751,0.46796518564224243,-0.0646875649690628,0.3533196449279785,0.3787247836589813,-0.09009682387113571,0.3946508765220642,0.3862585425376892,-0.10160306841135025,0.4180506467819214,0.41987520456314087,-0.10655336827039719,c
0.31397169828414917,0.7032418251037598,2.5657789137767395e-07,0.39222922921180725,0.6843095421791077,-0.026319285854697227,0.462857723236084,0.656665027141571,-0.05353381484746933,0.5154285430908203,0.6409620046615601,-0.0836452841758728,0.5465297102928162,0.5884214043617249,-0.11440459638834,0.4483300745487213,0.4849081337451935,-0.0346137136220932,0.4873049855232239,0.36275604367256165,-0.07932037115097046,0.5206187963485718,0.3876305818557739,-0.11806495487689972,0.5338298082351685,0.4401218295097351,-0.13905350863933563,0.4100564122200012,0.4693440794944763,-0.04360334947705269,0.44980084896087646,0.33327579498291016,-0.08646301180124283,0.4862472712993622,0.374399870634079,-0.12314493209123611,0.4944321811199188,0.4409024715423584,-0.1442558765411377,0.3672102391719818,0.4652867913246155,-0.05603564903140068,0.4011020362377167,0.32816070318222046,-0.08601312339305878,0.4399222135543823,0.36052221059799194,-0.1053457111120224,0.45140501856803894,0.42372238636016846,-0.11519816517829895,0.3184394836425781,0.4745522141456604,-0.07127692550420761,0.34517982602119446,0.38189029693603516,-0.09611129015684128,0.38405489921569824,0.38382893800735474,-0.10836159437894821,0.40602895617485046,0.41616785526275635,-0.11414303630590439,c
0.30776262283325195,0.6996247172355652,2.526607545405568e-07,0.38370317220687866,0.687204897403717,-0.02879251353442669,0.4564515948295593,0.6635753512382507,-0.0550321526825428,0.5097956657409668,0.6485654711723328,-0.08371022343635559,0.5372955799102783,0.595178484916687,-0.11269257217645645,0.4462120234966278,0.48803409934043884,-0.031271759420633316,0.48596030473709106,0.3694504499435425,-0.07272398471832275,0.5164551734924316,0.3918660283088684,-0.10929054766893387,0.5253080129623413,0.44342342019081116,-0.12876595556735992,0.40739619731903076,0.46921712160110474,-0.03818430006504059,0.44774654507637024,0.33490490913391113,-0.07877276837825775,0.4796363115310669,0.3773728609085083,-0.11539941281080246,0.48294389247894287,0.44604453444480896,-0.13628128170967102,0.36436212062835693,0.46145617961883545,-0.04871118441224098,0.399363249540329,0.3283233046531677,-0.07742346823215485,0.4341050982475281,0.3630701005458832,-0.09758249670267105,0.44053253531455994,0.42886829376220703,-0.10778436064720154,0.31480643153190613,0.4665452539920807,-0.06222850829362869,0.34388652443885803,0.37500566244125366,-0.08617085218429565,0.3805445730686188,0.38201484084129333,-0.09813817590475082,0.3978709578514099,0.4208970069885254,-0.1035299152135849,c
0.30393385887145996,0.7015049457550049,2.3465126730570773e-07,0.3723471164703369,0.6954923272132874,-0.031811363995075226,0.4427338242530823,0.6713509559631348,-0.059416040778160095,0.49499109387397766,0.660722017288208,-0.08917230367660522,0.522559642791748,0.6078595519065857,-0.11965978890657425,0.4443082809448242,0.49586769938468933,-0.03687877207994461,0.4845214784145355,0.3750375509262085,-0.07952142506837845,0.5139848589897156,0.39579927921295166,-0.11786043643951416,0.5204139947891235,0.44932863116264343,-0.13833411037921906,0.4043724536895752,0.4742617905139923,-0.04277331009507179,0.44386184215545654,0.3382840156555176,-0.08293744921684265,0.47392046451568604,0.38000166416168213,-0.12170122563838959,0.4751211702823639,0.450120210647583,-0.14470645785331726,0.3601866662502289,0.4641469419002533,-0.05214843526482582,0.3948102593421936,0.33019089698791504,-0.079546257853508,0.4267762005329132,0.36292219161987305,-0.10280020534992218,0.4290631115436554,0.4298836886882782,-0.11610253155231476,0.30927774310112,0.46728160977363586,-0.06460161507129669,0.3392397463321686,0.3714534044265747,-0.08723118901252747,0.37299832701683044,0.3813360929489136,-0.10001632571220398,0.3849896788597107,0.4254724085330963,-0.10673053562641144,c
0.3006206154823303,0.6966373324394226,2.3100730572878092e-07,0.36339667439460754,0.6987290978431702,-0.0380038358271122,0.432378351688385,0.6756762862205505,-0.06816145032644272,0.4842277467250824,0.6686486601829529,-0.09954574704170227,0.5112796425819397,0.6181420683860779,-0.1310904175043106,0.4447244703769684,0.49751418828964233,-0.04176429286599159,0.4826969802379608,0.3756251335144043,-0.0865616500377655,0.5082206130027771,0.39468005299568176,-0.12610775232315063,0.5108498930931091,0.45063915848731995,-0.1466236710548401,0.4035555422306061,0.4732350707054138,-0.04471883177757263,0.4418100118637085,0.3394510746002197,-0.0859263613820076,0.46777617931365967,0.3823966383934021,-0.12459537386894226,0.46649083495140076,0.4528564512729645,-0.14721712470054626,0.35837581753730774,0.46102020144462585,-0.05184635892510414,0.39408737421035767,0.32984450459480286,-0.08106664568185806,0.4218483567237854,0.364810049533844,-0.10472509264945984,0.41946831345558167,0.43217331171035767,-0.11784284561872482,0.306313157081604,0.46084707975387573,-0.06251207739114761,0.33958226442337036,0.3668389320373535,-0.08627627789974213,0.3683341145515442,0.38243329524993896,-0.09888776391744614,0.37288421392440796,0.43030744791030884,-0.10521569848060608,c
0.2943781018257141,0.6954500675201416,1.792517139165284e-07,0.354936420917511,0.701850950717926,-0.04002144932746887,0.4235649108886719,0.6831729412078857,-0.0703154131770134,0.4747508466243744,0.6748684644699097,-0.10175032168626785,0.4996700882911682,0.6233721971511841,-0.13275283575057983,0.4451967775821686,0.49954089522361755,-0.041102997958660126,0.48471391201019287,0.38113272190093994,-0.086321622133255,0.5044910907745361,0.3985259532928467,-0.1241195872426033,0.5019291639328003,0.4546840488910675,-0.14262251555919647,0.40288862586021423,0.471600741147995,-0.04292340949177742,0.44157594442367554,0.34132224321365356,-0.08493009954690933,0.4594447910785675,0.384782612323761,-0.12190259248018265,0.4552845358848572,0.4545589089393616,-0.14214026927947998,0.35705944895744324,0.45768067240715027,-0.04937787726521492,0.39120230078697205,0.3315105438232422,-0.07907751202583313,0.4127478003501892,0.3668096959590912,-0.10163334012031555,0.40882670879364014,0.43379226326942444,-0.11318632960319519,0.30458784103393555,0.45728325843811035,-0.05958041548728943,0.33362877368927,0.36539265513420105,-0.08263511210680008,0.35783320665359497,0.3814888596534729,-0.0943894162774086,0.36141830682754517,0.42979755997657776,-0.0994967445731163,c
0.29083186388015747,0.6950360536575317,1.613322240245907e-07,0.3482320010662079,0.702622652053833,-0.04405193403363228,0.41395536065101624,0.6855379939079285,-0.07627580314874649,0.4636945426464081,0.68121337890625,-0.10937174409627914,0.4870893359184265,0.6348780393600464,-0.1417303830385208,0.4464138448238373,0.5049130320549011,-0.040467310696840286,0.48471179604530334,0.39042532444000244,-0.08807976543903351,0.4973307251930237,0.39729803800582886,-0.12781283259391785,0.48984238505363464,0.45159393548965454,-0.1473296582698822,0.40175923705101013,0.4738125205039978,-0.04157286137342453,0.44005104899406433,0.34464067220687866,-0.08858252316713333,0.44727545976638794,0.3846810460090637,-0.12856680154800415,0.439729779958725,0.4584280252456665,-0.1489914059638977,0.3548043668270111,0.4589734375476837,-0.04811331629753113,0.3875425457954407,0.3344948887825012,-0.08174192160367966,0.4012383818626404,0.3619270920753479,-0.10855314880609512,0.3951161801815033,0.4292020797729492,-0.12162871658802032,0.30222153663635254,0.45858314633369446,-0.058635372668504715,0.3257066011428833,0.3681284785270691,-0.08294915407896042,0.34310996532440186,0.37902766466140747,-0.09712711721658707,0.3444864749908447,0.42635828256607056,-0.10361070185899734,c
0.29136785864830017,0.694699764251709,1.6133753888425417e-07,0.34763532876968384,0.7058441042900085,-0.04802287742495537,0.4129335880279541,0.6889004707336426,-0.0821758434176445,0.46134474873542786,0.6838216781616211,-0.11672800779342651,0.48116299510002136,0.6355014443397522,-0.1504407525062561,0.4480326771736145,0.5083186626434326,-0.04382452368736267,0.48407018184661865,0.3924697935581207,-0.09396523982286453,0.4954226613044739,0.39499545097351074,-0.1358165144920349,0.48525121808052063,0.44942471385002136,-0.15631620585918427,0.40166258811950684,0.4763855040073395,-0.04407860338687897,0.43837371468544006,0.34543460607528687,-0.0932428240776062,0.4423101246356964,0.38409119844436646,-0.13490653038024902,0.43288418650627136,0.45898428559303284,-0.1561257243156433,0.35385191440582275,0.4609251916408539,-0.05024323612451553,0.385877788066864,0.33767449855804443,-0.08604681491851807,0.39630427956581116,0.36324307322502136,-0.1148742064833641,0.38787609338760376,0.4308789074420929,-0.12897062301635742,0.30079221725463867,0.45981067419052124,-0.060711607336997986,0.32425457239151,0.3689260482788086,-0.08638197183609009,0.33813712000846863,0.3807101249694824,-0.10154751688241959,0.3359164297580719,0.42956018447875977,-0.10870295017957687,c
0.29168426990509033,0.6924808025360107,1.291258087121605e-07,0.34639447927474976,0.7041459083557129,-0.04719705134630203,0.40982678532600403,0.6895244121551514,-0.08086112886667252,0.4558163583278656,0.6852918863296509,-0.11501792818307877,0.4730266034603119,0.6386691331863403,-0.1482618898153305,0.44876888394355774,0.508906900882721,-0.041376303881406784,0.4838525056838989,0.39509817957878113,-0.09027286618947983,0.4920333921909332,0.3973243832588196,-0.13124598562717438,0.479478657245636,0.4512697458267212,-0.15128657221794128,0.40166497230529785,0.47680068016052246,-0.04134732484817505,0.4383639991283417,0.3472185730934143,-0.08846628665924072,0.4375147521495819,0.38454481959342957,-0.12864764034748077,0.42633092403411865,0.45674553513526917,-0.14914174377918243,0.35370704531669617,0.461239218711853,-0.04725595563650131,0.3867228031158447,0.3401039242744446,-0.08123710006475449,0.3928010165691376,0.36409538984298706,-0.1084912046790123,0.38245081901550293,0.4291883111000061,-0.12185164541006088,0.30119866132736206,0.46054261922836304,-0.05749688297510147,0.3237971067428589,0.3709604740142822,-0.08132252842187881,0.33583176136016846,0.3808247447013855,-0.09514880925416946,0.33386486768722534,0.4267619252204895,-0.10165271162986755,c
0.293390154838562,0.6901926398277283,1.5769813899169094e-07,0.3485368490219116,0.7024606466293335,-0.05116550251841545,0.41177380084991455,0.6872172355651855,-0.08711282163858414,0.4561634957790375,0.6819131374359131,-0.1231185793876648,0.4679814577102661,0.6415455341339111,-0.15820616483688354,0.45051470398902893,0.509231448173523,-0.04433416202664375,0.4833097755908966,0.3955598473548889,-0.09347643703222275,0.4902745485305786,0.3972681760787964,-0.13447873294353485,0.4776815176010132,0.45050081610679626,-0.15497200191020966,0.40190356969833374,0.47723326086997986,-0.04309139773249626,0.43679192662239075,0.3488263487815857,-0.09123692661523819,0.4348260164260864,0.3866496980190277,-0.13186205923557281,0.42378199100494385,0.4580336809158325,-0.15273456275463104,0.35308605432510376,0.46139761805534363,-0.04820576310157776,0.38568273186683655,0.3392462730407715,-0.08342360705137253,0.3907718360424042,0.3637276589870453,-0.11205737292766571,0.38001975417137146,0.4292794466018677,-0.12627951800823212,0.3006792366504669,0.4604097604751587,-0.05801808834075928,0.3226051330566406,0.3707137703895569,-0.08239869028329849,0.33267128467559814,0.3815840780735016,-0.09761662036180496,0.32861998677253723,0.42849838733673096,-0.10549627244472504,c
0.2928963899612427,0.6895372867584229,1.6126774937674782e-07,0.3462982177734375,0.7019131183624268,-0.052027709782123566,0.40876275300979614,0.6871249675750732,-0.08820840716362,0.45394229888916016,0.6805309057235718,-0.12428071349859238,0.4637764096260071,0.6382171511650085,-0.1591489464044571,0.44859087467193604,0.5083867311477661,-0.04421259090304375,0.48171815276145935,0.3967319428920746,-0.0929221659898758,0.48596179485321045,0.3981955647468567,-0.13275474309921265,0.4710635542869568,0.45176124572753906,-0.1523844301700592,0.39983388781547546,0.4758850634098053,-0.04219844564795494,0.4355219900608063,0.3497215509414673,-0.08904893696308136,0.4308120310306549,0.38511988520622253,-0.12790517508983612,0.41918763518333435,0.4542010426521301,-0.14759552478790283,0.35161498188972473,0.45984387397766113,-0.046846892684698105,0.3838367462158203,0.3388702869415283,-0.08079593628644943,0.38729506731033325,0.35913771390914917,-0.1084039956331253,0.3767468333244324,0.42146652936935425,-0.12227581441402435,0.30011358857154846,0.4592028558254242,-0.05637207627296448,0.32066792249679565,0.3717586398124695,-0.07962308079004288,0.33050063252449036,0.37975889444351196,-0.09467598795890808,0.327939510345459,0.42370694875717163,-0.10274845361709595,c
0.2944396436214447,0.6908838748931885,1.2058120546498685e-07,0.3496210277080536,0.7017686367034912,-0.04810993745923042,0.4127904772758484,0.6852951645851135,-0.08113149553537369,0.4555128812789917,0.6754776239395142,-0.11450211703777313,0.46062588691711426,0.629104733467102,-0.14649231731891632,0.4481760263442993,0.5045459270477295,-0.03794434666633606,0.4806220531463623,0.3950464129447937,-0.08433481305837631,0.4807897210121155,0.39827412366867065,-0.12212851643562317,0.4646395444869995,0.4519128203392029,-0.14048486948013306,0.3990710973739624,0.4728250503540039,-0.03705928474664688,0.4345243275165558,0.3475256562232971,-0.08138521760702133,0.4269104301929474,0.3814585208892822,-0.11793564260005951,0.4143410623073578,0.4498843252658844,-0.13594070076942444,0.35017967224121094,0.4587649703025818,-0.04272497072815895,0.38154444098472595,0.3373788297176361,-0.07545489817857742,0.3830585479736328,0.3578793406486511,-0.10077273100614548,0.3727905750274658,0.42043381929397583,-0.11271568387746811,0.29803839325904846,0.46108803153038025,-0.05295608192682266,0.31595999002456665,0.3734644055366516,-0.07545320689678192,0.32429513335227966,0.38061344623565674,-0.08880049735307693,0.32221072912216187,0.42358464002609253,-0.09524799883365631,c
0.2939625084400177,0.6912552118301392,9.140646284322429e-08,0.35065963864326477,0.6987351179122925,-0.04379892349243164,0.4146735668182373,0.6798328161239624,-0.0735880509018898,0.4579886496067047,0.6704844236373901,-0.1040918156504631,0.4663084149360657,0.6223079562187195,-0.13338376581668854,0.4438861608505249,0.49924102425575256,-0.034696295857429504,0.4775599539279938,0.3885250389575958,-0.08007072657346725,0.47892293334007263,0.3934687376022339,-0.11770417541265488,0.46409738063812256,0.4464123845100403,-0.13601060211658478,0.3961874544620514,0.46862518787384033,-0.03485722839832306,0.4297545552253723,0.3432842195034027,-0.07824306935071945,0.4259490668773651,0.37673166394233704,-0.11592069268226624,0.41523662209510803,0.44497421383857727,-0.13524924218654633,0.3476417064666748,0.4553650915622711,-0.041021041572093964,0.37590527534484863,0.334886372089386,-0.07269170880317688,0.3807460069656372,0.355754017829895,-0.09908081591129303,0.3731589615345001,0.4184226393699646,-0.11207237094640732,0.29581862688064575,0.4578516483306885,-0.05126000568270683,0.3129383623600006,0.37013596296310425,-0.07306474447250366,0.3236013650894165,0.3768041133880615,-0.08673395216464996,0.32417160272598267,0.41946256160736084,-0.09344491362571716,c
0.29472848773002625,0.691551148891449,1.657882364725083e-07,0.3505868911743164,0.6953357458114624,-0.04494296386837959,0.4131562411785126,0.6747800707817078,-0.07636502385139465,0.45920607447624207,0.6644265651702881,-0.108492910861969,0.4741556644439697,0.6170318722724915,-0.1400124579668045,0.44095730781555176,0.4943470060825348,-0.03644624352455139,0.47188296914100647,0.38353151082992554,-0.0815235823392868,0.4799819588661194,0.38167476654052734,-0.12003651261329651,0.4693199098110199,0.43154680728912354,-0.13917134702205658,0.393138587474823,0.46502527594566345,-0.0361407995223999,0.42273321747779846,0.33817213773727417,-0.07891421765089035,0.4253358542919159,0.3698544502258301,-0.1175108253955841,0.41791021823883057,0.4371241629123688,-0.138080894947052,0.3450186252593994,0.4540557861328125,-0.04165511205792427,0.3698135316371918,0.33370858430862427,-0.07336670160293579,0.37927865982055664,0.35403579473495483,-0.10098417848348618,0.37354522943496704,0.41762521862983704,-0.11522617936134338,0.292852520942688,0.45858246088027954,-0.0512680783867836,0.3092787265777588,0.36871975660324097,-0.07439098507165909,0.32318368554115295,0.3757367730140686,-0.08922489732503891,0.32557159662246704,0.42079785466194153,-0.09671792387962341,c
0.29300224781036377,0.6923172473907471,1.8904860610291507e-07,0.3495594561100006,0.694638192653656,-0.047423187643289566,0.4122111201286316,0.6710590124130249,-0.07993265986442566,0.4605630338191986,0.6583971381187439,-0.11295431852340698,0.48093199729919434,0.6135740280151367,-0.1451362818479538,0.4389897882938385,0.4908517599105835,-0.03635764867067337,0.4703451991081238,0.38274234533309937,-0.08069895952939987,0.4792729616165161,0.3792032301425934,-0.11862527579069138,0.4703196585178375,0.42544275522232056,-0.1379324495792389,0.39152464270591736,0.4627395272254944,-0.035300202667713165,0.4206992983818054,0.33619582653045654,-0.07834043353796005,0.42470303177833557,0.36931899189949036,-0.11690277606248856,0.4189368188381195,0.43619421124458313,-0.1374891996383667,0.3436349332332611,0.45183542370796204,-0.04037410393357277,0.3681987226009369,0.33122771978378296,-0.07306915521621704,0.3788168430328369,0.35345178842544556,-0.1007370725274086,0.3736531734466553,0.4181865453720093,-0.11478188633918762,0.2913258969783783,0.45548686385154724,-0.04980652779340744,0.30932682752609253,0.3650997281074524,-0.0740298330783844,0.324267715215683,0.3734620213508606,-0.08936531841754913,0.3259333372116089,0.42019549012184143,-0.0971219539642334,c
0.2990749478340149,0.6990039348602295,2.517645327770879e-07,0.35717836022377014,0.6937340497970581,-0.04365244880318642,0.4188251495361328,0.6647046208381653,-0.07581578940153122,0.4691745936870575,0.6502700448036194,-0.10909321159124374,0.49436241388320923,0.6021296977996826,-0.1418621987104416,0.4335780739784241,0.48328953981399536,-0.03706633672118187,0.46390846371650696,0.36929377913475037,-0.08222634345293045,0.480297327041626,0.3742658793926239,-0.11990527808666229,0.47542062401771545,0.42804980278015137,-0.13820746541023254,0.3880331814289093,0.4591200649738312,-0.037827249616384506,0.4143218398094177,0.329639196395874,-0.08055594563484192,0.4305623769760132,0.36577078700065613,-0.11791335791349411,0.4295591711997986,0.43619367480278015,-0.13752436637878418,0.34144285321235657,0.4512959420681,-0.04426489397883415,0.36159008741378784,0.3278975188732147,-0.07586031407117844,0.38222378492355347,0.35242241621017456,-0.10091755539178848,0.3823434114456177,0.41746798157691956,-0.11325836926698685,0.2889712154865265,0.45836248993873596,-0.054813552647829056,0.3058723509311676,0.36588555574417114,-0.0786488801240921,0.32823747396469116,0.37366095185279846,-0.09260836243629456,0.33513081073760986,0.4190441370010376,-0.09905248880386353,c
0.30701130628585815,0.7063367962837219,2.7356995246918814e-07,0.37314414978027344,0.6902033090591431,-0.03293953463435173,0.4381335377693176,0.653047502040863,-0.0590486042201519,0.4880222678184509,0.6340785026550293,-0.08714675903320312,0.5074065327644348,0.5792728662490845,-0.11522304266691208,0.42786338925361633,0.47610238194465637,-0.033050693571567535,0.45289164781570435,0.35694098472595215,-0.07443416118621826,0.47967424988746643,0.36706307530403137,-0.11052637547254562,0.48688480257987976,0.4182194769382477,-0.12865649163722992,0.38403692841529846,0.45903855562210083,-0.03788641840219498,0.40595245361328125,0.3207211494445801,-0.07608136534690857,0.434021532535553,0.3556686043739319,-0.10995496064424515,0.43826407194137573,0.42696434259414673,-0.12810549139976501,0.33776935935020447,0.4560205042362213,-0.04685404151678085,0.35575252771377563,0.3239731788635254,-0.07418125122785568,0.3848153054714203,0.350536584854126,-0.09318134933710098,0.39004307985305786,0.41516900062561035,-0.10191772133111954,0.28616994619369507,0.46709081530570984,-0.05918705463409424,0.3046765923500061,0.36931753158569336,-0.08145399391651154,0.3334399163722992,0.3767501711845398,-0.09110251069068909,0.34495484828948975,0.42093369364738464,-0.0941275879740715,c
0.3039611876010895,0.7053025960922241,2.935006477855495e-07,0.3786082863807678,0.682995080947876,-0.03188280016183853,0.44550085067749023,0.6447238326072693,-0.058175090700387955,0.496002197265625,0.6188620924949646,-0.08649597316980362,0.5230576395988464,0.5649702548980713,-0.11491413414478302,0.424473375082016,0.47027623653411865,-0.03129154443740845,0.4489714205265045,0.351462185382843,-0.07109199464321136,0.478619784116745,0.36025184392929077,-0.10573922097682953,0.49252447485923767,0.40575188398361206,-0.12413132190704346,0.3821962773799896,0.4561251103878021,-0.0368272140622139,0.4031863808631897,0.3169114589691162,-0.0768403485417366,0.4358375668525696,0.3493470549583435,-0.11184961348772049,0.4457501173019409,0.4188981354236603,-0.13075459003448486,0.337348610162735,0.4556431174278259,-0.046347688883543015,0.35574060678482056,0.3220701217651367,-0.07663032412528992,0.39074787497520447,0.3482014536857605,-0.09764169901609421,0.40180543065071106,0.41227346658706665,-0.10729356855154037,0.28764161467552185,0.46879222989082336,-0.058935072273015976,0.30674129724502563,0.3730238676071167,-0.08435571193695068,0.3407692611217499,0.37860092520713806,-0.0964750349521637,0.3583574593067169,0.4203774034976959,-0.10108385235071182,c
0.3075529932975769,0.7102445363998413,3.519395477269427e-07,0.3829910457134247,0.6811094284057617,-0.029230685904622078,0.4508020877838135,0.6381001472473145,-0.05440619960427284,0.5034074783325195,0.6100438833236694,-0.08127129077911377,0.5333800911903381,0.5555259585380554,-0.108390673995018,0.4218045473098755,0.4667949080467224,-0.033481501042842865,0.4456029534339905,0.3486661911010742,-0.07211228460073471,0.4795515239238739,0.3552316129207611,-0.10479740798473358,0.4987824857234955,0.3944854438304901,-0.1224784106016159,0.38193178176879883,0.4540378749370575,-0.040001146495342255,0.4036394953727722,0.31307920813560486,-0.07899346202611923,0.44299519062042236,0.3428967595100403,-0.11077487468719482,0.45816636085510254,0.41096875071525574,-0.12733379006385803,0.3384222388267517,0.45703938603401184,-0.049899499863386154,0.3538225591182709,0.32055240869522095,-0.0792536810040474,0.3939051628112793,0.3450224697589874,-0.09645438939332962,0.41167551279067993,0.40674206614494324,-0.10351700335741043,0.2899320423603058,0.4746895134449005,-0.06274402141571045,0.3055446743965149,0.37910300493240356,-0.08852400630712509,0.34285643696784973,0.379489928483963,-0.09959333389997482,0.36692920327186584,0.4154476523399353,-0.10309258103370667,c
0.3126373589038849,0.7132219076156616,3.267203112500283e-07,0.3913375437259674,0.6749647855758667,-0.022883037105202675,0.4603599011898041,0.6263970136642456,-0.04411497339606285,0.5138488411903381,0.5932406187057495,-0.06781379133462906,0.5447801947593689,0.5400118827819824,-0.0915953516960144,0.42373618483543396,0.4619285464286804,-0.026393497362732887,0.4463212490081787,0.34386587142944336,-0.06258521229028702,0.48231327533721924,0.35296595096588135,-0.09300369024276733,0.5053926110267639,0.38993051648139954,-0.1097276583313942,0.38485586643218994,0.4509800970554352,-0.03524986281991005,0.40655821561813354,0.31191712617874146,-0.070763498544693,0.44835057854652405,0.3372769355773926,-0.0977364256978035,0.4679279625415802,0.3972155749797821,-0.11173615604639053,0.34181612730026245,0.4562886953353882,-0.04759867861866951,0.3561350703239441,0.31886428594589233,-0.07640344649553299,0.3975541293621063,0.33954179286956787,-0.08994786441326141,0.42002344131469727,0.3945160508155823,-0.09460427612066269,0.294720858335495,0.4759936034679413,-0.06245775148272514,0.31222647428512573,0.38133326172828674,-0.08853870630264282,0.35104814171791077,0.3786846101284027,-0.09798672795295715,0.37877070903778076,0.40751582384109497,-0.1002776175737381,c
0.3170319199562073,0.7073811888694763,3.397504144686536e-07,0.3970160484313965,0.6650995016098022,-0.020810849964618683,0.4670570492744446,0.6161321401596069,-0.0411066897213459,0.5195666551589966,0.5806474089622498,-0.06461985409259796,0.5537964105606079,0.5289233326911926,-0.08884938061237335,0.4246504604816437,0.45505186915397644,-0.020645445212721825,0.44936320185661316,0.34575334191322327,-0.05322452262043953,0.4867667555809021,0.35300159454345703,-0.08212997764348984,0.5134610533714294,0.38040199875831604,-0.0994781032204628,0.38789045810699463,0.4457477927207947,-0.030471600592136383,0.409199595451355,0.31284308433532715,-0.06513038277626038,0.4556007385253906,0.3371981382369995,-0.09414708614349365,0.4802697002887726,0.39046141505241394,-0.11063175648450851,0.34735238552093506,0.4505675733089447,-0.04340239241719246,0.35890308022499084,0.3152633309364319,-0.0728873610496521,0.4048302471637726,0.33854836225509644,-0.08919615298509598,0.4316471815109253,0.3919079005718231,-0.0962115004658699,0.3037310540676117,0.4694126844406128,-0.05852338671684265,0.3217441141605377,0.37682539224624634,-0.08417417854070663,0.3630085587501526,0.3787054419517517,-0.09429752826690674,0.3922182321548462,0.40950241684913635,-0.09796100854873657,c
0.32097646594047546,0.7046398520469666,3.4211313959531253e-07,0.4017068147659302,0.661588728427887,-0.02074487693607807,0.47245335578918457,0.6080889701843262,-0.04146959260106087,0.5266270637512207,0.5722580552101135,-0.06576239317655563,0.5616893768310547,0.5183528661727905,-0.09085299074649811,0.4273759424686432,0.45231276750564575,-0.023125778883695602,0.4552115201950073,0.3386499881744385,-0.05691046640276909,0.49403518438339233,0.3473862409591675,-0.08567921817302704,0.520649790763855,0.3772546947002411,-0.10290083289146423,0.39224973320961,0.4439823031425476,-0.03422412648797035,0.41668814420700073,0.3088749349117279,-0.07130883634090424,0.46691083908081055,0.3346550464630127,-0.10215641558170319,0.4927506446838379,0.38948023319244385,-0.11965412646532059,0.353630393743515,0.4493110477924347,-0.048430804163217545,0.3678416311740875,0.31145262718200684,-0.07944437861442566,0.4184211790561676,0.3355395197868347,-0.09776099026203156,0.4481253921985626,0.38972097635269165,-0.10610710829496384,0.3125517964363098,0.46940818428993225,-0.06485697627067566,0.329537570476532,0.3732089400291443,-0.09218313544988632,0.3738711476325989,0.3725450932979584,-0.1049860417842865,0.4062371551990509,0.40233415365219116,-0.1107507273554802,c
0.3280555009841919,0.700516402721405,3.695012082971516e-07,0.41114842891693115,0.6509925723075867,-0.01790768653154373,0.4811065196990967,0.5971395969390869,-0.03773762658238411,0.5366870164871216,0.5603496432304382,-0.06209573149681091,0.5708262920379639,0.5060915946960449,-0.08714885264635086,0.4301076829433441,0.44403761625289917,-0.017490707337856293,0.4558226466178894,0.3319432735443115,-0.052981022745370865,0.49731165170669556,0.3404391407966614,-0.08354337513446808,0.5277917385101318,0.369170606136322,-0.10191776603460312,0.39676177501678467,0.4376848042011261,-0.03026866540312767,0.41825008392333984,0.3053674101829529,-0.06850352138280869,0.47210320830345154,0.32679861783981323,-0.1003575399518013,0.5036787390708923,0.37579917907714844,-0.11887289583683014,0.3604813814163208,0.4443548619747162,-0.046517513692379,0.3727131485939026,0.3096720278263092,-0.07889300584793091,0.42744261026382446,0.3301056921482086,-0.09825345128774643,0.4625425934791565,0.3805456757545471,-0.10731004178524017,0.32309892773628235,0.46561211347579956,-0.06489226967096329,0.3387831449508667,0.3731083273887634,-0.09190502017736435,0.38485395908355713,0.37268438935279846,-0.1043822318315506,0.4199751615524292,0.4019772708415985,-0.11013907194137573,c
0.3350486755371094,0.7027708292007446,3.9440334376195096e-07,0.4161566197872162,0.6531506180763245,-0.015850435942411423,0.4845309555530548,0.5932679176330566,-0.03608931228518486,0.5395277738571167,0.5552948713302612,-0.06165646016597748,0.5771083831787109,0.5051068067550659,-0.08807254582643509,0.4314993619918823,0.441576212644577,-0.019107641652226448,0.45780059695243835,0.3248904347419739,-0.05654696375131607,0.503117024898529,0.33526676893234253,-0.0876656249165535,0.5369529128074646,0.3666902780532837,-0.10637873411178589,0.3989786207675934,0.43873995542526245,-0.034324947744607925,0.42076215147972107,0.30239254236221313,-0.07559707015752792,0.48010313510894775,0.32518941164016724,-0.10825477540493011,0.5154819488525391,0.37438011169433594,-0.12678231298923492,0.36454570293426514,0.4483276307582855,-0.05274965614080429,0.3754502236843109,0.3087110221385956,-0.08750072866678238,0.4365484118461609,0.3300815224647522,-0.10645506531000137,0.47597503662109375,0.38081425428390503,-0.1146392971277237,0.3299216032028198,0.4727430045604706,-0.07319945096969604,0.34441298246383667,0.37639638781547546,-0.10222477465867996,0.3940674066543579,0.3741249144077301,-0.11496149003505707,0.4324663281440735,0.40222084522247314,-0.12056285887956619,c
0.33947479724884033,0.7026057839393616,4.014639216620708e-07,0.42160898447036743,0.650194525718689,-0.01580709032714367,0.491272896528244,0.5893585681915283,-0.03566524013876915,0.548449695110321,0.5486477613449097,-0.06106819584965706,0.587407112121582,0.4967021942138672,-0.0868537649512291,0.43824389576911926,0.43873777985572815,-0.011623848229646683,0.46173930168151855,0.3248459994792938,-0.047592706978321075,0.50688636302948,0.3322071433067322,-0.07814060151576996,0.5411669611930847,0.3619769811630249,-0.09660352766513824,0.4067046046257019,0.4350382089614868,-0.026020271703600883,0.4285903573036194,0.3025929629802704,-0.06672918051481247,0.48651084303855896,0.3240711987018585,-0.09916839003562927,0.5222076177597046,0.3732861280441284,-0.11699851602315903,0.3724181354045868,0.4434155523777008,-0.04421671852469444,0.38424256443977356,0.3099437355995178,-0.0782114714384079,0.4445933401584625,0.32949113845825195,-0.09629297256469727,0.48550716042518616,0.3778671622276306,-0.10365981608629227,0.33726492524147034,0.46610039472579956,-0.06461761146783829,0.35255855321884155,0.3754316568374634,-0.09210728108882904,0.4012611508369446,0.3712305724620819,-0.10402265191078186,0.44073060154914856,0.396200954914093,-0.10896563529968262,c
0.3435376286506653,0.7008570432662964,3.981926113283407e-07,0.42702826857566833,0.6497323513031006,-0.013392758555710316,0.49598175287246704,0.5861900448799133,-0.031236203387379646,0.5532301664352417,0.5446071624755859,-0.05513063445687294,0.5929997563362122,0.49357807636260986,-0.0792403295636177,0.4438442885875702,0.4349120557308197,-0.007200643420219421,0.46643224358558655,0.3221037983894348,-0.042963117361068726,0.5111664533615112,0.32691293954849243,-0.0735621526837349,0.546074390411377,0.3552560806274414,-0.0919514000415802,0.41157323122024536,0.43107935786247253,-0.02249385416507721,0.432125061750412,0.3007095456123352,-0.06348483264446259,0.49079328775405884,0.32167625427246094,-0.09571880847215652,0.5278365015983582,0.3696255087852478,-0.11307420581579208,0.37737709283828735,0.43957674503326416,-0.04172163084149361,0.3895014822483063,0.30788806080818176,-0.0769103616476059,0.4517432153224945,0.32735663652420044,-0.0953187420964241,0.4945245683193207,0.3749438524246216,-0.10235308855772018,0.34367865324020386,0.46250686049461365,-0.06295228004455566,0.36226433515548706,0.37324628233909607,-0.09151455014944077,0.41236186027526855,0.37107303738594055,-0.10380405932664871,0.4526931941509247,0.3965243101119995,-0.10865439474582672,c
0.3486984670162201,0.6992174386978149,3.877744063629507e-07,0.43275219202041626,0.6493972539901733,-0.012454533949494362,0.5027836561203003,0.5822766423225403,-0.031203927472233772,0.5603588819503784,0.5400529503822327,-0.056545037776231766,0.6011353135108948,0.48951125144958496,-0.0818525105714798,0.44631990790367126,0.4309632480144501,-0.009265905246138573,0.4670487642288208,0.3099275827407837,-0.048218365758657455,0.5143471956253052,0.31939697265625,-0.08053835481405258,0.5487571358680725,0.3570842742919922,-0.09908567368984222,0.41364431381225586,0.43011555075645447,-0.025890901684761047,0.4330068528652191,0.29363298416137695,-0.070102259516716,0.494563490152359,0.32011088728904724,-0.1040586456656456,0.5306285619735718,0.37603986263275146,-0.12161069363355637,0.3806714713573456,0.4402393698692322,-0.04633103311061859,0.3927364647388458,0.30422350764274597,-0.08246776461601257,0.45889389514923096,0.325516939163208,-0.10111361742019653,0.5023931860923767,0.37646567821502686,-0.10787106305360794,0.3492656648159027,0.46507859230041504,-0.06879701465368271,0.3688923418521881,0.3749621510505676,-0.09775372594594955,0.421393483877182,0.37101125717163086,-0.11067952960729599,0.4625791311264038,0.39553308486938477,-0.11575450003147125,c
0.3554925322532654,0.7008078098297119,3.807920165854739e-07,0.4390260875225067,0.6466678380966187,-0.011722478084266186,0.5084927678108215,0.5790996551513672,-0.029035402461886406,0.5661261081695557,0.5350337624549866,-0.05289629101753235,0.6098586320877075,0.4880634546279907,-0.0768231526017189,0.4538525342941284,0.4300227463245392,-0.003098322544246912,0.47902387380599976,0.31754302978515625,-0.03873826190829277,0.5243790745735168,0.32349807024002075,-0.069595567882061,0.5584373474121094,0.35342296957969666,-0.08796384185552597,0.42194169759750366,0.4274694621562958,-0.018658941611647606,0.44543787837028503,0.2981904447078705,-0.06038013473153114,0.503146231174469,0.32141268253326416,-0.09308142215013504,0.5383211970329285,0.3724682033061981,-0.10990779101848602,0.3883797526359558,0.43667080998420715,-0.03810467943549156,0.40244925022125244,0.30492109060287476,-0.07294850796461105,0.46470701694488525,0.3248383700847626,-0.09069427102804184,0.5073719024658203,0.373414009809494,-0.09675174206495285,0.35526561737060547,0.45951178669929504,-0.059500738978385925,0.3754429221153259,0.3716752529144287,-0.08742760866880417,0.4253807067871094,0.3666822910308838,-0.09944107383489609,0.46617040038108826,0.38821941614151,-0.10376037657260895,c
0.35879379510879517,0.6983587145805359,4.26835555344951e-07,0.4431415796279907,0.643008291721344,-0.012953278608620167,0.5118222236633301,0.5780897736549377,-0.03292825073003769,0.5684691071510315,0.537377119064331,-0.059648629277944565,0.6126461625099182,0.4885694980621338,-0.08686695992946625,0.4575628340244293,0.43086791038513184,-0.009425811469554901,0.48185133934020996,0.31504344940185547,-0.04778223857283592,0.5298552513122559,0.32074135541915894,-0.08018143475055695,0.5667617321014404,0.35121917724609375,-0.09958458691835403,0.42569050192832947,0.42951977252960205,-0.026349317282438278,0.44852590560913086,0.29510432481765747,-0.07005824893712997,0.5095183253288269,0.31770044565200806,-0.10444056987762451,0.5464155673980713,0.3692733645439148,-0.12291377037763596,0.3924722373485565,0.4400886297225952,-0.047055214643478394,0.40633633732795715,0.30425703525543213,-0.08354848623275757,0.4710456430912018,0.3237571716308594,-0.102652408182621,0.5139775276184082,0.373779833316803,-0.1099407821893692,0.3599366545677185,0.4651910960674286,-0.06970996409654617,0.38005587458610535,0.3738285303115845,-0.09920521080493927,0.43191781640052795,0.3683481514453888,-0.1121550127863884,0.4726218283176422,0.3923508822917938,-0.1173657774925232,c
0.35832464694976807,0.6952946186065674,4.455919793144858e-07,0.4416239559650421,0.6451795101165771,-0.017088763415813446,0.5128440260887146,0.5807216763496399,-0.03718487545847893,0.5709050297737122,0.5381317138671875,-0.06261476874351501,0.6161499619483948,0.4878622591495514,-0.0880870670080185,0.4647325873374939,0.43023210763931274,-0.00962652638554573,0.49322617053985596,0.321064829826355,-0.045540716499090195,0.5388184189796448,0.3229605555534363,-0.07662777602672577,0.5749235153198242,0.34724611043930054,-0.09587465226650238,0.4322105050086975,0.42418381571769714,-0.023363789543509483,0.45796874165534973,0.2954079508781433,-0.06594264507293701,0.5163955688476562,0.3160274624824524,-0.09999017417430878,0.5539196729660034,0.3646351099014282,-0.11819919943809509,0.39768490195274353,0.4310820698738098,-0.04100753366947174,0.4128795266151428,0.29975348711013794,-0.07706531137228012,0.474990576505661,0.31897467374801636,-0.09667102247476578,0.5188413858413696,0.366557776927948,-0.1043354868888855,0.3629884719848633,0.4534394443035126,-0.06089228764176369,0.38448572158813477,0.36712080240249634,-0.09059186279773712,0.43484261631965637,0.3636959195137024,-0.104264996945858,0.4763853847980499,0.3867461383342743,-0.10986793786287308,c
0.3594668209552765,0.6907026767730713,4.574181389216392e-07,0.44448915123939514,0.6400798559188843,-0.01470115501433611,0.5149753093719482,0.5781656503677368,-0.03402567654848099,0.5739597678184509,0.5388613343238831,-0.05944155156612396,0.6197980046272278,0.4914938509464264,-0.0852493941783905,0.4664546251296997,0.4276372492313385,-0.006179268471896648,0.49790456891059875,0.31972670555114746,-0.041282154619693756,0.5434203147888184,0.3207540512084961,-0.07229794561862946,0.5792608261108398,0.34418660402297974,-0.0916510596871376,0.43483418226242065,0.4213901460170746,-0.021392496302723885,0.4636111557483673,0.2934367060661316,-0.06346984952688217,0.5213942527770996,0.315806120634079,-0.09798294305801392,0.5574682950973511,0.36714184284210205,-0.11661627888679504,0.4008992910385132,0.4275648891925812,-0.04045521467924118,0.419233500957489,0.2980712056159973,-0.07587393373250961,0.48099035024642944,0.3196047246456146,-0.09566868096590042,0.5232456922531128,0.37110233306884766,-0.10354508459568024,0.36652159690856934,0.44858503341674805,-0.061618778854608536,0.38840728998184204,0.3614833950996399,-0.09029503166675568,0.4382261335849762,0.3582635521888733,-0.10360608249902725,0.4785391092300415,0.38254907727241516,-0.10918784141540527,c
0.36321526765823364,0.6907695531845093,4.5917312263554777e-07,0.4461633563041687,0.6418667435646057,-0.013811132870614529,0.5171000957489014,0.5775066614151001,-0.032427314668893814,0.5769495964050293,0.5382915139198303,-0.05701184645295143,0.6231469511985779,0.49126341938972473,-0.0819750428199768,0.4693620800971985,0.42533078789711,-0.007648673839867115,0.4999540150165558,0.31717970967292786,-0.04283599182963371,0.5454325079917908,0.3175014853477478,-0.07329371571540833,0.5826552510261536,0.34024983644485474,-0.09220675379037857,0.4375333786010742,0.4195559322834015,-0.023401016369462013,0.46522387862205505,0.29075324535369873,-0.06492329388856888,0.5238476395606995,0.31002745032310486,-0.0977751687169075,0.5622042417526245,0.3588162064552307,-0.11526079475879669,0.4035349488258362,0.42730239033699036,-0.04291406646370888,0.4219496548175812,0.29649001359939575,-0.07862189412117004,0.48393794894218445,0.3166593313217163,-0.0972495749592781,0.5278393030166626,0.3661993145942688,-0.10413823276758194,0.36987897753715515,0.45013993978500366,-0.06445832550525665,0.39128777384757996,0.36185547709465027,-0.09375406056642532,0.44130823016166687,0.3570534586906433,-0.10674142092466354,0.48292288184165955,0.3794404864311218,-0.11189424991607666,c
0.36814117431640625,0.6843578219413757,4.339565862210293e-07,0.45155319571495056,0.636469841003418,-0.014735243283212185,0.5212202668190002,0.5749260783195496,-0.03455721586942673,0.5804625749588013,0.536362886428833,-0.06041724234819412,0.6244775056838989,0.4872961640357971,-0.08674709498882294,0.47349944710731506,0.4213549494743347,-0.00938643142580986,0.5034821629524231,0.31156355142593384,-0.04490722715854645,0.5479929447174072,0.3137369751930237,-0.07552392035722733,0.5829069018363953,0.33818161487579346,-0.09430327266454697,0.44217461347579956,0.4163948893547058,-0.024673640727996826,0.47060462832450867,0.28636372089385986,-0.06721960753202438,0.5269433259963989,0.3111628293991089,-0.10109972208738327,0.5610634684562683,0.3641701340675354,-0.11888423562049866,0.40842607617378235,0.42328202724456787,-0.043546732515096664,0.4262135326862335,0.29102298617362976,-0.0785042867064476,0.48607534170150757,0.31411147117614746,-0.09733936190605164,0.5262416005134583,0.3663685917854309,-0.10439381003379822,0.37402069568634033,0.4444209635257721,-0.06458073109388351,0.39387476444244385,0.35488757491111755,-0.09273701906204224,0.44212788343429565,0.34934693574905396,-0.10600774735212326,0.4813578724861145,0.37165123224258423,-0.11157412827014923,c
0.366355299949646,0.6824643015861511,4.168821021721669e-07,0.45264172554016113,0.6353579759597778,-0.014696653932332993,0.523202121257782,0.5756847858428955,-0.03313838690519333,0.5810453295707703,0.5368115901947021,-0.057504184544086456,0.6240179538726807,0.48757725954055786,-0.08240512758493423,0.4764693081378937,0.4223787784576416,-0.006905822549015284,0.5066012144088745,0.3139422535896301,-0.04108843207359314,0.5508198738098145,0.3149843215942383,-0.07138310372829437,0.5860337018966675,0.3371342420578003,-0.09022066742181778,0.4449303448200226,0.41642335057258606,-0.02164122276008129,0.47226575016975403,0.2888457179069519,-0.062151405960321426,0.5281277298927307,0.31020045280456543,-0.09596721827983856,0.5633779764175415,0.35902631282806396,-0.11448653042316437,0.41090822219848633,0.42227548360824585,-0.04012611135840416,0.42765215039253235,0.2917868494987488,-0.07431599497795105,0.4860541522502899,0.3125128149986267,-0.09427803754806519,0.5259303450584412,0.3631333112716675,-0.10247665643692017,0.3764083683490753,0.44210100173950195,-0.060761839151382446,0.3965263366699219,0.3525553047657013,-0.0885344073176384,0.44348084926605225,0.3464212119579315,-0.1020704135298729,0.4816603362560272,0.36921000480651855,-0.10805895179510117,c
0.3679327964782715,0.6806650161743164,4.4724018266606436e-07,0.45380622148513794,0.6353490352630615,-0.01634182408452034,0.5235574841499329,0.5748713612556458,-0.035690147429704666,0.5821410417556763,0.5358734726905823,-0.060837067663669586,0.6246997117996216,0.48372170329093933,-0.08650650084018707,0.47520723938941956,0.42088237404823303,-0.0090496139600873,0.5042057037353516,0.31028497219085693,-0.044724076986312866,0.5492320656776428,0.31287604570388794,-0.07610952854156494,0.5847547650337219,0.33845949172973633,-0.09541870653629303,0.4436885714530945,0.41593703627586365,-0.0235474593937397,0.4708327054977417,0.28671687841415405,-0.06538538634777069,0.5281096696853638,0.3099246323108673,-0.10045701265335083,0.5638073086738586,0.3613843321800232,-0.1196451187133789,0.41006603837013245,0.4223671555519104,-0.04194027930498123,0.42683690786361694,0.29060643911361694,-0.07687094807624817,0.48657727241516113,0.3122003674507141,-0.09767647087574005,0.5268619656562805,0.3642730414867401,-0.10633563250303268,0.37631985545158386,0.4428507089614868,-0.06264610588550568,0.3961629867553711,0.35217851400375366,-0.09075993299484253,0.44354474544525146,0.34599635004997253,-0.10485795140266418,0.4816179871559143,0.3699014484882355,-0.11124677956104279,c
0.3720979690551758,0.6794120669364929,4.608446886322781e-07,0.4568173885345459,0.63592529296875,-0.0179635938256979,0.5271188020706177,0.5777304768562317,-0.03798681125044823,0.5843992233276367,0.5396566390991211,-0.06304488331079483,0.6250317692756653,0.48716750741004944,-0.08844538778066635,0.4770408570766449,0.42170625925064087,-0.013256752863526344,0.5074318647384644,0.3097921311855316,-0.04916344955563545,0.551741898059845,0.3119371235370636,-0.0802190974354744,0.586540937423706,0.337328165769577,-0.09917187690734863,0.44548583030700684,0.4159528613090515,-0.02655830606818199,0.4734780192375183,0.28481537103652954,-0.06812512874603271,0.5302971601486206,0.30617254972457886,-0.10301822423934937,0.5661320686340332,0.3570033013820648,-0.12231389433145523,0.4117310643196106,0.42186209559440613,-0.04354918375611305,0.42815375328063965,0.2900391221046448,-0.07844317704439163,0.48689910769462585,0.309698224067688,-0.09999033063650131,0.5271361470222473,0.3604380488395691,-0.10940727591514587,0.37774187326431274,0.4415057897567749,-0.06280665844678879,0.39755526185035706,0.3523247539997101,-0.09103161096572876,0.4438226521015167,0.3462868928909302,-0.10554187744855881,0.48114436864852905,0.36980605125427246,-0.11231960356235504,c
0.3741871118545532,0.6871479749679565,4.209310020542034e-07,0.456174373626709,0.6417844295501709,-0.01678546518087387,0.5286608934402466,0.5821954011917114,-0.03606853634119034,0.585894763469696,0.542169988155365,-0.06042540445923805,0.6251206994056702,0.48875951766967773,-0.08527787029743195,0.4794631004333496,0.42410168051719666,-0.010794621892273426,0.5109706521034241,0.3154173195362091,-0.045233942568302155,0.5545841455459595,0.3168569803237915,-0.07529786229133606,0.588233232498169,0.33855995535850525,-0.09358830004930496,0.44737184047698975,0.41849973797798157,-0.024121714755892754,0.476681113243103,0.2884446680545807,-0.06407494097948074,0.5316527485847473,0.312925785779953,-0.09651190787553787,0.5651193261146545,0.3625454306602478,-0.11380617320537567,0.41321560740470886,0.4250534772872925,-0.04104981943964958,0.43058958649635315,0.2914321720600128,-0.07487235963344574,0.48865175247192383,0.3147229254245758,-0.09333167225122452,0.5274176597595215,0.36577945947647095,-0.10026184469461441,0.3782806396484375,0.4455980956554413,-0.06016182526946068,0.39913785457611084,0.3537456691265106,-0.08773670345544815,0.4476439952850342,0.3513921797275543,-0.09993075579404831,0.4861830174922943,0.3767133355140686,-0.10462258756160736,c
0.37373995780944824,0.6901261806488037,3.848332710276736e-07,0.4560551345348358,0.6464294195175171,-0.01675581932067871,0.528445839881897,0.5872656106948853,-0.0368756540119648,0.5860938429832458,0.5482401847839355,-0.06220374256372452,0.6232278943061829,0.49515384435653687,-0.08817391097545624,0.4771577715873718,0.4300951659679413,-0.01504560373723507,0.5062934160232544,0.3151625692844391,-0.05141706019639969,0.5521130561828613,0.32139208912849426,-0.08272115886211395,0.5867812633514404,0.35014140605926514,-0.10150772333145142,0.44605553150177,0.42686450481414795,-0.028736062347888947,0.4735405743122101,0.29215365648269653,-0.06963570415973663,0.5298024415969849,0.3192937672138214,-0.10317718237638474,0.5631296634674072,0.3716987371444702,-0.12175295501947403,0.41283512115478516,0.43435558676719666,-0.04579518362879753,0.42874398827552795,0.2969664931297302,-0.07933279126882553,0.4882640540599823,0.31986355781555176,-0.09911087155342102,0.5262932777404785,0.37264880537986755,-0.10772895812988281,0.3787456154823303,0.4548237919807434,-0.06503569334745407,0.3985375165939331,0.3613545298576355,-0.09248685091733932,0.44679611921310425,0.3578330874443054,-0.10578077286481857,0.48387467861175537,0.3839837908744812,-0.11189098656177521,c
0.37443825602531433,0.6988435387611389,3.613958199366607e-07,0.455960750579834,0.6559371948242188,-0.01713087223470211,0.5290621519088745,0.5968589782714844,-0.03704846650362015,0.5864479541778564,0.5584518909454346,-0.06182919442653656,0.6205787658691406,0.5071471333503723,-0.08735167235136032,0.47857627272605896,0.4374362826347351,-0.0188632570207119,0.5087720155715942,0.32011404633522034,-0.05640151724219322,0.5533993244171143,0.3294680118560791,-0.08742143958806992,0.5867458581924438,0.3607596158981323,-0.10558951646089554,0.4464806020259857,0.4351145625114441,-0.03247171267867088,0.4755752682685852,0.29838281869888306,-0.07407617568969727,0.5302559733390808,0.32715165615081787,-0.10654672980308533,0.5624446272850037,0.38044363260269165,-0.12397994846105576,0.4118490517139435,0.44538414478302,-0.04931248351931572,0.42830175161361694,0.3074621558189392,-0.08329146355390549,0.4866437315940857,0.3305763304233551,-0.10187320411205292,0.5247729420661926,0.3820681571960449,-0.10938231647014618,0.3759227991104126,0.46931517124176025,-0.06830618530511856,0.3945114314556122,0.3739841878414154,-0.09611295163631439,0.4425501823425293,0.3690130114555359,-0.10866431146860123,0.48059600591659546,0.39342978596687317,-0.11399934440851212,c
0.3690962493419647,0.7078613042831421,3.64845902822708e-07,0.45144763588905334,0.6640406250953674,-0.01665434055030346,0.5266686677932739,0.6045714616775513,-0.0355590283870697,0.5862622857093811,0.5685039758682251,-0.059552982449531555,0.6172212958335876,0.5199599862098694,-0.08424284309148788,0.478233277797699,0.44742351770401,-0.015347296372056007,0.5116053819656372,0.33117422461509705,-0.05124470219016075,0.5557024478912354,0.34016335010528564,-0.08194349706172943,0.5878793001174927,0.3726239800453186,-0.10019691288471222,0.44607752561569214,0.4434439241886139,-0.02876226045191288,0.47847485542297363,0.3074277341365814,-0.06827683001756668,0.5327110290527344,0.33381563425064087,-0.10169846564531326,0.5640759468078613,0.3868064284324646,-0.12059749662876129,0.41058334708213806,0.4515816271305084,-0.045406680554151535,0.429353266954422,0.31250619888305664,-0.07842378318309784,0.4870421886444092,0.3352576494216919,-0.09919065237045288,0.5238536596298218,0.38794100284576416,-0.10882283747196198,0.3735488951206207,0.47322016954421997,-0.06407034397125244,0.39689046144485474,0.38121485710144043,-0.09154774993658066,0.44427061080932617,0.37808990478515625,-0.1053810641169548,0.4804590046405792,0.40420418977737427,-0.11215797811746597,c
0.37128883600234985,0.7128804326057434,3.622213284870668e-07,0.4558548629283905,0.6696722507476807,-0.017745455726981163,0.5304137468338013,0.6133019924163818,-0.03766942024230957,0.5889772772789001,0.5767331719398499,-0.06261835992336273,0.6187722086906433,0.5241379141807556,-0.08819326013326645,0.48027917742729187,0.4516223967075348,-0.017364412546157837,0.5130713582038879,0.334050714969635,-0.055526718497276306,0.5564118027687073,0.3434337377548218,-0.08761771023273468,0.5879992842674255,0.37553733587265015,-0.1064893826842308,0.4471186101436615,0.44797229766845703,-0.030741117894649506,0.47905880212783813,0.3129309415817261,-0.07364249974489212,0.5325124263763428,0.34373486042022705,-0.10851246863603592,0.5631303787231445,0.39916160702705383,-0.12762874364852905,0.4112676680088043,0.45649024844169617,-0.04750502482056618,0.4297877848148346,0.3190354108810425,-0.0823916494846344,0.4874380826950073,0.3439139425754547,-0.10368654131889343,0.5244704484939575,0.39833950996398926,-0.11312277615070343,0.3741750419139862,0.4790012240409851,-0.06645113974809647,0.39527761936187744,0.3863644003868103,-0.09482178837060928,0.4431047737598419,0.3837556838989258,-0.10928339511156082,0.4806452989578247,0.41082262992858887,-0.11621078848838806,c
0.37098726630210876,0.7159241437911987,3.7688505472033285e-07,0.4545768201351166,0.6744932532310486,-0.019064320251345634,0.5310683846473694,0.6171935796737671,-0.03935367986559868,0.5912703275680542,0.5813962817192078,-0.06421251595020294,0.6181163787841797,0.5270810723304749,-0.08969732373952866,0.47890135645866394,0.45672380924224854,-0.021066639572381973,0.5111034512519836,0.33837735652923584,-0.05987807735800743,0.5559749603271484,0.3487628698348999,-0.09220492094755173,0.5895130634307861,0.3810749053955078,-0.11118842661380768,0.4461784362792969,0.4527551531791687,-0.03392647206783295,0.47917190194129944,0.3161276876926422,-0.07723555713891983,0.5337197184562683,0.3485430181026459,-0.11200563609600067,0.56494140625,0.40509092807769775,-0.1310972422361374,0.41029301285743713,0.46104300022125244,-0.05004541948437691,0.4306524693965912,0.32350772619247437,-0.08488013595342636,0.4890066981315613,0.3504810929298401,-0.10594010353088379,0.5257424712181091,0.4062655568122864,-0.11537498235702515,0.37278109788894653,0.4831777811050415,-0.06847652792930603,0.3952541649341583,0.39123934507369995,-0.09692712873220444,0.4432950019836426,0.38911160826683044,-0.11159556359052658,0.4804668128490448,0.41593343019485474,-0.11879454553127289,c
0.3713762164115906,0.7188001275062561,4.097935004665487e-07,0.45287609100341797,0.6790841817855835,-0.020336775109171867,0.5293227434158325,0.6224261522293091,-0.04186628758907318,0.5907390713691711,0.5874187350273132,-0.0677490383386612,0.6165289282798767,0.5334615707397461,-0.09446161240339279,0.4780402183532715,0.4608806073665619,-0.023043164983391762,0.5108574628829956,0.34445497393608093,-0.062161993235349655,0.5572516918182373,0.3538644313812256,-0.09503769129514694,0.5920017957687378,0.3858531713485718,-0.11436432600021362,0.445823609828949,0.4569639265537262,-0.03527621924877167,0.4788930118083954,0.3196101188659668,-0.07813709229230881,0.5345986485481262,0.35067668557167053,-0.11289192736148834,0.5664326548576355,0.4061664938926697,-0.13216638565063477,0.410060316324234,0.4649052023887634,-0.05065193027257919,0.43000665307044983,0.32552623748779297,-0.08515677601099014,0.4888959228992462,0.3527243733406067,-0.10571151226758957,0.5252485275268555,0.40869706869125366,-0.11491334438323975,0.3720620572566986,0.48707446455955505,-0.06842517852783203,0.3948517441749573,0.3940243124961853,-0.09686759859323502,0.44292736053466797,0.3934885859489441,-0.11089709401130676,0.47883981466293335,0.4219805598258972,-0.11759023368358612,c
0.37097257375717163,0.7167295217514038,4.1318574517390516e-07,0.4535648822784424,0.6785715222358704,-0.02024604193866253,0.5303316712379456,0.6227699518203735,-0.0417657271027565,0.592625081539154,0.588794469833374,-0.06786918640136719,0.6163093447685242,0.5344713926315308,-0.09482676535844803,0.478620707988739,0.45998910069465637,-0.021187663078308105,0.5119227766990662,0.34338438510894775,-0.05960778892040253,0.5574580430984497,0.3509724736213684,-0.09244793653488159,0.5908800363540649,0.3822135925292969,-0.11184486746788025,0.4458092153072357,0.4564225673675537,-0.033494725823402405,0.47885897755622864,0.31943267583847046,-0.07652837783098221,0.5333460569381714,0.35188567638397217,-0.11182794719934464,0.5642316341400146,0.408959299325943,-0.131241574883461,0.40995562076568604,0.4636469781398773,-0.04903027415275574,0.43105223774909973,0.3250790238380432,-0.08324437588453293,0.48941770195961,0.3531224727630615,-0.10415340960025787,0.5248239636421204,0.41041138768196106,-0.11342483758926392,0.3722626566886902,0.4848532974720001,-0.06702755391597748,0.396893709897995,0.3915118873119354,-0.09485755860805511,0.44465476274490356,0.3909437954425812,-0.10904466360807419,0.47970202565193176,0.4198095202445984,-0.11590877920389175,c
0.369980126619339,0.7217671275138855,4.399720694436837e-07,0.45190584659576416,0.6835551261901855,-0.020358804613351822,0.5279079079627991,0.6252040266990662,-0.041980963200330734,0.5908697843551636,0.5912879705429077,-0.06823025643825531,0.6170044541358948,0.5381509065628052,-0.09543918073177338,0.4767315685749054,0.4601876139640808,-0.02292248047888279,0.5099597573280334,0.34215670824050903,-0.062465764582157135,0.5575675964355469,0.35247498750686646,-0.0960254818201065,0.5927629470825195,0.3856070637702942,-0.11593572050333023,0.4447091817855835,0.45712029933929443,-0.03578578308224678,0.47776472568511963,0.32058820128440857,-0.07934849709272385,0.5353343486785889,0.35211482644081116,-0.11512712389230728,0.5688837170600891,0.4085548222064972,-0.13518820703029633,0.4089195430278778,0.46588313579559326,-0.05190981924533844,0.4299679398536682,0.3277933597564697,-0.08695939928293228,0.4903801381587982,0.35523873567581177,-0.10848288238048553,0.527656078338623,0.41225698590278625,-0.11823246628046036,0.371122270822525,0.48933058977127075,-0.07049702852964401,0.39611300826072693,0.3953746259212494,-0.0991763174533844,0.4453391432762146,0.393984854221344,-0.11375033855438232,0.4816742539405823,0.42315980792045593,-0.12087787687778473,c
