0.20052075386047363,0.86446213722229,3.6437367612052185e-07,0.23707330226898193,0.832940399646759,-0.002881994703784585,0.2707204222679138,0.7891599535942078,-0.010687208734452724,0.3048558831214905,0.7727363109588623,-0.020528370514512062,0.3328171372413635,0.7763365507125854,-0.030215894803404808,0.23120900988578796,0.705788791179657,-0.012333099730312824,0.24451857805252075,0.6540130376815796,-0.025562774389982224,0.2455616444349289,0.6103382706642151,-0.03669281303882599,0.24681855738162994,0.571082592010498,-0.046763431280851364,0.21453037858009338,0.704457700252533,-0.02188793756067753,0.26344025135040283,0.6861964464187622,-0.03725903481245041,0.2993268668651581,0.6793767809867859,-0.04586522653698921,0.33060330152511597,0.6723587512969971,-0.052110154181718826,0.20289252698421478,0.7190204858779907,-0.03209662809967995,0.2515479326248169,0.7075287699699402,-0.047051385045051575,0.2832963764667511,0.702251672744751,-0.051210224628448486,0.31032466888427734,0.6941894888877869,-0.053788743913173676,0.19866260886192322,0.7437862157821655,-0.04317908361554146,0.2363947629928589,0.7311660051345825,-0.05624068155884743,0.2624111771583557,0.7255987524986267,-0.05871833115816116,0.28532129526138306,0.7190897464752197,-0.05994929000735283,p
0.19727790355682373,0.864290714263916,3.55506642790715e-07,0.2381836622953415,0.830780565738678,-0.002594278659671545,0.2702923119068146,0.7849833965301514,-0.010474755428731441,0.30223143100738525,0.7711387872695923,-0.02025904320180416,0.3326408863067627,0.7757792472839355,-0.030339306220412254,0.23280379176139832,0.701993465423584,-0.013398264534771442,0.2461407333612442,0.6440374851226807,-0.022651083767414093,0.24629829823970795,0.6036748886108398,-0.029581619426608086,0.24691230058670044,0.5710240006446838,-0.036759454756975174,0.2153598964214325,0.702394962310791,-0.02264457754790783,0.2664123475551605,0.6876588463783264,-0.035324953496456146,0.29910165071487427,0.680412769317627,-0.04263034462928772,0.3263590931892395,0.6718283295631409,-0.048383794724941254,0.2024116963148117,0.7181122303009033,-0.03199368715286255,0.25807616114616394,0.7064897418022156,-0.045015182346105576,0.29299402236938477,0.6962897181510925,-0.05102630332112312,0.3224695920944214,0.6836374998092651,-0.05581077188253403,0.19646215438842773,0.7421396970748901,-0.04197562485933304,0.23910105228424072,0.7322208881378174,-0.05296868085861206,0.26534363627433777,0.7261215448379517,-0.05548689514398575,0.28883665800094604,0.7187976837158203,-0.057180002331733704,p
0.19433589279651642,0.8663128614425659,2.9606400175907766e-07,0.23847298324108124,0.8306055068969727,-0.00035169697366654873,0.2701341211795807,0.7852445840835571,-0.007558477111160755,0.3012361526489258,0.7710451483726501,-0.017520468682050705,0.3323909044265747,0.7732812762260437,-0.027949346229434013,0.2327921986579895,0.7023965716362,-0.011814001947641373,0.24658644199371338,0.6434754133224487,-0.0216240081936121,0.2468775510787964,0.6034033298492432,-0.02899271622300148,0.24676139652729034,0.569985032081604,-0.03662792593240738,0.21570652723312378,0.7030083537101746,-0.02301616221666336,0.2675691843032837,0.687294065952301,-0.03713206574320793,0.2998567223548889,0.6815233826637268,-0.04551103338599205,0.3256836533546448,0.6742396950721741,-0.05190679430961609,0.20296452939510345,0.718136191368103,-0.034189265221357346,0.25921088457107544,0.7038391828536987,-0.048059698194265366,0.29371675848960876,0.693592369556427,-0.05422952026128769,0.3219931423664093,0.680881142616272,-0.05927201732993126,0.1966240406036377,0.7412075400352478,-0.04586482420563698,0.23972630500793457,0.7307364344596863,-0.05782565847039223,0.2670069932937622,0.7232757210731506,-0.06084297224879265,0.29123014211654663,0.7148967385292053,-0.06297226250171661,p
0.19463703036308289,0.8660221099853516,2.856215530755435e-07,0.23899726569652557,0.8304580450057983,-0.00012091793905710801,0.27152228355407715,0.7850373983383179,-0.007502964697778225,0.30316463112831116,0.7697945833206177,-0.01764450967311859,0.334717720746994,0.7712698578834534,-0.02814135141670704,0.2331208884716034,0.7010701894760132,-0.01234304066747427,0.24715134501457214,0.6427598595619202,-0.02188473753631115,0.2479316145181656,0.6025606393814087,-0.028774822130799294,0.24856498837471008,0.569488525390625,-0.0360560417175293,0.2155294120311737,0.7012009620666504,-0.02333832159638405,0.2655128836631775,0.6872584223747253,-0.036963701248168945,0.2968754172325134,0.6827871203422546,-0.044537510722875595,0.3224492073059082,0.6765579581260681,-0.05051510035991669,0.20234952867031097,0.7165632843971252,-0.03419297933578491,0.2571316361427307,0.7042704224586487,-0.047632187604904175,0.29044216871261597,0.6961358785629272,-0.05282444879412651,0.31826189160346985,0.6854915618896484,-0.057281944900751114,0.19548451900482178,0.7401823401451111,-0.04553643614053726,0.23781134188175201,0.7293508648872375,-0.05740600451827049,0.265064001083374,0.7218188047409058,-0.06018681824207306,0.2897281050682068,0.713522732257843,-0.062105029821395874,p
0.19484052062034607,0.8648739457130432,2.8777716920558305e-07,0.23918992280960083,0.8293903470039368,-0.0004021757922600955,0.27146419882774353,0.784136176109314,-0.0075108264572918415,0.302662193775177,0.7690693140029907,-0.017281047999858856,0.33351391553878784,0.7698370218276978,-0.02733544446527958,0.23300482332706451,0.700707733631134,-0.012106750160455704,0.24722497165203094,0.6419866681098938,-0.021651465445756912,0.24761149287223816,0.6022601127624512,-0.028606271371245384,0.24723419547080994,0.5690988302230835,-0.03581736609339714,0.21558479964733124,0.7010876536369324,-0.02281293272972107,0.2662147283554077,0.6865243315696716,-0.0364619679749012,0.29798203706741333,0.6820979118347168,-0.04404134303331375,0.32324182987213135,0.6759349703788757,-0.04980191960930824,0.20248621702194214,0.7159715294837952,-0.03345239534974098,0.2572666108608246,0.7034757733345032,-0.04672269523143768,0.2907680869102478,0.6934951543807983,-0.05218503996729851,0.3185827434062958,0.6810440421104431,-0.05674480274319649,0.19579793512821198,0.7389822602272034,-0.04463087394833565,0.23875214159488678,0.7292264699935913,-0.05621231347322464,0.26656007766723633,0.723227858543396,-0.05878826603293419,0.2912440299987793,0.7167296409606934,-0.06046655401587486,p
0.19481515884399414,0.8649923801422119,2.7007931180378364e-07,0.23979395627975464,0.8291113376617432,0.0006645530229434371,0.27163928747177124,0.7835343480110168,-0.006022172048687935,0.30214735865592957,0.7683498859405518,-0.015526925213634968,0.3331441283226013,0.7691736221313477,-0.025333065539598465,0.23285850882530212,0.700318455696106,-0.011238519102334976,0.24734708666801453,0.6420332193374634,-0.02054598182439804,0.2478695511817932,0.6021925210952759,-0.02727440930902958,0.2475835531949997,0.569131076335907,-0.03443074971437454,0.21581338346004486,0.7008891701698303,-0.022509977221488953,0.2672635316848755,0.6866982579231262,-0.03633538633584976,0.29879820346832275,0.6834514141082764,-0.04380306601524353,0.323673814535141,0.6781177520751953,-0.0493909977376461,0.20315569639205933,0.7159409523010254,-0.03362052142620087,0.25888291001319885,0.7028944492340088,-0.04703369364142418,0.2928224802017212,0.6928029656410217,-0.05240735039114952,0.3207606375217438,0.679958164691925,-0.05692625045776367,0.19684797525405884,0.7390275597572327,-0.04513993859291077,0.2403307557106018,0.7289308309555054,-0.05689084157347679,0.2680603563785553,0.7213960886001587,-0.05962931364774704,0.2925587296485901,0.7128755450248718,-0.06150423735380173,p
0.19450871646404266,0.8653138875961304,2.778092493826989e-07,0.23958809673786163,0.8291288614273071,0.001079880865290761,0.27145835757255554,0.7837848663330078,-0.005637562368065119,0.302339643239975,0.7686454057693481,-0.015251102857291698,0.3332509994506836,0.76918625831604,-0.025349915027618408,0.23298802971839905,0.6997543573379517,-0.0115922000259161,0.24726656079292297,0.6415878534317017,-0.020934294909238815,0.2476116567850113,0.601616621017456,-0.02781006321310997,0.24724385142326355,0.5682217478752136,-0.035162828862667084,0.21575111150741577,0.7002140879631042,-0.023151548579335213,0.2675531208515167,0.6857115626335144,-0.03673478960990906,0.2994507849216461,0.6820927262306213,-0.04435547813773155,0.324826180934906,0.6763349175453186,-0.05024951323866844,0.2028149515390396,0.715465247631073,-0.03444771096110344,0.2589245140552521,0.7026031613349915,-0.047801826149225235,0.29315948486328125,0.692139744758606,-0.05340132489800453,0.3214399218559265,0.6788618564605713,-0.05825448036193848,0.19608493149280548,0.7391340732574463,-0.04608749970793724,0.23963549733161926,0.729336678981781,-0.0580797903239727,0.267959862947464,0.7227939367294312,-0.06089666113257408,0.29317212104797363,0.7153870463371277,-0.06284678727388382,p
0.19495975971221924,0.864452064037323,2.665371141574724e-07,0.24079513549804688,0.8286349773406982,0.0010108965216204524,0.27258405089378357,0.7833274602890015,-0.0058625671081244946,0.3029789924621582,0.7685977220535278,-0.015503989532589912,0.33372434973716736,0.7696362137794495,-0.0256059430539608,0.23376835882663727,0.6993319988250732,-0.012798148207366467,0.24811144173145294,0.6418166160583496,-0.023026473820209503,0.24784846603870392,0.6022428274154663,-0.03036525845527649,0.2467275708913803,0.568896472454071,-0.037888046354055405,0.21657758951187134,0.7004035115242004,-0.024464240297675133,0.26881545782089233,0.6857011914253235,-0.039029866456985474,0.3010205328464508,0.682022213935852,-0.04706649109721184,0.32675662636756897,0.6766599416732788,-0.05311518535017967,0.20382998883724213,0.7161526679992676,-0.03582870960235596,0.2603541612625122,0.7035722732543945,-0.050010040402412415,0.29507753252983093,0.6938498020172119,-0.055934783071279526,0.3236834704875946,0.6814820766448975,-0.06076750531792641,0.1979285478591919,0.740013599395752,-0.047498397529125214,0.24176287651062012,0.7290670871734619,-0.05974051356315613,0.2699815630912781,0.7210014462471008,-0.06277759373188019,0.294920951128006,0.7122188210487366,-0.06492547690868378,p
0.19527986645698547,0.8642207980155945,2.8399261964295874e-07,0.24094648659229279,0.8288565874099731,0.00023750159016344696,0.272641658782959,0.7839205861091614,-0.00697964197024703,0.3035295903682709,0.7688549757003784,-0.017010008916258812,0.3344644606113434,0.7701106071472168,-0.027441922575235367,0.23445799946784973,0.6999375820159912,-0.012315627187490463,0.24864687025547028,0.6423892974853516,-0.022238714620471,0.24889439344406128,0.6026976108551025,-0.0294446162879467,0.24844758212566376,0.5695278644561768,-0.03690240532159805,0.21707114577293396,0.700365424156189,-0.023374440148472786,0.2683790326118469,0.6859040260314941,-0.03735451400279999,0.3002205193042755,0.6820573806762695,-0.04496629536151886,0.3258342146873474,0.6766120195388794,-0.05083931237459183,0.20423191785812378,0.7157312631607056,-0.03424665704369545,0.2598392367362976,0.7027199864387512,-0.04764634370803833,0.29281243681907654,0.6939899325370789,-0.052734557539224625,0.3200579881668091,0.6828808784484863,-0.05715462565422058,0.1977507472038269,0.7394598722457886,-0.04560237005352974,0.24079476296901703,0.7301393747329712,-0.05734190717339516,0.26810526847839355,0.7230845093727112,-0.060065362602472305,0.29251840710639954,0.7149366736412048,-0.06197744235396385,p
0.19486863911151886,0.8642838597297668,2.7082521114607516e-07,0.24087336659431458,0.8291335701942444,0.0006183889345265925,0.2728554308414459,0.783880352973938,-0.006002166774123907,0.3037921190261841,0.7687460780143738,-0.015425197780132294,0.33462727069854736,0.7697175741195679,-0.025227200239896774,0.23443281650543213,0.7008501887321472,-0.011740097776055336,0.24862776696681976,0.6429428458213806,-0.021620849147439003,0.24864736199378967,0.6029590368270874,-0.028698593378067017,0.24796470999717712,0.5698143243789673,-0.036030739545822144,0.21718455851078033,0.701452374458313,-0.02288603037595749,0.2685576379299164,0.6864621043205261,-0.03707530349493027,0.30007103085517883,0.6828605532646179,-0.044663578271865845,0.32530009746551514,0.6777398586273193,-0.050395529717206955,0.20437514781951904,0.7164224982261658,-0.033878132700920105,0.2602464556694031,0.702765166759491,-0.04756408557295799,0.2934551537036896,0.6941111087799072,-0.05272289738059044,0.3209417462348938,0.6831164956092834,-0.057089243084192276,0.19786950945854187,0.73952317237854,-0.04530748724937439,0.240922212600708,0.7298636436462402,-0.057536233216524124,0.2684340476989746,0.7224379777908325,-0.060612697154283524,0.2930084764957428,0.7140234708786011,-0.06270553171634674,p
0.19566354155540466,0.8637031316757202,2.723391787640139e-07,0.24132943153381348,0.8283236026763916,0.0006550587131641805,0.2730214297771454,0.7839928269386292,-0.006435858551412821,0.3039768636226654,0.7695879936218262,-0.016401514410972595,0.3349306583404541,0.7705802321434021,-0.0266423262655735,0.23408032953739166,0.7005627155303955,-0.012024900875985622,0.24840570986270905,0.6423067450523376,-0.021993622183799744,0.2487577497959137,0.6021369695663452,-0.029000215232372284,0.2484925240278244,0.5692577362060547,-0.03623774275183678,0.21686315536499023,0.7013145089149475,-0.02325589396059513,0.2681991159915924,0.6873010993003845,-0.037335123866796494,0.29940855503082275,0.6839583516120911,-0.044552091509103775,0.32451489567756653,0.6786484122276306,-0.05011974275112152,0.2044074535369873,0.716641902923584,-0.034346047788858414,0.2602171003818512,0.7032651305198669,-0.047878000885248184,0.2929585576057434,0.6958070993423462,-0.05239306017756462,0.32001006603240967,0.6859429478645325,-0.056376587599515915,0.19847029447555542,0.740048348903656,-0.04590244218707085,0.24128037691116333,0.7299886345863342,-0.05806135758757591,0.2686544954776764,0.7220696210861206,-0.06085129454731941,0.29316002130508423,0.7132390737533569,-0.06272558122873306,p
0.19405418634414673,0.8637697696685791,2.3486744282763539e-07,0.24002668261528015,0.8282680511474609,0.002210169332101941,0.272569864988327,0.7826175689697266,-0.003450825810432434,0.3033178150653839,0.7679802775382996,-0.012131850235164165,0.33364224433898926,0.7692269682884216,-0.02117103338241577,0.2330964058637619,0.6995792984962463,-0.009529182687401772,0.24817797541618347,0.6409739255905151,-0.01852010004222393,0.2482864409685135,0.6016238927841187,-0.024957625195384026,0.24779865145683289,0.5689202547073364,-0.031864896416664124,0.2160142958164215,0.7002155184745789,-0.02151413820683956,0.268915057182312,0.6881005167961121,-0.03564728423953056,0.2998689115047455,0.6888912916183472,-0.04287164285778999,0.32371973991394043,0.6871526837348938,-0.0479663610458374,0.20378577709197998,0.7150182127952576,-0.03336644545197487,0.25991204380989075,0.7012810111045837,-0.046930912882089615,0.29392141103744507,0.6910874247550964,-0.052423328161239624,0.3219084143638611,0.6777390241622925,-0.05694182962179184,0.19827675819396973,0.7376055121421814,-0.045467112213373184,0.24077610671520233,0.7259726524353027,-0.057510681450366974,0.26921719312667847,0.7180882692337036,-0.06044086068868637,0.2942735254764557,0.7093579173088074,-0.06244148313999176,p
0.19554847478866577,0.862338125705719,2.8830419296355103e-07,0.24042770266532898,0.8267690539360046,0.00047463804366998374,0.2726183533668518,0.7819121479988098,-0.0059662689454853535,0.3033818006515503,0.7668954133987427,-0.015174387022852898,0.3335331678390503,0.7676498889923096,-0.02458217181265354,0.23345792293548584,0.6990369558334351,-0.010552089661359787,0.2474759817123413,0.6408406496047974,-0.019574357196688652,0.24793776869773865,0.6008656024932861,-0.026068570092320442,0.24781937897205353,0.5680395364761353,-0.03287358209490776,0.21672998368740082,0.6997352838516235,-0.021365247666835785,0.2680998742580414,0.6844332814216614,-0.03450772166252136,0.3001546263694763,0.6793969869613647,-0.04178766533732414,0.3258167505264282,0.6729227304458618,-0.04731159657239914,0.204342320561409,0.7143175005912781,-0.03210125491023064,0.25977426767349243,0.700607419013977,-0.04512600973248482,0.29309573769569397,0.6920031309127808,-0.050301067531108856,0.32065558433532715,0.6812276244163513,-0.05453728139400482,0.19826889038085938,0.7366120219230652,-0.04328782856464386,0.2405807375907898,0.7258265018463135,-0.054696664214134216,0.2677963972091675,0.718894362449646,-0.05720554292201996,0.2918846309185028,0.7115529775619507,-0.05880138278007507,p
0.19554013013839722,0.8615511655807495,2.980568467592093e-07,0.2402409315109253,0.8261996507644653,0.0003219409263692796,0.27231913805007935,0.7820127010345459,-0.0061629097908735275,0.3031717836856842,0.7667948007583618,-0.015498996712267399,0.3335844576358795,0.7678660750389099,-0.02512095868587494,0.23404160141944885,0.6992327570915222,-0.010217368602752686,0.24794016778469086,0.6407822966575623,-0.01918973959982395,0.24873584508895874,0.6009907722473145,-0.025706376880407333,0.2487095147371292,0.5678969025611877,-0.03259298950433731,0.21704493463039398,0.6996023654937744,-0.021068766713142395,0.2681821882724762,0.6835711598396301,-0.0343727208673954,0.3006914258003235,0.6782472729682922,-0.04174138233065605,0.3265513777732849,0.6714145541191101,-0.047263193875551224,0.20432813465595245,0.7137837409973145,-0.03191659227013588,0.2593860626220703,0.7000644207000732,-0.04514908045530319,0.2929748296737671,0.6905374526977539,-0.050556574016809464,0.3206094801425934,0.6788972616195679,-0.054906755685806274,0.19786325097084045,0.7354680895805359,-0.04323715716600418,0.24031546711921692,0.7251766920089722,-0.054889705032110214,0.2677733302116394,0.7184688448905945,-0.05761706456542015,0.2920530438423157,0.7113763093948364,-0.0593467652797699,p
0.19448959827423096,0.8622481226921082,2.9473847007466247e-07,0.23935480415821075,0.8267216086387634,0.00023102770501282066,0.271505206823349,0.7830687165260315,-0.00632649939507246,0.3023224174976349,0.768539547920227,-0.01565515249967575,0.33284735679626465,0.7687572836875916,-0.025333093479275703,0.23362165689468384,0.6995028257369995,-0.010836852714419365,0.24795621633529663,0.6409478187561035,-0.020014310255646706,0.2490716427564621,0.6006368398666382,-0.026709677651524544,0.2492915689945221,0.5672975778579712,-0.0337231270968914,0.2169957011938095,0.6996471881866455,-0.02172529324889183,0.26880553364753723,0.6850876212120056,-0.034873321652412415,0.3014332354068756,0.6799527406692505,-0.04233383759856224,0.3273927867412567,0.6733568906784058,-0.048094067722558975,0.20433470606803894,0.7140201330184937,-0.03257735073566437,0.26029476523399353,0.7013161778450012,-0.045876394957304,0.2939845621585846,0.6918930411338806,-0.05151941254734993,0.32176703214645386,0.680272102355957,-0.056153133511543274,0.1977599859237671,0.7363505363464355,-0.043870050460100174,0.24110235273838043,0.727229118347168,-0.05576132610440254,0.26895105838775635,0.7209189534187317,-0.058652233332395554,0.2935289144515991,0.714182436466217,-0.06051162630319595,p
0.19443178176879883,0.8622533082962036,2.841755986082717e-07,0.23976923525333405,0.8268377780914307,0.0003964960924349725,0.2717229723930359,0.7832562923431396,-0.006495996378362179,0.3024774491786957,0.768007218837738,-0.016275370493531227,0.33303970098495483,0.769072949886322,-0.026416728273034096,0.23322565853595734,0.699490487575531,-0.010845706798136234,0.24827857315540314,0.6415148973464966,-0.020435208454728127,0.24921444058418274,0.6015255451202393,-0.027440723031759262,0.24892565608024597,0.5681524872779846,-0.03470697999000549,0.21642693877220154,0.699810802936554,-0.021889694035053253,0.267781138420105,0.6849870681762695,-0.03547978401184082,0.29975348711013794,0.6811434626579285,-0.04294886440038681,0.3251446485519409,0.6753775477409363,-0.04873417690396309,0.20398862659931183,0.7143434882164001,-0.032885219901800156,0.25960293412208557,0.7012239694595337,-0.046194326132535934,0.29286545515060425,0.6923786401748657,-0.05121570825576782,0.32027003169059753,0.6814417839050293,-0.05552051588892937,0.19755272567272186,0.7367373108863831,-0.044357217848300934,0.2406534105539322,0.7275121808052063,-0.05605076253414154,0.267750084400177,0.7209010720252991,-0.05868549644947052,0.29169586300849915,0.7135536074638367,-0.060478534549474716,p
0.1938442438840866,0.8631269931793213,2.87526034981056e-07,0.23941151797771454,0.8275018930435181,-3.120753535768017e-05,0.27168571949005127,0.78335040807724,-0.006870679557323456,0.3023867905139923,0.76861572265625,-0.016445491462945938,0.3330601453781128,0.7699987888336182,-0.026435932144522667,0.2339022010564804,0.7002336978912354,-0.01178045105189085,0.24800604581832886,0.6418946385383606,-0.0216201338917017,0.24877481162548065,0.6015942096710205,-0.02881200611591339,0.24873870611190796,0.5679832696914673,-0.036262206733226776,0.21712803840637207,0.7005151510238647,-0.022781919687986374,0.26845911145210266,0.6858913898468018,-0.036969397217035294,0.300708532333374,0.6815871000289917,-0.04486137628555298,0.3263969421386719,0.6757292151451111,-0.05082093924283981,0.20421890914440155,0.7151535153388977,-0.03374278172850609,0.2597517669200897,0.7022733092308044,-0.04764560982584953,0.29346907138824463,0.6927703619003296,-0.05332411825656891,0.3214268684387207,0.680998682975769,-0.057982683181762695,0.19722098112106323,0.7380896806716919,-0.04517107084393501,0.23992395401000977,0.7288057208061218,-0.05748548358678818,0.2675338387489319,0.7221428155899048,-0.06058920547366142,0.2920683026313782,0.7149978876113892,-0.0626620501279831,p
0.19327285885810852,0.863458514213562,2.709909665554733e-07,0.23982037603855133,0.8267148733139038,0.001498234225437045,0.2721278667449951,0.7831485271453857,-0.0050773280672729015,0.3029026687145233,0.7692925930023193,-0.01475088857114315,0.33386528491973877,0.7702246904373169,-0.024866558611392975,0.23380087316036224,0.6998932361602783,-0.010457366704940796,0.24857653677463531,0.6422669291496277,-0.020375167950987816,0.24897484481334686,0.6024389863014221,-0.02757696621119976,0.2485029697418213,0.5690147876739502,-0.035012923181056976,0.21714022755622864,0.7003908753395081,-0.022302493453025818,0.2679665684700012,0.686364471912384,-0.036486007273197174,0.2993593215942383,0.6823480129241943,-0.04420596361160278,0.32453468441963196,0.6765549182891846,-0.05011560767889023,0.20435406267642975,0.7152965664863586,-0.03407212346792221,0.2599608898162842,0.7026669383049011,-0.04792410507798195,0.2930126190185547,0.6938794851303101,-0.05335695669054985,0.3204840421676636,0.6827237010002136,-0.05792595446109772,0.19752533733844757,0.7386521697044373,-0.04620082676410675,0.24053898453712463,0.7292839288711548,-0.05860482156276703,0.2683466672897339,0.722015917301178,-0.061814527958631516,0.29317402839660645,0.7139629125595093,-0.06403133273124695,p
0.19345928728580475,0.8641837239265442,2.6033720246232406e-07,0.23958317935466766,0.828621506690979,0.0003841381403617561,0.2721673846244812,0.7845640778541565,-0.006767016835510731,0.3032827079296112,0.7708321809768677,-0.016575872898101807,0.3341161012649536,0.7722664475440979,-0.02665700949728489,0.23227091133594513,0.7005442380905151,-0.012551828287541866,0.24806982278823853,0.6424188017845154,-0.022733191028237343,0.24869303405284882,0.6025510430335999,-0.029902681708335876,0.24860458076000214,0.569392740726471,-0.037228137254714966,0.21539148688316345,0.7012530565261841,-0.023769626393914223,0.26712554693222046,0.6885846853256226,-0.038298457860946655,0.2975095212459564,0.6859737634658813,-0.04570523276925087,0.3218281865119934,0.6807887554168701,-0.05126612260937691,0.20306865870952606,0.7166843414306641,-0.03490240126848221,0.25974443554878235,0.7039770483970642,-0.048921480774879456,0.29341772198677063,0.6948146820068359,-0.05402257293462753,0.32145634293556213,0.6828116178512573,-0.05833905562758446,0.19702735543251038,0.740408182144165,-0.04644626006484032,0.24003010988235474,0.7301163673400879,-0.05897951126098633,0.26793742179870605,0.7220069169998169,-0.06202339380979538,0.2929488718509674,0.7128797769546509,-0.06409124284982681,p
0.19339519739151,0.8645642399787903,2.7718388651010173e-07,0.23997807502746582,0.8290159106254578,0.0007761926972307265,0.27220261096954346,0.7849098443984985,-0.006345266010612249,0.30297720432281494,0.7701329588890076,-0.016432112082839012,0.33399057388305664,0.7705647945404053,-0.026884810999035835,0.2338009774684906,0.7015047669410706,-0.01132678147405386,0.24802590906620026,0.6426140666007996,-0.02099757269024849,0.24812351167201996,0.6027191281318665,-0.02795187011361122,0.24743051826953888,0.5692689418792725,-0.035193610936403275,0.2165098786354065,0.7022271752357483,-0.022754820063710213,0.2684265077114105,0.6871267557144165,-0.03650880977511406,0.29992350935935974,0.683443546295166,-0.04383496195077896,0.3248138427734375,0.6777907013893127,-0.04943171516060829,0.20388935506343842,0.7178395390510559,-0.034053634852170944,0.2603614926338196,0.7029685974121094,-0.04708639159798622,0.2929668724536896,0.6928566694259644,-0.05175607651472092,0.3194919526576996,0.6803047060966492,-0.05596365034580231,0.1976514458656311,0.7413457036018372,-0.04579932987689972,0.2404719591140747,0.7303552627563477,-0.057257216423749924,0.26747268438339233,0.7214339971542358,-0.05962759628891945,0.2914455533027649,0.7114661931991577,-0.06134498864412308,p
0.19266942143440247,0.8651930093765259,2.919831558756414e-07,0.23905214667320251,0.8294999003410339,0.0012045976473018527,0.27166569232940674,0.7852873802185059,-0.005099080037325621,0.3026929795742035,0.7709345817565918,-0.01438724435865879,0.33335092663764954,0.7723957896232605,-0.024053767323493958,0.23320554196834564,0.7015472054481506,-0.009994244202971458,0.2476159781217575,0.6431872248649597,-0.019259579479694366,0.24794501066207886,0.6028240919113159,-0.026111960411071777,0.2476068139076233,0.5690723061561584,-0.03339289128780365,0.21658456325531006,0.7020329236984253,-0.02164008840918541,0.26797401905059814,0.6856960654258728,-0.03463459014892578,0.3000352382659912,0.6791735887527466,-0.04210759699344635,0.32591328024864197,0.6709009408950806,-0.04812045022845268,0.20409899950027466,0.7167375087738037,-0.033286698162555695,0.26037323474884033,0.7024633288383484,-0.046205051243305206,0.29368066787719727,0.6918534636497498,-0.05176311731338501,0.3209408223628998,0.6787790656089783,-0.05669047310948372,0.19782215356826782,0.7395471334457397,-0.04536808282136917,0.24086417257785797,0.729587197303772,-0.05722837150096893,0.2686023414134979,0.7225372791290283,-0.060327157378196716,0.29304036498069763,0.71479731798172,-0.06258415430784225,p
0.19220122694969177,0.8645387291908264,2.6168123667957843e-07,0.23910675942897797,0.8285566568374634,0.0016345501644536853,0.2718104124069214,0.7847996950149536,-0.004182306118309498,0.30274856090545654,0.7715113162994385,-0.012916316278278828,0.3332531154155731,0.7731547951698303,-0.021970821544528008,0.23383615911006927,0.7014480233192444,-0.00979879405349493,0.24819321930408478,0.642859160900116,-0.019109195098280907,0.24804097414016724,0.6027256846427917,-0.025891976431012154,0.24731406569480896,0.5691415071487427,-0.03299979493021965,0.21705949306488037,0.7018512487411499,-0.021664155647158623,0.2676658034324646,0.6872479915618896,-0.03467894718050957,0.2980212867259979,0.6822670102119446,-0.04191116243600845,0.3222549557685852,0.6751411557197571,-0.0476362407207489,0.20436902344226837,0.7166183590888977,-0.033564288169145584,0.26039090752601624,0.7029564380645752,-0.046664346009492874,0.29308655858039856,0.6920210719108582,-0.05236240103840828,0.3197910785675049,0.6781952977180481,-0.057292111217975616,0.19793838262557983,0.7396063208580017,-0.04583243653178215,0.2407315969467163,0.7291339039802551,-0.05797345191240311,0.2688177824020386,0.7213362455368042,-0.06119927391409874,0.2934315502643585,0.712889552116394,-0.06347877532243729,p
0.19103480875492096,0.86539226770401,2.7577169703363325e-07,0.23689469695091248,0.829467236995697,0.0012518337462097406,0.2703646719455719,0.7848638296127319,-0.004822003189474344,0.30175158381462097,0.7704657316207886,-0.01383424922823906,0.33225375413894653,0.7715925574302673,-0.022971108555793762,0.23178592324256897,0.7000375986099243,-0.009276888333261013,0.2461978644132614,0.6413828134536743,-0.018734926357865334,0.2465040683746338,0.6007221937179565,-0.025663483887910843,0.24650056660175323,0.5673362612724304,-0.032770223915576935,0.21498163044452667,0.7008320093154907,-0.02086462453007698,0.264424204826355,0.6846628189086914,-0.03408128395676613,0.29456838965415955,0.6782692670822144,-0.041507892310619354,0.3189772963523865,0.6703941226005554,-0.04726916551589966,0.20261429250240326,0.7153910398483276,-0.032530322670936584,0.25723958015441895,0.7016338109970093,-0.045853953808546066,0.28958240151405334,0.6932314038276672,-0.051080603152513504,0.3160478472709656,0.6825248003005981,-0.055382903665304184,0.19662360846996307,0.7384383082389832,-0.04462621361017227,0.2386121153831482,0.727728009223938,-0.05673611909151077,0.2665204107761383,0.7206143140792847,-0.05971946194767952,0.2908790111541748,0.7128658294677734,-0.06162286177277565,p
0.1912321001291275,0.8643282055854797,2.712216939926293e-07,0.23683500289916992,0.8274927735328674,0.0011824533576145768,0.2699458599090576,0.7845411896705627,-0.005425421521067619,0.300945520401001,0.7704726457595825,-0.015062639489769936,0.33125004172325134,0.771044135093689,-0.024950066581368446,0.23222915828227997,0.6997628211975098,-0.010028320364654064,0.24625900387763977,0.6408055424690247,-0.019779788330197334,0.24626041948795319,0.600433349609375,-0.02685943804681301,0.24576030671596527,0.5669209957122803,-0.03409430757164955,0.21537986397743225,0.7003222703933716,-0.02175077050924301,0.2643756568431854,0.6849324107170105,-0.035202838480472565,0.29476258158683777,0.6790025234222412,-0.04282381013035774,0.31917351484298706,0.6715056300163269,-0.04882830008864403,0.20262989401817322,0.7152808904647827,-0.03348913416266441,0.25675272941589355,0.7014364004135132,-0.046844933182001114,0.2890784740447998,0.6921141743659973,-0.05207774043083191,0.31567227840423584,0.6809124946594238,-0.056546300649642944,0.1958204060792923,0.7385575771331787,-0.045657929033041,0.2368442267179489,0.7267972230911255,-0.05794544145464897,0.2641141712665558,0.7187291383743286,-0.060977671295404434,0.2883278429508209,0.7103996872901917,-0.06296134740114212,p
0.19030097126960754,0.8639765977859497,2.629224411521136e-07,0.23658011853694916,0.8275249004364014,0.0010659795952960849,0.2695778012275696,0.783632218837738,-0.005591206252574921,0.30065372586250305,0.7696207165718079,-0.015172772109508514,0.33143267035484314,0.7708505988121033,-0.025146694853901863,0.23152413964271545,0.6983919143676758,-0.010280831716954708,0.24632395803928375,0.6408641338348389,-0.01987871341407299,0.24658215045928955,0.600835919380188,-0.0269087515771389,0.2464454025030136,0.5674499869346619,-0.03422321006655693,0.2145346701145172,0.6990352272987366,-0.02184300497174263,0.2639685273170471,0.6842215061187744,-0.035369597375392914,0.2940934896469116,0.6798317432403564,-0.04305114969611168,0.31839483976364136,0.6735398173332214,-0.049038663506507874,0.20198681950569153,0.7147088646888733,-0.03332908824086189,0.2567117512226105,0.7007324695587158,-0.04654226452112198,0.2889121174812317,0.6913389563560486,-0.05164775252342224,0.31554511189460754,0.6797655820846558,-0.056113217025995255,0.1953689157962799,0.7389057874679565,-0.0452340692281723,0.23692010343074799,0.7272699475288391,-0.057341426610946655,0.2638849914073944,0.7185848951339722,-0.060311414301395416,0.2878805994987488,0.7090509533882141,-0.062375757843256,p
0.18808139860630035,0.8586947917938232,2.665028375758993e-07,0.23407629132270813,0.8226021528244019,0.003572061425074935,0.26821237802505493,0.7762433290481567,-0.0010951684089377522,0.29938745498657227,0.7615146040916443,-0.009084084071218967,0.32918813824653625,0.7625601291656494,-0.017232699319720268,0.22827965021133423,0.6926910877227783,-0.004879073705524206,0.24480794370174408,0.635043203830719,-0.01238800585269928,0.24617861211299896,0.5954076647758484,-0.01828637719154358,0.24779358506202698,0.5630784034729004,-0.02480863407254219,0.21220479905605316,0.6933944821357727,-0.0175554808229208,0.26238778233528137,0.6767809391021729,-0.02839839830994606,0.2911416292190552,0.669095516204834,-0.03511454910039902,0.3146296739578247,0.6593554019927979,-0.04073544219136238,0.20058786869049072,0.708324134349823,-0.030244091525673866,0.25596508383750916,0.6921029686927795,-0.04195847362279892,0.2883341908454895,0.6813070774078369,-0.046707816421985626,0.3146872818470001,0.6683385968208313,-0.05094045028090477,0.19555118680000305,0.7309971451759338,-0.04316803812980652,0.2380981296300888,0.7166838049888611,-0.053888481110334396,0.2653209865093231,0.7072391510009766,-0.05588148906826973,0.2885471284389496,0.6972929239273071,-0.05731005221605301,p
0.18902923166751862,0.8545390963554382,2.665076976882119e-07,0.23499804735183716,0.8169993162155151,0.0028057503513991833,0.2684580683708191,0.7733904719352722,-0.002999813761562109,0.29853951930999756,0.7583377957344055,-0.01222829706966877,0.3281543254852295,0.7579970359802246,-0.02187195047736168,0.22890762984752655,0.6883630752563477,-0.00609361007809639,0.24445576965808868,0.6317857503890991,-0.015108213759958744,0.24595028162002563,0.5924569964408875,-0.022183040156960487,0.2475288212299347,0.5604372024536133,-0.02946329303085804,0.2126350700855255,0.688853919506073,-0.018660947680473328,0.2608422040939331,0.6708786487579346,-0.03141890466213226,0.289977490901947,0.6640715599060059,-0.039537958800792694,0.31417316198349,0.6568421721458435,-0.045972079038619995,0.20040220022201538,0.7039011120796204,-0.03119070641696453,0.2534952759742737,0.6868787407875061,-0.044129129499197006,0.28526201844215393,0.6785951852798462,-0.04889184609055519,0.31214234232902527,0.6693629622459412,-0.05302467197179794,0.19382324814796448,0.7273918986320496,-0.04404647275805473,0.23350092768669128,0.712785005569458,-0.05572865903377533,0.25936827063560486,0.7026296257972717,-0.05815797671675682,0.28273606300354004,0.6922280788421631,-0.05984170362353325,p
0.18710355460643768,0.8520419001579285,2.585733795967826e-07,0.23220768570899963,0.8151511549949646,0.0030105593614280224,0.2660505473613739,0.7698535919189453,-0.0014942828565835953,0.2968598008155823,0.7541525363922119,-0.009309448301792145,0.3265300989151001,0.7533765435218811,-0.017176631838083267,0.2269648015499115,0.6873443722724915,-0.003597201779484749,0.24433451890945435,0.6309201121330261,-0.01100178062915802,0.24594871699810028,0.5918259024620056,-0.016910191625356674,0.24722707271575928,0.5592405796051025,-0.02343643084168434,0.21132752299308777,0.6875855922698975,-0.01609710417687893,0.2607199549674988,0.6698324680328369,-0.026954134926199913,0.28989511728286743,0.6619389057159424,-0.03412061184644699,0.3137267231941223,0.6523818373680115,-0.04006538540124893,0.19952502846717834,0.7014955282211304,-0.028793709352612495,0.2545539438724518,0.6844188570976257,-0.040674351155757904,0.28759074211120605,0.6733872890472412,-0.04594697803258896,0.3145780563354492,0.6607072353363037,-0.05049360916018486,0.19377052783966064,0.7232866287231445,-0.04182787984609604,0.23581309616565704,0.7081453800201416,-0.05257026106119156,0.2632511854171753,0.6983712911605835,-0.05489242449402809,0.2868787944316864,0.6886981129646301,-0.056608859449625015,p
0.18753734230995178,0.8456935882568359,2.3759355372021673e-07,0.23264090716838837,0.8094300627708435,0.004751706961542368,0.2660849690437317,0.7652275562286377,0.00037614794564433396,0.2964990437030792,0.7507529854774475,-0.007716004271060228,0.32666200399398804,0.7497450709342957,-0.01603303849697113,0.2266242653131485,0.6824593544006348,-0.002833508886396885,0.24359770119190216,0.62554532289505,-0.00968601182103157,0.2453473061323166,0.5863255262374878,-0.015146346762776375,0.2474561482667923,0.5538660287857056,-0.0215137992054224,0.21105073392391205,0.6826484203338623,-0.01625930517911911,0.2607252597808838,0.6672772765159607,-0.027386335656046867,0.2892816364765167,0.6629237532615662,-0.03447725623846054,0.3121998906135559,0.6563438177108765,-0.04020492359995842,0.19959361851215363,0.6970509886741638,-0.02962808683514595,0.25372079014778137,0.6803263425827026,-0.04144282266497612,0.2858313322067261,0.6698850989341736,-0.04621852561831474,0.31188127398490906,0.6569475531578064,-0.05047077685594559,0.19408558309078217,0.7190053462982178,-0.043107353150844574,0.23428772389888763,0.7019794583320618,-0.05402054637670517,0.2608882784843445,0.6902920007705688,-0.05618812143802643,0.2840724289417267,0.678284227848053,-0.05779707431793213,p
0.1837560534477234,0.841953694820404,2.2250767983678088e-07,0.23053614795207977,0.8044237494468689,0.005719773471355438,0.2646830379962921,0.7600594758987427,0.0021688153501600027,0.29582086205482483,0.7464590668678284,-0.00523776700720191,0.3259386122226715,0.7464357018470764,-0.012814736925065517,0.2238646298646927,0.6772357821464539,-0.00023701813188381493,0.24274460971355438,0.6219117641448975,-0.006708938628435135,0.24443753063678741,0.5836060643196106,-0.012095793150365353,0.24620185792446136,0.5510627031326294,-0.018562858924269676,0.20847925543785095,0.6777165532112122,-0.01431972999125719,0.25960636138916016,0.6617565751075745,-0.025517141446471214,0.2876559793949127,0.6586377024650574,-0.03274081274867058,0.30985739827156067,0.6530153751373291,-0.03840501233935356,0.19770044088363647,0.6924185752868652,-0.028492998331785202,0.25256383419036865,0.6743059754371643,-0.04068802669644356,0.2856644093990326,0.662728488445282,-0.046179547905921936,0.3125358521938324,0.648349940776825,-0.050792843103408813,0.19367465376853943,0.7144756317138672,-0.04269319027662277,0.2353721410036087,0.6973223090171814,-0.0539042204618454,0.2630314230918884,0.6862569451332092,-0.05663564056158066,0.28676414489746094,0.6745619177818298,-0.0587155781686306,p
0.18425723910331726,0.8363332748413086,2.4112972596412874e-07,0.23015446960926056,0.8005092740058899,0.0041867210529744625,0.2645094692707062,0.756102442741394,-0.00023525067081209272,0.2956913709640503,0.7417274117469788,-0.008268668316304684,0.32595181465148926,0.7425021529197693,-0.016490671783685684,0.22402887046337128,0.6726394295692444,-0.0026607585605233908,0.24175038933753967,0.6178770661354065,-0.009719716385006905,0.24327969551086426,0.5799597501754761,-0.015408189967274666,0.24564604461193085,0.548079252243042,-0.02193247526884079,0.20865705609321594,0.6725994348526001,-0.01588532142341137,0.25774288177490234,0.6546807289123535,-0.027081375941634178,0.28511762619018555,0.6500759124755859,-0.03433498367667198,0.30812376737594604,0.6438300013542175,-0.04012885317206383,0.19748440384864807,0.6862137913703918,-0.02915058098733425,0.25101321935653687,0.6691151261329651,-0.04120590537786484,0.2838590145111084,0.6597961187362671,-0.04647523909807205,0.31137555837631226,0.6484123468399048,-0.050915997475385666,0.1924467384815216,0.7075022459030151,-0.0425979346036911,0.23366981744766235,0.6908340454101562,-0.053325917571783066,0.2612948715686798,0.6812201142311096,-0.05565616860985756,0.2853435277938843,0.6716604232788086,-0.05745162069797516,p
0.1854408085346222,0.8314574360847473,2.4318359237440745e-07,0.23081064224243164,0.7966796159744263,0.0028528093826025724,0.2655593752861023,0.7522411942481995,-0.0016302908770740032,0.2968318462371826,0.7379187941551208,-0.009540506638586521,0.32641127705574036,0.7400656342506409,-0.017512818798422813,0.22733771800994873,0.6703561544418335,-0.0025608253199607134,0.2430092841386795,0.6133171916007996,-0.009576462209224701,0.2436717301607132,0.5746908783912659,-0.015232161618769169,0.24543815851211548,0.5423630475997925,-0.02161925844848156,0.2113674432039261,0.6698279976844788,-0.014959022402763367,0.25711309909820557,0.6501888632774353,-0.026488400995731354,0.2829269766807556,0.6441174745559692,-0.034319959580898285,0.30439528822898865,0.6369557976722717,-0.04028625041246414,0.1992899775505066,0.6820345520973206,-0.027532603591680527,0.2512960135936737,0.6650665402412415,-0.0396425798535347,0.283261775970459,0.6554149985313416,-0.04546381160616875,0.30973684787750244,0.6441331505775452,-0.05006655678153038,0.19304120540618896,0.701785683631897,-0.04040394350886345,0.23357853293418884,0.6855573058128357,-0.05090615898370743,0.2606216371059418,0.675082266330719,-0.05342882499098778,0.28397372364997864,0.6650153994560242,-0.05527420714497566,p
0.1835397183895111,0.8278322815895081,2.1401731942205515e-07,0.23099622130393982,0.7910909056663513,0.006920365616679192,0.26487407088279724,0.7482897639274597,0.0037629976868629456,0.29551392793655396,0.7338310480117798,-0.0038478802889585495,0.3249063789844513,0.7345592379570007,-0.011790572665631771,0.22446954250335693,0.6645885109901428,0.001721781911328435,0.24110570549964905,0.6105110049247742,-0.004730063024908304,0.24216577410697937,0.5727380514144897,-0.010259091854095459,0.2437935471534729,0.5411339402198792,-0.01680544763803482,0.20908288657665253,0.6644173264503479,-0.01281510479748249,0.2557007074356079,0.645397424697876,-0.023772409185767174,0.28092169761657715,0.6410825252532959,-0.03128316253423691,0.3015619218349457,0.6352725028991699,-0.037325821816921234,0.19816143810749054,0.6776091456413269,-0.027314545586705208,0.251522958278656,0.6596275568008423,-0.03904957324266434,0.28251105546951294,0.6522222757339478,-0.04373449459671974,0.3074853718280792,0.6431556940078735,-0.04784800857305527,0.19276952743530273,0.6988914012908936,-0.04181334748864174,0.23420429229736328,0.681644856929779,-0.05295424908399582,0.26188674569129944,0.6698613166809082,-0.05563102662563324,0.2856921851634979,0.6578658819198608,-0.05762774869799614,p
0.1823536604642868,0.8234055042266846,1.9760351221975725e-07,0.22919203341007233,0.7866137623786926,0.006760682910680771,0.263474702835083,0.7438101172447205,0.004104421939700842,0.2946094274520874,0.7309321761131287,-0.003044567536562681,0.3243846297264099,0.7326587438583374,-0.010526650585234165,0.22502906620502472,0.663184642791748,0.0034856435377150774,0.24180832505226135,0.6076655983924866,-0.0027306012343615294,0.2431292086839676,0.5706203579902649,-0.007921659387648106,0.24612417817115784,0.5389328598976135,-0.01408767607063055,0.20954629778862,0.6625807881355286,-0.011457790620625019,0.254483699798584,0.6428463459014893,-0.023411700502038002,0.27759525179862976,0.6403452157974243,-0.031449008733034134,0.29714834690093994,0.6363229155540466,-0.037068817764520645,0.19792190194129944,0.6743032932281494,-0.026630336418747902,0.2500021159648895,0.656252920627594,-0.03933741897344589,0.28179246187210083,0.6466573476791382,-0.04541254788637161,0.3083127737045288,0.6348147392272949,-0.04995092749595642,0.1920327991247177,0.6940155625343323,-0.041766516864299774,0.23396916687488556,0.6762053370475769,-0.052863962948322296,0.2624991834163666,0.6654826998710632,-0.05562508851289749,0.2870747745037079,0.6547163128852844,-0.05761986970901489,p
0.18095475435256958,0.8204023838043213,2.2772502461521071e-07,0.22780516743659973,0.7832205295562744,0.006692833732813597,0.26201239228248596,0.7413541078567505,0.004231531172990799,0.2923111021518707,0.7273586392402649,-0.0025646171998232603,0.32159140706062317,0.7279635667800903,-0.009726203978061676,0.2232208400964737,0.6591717004776001,0.0036924181040376425,0.24007877707481384,0.6035373210906982,-0.002140314783900976,0.24174681305885315,0.565414547920227,-0.007292800582945347,0.2445482611656189,0.5332323312759399,-0.013362208381295204,0.20776861906051636,0.657997190952301,-0.010857289656996727,0.2544853389263153,0.6396552324295044,-0.020911389961838722,0.28004491329193115,0.6350330114364624,-0.028213126584887505,0.3014805316925049,0.6295579671859741,-0.03394234552979469,0.19606588780879974,0.6694474816322327,-0.025727828964591026,0.24868737161159515,0.6523316502571106,-0.03754139319062233,0.2810792326927185,0.6416702270507812,-0.04342419654130936,0.30824989080429077,0.62882000207901,-0.04809781163930893,0.19049473106861115,0.6889959573745728,-0.04055064916610718,0.2321033477783203,0.6704354882240295,-0.05120367556810379,0.26080647110939026,0.6605894565582275,-0.053429584950208664,0.2854078710079193,0.6515811085700989,-0.05504920706152916,p
0.1800335794687271,0.8156888484954834,2.5559259597685013e-07,0.2258257120847702,0.7795335054397583,0.006219010334461927,0.26014506816864014,0.7377656698226929,0.002485885750502348,0.29109469056129456,0.7238277792930603,-0.005615145433694124,0.321665495634079,0.724947988986969,-0.014204753562808037,0.22283533215522766,0.6538198590278625,0.002300423104315996,0.2402154952287674,0.5992567539215088,-0.0035815981682389975,0.24151696264743805,0.5610436797142029,-0.00897026713937521,0.24411112070083618,0.528782308101654,-0.015465796925127506,0.20769798755645752,0.6521668434143066,-0.012280886061489582,0.25388461351394653,0.6329562664031982,-0.022453587502241135,0.28141847252845764,0.6262062191963196,-0.03031625598669052,0.305361807346344,0.620384156703949,-0.03666165471076965,0.19608387351036072,0.6644198894500732,-0.026976265013217926,0.2479102909564972,0.6465615034103394,-0.03827052563428879,0.28029346466064453,0.6357078552246094,-0.043930865824222565,0.3078784644603729,0.6238260269165039,-0.048749685287475586,0.19061869382858276,0.6848780512809753,-0.04174485057592392,0.23217500746250153,0.6653367877006531,-0.052075110375881195,0.26025182008743286,0.6537790894508362,-0.0543854683637619,0.28489866852760315,0.6427187323570251,-0.05626099556684494,p
0.1803148090839386,0.8110445737838745,2.382910793130577e-07,0.22435007989406586,0.7777299880981445,0.002074704971164465,0.25973984599113464,0.733968198299408,-0.0013891764683648944,0.29140704870224,0.7201303243637085,-0.007922882214188576,0.3207318186759949,0.7226324081420898,-0.014339935965836048,0.22398199141025543,0.6532716751098633,-0.0016233654459938407,0.23886165022850037,0.5951180458068848,-0.007771610748022795,0.23961035907268524,0.5574601888656616,-0.012647682800889015,0.2416456639766693,0.5254729390144348,-0.01827087253332138,0.208433598279953,0.651917576789856,-0.013361906632781029,0.251464307308197,0.6323586702346802,-0.023295942693948746,0.2767575979232788,0.6275477409362793,-0.030231565237045288,0.29791682958602905,0.6207902431488037,-0.03564136102795601,0.19589287042617798,0.6619543433189392,-0.025617964565753937,0.2459316849708557,0.6452725529670715,-0.03750849515199661,0.2782233953475952,0.6333417296409607,-0.04421481490135193,0.30499178171157837,0.6190544962882996,-0.04927559196949005,0.1892031878232956,0.6793694496154785,-0.03813500329852104,0.23107030987739563,0.6616519689559937,-0.048150211572647095,0.2601679563522339,0.6533443331718445,-0.050292108207941055,0.28428176045417786,0.6462186574935913,-0.05179024860262871,p
0.17721667885780334,0.8076212406158447,2.372381970872084e-07,0.22036316990852356,0.7738123536109924,0.0018102115718647838,0.2550678849220276,0.7303459644317627,-0.0018772014882415533,0.28657039999961853,0.7155188918113708,-0.008755025453865528,0.31613436341285706,0.718307375907898,-0.015663621947169304,0.22085192799568176,0.6496807336807251,-0.0006551932892762125,0.2347559630870819,0.5927437543869019,-0.007144393865019083,0.23613575100898743,0.5558205842971802,-0.012413471937179565,0.23894590139389038,0.5239041447639465,-0.018270809203386307,0.20581524074077606,0.6481467485427856,-0.01265114638954401,0.2488200068473816,0.6292681097984314,-0.023005355149507523,0.27289265394210815,0.6243290305137634,-0.030282309278845787,0.29336559772491455,0.6166262626647949,-0.03574313595890999,0.19312673807144165,0.6572155356407166,-0.025386614724993706,0.24274644255638123,0.6425188183784485,-0.03788365423679352,0.274570107460022,0.6299818754196167,-0.044882796704769135,0.3017846643924713,0.6141332983970642,-0.04993705451488495,0.18600772321224213,0.6735942363739014,-0.038446325808763504,0.22647625207901,0.6563565731048584,-0.04874701797962189,0.25535738468170166,0.6490285396575928,-0.050839412957429886,0.2798267602920532,0.642699122428894,-0.05218576639890671,p
0.17903020977973938,0.799314022064209,2.385331754339859e-07,0.21856749057769775,0.770881712436676,-0.002261687070131302,0.25451940298080444,0.7237693071365356,-0.005476711317896843,0.28660842776298523,0.7085554003715515,-0.010418658144772053,0.31554168462753296,0.7134003639221191,-0.014917456544935703,0.2241864949464798,0.6469332575798035,-0.006067174486815929,0.234542116522789,0.5838578939437866,-0.012890735641121864,0.23469366133213043,0.5461227893829346,-0.01749526523053646,0.23640841245651245,0.5143489241600037,-0.022358477115631104,0.20901581645011902,0.6464645862579346,-0.015213432721793652,0.24741750955581665,0.6234521865844727,-0.025651151314377785,0.2689841389656067,0.6170205473899841,-0.03231682628393173,0.2878461182117462,0.606950044631958,-0.03707687556743622,0.19449742138385773,0.6536086797714233,-0.025331731885671616,0.24094240367412567,0.6399074792861938,-0.03889993205666542,0.27262887358665466,0.6269606351852417,-0.04789803922176361,0.2998276650905609,0.610489547252655,-0.05382777005434036,0.18485844135284424,0.6674215793609619,-0.035831060260534286,0.22574268281459808,0.6529620885848999,-0.04674747213721275,0.2565813958644867,0.6489330530166626,-0.04994283616542816,0.28203722834587097,0.647108256816864,-0.0518600195646286,p
0.1756868213415146,0.7966221570968628,2.615478251755121e-07,0.21600472927093506,0.7670071125030518,-0.0028044800274074078,0.25042539834976196,0.7191377878189087,-0.006755760405212641,0.28309574723243713,0.7031286358833313,-0.012645610608160496,0.3128933906555176,0.7073027491569519,-0.018161926418542862,0.22133077681064606,0.6408737897872925,-0.004328993149101734,0.23171575367450714,0.5824344158172607,-0.011213792487978935,0.23215767741203308,0.5442591309547424,-0.01681387796998024,0.2339199334383011,0.5116559267044067,-0.02289058081805706,0.20657876133918762,0.6398844122886658,-0.013698373921215534,0.2453039139509201,0.6195281147956848,-0.023417185992002487,0.26828116178512573,0.6113884449005127,-0.03044867515563965,0.28810030221939087,0.5997180938720703,-0.036007944494485855,0.19216357171535492,0.6473638415336609,-0.024289384484291077,0.23822930455207825,0.6347945332527161,-0.037122759968042374,0.26879772543907166,0.6196973919868469,-0.045793939381837845,0.2947273552417755,0.6005852222442627,-0.052164480090141296,0.1819792091846466,0.6620637774467468,-0.035525843501091,0.22236289083957672,0.652238130569458,-0.046498581767082214,0.2514854669570923,0.6499372720718384,-0.049645449966192245,0.27498072385787964,0.6474316120147705,-0.05177965387701988,p
0.17228193581104279,0.7905132174491882,2.6658773322196794e-07,0.21278499066829681,0.7615966796875,-0.004504704847931862,0.2467351257801056,0.7129732966423035,-0.006972039118409157,0.2793352007865906,0.6976014971733093,-0.010419256053864956,0.30929121375083923,0.7007841467857361,-0.01322544552385807,0.2197479009628296,0.6391512751579285,-0.007155628874897957,0.23124732077121735,0.5802279114723206,-0.01395705621689558,0.2316409796476364,0.5422121286392212,-0.01904549077153206,0.2323758602142334,0.5088444948196411,-0.024255985394120216,0.20621442794799805,0.637081503868103,-0.014928078278899193,0.24527347087860107,0.6190440654754639,-0.02353176660835743,0.26928502321243286,0.6096240878105164,-0.03005943074822426,0.28993237018585205,0.5958952903747559,-0.035335902124643326,0.19140471518039703,0.6420488953590393,-0.024095257744193077,0.23684149980545044,0.6324387788772583,-0.0382891520857811,0.26709556579589844,0.6162142753601074,-0.050561998039484024,0.2930143177509308,0.5946844816207886,-0.05898773670196533,0.18103718757629395,0.6534284353256226,-0.03368450328707695,0.22485941648483276,0.6484732627868652,-0.04574566334486008,0.2575507164001465,0.6539009809494019,-0.05060892552137375,0.2827746272087097,0.6609104871749878,-0.05380142852663994,p
0.17314213514328003,0.7873200178146362,2.1665725569164351e-07,0.21215002238750458,0.7593224048614502,-0.0025181351229548454,0.24786622822284698,0.7100491523742676,-0.005041186697781086,0.2801578938961029,0.6921530365943909,-0.009202515706419945,0.30904626846313477,0.6969271302223206,-0.012483675964176655,0.21995694935321808,0.6353645920753479,-0.0026244742330163717,0.2309211939573288,0.5759152173995972,-0.008066639304161072,0.2306903898715973,0.5397188663482666,-0.01211667712777853,0.2319689691066742,0.507952868938446,-0.01700827106833458,0.20415380597114563,0.6334789395332336,-0.011312389746308327,0.2387165129184723,0.6112579107284546,-0.021085375919938087,0.2567785680294037,0.6050096750259399,-0.027563199400901794,0.2729739546775818,0.5942948460578918,-0.03200763463973999,0.18937906622886658,0.6388990879058838,-0.021222764626145363,0.23307405412197113,0.6262083053588867,-0.0342838279902935,0.26383426785469055,0.6106386184692383,-0.04374493286013603,0.2905307710170746,0.5912571549415588,-0.050119876861572266,0.17930787801742554,0.6509899497032166,-0.031557705253362656,0.21948477625846863,0.6399350762367249,-0.04213521257042885,0.2487674206495285,0.6381332278251648,-0.04564213380217552,0.2725014388561249,0.6366381049156189,-0.04787668585777283,p
0.17170226573944092,0.7821677327156067,2.336053768203783e-07,0.21116892993450165,0.7550825476646423,-0.0033458988182246685,0.24680429697036743,0.7038833498954773,-0.005141140893101692,0.2797914743423462,0.6879164576530457,-0.008053997531533241,0.3088536858558655,0.6941977143287659,-0.010183623060584068,0.22080285847187042,0.6307723522186279,-0.0037393069360405207,0.23107802867889404,0.5701006650924683,-0.008310704492032528,0.2315712422132492,0.5335278511047363,-0.011710280552506447,0.23296886682510376,0.5011047124862671,-0.015996988862752914,0.20600053668022156,0.6279901266098022,-0.011298739351332188,0.24213282763957977,0.6091997027397156,-0.018526922911405563,0.2590010166168213,0.6033886075019836,-0.024006566032767296,0.2731611430644989,0.5896002054214478,-0.028285667300224304,0.19119524955749512,0.6326009631156921,-0.020112795755267143,0.2363668531179428,0.622584879398346,-0.03285104036331177,0.2652859091758728,0.6028786897659302,-0.04466457664966583,0.28953784704208374,0.5767117142677307,-0.053129374980926514,0.18024474382400513,0.6436421871185303,-0.029095087200403214,0.22561435401439667,0.6396315693855286,-0.03979725390672684,0.25824904441833496,0.645516037940979,-0.04379183426499367,0.2830769121646881,0.6511834859848022,-0.046575117856264114,p
0.17309999465942383,0.7807220220565796,2.6445061962476757e-07,0.21070744097232819,0.7529991865158081,-0.004419764503836632,0.2465428113937378,0.7030467391014099,-0.0063252211548388,0.2804657816886902,0.6844915747642517,-0.010540497489273548,0.3104802668094635,0.6888739466667175,-0.014268009923398495,0.226547509431839,0.6321493983268738,0.003880772739648819,0.2354114055633545,0.572752058506012,0.0004708326596301049,0.2372993677854538,0.5377423763275146,-0.002605336019769311,0.23869408667087555,0.5067359209060669,-0.006546563468873501,0.21144860982894897,0.6266193985939026,-0.00342982797883451,0.23392634093761444,0.5846822261810303,-0.010478295385837555,0.2400323897600174,0.5577201247215271,-0.01814008131623268,0.24509786069393158,0.5270293951034546,-0.02350984886288643,0.19606178998947144,0.628230094909668,-0.012425119057297707,0.2368512749671936,0.6136420965194702,-0.024870842695236206,0.26355481147766113,0.602206826210022,-0.03593504801392555,0.28505775332450867,0.5861899852752686,-0.042697709053754807,0.18141904473304749,0.6368678212165833,-0.02207154780626297,0.21995128691196442,0.6318672299385071,-0.032747842371463776,0.24686631560325623,0.6391820311546326,-0.036927804350852966,0.2679613530635834,0.6464292407035828,-0.03901836276054382,p
0.1721213459968567,0.7744494676589966,2.523467514947697e-07,0.20966020226478577,0.748047947883606,-0.00441912142559886,0.24607492983341217,0.6979867219924927,-0.007887830957770348,0.2788703143596649,0.6772243976593018,-0.013388839550316334,0.3080103099346161,0.6821780204772949,-0.018175531178712845,0.22359846532344818,0.6261245012283325,0.0008715033764019608,0.23824039101600647,0.5728517174720764,-0.0037752576172351837,0.24341294169425964,0.5401020050048828,-0.007196692284196615,0.24853253364562988,0.5107831954956055,-0.01159963570535183,0.20714905858039856,0.620349109172821,-0.006198822520673275,0.236630380153656,0.5937808156013489,-0.015737375244498253,0.2471657246351242,0.5814648270606995,-0.021877365186810493,0.2564447820186615,0.5620264410972595,-0.025632761418819427,0.19156527519226074,0.622378408908844,-0.014820772223174572,0.2323000580072403,0.612399160861969,-0.028643298894166946,0.2580645680427551,0.6008055210113525,-0.03657028451561928,0.2795168459415436,0.5830021500587463,-0.040931761264801025,0.1778789758682251,0.6312410235404968,-0.023999996483325958,0.21676485240459442,0.62494295835495,-0.03530691936612129,0.24288934469223022,0.629828155040741,-0.0379883237183094,0.26338204741477966,0.6328946352005005,-0.038784705102443695,p
0.17521299421787262,0.7675119042396545,2.4609605020486924e-07,0.21146754920482635,0.742728590965271,-0.0035399647895246744,0.24662858247756958,0.6930482387542725,-0.00694271270185709,0.2790897488594055,0.6730713248252869,-0.012874267995357513,0.3095172941684723,0.6783618927001953,-0.018238136544823647,0.22709766030311584,0.6257265210151672,0.001811629394069314,0.2454468309879303,0.5756517648696899,-0.0034512628335505724,0.2532176971435547,0.5463435053825378,-0.006729273125529289,0.261135071516037,0.5205435752868652,-0.010542137548327446,0.20789983868598938,0.6185224056243896,-0.006041104905307293,0.22913329303264618,0.5838906168937683,-0.017334578558802605,0.23416760563850403,0.5626298785209656,-0.024378441274166107,0.23933802545070648,0.5402411818504333,-0.02810729295015335,0.19053435325622559,0.6210269331932068,-0.015401003882288933,0.23050306737422943,0.6098108291625977,-0.030518000945448875,0.25541332364082336,0.598490297794342,-0.03827265277504921,0.2766169309616089,0.5832692980766296,-0.04168148711323738,0.1758670210838318,0.6314828395843506,-0.025182101875543594,0.213169664144516,0.6203799843788147,-0.036665596067905426,0.23779141902923584,0.6168696284294128,-0.03947573900222778,0.2595145106315613,0.611692488193512,-0.04017551615834236,p
0.17375633120536804,0.7609082460403442,2.1685913509372767e-07,0.21030953526496887,0.7349144816398621,-0.0016600812086835504,0.24564561247825623,0.6838286519050598,-0.004835485480725765,0.27753233909606934,0.6656069159507751,-0.009924928657710552,0.30490025877952576,0.6704745888710022,-0.0143843162804842,0.21622592210769653,0.6088467836380005,-0.0016165707493200898,0.22578537464141846,0.5484649538993835,-0.007791186682879925,0.22423528134822845,0.5104765892028809,-0.01301526464521885,0.22619402408599854,0.47760826349258423,-0.018962156027555466,0.19905239343643188,0.60642009973526,-0.0105542978271842,0.23386695981025696,0.5869218111038208,-0.023558929562568665,0.24557559192180634,0.5882053375244141,-0.03102913312613964,0.25551947951316833,0.5819659233093262,-0.035193853080272675,0.1842638999223709,0.6127713322639465,-0.020549418404698372,0.22723622620105743,0.6007800102233887,-0.034974534064531326,0.2551572322845459,0.585760235786438,-0.043104901909828186,0.27931299805641174,0.5655537843704224,-0.048134129494428635,0.17403331398963928,0.6265860795974731,-0.03079528920352459,0.21516497433185577,0.614348292350769,-0.041598133742809296,0.24366313219070435,0.612103283405304,-0.043993860483169556,0.26675188541412354,0.608673095703125,-0.045256271958351135,p
0.17046120762825012,0.7591842412948608,3.32918659751158e-07,0.20884135365486145,0.729280412197113,-0.0032353440765291452,0.2443864792585373,0.6783807277679443,-0.006286200135946274,0.2765679359436035,0.6613594889640808,-0.011546647176146507,0.3054543137550354,0.6666834950447083,-0.016216078773140907,0.2161777764558792,0.6046203970909119,-0.0006284433184191585,0.22505125403404236,0.5444514751434326,-0.006314474157989025,0.22494813799858093,0.5065442323684692,-0.010341672226786613,0.22657014429569244,0.47497546672821045,-0.014956588856875896,0.20082706212997437,0.6024961471557617,-0.008615313097834587,0.23728053271770477,0.5768896341323853,-0.01883997768163681,0.26266247034072876,0.5635520219802856,-0.02568703331053257,0.28560248017311096,0.5493752956390381,-0.030282530933618546,0.18510495126247406,0.607127845287323,-0.018203267827630043,0.22843392193317413,0.5919672250747681,-0.031190991401672363,0.2561280429363251,0.5777009129524231,-0.04030941426753998,0.2809186279773712,0.5611044764518738,-0.04609757289290428,0.1732775866985321,0.6179311871528625,-0.028532210737466812,0.21104426681995392,0.6041939854621887,-0.039771270006895065,0.23965077102184296,0.5995826721191406,-0.04436765983700752,0.26513898372650146,0.5964124798774719,-0.04704810678958893,p
0.16625091433525085,0.7608068585395813,2.804983694204566e-07,0.2082108110189438,0.7290619611740112,0.0035790633410215378,0.2433890402317047,0.6778964996337891,0.0036907410249114037,0.2744162380695343,0.6585191488265991,0.0003814550000242889,0.30183160305023193,0.6557069420814514,-0.002633614232763648,0.21200136840343475,0.6006023287773132,0.005190417170524597,0.22407804429531097,0.5416709780693054,0.0019165019039064646,0.2234237790107727,0.5038613080978394,-0.0009633307927288115,0.22404934465885162,0.47169697284698486,-0.005217621102929115,0.19615265727043152,0.597746729850769,-0.00591056514531374,0.23431764543056488,0.5736526846885681,-0.013293338008224964,0.2568131685256958,0.5611889362335205,-0.020021503791213036,0.27681243419647217,0.5484703183174133,-0.02554839663207531,0.18155258893966675,0.6032881140708923,-0.017971046268939972,0.2295253872871399,0.5904765129089355,-0.029250547289848328,0.2566540539264679,0.5765680074691772,-0.039493001997470856,0.27948489785194397,0.5606964826583862,-0.0472334623336792,0.17166867852210999,0.6162599325180054,-0.030038192868232727,0.21608887612819672,0.606387734413147,-0.040967315435409546,0.24915394186973572,0.6039659976959229,-0.04651669040322304,0.2776232957839966,0.603184163570404,-0.05054089426994324,p
0.1618112027645111,0.7546091675758362,2.8374338967296353e-07,0.20391611754894257,0.7210084199905396,0.0022413332480937243,0.23826654255390167,0.670461118221283,0.0032047147396951914,0.2705572545528412,0.6551576256752014,0.0011931626359000802,0.29639267921447754,0.653151273727417,-0.0004923777305521071,0.20970167219638824,0.5977809429168701,0.005002538673579693,0.2222544103860855,0.5370734333992004,0.0035054804757237434,0.22370247542858124,0.4998391270637512,0.002363891340792179,0.22495920956134796,0.467637300491333,-0.0005821461672894657,0.1959983855485916,0.5945969820022583,-0.005028562154620886,0.22779592871665955,0.5657747387886047,-0.009556845761835575,0.24305470287799835,0.5525809526443481,-0.01528150774538517,0.2557792067527771,0.5376107096672058,-0.020227432250976562,0.18328724801540375,0.6000139713287354,-0.01606559380888939,0.22930046916007996,0.5851878523826599,-0.027549466118216515,0.256267249584198,0.5671524405479431,-0.04190275818109512,0.27832621335983276,0.5467079281806946,-0.05283239856362343,0.17308244109153748,0.6140806674957275,-0.02672589384019375,0.2253151834011078,0.6190382242202759,-0.03883964195847511,0.2622425854206085,0.6319037675857544,-0.04639172926545143,0.2910272479057312,0.646125853061676,-0.05177930369973183,p
0.1626676321029663,0.7569440603256226,2.735595501235366e-07,0.20409217476844788,0.7258117198944092,0.0022797556594014168,0.23849880695343018,0.6741185188293457,0.0033687627874314785,0.268584281206131,0.6544172167778015,0.0013079456984996796,0.29520392417907715,0.6509799957275391,-0.00022664891730528325,0.21129482984542847,0.5958729982376099,0.0070828660391271114,0.22026623785495758,0.5328023433685303,0.003693246515467763,0.21903249621391296,0.49348995089530945,0.0005380638758651912,0.21929305791854858,0.4592875838279724,-0.0037489780224859715,0.19663409888744354,0.592975914478302,-0.003580657299607992,0.23019368946552277,0.5667548179626465,-0.011796812526881695,0.25101107358932495,0.5536177754402161,-0.019781552255153656,0.2704097628593445,0.5390162467956543,-0.02560531347990036,0.1814645379781723,0.5962406396865845,-0.015720540657639503,0.2241726517677307,0.5851842761039734,-0.02962491475045681,0.2521204352378845,0.5713092684745789,-0.04370877891778946,0.2766570746898651,0.5539383292198181,-0.053145091980695724,0.1704959273338318,0.6065056920051575,-0.027707254514098167,0.21430039405822754,0.6013075113296509,-0.040499404072761536,0.24970588088035583,0.6063405275344849,-0.04786532372236252,0.27961522340774536,0.6128166913986206,-0.05265297740697861,p
0.16094225645065308,0.7599632740020752,3.248489974794211e-07,0.2061813473701477,0.7438952326774597,4.498631460592151e-05,0.24426911771297455,0.7084395885467529,-0.0021068709902465343,0.28005796670913696,0.6995928883552551,-0.008035974577069283,0.30734267830848694,0.6963841319084167,-0.013738035224378109,0.21349604427814484,0.6038603782653809,0.0063683632761240005,0.22040757536888123,0.5378655195236206,0.002711949869990349,0.2205182909965515,0.49771958589553833,-0.0013257204554975033,0.22165900468826294,0.46305543184280396,-0.0064699393697083,0.19946520030498505,0.5974658727645874,-0.003836384043097496,0.22990074753761292,0.5633658170700073,-0.011811642907559872,0.2514134645462036,0.5462389588356018,-0.020869707688689232,0.2705519199371338,0.5293408036231995,-0.028200866654515266,0.18423572182655334,0.5985865592956543,-0.015560708940029144,0.22511103749275208,0.5815764665603638,-0.029386255890130997,0.25314852595329285,0.5658973455429077,-0.043969832360744476,0.27666303515434265,0.549124002456665,-0.05427553877234459,0.1722201406955719,0.6078556776046753,-0.027306420728564262,0.21720342338085175,0.6017464399337769,-0.04059905558824539,0.2519274652004242,0.609515368938446,-0.047817662358284,0.28069671988487244,0.6198936700820923,-0.05264252424240112,p
0.1620165854692459,0.7573057413101196,3.2886899248296686e-07,0.20681600272655487,0.7260802388191223,0.005080859176814556,0.24125079810619354,0.6814261674880981,0.005216492805629969,0.27205657958984375,0.6629448533058167,1.0157287761103362e-05,0.296472430229187,0.6552369594573975,-0.005046321544796228,0.2096724957227707,0.5968828797340393,0.018231729045510292,0.21911892294883728,0.5319432020187378,0.01539029274135828,0.2187526822090149,0.491424560546875,0.011448447592556477,0.22092588245868683,0.4566056728363037,0.006299987901002169,0.1968388855457306,0.5925391316413879,0.004950837232172489,0.2322257161140442,0.5581772327423096,-0.004855725448578596,0.2536603510379791,0.5445618629455566,-0.013894783332943916,0.27375638484954834,0.5331661105155945,-0.019733989611268044,0.18315473198890686,0.5939791202545166,-0.01030747964978218,0.22803080081939697,0.5741276144981384,-0.02469959668815136,0.25615692138671875,0.5567261576652527,-0.036851074546575546,0.28017914295196533,0.5411690473556519,-0.04453384131193161,0.17193405330181122,0.6015241742134094,-0.025526482611894608,0.213300883769989,0.5887961387634277,-0.039253439754247665,0.24466803669929504,0.5891936421394348,-0.04576808586716652,0.2727603018283844,0.5916634798049927,-0.04957970604300499,p
0.16017021238803864,0.7519775032997131,3.04548791518755e-07,0.20259548723697662,0.7233881950378418,0.0020927395671606064,0.23774799704551697,0.6767508387565613,0.00018269059364683926,0.2668190598487854,0.6555866599082947,-0.0054414295591413975,0.29109129309654236,0.6470884084701538,-0.010628643445670605,0.20808839797973633,0.589936375617981,0.005241418723016977,0.21874676644802094,0.5252907276153564,-0.0007559882360510528,0.21742376685142517,0.48569256067276,-0.0061378576792776585,0.2170572131872177,0.4503445625305176,-0.011904088780283928,0.1934238225221634,0.5848559737205505,-0.006598014384508133,0.23383869230747223,0.5580866932868958,-0.01896986924111843,0.25951460003852844,0.5462758541107178,-0.02807561866939068,0.28063666820526123,0.5353621244430542,-0.0336635559797287,0.178403839468956,0.5881412029266357,-0.019784221425652504,0.22486799955368042,0.5729064345359802,-0.03445487469434738,0.2562723159790039,0.554600179195404,-0.045101627707481384,0.2829696238040924,0.5355966091156006,-0.05170566588640213,0.16792529821395874,0.5988176465034485,-0.03315466269850731,0.20948371291160583,0.5844362378120422,-0.04573848471045494,0.24112294614315033,0.5801953673362732,-0.050534605979919434,0.26869022846221924,0.5784479379653931,-0.053050678223371506,p
0.15523098409175873,0.7418322563171387,3.010219415955362e-07,0.19870074093341827,0.7051119208335876,0.0012229930143803358,0.23382806777954102,0.6554015278816223,0.0014213303802534938,0.26426398754119873,0.6393294930458069,-0.0012138384627178311,0.28935569524765015,0.6346848011016846,-0.003334125503897667,0.20682407915592194,0.5825791358947754,0.004240448586642742,0.219011127948761,0.5224788784980774,-0.00034314615186303854,0.2187022864818573,0.4853332042694092,-0.004750052932649851,0.217997744679451,0.4523089528083801,-0.0097809424623847,0.19328618049621582,0.5802420377731323,-0.0061165885999798775,0.23097525537014008,0.5523161888122559,-0.014291475526988506,0.25624018907546997,0.5374752879142761,-0.022466255351901054,0.2777034640312195,0.5228310227394104,-0.02891571633517742,0.17802788317203522,0.584368884563446,-0.017952974885702133,0.2238224297761917,0.5712152123451233,-0.031139113008975983,0.2542646825313568,0.5551745295524597,-0.04487770423293114,0.2796717584133148,0.536293089389801,-0.054725971072912216,0.1669253259897232,0.5957121253013611,-0.02989991568028927,0.21283221244812012,0.5905063152313232,-0.0427103266119957,0.24844184517860413,0.5961289405822754,-0.049897611141204834,0.27736082673072815,0.6034533381462097,-0.054828424006700516,p
0.15701618790626526,0.7369813323020935,3.200985361218045e-07,0.19839397072792053,0.7022722363471985,0.001988412346690893,0.23374131321907043,0.6532670259475708,0.000545966497156769,0.26587727665901184,0.6353234052658081,-0.004438305739313364,0.2939252555370331,0.6330319046974182,-0.008788473904132843,0.20651060342788696,0.5759981870651245,0.006051534786820412,0.21841895580291748,0.5192776918411255,0.0008447554428130388,0.218207448720932,0.48201361298561096,-0.004285180009901524,0.21838797628879547,0.44990843534469604,-0.009802112355828285,0.19134239852428436,0.5733219981193542,-0.0047895037569105625,0.22873616218566895,0.5470260977745056,-0.014205862767994404,0.2559981048107147,0.5323960185050964,-0.022064510732889175,0.2801547646522522,0.5205603837966919,-0.027795007452368736,0.17593014240264893,0.5783793330192566,-0.01705789566040039,0.22139951586723328,0.5651369690895081,-0.02972976677119732,0.25143110752105713,0.5533397197723389,-0.03969433158636093,0.276787668466568,0.5422970056533813,-0.04631592333316803,0.16616833209991455,0.5896883010864258,-0.029687345027923584,0.2090584635734558,0.5793203115463257,-0.04133468493819237,0.240330308675766,0.5797545909881592,-0.04651213437318802,0.2671056389808655,0.5820227861404419,-0.04958276450634003,p
0.1590830683708191,0.7370235323905945,3.2726831022955594e-07,0.19779588282108307,0.7034891843795776,-0.0007678274414502084,0.23353852331638336,0.6514395475387573,-0.0011721316259354353,0.2662186026573181,0.6330225467681885,-0.004328515380620956,0.2932249903678894,0.6302186846733093,-0.006605095230042934,0.2090429663658142,0.5790095925331116,0.007285249885171652,0.2184412181377411,0.518690824508667,0.0029949750751256943,0.21773144602775574,0.48077887296676636,-0.0014301184564828873,0.21778647601604462,0.4479255974292755,-0.006388697773218155,0.19596029818058014,0.5758487582206726,-0.0015124381752684712,0.2288164496421814,0.5444940328598022,-0.010285383090376854,0.25451767444610596,0.5285578966140747,-0.018462643027305603,0.2779075503349304,0.513901948928833,-0.024144232273101807,0.17968709766864777,0.5779837965965271,-0.012216511182487011,0.22001643478870392,0.5617145895957947,-0.0254824236035347,0.24957138299942017,0.5474407076835632,-0.03783566877245903,0.275365948677063,0.5326346158981323,-0.045828793197870255,0.1668958067893982,0.5862753987312317,-0.02336888015270233,0.20891226828098297,0.5779184699058533,-0.035712830722332,0.24134618043899536,0.582267701625824,-0.042238350957632065,0.2686202824115753,0.5880395174026489,-0.04617315158247948,p
0.15480391681194305,0.7332653403282166,3.2408738093181455e-07,0.1958732306957245,0.7009660005569458,-0.000542116817086935,0.23284593224525452,0.6480042338371277,-0.0006543895578943193,0.265849769115448,0.6292575001716614,-0.0037646444980055094,0.29365620017051697,0.6283549070358276,-0.006073679309338331,0.20713511109352112,0.5766430497169495,0.00859581958502531,0.21656878292560577,0.5163993835449219,0.0041005369275808334,0.21623940765857697,0.4785606265068054,-0.0005641911411657929,0.21763008832931519,0.44641923904418945,-0.005785643123090267,0.19378840923309326,0.5733309984207153,-0.000682438665535301,0.2288092076778412,0.5435611009597778,-0.011037654243409634,0.25502461194992065,0.5284805297851562,-0.020185980945825577,0.27891016006469727,0.5146257877349854,-0.026154164224863052,0.1779060810804367,0.5754022002220154,-0.011966822668910027,0.21856693923473358,0.5597624778747559,-0.026294950395822525,0.24778534471988678,0.5486950278282166,-0.03834583982825279,0.27339667081832886,0.5363172888755798,-0.04558037221431732,0.1656416356563568,0.5825921893119812,-0.023685434833168983,0.20371508598327637,0.5713774561882019,-0.03618098795413971,0.23328445851802826,0.5729586482048035,-0.042441852390766144,0.25866031646728516,0.5755708813667297,-0.04604622721672058,p
0.1514786183834076,0.7297190427780151,2.5377141810167814e-07,0.19408850371837616,0.6950064301490784,0.004147278144955635,0.23164910078048706,0.6439124941825867,0.006619149353355169,0.26470986008644104,0.6271188855171204,0.004841920454055071,0.2929835915565491,0.6275017857551575,0.0037663315888494253,0.2083989977836609,0.5764459371566772,0.01884898543357849,0.22932080924510956,0.5317530632019043,0.01706300489604473,0.2378944605588913,0.5052846670150757,0.013452045619487762,0.2464762032032013,0.4804980158805847,0.008785277605056763,0.1920517534017563,0.5688218474388123,0.0070448825135827065,0.2146587371826172,0.5294632315635681,-0.00012761047400999814,0.22649908065795898,0.5021018981933594,-0.00906257051974535,0.23826444149017334,0.4760448932647705,-0.015401642769575119,0.17565634846687317,0.5694084763526917,-0.006779094692319632,0.2161255180835724,0.5538205504417419,-0.020136674866080284,0.24453020095825195,0.5434311628341675,-0.03249417245388031,0.2675429880619049,0.531331479549408,-0.03983290120959282,0.16294080018997192,0.577137291431427,-0.020672515034675598,0.20505869388580322,0.5684980154037476,-0.03292462229728699,0.2354065328836441,0.571955680847168,-0.03944230079650879,0.2602865397930145,0.5754850506782532,-0.043245937675237656,p
0.15280231833457947,0.7201902866363525,2.8986460165469907e-07,0.1918424516916275,0.6901413202285767,-0.0006266398122534156,0.2298348993062973,0.6406154632568359,-0.0013327596243470907,0.264551043510437,0.6241949796676636,-0.004973029717803001,0.29546821117401123,0.6294629573822021,-0.008142970502376556,0.2078787386417389,0.5737502574920654,0.01095679122954607,0.22924919426441193,0.5330417156219482,0.006907179020345211,0.2387111932039261,0.5085590481758118,0.0016992326127365232,0.24777892231941223,0.48633861541748047,-0.0037473426200449467,0.19030717015266418,0.5658405423164368,0.0018048069905489683,0.21200859546661377,0.5248868465423584,-0.007078174967318773,0.21993280947208405,0.49486517906188965,-0.016659827902913094,0.228218674659729,0.46624061465263367,-0.0231129452586174,0.1738165318965912,0.5674160718917847,-0.00921012181788683,0.2130991369485855,0.5538555383682251,-0.023021575063467026,0.23941999673843384,0.5415805578231812,-0.034498658031225204,0.26159149408340454,0.5270805358886719,-0.041055336594581604,0.16019222140312195,0.5769408941268921,-0.02059551328420639,0.1995028853416443,0.5687052011489868,-0.032903969287872314,0.2258678674697876,0.5700340867042542,-0.03864303231239319,0.2483261227607727,0.5701838731765747,-0.04173974692821503,p
0.1559123694896698,0.7151530385017395,2.3392496473206847e-07,0.19316552579402924,0.6880799531936646,-0.0014661604072898626,0.23107647895812988,0.6370943188667297,-0.0017769401893019676,0.26509103178977966,0.6213207840919495,-0.003938314970582724,0.2944912016391754,0.6285775303840637,-0.005237243603914976,0.20676396787166595,0.5696215629577637,0.0068461699411273,0.22465142607688904,0.5239653587341309,0.0038185797166079283,0.2297351360321045,0.4955359101295471,0.0002969380875583738,0.23620912432670593,0.4697207808494568,-0.004322052467614412,0.18909336626529694,0.5628793835639954,-0.0015664868988096714,0.2121744155883789,0.5290425419807434,-0.009977557696402073,0.21845214068889618,0.5071299076080322,-0.017537815496325493,0.22602608799934387,0.48339399695396423,-0.022464191541075706,0.17288604378700256,0.5649175643920898,-0.011666438542306423,0.21532957255840302,0.5513783693313599,-0.024248963221907616,0.2433793842792511,0.5354610681533813,-0.03442750871181488,0.267311692237854,0.5161324739456177,-0.04067898914217949,0.16073060035705566,0.5748400092124939,-0.022138562053442,0.20149226486682892,0.5656448006629944,-0.033152997493743896,0.2280552238225937,0.5635378360748291,-0.03803538158535957,0.25019407272338867,0.5597602128982544,-0.04089226946234703,p
0.15403136610984802,0.7119815349578857,2.2984099246059486e-07,0.1906127631664276,0.684424638748169,-0.0019010351970791817,0.22862796485424042,0.6335322260856628,-0.0035293756518512964,0.26362869143486023,0.6180956363677979,-0.006848058197647333,0.2931000590324402,0.6247264742851257,-0.00936782918870449,0.20254915952682495,0.5646154880523682,0.0023137738462537527,0.21579620242118835,0.5126263499259949,-0.0014921162510290742,0.21738901734352112,0.47944873571395874,-0.005172527860850096,0.22089993953704834,0.4495126008987427,-0.010248979553580284,0.18634672462940216,0.5605518817901611,-0.005783796776086092,0.21531613171100616,0.5357415676116943,-0.0158675629645586,0.22702911496162415,0.5264416933059692,-0.023320792242884636,0.23901335895061493,0.5108063220977783,-0.02806917577981949,0.1707654893398285,0.563998818397522,-0.015198322013020515,0.2116771638393402,0.5525887608528137,-0.028606628999114037,0.24045774340629578,0.5384575128555298,-0.0381883904337883,0.26556262373924255,0.5188654065132141,-0.044044215232133865,0.15925438702106476,0.5746081471443176,-0.02495225891470909,0.1990501582622528,0.5629075765609741,-0.03605164960026741,0.22631840407848358,0.5613088011741638,-0.04034904018044472,0.24891898036003113,0.5583295226097107,-0.04277106001973152,p
0.15421763062477112,0.7116186022758484,2.5776685674827604e-07,0.19187530875205994,0.6810986399650574,-0.0019276986131444573,0.2300906777381897,0.6327142119407654,-0.002449274528771639,0.2645277678966522,0.6183368563652039,-0.005086873658001423,0.29339921474456787,0.6219151616096497,-0.007028303109109402,0.20524510741233826,0.5640789866447449,0.006372518837451935,0.21727238595485687,0.5135179162025452,0.002994172042235732,0.22001832723617554,0.48230206966400146,-0.000650738540571183,0.22363229095935822,0.4540822505950928,-0.00528863025829196,0.1891813427209854,0.5600811839103699,-0.0018764255801215768,0.21186913549900055,0.5235412120819092,-0.010247204452753067,0.2231883555650711,0.5023292899131775,-0.018573863431811333,0.23488157987594604,0.4783604145050049,-0.024307914078235626,0.1720152050256729,0.5621936321258545,-0.011854223906993866,0.20950749516487122,0.5482043623924255,-0.025684693828225136,0.23787571489810944,0.5362406373023987,-0.037303626537323,0.26215216517448425,0.5199217796325684,-0.044156864285469055,0.1575113981962204,0.5713966488838196,-0.02221616543829441,0.19545680284500122,0.5614814758300781,-0.03435639292001724,0.22275035083293915,0.5637654662132263,-0.04011433571577072,0.2451624870300293,0.5656545162200928,-0.04332110285758972,p
0.15385884046554565,0.7101688981056213,3.470130423011142e-07,0.1909673660993576,0.6803455948829651,-0.002492382423952222,0.22936871647834778,0.6343262791633606,-0.0036330781877040863,0.2642083764076233,0.619968831539154,-0.007536749355494976,0.29356831312179565,0.6229915022850037,-0.01102046761661768,0.2079954296350479,0.5697740316390991,0.00938996858894825,0.23454216122627258,0.5351398587226868,0.0028762193396687508,0.2524223029613495,0.5141891837120056,-0.0041387565433979034,0.2675465941429138,0.4952232837677002,-0.009564022533595562,0.1897263079881668,0.5596668720245361,0.0007564631523564458,0.20556069910526276,0.507127583026886,-0.007943716831505299,0.21146656572818756,0.4669142961502075,-0.017783882096409798,0.21661923825740814,0.43122684955596924,-0.024036794900894165,0.171660378575325,0.5611987709999084,-0.010089905932545662,0.20691901445388794,0.5451304912567139,-0.024564437568187714,0.2344679832458496,0.5360280871391296,-0.03589833900332451,0.25615981221199036,0.5238292217254639,-0.04124204441905022,0.15623092651367188,0.5723075270652771,-0.021511545404791832,0.19061017036437988,0.5589931607246399,-0.033408235758543015,0.21575286984443665,0.5598508715629578,-0.03782536834478378,0.23640191555023193,0.5600793361663818,-0.03947226330637932,p
0.15107637643814087,0.708013653755188,2.5636205691625946e-07,0.18855836987495422,0.6790139675140381,-0.000796345470007509,0.227136492729187,0.6312456130981445,-0.002188822953030467,0.26251333951950073,0.6167325973510742,-0.006546687800437212,0.293096125125885,0.6220840215682983,-0.010437561199069023,0.20232410728931427,0.564043402671814,0.008581258356571198,0.2191123366355896,0.5209615230560303,0.005032982677221298,0.22495782375335693,0.494534432888031,0.0011495603248476982,0.2312905639410019,0.47021812200546265,-0.0037425209302455187,0.18579865992069244,0.5578996539115906,-0.0006415765383280814,0.20986056327819824,0.5244821906089783,-0.010012608952820301,0.22111853957176208,0.5037720203399658,-0.018558833748102188,0.23222233355045319,0.4811495840549469,-0.02426503598690033,0.16932570934295654,0.5595155954360962,-0.011606764979660511,0.2071216106414795,0.5479026436805725,-0.02580864354968071,0.23353450000286102,0.5376126170158386,-0.036759115755558014,0.25605276226997375,0.5235540270805359,-0.0429455004632473,0.1559077650308609,0.5679121017456055,-0.022896647453308105,0.1932946741580963,0.5577337145805359,-0.03474888950586319,0.21969106793403625,0.5589736104011536,-0.040163803845644,0.24206231534481049,0.5593703985214233,-0.043205376714468,p
0.1543455421924591,0.704023540019989,3.459339268374606e-07,0.1891501545906067,0.6774759292602539,-0.003912285435944796,0.22641393542289734,0.6310017108917236,-0.006082304287701845,0.26040562987327576,0.6156782507896423,-0.010336729697883129,0.28988587856292725,0.6192312836647034,-0.014274347573518753,0.20609888434410095,0.5678523182868958,0.0052907951176166534,0.23208266496658325,0.5336573719978333,-0.0024192393757402897,0.2489681988954544,0.5118927359580994,-0.010420141741633415,0.26397815346717834,0.49245914816856384,-0.016661236062645912,0.1876685619354248,0.5581416487693787,-0.0025027538649737835,0.20361578464508057,0.5080921053886414,-0.012506046332418919,0.2095421999692917,0.4675140380859375,-0.0231137927621603,0.21543413400650024,0.43155306577682495,-0.029963981360197067,0.16975252330303192,0.5597811937332153,-0.012252284213900566,0.2030027061700821,0.5433573126792908,-0.026848625391721725,0.2297423630952835,0.531980037689209,-0.03763769939541817,0.25168514251708984,0.5185338258743286,-0.04289248585700989,0.15387001633644104,0.5709593296051025,-0.02265879139304161,0.18482640385627747,0.5581108331680298,-0.0348745733499527,0.20752570033073425,0.5583092570304871,-0.03906070441007614,0.2269633412361145,0.5578423142433167,-0.04056172072887421,p
0.15246258676052094,0.7015924453735352,3.0667342798551545e-07,0.1888786405324936,0.6755276322364807,-0.0028419489972293377,0.22726891934871674,0.6298986077308655,-0.003818943863734603,0.2614682912826538,0.615162193775177,-0.007026231847703457,0.2906028628349304,0.6196683645248413,-0.009729443117976189,0.20473910868167877,0.563513994216919,0.00731326499953866,0.2257237583398819,0.5281727313995361,0.0019911944400519133,0.23783525824546814,0.5063229203224182,-0.004041059408336878,0.24857491254806519,0.4868448078632355,-0.009201304987072945,0.18582375347614288,0.5549449324607849,-0.0008413066971115768,0.20221742987632751,0.5061776638031006,-0.009228549897670746,0.20873133838176727,0.4665454924106598,-0.018875429406762123,0.21498043835163116,0.4306885600090027,-0.025204366073012352,0.16802942752838135,0.5564810633659363,-0.010929584503173828,0.20348800718784332,0.5410985946655273,-0.024839626625180244,0.2315385639667511,0.5301189422607422,-0.03615532070398331,0.2546055316925049,0.5171225070953369,-0.04172968119382858,0.15408043563365936,0.5668467283248901,-0.02155100181698799,0.1913970410823822,0.5539932250976562,-0.0329890176653862,0.2169119119644165,0.5535775423049927,-0.03748767077922821,0.2377542108297348,0.5535449385643005,-0.039353519678115845,p
0.1499195694923401,0.6990413665771484,2.519313966331538e-07,0.18794234097003937,0.6705387234687805,-0.0007303912425413728,0.22520247101783752,0.624770998954773,-0.0025315629318356514,0.25958284735679626,0.6109061241149902,-0.006967733148485422,0.28874918818473816,0.6156638860702515,-0.010865796357393265,0.19889959692955017,0.5548927187919617,0.004684295505285263,0.21020857989788055,0.503879725933075,0.0004539853543974459,0.21102958917617798,0.47010183334350586,-0.0034476802684366703,0.21432265639305115,0.4401545822620392,-0.008614118210971355,0.18172210454940796,0.5513446927070618,-0.0046143075451254845,0.2069408893585205,0.5227199196815491,-0.015306828543543816,0.21802067756652832,0.5106907486915588,-0.023450711742043495,0.23043058812618256,0.49463802576065063,-0.02872307039797306,0.16514618694782257,0.5547377467155457,-0.015340077690780163,0.2028382271528244,0.5433515310287476,-0.030367569997906685,0.23029285669326782,0.5338153839111328,-0.04060196876525879,0.2550058960914612,0.5207518339157104,-0.046372734010219574,0.1522788554430008,0.5650383830070496,-0.026325330138206482,0.19163385033607483,0.5544591546058655,-0.03901175037026405,0.21964752674102783,0.5559021830558777,-0.04430007562041283,0.24324317276477814,0.5577068328857422,-0.047108761966228485,p
0.1519368439912796,0.6986206769943237,2.6335510483477265e-07,0.18749597668647766,0.6711369752883911,-0.0029770368710160255,0.22509083151817322,0.6237722635269165,-0.004691019654273987,0.2600960433483124,0.6095944046974182,-0.008429440669715405,0.28963980078697205,0.6148768663406372,-0.011691004037857056,0.1997504085302353,0.5537825226783752,0.0036062898579984903,0.2104089856147766,0.5022283792495728,6.302906695054844e-05,0.21276256442070007,0.46995776891708374,-0.0035947198048233986,0.2163456529378891,0.44081276655197144,-0.008371884934604168,0.18357738852500916,0.5499229431152344,-0.004113617818802595,0.20643657445907593,0.5171689391136169,-0.012776796706020832,0.2185865342617035,0.4991969168186188,-0.02095860429108143,0.2312650829553604,0.47752079367637634,-0.026612408459186554,0.16669195890426636,0.5527554154396057,-0.01337230484932661,0.2031843066215515,0.5418601036071777,-0.027160098776221275,0.23178844153881073,0.5305889844894409,-0.03842172026634216,0.2570650279521942,0.5147848129272461,-0.04511469230055809,0.15230491757392883,0.5624764561653137,-0.02308836206793785,0.18910306692123413,0.5532801151275635,-0.03505018353462219,0.21580727398395538,0.5567107200622559,-0.04034757241606712,0.23837992548942566,0.5602325797080994,-0.043190862983465195,p
0.1490699052810669,0.6971904039382935,3.333652500714379e-07,0.18708232045173645,0.6716441512107849,-0.0009884145110845566,0.22482912242412567,0.6269554495811462,-0.0010170558234676719,0.2590363025665283,0.6124610304832458,-0.004336216952651739,0.28784048557281494,0.6148592829704285,-0.007352646440267563,0.2046632468700409,0.5625683665275574,0.010982191190123558,0.2303146868944168,0.5277655124664307,0.006059706211090088,0.2471865862607956,0.5071859359741211,0.000717879447620362,0.26079830527305603,0.4891873002052307,-0.0036888164468109608,0.18599145114421844,0.5517723560333252,0.001246281317435205,0.2007276564836502,0.4969714283943176,-0.006511268205940723,0.20714257657527924,0.45747464895248413,-0.015614381991326809,0.2123464196920395,0.4228145480155945,-0.021366259083151817,0.16783107817173004,0.5521396994590759,-0.010652788914740086,0.2026079148054123,0.5370484590530396,-0.025734219700098038,0.23165331780910492,0.528981626033783,-0.038490258157253265,0.25441062450408936,0.5183250904083252,-0.04475369676947594,0.15282601118087769,0.5612052083015442,-0.022879749536514282,0.19080927968025208,0.5510340332984924,-0.03591400012373924,0.21869967877864838,0.5564965009689331,-0.041504599153995514,0.2410173863172531,0.5623005032539368,-0.043976329267024994,p
0.1501728594303131,0.6963834762573242,3.1525920007879904e-07,0.18615372478961945,0.671883761882782,-0.00423469441011548,0.22388704121112823,0.6271105408668518,-0.0062026395462453365,0.25800302624702454,0.6116359233856201,-0.010751462541520596,0.28744441270828247,0.6151660680770874,-0.014978469349443913,0.20452181994915009,0.5625283122062683,0.006372773554176092,0.23070108890533447,0.5266030430793762,-0.000594134908169508,0.24727457761764526,0.5050607323646545,-0.007654217071831226,0.26126423478126526,0.486235111951828,-0.013315602205693722,0.1862194538116455,0.5529764890670776,-0.001747038448229432,0.20186445116996765,0.5025674104690552,-0.011664817109704018,0.2082679718732834,0.4632496237754822,-0.022555749863386154,0.21332162618637085,0.42924535274505615,-0.029713938012719154,0.16805417835712433,0.5536859631538391,-0.011960314586758614,0.1997358798980713,0.5369907021522522,-0.027569441124796867,0.2259272336959839,0.5287755131721497,-0.03930684179067612,0.24652884900569916,0.518850564956665,-0.04502522200345993,0.1513892114162445,0.5626512169837952,-0.022792432457208633,0.18237411975860596,0.5489341616630554,-0.03557657077908516,0.20438456535339355,0.5513375997543335,-0.04016770422458649,0.22205083072185516,0.5545663833618164,-0.042001836001873016,p
0.15059158205986023,0.6940252184867859,2.445218001412286e-07,0.1860116422176361,0.668551504611969,-0.0032060828525573015,0.22306379675865173,0.6236176490783691,-0.0055820997804403305,0.2574599087238312,0.6086668968200684,-0.010115367360413074,0.28748711943626404,0.6138253211975098,-0.014244971796870232,0.1993013620376587,0.5565294027328491,0.0031678671948611736,0.2164415419101715,0.5124214887619019,-0.0021656122989952564,0.2228071093559265,0.4849735498428345,-0.007023070938885212,0.23029743134975433,0.4607090950012207,-0.012363547459244728,0.18149425089359283,0.5510870218276978,-0.004639226943254471,0.20133356750011444,0.5176222324371338,-0.016030078753829002,0.2110995054244995,0.49765104055404663,-0.025233475491404533,0.2214118242263794,0.47713565826416016,-0.031097736209630966,0.16414304077625275,0.5535786151885986,-0.014034785330295563,0.19774240255355835,0.5414348840713501,-0.029500111937522888,0.2228822410106659,0.5315441489219666,-0.03991159051656723,0.24487030506134033,0.5188273787498474,-0.04546714201569557,0.14920184016227722,0.5634403824806213,-0.02383991703391075,0.1828407496213913,0.5530450344085693,-0.03687814623117447,0.20617534220218658,0.5515335202217102,-0.042510077357292175,0.22599270939826965,0.5493566989898682,-0.04546045884490013,p
0.14719855785369873,0.6945701837539673,3.4329042364333873e-07,0.18617038428783417,0.6698912978172302,0.0017956984229385853,0.22281460464000702,0.6279212832450867,0.0021199521142989397,0.25635915994644165,0.6134227514266968,-0.001227022847160697,0.2862488925457001,0.6159467697143555,-0.0044207219034433365,0.20074288547039032,0.5597992539405823,0.012724950909614563,0.22797955572605133,0.5281686186790466,0.007657329551875591,0.24470628798007965,0.5071851015090942,0.0018973412225022912,0.25856029987335205,0.4886772632598877,-0.003120236098766327,0.1812269389629364,0.550633430480957,0.001151117729023099,0.19879023730754852,0.4982387125492096,-0.007658688817173243,0.2051108181476593,0.4573521912097931,-0.017303165048360825,0.21019260585308075,0.4212223291397095,-0.023476222530007362,0.16326627135276794,0.5534787178039551,-0.012308702804148197,0.20069319009780884,0.5380618572235107,-0.02769351191818714,0.22918380796909332,0.5289304256439209,-0.0391058623790741,0.25151553750038147,0.5161769986152649,-0.04456304758787155,0.14930713176727295,0.5651822686195374,-0.0258948877453804,0.18685691058635712,0.5521855354309082,-0.0398249626159668,0.2141622006893158,0.5495538711547852,-0.04566117748618126,0.23709961771965027,0.5451169013977051,-0.04839026927947998,p
0.14760825037956238,0.6963402032852173,3.340121281780739e-07,0.1847236305475235,0.6725256443023682,-0.002028161194175482,0.2220931053161621,0.6289721727371216,-0.0031537916511297226,0.2561298906803131,0.6129702925682068,-0.00709286006167531,0.2855491638183594,0.614756166934967,-0.010514581575989723,0.20038963854312897,0.5615865588188171,0.00833855103701353,0.22825579345226288,0.5275939702987671,0.0025175646878778934,0.24637135863304138,0.5070918202400208,-0.0033591969404369593,0.2609359920024872,0.48924317955970764,-0.00802493467926979,0.18136927485466003,0.5514095425605774,-0.0008505507139489055,0.19904594123363495,0.49786248803138733,-0.009403643198311329,0.20596039295196533,0.45820072293281555,-0.01841619424521923,0.21074356138706207,0.4235612154006958,-0.024030884727835655,0.16400402784347534,0.5527876615524292,-0.012075449340045452,0.20089849829673767,0.5364863276481628,-0.02652556635439396,0.22945819795131683,0.5283137559890747,-0.036999836564064026,0.2513330280780792,0.5168076753616333,-0.04181673005223274,0.15061764419078827,0.563441276550293,-0.023790268227458,0.1880156695842743,0.5502155423164368,-0.035536933690309525,0.21436172723770142,0.5487649440765381,-0.03963125869631767,0.23530486226081848,0.5460214614868164,-0.041216589510440826,p
0.1464657485485077,0.697615921497345,2.7227636678617273e-07,0.18569286167621613,0.671878457069397,-6.994426075834781e-05,0.22255530953407288,0.6283894181251526,-0.0002505520242266357,0.2566334903240204,0.6130442023277283,-0.0036412617191672325,0.28662899136543274,0.6157161593437195,-0.006695069372653961,0.19919559359550476,0.5604531764984131,0.010395536199212074,0.2206972986459732,0.5234266519546509,0.006613223813474178,0.23137491941452026,0.5011981725692749,0.0019349948270246387,0.24057480692863464,0.48041439056396484,-0.0028713145293295383,0.1806488037109375,0.551716148853302,0.00013801944442093372,0.1993076652288437,0.5021913647651672,-0.007714888080954552,0.2055133581161499,0.4631514251232147,-0.017279818654060364,0.21083177626132965,0.4271288514137268,-0.02398155815899372,0.16379843652248383,0.5529281497001648,-0.01191897876560688,0.20391514897346497,0.5377654433250427,-0.025915296748280525,0.2332196980714798,0.5282168388366699,-0.03765859827399254,0.2564123868942261,0.5153173804283142,-0.04407864809036255,0.15107019245624542,0.5627982020378113,-0.02427540346980095,0.19103370606899261,0.5515011548995972,-0.0363873615860939,0.21962663531303406,0.549597442150116,-0.0420137457549572,0.24350379407405853,0.5472261905670166,-0.045169271528720856,p
0.14689303934574127,0.6968566179275513,2.5633511313571944e-07,0.18605577945709229,0.6707841753959656,-0.0008287201053462923,0.22277724742889404,0.6272449493408203,-0.0009038960561156273,0.256669819355011,0.6121983528137207,-0.0038164060097187757,0.286464124917984,0.6157391667366028,-0.006377266254276037,0.19796854257583618,0.5582571029663086,0.009255770593881607,0.21560515463352203,0.5194388628005981,0.006070868112146854,0.22237658500671387,0.4951370358467102,0.001998353051021695,0.22919028997421265,0.47252142429351807,-0.002637760015204549,0.17994040250778198,0.5512868165969849,-0.00032092133187688887,0.19819188117980957,0.5050697326660156,-0.007951896637678146,0.2044217884540558,0.4674087166786194,-0.01722191832959652,0.21103617548942566,0.4313966631889343,-0.023815102875232697,0.1635449379682541,0.5532712340354919,-0.011699555441737175,0.2027844935655594,0.5380825400352478,-0.02586967684328556,0.23172810673713684,0.5278555154800415,-0.038207195699214935,0.2554384768009186,0.5146574974060059,-0.0449940450489521,0.1511463224887848,0.5631639361381531,-0.023365609347820282,0.19105961918830872,0.5514055490493774,-0.0360054150223732,0.2196630984544754,0.5498514175415039,-0.042394671589136124,0.24352985620498657,0.5484892129898071,-0.046002455055713654,p
0.14878639578819275,0.6947540640830994,3.1354031193586707e-07,0.18670803308486938,0.6703615784645081,-0.000308799440972507,0.22314831614494324,0.6279025077819824,-0.00044434613664634526,0.25661829113960266,0.613227903842926,-0.003700368106365204,0.28605595231056213,0.6166593432426453,-0.006764099933207035,0.2012210488319397,0.5606855154037476,0.009978758171200752,0.2233293503522873,0.5274003744125366,0.005399845074862242,0.23641633987426758,0.5064619779586792,0.0002478702226653695,0.24758125841617584,0.4876766800880432,-0.004528339020907879,0.18203656375408173,0.5516647696495056,-0.000337816629325971,0.198434978723526,0.499614953994751,-0.008692646399140358,0.20447058975696564,0.4599103331565857,-0.017913183197379112,0.20971134305000305,0.4239839017391205,-0.02393023669719696,0.1641009896993637,0.5539551973342896,-0.01260252296924591,0.20045821368694305,0.5387033820152283,-0.027951279655098915,0.22970159351825714,0.5291613340377808,-0.04017648473381996,0.2532740533351898,0.5160931348800659,-0.0462694987654686,0.15016748011112213,0.5648818612098694,-0.025068195536732674,0.18918068706989288,0.552557647228241,-0.03840387240052223,0.21762345731258392,0.5526189208030701,-0.044199369847774506,0.241026371717453,0.5519323945045471,-0.04711411893367767,p
0.14810559153556824,0.6958621740341187,3.054346962017007e-07,0.18544046580791473,0.6721091866493225,-0.0018776903161779046,0.22294464707374573,0.6287108063697815,-0.0028512729331851006,0.25733596086502075,0.6134510040283203,-0.006636073347181082,0.2875233292579651,0.6161564588546753,-0.010066130198538303,0.20179107785224915,0.5603097081184387,0.008621376007795334,0.2248353362083435,0.5262808799743652,0.0033218495082110167,0.23916509747505188,0.5055177211761475,-0.0025306548923254013,0.25139328837394714,0.4869025647640228,-0.007621440105140209,0.18301530182361603,0.5509243011474609,-0.000715498870704323,0.1991516649723053,0.4998118281364441,-0.009212150238454342,0.20585434138774872,0.46089667081832886,-0.018698526546359062,0.21176016330718994,0.4258217513561249,-0.024999314919114113,0.16532781720161438,0.5523741841316223,-0.012086724862456322,0.2016412913799286,0.5368162989616394,-0.026722818613052368,0.23101487755775452,0.5278182625770569,-0.03822612389922142,0.2545565664768219,0.5158545970916748,-0.0440911203622818,0.15124613046646118,0.5627536177635193,-0.023908503353595734,0.18894295394420624,0.5504845976829529,-0.03631172329187393,0.21614062786102295,0.5495120286941528,-0.04145878553390503,0.23857641220092773,0.5476059317588806,-0.04402950778603554,p
0.14817842841148376,0.6958966255187988,3.369460728208651e-07,0.18515723943710327,0.6720868945121765,-0.0024953270331025124,0.22265887260437012,0.628027617931366,-0.0035231809597462416,0.2568947970867157,0.6120334267616272,-0.007245697546750307,0.28641563653945923,0.614902138710022,-0.010572781786322594,0.20276452600955963,0.5611258149147034,0.007631075568497181,0.22962599992752075,0.5281099081039429,0.0018002321012318134,0.24703077971935272,0.5074793696403503,-0.003962045069783926,0.26134949922561646,0.4897494316101074,-0.008605364710092545,0.1834544837474823,0.5507515072822571,-0.0011845018016174436,0.19918520748615265,0.49772772192955017,-0.009989877231419086,0.20582810044288635,0.45872944593429565,-0.0190344899892807,0.21118037402629852,0.4244645833969116,-0.02456836774945259,0.1651849001646042,0.5521462559700012,-0.012039740569889545,0.1994124948978424,0.5382074117660522,-0.02726718783378601,0.22753098607063293,0.531190037727356,-0.03854172304272652,0.24963220953941345,0.5207866430282593,-0.04370985925197601,0.15028372406959534,0.5628974437713623,-0.023360390216112137,0.1865592896938324,0.5520206093788147,-0.0360979363322258,0.21281872689723969,0.5525099635124207,-0.041043419390916824,0.2341541200876236,0.5517310500144958,-0.043092161417007446,p
0.14690081775188446,0.6962268352508545,3.0806077688794176e-07,0.1857907474040985,0.6722204685211182,-0.0009732152102515101,0.22284755110740662,0.6287597417831421,-0.0011851951712742448,0.2565862834453583,0.6127296686172485,-0.004447918850928545,0.2862718403339386,0.6147226691246033,-0.007364638149738312,0.20188216865062714,0.5623435974121094,0.009526077657938004,0.22846798598766327,0.528246283531189,0.004189003724604845,0.24540996551513672,0.5076092481613159,-0.0015667451079934835,0.2591503858566284,0.48896461725234985,-0.006489858031272888,0.18327926099300385,0.552126944065094,-0.0003294839698355645,0.20013074576854706,0.4992833733558655,-0.008763469755649567,0.20697037875652313,0.45989155769348145,-0.018194766715168953,0.21195240318775177,0.42502790689468384,-0.02444825880229473,0.1656908094882965,0.553072988986969,-0.012216707691550255,0.20109492540359497,0.5367763042449951,-0.0269528329372406,0.22994454205036163,0.5286059975624084,-0.03837309777736664,0.2523265480995178,0.517097532749176,-0.04413973167538643,0.15162137150764465,0.5630468130111694,-0.024497754871845245,0.18823720514774323,0.5501344203948975,-0.03705740347504616,0.21539387106895447,0.5499891042709351,-0.04217171296477318,0.23717932403087616,0.5491634607315063,-0.04469537362456322,p
0.14744165539741516,0.6956624388694763,3.0096282443992095e-07,0.1844361573457718,0.6708052754402161,-0.0025810101069509983,0.2214043289422989,0.6268160343170166,-0.004217188805341721,0.2554871141910553,0.6106679439544678,-0.008619934320449829,0.285207599401474,0.6129565834999084,-0.012661975808441639,0.20127864181995392,0.5611119866371155,0.006824231240898371,0.22535240650177002,0.5250114798545837,0.0007492158911190927,0.23920504748821259,0.5026907324790955,-0.005346363876014948,0.2512979507446289,0.4823582172393799,-0.010671385563910007,0.18286895751953125,0.5519188046455383,-0.0022209843154996634,0.20022441446781158,0.5031712651252747,-0.011664212681353092,0.20693480968475342,0.4648076295852661,-0.021623697131872177,0.21280339360237122,0.43047022819519043,-0.028212564066052437,0.16525062918663025,0.5527623295783997,-0.013226689770817757,0.2000640630722046,0.5374872088432312,-0.028284046798944473,0.22725845873355865,0.5274479389190674,-0.039888396859169006,0.24906760454177856,0.5149834752082825,-0.04584105312824249,0.15041635930538177,0.5621695518493652,-0.02472362108528614,0.18617337942123413,0.55050128698349,-0.03727073594927788,0.2116289883852005,0.5502269864082336,-0.04249033331871033,0.23259049654006958,0.5496649146080017,-0.04506351426243782,p
0.14805260300636292,0.6936051845550537,2.958835239041946e-07,0.18509051203727722,0.6693377494812012,-0.0020722660701721907,0.22193452715873718,0.6258119940757751,-0.0029795938171446323,0.25578799843788147,0.6106216907501221,-0.006389431655406952,0.28506436944007874,0.6134010553359985,-0.009397108107805252,0.20059674978256226,0.5585722923278809,0.0072309295646846294,0.22162359952926636,0.5222667455673218,0.002561594359576702,0.23294039070606232,0.49989283084869385,-0.0026128392200917006,0.2432856261730194,0.47946876287460327,-0.007519204169511795,0.1820959448814392,0.5497869849205017,-0.0017123285215348005,0.1990012526512146,0.5003736019134521,-0.009983316995203495,0.20462945103645325,0.46095508337020874,-0.019415946677327156,0.21012860536575317,0.4248669147491455,-0.02574189379811287,0.1647648811340332,0.5513497591018677,-0.012505589984357357,0.20236429572105408,0.5366540551185608,-0.026847926899790764,0.23127512633800507,0.5255411267280579,-0.03899715468287468,0.25494322180747986,0.511201024055481,-0.045468661934137344,0.15100210905075073,0.5618208646774292,-0.02365344576537609,0.18982884287834167,0.5516428351402283,-0.03579392656683922,0.21753135323524475,0.5520404577255249,-0.041229575872421265,0.24061323702335358,0.551923394203186,-0.044058237224817276,p
0.14723792672157288,0.694249153137207,2.847054645371827e-07,0.18417581915855408,0.6699647903442383,-0.002754724118858576,0.22166851162910461,0.62542724609375,-0.003689287696033716,0.25571560859680176,0.6095722913742065,-0.0069916630163788795,0.28497472405433655,0.6128393411636353,-0.009911768138408661,0.1990240514278412,0.5576903820037842,0.006684706546366215,0.21994447708129883,0.5217048525810242,0.0010691243223845959,0.23215098679065704,0.4993085563182831,-0.00485659996047616,0.24283188581466675,0.4786050021648407,-0.010238640941679478,0.18125486373901367,0.549920380115509,-0.0020002126693725586,0.20036162436008453,0.5048529505729675,-0.010746683925390244,0.20760495960712433,0.4691601097583771,-0.020465396344661713,0.2141978144645691,0.43536633253097534,-0.027105866000056267,0.16440407931804657,0.5514032244682312,-0.012677651830017567,0.20035013556480408,0.5373908877372742,-0.02720757946372032,0.22769159078598022,0.526039183139801,-0.039076875895261765,0.2501823306083679,0.5113863945007324,-0.045417606830596924,0.15069997310638428,0.5617679357528687,-0.023869669064879417,0.1875203251838684,0.550331175327301,-0.036043889820575714,0.21408984065055847,0.5492355227470398,-0.04151235148310661,0.23602822422981262,0.5482192039489746,-0.04440803825855255,p
0.14807963371276855,0.692774772644043,3.162652149057976e-07,0.1843339055776596,0.6696524024009705,-0.0027257942128926516,0.22110280394554138,0.6244747042655945,-0.003273148089647293,0.2553603947162628,0.6088563799858093,-0.006002546288073063,0.2850516438484192,0.6121910810470581,-0.008233972825109959,0.19857603311538696,0.5570430755615234,0.00739616435021162,0.2225247025489807,0.5235530734062195,0.0024840431287884712,0.23578113317489624,0.5014268755912781,-0.0033240830525755882,0.24732525646686554,0.48129895329475403,-0.008667517453432083,0.18007466197013855,0.5481294989585876,-0.0008733576978556812,0.19862210750579834,0.5010315179824829,-0.009456377476453781,0.2049240916967392,0.4607032835483551,-0.019495075568556786,0.21058477461338043,0.4240987300872803,-0.026233747601509094,0.16343429684638977,0.5502640604972839,-0.011032439768314362,0.20161651074886322,0.5356407165527344,-0.025556838139891624,0.230244979262352,0.52460116147995,-0.03768495097756386,0.25350409746170044,0.5101454854011536,-0.043988391757011414,0.15070751309394836,0.5614186525344849,-0.02161661721765995,0.1901422142982483,0.5502899289131165,-0.03420625627040863,0.21802161633968353,0.5477128624916077,-0.040078505873680115,0.2415507584810257,0.5436105132102966,-0.04310189560055733,p
0.1479678601026535,0.6923894882202148,2.864135524305311e-07,0.18438687920570374,0.6689568758010864,-0.0033018130343407393,0.22223955392837524,0.6245754957199097,-0.004394208081066608,0.2566947937011719,0.609461784362793,-0.007701297290623188,0.28644540905952454,0.6134764552116394,-0.010553117841482162,0.1987278312444687,0.5560646057128906,0.006498617120087147,0.2187173068523407,0.5182066559791565,0.0015232021687552333,0.22884532809257507,0.49438607692718506,-0.0038058122154325247,0.23799724876880646,0.4726903438568115,-0.008786211721599102,0.1808321326971054,0.5486984252929688,-0.001724902424030006,0.19906175136566162,0.5024021863937378,-0.0105802146717906,0.2057921290397644,0.464167058467865,-0.020482372492551804,0.21236710250377655,0.4285569190979004,-0.02707848511636257,0.16415971517562866,0.5509418845176697,-0.011886135675013065,0.2013816386461258,0.5362635850906372,-0.026614632457494736,0.22880114614963531,0.5262304544448853,-0.03842790424823761,0.2514449954032898,0.5127580165863037,-0.04436521232128143,0.15102185308933258,0.5616454482078552,-0.022563498467206955,0.1878901720046997,0.5476181507110596,-0.03477964177727699,0.21438013017177582,0.5433695912361145,-0.04028655216097832,0.23697328567504883,0.5390101671218872,-0.04303814470767975,p
0.14815309643745422,0.6918907761573792,2.52739283723713e-07,0.1850884109735489,0.6684688329696655,-0.0021748258732259274,0.22207479178905487,0.6230056285858154,-0.002784582320600748,0.25612756609916687,0.6072701215744019,-0.005494091659784317,0.28558656573295593,0.6124976873397827,-0.007686896715313196,0.1966090053319931,0.5522997379302979,0.006381724029779434,0.21588273346424103,0.5135466456413269,0.0025151947047561407,0.22312307357788086,0.4885120391845703,-0.0021910411305725574,0.23033148050308228,0.46484169363975525,-0.007520892657339573,0.17886967957019806,0.5461705327033997,-0.002175097120925784,0.20084474980831146,0.5075100660324097,-0.010749353095889091,0.20788905024528503,0.47744858264923096,-0.020036369562149048,0.21511763334274292,0.4470937252044678,-0.026577357202768326,0.1632331907749176,0.5492129325866699,-0.012405991554260254,0.20332475006580353,0.5357558727264404,-0.026389731094241142,0.2313176393508911,0.5240463018417358,-0.03771620988845825,0.25468578934669495,0.5081568360328674,-0.04413212463259697,0.1516045331954956,0.5607208609580994,-0.02302330546081066,0.19119195640087128,0.5484998226165771,-0.035167329013347626,0.2183607667684555,0.5439628958702087,-0.04092376306653023,0.24136154353618622,0.5383985638618469,-0.04423622041940689,p
0.1481095552444458,0.6897205710411072,2.896171906741074e-07,0.18581685423851013,0.6671730279922485,-0.0010981295490637422,0.22224074602127075,0.6226515173912048,-0.0012554499553516507,0.25588154792785645,0.6080315709114075,-0.0036783022806048393,0.28559499979019165,0.6130204796791077,-0.005637479946017265,0.1992546170949936,0.5521326661109924,0.007929564453661442,0.22153830528259277,0.5155994892120361,0.004416246898472309,0.2310868203639984,0.49193915724754333,-0.00014611541701015085,0.24037033319473267,0.4701000154018402,-0.005337716545909643,0.1804092824459076,0.5449333786964417,-0.0008880413370206952,0.2027808427810669,0.5052281022071838,-0.008756695315241814,0.2096962034702301,0.4735422432422638,-0.01791132427752018,0.21685200929641724,0.4425693154335022,-0.02447544038295746,0.1638616919517517,0.5479525327682495,-0.011359241791069508,0.2046535313129425,0.5342187881469727,-0.024603532627224922,0.2325611114501953,0.5209922194480896,-0.03596971929073334,0.2557834982872009,0.5045695304870605,-0.042679473757743835,0.15153691172599792,0.5596089363098145,-0.022154226899147034,0.19192370772361755,0.5490148067474365,-0.034579068422317505,0.21898414194583893,0.5445278286933899,-0.040990497916936874,0.24241434037685394,0.5387189984321594,-0.044749874621629715,p
0.14871975779533386,0.6897510886192322,3.3802220400502847e-07,0.18630778789520264,0.6672840118408203,-3.537075826898217e-05,0.22268784046173096,0.6242305040359497,0.0003484058834146708,0.2563335597515106,0.6092565655708313,-0.0023507275618612766,0.28568142652511597,0.6124765276908875,-0.004802503157407045,0.2020215094089508,0.5562365055084229,0.010938440449535847,0.22895096242427826,0.5252202153205872,0.006146077532321215,0.2457098811864853,0.5045404434204102,0.0005142415757291019,0.2593969404697418,0.4866265654563904,-0.004418446682393551,0.183192178606987,0.5468326807022095,0.0009441601578146219,0.20081359148025513,0.4962158799171448,-0.0075127058662474155,0.20740479230880737,0.4561384618282318,-0.017075974494218826,0.2128886580467224,0.4209139347076416,-0.023291364312171936,0.16588649153709412,0.5497167706489563,-0.010970262810587883,0.20194792747497559,0.5340121984481812,-0.026102494448423386,0.2300618588924408,0.5257521271705627,-0.037593889981508255,0.2523324489593506,0.5144714117050171,-0.04310154169797897,0.15228384733200073,0.5614086389541626,-0.02311447635293007,0.18900814652442932,0.5467174053192139,-0.036977093666791916,0.21650542318820953,0.5432474613189697,-0.04302486032247543,0.24007238447666168,0.5385780930519104,-0.045897360891103745,p
0.146635502576828,0.6923632621765137,2.4346226723537256e-07,0.1857985109090805,0.6665200591087341,0.0003513095434755087,0.2224113643169403,0.622627317905426,2.4065815523499623e-05,0.25670263171195984,0.6069822311401367,-0.003443775000050664,0.2866385877132416,0.6101770401000977,-0.006546054966747761,0.1981438398361206,0.5515556335449219,0.009538516402244568,0.21355703473091125,0.5083783268928528,0.006763470824807882,0.2187655121088028,0.480787992477417,0.0031831911765038967,0.2241995632648468,0.45506760478019714,-0.001619806862436235,0.1806054413318634,0.5459505319595337,-0.001083292649127543,0.20202766358852386,0.5057933330535889,-0.00899831485003233,0.21000394225120544,0.47629866003990173,-0.01800007000565529,0.21813905239105225,0.44490373134613037,-0.024525467306375504,0.16457661986351013,0.5478751063346863,-0.01333092711865902,0.20421738922595978,0.5354589223861694,-0.027058251202106476,0.2333754152059555,0.5248866677284241,-0.03870096057653427,0.25735074281692505,0.5099220275878906,-0.04560834541916847,0.15250004827976227,0.5573659539222717,-0.025876738131046295,0.1918238252401352,0.5476800203323364,-0.038128115236759186,0.21998761594295502,0.5471400022506714,-0.044096898287534714,0.24354249238967896,0.5459445118904114,-0.04765913262963295,p
0.1478986144065857,0.6916806101799011,2.716863889418164e-07,0.1860014945268631,0.667013943195343,-0.000874235003720969,0.22254380583763123,0.6231037378311157,-0.0014112753560766578,0.2565912902355194,0.6074263453483582,-0.004576407372951508,0.2862805724143982,0.6113473773002625,-0.007376417517662048,0.19746454060077667,0.551829993724823,0.008585679344832897,0.21529535949230194,0.512019157409668,0.005197741556912661,0.22171074151992798,0.4858766794204712,0.000566246744710952,0.2281501442193985,0.46143782138824463,-0.004785639233887196,0.179755300283432,0.54558926820755,-0.0010773362591862679,0.2015780508518219,0.5035657286643982,-0.009156936779618263,0.208997905254364,0.46946030855178833,-0.018809931352734566,0.21639937162399292,0.4359470009803772,-0.025755394250154495,0.163987934589386,0.548490047454834,-0.012390526942908764,0.2054033726453781,0.5341214537620544,-0.02605479210615158,0.23451799154281616,0.522662878036499,-0.037606190890073776,0.2584122121334076,0.5075169801712036,-0.044305138289928436,0.15192461013793945,0.5597874522209167,-0.02405082806944847,0.19100883603096008,0.5487648844718933,-0.03627805784344673,0.2180187702178955,0.5453859567642212,-0.0421297512948513,0.2411920726299286,0.540775716304779,-0.04551687836647034,p
0.14824162423610687,0.6909208297729492,2.8204095769979176e-07,0.18646028637886047,0.6665219068527222,-0.0005825019907206297,0.22308005392551422,0.6227166652679443,-0.0006503908080048859,0.2572871744632721,0.6081265807151794,-0.0034899399615824223,0.28704893589019775,0.6127502918243408,-0.006049362942576408,0.19894960522651672,0.5524809956550598,0.009336329996585846,0.21695129573345184,0.5139235258102417,0.005839804653078318,0.22396191954612732,0.4888113737106323,0.0010359250009059906,0.23067694902420044,0.4653642475605011,-0.004237211775034666,0.1810854971408844,0.5461562275886536,-0.0003774213546421379,0.20128501951694489,0.5029340386390686,-0.008210004307329655,0.20866523683071136,0.4667174816131592,-0.01806696504354477,0.2158144861459732,0.431781530380249,-0.02517290785908699,0.16469541192054749,0.5487697720527649,-0.011830544099211693,0.20431150496006012,0.5347570180892944,-0.02560533955693245,0.23308001458644867,0.5233010053634644,-0.03783836215734482,0.2565225064754486,0.5084744691848755,-0.044808294624090195,0.15202176570892334,0.5595360994338989,-0.023616064339876175,0.1918378472328186,0.5487098097801208,-0.035855282098054886,0.21982498466968536,0.5459259152412415,-0.04207969084382057,0.24357740581035614,0.5426912903785706,-0.045685090124607086,p
0.14826129376888275,0.6911555528640747,2.875383700029488e-07,0.18635258078575134,0.666468620300293,-0.0011814605677500367,0.22313609719276428,0.6231269240379333,-0.0014013906475156546,0.2573312222957611,0.6085425615310669,-0.004204561468213797,0.28691360354423523,0.6130983829498291,-0.006759705487638712,0.19830743968486786,0.5534113049507141,0.009107236750423908,0.21686531603336334,0.5167251229286194,0.00556824030354619,0.22470538318157196,0.49286729097366333,0.0004988245782442391,0.23152491450309753,0.47040921449661255,-0.004847851116210222,0.18063002824783325,0.5465519428253174,-0.00030000548576936126,0.20053118467330933,0.5017369985580444,-0.007792343385517597,0.20803982019424438,0.46364617347717285,-0.017737004905939102,0.21480728685855865,0.42685091495513916,-0.024934669956564903,0.1644144207239151,0.5489032864570618,-0.011505474336445332,0.20432361960411072,0.5344560742378235,-0.025295503437519073,0.23391300439834595,0.5224528312683105,-0.03795794025063515,0.2578704059123993,0.5069400072097778,-0.04511690139770508,0.15183617174625397,0.5595113635063171,-0.02303783781826496,0.1921556144952774,0.5487799644470215,-0.03518182411789894,0.22021394968032837,0.5469402074813843,-0.04128016531467438,0.24356503784656525,0.5448322892189026,-0.044778209179639816,p
0.14789989590644836,0.6918901801109314,2.7778534672506794e-07,0.18685194849967957,0.6658161878585815,0.0008009439334273338,0.2230793833732605,0.6228734254837036,0.0015847411705181003,0.25712722539901733,0.6085034012794495,-0.0008582123555243015,0.28689104318618774,0.6122961044311523,-0.0031680057290941477,0.19891472160816193,0.5528146028518677,0.01191676128655672,0.21658335626125336,0.5140519738197327,0.009150578640401363,0.22338056564331055,0.488485187292099,0.004905518610030413,0.2298942506313324,0.4645145833492279,-7.83239520387724e-05,0.18130867183208466,0.5462823510169983,0.0011698210146278143,0.20144020020961761,0.5014088749885559,-0.006123255472630262,0.20863114297389984,0.463967502117157,-0.01591043919324875,0.21567629277706146,0.42779862880706787,-0.02299429662525654,0.16483409702777863,0.5484597682952881,-0.011393295601010323,0.2047909051179886,0.5344333052635193,-0.025398755446076393,0.23400409519672394,0.5226250886917114,-0.03833911567926407,0.2579836845397949,0.5071447491645813,-0.04573986306786537,0.15184584259986877,0.5587843060493469,-0.024166090413928032,0.19195666909217834,0.5479536652565002,-0.03708987310528755,0.22093474864959717,0.5461644530296326,-0.04394501447677612,0.24553656578063965,0.544324517250061,-0.04796742647886276,p
0.14843663573265076,0.6921244263648987,3.153228931296326e-07,0.18650037050247192,0.6683052182197571,-0.0004536145133897662,0.2235688716173172,0.6257057785987854,-0.00039227859815582633,0.2571062445640564,0.6103336811065674,-0.0033851482439786196,0.28654754161834717,0.6131178140640259,-0.006105715874582529,0.2014668732881546,0.556441068649292,0.010804174467921257,0.22544099390506744,0.5239462852478027,0.0061599272303283215,0.24007131159305573,0.5029006004333496,0.000636808923445642,0.2521597743034363,0.483693927526474,-0.004311546217650175,0.1830459088087082,0.5474834442138672,0.0006511326064355671,0.20115481317043304,0.4972768723964691,-0.007322823163121939,0.20854811370372772,0.4575345516204834,-0.016707992181181908,0.21479007601737976,0.4214218854904175,-0.02296937070786953,0.16590717434883118,0.5493964552879333,-0.011532348580658436,0.2028307169675827,0.5347510576248169,-0.026237845420837402,0.2317238450050354,0.525449812412262,-0.03817152604460716,0.25466933846473694,0.5126869082450867,-0.044180627912282944,0.15240466594696045,0.5599818825721741,-0.02404100075364113,0.18994127213954926,0.546913206577301,-0.03716128319501877,0.21762368083000183,0.545062780380249,-0.04307585954666138,0.24072866141796112,0.5423492789268494,-0.04604632034897804,p
0.14679107069969177,0.6926391124725342,2.51966213227206e-07,0.1867666393518448,0.6666097640991211,0.0014621637528762221,0.2240271419286728,0.6237407922744751,0.002142123645171523,0.25805214047431946,0.6086170077323914,-0.000809920602478087,0.28760001063346863,0.6111966371536255,-0.0036040986888110638,0.20051242411136627,0.5554267168045044,0.012679693289101124,0.2191869616508484,0.5173696875572205,0.00992871169000864,0.22791887819766998,0.49423354864120483,0.006128756329417229,0.23595799505710602,0.4721013307571411,0.0016632741317152977,0.18305259943008423,0.5479689836502075,0.0012141966726630926,0.2010239213705063,0.5001131296157837,-0.005864217411726713,0.20758600533008575,0.4622068405151367,-0.015033272095024586,0.21393677592277527,0.42574232816696167,-0.02161695808172226,0.16661004722118378,0.5490956902503967,-0.012158336117863655,0.20470495522022247,0.5345212817192078,-0.02621634490787983,0.2337551862001419,0.5244138836860657,-0.0387105867266655,0.25728845596313477,0.5105565786361694,-0.045688580721616745,0.15404540300369263,0.5579237341880798,-0.025730887427926064,0.19274339079856873,0.5453258752822876,-0.03839496895670891,0.22139737010002136,0.5441336631774902,-0.04480472952127457,0.24523314833641052,0.5431036353111267,-0.04857560619711876,p
0.14701521396636963,0.6926904916763306,3.099578123055835e-07,0.18571268022060394,0.6690514087677002,-0.0006899629370309412,0.22302773594856262,0.6253330707550049,-0.0007377145811915398,0.2569649815559387,0.6095008254051208,-0.003765648929402232,0.2863253951072693,0.6119364500045776,-0.00642090430483222,0.20144692063331604,0.5583006739616394,0.009785191155970097,0.2264259159564972,0.5252755284309387,0.005047584418207407,0.24213624000549316,0.5042908191680908,-0.00038922022213228047,0.25559064745903015,0.4853409230709076,-0.005329290870577097,0.1828836053609848,0.5486318469047546,-0.00018336543871555477,0.20012176036834717,0.4984423518180847,-0.0080106221139431,0.20725129544734955,0.45901572704315186,-0.017158547416329384,0.21358622610569,0.4232211709022522,-0.023430338129401207,0.16579295694828033,0.5499356985092163,-0.012137438170611858,0.20250153541564941,0.534529983997345,-0.026543376967310905,0.23110723495483398,0.5252348184585571,-0.03804495558142662,0.2537239193916321,0.512567937374115,-0.043977443128824234,0.1527121365070343,0.559941828250885,-0.02443910576403141,0.1914730966091156,0.5472302436828613,-0.037124793976545334,0.21909314393997192,0.5460638999938965,-0.04260619729757309,0.2415345013141632,0.543727695941925,-0.045406144112348557,p
0.14766204357147217,0.6925554871559143,3.004843449616601e-07,0.18642358481884003,0.6684062480926514,0.00021703261882066727,0.2236345410346985,0.6252949237823486,0.0005636148853227496,0.25726744532585144,0.6091057658195496,-0.0024287523701786995,0.28634780645370483,0.6108717918395996,-0.005019351840019226,0.2017311453819275,0.5582881569862366,0.011990496888756752,0.22503772377967834,0.5238705277442932,0.00856543518602848,0.2394590675830841,0.5027248859405518,0.004566884599626064,0.2516174018383026,0.4840565621852875,0.0006934860721230507,0.18348687887191772,0.5492742657661438,0.0015960608143359423,0.20032206177711487,0.4975661039352417,-0.004896157421171665,0.2074538916349411,0.458772748708725,-0.012692256830632687,0.21387879550457,0.42331820726394653,-0.01796114630997181,0.1664712131023407,0.5501946806907654,-0.010908760130405426,0.20216891169548035,0.5343258380889893,-0.02467580884695053,0.2306421846151352,0.5261439681053162,-0.03601415455341339,0.25313982367515564,0.5149515271186829,-0.041813939809799194,0.1534678190946579,0.5589877963066101,-0.02370411530137062,0.19181780517101288,0.5462573766708374,-0.036103587597608566,0.22003132104873657,0.5469160079956055,-0.04167228564620018,0.24274413287639618,0.5471308827400208,-0.04454672709107399,p
0.1470623016357422,0.6927986145019531,2.958418292564602e-07,0.18528378009796143,0.6687188148498535,-0.0005057858070358634,0.22305943071842194,0.6244395971298218,-0.0005064489669166505,0.2574974000453949,0.6088706254959106,-0.0036973862443119287,0.287064790725708,0.6116422414779663,-0.006507430225610733,0.2014317661523819,0.5579572916030884,0.010854034684598446,0.22435137629508972,0.5227102041244507,0.007041207514703274,0.23764505982398987,0.500995397567749,0.002766063204035163,0.24925915896892548,0.4814715087413788,-0.0013953606830909848,0.18311558663845062,0.5493200421333313,0.0007716977270320058,0.20035873353481293,0.4988718628883362,-0.006612951867282391,0.20720645785331726,0.4597528874874115,-0.015229394659399986,0.21356475353240967,0.42420756816864014,-0.02101094089448452,0.16595859825611115,0.5504530072212219,-0.011360839940607548,0.20257912576198578,0.5343471765518188,-0.025564400479197502,0.23086142539978027,0.5263107419013977,-0.037094879895448685,0.25342243909835815,0.5152484178543091,-0.042927492409944534,0.15262073278427124,0.5594190359115601,-0.02381967194378376,0.19092439115047455,0.5456762313842773,-0.03608391806483269,0.21862564980983734,0.5441316962242126,-0.04159263148903847,0.2414168119430542,0.5417938232421875,-0.04446117579936981,p
0.1464715301990509,0.6924343705177307,3.1729800298307964e-07,0.18522310256958008,0.6679913997650146,0.0011612896341830492,0.22240276634693146,0.6251883506774902,0.0013869734248146415,0.25686758756637573,0.6091229319572449,-0.0022491165436804295,0.28616923093795776,0.6103060245513916,-0.005638785194605589,0.20085261762142181,0.5587955713272095,0.013609861023724079,0.2255103439092636,0.5245335698127747,0.010160405188798904,0.2410164773464203,0.503288984298706,0.005950222257524729,0.2538754940032959,0.48441725969314575,0.0018861135467886925,0.18284277617931366,0.5494034290313721,0.002396168652921915,0.20060613751411438,0.49708613753318787,-0.0044482252560555935,0.20743891596794128,0.45770204067230225,-0.012700289487838745,0.21312370896339417,0.4226455092430115,-0.018266186118125916,0.1662256419658661,0.5502123236656189,-0.010928896255791187,0.20336060225963593,0.5338080525398254,-0.024937916547060013,0.2314833104610443,0.5258939862251282,-0.03627379611134529,0.25356122851371765,0.5151121020317078,-0.04204948619008064,0.15339811146259308,0.558579683303833,-0.024476347491145134,0.1922493577003479,0.5446357131004333,-0.03680281713604927,0.22060823440551758,0.5436493158340454,-0.04222331941127777,0.2441527247428894,0.5419414639472961,-0.045097701251506805,p
0.14742839336395264,0.6925391554832458,3.0825987096250174e-07,0.1845250278711319,0.6681515574455261,-0.0016943474765866995,0.2222968488931656,0.6237601637840271,-0.0024627556558698416,0.2570043206214905,0.6076693534851074,-0.006212970707565546,0.28677991032600403,0.6101503372192383,-0.0095822187140584,0.20005853474140167,0.5571092367172241,0.009471901692450047,0.22448097169399261,0.5219814777374268,0.004771640058606863,0.23881961405277252,0.5004136562347412,-0.00043734413338825107,0.2507542669773102,0.48059019446372986,-0.005206659901887178,0.18183068931102753,0.5480412244796753,5.9939309721812606e-05,0.20039816200733185,0.49895745515823364,-0.008681529201567173,0.2070029377937317,0.46010977029800415,-0.018538571894168854,0.21222425997257233,0.42526108026504517,-0.025035159662365913,0.16516068577766418,0.5491430163383484,-0.011348122730851173,0.20211277902126312,0.5339633822441101,-0.026490380987524986,0.22922345995903015,0.5252689123153687,-0.03860783576965332,0.2507879137992859,0.5133368968963623,-0.04460824653506279,0.15238232910633087,0.5581451654434204,-0.0230853371322155,0.1913733333349228,0.543879508972168,-0.03558029606938362,0.21881140768527985,0.5412510633468628,-0.041117407381534576,0.24175646901130676,0.5379541516304016,-0.04391135275363922,p
0.14716924726963043,0.6916611194610596,3.1641909004065383e-07,0.1847887635231018,0.6669716835021973,-0.0013087807456031442,0.2220274955034256,0.6229713559150696,-0.0019827380310744047,0.25611162185668945,0.6073709726333618,-0.005717182531952858,0.28581681847572327,0.609513521194458,-0.009058208204805851,0.19986705482006073,0.5564233660697937,0.009898743592202663,0.224380224943161,0.5216637253761292,0.005103944800794125,0.2390476018190384,0.500567615032196,-0.0003905798657797277,0.2513677179813385,0.4813101291656494,-0.005272173322737217,0.18168501555919647,0.547344446182251,0.00037037310539744794,0.19999395310878754,0.49820476770401,-0.008012324571609497,0.2065708190202713,0.4583317041397095,-0.01793723925948143,0.2118658423423767,0.42299705743789673,-0.024563532322645187,0.16511425375938416,0.5488836169242859,-0.011142965406179428,0.20283688604831696,0.5328460335731506,-0.025673551484942436,0.23009705543518066,0.5239407420158386,-0.0375555194914341,0.2517240047454834,0.5121088624000549,-0.04352251812815666,0.15269677340984344,0.5586077570915222,-0.022997407242655754,0.1918260157108307,0.543792188167572,-0.03485334292054176,0.21937116980552673,0.5401917695999146,-0.04004781320691109,0.24252302944660187,0.536271333694458,-0.042681992053985596,p
0.14743192493915558,0.69129878282547,3.4632722645255853e-07,0.1837974637746811,0.6684731841087341,-0.0022195770870894194,0.22136013209819794,0.6236124038696289,-0.0028301530983299017,0.2557324469089508,0.6072244644165039,-0.0062520792707800865,0.2849249243736267,0.6090229153633118,-0.009165452793240547,0.20178884267807007,0.5580922961235046,0.00909110065549612,0.2285165786743164,0.5237817168235779,0.0036076190881431103,0.2462746798992157,0.5033919215202332,-0.001887597027234733,0.2608828842639923,0.48579293489456177,-0.0062094940803945065,0.18323016166687012,0.547822117805481,0.00028896890580654144,0.20023202896118164,0.493938148021698,-0.007931401021778584,0.20728585124015808,0.454738050699234,-0.016822125762701035,0.21298187971115112,0.4210669994354248,-0.0222349651157856,0.16586662828922272,0.5490275025367737,-0.0106315016746521,0.2005445957183838,0.53327476978302,-0.025337684899568558,0.22758421301841736,0.5262682437896729,-0.036481231451034546,0.24908027052879333,0.5162926912307739,-0.04145186021924019,0.152431458234787,0.5588006973266602,-0.021980322897434235,0.19001735746860504,0.5455028414726257,-0.03378186374902725,0.21703985333442688,0.5451441407203674,-0.03822993487119675,0.23907005786895752,0.5434867143630981,-0.0400036983191967,p
0.14905698597431183,0.6898175477981567,3.194131465988903e-07,0.18547514081001282,0.6660594940185547,-0.004089669324457645,0.22278566658496857,0.6228421926498413,-0.005601949989795685,0.2565039396286011,0.6067805290222168,-0.009733134880661964,0.28554755449295044,0.6079801917076111,-0.013573959469795227,0.20378434658050537,0.5605730414390564,0.006827974691987038,0.22938980162143707,0.5235111713409424,0.0004258386034052819,0.24693992733955383,0.502532958984375,-0.005602709017693996,0.2611183226108551,0.48393547534942627,-0.010264841839671135,0.1862921416759491,0.5505855083465576,-0.0013642888516187668,0.2011658102273941,0.49465906620025635,-0.01019176747649908,0.20789365470409393,0.45629140734672546,-0.01939936727285385,0.2129957228899002,0.42266640067100525,-0.025152361020445824,0.16826355457305908,0.5511298775672913,-0.011829780414700508,0.19955818355083466,0.5332475900650024,-0.027349870651960373,0.22674164175987244,0.5262691378593445,-0.038698237389326096,0.24799777567386627,0.5162883400917053,-0.043863579630851746,0.1516558825969696,0.5596829056739807,-0.022846179082989693,0.1825382262468338,0.5439198613166809,-0.03567136079072952,0.20621933043003082,0.5465716123580933,-0.04004530981183052,0.22517447173595428,0.5495028495788574,-0.04167710244655609,p
0.1481202244758606,0.689609169960022,2.8823316711168445e-07,0.18421430885791779,0.6661914587020874,-0.004015032667666674,0.22139766812324524,0.6225630640983582,-0.006001690402626991,0.25549882650375366,0.606438398361206,-0.010502123273909092,0.2847396433353424,0.6089954376220703,-0.014737713150680065,0.20059014856815338,0.5584580302238464,0.00537919532507658,0.2240114063024521,0.5200842022895813,-0.0008270575781352818,0.23832087218761444,0.49720269441604614,-0.006916756276041269,0.25102487206459045,0.4762701988220215,-0.012262297794222832,0.18330077826976776,0.5499907732009888,-0.003027369501069188,0.19948719441890717,0.5013951659202576,-0.012488115578889847,0.20564603805541992,0.4631021320819855,-0.022744210436940193,0.21114273369312286,0.42764002084732056,-0.029730474576354027,0.1660459339618683,0.5505833029747009,-0.013482772745192051,0.199669748544693,0.5343533158302307,-0.028626203536987305,0.2270245999097824,0.5243857502937317,-0.04061214253306389,0.24889101088047028,0.5111847519874573,-0.04692070186138153,0.15071171522140503,0.5590475797653198,-0.024503786116838455,0.1830235719680786,0.5444438457489014,-0.03724939376115799,0.20736733078956604,0.5456579923629761,-0.04242406412959099,0.22736938297748566,0.5478792190551758,-0.044970061630010605,p
0.1487337201833725,0.6882936358451843,3.695861892083485e-07,0.1839064508676529,0.6656723618507385,-0.003113872604444623,0.2202681303024292,0.6222773790359497,-0.004614744335412979,0.2542555034160614,0.6061750054359436,-0.008688193745911121,0.28384292125701904,0.6078717708587646,-0.012351282872259617,0.19975784420967102,0.557273268699646,0.007129154168069363,0.22751069068908691,0.5237376689910889,-0.00014964515867177397,0.2465488165616989,0.5035377144813538,-0.007266387343406677,0.26243242621421814,0.486050009727478,-0.012651934288442135,0.1813248246908188,0.5470518469810486,-0.0010936949402093887,0.19863048195838928,0.4941254258155823,-0.0117624681442976,0.20596139132976532,0.4540931284427643,-0.02237696759402752,0.21158428490161896,0.42007094621658325,-0.02869797684252262,0.16392533481121063,0.5490182638168335,-0.011296694166958332,0.19844591617584229,0.532812774181366,-0.027906710281968117,0.22574099898338318,0.5257447361946106,-0.039369095116853714,0.247597336769104,0.5158435106277466,-0.04413975402712822,0.14983302354812622,0.5597324371337891,-0.021847017109394073,0.18701311945915222,0.5471034646034241,-0.03512668237090111,0.21302665770053864,0.5453463792800903,-0.03999157249927521,0.23490972816944122,0.5412229895591736,-0.04173697158694267,p
0.14534443616867065,0.6897075176239014,2.8311458777352527e-07,0.18323999643325806,0.6644878387451172,-0.0007021169876679778,0.22012579441070557,0.6216777563095093,-0.001038188929669559,0.25454068183898926,0.6073265075683594,-0.004403665196150541,0.2844366133213043,0.6096616983413696,-0.007581335958093405,0.19795680046081543,0.5543616414070129,0.009377265349030495,0.21888160705566406,0.5176096558570862,0.005176971200853586,0.23024019598960876,0.49482986330986023,0.00021017419931013137,0.24007658660411835,0.4734329283237457,-0.004648108035326004,0.18036428093910217,0.5462046265602112,-0.0004025005328003317,0.19850030541419983,0.4988718628883362,-0.007955189794301987,0.205448180437088,0.46030065417289734,-0.017531005665659904,0.2116106152534485,0.42407119274139404,-0.024358199909329414,0.16349151730537415,0.5471580028533936,-0.01205381192266941,0.2008763998746872,0.5320457220077515,-0.025990789756178856,0.22902274131774902,0.5206639170646667,-0.038558464497327805,0.2515734136104584,0.5061047077178955,-0.04563356935977936,0.14997711777687073,0.5567173957824707,-0.02402781881392002,0.1885192096233368,0.5454403758049011,-0.036210041493177414,0.2168363332748413,0.5450931191444397,-0.04231007397174835,0.24027808010578156,0.5449909567832947,-0.04581693932414055,p
0.14756006002426147,0.6888189911842346,3.4872573451139033e-07,0.1833992898464203,0.664146363735199,-0.0021991729736328125,0.21949218213558197,0.6216952800750732,-0.003453474957495928,0.2536253333091736,0.6062660217285156,-0.007571681402623653,0.2828004062175751,0.607836902141571,-0.01137201115489006,0.19790871441364288,0.5563371777534485,0.007918805815279484,0.22386789321899414,0.5227620005607605,0.0014545921003445983,0.2411492019891739,0.5019774436950684,-0.005070169921964407,0.25574302673339844,0.4835001826286316,-0.010321546345949173,0.17947208881378174,0.5468579530715942,-0.0012094156118109822,0.19698087871074677,0.4951837956905365,-0.01075065229088068,0.20393264293670654,0.45534956455230713,-0.020691335201263428,0.20956666767597198,0.4204109013080597,-0.02703903615474701,0.162241131067276,0.5487183928489685,-0.012370198033750057,0.19849704205989838,0.53276526927948,-0.028154894709587097,0.22620020806789398,0.5232046246528625,-0.039934199303388596,0.24826204776763916,0.5106849670410156,-0.04552126303315163,0.14847777783870697,0.5594660639762878,-0.023882873356342316,0.18688535690307617,0.547145664691925,-0.037069130688905716,0.21423088014125824,0.5462700724601746,-0.04238543286919594,0.23689311742782593,0.5439710021018982,-0.04477275535464287,p
0.14595790207386017,0.6881784200668335,3.2097906910166785e-07,0.1828603595495224,0.6645106077194214,-0.0019432279514148831,0.21970394253730774,0.621898353099823,-0.0027996201533824205,0.25365781784057617,0.607284426689148,-0.006412977818399668,0.2831975221633911,0.609519898891449,-0.009691939689218998,0.19931796193122864,0.555628776550293,0.008015178143978119,0.2240462452173233,0.5208197832107544,0.00226055015809834,0.2398519515991211,0.49987393617630005,-0.00351843168027699,0.2530590891838074,0.4807722568511963,-0.008247341960668564,0.18137219548225403,0.546124279499054,-0.0011118428083136678,0.19829271733760834,0.49507787823677063,-0.00946122221648693,0.20529496669769287,0.45527857542037964,-0.018718738108873367,0.21099361777305603,0.4192160367965698,-0.02479817345738411,0.16378137469291687,0.5470319390296936,-0.012299476191401482,0.19926762580871582,0.5325429439544678,-0.02688312530517578,0.22708532214164734,0.5238972902297974,-0.03855776786804199,0.24877512454986572,0.5118756294250488,-0.04436083883047104,0.1491791009902954,0.5566715002059937,-0.023931441828608513,0.18542923033237457,0.5448961853981018,-0.03625747561454773,0.21186797320842743,0.5443930625915527,-0.04155675321817398,0.23308472335338593,0.5432471036911011,-0.044108226895332336,p
0.14553235471248627,0.6891781091690063,3.3459258474977105e-07,0.18214809894561768,0.6667308807373047,-0.002780522219836712,0.21928316354751587,0.6230686902999878,-0.003572658868506551,0.253548800945282,0.6073521971702576,-0.00688479607924819,0.2828994691371918,0.6098582148551941,-0.009687704034149647,0.19925791025161743,0.557471752166748,0.007206724025309086,0.22738340497016907,0.5230251550674438,0.0010592692997306585,0.24569165706634521,0.5019970536231995,-0.004783307667821646,0.2606358826160431,0.48346683382987976,-0.009436222724616528,0.18063682317733765,0.5474581718444824,-0.0013921589124947786,0.1984778642654419,0.4944606423377991,-0.010391796007752419,0.20548057556152344,0.4550971984863281,-0.019548894837498665,0.21063017845153809,0.42096805572509766,-0.025274330750107765,0.16317570209503174,0.5486999750137329,-0.012066548690199852,0.19783668220043182,0.5323806405067444,-0.027055472135543823,0.22474826872348785,0.5247507691383362,-0.03776217997074127,0.24564969539642334,0.5137514472007751,-0.04267720505595207,0.14912079274654388,0.5585838556289673,-0.023263726383447647,0.1846429407596588,0.5448159575462341,-0.035877127200365067,0.21043235063552856,0.542145311832428,-0.040825944393873215,0.23143833875656128,0.5376384258270264,-0.04302389919757843,p
0.14583443105220795,0.6895623207092285,3.336534462050622e-07,0.1823066920042038,0.666741132736206,-0.003214093390852213,0.21900665760040283,0.6238242387771606,-0.0046324050053954124,0.2531818747520447,0.6079747080802917,-0.008887141942977905,0.28274005651474,0.6097087264060974,-0.012836064212024212,0.19998085498809814,0.5607268214225769,0.007194635923951864,0.22703447937965393,0.5243702530860901,0.0006066348287276924,0.2453320026397705,0.5028306245803833,-0.005325495731085539,0.26015451550483704,0.48405468463897705,-0.009856724180281162,0.1821351945400238,0.5508405566215515,-0.001518208417110145,0.19845999777317047,0.4953768849372864,-0.01063448190689087,0.20555220544338226,0.4562755227088928,-0.019532721489667892,0.21075664460659027,0.42239001393318176,-0.024967141449451447,0.1643957793712616,0.5514327883720398,-0.012493605725467205,0.19777260720729828,0.533459484577179,-0.02803546003997326,0.22508610785007477,0.5266905426979065,-0.03894397243857384,0.2461097687482834,0.5171539187431335,-0.04376627504825592,0.14878803491592407,0.56000816822052,-0.023994186893105507,0.18223874270915985,0.545516848564148,-0.03689108416438103,0.20725680887699127,0.5450490117073059,-0.0416988804936409,0.22739505767822266,0.543777346611023,-0.043675485998392105,p
0.14606499671936035,0.689985454082489,3.296346449133125e-07,0.18256045877933502,0.6666266918182373,-0.003498438745737076,0.21923333406448364,0.6237086653709412,-0.004884709604084492,0.2532726228237152,0.6080932021141052,-0.00894557498395443,0.28247153759002686,0.6100382804870605,-0.012638960033655167,0.19907638430595398,0.5604221224784851,0.006778495851904154,0.22601762413978577,0.5242424607276917,7.13323024683632e-05,0.2440590262413025,0.5025739073753357,-0.006207921076565981,0.2591404318809509,0.48336488008499146,-0.011105779558420181,0.18138356506824493,0.5505868792533875,-0.0016015403671190143,0.19790615141391754,0.49768945574760437,-0.010949717834591866,0.20485320687294006,0.45784991979599,-0.020473316311836243,0.21012268960475922,0.4231008291244507,-0.026527516543865204,0.16397854685783386,0.5509892106056213,-0.01219290029257536,0.1975662261247635,0.5340172648429871,-0.027679234743118286,0.22421279549598694,0.5262008905410767,-0.038991134613752365,0.24488940834999084,0.5155969858169556,-0.044240739196538925,0.14877574145793915,0.5595459938049316,-0.023332035169005394,0.18244579434394836,0.5458530783653259,-0.03619297221302986,0.20732814073562622,0.5453029870986938,-0.041278716176748276,0.227530375123024,0.5440279245376587,-0.04350118339061737,p
0.1467246115207672,0.6890566349029541,3.3785337905101187e-07,0.1827351301908493,0.6655917763710022,-0.0026019427459686995,0.21920983493328094,0.6228001117706299,-0.003502027364447713,0.2531791925430298,0.6078522205352783,-0.007151416502892971,0.28189289569854736,0.6101956367492676,-0.010473327711224556,0.19778265058994293,0.5590415596961975,0.007510568015277386,0.22360657155513763,0.5238988399505615,0.0011800900101661682,0.24100849032402039,0.5028781890869141,-0.005050791427493095,0.25551608204841614,0.48418349027633667,-0.010072106495499611,0.17967721819877625,0.5493185520172119,-0.001249672845005989,0.19641989469528198,0.496271550655365,-0.010750883258879185,0.20336155593395233,0.45653384923934937,-0.020590633153915405,0.20873640477657318,0.4219556152820587,-0.026849564164876938,0.16240233182907104,0.5503197908401489,-0.012089794501662254,0.19760645925998688,0.5338342785835266,-0.02799488790333271,0.22505050897598267,0.5247185826301575,-0.04005105793476105,0.24683994054794312,0.5124805569648743,-0.04579780995845795,0.1481664478778839,0.559771716594696,-0.023297356441617012,0.18572846055030823,0.5473586916923523,-0.03672756999731064,0.21323439478874207,0.5468304753303528,-0.04247027263045311,0.23606383800506592,0.5449739694595337,-0.04517369344830513,p
0.14640739560127258,0.6887392997741699,3.43266208346904e-07,0.1825142651796341,0.6658223867416382,-0.0027717233169823885,0.21964386105537415,0.6226233839988708,-0.0038508318830281496,0.2537843883037567,0.6074298620223999,-0.007646358571946621,0.2833673059940338,0.6099640727043152,-0.011087372899055481,0.19907455146312714,0.5582036972045898,0.0072430833242833614,0.225841224193573,0.5232605338096619,0.0002824555558618158,0.24363502860069275,0.5023810863494873,-0.006076953839510679,0.2583729922771454,0.48399001359939575,-0.010939755477011204,0.18064697086811066,0.5487428307533264,-0.0017100615659728646,0.19795937836170197,0.4943327009677887,-0.011936046183109283,0.20485927164554596,0.45466122031211853,-0.02183697186410427,0.21013841032981873,0.4203972816467285,-0.027782540768384933,0.16268977522850037,0.5503438115119934,-0.01279290672391653,0.19758526980876923,0.5335335731506348,-0.029364608228206635,0.22471198439598083,0.5265970826148987,-0.0407615527510643,0.24626576900482178,0.5162094831466675,-0.045587506145238876,0.14763367176055908,0.5602364540100098,-0.024274542927742004,0.1836593747138977,0.5455730557441711,-0.0378396101295948,0.20989125967025757,0.5427314043045044,-0.04298972710967064,0.23168843984603882,0.5380026698112488,-0.0450698584318161,p
0.14505548775196075,0.689545750617981,3.246441906412656e-07,0.18207158148288727,0.6652119159698486,-0.0024256152100861073,0.2185121774673462,0.6223262548446655,-0.0037294162902981043,0.2527892589569092,0.6067730188369751,-0.007921761833131313,0.2826915979385376,0.6086240410804749,-0.011801081709563732,0.19793295860290527,0.5573386549949646,0.007643027696758509,0.22345322370529175,0.5220199227333069,0.00126579066272825,0.2399614006280899,0.5005812644958496,-0.004766565281897783,0.2536545693874359,0.4815329611301422,-0.009679709561169147,0.17974050343036652,0.5478383898735046,-0.0014888447476550937,0.19717471301555634,0.495859295129776,-0.010959330946207047,0.20403054356575012,0.4565433859825134,-0.02047283574938774,0.20961253345012665,0.4214658737182617,-0.02653217688202858,0.1621827930212021,0.5487422347068787,-0.012749282643198967,0.19817857444286346,0.5327790379524231,-0.028444090858101845,0.2258915901184082,0.5244153141975403,-0.03984528407454491,0.24798688292503357,0.5129910707473755,-0.045250214636325836,0.14716626703739166,0.5583047866821289,-0.024466535076498985,0.18326187133789062,0.5457133054733276,-0.037893299013376236,0.21004953980445862,0.543730616569519,-0.04350963234901428,0.2326458990573883,0.5408259034156799,-0.04614029452204704,p
0.14527985453605652,0.6887014508247375,3.4838660667446675e-07,0.18116869032382965,0.6663448214530945,-0.0029117425438016653,0.21825480461120605,0.6226713061332703,-0.003650226630270481,0.25201261043548584,0.6068465113639832,-0.007103773765265942,0.28106850385665894,0.6085214614868164,-0.010148326866328716,0.19991163909435272,0.5578299164772034,0.008093861863017082,0.22788739204406738,0.5237229466438293,0.0017366954125463963,0.24673700332641602,0.5030667781829834,-0.0041574775241315365,0.26166754961013794,0.4850641191005707,-0.008620037697255611,0.18161755800247192,0.5469509959220886,-0.0004221053677611053,0.19834300875663757,0.4917047619819641,-0.009660364128649235,0.20490582287311554,0.45286232233047485,-0.018786055967211723,0.20954962074756622,0.4193453788757324,-0.024036765098571777,0.16377629339694977,0.547776997089386,-0.011123012751340866,0.1968962401151657,0.5327692627906799,-0.027021925896406174,0.22361895442008972,0.5261991620063782,-0.03838188946247101,0.2446771264076233,0.5158108472824097,-0.043191954493522644,0.14834503829479218,0.5575430393218994,-0.022273708134889603,0.1833331286907196,0.5460869669914246,-0.03549434244632721,0.2098182737827301,0.5463047623634338,-0.0405624583363533,0.2317430078983307,0.5445885062217712,-0.04247960448265076,p
0.14609040319919586,0.6883141398429871,3.2958664064608456e-07,0.1822376549243927,0.6654521226882935,-0.004631443414837122,0.21893414855003357,0.6221132874488831,-0.0060835834592580795,0.2526368796825409,0.6060296297073364,-0.009960653260350227,0.28182992339134216,0.6073103547096252,-0.013454665429890156,0.20064343512058258,0.559689462184906,0.006515175569802523,0.22791078686714172,0.523097574710846,-0.0002079158293781802,0.24630698561668396,0.5021474957466125,-0.006457984913140535,0.26101136207580566,0.4837020933628082,-0.01111166924238205,0.18265408277511597,0.5491401553153992,-0.0009862994775176048,0.1981869488954544,0.4929843544960022,-0.010367914102971554,0.2048502117395401,0.45424869656562805,-0.01979023776948452,0.20948535203933716,0.4209045171737671,-0.02537650056183338,0.1645188182592392,0.5495893359184265,-0.010747619904577732,0.1966640204191208,0.5317740440368652,-0.026522256433963776,0.22398266196250916,0.5255919694900513,-0.03752466291189194,0.2452249825000763,0.5161798596382141,-0.042174339294433594,0.14780057966709137,0.558361828327179,-0.021082255989313126,0.1797918975353241,0.5443903207778931,-0.03392752632498741,0.20406529307365417,0.5451095700263977,-0.038275688886642456,0.22378286719322205,0.5445538759231567,-0.039711497724056244,p
0.14607754349708557,0.6876282691955566,3.394611667317804e-07,0.18168044090270996,0.664963960647583,-0.0052758436650037766,0.21844594180583954,0.6222344636917114,-0.006960334721952677,0.25196146965026855,0.6061857342720032,-0.01086263358592987,0.2808876633644104,0.607223629951477,-0.01428754348307848,0.20072269439697266,0.5597159266471863,0.005993614438921213,0.22889140248298645,0.5234909653663635,-0.001291514141485095,0.24797490239143372,0.5023243427276611,-0.007755411323159933,0.2632579207420349,0.4838320016860962,-0.012372254393994808,0.18243835866451263,0.5489708185195923,-0.0011961939744651318,0.19816961884498596,0.491957426071167,-0.011221556924283504,0.20474877953529358,0.45300978422164917,-0.020744381472468376,0.2094045728445053,0.4199868440628052,-0.02609659917652607,0.1641557514667511,0.5496501922607422,-0.01069786585867405,0.19530530273914337,0.5318149924278259,-0.02703021466732025,0.22168174386024475,0.5266047120094299,-0.03769439831376076,0.24245770275592804,0.5180248022079468,-0.04175608605146408,0.14750421047210693,0.5585177540779114,-0.02082393318414688,0.17788030207157135,0.5431016683578491,-0.03395106643438339,0.20110903680324554,0.5434122085571289,-0.03801894560456276,0.22017912566661835,0.5425161123275757,-0.03904494643211365,p
0.14550793170928955,0.6876013278961182,3.2693151297280565e-07,0.18122749030590057,0.6660712957382202,-0.005047991406172514,0.2185634821653366,0.6221303343772888,-0.0061923726461827755,0.2522616982460022,0.60565185546875,-0.009465712122619152,0.2811013460159302,0.6072348356246948,-0.012195482850074768,0.1995096057653427,0.558441162109375,0.006031955126672983,0.22666563093662262,0.5221633911132812,-0.0005162149318493903,0.2447006106376648,0.5010478496551514,-0.00658453069627285,0.25941595435142517,0.4824335277080536,-0.011134947650134563,0.18139556050300598,0.5478118062019348,-0.0012522696051746607,0.19790834188461304,0.4927692413330078,-0.010426954366266727,0.20492970943450928,0.45361843705177307,-0.019770324230194092,0.21023781597614288,0.4196254014968872,-0.0253323782235384,0.1633913516998291,0.5480402112007141,-0.010822298936545849,0.19665686786174774,0.5314128398895264,-0.02633558213710785,0.22422713041305542,0.5244418382644653,-0.037484001368284225,0.2459501475095749,0.5138652920722961,-0.042308930307626724,0.14750801026821136,0.556765079498291,-0.021023893728852272,0.18061460554599762,0.5428532958030701,-0.03360436484217644,0.20529484748840332,0.5432024002075195,-0.03797148913145065,0.22522680461406708,0.5423635244369507,-0.03947599604725838,p
0.14507529139518738,0.6880475878715515,3.1410399969900027e-07,0.18132038414478302,0.6654449701309204,-0.004269144963473082,0.2186652570962906,0.6212491393089294,-0.005336146801710129,0.25290635228157043,0.6050264239311218,-0.00867741834372282,0.282198965549469,0.6067837476730347,-0.011508753523230553,0.19894349575042725,0.5570226311683655,0.006521083880215883,0.22415192425251007,0.5204100012779236,0.000668616034090519,0.24015739560127258,0.49868983030319214,-0.004829890094697475,0.25348034501075745,0.4794760048389435,-0.009179062210023403,0.18072475492954254,0.5473096966743469,-0.0012191588757559657,0.1971813142299652,0.4947848916053772,-0.0096926623955369,0.2040167599916458,0.4554348289966583,-0.018741831183433533,0.20971593260765076,0.4201929569244385,-0.024385469034314156,0.162830650806427,0.5476226806640625,-0.01119490060955286,0.19703660905361176,0.5320757627487183,-0.026095665991306305,0.22462542355060577,0.5234798789024353,-0.03767429292201996,0.24654501676559448,0.511379063129425,-0.04312222823500633,0.1474970281124115,0.5564553141593933,-0.021748371422290802,0.18205025792121887,0.5431799292564392,-0.03402673453092575,0.20791839063167572,0.5429959893226624,-0.038855597376823425,0.2288188934326172,0.5422958731651306,-0.040890149772167206,p
0.1461288034915924,0.6865898966789246,3.4158404105255613e-07,0.1811635047197342,0.6646316051483154,-0.004086990840733051,0.2183762490749359,0.6209409236907959,-0.005470805801451206,0.2523038983345032,0.6047059297561646,-0.009307318367064,0.28163111209869385,0.6068807244300842,-0.012724650092422962,0.19987545907497406,0.5574401021003723,0.006735661532729864,0.22671303153038025,0.5218232870101929,0.00021967137581668794,0.24519199132919312,0.5008615255355835,-0.005678314715623856,0.26016998291015625,0.4829663038253784,-0.010037063620984554,0.18163928389549255,0.5470321774482727,-0.0012415933888405561,0.19670279324054718,0.49119502305984497,-0.010395250283181667,0.2035851776599884,0.45242494344711304,-0.019457165151834488,0.20898301899433136,0.4192187786102295,-0.024756480008363724,0.16372613608837128,0.5478048324584961,-0.011468336917459965,0.19562669098377228,0.5317981839179993,-0.027318289503455162,0.22236578166484833,0.5251585245132446,-0.0386490672826767,0.2434495985507965,0.5151553750038147,-0.043433625251054764,0.14843514561653137,0.5568782091140747,-0.02219366654753685,0.18195880949497223,0.5418267250061035,-0.03504516929388046,0.20717796683311462,0.541803240776062,-0.039501599967479706,0.22763440012931824,0.5407652854919434,-0.041032593697309494,p
0.14468522369861603,0.686968982219696,3.1965296898306406e-07,0.18123465776443481,0.6641483306884766,-0.003375999629497528,0.21839499473571777,0.6205174326896667,-0.00414303969591856,0.2526543438434601,0.6045252084732056,-0.007523955777287483,0.2820640504360199,0.6068335175514221,-0.010506018064916134,0.1988859623670578,0.5566041469573975,0.0076532200910151005,0.22454150021076202,0.5202659964561462,0.0015930122463032603,0.24131283164024353,0.49881696701049805,-0.004028722178190947,0.25522544980049133,0.4799693822860718,-0.008475489914417267,0.18075577914714813,0.5469123721122742,-0.0007918031769804657,0.19723014533519745,0.4933147430419922,-0.009802110493183136,0.2040770947933197,0.45416194200515747,-0.019005082547664642,0.20953468978405,0.4198950529098511,-0.02468009665608406,0.16295377910137177,0.5472245216369629,-0.011507118120789528,0.19709235429763794,0.5313845872879028,-0.027135128155350685,0.22453926503658295,0.5234775543212891,-0.038858912885189056,0.24633611738681793,0.5122730135917664,-0.04426303133368492,0.14784520864486694,0.5556539297103882,-0.022719286382198334,0.18339383602142334,0.5425967574119568,-0.035654857754707336,0.2095099687576294,0.5418285727500916,-0.04091407358646393,0.23078347742557526,0.5400018095970154,-0.04325732961297035,p
0.14564013481140137,0.6866205930709839,3.312472358629748e-07,0.1809076964855194,0.6638697385787964,-0.0036289216950535774,0.21764187514781952,0.6202002763748169,-0.0047494228929281235,0.25193628668785095,0.604362964630127,-0.008458108641207218,0.2809765934944153,0.6060215830802917,-0.011697557754814625,0.19833841919898987,0.5560688972473145,0.007370524574071169,0.22496993839740753,0.5196291208267212,0.0012457690900191665,0.24207724630832672,0.4977889657020569,-0.004458017181605101,0.2566673457622528,0.47851690649986267,-0.009073149412870407,0.18025749921798706,0.5464174151420593,-0.0009954392444342375,0.19641618430614471,0.4933323264122009,-0.010427561588585377,0.20294424891471863,0.45414865016937256,-0.019919510930776596,0.20836389064788818,0.4203961193561554,-0.025789186358451843,0.16274580359458923,0.5468994975090027,-0.011603203602135181,0.1957310438156128,0.5304428935050964,-0.02755088545382023,0.22205780446529388,0.5221015214920044,-0.03938809037208557,0.24301324784755707,0.5107051134109497,-0.044862110167741776,0.14812806248664856,0.5551245212554932,-0.022715022787451744,0.18389272689819336,0.5416129231452942,-0.03598412126302719,0.2096516489982605,0.5403741002082825,-0.04150911793112755,0.23072762787342072,0.5374352335929871,-0.044044919312000275,p
0.14567969739437103,0.686064600944519,3.263214125581726e-07,0.1809777319431305,0.6634764671325684,-0.0031528165563941,0.21764741837978363,0.6195766925811768,-0.003978041000664234,0.25169140100479126,0.6036229133605957,-0.00747251883149147,0.28074702620506287,0.6056790351867676,-0.010567974299192429,0.1985509693622589,0.5557963848114014,0.007741948124021292,0.22443988919258118,0.519618809223175,0.0017161760479211807,0.24132919311523438,0.4981277287006378,-0.0038562091067433357,0.2556004524230957,0.47940593957901,-0.008299176581203938,0.18050405383110046,0.546459972858429,-0.0007878184551373124,0.19608256220817566,0.49338454008102417,-0.00993536226451397,0.20273739099502563,0.4542732536792755,-0.019195275381207466,0.2082822620868683,0.4202914237976074,-0.024906691163778305,0.16288697719573975,0.5471571683883667,-0.011545184068381786,0.19519241154193878,0.5306552648544312,-0.02720889449119568,0.22128331661224365,0.5225586295127869,-0.0388597771525383,0.24197542667388916,0.5114805698394775,-0.04422591254115105,0.14800827205181122,0.5555782318115234,-0.02279013767838478,0.18292421102523804,0.5416687726974487,-0.035853397101163864,0.20843571424484253,0.5401118397712708,-0.041255079209804535,0.229221373796463,0.537074625492096,-0.0437203049659729,p
0.14562103152275085,0.6850420832633972,3.2713865039113443e-07,0.1812444031238556,0.6631671786308289,-0.002928037429228425,0.2180575132369995,0.6193309426307678,-0.0036376917269080877,0.25193333625793457,0.6031262278556824,-0.007038525305688381,0.2810104489326477,0.6051064133644104,-0.010052058845758438,0.19876234233379364,0.5563412308692932,0.007614606060087681,0.2245560586452484,0.5198870897293091,0.0017547853058204055,0.24174180626869202,0.4985104501247406,-0.003597288392484188,0.25628766417503357,0.48009270429611206,-0.00783748459070921,0.18082603812217712,0.5467579960823059,-0.0009953152621164918,0.19616200029850006,0.4923328757286072,-0.009721730835735798,0.2030581384897232,0.45298296213150024,-0.01857958361506462,0.20884546637535095,0.4192700982093811,-0.024076832458376884,0.1631670445203781,0.54749995470047,-0.011826432310044765,0.1955863982439041,0.530028223991394,-0.027158040553331375,0.22176551818847656,0.5223121047019958,-0.038532089442014694,0.2423114776611328,0.5117837190628052,-0.04380673170089722,0.14835572242736816,0.5558843016624451,-0.02312866784632206,0.18298278748989105,0.5411142110824585,-0.03611265867948532,0.20854552090168,0.5396862030029297,-0.04146304354071617,0.2293553650379181,0.5367330312728882,-0.043945614248514175,p
0.1450730413198471,0.6847526431083679,3.131926007426955e-07,0.1812330186367035,0.6633716821670532,-0.0032302336767315865,0.2183140367269516,0.6197859644889832,-0.003906682133674622,0.2521404027938843,0.6039462089538574,-0.007190326694399118,0.28146880865097046,0.6059614419937134,-0.010091257281601429,0.19889624416828156,0.5559080243110657,0.007480054162442684,0.22429752349853516,0.5189535617828369,0.0017538784304633737,0.24104061722755432,0.4971582889556885,-0.0035702651366591454,0.2551552653312683,0.47792181372642517,-0.007936476729810238,0.18099571764469147,0.5467551946640015,-0.0012569393729791045,0.19663816690444946,0.49265435338020325,-0.010116822086274624,0.20298880338668823,0.45283329486846924,-0.019237713888287544,0.2079748809337616,0.41822975873947144,-0.025010287761688232,0.1633068025112152,0.5477526783943176,-0.01226772740483284,0.19707618653774261,0.5295484066009521,-0.02793971262872219,0.22424936294555664,0.5215325951576233,-0.03957204893231392,0.24544771015644073,0.5100583434104919,-0.04502783715724945,0.14841577410697937,0.5561299324035645,-0.023751530796289444,0.18315920233726501,0.5395739674568176,-0.0371309332549572,0.20888572931289673,0.5373246073722839,-0.04267142340540886,0.22976361215114594,0.5334988832473755,-0.04531034082174301,p
0.14435820281505585,0.6847188472747803,3.1071832040652225e-07,0.1807328164577484,0.663297712802887,-0.003934580832719803,0.21806302666664124,0.6194475293159485,-0.004968967754393816,0.25232553482055664,0.6037763357162476,-0.008300666697323322,0.28148794174194336,0.6066974401473999,-0.011166450567543507,0.1981848031282425,0.5554907917976379,0.005965605843812227,0.2236943542957306,0.5183131098747253,-0.00011136106331832707,0.23992371559143066,0.4963083863258362,-0.005909528583288193,0.25389257073402405,0.4764663279056549,-0.010745556093752384,0.1803162395954132,0.5463082790374756,-0.0022302879951894283,0.19673961400985718,0.4948660433292389,-0.011464404873549938,0.20317097008228302,0.4549856185913086,-0.02124381810426712,0.20826365053653717,0.42009851336479187,-0.027612309902906418,0.16286548972129822,0.5470700263977051,-0.012591979466378689,0.1974663883447647,0.5304908156394958,-0.027889395132660866,0.22442355751991272,0.5212672352790833,-0.03972570225596428,0.24543748795986176,0.508620023727417,-0.04556628689169884,0.1483689844608307,0.5556040406227112,-0.02351319044828415,0.1839417666196823,0.5411943793296814,-0.036321744322776794,0.2095043808221817,0.5385736227035522,-0.041869308799505234,0.23013725876808167,0.5343384146690369,-0.04465552791953087,p
0.14542874693870544,0.6843391060829163,3.3458678672104725e-07,0.18072308599948883,0.6637239456176758,-0.004035133868455887,0.21772143244743347,0.6196039915084839,-0.005055378191173077,0.25193849205970764,0.6034735441207886,-0.008423842489719391,0.2812172770500183,0.6066812872886658,-0.011439405381679535,0.1990632563829422,0.5564529299736023,0.006241499911993742,0.2254403829574585,0.5204731822013855,-0.0002821469970513135,0.24333715438842773,0.4989871382713318,-0.006427120417356491,0.2583411633968353,0.48007166385650635,-0.011297785677015781,0.18090927600860596,0.5463958978652954,-0.001735110767185688,0.1963961124420166,0.4924096465110779,-0.011306964792311192,0.20326808094978333,0.45291590690612793,-0.020927008241415024,0.2086758315563202,0.41920000314712524,-0.02684701979160309,0.1629595160484314,0.5473297238349915,-0.011906216852366924,0.19522331655025482,0.5306166410446167,-0.027869585901498795,0.22219611704349518,0.5222919583320618,-0.03963163122534752,0.24353474378585815,0.5108734369277954,-0.045025572180747986,0.14753055572509766,0.5561559200286865,-0.022590188309550285,0.1813957393169403,0.5418189764022827,-0.03600456193089485,0.2063380628824234,0.5408896207809448,-0.04142817482352257,0.22688378393650055,0.5380178689956665,-0.04384784400463104,p
0.14478850364685059,0.6841371059417725,3.1486302987104864e-07,0.181255504488945,0.6622982025146484,-0.0030417717061936855,0.21801625192165375,0.6192014813423157,-0.003803943982347846,0.2518252730369568,0.6034547686576843,-0.007139492314308882,0.28112995624542236,0.6066402196884155,-0.01009843684732914,0.19806654751300812,0.5542637705802917,0.007434372324496508,0.22358210384845734,0.5178402662277222,0.0015350411413237453,0.24029770493507385,0.4962422549724579,-0.004062673542648554,0.25444599986076355,0.47711876034736633,-0.00869025755673647,0.18015387654304504,0.5451823472976685,-0.0012581456685438752,0.19636642932891846,0.492489218711853,-0.010624850168824196,0.20309504866600037,0.4533621072769165,-0.020201873034238815,0.20848745107650757,0.41941511631011963,-0.02620491199195385,0.16286471486091614,0.5462648868560791,-0.01210922934114933,0.19736124575138092,0.530532717704773,-0.02783880941569805,0.2243957370519638,0.5218007564544678,-0.039564501494169235,0.24570471048355103,0.5094279646873474,-0.04508838802576065,0.14836889505386353,0.5550408363342285,-0.023425303399562836,0.18328949809074402,0.5403727889060974,-0.03682706505060196,0.20864209532737732,0.5365875363349915,-0.04255526512861252,0.22972536087036133,0.5307674407958984,-0.045312680304050446,p
0.1443282663822174,0.6842052936553955,3.1518649734607607e-07,0.1804240345954895,0.6637911796569824,-0.0032962451223284006,0.21767111122608185,0.6198729276657104,-0.003756676334887743,0.2514588534832001,0.6035961508750916,-0.006652499549090862,0.28052395582199097,0.6060627698898315,-0.009140253067016602,0.19913350045681,0.5562963485717773,0.007151888683438301,0.22543305158615112,0.5197832584381104,0.0010944274254143238,0.24308618903160095,0.49828338623046875,-0.00446364376693964,0.2578233480453491,0.4792741537094116,-0.008909461088478565,0.1811380237340927,0.5464268326759338,-0.0014597231056541204,0.19640013575553894,0.4908906817436218,-0.010654118843376637,0.2032226026058197,0.4518306255340576,-0.019913868978619576,0.20862862467765808,0.4181414246559143,-0.02557602897286415,0.16329315304756165,0.5471692681312561,-0.012301124632358551,0.19628264009952545,0.5306156277656555,-0.028273966163396835,0.22330927848815918,0.5225522518157959,-0.039970189332962036,0.24435323476791382,0.5103461742401123,-0.045313335955142975,0.14828403294086456,0.5556021332740784,-0.023593749850988388,0.182405024766922,0.5401488542556763,-0.03701533377170563,0.20764616131782532,0.5377140045166016,-0.042405225336551666,0.22799722850322723,0.5329639315605164,-0.04488798975944519,p
0.14563031494617462,0.6838198900222778,3.2834401508807787e-07,0.18064871430397034,0.6628602147102356,-0.005197326187044382,0.21771875023841858,0.6196341514587402,-0.006582589820027351,0.25181540846824646,0.6034078598022461,-0.010135200805962086,0.2806304693222046,0.6052753925323486,-0.013257461600005627,0.2008953094482422,0.5577259063720703,0.005509698297828436,0.22775931656360626,0.5199499726295471,-0.001010070089250803,0.24586203694343567,0.49802109599113464,-0.006704291794449091,0.2607440948486328,0.4787963926792145,-0.01103734690696001,0.18293021619319916,0.5473713874816895,-0.00180110486689955,0.19733133912086487,0.4906676411628723,-0.01111541036516428,0.20391659438610077,0.4519556164741516,-0.0201018787920475,0.20901261270046234,0.41935330629348755,-0.02541269175708294,0.16481053829193115,0.5475185513496399,-0.011438131332397461,0.19496913254261017,0.5296134948730469,-0.02739488147199154,0.22111298143863678,0.5222146511077881,-0.038748402148485184,0.2416432648897171,0.5116252899169922,-0.043695978820323944,0.14851780235767365,0.5551244020462036,-0.021677041426301003,0.17972643673419952,0.5398957133293152,-0.03490358591079712,0.2035624384880066,0.5395549535751343,-0.03990279883146286,0.22301439940929413,0.5374400019645691,-0.0419321246445179,p
0.14590482413768768,0.6841613054275513,3.332669678002276e-07,0.1802501678466797,0.6622726321220398,-0.006155457813292742,0.2174069732427597,0.6190998554229736,-0.008385439403355122,0.25179222226142883,0.6031039357185364,-0.012541614472866058,0.28101980686187744,0.6056029796600342,-0.01625886932015419,0.19995027780532837,0.5562787652015686,0.003578372299671173,0.22670824825763702,0.5189051628112793,-0.003955493681132793,0.24473533034324646,0.49714919924736023,-0.010636354796588421,0.25992685556411743,0.4778766632080078,-0.015644608065485954,0.1815904974937439,0.5460891127586365,-0.0033445723820477724,0.1967911422252655,0.4920633137226105,-0.01356990821659565,0.20354792475700378,0.4526710510253906,-0.023467278108000755,0.20877698063850403,0.4188491106033325,-0.02944778837263584,0.16318248212337494,0.546480119228363,-0.012523170560598373,0.19453079998493195,0.5302293300628662,-0.028690053150057793,0.2205837219953537,0.5224574208259583,-0.040033940225839615,0.2411085069179535,0.5115033388137817,-0.0450018048286438,0.1464715451002121,0.554956316947937,-0.022407041862607002,0.17784368991851807,0.5407496690750122,-0.03547727316617966,0.20079714059829712,0.5404309630393982,-0.04015175998210907,0.21940584480762482,0.5389038324356079,-0.04189037159085274,p
0.14472177624702454,0.6836841106414795,3.283579701474082e-07,0.179572194814682,0.6637572050094604,-0.005263054743409157,0.21685810387134552,0.6191979050636292,-0.006219357717782259,0.2508729100227356,0.6030179858207703,-0.00912783294916153,0.27972477674484253,0.6055763959884644,-0.011569048278033733,0.19980581104755402,0.5571941137313843,0.005298210307955742,0.22667239606380463,0.5199657678604126,-0.0011906878789886832,0.24467897415161133,0.4986574053764343,-0.006931117735803127,0.2592755854129791,0.47990351915359497,-0.01122869923710823,0.18156546354293823,0.5468725562095642,-0.0019078073091804981,0.19670391082763672,0.48960620164871216,-0.011000359430909157,0.20364995300769806,0.45095425844192505,-0.020014531910419464,0.20887692272663116,0.41809362173080444,-0.02528316341340542,0.16321608424186707,0.5475834012031555,-0.011428614147007465,0.19460546970367432,0.5298286080360413,-0.027281640097498894,0.22130976617336273,0.5222575664520264,-0.03883393481373787,0.242117241024971,0.5107067227363586,-0.043866049498319626,0.14700642228126526,0.5563638806343079,-0.021515613421797752,0.17876090109348297,0.5408251285552979,-0.03451360762119293,0.20304462313652039,0.5405598282814026,-0.03931942209601402,0.22253194451332092,0.5384303331375122,-0.04122652858495712,p
0.144659623503685,0.6836556792259216,3.2939809102572326e-07,0.17889319360256195,0.6627252697944641,-0.005696740001440048,0.21603938937187195,0.6190332174301147,-0.007401652634143829,0.2502807080745697,0.6025315523147583,-0.011267568916082382,0.27910321950912476,0.6040968894958496,-0.014701807871460915,0.19926047325134277,0.5577689409255981,0.004880597349256277,0.2266043722629547,0.5192861557006836,-0.0021130647510290146,0.24492734670639038,0.4973641633987427,-0.008075512945652008,0.2599136233329773,0.47809454798698425,-0.012432207353413105,0.18167220056056976,0.5473262667655945,-0.0022397697903215885,0.197015643119812,0.4904041290283203,-0.011828295886516571,0.2041342705488205,0.4512678384780884,-0.020982855930924416,0.2094709575176239,0.41839560866355896,-0.026284659281373024,0.16369090974330902,0.5477609038352966,-0.011692006140947342,0.19438031315803528,0.5296212434768677,-0.02761690877377987,0.2206139862537384,0.5237720608711243,-0.03859774023294449,0.24112525582313538,0.5148375630378723,-0.04312816262245178,0.14719349145889282,0.5559125542640686,-0.021798888221383095,0.1768122762441635,0.5397213697433472,-0.03441385179758072,0.1998366415500641,0.5397380590438843,-0.03865484893321991,0.21874216198921204,0.5389510989189148,-0.04009917005896568,p
0.14297392964363098,0.6806288361549377,3.289602830136573e-07,0.17761044204235077,0.6584428548812866,-0.005032676737755537,0.21475769579410553,0.6146236062049866,-0.00691830413416028,0.24925577640533447,0.599987804889679,-0.011029683984816074,0.2791506350040436,0.6031806468963623,-0.014808469451963902,0.19759026169776917,0.5563068985939026,0.004708494991064072,0.2237483412027359,0.5167973041534424,-0.002865246031433344,0.24196502566337585,0.4950844943523407,-0.009527085348963737,0.25774675607681274,0.4758501350879669,-0.014496282674372196,0.18062439560890198,0.5468080639839172,-0.0028243553824722767,0.19552764296531677,0.48912811279296875,-0.012978114187717438,0.20267584919929504,0.4499419331550598,-0.02279898151755333,0.20875239372253418,0.4170975089073181,-0.028765473514795303,0.16297633945941925,0.5476449728012085,-0.012602363713085651,0.1942354440689087,0.5263589024543762,-0.028708351776003838,0.22120440006256104,0.5185419321060181,-0.03992082551121712,0.24280086159706116,0.508612334728241,-0.04480881243944168,0.14679834246635437,0.5556800961494446,-0.022932788357138634,0.17772957682609558,0.5372812151908875,-0.03568635880947113,0.20100905001163483,0.5371788144111633,-0.03994671627879143,0.22002102434635162,0.5363295674324036,-0.04155287891626358,p
0.14390292763710022,0.6762019991874695,3.2626155643811217e-07,0.17785824835300446,0.6534649729728699,-0.005081110633909702,0.21431921422481537,0.6101489067077637,-0.007570331450551748,0.24839331209659576,0.5963767170906067,-0.012370800599455833,0.2786039113998413,0.5996341109275818,-0.01700478605926037,0.1971726417541504,0.5526111721992493,0.0046564009971916676,0.22251379489898682,0.5141230821609497,-0.003253989852964878,0.2402566373348236,0.49215221405029297,-0.010365244932472706,0.2555302679538727,0.47262269258499146,-0.01571381650865078,0.180669367313385,0.5438134670257568,-0.0030192218255251646,0.19575709104537964,0.4879917800426483,-0.013296919874846935,0.20295795798301697,0.4492322504520416,-0.023298397660255432,0.20904773473739624,0.41620302200317383,-0.02946716733276844,0.16319265961647034,0.5454829335212708,-0.012928921729326248,0.1921587586402893,0.5240253806114197,-0.028957132250070572,0.2173941433429718,0.5154668092727661,-0.039595913141965866,0.2376563847064972,0.5048176646232605,-0.04415104538202286,0.1462470293045044,0.5537866950035095,-0.02342795766890049,0.17315638065338135,0.5336263179779053,-0.0363522544503212,0.19422662258148193,0.5336505174636841,-0.04022812843322754,0.21200516819953918,0.5334905385971069,-0.04146780073642731,p
0.14401254057884216,0.6754023432731628,3.3607508953537035e-07,0.17784789204597473,0.6554487943649292,-0.005729726981371641,0.21519175171852112,0.6119250655174255,-0.007424539886415005,0.24906066060066223,0.5966622829437256,-0.011090646497905254,0.2782577574253082,0.5993086695671082,-0.014417177997529507,0.1980462521314621,0.5524091124534607,0.005016597453504801,0.22511138021945953,0.5153886675834656,-0.0022491212002933025,0.2439028024673462,0.4944990575313568,-0.008569775149226189,0.25921085476875305,0.47600632905960083,-0.013115067034959793,0.18076348304748535,0.542352020740509,-0.0018174700671806931,0.1957237869501114,0.48417866230010986,-0.011592388153076172,0.20262540876865387,0.44619810581207275,-0.020799074321985245,0.20775364339351654,0.4141448736190796,-0.025864606723189354,0.16263248026371002,0.5436843037605286,-0.010921917855739594,0.19040918350219727,0.5228371620178223,-0.026976408436894417,0.21515235304832458,0.5171135067939758,-0.037342485040426254,0.23473864793777466,0.5084067583084106,-0.04109552502632141,0.1455952227115631,0.5521738529205322,-0.02062286250293255,0.17269288003444672,0.5333378314971924,-0.03314332664012909,0.19296205043792725,0.5341480374336243,-0.036575522273778915,0.20931456983089447,0.5340258479118347,-0.037213098257780075,p
0.14211693406105042,0.6750451326370239,3.2696414109523175e-07,0.17671741545200348,0.6539013981819153,-0.005311851855367422,0.21401454508304596,0.6094785332679749,-0.007001018151640892,0.2487485408782959,0.5943039059638977,-0.011059639975428581,0.2787044644355774,0.5972787141799927,-0.014775030314922333,0.1966845840215683,0.5512792468070984,0.005658412352204323,0.22248676419258118,0.5120815634727478,-0.0014960048720240593,0.24047023057937622,0.49017056822776794,-0.007531382143497467,0.25566262006759644,0.4708620607852936,-0.01204900722950697,0.17977973818778992,0.5414467453956604,-0.0018709537107497454,0.1945229023694992,0.4839850068092346,-0.011564316228032112,0.20098894834518433,0.4457629323005676,-0.020650925114750862,0.20644475519657135,0.41320425271987915,-0.025935837998986244,0.16195975244045258,0.5416324734687805,-0.011857331730425358,0.19237717986106873,0.5217838883399963,-0.027916716411709785,0.21787181496620178,0.5139970779418945,-0.03918309137225151,0.23836451768875122,0.5034059882164001,-0.04399552196264267,0.1454022079706192,0.5489016771316528,-0.022485196590423584,0.1755228042602539,0.5320202708244324,-0.035232577472925186,0.19808055460453033,0.5332645177841187,-0.03972434625029564,0.21651513874530792,0.5339146256446838,-0.041447561234235764,p
0.1420859694480896,0.6728872060775757,3.2699574603611836e-07,0.17656759917736053,0.651803195476532,-0.005169270094484091,0.21399331092834473,0.6066110134124756,-0.0064839390106499195,0.24852284789085388,0.5908645391464233,-0.010140142403542995,0.2781599760055542,0.5943913459777832,-0.013391447253525257,0.19639267027378082,0.5488770008087158,0.005686282180249691,0.22247350215911865,0.5097489953041077,-0.0016673622885718942,0.24079370498657227,0.487850546836853,-0.007832984440028667,0.25655338168144226,0.4687861204147339,-0.012443531304597855,0.17913612723350525,0.5392225384712219,-0.0016274056397378445,0.19426164031028748,0.4838640093803406,-0.011972570791840553,0.2008093148469925,0.4452342092990875,-0.021537577733397484,0.20620614290237427,0.41293245553970337,-0.027079377323389053,0.16133585572242737,0.5393852591514587,-0.011353704147040844,0.1908191442489624,0.5209929943084717,-0.027880018576979637,0.21626459062099457,0.5126574039459229,-0.03938647732138634,0.23700419068336487,0.5021857619285583,-0.04421216994524002,0.14509005844593048,0.5461600422859192,-0.021697118878364563,0.1757505089044571,0.5300558805465698,-0.0350848063826561,0.1988452821969986,0.5304465889930725,-0.040175773203372955,0.21817488968372345,0.5301952958106995,-0.04215482249855995,p
0.1409757435321808,0.6704996824264526,3.063116196244664e-07,0.17618109285831451,0.6488434076309204,-0.003957715351134539,0.21311058104038239,0.6044546365737915,-0.005354307591915131,0.24741023778915405,0.5894617438316345,-0.009276949800550938,0.2773053050041199,0.5937719941139221,-0.012889907695353031,0.1938924640417099,0.5440748929977417,0.006321792956441641,0.2171744555234909,0.5047352313995361,-0.0003724426496773958,0.23232434689998627,0.4820329248905182,-0.00635179877281189,0.24609297513961792,0.46190473437309265,-0.011340287514030933,0.1768416464328766,0.5360093712806702,-0.0017011500895023346,0.19411581754684448,0.48687589168548584,-0.012319117784500122,0.20008528232574463,0.44984573125839233,-0.02250867523252964,0.20570243895053864,0.41679060459136963,-0.028744855895638466,0.15959015488624573,0.5368058681488037,-0.011903340928256512,0.19161050021648407,0.5204529166221619,-0.027889881283044815,0.21702387928962708,0.5106831192970276,-0.03968583047389984,0.23808704316616058,0.49807319045066833,-0.045252420008182526,0.1441100537776947,0.5445582270622253,-0.02264043688774109,0.1757870316505432,0.5303557515144348,-0.0356900580227375,0.19926631450653076,0.5300963521003723,-0.04118923097848892,0.21941107511520386,0.5290321111679077,-0.043756160885095596,p
0.14010751247406006,0.6685904264450073,3.6257952729101817e-07,0.17463666200637817,0.6492391228675842,-0.004043963737785816,0.2119741141796112,0.6041530966758728,-0.004574329126626253,0.24628600478172302,0.5884149074554443,-0.007562301121652126,0.2764853835105896,0.5921756625175476,-0.010211748071014881,0.1958819031715393,0.545306921005249,0.008319285698235035,0.22264523804187775,0.5077934861183167,0.0022646819707006216,0.24127110838890076,0.48585426807403564,-0.003212896641343832,0.25671660900115967,0.4675300419330597,-0.0072774142026901245,0.17825809121131897,0.5348541140556335,0.0009556788136251271,0.1929757446050644,0.4777427911758423,-0.008160369470715523,0.19952881336212158,0.4386240839958191,-0.017247114330530167,0.204911470413208,0.4063796401023865,-0.022232579067349434,0.160055011510849,0.5352663993835449,-0.008724848739802837,0.18917611241340637,0.5166869163513184,-0.024396607652306557,0.21448329091072083,0.5090636610984802,-0.03572482615709305,0.23505409061908722,0.499362051486969,-0.04024535417556763,0.14373548328876495,0.5424147844314575,-0.018888244405388832,0.17511360347270966,0.5277060270309448,-0.031625229865312576,0.19785857200622559,0.5284597873687744,-0.03634699061512947,0.2168155312538147,0.5273767113685608,-0.03794218227267265,p
0.1399179995059967,0.6691163182258606,3.0089543656686146e-07,0.17405810952186584,0.6474682688713074,-0.005715816281735897,0.21056047081947327,0.6046147346496582,-0.007927624508738518,0.2443712055683136,0.5900484919548035,-0.012417951598763466,0.2737366259098053,0.5928701162338257,-0.016648948192596436,0.19293421506881714,0.5454567074775696,0.003872261382639408,0.2168954312801361,0.502983570098877,-0.0039636255241930485,0.23275752365589142,0.4801809787750244,-0.010805905796587467,0.24718952178955078,0.45905423164367676,-0.01619122549891472,0.1770801991224289,0.5369588732719421,-0.0036417366936802864,0.19316565990447998,0.4862588047981262,-0.014974918216466904,0.19900952279567719,0.4478360712528229,-0.0261476282030344,0.20412826538085938,0.4140360951423645,-0.03320551663637161,0.15980729460716248,0.5363122224807739,-0.013433312065899372,0.19125564396381378,0.519246518611908,-0.030065789818763733,0.21627110242843628,0.5086889863014221,-0.0429062694311142,0.23667195439338684,0.4949456453323364,-0.04927051439881325,0.14323849976062775,0.5423186421394348,-0.02385856956243515,0.17404741048812866,0.5271766185760498,-0.037017401307821274,0.19730253517627716,0.5270571708679199,-0.04256246238946915,0.2167413830757141,0.5268639326095581,-0.04526766017079353,p
0.14027421176433563,0.6662094593048096,3.580611007691914e-07,0.1740766316652298,0.6465281248092651,-0.005225401371717453,0.21038448810577393,0.6024349927902222,-0.0068000140599906445,0.2444567233324051,0.5875137448310852,-0.010617918334901333,0.27457162737846375,0.5924733877182007,-0.014257659204304218,0.1936216503381729,0.5446619987487793,0.005795571021735668,0.21894505620002747,0.5058850646018982,-0.001517528435215354,0.23730774223804474,0.4839858412742615,-0.0080765001475811,0.25288891792297363,0.4657372236251831,-0.012807725928723812,0.17646844685077667,0.5347559452056885,-0.0011313187424093485,0.19063808023929596,0.47843828797340393,-0.01127686072140932,0.19725224375724792,0.4386318027973175,-0.021266639232635498,0.20270070433616638,0.4055980443954468,-0.026986245065927505,0.15828227996826172,0.5351870059967041,-0.010313964448869228,0.18730925023555756,0.5173770189285278,-0.026314325630664825,0.21295221149921417,0.5084289312362671,-0.03768463060259819,0.23384378850460052,0.4977226257324219,-0.04236481338739395,0.14100903272628784,0.5424507856369019,-0.020073944702744484,0.16997116804122925,0.5271021723747253,-0.03313903138041496,0.19108204543590546,0.5289012789726257,-0.03746200352907181,0.20870456099510193,0.5295655727386475,-0.038683075457811356,p
0.13797527551651,0.6676778197288513,2.935748568688723e-07,0.1738957017660141,0.6458044052124023,-0.004327629692852497,0.2095346599817276,0.6030587553977966,-0.004994360264390707,0.24282370507717133,0.5891340970993042,-0.008099871687591076,0.2718782424926758,0.5930051207542419,-0.011078228242695332,0.19137799739837646,0.5455628037452698,0.006050087045878172,0.21407896280288696,0.5040771961212158,-0.0002402750396868214,0.22943811118602753,0.4814728796482086,-0.00601256312802434,0.2431490123271942,0.46097469329833984,-0.010665829293429852,0.17499075829982758,0.5379090905189514,-0.0019603027030825615,0.18873804807662964,0.48263615369796753,-0.011420649476349354,0.1951020359992981,0.44291481375694275,-0.021496882662177086,0.2008228898048401,0.4086323380470276,-0.028079072013497353,0.15740486979484558,0.5382334589958191,-0.01227774191647768,0.18828994035720825,0.5153762698173523,-0.028416501358151436,0.2154388576745987,0.5056155323982239,-0.04112750664353371,0.23704949021339417,0.4944329857826233,-0.04729082062840462,0.14089307188987732,0.5443663597106934,-0.023052312433719635,0.17209884524345398,0.5230759382247925,-0.036939386278390884,0.1966397613286972,0.5229117274284363,-0.04280184581875801,0.21616199612617493,0.524092972278595,-0.045605286955833435,p
0.13881751894950867,0.666994035243988,2.477500231634622e-07,0.1724419891834259,0.6451568603515625,-0.005205769091844559,0.2077709436416626,0.6001193523406982,-0.007318088319152594,0.2416173815727234,0.5857964158058167,-0.010970287024974823,0.270449697971344,0.5920625925064087,-0.014164600521326065,0.18719132244586945,0.5413747429847717,0.0006210363935679197,0.1993265151977539,0.487324059009552,-0.004398403689265251,0.20307093858718872,0.455952525138855,-0.008255265653133392,0.20824271440505981,0.42772376537323,-0.012759932316839695,0.17075391113758087,0.537226676940918,-0.006286120042204857,0.19019879400730133,0.4987878203392029,-0.017533624544739723,0.20115353167057037,0.4782436192035675,-0.026414167135953903,0.2128714770078659,0.4560701847076416,-0.03190958872437477,0.15304265916347504,0.538095235824585,-0.014909719116985798,0.18327370285987854,0.5219929218292236,-0.03135772794485092,0.20960022509098053,0.5093445777893066,-0.043267711997032166,0.232759490609169,0.49295535683631897,-0.049593761563301086,0.13696354627609253,0.5432286858558655,-0.023877112194895744,0.1658642292022705,0.5274528861045837,-0.03767695277929306,0.1883571445941925,0.5286033153533936,-0.043339598923921585,0.20711658895015717,0.5295729041099548,-0.0462840273976326,p
0.13714274764060974,0.667589545249939,3.221734061753523e-07,0.17118050158023834,0.6484038829803467,-0.004656211938709021,0.20646782219409943,0.6040112972259521,-0.004512464161962271,0.2390371859073639,0.588517427444458,-0.006475887726992369,0.2666243314743042,0.5933454632759094,-0.008435138501226902,0.19007809460163116,0.5462011694908142,0.00638969661667943,0.21543912589550018,0.5086489319801331,-0.0005223695770837367,0.233659029006958,0.4870275855064392,-0.006867293268442154,0.24873554706573486,0.46836790442466736,-0.011461829766631126,0.1726483553647995,0.5372525453567505,-0.0008893925114534795,0.18524624407291412,0.47840017080307007,-0.010547460056841373,0.1922120749950409,0.4399949908256531,-0.02014884166419506,0.19814640283584595,0.4075635075569153,-0.025671180337667465,0.15394924581050873,0.538654088973999,-0.010463968850672245,0.18023312091827393,0.5178524851799011,-0.02714344672858715,0.205654576420784,0.5100792050361633,-0.03905536234378815,0.2255978286266327,0.5000414848327637,-0.04389588534832001,0.13564756512641907,0.5469098687171936,-0.020509149879217148,0.16061410307884216,0.5253376960754395,-0.0347881056368351,0.18096791207790375,0.5263841152191162,-0.039693403989076614,0.19717271625995636,0.5282196998596191,-0.04127373546361923,p
0.13068684935569763,0.6729834675788879,3.079171335684805e-07,0.16577383875846863,0.651054859161377,-0.004153458401560783,0.20236900448799133,0.6064006090164185,-0.004319928586483002,0.2353547215461731,0.590013861656189,-0.006857444532215595,0.26424193382263184,0.5946484208106995,-0.009136282838881016,0.1857963651418686,0.5481977462768555,0.006772214081138372,0.21174654364585876,0.5098457336425781,-0.0004054290766362101,0.22913426160812378,0.48692992329597473,-0.006553318351507187,0.24389132857322693,0.4670717418193817,-0.011043660342693329,0.16804184019565582,0.5393595695495605,-0.0011647812789306045,0.18287606537342072,0.48264628648757935,-0.01167070772498846,0.1901084929704666,0.44257718324661255,-0.021407710388302803,0.19620618224143982,0.4082551598548889,-0.027000319212675095,0.14965012669563293,0.5398518443107605,-0.011429117992520332,0.1805284023284912,0.5189218521118164,-0.02838709205389023,0.20678578317165375,0.5107645988464355,-0.039764996618032455,0.22737455368041992,0.5001031756401062,-0.044306494295597076,0.13250598311424255,0.5471729636192322,-0.02219654619693756,0.16333602368831635,0.52796471118927,-0.03636787459254265,0.18668755888938904,0.5244253873825073,-0.041737817227840424,0.20576107501983643,0.5197016596794128,-0.043799664825201035,p
0.12710124254226685,0.6743259429931641,2.632270081903698e-07,0.1635241061449051,0.6499136686325073,-0.003507478628307581,0.19987261295318604,0.6057279706001282,-0.004264302551746368,0.23346088826656342,0.590196967124939,-0.007550565991550684,0.2625955045223236,0.5942796468734741,-0.010628830641508102,0.17986245453357697,0.5470821261405945,0.006624414585530758,0.20041322708129883,0.5036699175834656,-0.0001563256373628974,0.2125590741634369,0.47896531224250793,-0.006147766951471567,0.22373726963996887,0.4562201499938965,-0.011316902935504913,0.16328008472919464,0.5406714677810669,-0.0019103403901681304,0.18196050822734833,0.4931509494781494,-0.013596104457974434,0.18955807387828827,0.4575377404689789,-0.02451080083847046,0.19668126106262207,0.42496421933174133,-0.03134537115693092,0.14577412605285645,0.5412976145744324,-0.01265803910791874,0.17868733406066895,0.5230057835578918,-0.02988320030272007,0.20472511649131775,0.5104824900627136,-0.04246249049901962,0.22611914575099945,0.495797336101532,-0.04849176108837128,0.129423588514328,0.5479565858840942,-0.02382711134850979,0.16037383675575256,0.5290618538856506,-0.03820778802037239,0.1840796321630478,0.5241348147392273,-0.04466339945793152,0.2045472413301468,0.51954585313797,-0.047925494611263275,p
0.12893781065940857,0.6684525609016418,3.9240620708369534e-07,0.16234272718429565,0.6448991298675537,-0.005627404432743788,0.19670256972312927,0.6034085750579834,-0.00886139553040266,0.2294129878282547,0.5890814065933228,-0.014324670657515526,0.259112685918808,0.5921679735183716,-0.01976357400417328,0.18091969192028046,0.5482438206672668,0.0033505407627671957,0.20771144330501556,0.5095950961112976,-0.006359453313052654,0.22687597572803497,0.48655128479003906,-0.014133510179817677,0.24292702972888947,0.4680037498474121,-0.019166195765137672,0.1633826643228531,0.5390247702598572,-0.0033966191112995148,0.17814995348453522,0.4814192056655884,-0.015521714463829994,0.18526513874530792,0.44042935967445374,-0.02560223452746868,0.1913069188594818,0.40652596950531006,-0.030906224623322487,0.14455044269561768,0.5410575866699219,-0.012324996292591095,0.1699848771095276,0.5197038650512695,-0.02949337288737297,0.1926107555627823,0.5116151571273804,-0.03926549851894379,0.21165025234222412,0.5028610825538635,-0.04221189022064209,0.1254759132862091,0.5501312613487244,-0.021813198924064636,0.14803454279899597,0.5309045314788818,-0.03549925610423088,0.16609376668930054,0.5286497473716736,-0.0391126312315464,0.18285582959651947,0.5260472893714905,-0.03940374031662941,p
0.1283462792634964,0.6675435900688171,3.434658424339432e-07,0.161385178565979,0.6462967991828918,-0.005899699870496988,0.19675198197364807,0.6050004363059998,-0.008058086037635803,0.23004283010959625,0.5912852883338928,-0.012248327024281025,0.25891733169555664,0.5955104827880859,-0.016505112871527672,0.18129640817642212,0.5475344657897949,0.00259677623398602,0.20733079314231873,0.5089658498764038,-0.006746154744178057,0.2260708510875702,0.4874107837677002,-0.014227309264242649,0.24115797877311707,0.4690294861793518,-0.01915324106812477,0.16403499245643616,0.5388619303703308,-0.004051096737384796,0.17917566001415253,0.4813770353794098,-0.015750141814351082,0.1868578940629959,0.4424608647823334,-0.025695227086544037,0.19223469495773315,0.4095761775970459,-0.03111337684094906,0.14508675038814545,0.5404232144355774,-0.012930260971188545,0.16975417733192444,0.519463062286377,-0.030141567811369896,0.1924336701631546,0.51239413022995,-0.040668584406375885,0.21081379055976868,0.5033982992172241,-0.044334776699543,0.1257273405790329,0.5488399267196655,-0.022390570491552353,0.14892283082008362,0.5293855667114258,-0.036242350935935974,0.16757404804229736,0.5286060571670532,-0.040347713977098465,0.1833932101726532,0.5273737907409668,-0.04123516380786896,p
0.12224800884723663,0.6675920486450195,3.344438255226123e-07,0.15748874843120575,0.6430338025093079,-0.005008266773074865,0.1931639164686203,0.6026604771614075,-0.007062272168695927,0.22661857306957245,0.5899438858032227,-0.011655980721116066,0.25536811351776123,0.5921006798744202,-0.016035620123147964,0.1759428083896637,0.5459480285644531,0.006240637507289648,0.19877022504806519,0.5054411292076111,-0.002390714827924967,0.2146901786327362,0.4823654294013977,-0.010047824122011662,0.22951266169548035,0.4619653820991516,-0.015501678921282291,0.1596108227968216,0.5376652479171753,-0.0010114164324477315,0.17469602823257446,0.48570576310157776,-0.012324200943112373,0.18303194642066956,0.4466017484664917,-0.023405805230140686,0.19103454053401947,0.41398364305496216,-0.030133694410324097,0.14135897159576416,0.5368121266365051,-0.010627350769937038,0.17021444439888,0.5170917510986328,-0.027040258049964905,0.19365759193897247,0.5078057646751404,-0.038567930459976196,0.21278290450572968,0.4978383183479309,-0.04351451247930527,0.12279282510280609,0.5423151850700378,-0.020926300436258316,0.15106914937496185,0.5273919105529785,-0.034248173236846924,0.17209337651729584,0.5267814993858337,-0.03945576772093773,0.18991877138614655,0.5256258845329285,-0.04140976816415787,p
0.118939109146595,0.6647201776504517,3.758092645966826e-07,0.15155525505542755,0.6413056254386902,-0.005414864979684353,0.1863086223602295,0.5984628796577454,-0.0073045045137405396,0.21867474913597107,0.5848872661590576,-0.011217376217246056,0.2470000684261322,0.5876699090003967,-0.014722725376486778,0.17128723859786987,0.5440918207168579,0.004825829528272152,0.19710326194763184,0.5036209225654602,-0.003570023225620389,0.2154746651649475,0.48012107610702515,-0.010826543904840946,0.23183950781822205,0.46092739701271057,-0.01578870788216591,0.1545240581035614,0.5347533226013184,-0.0018261673394590616,0.16977860033512115,0.47939610481262207,-0.012421238236129284,0.17815980315208435,0.43798309564590454,-0.022565849125385284,0.18593671917915344,0.4041944742202759,-0.02843279391527176,0.13630232214927673,0.534509539604187,-0.01076571550220251,0.1652687042951584,0.5131406188011169,-0.026456890627741814,0.18947848677635193,0.5018704533576965,-0.037433456629514694,0.2090913951396942,0.4903413653373718,-0.042068809270858765,0.1182335615158081,0.5413661003112793,-0.020359301939606667,0.14696970582008362,0.5262905359268188,-0.03326893970370293,0.1686238944530487,0.5261790752410889,-0.037867140024900436,0.18703672289848328,0.5252822637557983,-0.039343927055597305,p
0.11621749401092529,0.658478319644928,3.545772813140502e-07,0.1506434679031372,0.6352055072784424,-0.0055523463524878025,0.18574722111225128,0.5922601819038391,-0.008014587685465813,0.2189193069934845,0.5788179636001587,-0.012765309773385525,0.2486761212348938,0.5833443403244019,-0.01750360056757927,0.16868843138217926,0.538408100605011,0.004009985364973545,0.19110994040966034,0.49485641717910767,-0.003940694034099579,0.20629554986953735,0.47022342681884766,-0.010704568587243557,0.2206333875656128,0.4500929117202759,-0.015629911795258522,0.1523343175649643,0.5311816930770874,-0.0027120308950543404,0.1680656522512436,0.47821614146232605,-0.013135450892150402,0.176577627658844,0.4397774934768677,-0.023229090496897697,0.18546684086322784,0.40842556953430176,-0.0294441320002079,0.13398899137973785,0.5314469933509827,-0.011650622822344303,0.16195820271968842,0.5072372555732727,-0.0269966758787632,0.18524426221847534,0.49699652194976807,-0.037753019481897354,0.20538341999053955,0.4882338047027588,-0.04258471727371216,0.11464937031269073,0.5370765328407288,-0.021246979013085365,0.13972529768943787,0.5182563066482544,-0.03410753235220909,0.15857920050621033,0.5191009044647217,-0.03856974467635155,0.1752672791481018,0.5210853815078735,-0.040134429931640625,p
0.11432509124279022,0.6485292911529541,3.664974883577088e-07,0.14808231592178345,0.6272013783454895,-0.00648100022226572,0.18202731013298035,0.5858563780784607,-0.008355079218745232,0.21379895508289337,0.5731198191642761,-0.011950693093240261,0.24145877361297607,0.5766467452049255,-0.015688598155975342,0.16725477576255798,0.53448486328125,0.0030825240537524223,0.19358935952186584,0.4929988384246826,-0.005089582409709692,0.2130376398563385,0.4703427255153656,-0.012628168798983097,0.23023968935012817,0.4519331157207489,-0.01797504350543022,0.15213638544082642,0.5263785123825073,-0.0029619212727993727,0.16586491465568542,0.46727845072746277,-0.012313772924244404,0.17311760783195496,0.42766112089157104,-0.022455524653196335,0.18033485114574432,0.39486581087112427,-0.029056426137685776,0.13399384915828705,0.5270884037017822,-0.011276932433247566,0.1607237011194229,0.4981367588043213,-0.026736624538898468,0.18493203818798065,0.48837703466415405,-0.03793008625507355,0.20436841249465942,0.47923141717910767,-0.04309849441051483,0.11328011006116867,0.5332562923431396,-0.020177440717816353,0.132504403591156,0.5088495016098022,-0.033764004707336426,0.1485779881477356,0.5118028521537781,-0.03782474622130394,0.16175919771194458,0.517204999923706,-0.03906484693288803,p
0.10727684944868088,0.6465550661087036,3.1754171914144536e-07,0.1434517800807953,0.6233591437339783,-0.0035568717867136,0.177519753575325,0.578547477722168,-0.003467052709311247,0.20953050255775452,0.5639997124671936,-0.00587758282199502,0.23831555247306824,0.5689929723739624,-0.008042844012379646,0.16247788071632385,0.5284022092819214,0.007061951793730259,0.1849450021982193,0.4826458692550659,0.000450755498604849,0.19877958297729492,0.45577284693717957,-0.005005561746656895,0.21234934031963348,0.43303024768829346,-0.009624738246202469,0.14761054515838623,0.5218715071678162,-0.000731529900804162,0.16619791090488434,0.47388023138046265,-0.011448380537331104,0.1754751205444336,0.44027093052864075,-0.021593943238258362,0.18566784262657166,0.41170692443847656,-0.028075143694877625,0.12993448972702026,0.520119309425354,-0.010829128324985504,0.15863923728466034,0.49661022424697876,-0.027367806062102318,0.18072104454040527,0.4841432571411133,-0.03967289999127388,0.19991697371006012,0.4718586206436157,-0.04580152407288551,0.11086921393871307,0.522396981716156,-0.021309861913323402,0.14011229574680328,0.5057640671730042,-0.03537115082144737,0.16173860430717468,0.5072728991508484,-0.04154610261321068,0.17985494434833527,0.5093795657157898,-0.0447494313120842,p
0.111268050968647,0.6355594992637634,3.565640156466543e-07,0.1460450291633606,0.6119165420532227,-0.004439004231244326,0.17837662994861603,0.5730236172676086,-0.006230893079191446,0.20850011706352234,0.5594214200973511,-0.010335026308894157,0.23649081587791443,0.5606654286384583,-0.01429126225411892,0.1622462421655655,0.5190877318382263,0.006433709524571896,0.18674109876155853,0.47801080346107483,-0.0011632221285253763,0.20363613963127136,0.45456013083457947,-0.008078651502728462,0.21831975877285004,0.4355350136756897,-0.013015047647058964,0.14747296273708344,0.5112770199775696,-0.0006139790639281273,0.16324090957641602,0.45669588446617126,-0.010132231749594212,0.17071014642715454,0.41661733388900757,-0.019718913361430168,0.17756438255310059,0.3839333653450012,-0.02582777664065361,0.1298690140247345,0.5114343762397766,-0.009976447559893131,0.15853364765644073,0.4864058196544647,-0.024816084653139114,0.18391118943691254,0.4759784936904907,-0.03505725413560867,0.2045278549194336,0.46701952815055847,-0.039841875433921814,0.11011441051959991,0.5166015625,-0.01984906569123268,0.13384217023849487,0.49880996346473694,-0.03308683633804321,0.15227310359477997,0.49909383058547974,-0.0375521220266819,0.1679764837026596,0.4992401897907257,-0.03924280032515526,p
0.11082898080348969,0.626356303691864,3.668781403121102e-07,0.14460760354995728,0.6060538291931152,-0.006169672589749098,0.17814397811889648,0.5651825070381165,-0.008125707507133484,0.2089153230190277,0.5497499108314514,-0.012154008261859417,0.23700666427612305,0.5530056357383728,-0.015985269099473953,0.1636413186788559,0.5119307637214661,0.004667521454393864,0.18856102228164673,0.4716746509075165,-0.0031268673483282328,0.206495001912117,0.44892174005508423,-0.009373737499117851,0.22200310230255127,0.4305431842803955,-0.013530701398849487,0.1480446457862854,0.5027510523796082,-0.0012198430486023426,0.1624845564365387,0.4460984468460083,-0.011277731508016586,0.16939948499202728,0.4068523645401001,-0.01996028982102871,0.1756225824356079,0.37541723251342773,-0.024673186242580414,0.1300313025712967,0.5026952624320984,-0.009560836479067802,0.15640653669834137,0.47825103998184204,-0.02578396163880825,0.1801878958940506,0.47199004888534546,-0.035615190863609314,0.19973698258399963,0.46684587001800537,-0.038963381201028824,0.1103280782699585,0.5072875022888184,-0.01851676218211651,0.1330650895833969,0.48941701650619507,-0.03260371461510658,0.15185630321502686,0.4892237186431885,-0.037407588213682175,0.16858722269535065,0.48936980962753296,-0.038720544427633286,p
0.10930544137954712,0.6198843717575073,3.491274753741891e-07,0.14485110342502594,0.5978683829307556,-0.005127811338752508,0.17793571949005127,0.5583832263946533,-0.007594871800392866,0.2087630182504654,0.542669415473938,-0.01254801545292139,0.23791271448135376,0.5443806052207947,-0.01749926246702671,0.1623401790857315,0.5049558281898499,0.004213337786495686,0.18720990419387817,0.4635952115058899,-0.004782908596098423,0.20556291937828064,0.4406668245792389,-0.011853821575641632,0.2212865948677063,0.4212258458137512,-0.0166133102029562,0.1469404250383377,0.4965497851371765,-0.00288677541539073,0.1628982573747635,0.4409610629081726,-0.014114098623394966,0.17057465016841888,0.40227359533309937,-0.02365780808031559,0.17694026231765747,0.37094250321388245,-0.029129186645150185,0.128879114985466,0.4971526563167572,-0.012316658161580563,0.15468727052211761,0.4737240672111511,-0.029163511469960213,0.17688344419002533,0.47001326084136963,-0.03859102353453636,0.19492504000663757,0.46661391854286194,-0.04162992909550667,0.10929489135742188,0.5026627779006958,-0.022303946316242218,0.1291232705116272,0.4812908172607422,-0.036008138209581375,0.14629393815994263,0.4814057946205139,-0.03991440311074257,0.1616046279668808,0.4830472469329834,-0.04068741202354431,p
0.11013204604387283,0.6051029562950134,3.5425387068244163e-07,0.14450079202651978,0.585777759552002,-0.004921691957861185,0.17831531167030334,0.5443147420883179,-0.006413732189685106,0.21015390753746033,0.5288069248199463,-0.010125348344445229,0.23904423415660858,0.5315237641334534,-0.013959088362753391,0.16253399848937988,0.4916655123233795,0.005353338085114956,0.1879449188709259,0.45038482546806335,-0.0012469375506043434,0.20635132491588593,0.428100049495697,-0.007371849846094847,0.222438246011734,0.40927669405937195,-0.011989476159214973,0.14824284613132477,0.48312053084373474,-0.0016413151752203703,0.16261646151542664,0.42558637261390686,-0.010038998909294605,0.1696496307849884,0.3873213529586792,-0.019229624420404434,0.176197350025177,0.3552250564098358,-0.025335343554615974,0.13081501424312592,0.48252803087234497,-0.010863425210118294,0.15822605788707733,0.4564987123012543,-0.026040084660053253,0.1827128827571869,0.44780686497688293,-0.037250980734825134,0.20205619931221008,0.4391186237335205,-0.04266763851046562,0.11134625971317291,0.4858200252056122,-0.020490450784564018,0.13413606584072113,0.4633907079696655,-0.03391794115304947,0.14907634258270264,0.47040632367134094,-0.03782106935977936,0.16015787422657013,0.47849375009536743,-0.039183132350444794,p
0.11094006896018982,0.6025159358978271,3.20183886515224e-07,0.14516790211200714,0.581551730632782,-0.0052639152854681015,0.1781439632177353,0.5390059351921082,-0.006728881970047951,0.2081795036792755,0.5220174789428711,-0.010309059172868729,0.23698163032531738,0.5232843160629272,-0.013577048666775227,0.16318176686763763,0.48467862606048584,0.005160880275070667,0.18711259961128235,0.44398871064186096,-0.003239600220695138,0.20452994108200073,0.42025160789489746,-0.01017704326659441,0.22018751502037048,0.40070557594299316,-0.015083407051861286,0.14780230820178986,0.47696805000305176,-0.0012143466155976057,0.16452689468860626,0.427263468503952,-0.011741154827177525,0.1725223809480667,0.392850399017334,-0.020792178809642792,0.18046148121356964,0.3647690415382385,-0.02610529400408268,0.13035476207733154,0.4764481484889984,-0.009998537600040436,0.15569406747817993,0.45401692390441895,-0.02561458759009838,0.17657917737960815,0.4447709321975708,-0.0349196158349514,0.19439776241779327,0.43645307421684265,-0.038562897592782974,0.11183442175388336,0.4807427227497101,-0.01946529746055603,0.1344049870967865,0.4622552692890167,-0.03268040716648102,0.15183360874652863,0.46091213822364807,-0.037002384662628174,0.16704508662223816,0.46084731817245483,-0.03832389414310455,p
0.11495422571897507,0.5951448678970337,3.6250415291760874e-07,0.1474134922027588,0.5745633840560913,-0.006334211211651564,0.1793249249458313,0.5332337021827698,-0.008256470784544945,0.2095082700252533,0.516910195350647,-0.011770166456699371,0.23725922405719757,0.5179179906845093,-0.014695503748953342,0.16546869277954102,0.47698259353637695,0.004056283738464117,0.19087383151054382,0.43901607394218445,-0.0039851549081504345,0.20969849824905396,0.41693779826164246,-0.01058307383209467,0.2255575954914093,0.3992602527141571,-0.01489524357020855,0.14887164533138275,0.46789631247520447,-0.0013416841393336654,0.1632573902606964,0.41386881470680237,-0.010925373062491417,0.16959911584854126,0.3754456043243408,-0.018849581480026245,0.17466521263122559,0.344471275806427,-0.02316162921488285,0.13081304728984833,0.46816596388816833,-0.009229007177054882,0.1581215262413025,0.44668564200401306,-0.024428632110357285,0.181802898645401,0.44142383337020874,-0.03277856484055519,0.20050379633903503,0.4360158145427704,-0.03540901094675064,0.11225716769695282,0.47453007102012634,-0.01785319671034813,0.13742494583129883,0.45955345034599304,-0.031132744625210762,0.15635494887828827,0.4575594663619995,-0.03534875065088272,0.17227113246917725,0.45381006598472595,-0.036390520632267,p
0.11594505608081818,0.5884987115859985,3.3926687592611415e-07,0.14970548450946808,0.5675711631774902,-0.004175106529146433,0.18102747201919556,0.5277132987976074,-0.005871850065886974,0.210457444190979,0.5112636089324951,-0.010085954330861568,0.23797725141048431,0.5115914344787598,-0.014170614071190357,0.16693837940692902,0.4719219207763672,0.006168970838189125,0.19185425341129303,0.4337076246738434,-0.0018113012192770839,0.21058803796768188,0.412456750869751,-0.008805012330412865,0.22599762678146362,0.3941425085067749,-0.013577742502093315,0.15124396979808807,0.462661474943161,-0.0006735472125001252,0.16524013876914978,0.40763527154922485,-0.010738656856119633,0.17190174758434296,0.3710135221481323,-0.019834406673908234,0.17673569917678833,0.34137964248657227,-0.025021491572260857,0.13373500108718872,0.46273061633110046,-0.009716825559735298,0.1596892923116684,0.4396142363548279,-0.025303363800048828,0.18092991411685944,0.4353986382484436,-0.03438121825456619,0.19693578779697418,0.4313200116157532,-0.03750200942158699,0.11501747369766235,0.4687473177909851,-0.019276028499007225,0.13746824860572815,0.4539630115032196,-0.03226958215236664,0.15486900508403778,0.4536919593811035,-0.036215294152498245,0.16919396817684174,0.45281508564949036,-0.037107352167367935,p
0.11371250450611115,0.5891033411026001,3.1225383168020926e-07,0.14882348477840424,0.5680150389671326,-0.0037094317376613617,0.18080809712409973,0.527992308139801,-0.004293590784072876,0.2113756239414215,0.5120900273323059,-0.0074983155354857445,0.23878392577171326,0.5121300220489502,-0.010365876369178295,0.16554351150989532,0.47099751234054565,0.007642841432243586,0.19141897559165955,0.43276453018188477,0.00020838440104853362,0.21020691096782684,0.41137686371803284,-0.006146722473204136,0.22588711977005005,0.39283958077430725,-0.010550099425017834,0.15004858374595642,0.46213865280151367,0.0004564204718917608,0.16527728736400604,0.409890741109848,-0.00935899093747139,0.17194300889968872,0.37357884645462036,-0.018094345927238464,0.1766669899225235,0.34457895159721375,-0.023035462945699692,0.13306866586208344,0.46179527044296265,-0.009101510979235172,0.16001321375370026,0.4418354034423828,-0.024501703679561615,0.18075710535049438,0.4395913779735565,-0.03355834260582924,0.19638749957084656,0.4363204538822174,-0.036655522882938385,0.1156167984008789,0.46738457679748535,-0.019281810149550438,0.13975834846496582,0.4536765217781067,-0.03204602003097534,0.1581888347864151,0.452808141708374,-0.036419447511434555,0.1731427162885666,0.4514916241168976,-0.03772950544953346,p
0.11840705573558807,0.5841048359870911,3.2641122515997267e-07,0.15143579244613647,0.5648046731948853,-0.005303472746163607,0.18322019279003143,0.5238306522369385,-0.007468614261597395,0.21267831325531006,0.5062789916992188,-0.01169189065694809,0.24017904698848724,0.5070582628250122,-0.015686029568314552,0.16748474538326263,0.46816638112068176,0.003256171243265271,0.19190499186515808,0.4295370876789093,-0.005040955729782581,0.2104979157447815,0.40787458419799805,-0.011837758123874664,0.22598326206207275,0.38989943265914917,-0.016426801681518555,0.151162788271904,0.459422767162323,-0.003042226657271385,0.1654747873544693,0.40589746832847595,-0.013424753211438656,0.17247802019119263,0.3690308928489685,-0.02215603180229664,0.17767705023288727,0.33881378173828125,-0.027091674506664276,0.13393665850162506,0.4597778022289276,-0.011465277522802353,0.1613004505634308,0.4375382661819458,-0.026884932070970535,0.1835913360118866,0.43147000670433044,-0.03543314337730408,0.20069897174835205,0.4252742528915405,-0.038405172526836395,0.11613629758358002,0.46605798602104187,-0.020488610491156578,0.13988587260246277,0.44985711574554443,-0.033319633454084396,0.15800359845161438,0.44922131299972534,-0.036844734102487564,0.17286142706871033,0.44829243421554565,-0.03750581294298172,p
0.12127337604761124,0.58111572265625,3.2720774356675975e-07,0.15449631214141846,0.5606504678726196,-0.005247399210929871,0.18668293952941895,0.5176033973693848,-0.006677847355604172,0.21705399453639984,0.5009664297103882,-0.010134714655578136,0.2446158230304718,0.5034032464027405,-0.013465166091918945,0.1689976006746292,0.46354731917381287,0.004157508257776499,0.1922118216753006,0.4246070683002472,-0.004055756609886885,0.2097889930009842,0.4031636714935303,-0.011248879134654999,0.22439239919185638,0.38472506403923035,-0.016336599364876747,0.1531006246805191,0.45534467697143555,-0.0021294537000358105,0.16829167306423187,0.40565645694732666,-0.013008477166295052,0.1741074025630951,0.36948248744010925,-0.023180484771728516,0.17791302502155304,0.3388313055038452,-0.029200080782175064,0.1359100043773651,0.4549802243709564,-0.010615895502269268,0.1632736325263977,0.435026615858078,-0.02670152299106121,0.1847512125968933,0.42540496587753296,-0.03776443749666214,0.20168964564800262,0.41471245884895325,-0.04252089932560921,0.11806079745292664,0.4607153534889221,-0.019635625183582306,0.14408619701862335,0.44675108790397644,-0.03331107273697853,0.16327926516532898,0.4466777443885803,-0.03851582109928131,0.1792677640914917,0.44618988037109375,-0.04040905833244324,p
0.12276788055896759,0.5780746340751648,3.3198082860508293e-07,0.15658089518547058,0.5584105253219604,-0.00426848279312253,0.18861904740333557,0.5148860216140747,-0.00477887038141489,0.2184274047613144,0.49810051918029785,-0.0074216388165950775,0.24532312154769897,0.5005735754966736,-0.009853297844529152,0.16963167488574982,0.46029460430145264,0.0047279465943574905,0.1923116147518158,0.42136573791503906,-0.0032420028001070023,0.20991182327270508,0.39954647421836853,-0.010177967138588428,0.22439807653427124,0.3812533915042877,-0.015020007267594337,0.15373796224594116,0.4518846869468689,-0.0018969298107549548,0.16951484978199005,0.4030298590660095,-0.012416508980095387,0.17612767219543457,0.3658129572868347,-0.02267821505665779,0.1809767633676529,0.33362507820129395,-0.028806496411561966,0.13706843554973602,0.4513675272464752,-0.010645104572176933,0.1658645123243332,0.4337473213672638,-0.026418276131153107,0.1882603019475937,0.4232243597507477,-0.03797925263643265,0.20621374249458313,0.4112144708633423,-0.04317409545183182,0.12090162932872772,0.4570648968219757,-0.019861353561282158,0.14995287358760834,0.44554150104522705,-0.033396415412425995,0.17203591763973236,0.44544774293899536,-0.03916152939200401,0.1906542181968689,0.44518595933914185,-0.041509855538606644,p
0.12302809953689575,0.5771164894104004,3.2973059660434956e-07,0.15678083896636963,0.5577612519264221,-0.004278827458620071,0.18912358582019806,0.5148876309394836,-0.004510405473411083,0.21942827105522156,0.49817466735839844,-0.006723130587488413,0.24625983834266663,0.4986584484577179,-0.0084791649132967,0.17097774147987366,0.45907846093177795,0.006269650533795357,0.1948174685239792,0.420777827501297,-1.7381657016812824e-05,0.212399423122406,0.3989391624927521,-0.005861265119165182,0.22731387615203857,0.38039734959602356,-0.01007315143942833,0.1549968272447586,0.4507145285606384,-0.00015010156494099647,0.1690354198217392,0.39938193559646606,-0.008149178698658943,0.174666166305542,0.36161723732948303,-0.01668158359825611,0.17926859855651855,0.32934141159057617,-0.021985767409205437,0.1383105218410492,0.45045849680900574,-0.008817749097943306,0.16805730760097504,0.42856013774871826,-0.022516122087836266,0.19087184965610504,0.4180976450443268,-0.03283240646123886,0.20838743448257446,0.4069051444530487,-0.037634462118148804,0.12231149524450302,0.45624858140945435,-0.018061084672808647,0.15164437890052795,0.44241535663604736,-0.030589355155825615,0.1735372394323349,0.4421332776546478,-0.035698361694812775,0.1909061074256897,0.4418337047100067,-0.03773387521505356,p
0.12470491230487823,0.5765520334243774,3.074259211643948e-07,0.15865588188171387,0.556058406829834,-0.0036630777176469564,0.18997672200202942,0.5149326324462891,-0.0032798673491925,0.2188882827758789,0.49828869104385376,-0.00498207425698638,0.24517922103405,0.49871182441711426,-0.006213619839400053,0.17207741737365723,0.45941439270973206,0.00703550735488534,0.19692063331604004,0.42139503359794617,0.0007936320616863668,0.21498651802539825,0.40009310841560364,-0.005104470066726208,0.23000161349773407,0.38139721751213074,-0.009372690692543983,0.15640190243721008,0.4508155584335327,-1.5428242932102876e-06,0.16999129951000214,0.39749157428741455,-0.008472008630633354,0.17578457295894623,0.3586556911468506,-0.01744973473250866,0.18007142841815948,0.3260837197303772,-0.02305806241929531,0.14017759263515472,0.45056816935539246,-0.009345784783363342,0.1704077273607254,0.4283684492111206,-0.023891111835837364,0.19542689621448517,0.41783061623573303,-0.034960102289915085,0.21490278840065002,0.4059414267539978,-0.04010281711816788,0.1252562403678894,0.45654943585395813,-0.019141752272844315,0.15499967336654663,0.43881264328956604,-0.03214079141616821,0.17868179082870483,0.4366537928581238,-0.037511005997657776,0.1975141018629074,0.4351942241191864,-0.03980497643351555,p
0.12594351172447205,0.5760384202003479,3.0600776312894595e-07,0.15983173251152039,0.5558962225914001,-0.003675243351608515,0.19159440696239471,0.5138841867446899,-0.002696934388950467,0.22122815251350403,0.49741947650909424,-0.003939538728445768,0.24803145229816437,0.4982863962650299,-0.004684893414378166,0.17403188347816467,0.45863020420074463,0.008393287658691406,0.19869498908519745,0.4209177792072296,0.002698188880458474,0.21619786322116852,0.3998822867870331,-0.0027698541525751352,0.23106205463409424,0.3813716769218445,-0.006724949460476637,0.1583993285894394,0.45020774006843567,0.001191752846352756,0.17146801948547363,0.39658018946647644,-0.007061338052153587,0.17701683938503265,0.3580050766468048,-0.016147693619132042,0.1815117746591568,0.326030969619751,-0.02174524962902069,0.14191946387290955,0.44959956407546997,-0.008484221994876862,0.17219756543636322,0.4281654953956604,-0.02376439794898033,0.19757789373397827,0.418680876493454,-0.035940058529376984,0.21766869723796844,0.40743499994277954,-0.041507694870233536,0.12682349979877472,0.4548255205154419,-0.018545759841799736,0.15887029469013214,0.43664202094078064,-0.031993456184864044,0.1838572919368744,0.43496131896972656,-0.03791125491261482,0.20358052849769592,0.43382588028907776,-0.04052270948886871,p
0.12775102257728577,0.5752604603767395,2.9557341463259945e-07,0.16129262745380402,0.555847704410553,-0.004484314471483231,0.19275198876857758,0.5142369270324707,-0.004514969885349274,0.22237013280391693,0.4971444606781006,-0.006580426823347807,0.24917034804821014,0.4979187250137329,-0.008274484425783157,0.1761503368616104,0.45758944749832153,0.007050944026559591,0.2000400573015213,0.4208149313926697,0.0006083054468035698,0.2176455557346344,0.39995235204696655,-0.005598877090960741,0.23243743181228638,0.3814851641654968,-0.010197481140494347,0.16093121469020844,0.449235737323761,0.0004280625144019723,0.17426854372024536,0.3978380560874939,-0.007952312007546425,0.17966800928115845,0.3613972067832947,-0.01703559421002865,0.1836656779050827,0.33033931255340576,-0.022780586034059525,0.1443728506565094,0.44871068000793457,-0.008566601201891899,0.1723412126302719,0.42732319235801697,-0.023201201111078262,0.19587203860282898,0.4182456135749817,-0.034175921231508255,0.21389128267765045,0.40770238637924194,-0.03925745189189911,0.1276395320892334,0.4544035792350769,-0.018092473968863487,0.15446226298809052,0.4383324086666107,-0.030864514410495758,0.17546403408050537,0.43824082612991333,-0.0358356274664402,0.19154898822307587,0.4386458992958069,-0.037878818809986115,p
0.12789656221866608,0.575076162815094,2.732007828853966e-07,0.1635972261428833,0.5558446645736694,-0.0010875619482249022,0.19532525539398193,0.5145296454429626,0.0010270937345921993,0.22510206699371338,0.49878501892089844,0.00047871959395706654,0.2519592046737671,0.49967288970947266,0.00041901180520653725,0.1781015247106552,0.4600963890552521,0.011284556239843369,0.20218263566493988,0.42251500487327576,0.008120527490973473,0.2179829180240631,0.40135690569877625,0.004564454313367605,0.23167027533054352,0.3828745484352112,0.001477883430197835,0.16352790594100952,0.45151287317276,0.00300026242621243,0.1769333928823471,0.39682233333587646,-0.0022835866548120975,0.1820005476474762,0.35865041613578796,-0.009433319792151451,0.18665872514247894,0.3268294930458069,-0.01431233063340187,0.1476261168718338,0.4502987265586853,-0.007595709525048733,0.17905256152153015,0.4254536032676697,-0.020471904426813126,0.20436395704746246,0.4154908359050751,-0.0319659560918808,0.22377055883407593,0.4045543968677521,-0.037971802055835724,0.13293379545211792,0.45474207401275635,-0.018398528918623924,0.1662161946296692,0.4384360909461975,-0.030676402151584625,0.191088005900383,0.4403286576271057,-0.03643020614981651,0.20922128856182098,0.4429861307144165,-0.03942662477493286,p
0.1304730921983719,0.5767613649368286,2.999014157012425e-07,0.16429254412651062,0.5577403903007507,-0.004744671285152435,0.19650773704051971,0.5156307816505432,-0.004506333265453577,0.2267383486032486,0.4983525574207306,-0.0064144921489059925,0.25373977422714233,0.4998694062232971,-0.008030753582715988,0.1809355467557907,0.4620746374130249,0.007595521863549948,0.20608611404895782,0.42493876814842224,0.0014971523778513074,0.22458110749721527,0.4033685326576233,-0.003995630890130997,0.23984003067016602,0.3855304718017578,-0.007876944728195667,0.1653287708759308,0.453302264213562,0.001344796153716743,0.1776295155286789,0.39756059646606445,-0.006879467982798815,0.18422053754329681,0.36081743240356445,-0.014851684682071209,0.1897067427635193,0.33095747232437134,-0.019450021907687187,0.14844423532485962,0.45291951298713684,-0.0074033234268426895,0.1746710240840912,0.42935237288475037,-0.02234364114701748,0.19851382076740265,0.42306074500083923,-0.03256608545780182,0.2168417125940323,0.4164016842842102,-0.03664723038673401,0.13099034130573273,0.4579225778579712,-0.016685042530298233,0.15495149791240692,0.43963801860809326,-0.029858922585844994,0.17460820078849792,0.4400791823863983,-0.03467947617173195,0.19005589187145233,0.440989226102829,-0.03637987747788429,p
0.13168129324913025,0.5770203471183777,2.904240830048366e-07,0.16523031890392303,0.5578681826591492,-0.0044099874794483185,0.19780294597148895,0.5153550505638123,-0.0034535604063421488,0.22807222604751587,0.498710572719574,-0.0044627720490098,0.25501734018325806,0.5006335377693176,-0.005048155318945646,0.18125581741333008,0.4616212844848633,0.007361079566180706,0.20688556134700775,0.42411455512046814,0.0016773211536929011,0.22519493103027344,0.40290021896362305,-0.003361789509654045,0.24054372310638428,0.38518133759498596,-0.006958442740142345,0.16574636101722717,0.45324280858039856,0.0009845723398029804,0.17782056331634521,0.3974958062171936,-0.00716119771823287,0.1840573400259018,0.36084336042404175,-0.015170738101005554,0.1893746554851532,0.33155468106269836,-0.01985623687505722,0.14915554225444794,0.4529881477355957,-0.007857553660869598,0.17649255692958832,0.43034785985946655,-0.023091519251465797,0.20128262042999268,0.42352551221847534,-0.03410011902451515,0.22084057331085205,0.41552603244781494,-0.03875569999217987,0.1329243779182434,0.45825356245040894,-0.017119742929935455,0.1601877510547638,0.4393259286880493,-0.030918477103114128,0.18243099749088287,0.438170850276947,-0.03661229833960533,0.20015382766723633,0.4370092749595642,-0.03898068889975548,p
0.13210104405879974,0.5789504051208496,2.8957543918295414e-07,0.16686825454235077,0.5598156452178955,-0.003532842267304659,0.19863945245742798,0.5184397101402283,-0.0028055051807314157,0.2286631464958191,0.5024038553237915,-0.004424882587045431,0.2557603120803833,0.5042377710342407,-0.005812725517898798,0.1817837953567505,0.4632735848426819,0.007591018453240395,0.20730699598789215,0.4261980652809143,0.0015157901216298342,0.22511625289916992,0.40517282485961914,-0.004123626742511988,0.23997725546360016,0.3867815434932709,-0.008396844379603863,0.16620345413684845,0.4545519948005676,0.00033827475272119045,0.1802038997411728,0.4013529121875763,-0.008563092909753323,0.1862691342830658,0.3637828230857849,-0.01781126856803894,0.19082649052143097,0.33251506090164185,-0.02358245477080345,0.14979654550552368,0.4540540277957916,-0.00923039112240076,0.17889359593391418,0.4321669340133667,-0.024657124653458595,0.20401382446289062,0.4230862557888031,-0.03642379865050316,0.22382888197898865,0.412554532289505,-0.04194936901330948,0.1339278221130371,0.4595067501068115,-0.0191668588668108,0.163033589720726,0.44240909814834595,-0.03297721967101097,0.18601426482200623,0.4406702518463135,-0.03902610018849373,0.20456749200820923,0.43879434466362,-0.04187391325831413,p
0.13304510712623596,0.5814585089683533,3.0746790002922353e-07,0.16637098789215088,0.5623355507850647,-0.004248245619237423,0.19911465048789978,0.519098699092865,-0.004033842124044895,0.23019327223300934,0.5021202564239502,-0.006047429982572794,0.25788572430610657,0.504207968711853,-0.007771582808345556,0.18251754343509674,0.4653227627277374,0.007136587053537369,0.2082618772983551,0.42792919278144836,0.0007520901272073388,0.2268623411655426,0.4062442183494568,-0.005028373096138239,0.24243244528770447,0.38786882162094116,-0.009217342361807823,0.16678188741207123,0.45643848180770874,0.0002881671243812889,0.17956076562404633,0.40234649181365967,-0.008768590167164803,0.18569831550121307,0.3647037148475647,-0.01785878837108612,0.19058704376220703,0.33364278078079224,-0.023256532847881317,0.1502000391483307,0.45588481426239014,-0.008922668173909187,0.177948996424675,0.4342806935310364,-0.02438298612833023,0.20221196115016937,0.4255313277244568,-0.035720307379961014,0.22134637832641602,0.4153667390346527,-0.04067984223365784,0.13401708006858826,0.46119314432144165,-0.018592383712530136,0.16185402870178223,0.44402697682380676,-0.031994447112083435,0.1841093897819519,0.4423820674419403,-0.03751586377620697,0.2021804302930832,0.4405902624130249,-0.03983401879668236,p
0.13347046077251434,0.5806928277015686,3.213842774130171e-07,0.16624099016189575,0.5633201003074646,-0.0052519021555781364,0.19952762126922607,0.5206889510154724,-0.005529417190700769,0.23051433265209198,0.5035365223884583,-0.00764182023704052,0.25799110531806946,0.5065632462501526,-0.009448549710214138,0.18426156044006348,0.4656026363372803,0.005600815638899803,0.21056772768497467,0.42926013469696045,-0.0007768633658997715,0.2294478863477707,0.4080788195133209,-0.006370454095304012,0.24452021718025208,0.39010632038116455,-0.010277672670781612,0.16781359910964966,0.4555286467075348,-0.0004628234601113945,0.18100784718990326,0.4000457227230072,-0.009029497392475605,0.18730556964874268,0.363153874874115,-0.017173420637845993,0.19174301624298096,0.3327212929725647,-0.02166973240673542,0.15048204362392426,0.4548863172531128,-0.008829106576740742,0.17738153040409088,0.4346155524253845,-0.02368329092860222,0.20137077569961548,0.4264991581439972,-0.03403690084815025,0.2198706567287445,0.4166230261325836,-0.03820854052901268,0.1335953176021576,0.4605069160461426,-0.01774938590824604,0.15987488627433777,0.4453684985637665,-0.03037252649664879,0.18017131090164185,0.4455118179321289,-0.03479987010359764,0.1961120367050171,0.44478705525398254,-0.03623780980706215,p
0.133798748254776,0.5808407664299011,3.00916866535772e-07,0.16778959333896637,0.5632432103157043,-0.004325858782976866,0.2001337856054306,0.5212900042533875,-0.003734197001904249,0.23111701011657715,0.505337655544281,-0.005195419304072857,0.2582961618900299,0.5076335072517395,-0.00634109228849411,0.18360690772533417,0.465631902217865,0.006834535393863916,0.2095567286014557,0.4287337362766266,0.0011567439651116729,0.2281135469675064,0.40768784284591675,-0.003918792121112347,0.24303987622261047,0.3898446559906006,-0.007621289696544409,0.16794592142105103,0.45624667406082153,0.0001996146747842431,0.18135765194892883,0.40014177560806274,-0.007485658396035433,0.18774892389774323,0.3635074496269226,-0.015203014016151428,0.1922895461320877,0.3332897126674652,-0.019805047661066055,0.15123756229877472,0.45546719431877136,-0.008827213197946548,0.17963725328445435,0.4337407350540161,-0.023325081914663315,0.2042439579963684,0.42562583088874817,-0.03415502980351448,0.2228986918926239,0.41518694162368774,-0.03906693682074547,0.1349324882030487,0.4609616696834564,-0.01833954267203808,0.16303782165050507,0.4457976520061493,-0.03129029646515846,0.18527337908744812,0.44630977511405945,-0.03660036250948906,0.20232197642326355,0.4456753730773926,-0.038959942758083344,p
0.13299156725406647,0.5840355157852173,2.945123469544342e-07,0.1675342470407486,0.5651963949203491,-0.003863709280267358,0.20089605450630188,0.5220671892166138,-0.0026826246175915003,0.23237620294094086,0.5065065622329712,-0.003539332654327154,0.25976791977882385,0.5102152228355408,-0.003963629715144634,0.18308764696121216,0.46598613262176514,0.007315903902053833,0.20764285326004028,0.42817211151123047,0.00207196525298059,0.22484079003334045,0.40648767352104187,-0.0026733949780464172,0.23915347456932068,0.3884603679180145,-0.0062836105935275555,0.1670297384262085,0.45725196599960327,0.00045376786147244275,0.18130721151828766,0.403653621673584,-0.00732860341668129,0.1871808022260666,0.3660414218902588,-0.015515822917222977,0.19163727760314941,0.3345399498939514,-0.020473595708608627,0.15035653114318848,0.4562873840332031,-0.008754582144320011,0.18136534094810486,0.43583542108535767,-0.023301124572753906,0.2071484625339508,0.4264598488807678,-0.035016708076000214,0.22740362584590912,0.4148508310317993,-0.04060211777687073,0.1346050649881363,0.46167415380477905,-0.01840418390929699,0.1670774519443512,0.44809192419052124,-0.0315321683883667,0.1919427216053009,0.4477131962776184,-0.037685293704271317,0.2115335911512375,0.4466278851032257,-0.04066591337323189,p
0.13434964418411255,0.5834717154502869,3.1102857178666454e-07,0.16800180077552795,0.5651378631591797,-0.0049624755047261715,0.2010229080915451,0.523052990436554,-0.004667686764150858,0.23235273361206055,0.5066171884536743,-0.006416975986212492,0.2594759464263916,0.5096198320388794,-0.007998486049473286,0.18421559035778046,0.4684596061706543,0.006574269384145737,0.20999263226985931,0.4314098060131073,0.00023160752607509494,0.22886452078819275,0.41033825278282166,-0.005416912026703358,0.244039386510849,0.39231282472610474,-0.009455002844333649,0.16835030913352966,0.4589881896972656,0.0001358165463898331,0.1812310367822647,0.4027392864227295,-0.008805390447378159,0.18768024444580078,0.36625435948371887,-0.01752452738583088,0.19224242866039276,0.3363730013370514,-0.022527433931827545,0.15117307007312775,0.4582740068435669,-0.008716443553566933,0.17816928029060364,0.4377727806568146,-0.024610258638858795,0.2029232382774353,0.430025190114975,-0.036208316683769226,0.22209285199642181,0.4201446771621704,-0.041123367846012115,0.13387802243232727,0.46348807215690613,-0.018027806654572487,0.16012394428253174,0.44698941707611084,-0.031831417232751846,0.18144935369491577,0.44734829664230347,-0.03735709935426712,0.19851313531398773,0.4469504654407501,-0.03958246111869812,p
0.13345922529697418,0.5856719613075256,3.169079434428568e-07,0.16704870760440826,0.567957878112793,-0.0057697840966284275,0.20038019120693207,0.5260942578315735,-0.006458445452153683,0.23191280663013458,0.50984126329422,-0.008962924592196941,0.259272962808609,0.512629508972168,-0.01107535045593977,0.1834237277507782,0.4688248634338379,0.004353628493845463,0.20937329530715942,0.43231040239334106,-0.00308532128110528,0.22845551371574402,0.411228746175766,-0.009508916176855564,0.2439122200012207,0.39369362592697144,-0.013881091959774494,0.16733962297439575,0.45884788036346436,-0.001591038890182972,0.1823132485151291,0.4060512185096741,-0.010610786266624928,0.18850430846214294,0.36820945143699646,-0.019065897911787033,0.1925293654203415,0.33661261200904846,-0.023949740454554558,0.150321826338768,0.4576236307621002,-0.009931527078151703,0.17948973178863525,0.43877875804901123,-0.024483205750584602,0.20296385884284973,0.43070459365844727,-0.03471703454852104,0.22084775567054749,0.4209459125995636,-0.039097316563129425,0.13322418928146362,0.4635876417160034,-0.019011275842785835,0.16078989207744598,0.4517706632614136,-0.0313287191092968,0.18155142664909363,0.4523800015449524,-0.036040496081113815,0.1977415531873703,0.45243558287620544,-0.03779970854520798,p
0.13364923000335693,0.5873459577560425,3.244094841647893e-07,0.16721227765083313,0.5700947046279907,-0.005392732098698616,0.19994215667247772,0.5283192992210388,-0.006126805208623409,0.2317284494638443,0.5124403834342957,-0.008841320872306824,0.25941982865333557,0.5148987770080566,-0.01126038283109665,0.18327681720256805,0.4712606966495514,0.004859807901084423,0.20933811366558075,0.434464693069458,-0.0022185149136930704,0.22890396416187286,0.41356441378593445,-0.008456558920443058,0.24461998045444489,0.39588087797164917,-0.01277958694845438,0.16779589653015137,0.46087613701820374,-0.0012658453779295087,0.1820857673883438,0.4057425856590271,-0.009698385372757912,0.18803554773330688,0.36801877617836,-0.017736375331878662,0.1918221414089203,0.3364025950431824,-0.022411778569221497,0.15121302008628845,0.4597959518432617,-0.00977583508938551,0.18035444617271423,0.4390416741371155,-0.023915966972708702,0.20309019088745117,0.43080392479896545,-0.034013062715530396,0.21997225284576416,0.42059704661369324,-0.038445014506578445,0.13444165885448456,0.4659026861190796,-0.018992768600583076,0.1625356823205948,0.4541739523410797,-0.03111901320517063,0.1838255673646927,0.4550219178199768,-0.03583652526140213,0.2001480609178543,0.4546215832233429,-0.037727050483226776,p
0.13343070447444916,0.5887439250946045,3.0831284902888e-07,0.1667667031288147,0.5715609192848206,-0.005398570094257593,0.19982275366783142,0.5297472476959229,-0.006019874941557646,0.23137815296649933,0.5129287838935852,-0.008597763255238533,0.25926315784454346,0.5152879953384399,-0.010919145308434963,0.18388737738132477,0.4722948670387268,0.005165805574506521,0.2093486338853836,0.43501824140548706,-0.001635551918298006,0.22820128500461578,0.41402557492256165,-0.007663779892027378,0.24323990941047668,0.39597511291503906,-0.011955441907048225,0.16847451031208038,0.46250373125076294,-0.0012268864084035158,0.1827414631843567,0.40766072273254395,-0.00987464189529419,0.18913888931274414,0.3702477812767029,-0.018380410969257355,0.19344548881053925,0.33885669708251953,-0.023466849699616432,0.15181255340576172,0.4616250693798065,-0.009999298490583897,0.18042121827602386,0.44125357270240784,-0.024833781644701958,0.20515182614326477,0.4324914216995239,-0.035702481865882874,0.22426968812942505,0.4222180247306824,-0.04055819660425186,0.13510477542877197,0.4672802984714508,-0.01939086988568306,0.16247935593128204,0.4516177773475647,-0.03205009177327156,0.18375973403453827,0.4523146152496338,-0.036817751824855804,0.20036673545837402,0.4530459940433502,-0.03871273621916771,p
0.13377214968204498,0.5898991227149963,3.1204396577777516e-07,0.1676964908838272,0.5715125203132629,-0.003960828762501478,0.2008279412984848,0.5290918946266174,-0.0036023615393787622,0.2327861487865448,0.5131230354309082,-0.0056290291249752045,0.2605665922164917,0.5158912539482117,-0.007393502164632082,0.18440145254135132,0.47349098324775696,0.007485121488571167,0.2098274677991867,0.43659690022468567,0.0016201762482523918,0.22782288491725922,0.41540729999542236,-0.003790654242038727,0.2426210343837738,0.3972955346107483,-0.007824485190212727,0.16858896613121033,0.4640277624130249,0.0003015599795617163,0.18237340450286865,0.4084823727607727,-0.008125030435621738,0.18889760971069336,0.37106674909591675,-0.016750387847423553,0.19388964772224426,0.34000328183174133,-0.021960163488984108,0.15190927684307098,0.4629409909248352,-0.009255478158593178,0.18139058351516724,0.4420481324195862,-0.024494649842381477,0.20696376264095306,0.43288809061050415,-0.03625917807221413,0.2269611358642578,0.42201605439186096,-0.0416913740336895,0.1360333114862442,0.4680492579936981,-0.019248366355895996,0.16783571243286133,0.4529377818107605,-0.03252004459500313,0.19222067296504974,0.4536506235599518,-0.0381365530192852,0.21138252317905426,0.4538411498069763,-0.04066503793001175,p
0.13266824185848236,0.5911685228347778,3.0391026939469157e-07,0.16730371117591858,0.5733152627944946,-0.00279980874620378,0.20103061199188232,0.5304344296455383,-0.0017425180412828922,0.23288220167160034,0.5140289664268494,-0.0030803417321294546,0.2608363628387451,0.516258955001831,-0.003923130687326193,0.18532490730285645,0.4740463197231293,0.009049849584698677,0.2121220827102661,0.4379977285861969,0.004416194744408131,0.23052997887134552,0.4168853163719177,0.00023504853015765548,0.24566036462783813,0.39917197823524475,-0.0030222602654248476,0.1689538061618805,0.4642775058746338,0.0013377995928749442,0.1828135848045349,0.40696990489959717,-0.006095781922340393,0.1895069181919098,0.3698441684246063,-0.013200285844504833,0.19509249925613403,0.33981525897979736,-0.017321422696113586,0.15236669778823853,0.4636956453323364,-0.008786260150372982,0.18280932307243347,0.44122421741485596,-0.02348301373422146,0.20825035870075226,0.4347798526287079,-0.03370846062898636,0.22812746465206146,0.4262084662914276,-0.03808724507689476,0.13770581781864166,0.46898773312568665,-0.019300630316138268,0.1700703501701355,0.4515114724636078,-0.03278327360749245,0.19520992040634155,0.44893738627433777,-0.03841221705079079,0.21541109681129456,0.44464609026908875,-0.04102572798728943,p
0.13105939328670502,0.5931504368782043,2.8200693691360357e-07,0.16724176704883575,0.5733925700187683,-0.0026059153024107218,0.20096562802791595,0.530474066734314,-0.0020935703068971634,0.23325571417808533,0.513896107673645,-0.004256926476955414,0.26191246509552,0.5160359144210815,-0.006002730689942837,0.18402811884880066,0.47309309244155884,0.009202336892485619,0.20947842299938202,0.4358077943325043,0.004257394466549158,0.22648434340953827,0.4142332375049591,-0.0004981029778718948,0.24107341468334198,0.39538294076919556,-0.004466402344405651,0.16767354309558868,0.4644974172115326,0.0010867762612178922,0.18271124362945557,0.4115471839904785,-0.006994785740971565,0.18869900703430176,0.37392759323120117,-0.015327480621635914,0.19379542768001556,0.34231770038604736,-0.02064182236790657,0.15140268206596375,0.46416717767715454,-0.009378374554216862,0.18366822600364685,0.4419810175895691,-0.024074479937553406,0.21052193641662598,0.4337584972381592,-0.03486397862434387,0.23196785151958466,0.4243583381175995,-0.03999759629368782,0.13685283064842224,0.4694913327693939,-0.02025836706161499,0.17037449777126312,0.4520116150379181,-0.03354159742593765,0.195290207862854,0.4483061730861664,-0.03939761966466904,0.2157159000635147,0.44371262192726135,-0.042379576712846756,p
0.13366922736167908,0.5923048257827759,3.040233309548057e-07,0.16823869943618774,0.5734559297561646,-0.004258322529494762,0.20221379399299622,0.5296225547790527,-0.00430560577660799,0.23401756584644318,0.512589693069458,-0.0064941528253257275,0.26282793283462524,0.5155453085899353,-0.008331207558512688,0.18535904586315155,0.4740377962589264,0.006420882418751717,0.21086621284484863,0.4380660057067871,-0.00018006074242293835,0.22931821644306183,0.4171173572540283,-0.006150379311293364,0.24500785768032074,0.39903131127357483,-0.010596510022878647,0.16896188259124756,0.4642654061317444,-0.0006245829281397164,0.1833554059267044,0.41111862659454346,-0.009945869445800781,0.1898559033870697,0.37363386154174805,-0.01906381919980049,0.1953071504831314,0.34194356203079224,-0.024549374356865883,0.15209221839904785,0.46356964111328125,-0.009991519153118134,0.18185435235500336,0.44502708315849304,-0.0256976168602705,0.2083396166563034,0.43645817041397095,-0.03719257563352585,0.2296971082687378,0.42592111229896545,-0.042377766221761703,0.13638100028038025,0.4690050184726715,-0.01982470415532589,0.16677004098892212,0.4543803334236145,-0.033506039530038834,0.18999488651752472,0.45374011993408203,-0.039196278899908066,0.209162175655365,0.4520500600337982,-0.041707586497068405,p
0.13482049107551575,0.5918325185775757,3.036384725874086e-07,0.16853611171245575,0.5735888481140137,-0.003931238315999508,0.20249152183532715,0.5305659770965576,-0.0028686923906207085,0.2337457537651062,0.5145884156227112,-0.003708555130288005,0.2612721920013428,0.5180089473724365,-0.0040452382527291775,0.18601608276367188,0.47407010197639465,0.007169469725340605,0.2126370668411255,0.4388464391231537,0.0013558068312704563,0.23149964213371277,0.4184035658836365,-0.003830559318885207,0.24673226475715637,0.4011249542236328,-0.007524446584284306,0.16970838606357574,0.46418941020965576,0.00039413460763171315,0.18412013351917267,0.40871042013168335,-0.007928617298603058,0.191073939204216,0.3717691898345947,-0.016042688861489296,0.19631919264793396,0.34113240242004395,-0.020656032487750053,0.1528874635696411,0.4634629786014557,-0.008717549033463001,0.18256844580173492,0.44443127512931824,-0.023992696776986122,0.20790573954582214,0.4375196099281311,-0.03517753630876541,0.22754399478435516,0.4276416003704071,-0.03989655151963234,0.13751965761184692,0.46920672059059143,-0.01823567785322666,0.1680992841720581,0.45464563369750977,-0.03169040009379387,0.1913294792175293,0.4543877840042114,-0.0372721292078495,0.20942829549312592,0.45238909125328064,-0.03957940265536308,p
0.13416892290115356,0.5934188365936279,2.9902932396908e-07,0.16890886425971985,0.5748860836029053,-0.004131325986236334,0.20238739252090454,0.5315706133842468,-0.004225769080221653,0.2342308908700943,0.5153781771659851,-0.006487339735031128,0.2630070745944977,0.5190256237983704,-0.008348887786269188,0.18505547940731049,0.4735383093357086,0.0062070200219750404,0.20959722995758057,0.4365170896053314,-0.00023721437901258469,0.22667360305786133,0.41535621881484985,-0.006132679991424084,0.24103191494941711,0.39699679613113403,-0.010578187182545662,0.16928984224796295,0.46441030502319336,-0.0007506567053496838,0.18580323457717896,0.41424086689949036,-0.009597637690603733,0.1922486573457718,0.37619704008102417,-0.018672652542591095,0.19690029323101044,0.3435470461845398,-0.02434730902314186,0.15306617319583893,0.4631631076335907,-0.009944085031747818,0.18441817164421082,0.44492608308792114,-0.024484988301992416,0.2093062698841095,0.4349088966846466,-0.035734567791223526,0.22913870215415955,0.42335185408592224,-0.04110032692551613,0.1379474401473999,0.46824055910110474,-0.019701840355992317,0.17049096524715424,0.45631635189056396,-0.032170265913009644,0.1939413696527481,0.4552798569202423,-0.03765040636062622,0.21276825666427612,0.45371055603027344,-0.04018891975283623,p
0.13527610898017883,0.5910458564758301,3.3389858344889944e-07,0.16918008029460907,0.5742078423500061,-0.005938397720456123,0.2032204270362854,0.531938374042511,-0.006717538461089134,0.235299751162529,0.5162191390991211,-0.009243851527571678,0.2630750238895416,0.5191075801849365,-0.011498519219458103,0.18710465729236603,0.47743070125579834,0.004686187952756882,0.21403717994689941,0.44079869985580444,-0.0022653068881481886,0.23388151824474335,0.4206247627735138,-0.008430495858192444,0.24937039613723755,0.4028676152229309,-0.012696249410510063,0.17128142714500427,0.4670490324497223,-0.001211637631058693,0.18600133061408997,0.4103100597858429,-0.010038777254521847,0.1927400827407837,0.37328189611434937,-0.018796304240822792,0.19699116051197052,0.3418945372104645,-0.023820817470550537,0.1541638821363449,0.46627259254455566,-0.009431475773453712,0.18220311403274536,0.4462790787220001,-0.024287188425660133,0.20624327659606934,0.43883591890335083,-0.034747038036584854,0.2245495766401291,0.4285939335823059,-0.039021216332912445,0.13724327087402344,0.47157853841781616,-0.018256761133670807,0.16391754150390625,0.45661067962646484,-0.030330974608659744,0.18403522670269012,0.45801013708114624,-0.03414294868707657,0.19944551587104797,0.458079069852829,-0.035243723541498184,p
0.13514642417430878,0.5928709506988525,3.103384642599849e-07,0.1686461865901947,0.5759653449058533,-0.004860450513660908,0.20293059945106506,0.5332228541374207,-0.004673912655562162,0.23488086462020874,0.5170575380325317,-0.006411916576325893,0.2626662254333496,0.5212379693984985,-0.007767288945615292,0.18777745962142944,0.477705717086792,0.0056568109430372715,0.21485589444637299,0.4403686821460724,-0.0008227973012253642,0.23415915668010712,0.41963592171669006,-0.006105142179876566,0.2496800273656845,0.4021107852458954,-0.009731069207191467,0.1718444973230362,0.46775588393211365,-0.0007662970456294715,0.18698683381080627,0.41138195991516113,-0.009832499548792839,0.19388967752456665,0.37398770451545715,-0.018160050734877586,0.19855880737304688,0.34349650144577026,-0.02274937368929386,0.15493717789649963,0.4664929509162903,-0.009514293633401394,0.18390831351280212,0.44676998257637024,-0.025034667924046516,0.20884734392166138,0.43959811329841614,-0.035897381603717804,0.22829733788967133,0.43012118339538574,-0.0402861014008522,0.13898877799510956,0.47127294540405273,-0.018751537427306175,0.16891983151435852,0.4553927183151245,-0.03179090470075607,0.191243514418602,0.4537236988544464,-0.0368146151304245,0.20893113315105438,0.45040062069892883,-0.03875059634447098,p
0.1347823143005371,0.595543622970581,3.1422689517057734e-07,0.16829490661621094,0.5775061845779419,-0.005077056586742401,0.2033047378063202,0.533420979976654,-0.0047302162274718285,0.2361164093017578,0.5169056057929993,-0.006269535981118679,0.2645524740219116,0.5211732387542725,-0.007334213238209486,0.1879505217075348,0.4775320589542389,0.0065267374739050865,0.21496319770812988,0.44056737422943115,0.0004098728240933269,0.23420949280261993,0.4195537567138672,-0.004788462538272142,0.24973002076148987,0.4021453559398651,-0.00839575007557869,0.17158018052577972,0.46756458282470703,0.00034869625233113766,0.18651285767555237,0.4124915599822998,-0.008279463276267052,0.19356746971607208,0.37526464462280273,-0.01648135483264923,0.19854086637496948,0.3449494242668152,-0.021009497344493866,0.1545466184616089,0.46631109714508057,-0.008265950717031956,0.1832614243030548,0.4474179744720459,-0.023395318537950516,0.20839793980121613,0.43997272849082947,-0.03429874777793884,0.22832423448562622,0.43063977360725403,-0.038758646696805954,0.1386997550725937,0.471271812915802,-0.017447566613554955,0.1695677638053894,0.4563426971435547,-0.030165014788508415,0.192079097032547,0.45490506291389465,-0.0352211594581604,0.2099214792251587,0.4518451392650604,-0.037186793982982635,p
0.13617964088916779,0.5975720882415771,2.895501438615611e-07,0.17067444324493408,0.5797735452651978,-0.004306620452553034,0.20510941743850708,0.5356731414794922,-0.003930932842195034,0.23773488402366638,0.5199241042137146,-0.005656044464558363,0.2665083408355713,0.5245987176895142,-0.007014507427811623,0.18746519088745117,0.4785694479942322,0.006140538491308689,0.21245607733726501,0.43992963433265686,6.161189958220348e-05,0.2301812767982483,0.41864627599716187,-0.005123075097799301,0.24480654299259186,0.40070641040802,-0.008968600071966648,0.17181041836738586,0.469702810049057,-0.0006487102364189923,0.18670037388801575,0.41577810049057007,-0.009663199074566364,0.1927919089794159,0.37763598561286926,-0.0184587724506855,0.19705414772033691,0.3463648855686188,-0.023667801171541214,0.15561847388744354,0.4691159427165985,-0.00971925351768732,0.1854196935892105,0.4492141008377075,-0.02485433593392372,0.21056027710437775,0.4401451349258423,-0.03611712530255318,0.2309369295835495,0.4294183552265167,-0.041161585599184036,0.14052703976631165,0.4746987223625183,-0.019268926233053207,0.17210592329502106,0.45847442746162415,-0.03223520517349243,0.19603581726551056,0.454882949590683,-0.037864647805690765,0.21587102115154266,0.45016956329345703,-0.04045428708195686,p
0.13605913519859314,0.6006616353988647,3.049072745398007e-07,0.1707514226436615,0.5820029973983765,-0.004649438429623842,0.20540861785411835,0.5388667583465576,-0.004809081554412842,0.2380709946155548,0.5238750576972961,-0.00706819212064147,0.26659590005874634,0.5285072326660156,-0.00886210985481739,0.1877468079328537,0.4813027083873749,0.006428175140172243,0.2132996916770935,0.44411376118659973,0.00023320503532886505,0.23095117509365082,0.42262813448905945,-0.005323002580553293,0.24591495096683502,0.40467485785484314,-0.009437945671379566,0.17134883999824524,0.47224587202072144,-0.00027142002363689244,0.18672029674053192,0.4206523299217224,-0.008973316289484501,0.19334621727466583,0.38236865401268005,-0.017680123448371887,0.19859932363033295,0.35062089562416077,-0.02293003909289837,0.1548653095960617,0.47152578830718994,-0.00933255534619093,0.18597644567489624,0.4518350660800934,-0.02379431203007698,0.21115002036094666,0.44264253973960876,-0.034575242549180984,0.23114429414272308,0.4324108362197876,-0.03941071033477783,0.13983651995658875,0.47702255845069885,-0.01901998184621334,0.17173001170158386,0.46245139837265015,-0.031214794144034386,0.19432476162910461,0.4597190022468567,-0.03634173050522804,0.2123880684375763,0.4560040831565857,-0.03859034553170204,p
0.13826707005500793,0.6047458648681641,3.291938526217564e-07,0.1714053750038147,0.5878850817680359,-0.005765493959188461,0.206195667386055,0.5448402166366577,-0.006677124183624983,0.23934997618198395,0.5296424031257629,-0.009426170960068703,0.2680695652961731,0.5340609550476074,-0.011799967847764492,0.19107845425605774,0.48875191807746887,0.005082083400338888,0.2176494300365448,0.4512343108654022,-0.0018931195372715592,0.23718906939029694,0.4301096200942993,-0.00760429073125124,0.25250646471977234,0.4131792187690735,-0.011242969892919064,0.17495298385620117,0.4785412847995758,-0.0006462102755904198,0.18812522292137146,0.42034366726875305,-0.00946594588458538,0.19484297931194305,0.3823339343070984,-0.017296291887760162,0.19930943846702576,0.35191214084625244,-0.021196506917476654,0.15761929750442505,0.4780089557170868,-0.008768262341618538,0.18349023163318634,0.45713624358177185,-0.023530028760433197,0.20638024806976318,0.45075199007987976,-0.03336070105433464,0.2236623764038086,0.44263508915901184,-0.03682172670960426,0.14070449769496918,0.4840063750743866,-0.01751479133963585,0.1671324074268341,0.4691885709762573,-0.029433472082018852,0.18705882132053375,0.46824660897254944,-0.03344354033470154,0.2024075984954834,0.4651430547237396,-0.0345151387155056,p
0.1406637281179428,0.6300506591796875,2.1344177980608947e-07,0.17664457857608795,0.6062213778495789,-0.002539763692766428,0.21097473800182343,0.5650358200073242,-0.0036828513257205486,0.24273616075515747,0.5494003891944885,-0.007711225654929876,0.2712327837944031,0.5512991547584534,-0.011583296582102776,0.19169670343399048,0.5082720518112183,0.007451717276126146,0.2111225426197052,0.4631032943725586,0.0023543285205960274,0.22055338323116302,0.4381716847419739,-0.0031420348677784204,0.22972753643989563,0.41627150774002075,-0.008147132582962513,0.1771760731935501,0.502150297164917,-0.0014401873340830207,0.19403789937496185,0.4488462209701538,-0.010169325396418571,0.19988657534122467,0.4087097644805908,-0.020842740312218666,0.20493049919605255,0.37531962990760803,-0.028309639543294907,0.16061455011367798,0.503126323223114,-0.012176575139164925,0.19525988399982452,0.47662287950515747,-0.025871606543660164,0.2224607616662979,0.46923720836639404,-0.03724173083901405,0.24387513101100922,0.46219754219055176,-0.043632786720991135,0.14422017335891724,0.5092115998268127,-0.02332248166203499,0.17439380288124084,0.4912620782852173,-0.03464284539222717,0.1953536570072174,0.492948442697525,-0.03904366493225098,0.21215693652629852,0.49548912048339844,-0.04150412976741791,p
0.14301452040672302,0.6347041130065918,3.064651252771e-07,0.1774032860994339,0.6145479083061218,-0.003987697418779135,0.21258142590522766,0.5763604640960693,-0.005275087431073189,0.24462486803531647,0.5640762448310852,-0.009200957603752613,0.272416353225708,0.5652943253517151,-0.012947116047143936,0.195444256067276,0.5172635316848755,0.006813266314566135,0.21957750618457794,0.47911182045936584,-0.00018931581871584058,0.23651665449142456,0.45787203311920166,-0.006658568046987057,0.25098925828933716,0.439940482378006,-0.011186257004737854,0.18000470101833344,0.5082834959030151,-0.0008355824975296855,0.19330686330795288,0.4520862102508545,-0.01017401460558176,0.20049701631069183,0.41254672408103943,-0.019911957904696465,0.20631752908229828,0.38074249029159546,-0.025815624743700027,0.162650465965271,0.508728563785553,-0.010708621703088284,0.19203051924705505,0.48559966683387756,-0.025712130591273308,0.21666380763053894,0.4810347557067871,-0.03619875758886337,0.2354954481124878,0.4756643772125244,-0.04058009758591652,0.14575250446796417,0.5152671933174133,-0.02107628993690014,0.1744753122329712,0.49647730588912964,-0.032895348966121674,0.19630292057991028,0.49773970246315,-0.03649329021573067,0.21330426633358002,0.49938151240348816,-0.03750693053007126,p
0.14280806481838226,0.6447437405586243,2.7307825689604215e-07,0.17707325518131256,0.6279515027999878,-0.0032110465690493584,0.21270398795604706,0.5862312912940979,-0.002398286247625947,0.24434062838554382,0.5719190239906311,-0.0040128291584551334,0.2704409658908844,0.5752488970756531,-0.005312907509505749,0.19613470137119293,0.5272233486175537,0.008722432889044285,0.2224830687046051,0.48861223459243774,0.004977283533662558,0.2405901402235031,0.4667549431324005,0.0007856448064558208,0.2557152211666107,0.4493870139122009,-0.002530809957534075,0.1809222549200058,0.5185495615005493,0.0012290035374462605,0.1939399242401123,0.4591423273086548,-0.003999389708042145,0.20062145590782166,0.4204999506473541,-0.011119910515844822,0.20653267204761505,0.38880670070648193,-0.01595122367143631,0.16490480303764343,0.5181049704551697,-0.008524570614099503,0.19762712717056274,0.49074307084083557,-0.021221978589892387,0.22587326169013977,0.48328977823257446,-0.03209422528743744,0.2465714067220688,0.47532549500465393,-0.037730228155851364,0.15019351243972778,0.5241066217422485,-0.018706005066633224,0.18287408351898193,0.5043467283248901,-0.030652733519673347,0.2063935548067093,0.5107288360595703,-0.034966710954904556,0.22236502170562744,0.5184543132781982,-0.036831438541412354,p
0.1420120894908905,0.6584352254867554,2.3649667468816915e-07,0.17788223922252655,0.6375694870948792,-0.00392800522968173,0.21312227845191956,0.5949875712394714,-0.005742069333791733,0.24703851342201233,0.5828630924224854,-0.009362484328448772,0.27434539794921875,0.5891813635826111,-0.01234807725995779,0.19259999692440033,0.5316341519355774,0.002085682936012745,0.2088996022939682,0.4823770523071289,-0.0019026030786335468,0.2150258719921112,0.45161882042884827,-0.005824379622936249,0.22146156430244446,0.42475655674934387,-0.010701675899326801,0.17762449383735657,0.5274494886398315,-0.005366056691855192,0.20231470465660095,0.4950243830680847,-0.014440619386732578,0.2139047235250473,0.4768756628036499,-0.022732622921466827,0.22463704645633698,0.4568599462509155,-0.028662389144301414,0.16234123706817627,0.5282104015350342,-0.014460423961281776,0.19996409118175507,0.5104660987854004,-0.028622526675462723,0.22796298563480377,0.4999135732650757,-0.03985127434134483,0.2509852647781372,0.4857498109340668,-0.04696229100227356,0.1493261456489563,0.5340276956558228,-0.023922353982925415,0.18826043605804443,0.5259508490562439,-0.03646240383386612,0.21694424748420715,0.5333907604217529,-0.041901689022779465,0.23930728435516357,0.5402230024337769,-0.04527009651064873,p
0.14695845544338226,0.6646642088890076,3.108286819042405e-07,0.18177814781665802,0.6462831497192383,-0.003379478817805648,0.21786168217658997,0.6075770854949951,-0.004606816917657852,0.2507912516593933,0.595385730266571,-0.008455067873001099,0.27866753935813904,0.5976065993309021,-0.011859861202538013,0.20072801411151886,0.5462555289268494,0.007704603485763073,0.22655169665813446,0.5114122629165649,0.002415552968159318,0.24449042975902557,0.4921638071537018,-0.0034883690532296896,0.2594831585884094,0.4753994941711426,-0.008106844499707222,0.184447780251503,0.5350223183631897,-0.00019909339607693255,0.19812998175621033,0.4790763258934021,-0.007205506321042776,0.2047702968120575,0.44117510318756104,-0.016022052615880966,0.2099137157201767,0.4099985361099243,-0.02192496508359909,0.16769962012767792,0.5340869426727295,-0.010176149196922779,0.20149847865104675,0.5137450098991394,-0.023220863193273544,0.2292262613773346,0.508518397808075,-0.03369637206196785,0.24980777502059937,0.5012073516845703,-0.03904058411717415,0.15328404307365417,0.5411220788955688,-0.020711340010166168,0.18862301111221313,0.5294063091278076,-0.03179574012756348,0.21407905220985413,0.5366023778915405,-0.03531626611948013,0.2327900230884552,0.5432897210121155,-0.036616820842027664,p
0.1485990285873413,0.6804929971694946,3.196734894572728e-07,0.18227076530456543,0.6615685224533081,-0.006841577589511871,0.21868206560611725,0.6195687055587769,-0.009474743157625198,0.25129878520965576,0.60356205701828,-0.014319484122097492,0.27827954292297363,0.6093155741691589,-0.018734687939286232,0.20091788470745087,0.5654261112213135,0.004559303633868694,0.2288735806941986,0.5279625654220581,-0.0027373002376407385,0.24779751896858215,0.507861316204071,-0.009288989938795567,0.26384562253952026,0.4924136996269226,-0.01370187196880579,0.1844508945941925,0.554667055606842,-0.0012392171192914248,0.19774171710014343,0.4944889545440674,-0.010464739054441452,0.2058238685131073,0.4547831416130066,-0.019402898848056793,0.211978942155838,0.42317479848861694,-0.02445872128009796,0.16680172085762024,0.5546227097511292,-0.009210344403982162,0.1985921710729599,0.529461145401001,-0.023899508640170097,0.22112856805324554,0.5325943231582642,-0.032043613493442535,0.23536840081214905,0.5341081619262695,-0.03441748395562172,0.14996561408042908,0.5607446432113647,-0.017956769093871117,0.17873002588748932,0.546856164932251,-0.028672391548752785,0.19373317062854767,0.5564287304878235,-0.029895788058638573,0.20191717147827148,0.5647897124290466,-0.02893277071416378,p
0.15285910665988922,0.7144080400466919,2.7742694896915054e-07,0.188023641705513,0.6912001967430115,-0.004772271029651165,0.22272858023643494,0.6501221060752869,-0.007870386354625225,0.2532474994659424,0.6362147331237793,-0.013185369782149792,0.2798084318637848,0.6383823156356812,-0.018183700740337372,0.20180855691432953,0.5828714370727539,0.0010584843112155795,0.20941992104053497,0.5244303941726685,-0.006346890237182379,0.2134127914905548,0.4851386845111847,-0.01290452666580677,0.2177574634552002,0.454201340675354,-0.01886705681681633,0.19080400466918945,0.5821626782417297,-0.005709643941372633,0.2227303385734558,0.5511875748634338,-0.016807859763503075,0.24779745936393738,0.5387477278709412,-0.025684408843517303,0.2697727680206299,0.5282469987869263,-0.03156651183962822,0.1759023368358612,0.5847516655921936,-0.014294049702584743,0.21161215007305145,0.5652258396148682,-0.029055718332529068,0.23604945838451385,0.5602640509605408,-0.03763836622238159,0.2561373710632324,0.5545966029167175,-0.04220276325941086,0.16049456596374512,0.5915959477424622,-0.023534664884209633,0.19036589562892914,0.5812322497367859,-0.03588026389479637,0.20947498083114624,0.5862389206886292,-0.03937701880931854,0.22398921847343445,0.5909016728401184,-0.040805015712976456,p
0.1604176163673401,0.7403313517570496,2.587793233033153e-07,0.19271545112133026,0.7143744230270386,-0.004866423550993204,0.22788037359714508,0.6659177541732788,-0.006054466124624014,0.258816659450531,0.6498363614082336,-0.009192218072712421,0.28434836864471436,0.655643105506897,-0.011915372684597969,0.20808400213718414,0.6066596508026123,0.0042525241151452065,0.216495543718338,0.5447195768356323,-0.0005370916333049536,0.21883916854858398,0.5074686408042908,-0.005405285395681858,0.22196874022483826,0.47673487663269043,-0.010435248725116253,0.1952376812696457,0.604009747505188,-0.001862145378254354,0.2162683755159378,0.563224732875824,-0.012445776723325253,0.22855570912361145,0.5397348403930664,-0.023287903517484665,0.24121901392936707,0.5149796009063721,-0.030350370332598686,0.1787956953048706,0.6031627058982849,-0.009638356976211071,0.20872773230075836,0.5819112658500671,-0.024523990228772163,0.23451198637485504,0.5725836753845215,-0.03649459406733513,0.25702667236328125,0.5610776543617249,-0.043201472610235214,0.1610497087240219,0.6050905585289001,-0.01787589304149151,0.18857839703559875,0.5926979780197144,-0.03030930645763874,0.2090442180633545,0.5995323657989502,-0.03518353030085564,0.2269008606672287,0.6066508889198303,-0.03750649839639664,p
0.1621842086315155,0.7635010480880737,3.180142016390164e-07,0.19789794087409973,0.741274893283844,-0.008460573852062225,0.23225869238376617,0.6966688632965088,-0.013383046723902225,0.25980961322784424,0.6740923523902893,-0.020011601969599724,0.28394681215286255,0.6702279448509216,-0.02625853568315506,0.21231910586357117,0.6246708631515503,-0.0017262536566704512,0.21714061498641968,0.5612518191337585,-0.010517177172005177,0.21934154629707336,0.5196951627731323,-0.018324512988328934,0.22286435961723328,0.48608046770095825,-0.025317391380667686,0.2001950740814209,0.6209616661071777,-0.007352199871093035,0.2299778312444687,0.5873437523841858,-0.0210903100669384,0.2524818480014801,0.5732171535491943,-0.031476639211177826,0.27338284254074097,0.5590657591819763,-0.038000959903001785,0.1837921440601349,0.6212087273597717,-0.01508050225675106,0.2162158191204071,0.5984917879104614,-0.031607359647750854,0.24228942394256592,0.5871395468711853,-0.04116647318005562,0.26591813564300537,0.5765787363052368,-0.04639393463730812,0.1651635468006134,0.6262325644493103,-0.023827573284506798,0.19366392493247986,0.6121039986610413,-0.037934914231300354,0.215837299823761,0.6170280575752258,-0.04200069233775139,0.2357928305864334,0.6247761845588684,-0.04350242018699646,p
0.16305363178253174,0.7732510566711426,3.1197816952044377e-07,0.1980881541967392,0.7457752227783203,-0.007199306506663561,0.23149742186069489,0.7020591497421265,-0.012107319198548794,0.2595098316669464,0.6820824146270752,-0.01887565664947033,0.28493520617485046,0.6827937364578247,-0.02539883926510811,0.21300892531871796,0.6305636167526245,-0.0017656889976933599,0.21967557072639465,0.5685678124427795,-0.010010079480707645,0.22244276106357574,0.5293948650360107,-0.01668766885995865,0.2258155345916748,0.4978160858154297,-0.02247975952923298,0.19926290214061737,0.6284155249595642,-0.007197215221822262,0.22737567126750946,0.5960299968719482,-0.01947867125272751,0.24912789463996887,0.5863494277000427,-0.028233321383595467,0.26909178495407104,0.5783288478851318,-0.033581022173166275,0.1820342242717743,0.6305608749389648,-0.014452490024268627,0.21124644577503204,0.6122071743011475,-0.029070354998111725,0.23364776372909546,0.6047134399414062,-0.03703317046165466,0.2541711926460266,0.5985531210899353,-0.04106159880757332,0.16407537460327148,0.6370130777359009,-0.022668486461043358,0.1907740980386734,0.6248651742935181,-0.03421811759471893,0.2106861025094986,0.6287859082221985,-0.03710619732737541,0.22818192839622498,0.6351438760757446,-0.03786763548851013,p
0.16374365985393524,0.7866640090942383,2.997929584580561e-07,0.2010398954153061,0.7612279653549194,-0.010809660889208317,0.23378689587116241,0.7226748466491699,-0.01778542995452881,0.26094940304756165,0.6990591287612915,-0.026514077559113503,0.28874072432518005,0.6980680227279663,-0.03441544249653816,0.21803513169288635,0.6491868495941162,0.0005354846362024546,0.22691255807876587,0.5911973118782043,-0.007300878409296274,0.23013117909431458,0.5569199323654175,-0.014377250336110592,0.23351284861564636,0.5285476446151733,-0.02020830102264881,0.2022770345211029,0.6435132622718811,-0.004144744016230106,0.22015376389026642,0.5933809280395508,-0.01492737140506506,0.22918184101581573,0.561145544052124,-0.025152936577796936,0.2381087690591812,0.5323362946510315,-0.03165886923670769,0.18522819876670837,0.6439582109451294,-0.011168974451720715,0.21796771883964539,0.6182742118835449,-0.02572629228234291,0.2419085055589676,0.6135970950126648,-0.034468553960323334,0.261068731546402,0.6114329695701599,-0.03851071745157242,0.16756758093833923,0.651139497756958,-0.019536446779966354,0.19741690158843994,0.640712320804596,-0.030326228588819504,0.21621061861515045,0.6477869153022766,-0.03228064253926277,0.23046952486038208,0.6572098135948181,-0.0321493037045002,p
0.16313107311725616,0.7943096160888672,2.8608565116883256e-07,0.19805599749088287,0.7687551975250244,-0.007379062008112669,0.2322312742471695,0.7280964255332947,-0.01297546923160553,0.26230815052986145,0.7093937993049622,-0.020500367507338524,0.2906983196735382,0.7133777141571045,-0.027668649330735207,0.21685799956321716,0.6569830775260925,0.0001082953967852518,0.22722584009170532,0.603367030620575,-0.006215198896825314,0.23136639595031738,0.5725955963134766,-0.011766192503273487,0.2351124882698059,0.5461852550506592,-0.016784097999334335,0.2008141130208969,0.6512366533279419,-0.0058382051065564156,0.22309327125549316,0.6091935634613037,-0.015306887216866016,0.23207303881645203,0.5790492296218872,-0.024289501830935478,0.23966249823570251,0.548376202583313,-0.03005410172045231,0.184000164270401,0.6526253819465637,-0.013486659154295921,0.22015495598316193,0.6359484195709229,-0.026724984869360924,0.24478593468666077,0.625640332698822,-0.03611302375793457,0.26494577527046204,0.6142003536224365,-0.04112255200743675,0.16729392111301422,0.6606582403182983,-0.022052550688385963,0.2011263370513916,0.6560945510864258,-0.032820019870996475,0.22319410741329193,0.6627450585365295,-0.03569566085934639,0.24024318158626556,0.6694360971450806,-0.03636337071657181,p
0.16411316394805908,0.8039463758468628,2.578042028744676e-07,0.19812272489070892,0.7798457145690918,-0.008174264803528786,0.2337050437927246,0.739067554473877,-0.013399515300989151,0.2651754319667816,0.7216815948486328,-0.020318126305937767,0.2935519218444824,0.7274025678634644,-0.02708999440073967,0.21958401799201965,0.6716446876525879,-0.0012683253735303879,0.23027245700359344,0.615418016910553,-0.00812752265483141,0.23378367722034454,0.5835680961608887,-0.014414788223803043,0.23692233860492706,0.5558695793151855,-0.019925720989704132,0.20412595570087433,0.6653943657875061,-0.0076396954245865345,0.2211732715368271,0.612269937992096,-0.017652619630098343,0.22614510357379913,0.5718233585357666,-0.028076844289898872,0.2308920919895172,0.5347305536270142,-0.03495976701378822,0.1869203746318817,0.6674519181251526,-0.015663374215364456,0.22336646914482117,0.6446018815040588,-0.029799306765198708,0.2501186430454254,0.6358718872070312,-0.0398072749376297,0.27198460698127747,0.6272695660591125,-0.044927775859832764,0.168593168258667,0.6767371892929077,-0.02464291825890541,0.19798724353313446,0.66507887840271,-0.036052510142326355,0.2185753434896469,0.6693482398986816,-0.03892815113067627,0.2354886382818222,0.6749027967453003,-0.039626628160476685,p
0.16265197098255157,0.8025399446487427,2.7546170144887583e-07,0.19743987917900085,0.7814880609512329,-0.006400937680155039,0.2345339059829712,0.7392221689224243,-0.009813868440687656,0.26688113808631897,0.722780704498291,-0.01531058456748724,0.2948172390460968,0.7301648855209351,-0.020668314769864082,0.2211441546678543,0.6766939163208008,0.0030389989260584116,0.23917490243911743,0.6335760951042175,-0.002260009991005063,0.24897520244121552,0.6106975078582764,-0.007396996021270752,0.257906973361969,0.5907447338104248,-0.011862976476550102,0.20408430695533752,0.666203498840332,-0.0036846541333943605,0.21765460073947906,0.6087384223937988,-0.012146695517003536,0.22363759577274323,0.568095862865448,-0.021012337878346443,0.22931811213493347,0.5324161052703857,-0.026650631800293922,0.1860387623310089,0.6654919385910034,-0.012288873083889484,0.22123639285564423,0.6447228789329529,-0.026823202148079872,0.24943572282791138,0.6390818953514099,-0.037502385675907135,0.2717409133911133,0.6332185864448547,-0.042512279003858566,0.16736549139022827,0.6721426844596863,-0.021490564569830894,0.198924720287323,0.660028874874115,-0.03348727524280548,0.22066210210323334,0.6672238111495972,-0.037037063390016556,0.23724956810474396,0.6749706268310547,-0.038132816553115845,p
0.1625629961490631,0.8149343729019165,2.5909054102157825e-07,0.19767878949642181,0.7913168668746948,-0.007105429656803608,0.2331835925579071,0.7506493330001831,-0.013034576550126076,0.26551568508148193,0.7343916893005371,-0.020183319225907326,0.2940041422843933,0.7404300570487976,-0.02705446258187294,0.21354824304580688,0.6801937818527222,-0.0053653409704566,0.2257273942232132,0.6242361068725586,-0.013206635601818562,0.23101398348808289,0.5889641046524048,-0.019766394048929214,0.2359350472688675,0.5594084858894348,-0.02602272294461727,0.2006058692932129,0.6754494309425354,-0.011570733971893787,0.23169079422950745,0.6438943147659302,-0.022602537646889687,0.24656198918819427,0.6257307529449463,-0.031290892511606216,0.25997892022132874,0.6043877601623535,-0.03732750192284584,0.18612182140350342,0.6778674125671387,-0.019072039052844048,0.22667765617370605,0.6635580658912659,-0.033021192997694016,0.2544325292110443,0.6547018885612488,-0.040678199380636215,0.2779073417186737,0.6425963640213013,-0.04526121914386749,0.17208540439605713,0.6868544220924377,-0.02734128199517727,0.20615079998970032,0.680931806564331,-0.03856291621923447,0.22816240787506104,0.6856632232666016,-0.04058350250124931,0.24532607197761536,0.6891080737113953,-0.04121477156877518,p
0.16519799828529358,0.8275272250175476,2.8937981255694467e-07,0.20273901522159576,0.8013671040534973,-0.0037884360644966364,0.23722492158412933,0.759743869304657,-0.009621118195354939,0.2693217992782593,0.7463329434394836,-0.017487231642007828,0.2974003553390503,0.7532756924629211,-0.025178689509630203,0.21117089688777924,0.6842450499534607,-0.005250916816294193,0.22463242709636688,0.6303286552429199,-0.014306270517408848,0.2296663522720337,0.5916904211044312,-0.021976711228489876,0.23459608852863312,0.559761643409729,-0.029433272778987885,0.19784215092658997,0.6814972162246704,-0.01372884027659893,0.23715056478977203,0.6629016399383545,-0.02639607898890972,0.26243454217910767,0.6552736163139343,-0.035099778324365616,0.28454822301864624,0.6449519395828247,-0.041387055069208145,0.18444249033927917,0.6867380738258362,-0.023257365450263023,0.228056862950325,0.6763025522232056,-0.0372561514377594,0.2566893696784973,0.666962206363678,-0.04400615021586418,0.28162699937820435,0.6552760601043701,-0.048547253012657166,0.1736777275800705,0.6992261409759521,-0.03364031761884689,0.21103142201900482,0.6939119696617126,-0.04543338343501091,0.23578180372714996,0.6946207284927368,-0.04825218766927719,0.25672221183776855,0.6946691870689392,-0.04974263533949852,p
0.16780710220336914,0.842442512512207,2.259453282249524e-07,0.20535221695899963,0.816932737827301,-0.002053158124908805,0.24007177352905273,0.771427571773529,-0.005252252332866192,0.2717527747154236,0.7579523921012878,-0.010513913817703724,0.29969322681427,0.7634266018867493,-0.01551736705005169,0.21690784394741058,0.6974014043807983,-0.002945162123069167,0.2312907874584198,0.638823390007019,-0.009702554903924465,0.23506104946136475,0.59961998462677,-0.015251311473548412,0.23810341954231262,0.566844642162323,-0.02114974893629551,0.2031533420085907,0.6953107118606567,-0.012086466886103153,0.24028685688972473,0.6758812069892883,-0.022601163014769554,0.26227349042892456,0.6676548719406128,-0.03024590015411377,0.2809953987598419,0.656038761138916,-0.03588404133915901,0.18913227319717407,0.7007439136505127,-0.022305641323328018,0.2350056767463684,0.6898936629295349,-0.036015547811985016,0.2650705873966217,0.6775208711624146,-0.044967714697122574,0.2901025116443634,0.6615445613861084,-0.051075052469968796,0.17833857238292694,0.7135639190673828,-0.03301210701465607,0.21979454159736633,0.7063471078872681,-0.044525254517793655,0.2479383796453476,0.707648754119873,-0.04811674728989601,0.2710270583629608,0.7094427347183228,-0.05038014054298401,p
0.16513554751873016,0.8558315634727478,2.23960654466282e-07,0.2098180651664734,0.8244975805282593,0.003971162252128124,0.24340559542179108,0.7811675667762756,0.0018890963401645422,0.2737717628479004,0.76750648021698,-0.00368057400919497,0.30194541811943054,0.7720668911933899,-0.009288175031542778,0.21041207015514374,0.7016353011131287,0.0028893749695271254,0.230621337890625,0.650488555431366,-0.003281319048255682,0.23650693893432617,0.6118659973144531,-0.008802137337625027,0.2419031709432602,0.5802031755447388,-0.015105068683624268,0.19769901037216187,0.7003028392791748,-0.009115641005337238,0.2426018863916397,0.6826264262199402,-0.019662734121084213,0.2675986588001251,0.6774742007255554,-0.02696341834962368,0.28970593214035034,0.6710287928581238,-0.03240426629781723,0.1870030015707016,0.7089535593986511,-0.021655332297086716,0.23816481232643127,0.6968822479248047,-0.03394588455557823,0.2677348852157593,0.6892011165618896,-0.04012344777584076,0.29252010583877563,0.6802399754524231,-0.044551409780979156,0.18035252392292023,0.7252305746078491,-0.03442908078432083,0.2232959270477295,0.7175825238227844,-0.04526766389608383,0.24973084032535553,0.7143236994743347,-0.04853201285004616,0.2720363438129425,0.7101091742515564,-0.05070291459560394,p
0.17742224037647247,0.9008845090866089,1.9549257501694228e-07,0.21821898221969604,0.8700862526893616,-0.0007520600920543075,0.24891802668571472,0.8310084342956543,-0.00843065045773983,0.2777487337589264,0.8170996904373169,-0.01882535219192505,0.3056179881095886,0.8157091736793518,-0.028827574104070663,0.21567492187023163,0.7439159750938416,-0.008339573629200459,0.23153561353683472,0.6876806020736694,-0.019177813082933426,0.23539450764656067,0.6505739092826843,-0.027637120336294174,0.23873667418956757,0.6195954084396362,-0.03549698367714882,0.1999514102935791,0.7447630167007446,-0.01867120899260044,0.24633090198040009,0.7301672697067261,-0.033456459641456604,0.27509626746177673,0.7272461652755737,-0.04119627922773361,0.29880088567733765,0.7226983904838562,-0.04677356407046318,0.18780732154846191,0.7577735185623169,-0.029566152021288872,0.237977996468544,0.7486056089401245,-0.04414035752415657,0.26919952034950256,0.7407403588294983,-0.04867107793688774,0.294980525970459,0.7315137386322021,-0.051818039268255234,0.18114474415779114,0.7795570492744446,-0.04101870208978653,0.22112725675106049,0.769803524017334,-0.05191589146852493,0.24606510996818542,0.7635061144828796,-0.05319453403353691,0.2670053243637085,0.7563701868057251,-0.05389740318059921,p
0.17759191989898682,0.9111477732658386,2.3532314230578777e-07,0.2211627960205078,0.8760937452316284,0.0004524234391283244,0.25209537148475647,0.8345848321914673,-0.005602257326245308,0.2813136875629425,0.8220825791358948,-0.014525225386023521,0.3108140826225281,0.8244262337684631,-0.023445794358849525,0.21630781888961792,0.7515764832496643,-0.0061774966306984425,0.23360028862953186,0.6976228952407837,-0.015028072521090508,0.2371233105659485,0.6602828502655029,-0.021785112097859383,0.24011684954166412,0.6292378306388855,-0.02853577397763729,0.2004716843366623,0.7527191638946533,-0.016976648941636086,0.24887941777706146,0.7418007254600525,-0.029823824763298035,0.2768200933933258,0.7390384674072266,-0.03753833845257759,0.2999417185783386,0.7330653071403503,-0.04325287044048309,0.1882307231426239,0.7679215669631958,-0.028044436126947403,0.24112407863140106,0.7612231969833374,-0.041604891419410706,0.27288272976875305,0.7550539970397949,-0.04709013178944588,0.29958170652389526,0.7460441589355469,-0.05084337294101715,0.1822211593389511,0.7903518676757812,-0.03957372531294823,0.2236253321170807,0.780131459236145,-0.04967709258198738,0.2474527657032013,0.774069607257843,-0.0511983297765255,0.26818588376045227,0.7674585580825806,-0.05208414047956467,p
0.17797580361366272,0.9178881049156189,2.395283900114009e-07,0.22020010650157928,0.8835493922233582,-0.0003506793000269681,0.2509569823741913,0.8423664569854736,-0.006605242379009724,0.2801506519317627,0.8294070363044739,-0.01553675439208746,0.3088313043117523,0.8293001055717468,-0.024461621418595314,0.21975377202033997,0.7621079087257385,-0.008109437301754951,0.23550669848918915,0.7059879302978516,-0.01658041402697563,0.2386489063501358,0.6686780452728271,-0.022818952798843384,0.24124383926391602,0.6375101804733276,-0.029069311916828156,0.20360971987247467,0.7629073262214661,-0.01832801289856434,0.2499508112668991,0.7494547963142395,-0.029786065220832825,0.2761245369911194,0.7451619505882263,-0.03643515706062317,0.2972317934036255,0.7381143569946289,-0.0417252853512764,0.19047704339027405,0.7767671346664429,-0.02881801128387451,0.24348850548267365,0.7675641775131226,-0.04125336930155754,0.2743338942527771,0.758915364742279,-0.0464431531727314,0.29977846145629883,0.7477268576622009,-0.050472136586904526,0.18338154256343842,0.7980743050575256,-0.03979591280221939,0.22662357985973358,0.7897133231163025,-0.049422428011894226,0.25275829434394836,0.7853863835334778,-0.050587721168994904,0.2750343382358551,0.7812368273735046,-0.05132545903325081,p
0.1765342503786087,0.9276673793792725,2.070215003868725e-07,0.22023794054985046,0.8942669034004211,0.0033762508537620306,0.25155627727508545,0.8518856763839722,-0.0011750904377549887,0.2799004912376404,0.8388221859931946,-0.009313286282122135,0.3078923225402832,0.8391009569168091,-0.017574423924088478,0.21977627277374268,0.7705127000808716,-0.003251373767852783,0.23579594492912292,0.7140368223190308,-0.010930913500487804,0.23794516921043396,0.6759420037269592,-0.016660992056131363,0.2401147037744522,0.6442756056785583,-0.02266860194504261,0.2039448469877243,0.7713222503662109,-0.015259799547493458,0.2509860098361969,0.7557018399238586,-0.027296174317598343,0.27760812640190125,0.7541241645812988,-0.0339994914829731,0.2986995577812195,0.7512927055358887,-0.03861681744456291,0.1914646327495575,0.7848507165908813,-0.02731725201010704,0.2439647912979126,0.7715266942977905,-0.03953569754958153,0.2742663621902466,0.7630419731140137,-0.04394886642694473,0.29870325326919556,0.7529346942901611,-0.04708460718393326,0.18535885214805603,0.8060518503189087,-0.03956296294927597,0.2278345823287964,0.7946114540100098,-0.04906173422932625,0.25353801250457764,0.7873436808586121,-0.05003717914223671,0.2750718593597412,0.780290961265564,-0.05046313256025314,p
0.17663776874542236,0.9286033511161804,2.2611455108290102e-07,0.21940597891807556,0.8944146633148193,0.004151163622736931,0.25083255767822266,0.8546790480613708,-0.00011314127914374694,0.277402400970459,0.8417088389396667,-0.008107136003673077,0.3041483461856842,0.839847207069397,-0.01613755337893963,0.22320349514484406,0.7714791893959045,-0.0014956501545384526,0.23601821064949036,0.7130407691001892,-0.008639922365546227,0.23778851330280304,0.6741313934326172,-0.014421849511563778,0.2390168309211731,0.6416493654251099,-0.020479397848248482,0.20732611417770386,0.7711155414581299,-0.013424087315797806,0.250928670167923,0.7537232041358948,-0.02431904897093773,0.2769160270690918,0.7509652376174927,-0.030709730461239815,0.29623788595199585,0.7463164925575256,-0.03539282828569412,0.19407609105110168,0.7830996513366699,-0.025401173159480095,0.2438029646873474,0.7685789465904236,-0.036876097321510315,0.2738742530345917,0.7599962949752808,-0.04094763472676277,0.2971004843711853,0.750450074672699,-0.04411577433347702,0.1858387589454651,0.80366051197052,-0.037473756819963455,0.2280215322971344,0.7949444651603699,-0.047221459448337555,0.25503021478652954,0.7907397747039795,-0.04801778495311737,0.27675119042396545,0.7867175340652466,-0.048123929649591446,p
0.17935419082641602,0.9347560405731201,2.14723783642512e-07,0.22121761739253998,0.8997644186019897,0.002697157673537731,0.25177812576293945,0.85910964012146,-0.0027016601525247097,0.27903029322624207,0.8455957174301147,-0.011354407295584679,0.3063022792339325,0.8448825478553772,-0.020101025700569153,0.22112759947776794,0.7747927308082581,-0.005015541799366474,0.23641054332256317,0.7215941548347473,-0.013537955470383167,0.23853421211242676,0.6858482360839844,-0.020144952461123466,0.23925858736038208,0.6546120047569275,-0.026657281443476677,0.20485471189022064,0.7762130498886108,-0.016695767641067505,0.25064030289649963,0.7618041038513184,-0.02841927669942379,0.27771303057670593,0.7600411176681519,-0.03508054465055466,0.29884058237075806,0.755717933177948,-0.03993947058916092,0.19164921343326569,0.7905786633491516,-0.028445420786738396,0.24222412705421448,0.7804412841796875,-0.040487319231033325,0.2733503580093384,0.7703578472137451,-0.04489799588918686,0.2986674904823303,0.757603645324707,-0.04828128218650818,0.1847934126853943,0.812810480594635,-0.040425024926662445,0.22638879716396332,0.8037764430046082,-0.049294304102659225,0.25201138854026794,0.7989030480384827,-0.049456242471933365,0.2729248106479645,0.793642520904541,-0.049494050443172455,p
0.17952659726142883,0.9406242370605469,2.239123233493956e-07,0.2216651439666748,0.9061627984046936,0.0015222718939185143,0.25205957889556885,0.8640078902244568,-0.003635019063949585,0.27938610315322876,0.8505632281303406,-0.0115338284522295,0.30645811557769775,0.8505355715751648,-0.019634230062365532,0.22103513777256012,0.7825435400009155,-0.00767718767747283,0.23690931499004364,0.7277902960777283,-0.016149114817380905,0.2396170198917389,0.6911696791648865,-0.02239588089287281,0.24110104143619537,0.6598564982414246,-0.028631532564759254,0.2047620266675949,0.7843304872512817,-0.018691806122660637,0.2522643208503723,0.770832896232605,-0.030391719192266464,0.28034520149230957,0.7679020762443542,-0.037181876599788666,0.30237945914268494,0.7625629305839539,-0.042183276265859604,0.19167837500572205,0.7996209859848022,-0.029704639688134193,0.24315790832042694,0.7899599075317383,-0.04198325052857399,0.2757472097873688,0.7780781984329224,-0.04772120341658592,0.3025887906551361,0.7636187076568604,-0.052112385630607605,0.18501469492912292,0.822323739528656,-0.04096999391913414,0.22660768032073975,0.8142029047012329,-0.05047305300831795,0.25286799669265747,0.8092939257621765,-0.05175423249602318,0.2749411165714264,0.8042417168617249,-0.05262806639075279,p
0.17967550456523895,0.9469128847122192,2.3071886801062647e-07,0.2209080457687378,0.9129345417022705,0.0011566649191081524,0.25220146775245667,0.87059086561203,-0.004361059982329607,0.28060680627822876,0.8567646741867065,-0.012679659761488438,0.3087722361087799,0.8573289513587952,-0.021111832931637764,0.22183574736118317,0.789105236530304,-0.006757944356650114,0.23695135116577148,0.7347018122673035,-0.014889508485794067,0.2391686737537384,0.6979643106460571,-0.021101513877511024,0.2405555695295334,0.6670275926589966,-0.027441488578915596,0.20598351955413818,0.7907662987709045,-0.01741320826113224,0.25252512097358704,0.7761497497558594,-0.028992220759391785,0.2807691991329193,0.7725254893302917,-0.035816580057144165,0.30310824513435364,0.7667598724365234,-0.04090089723467827,0.19283735752105713,0.80535888671875,-0.028092799708247185,0.2432117462158203,0.7948213815689087,-0.03995339944958687,0.2748751640319824,0.7848784923553467,-0.045017775148153305,0.3010261356830597,0.7726143002510071,-0.04896452650427818,0.1854558289051056,0.8277447819709778,-0.03912395238876343,0.2246095985174179,0.8192171454429626,-0.04849205166101456,0.24929387867450714,0.8145521879196167,-0.04959338530898094,0.27018073201179504,0.8097729086875916,-0.050277963280677795,p
0.1792212873697281,0.9536408185958862,2.530887854845787e-07,0.22158709168434143,0.919488787651062,0.00045780176878906786,0.25275397300720215,0.876847505569458,-0.005855431314557791,0.2813812494277954,0.8625100255012512,-0.01492768432945013,0.3099716007709503,0.8635284900665283,-0.024009978398680687,0.2206924557685852,0.7943426370620728,-0.00821174681186676,0.23750287294387817,0.7409276366233826,-0.017262736335396767,0.23982588946819305,0.7038349509239197,-0.023956432938575745,0.24092917144298553,0.6719150543212891,-0.03057468682527542,0.20475399494171143,0.7959918975830078,-0.0190126970410347,0.25298836827278137,0.7817887663841248,-0.030785290524363518,0.2821030616760254,0.7773544788360596,-0.03756184130907059,0.3054565191268921,0.7701042890548706,-0.04279718175530434,0.19228258728981018,0.8108826875686646,-0.029896875843405724,0.24482816457748413,0.8017089366912842,-0.04163997992873192,0.2754758298397064,0.792799711227417,-0.04613545164465904,0.3005686104297638,0.7805827260017395,-0.04980272427201271,0.18630333244800568,0.8335747122764587,-0.04132521152496338,0.22824907302856445,0.8264888525009155,-0.05010763928294182,0.2533120810985565,0.823243260383606,-0.05065282806754112,0.2739536762237549,0.8191916942596436,-0.05104271322488785,p
0.18246228992938995,0.9638620018959045,2.70083035047719e-07,0.2220129668712616,0.9294312596321106,-0.0005038846284151077,0.2532736361026764,0.8857637643814087,-0.006933808326721191,0.2825181186199188,0.8706554174423218,-0.01602761633694172,0.31131985783576965,0.8711844682693481,-0.02510499767959118,0.22116467356681824,0.8033561706542969,-0.007616054266691208,0.23644280433654785,0.7498503923416138,-0.01688382960855961,0.2391565442085266,0.7127373218536377,-0.02393728494644165,0.24064867198467255,0.682045578956604,-0.030668478459119797,0.2051105797290802,0.8054586052894592,-0.01770797185599804,0.2518157958984375,0.7886635065078735,-0.02971603535115719,0.2820657193660736,0.7827966213226318,-0.03700558841228485,0.3065638840198517,0.7758926749229431,-0.04248557239770889,0.19220706820487976,0.8200250864028931,-0.028039982542395592,0.2427251636981964,0.8088279962539673,-0.04029148444533348,0.2736983895301819,0.8015514016151428,-0.04514671489596367,0.29928070306777954,0.7921918630599976,-0.04874847084283829,0.18537886440753937,0.8424028158187866,-0.038947150111198425,0.22592201828956604,0.8347453474998474,-0.048259854316711426,0.25025707483291626,0.8320716619491577,-0.049187321215867996,0.2702852189540863,0.8288144469261169,-0.049597639590501785,p
0.18119296431541443,0.9693225622177124,2.910878151851648e-07,0.22214682400226593,0.9336035251617432,-0.0011789120035246015,0.2529536485671997,0.8900420665740967,-0.007642265409231186,0.2818448841571808,0.8752912282943726,-0.016548844054341316,0.3096808195114136,0.8758907914161682,-0.025428202003240585,0.2189415693283081,0.8068718910217285,-0.007469098083674908,0.23631751537322998,0.7553696036338806,-0.016175227239727974,0.2394716441631317,0.7177944779396057,-0.02333153411746025,0.24066881835460663,0.6863284111022949,-0.03029528260231018,0.20378458499908447,0.8090760707855225,-0.017180699855089188,0.25222671031951904,0.7964115142822266,-0.027852002531290054,0.28299129009246826,0.7884691953659058,-0.0352993942797184,0.3076900243759155,0.778141438961029,-0.041346609592437744,0.1924445480108261,0.8247668743133545,-0.027181517332792282,0.2444993406534195,0.8158475160598755,-0.038262028247117996,0.2765205502510071,0.8045365214347839,-0.043856099247932434,0.3029392659664154,0.7904936671257019,-0.04847009479999542,0.18747232854366302,0.8486546277999878,-0.03790879249572754,0.2312125712633133,0.8436205983161926,-0.04665522649884224,0.2579784393310547,0.841585636138916,-0.04774799197912216,0.2803846299648285,0.8394025564193726,-0.048431750386953354,p
0.1800660490989685,0.9759107232093811,2.8193278467369964e-07,0.22105535864830017,0.940276563167572,-0.0006952109979465604,0.2527526021003723,0.8967016935348511,-0.007169022224843502,0.2818455398082733,0.8815677762031555,-0.01626385562121868,0.30998796224594116,0.8813788294792175,-0.025392983108758926,0.21925218403339386,0.812596321105957,-0.006346529349684715,0.23711076378822327,0.7609489560127258,-0.015307210385799408,0.24007679522037506,0.7229522466659546,-0.022739803418517113,0.24092260003089905,0.6908038854598999,-0.030043601989746094,0.20454052090644836,0.8143698573112488,-0.016653232276439667,0.25221991539001465,0.8001465201377869,-0.028037164360284805,0.28274425864219666,0.7914600372314453,-0.03625240921974182,0.3072170913219452,0.7807256579399109,-0.04276496544480324,0.19316139817237854,0.8295046091079712,-0.02724694274365902,0.24476462602615356,0.8194987177848816,-0.03921816870570183,0.27655574679374695,0.8078432679176331,-0.0451958030462265,0.30274590849876404,0.7935765385627747,-0.049934595823287964,0.1875937581062317,0.8532724380493164,-0.0384695790708065,0.22987622022628784,0.8469288945198059,-0.0478518083691597,0.25557616353034973,0.843012273311615,-0.04922044277191162,0.2771069407463074,0.8387946486473083,-0.050110891461372375,p
0.18167388439178467,0.9785073399543762,2.837366253061191e-07,0.22273364663124084,0.9425055384635925,0.00032513978658244014,0.2533469498157501,0.9012339115142822,-0.006696397438645363,0.28193899989128113,0.8867770433425903,-0.016538109630346298,0.31081709265708923,0.8855094313621521,-0.026385031640529633,0.219269260764122,0.8166112899780273,-0.007517460733652115,0.23729832470417023,0.7644039988517761,-0.016891224309802055,0.24041028320789337,0.7265443801879883,-0.024405095726251602,0.24087022244930267,0.69454026222229,-0.03159875050187111,0.203911691904068,0.8190228343009949,-0.01829456351697445,0.252558171749115,0.804023802280426,-0.029520658776164055,0.28285855054855347,0.7965445518493652,-0.0368107445538044,0.3064455986022949,0.7868320941925049,-0.04279775172472,0.19255706667900085,0.8349533677101135,-0.02918819710612297,0.24549056589603424,0.8251343965530396,-0.04068811237812042,0.27768680453300476,0.8159948587417603,-0.044954102486371994,0.3033033013343811,0.8042858242988586,-0.04860558733344078,0.1877124011516571,0.8591080904006958,-0.040650155395269394,0.23129643499851227,0.8529629111289978,-0.04927146062254906,0.25698983669281006,0.8497728705406189,-0.049347300082445145,0.2776854932308197,0.8461235761642456,-0.049340665340423584,p
0.18525375425815582,0.9815421104431152,2.887263406137208e-07,0.22319945693016052,0.9485000967979431,-0.002518171677365899,0.2535480558872223,0.9061102867126465,-0.00984758697450161,0.282696008682251,0.8902492523193359,-0.019399598240852356,0.3115037977695465,0.8898276686668396,-0.02879306860268116,0.2206892967224121,0.8218685984611511,-0.009390189312398434,0.2373291254043579,0.7696298360824585,-0.018819132819771767,0.24071384966373444,0.7316744327545166,-0.02614763379096985,0.24214114248752594,0.7007614374160767,-0.03295373171567917,0.20484036207199097,0.8249743580818176,-0.018088432028889656,0.25289031863212585,0.813182532787323,-0.029825568199157715,0.28338056802749634,0.8061768412590027,-0.036979805678129196,0.3075171113014221,0.7974423170089722,-0.042553339153528214,0.19280864298343658,0.8405842781066895,-0.027050767093896866,0.24402856826782227,0.833060085773468,-0.03901185095310211,0.2744618058204651,0.8274399042129517,-0.04295412078499794,0.2989790141582489,0.819606363773346,-0.045805495232343674,0.18672439455986023,0.8638678789138794,-0.03681765869259834,0.2285948395729065,0.8587385416030884,-0.04564867168664932,0.2534395158290863,0.8562250137329102,-0.04582957923412323,0.27390027046203613,0.8535454273223877,-0.04546897113323212,p
0.18758521974086761,0.9907343983650208,2.4634275064272515e-07,0.22603338956832886,0.9583542943000793,-0.003504831111058593,0.257211834192276,0.9162161946296692,-0.010872283019125462,0.28803783655166626,0.9033903479576111,-0.020288996398448944,0.317760169506073,0.907987117767334,-0.02962968684732914,0.22400812804698944,0.831451416015625,-0.008728244341909885,0.23889146745204926,0.7809732556343079,-0.018109263852238655,0.24212822318077087,0.7435484528541565,-0.025978799909353256,0.24480785429477692,0.7136616706848145,-0.03345196321606636,0.20761923491954803,0.8343707919120789,-0.017369190230965614,0.2519473433494568,0.8255594372749329,-0.029896510764956474,0.2803211808204651,0.8209697008132935,-0.03808353468775749,0.30294468998908997,0.8149546980857849,-0.044262249022722244,0.1947854459285736,0.8511839509010315,-0.0264414194971323,0.24275800585746765,0.8453014492988586,-0.039406854659318924,0.2727239727973938,0.8395847082138062,-0.0449490062892437,0.29740241169929504,0.8315595388412476,-0.04872753098607063,0.18825387954711914,0.8759092092514038,-0.03641656041145325,0.2288346141576767,0.8718429207801819,-0.046403177082538605,0.2539973855018616,0.8713067770004272,-0.04790685698390007,0.2749978303909302,0.8707274198532104,-0.04844116047024727,p
0.18944469094276428,0.9938486218452454,2.602802169349161e-07,0.226449117064476,0.9615480899810791,-0.0035090565215796232,0.25677186250686646,0.9189329147338867,-0.010872424580156803,0.2862764894962311,0.904839038848877,-0.020155586302280426,0.3136327266693115,0.9067466855049133,-0.02923918515443802,0.22410064935684204,0.8388895392417908,-0.010612618178129196,0.2396279126405716,0.7858920693397522,-0.01995452120900154,0.24237266182899475,0.7487949728965759,-0.02691217139363289,0.24403011798858643,0.7177537679672241,-0.03357729688286781,0.20826412737369537,0.8413456678390503,-0.01918647438287735,0.25319233536720276,0.8297062516212463,-0.031270064413547516,0.2806134819984436,0.8238577246665955,-0.03839816898107529,0.30250465869903564,0.8150259852409363,-0.04395091533660889,0.1960759162902832,0.8568702340126038,-0.02814304269850254,0.24563786387443542,0.8501893877983093,-0.040758464485406876,0.27570122480392456,0.844383180141449,-0.04559279605746269,0.299989253282547,0.8354416489601135,-0.04907671734690666,0.18993352353572845,0.879757285118103,-0.03795875981450081,0.23088979721069336,0.8745400309562683,-0.04726427420973778,0.2556012272834778,0.8744726777076721,-0.04801175743341446,0.2760341465473175,0.8738452196121216,-0.04827718436717987,p
0.19004811346530914,0.9951345324516296,2.566458192632126e-07,0.22802288830280304,0.9635148048400879,-0.0026324645150452852,0.25805002450942993,0.9214776754379272,-0.009891176596283913,0.28688833117485046,0.9076228737831116,-0.019244598224759102,0.31450581550598145,0.9093989133834839,-0.028388312086462975,0.22498378157615662,0.8429936766624451,-0.010460619814693928,0.23956862092018127,0.7886935472488403,-0.019690649583935738,0.24224914610385895,0.7507728934288025,-0.0265682153403759,0.2444039285182953,0.7196482419967651,-0.033224452286958694,0.20875899493694305,0.8455208539962769,-0.019561925902962685,0.2526594400405884,0.8334341645240784,-0.03197185695171356,0.2793879508972168,0.8269694447517395,-0.039048932492733,0.30071237683296204,0.8179522752761841,-0.044433772563934326,0.19662955403327942,0.861009955406189,-0.028923219069838524,0.24529191851615906,0.8529762029647827,-0.04135644808411598,0.2749101221561432,0.84529048204422,-0.04586165398359299,0.2987839877605438,0.8348395228385925,-0.0491517074406147,0.19109231233596802,0.8834937214851379,-0.03907904401421547,0.23167933523654938,0.8768081665039062,-0.04809814319014549,0.25588151812553406,0.8744404911994934,-0.04863476753234863,0.2759019136428833,0.8715545535087585,-0.04878953844308853,p
0.19023540616035461,0.9955517053604126,2.7240957933827303e-07,0.22752492129802704,0.9661483764648438,-0.0035075226332992315,0.25795209407806396,0.9234487414360046,-0.011089970357716084,0.28759345412254333,0.9093635678291321,-0.020702362060546875,0.31566211581230164,0.9123921394348145,-0.03032987378537655,0.2251095324754715,0.8446941375732422,-0.0115283178165555,0.2393866330385208,0.7901421189308167,-0.021341990679502487,0.24234752357006073,0.7517258524894714,-0.028554432094097137,0.24481523036956787,0.7205064296722412,-0.03547292575240135,0.20888808369636536,0.8473411202430725,-0.02024124562740326,0.2531597912311554,0.8360739350318909,-0.033964503556489944,0.28137433528900146,0.8299807906150818,-0.0416824109852314,0.3038063049316406,0.8217669725418091,-0.04725455865263939,0.1962754726409912,0.8631021976470947,-0.029249832034111023,0.24324265122413635,0.8547781109809875,-0.04275636002421379,0.2725095748901367,0.8474249243736267,-0.04767662286758423,0.2963407039642334,0.8376290798187256,-0.050996843725442886,0.18933230638504028,0.8855767250061035,-0.03907422348856926,0.2277616411447525,0.878761351108551,-0.049268048256635666,0.2507750391960144,0.8759127855300903,-0.05060075595974922,0.27021661400794983,0.8722469806671143,-0.051150914281606674,p
0.1902342438697815,0.9964808225631714,2.7763309162764926e-07,0.2278214991092682,0.9665625095367432,-0.0028377715498209,0.2577129602432251,0.9245133399963379,-0.010551119223237038,0.28728389739990234,0.9102669954299927,-0.02056301198899746,0.31604528427124023,0.9131217002868652,-0.030800823122262955,0.225533589720726,0.8460323214530945,-0.011562918312847614,0.23946429789066315,0.7915608286857605,-0.02209668792784214,0.2423592060804367,0.7532697916030884,-0.029576271772384644,0.24492715299129486,0.7220834493637085,-0.036723747849464417,0.20901043713092804,0.8490883708000183,-0.02095009572803974,0.25265583395957947,0.8353118896484375,-0.03590294346213341,0.28097814321517944,0.8297356963157654,-0.044187095016241074,0.3037262558937073,0.8225187063217163,-0.05002032592892647,0.19571948051452637,0.8652224540710449,-0.03060811385512352,0.24216286838054657,0.8554718494415283,-0.0454133003950119,0.27125316858291626,0.8492821455001831,-0.050740402191877365,0.2950396239757538,0.8405686616897583,-0.05416480451822281,0.18793386220932007,0.8883815407752991,-0.04091769456863403,0.224969282746315,0.8801637291908264,-0.05232668295502663,0.24739496409893036,0.875221312046051,-0.05450455844402313,0.2668305039405823,0.8688101172447205,-0.055651843547821045,p
0.19019509851932526,0.9961199164390564,2.8470074653341726e-07,0.22682781517505646,0.9670747518539429,-0.0035881446674466133,0.25708380341529846,0.9242969751358032,-0.01142115518450737,0.28708043694496155,0.9103594422340393,-0.021284619346261024,0.31631237268447876,0.9140186309814453,-0.03124815598130226,0.22469235956668854,0.8457109928131104,-0.011978058144450188,0.23923636972904205,0.791199803352356,-0.022034285590052605,0.24215377867221832,0.7525469660758972,-0.029214095324277878,0.24465052783489227,0.7210512757301331,-0.036173027008771896,0.20822785794734955,0.8478623032569885,-0.02071230858564377,0.25311967730522156,0.8359266519546509,-0.035127222537994385,0.2813545763492584,0.8313628435134888,-0.0429711639881134,0.3036194145679474,0.8248094320297241,-0.04838990792632103,0.19524338841438293,0.8632875084877014,-0.029727233573794365,0.24319611489772797,0.8546129465103149,-0.04409528523683548,0.2727126479148865,0.8470818400382996,-0.04944879561662674,0.29664283990859985,0.8367210030555725,-0.05288637429475784,0.18772566318511963,0.8859846591949463,-0.03942246735095978,0.22681492567062378,0.8794399499893188,-0.05039884150028229,0.24992778897285461,0.8758090138435364,-0.05225484073162079,0.2695527672767639,0.87040114402771,-0.05310027673840523,p
0.1872062385082245,0.9950041770935059,2.6980205802829005e-07,0.22268183529376984,0.9652953147888184,-0.003527018940076232,0.2542180120944977,0.9217438697814941,-0.010966166853904724,0.28538763523101807,0.908265233039856,-0.02020093984901905,0.3137698173522949,0.9128261208534241,-0.029374437406659126,0.22303451597690582,0.8428219556808472,-0.011411115527153015,0.23843590915203094,0.788804829120636,-0.020533613860607147,0.2412712424993515,0.751427173614502,-0.027352619916200638,0.24341601133346558,0.7200189232826233,-0.03391805291175842,0.2062222957611084,0.8442133069038391,-0.019798072054982185,0.24832792580127716,0.8324450254440308,-0.0324280709028244,0.2728443145751953,0.827499508857727,-0.039655204862356186,0.2913769483566284,0.8191377520561218,-0.04475077986717224,0.19310960173606873,0.8588612675666809,-0.028443962335586548,0.24083903431892395,0.8500990867614746,-0.04173646494746208,0.26962119340896606,0.8386885523796082,-0.0477106012403965,0.2923094630241394,0.8236384391784668,-0.05171344056725502,0.18588557839393616,0.8816238641738892,-0.037689726799726486,0.2291366457939148,0.8746336102485657,-0.04764602705836296,0.2549813985824585,0.8716565370559692,-0.04917505010962486,0.27596840262413025,0.8672874569892883,-0.04985760524868965,p
0.18609994649887085,0.9948157668113708,2.8492780757005676e-07,0.22190628945827484,0.9655036330223083,-0.004204251803457737,0.2530897259712219,0.9214609861373901,-0.011323616839945316,0.2837897837162018,0.9071693420410156,-0.020071715116500854,0.31225550174713135,0.9107555747032166,-0.02867896482348442,0.2224244624376297,0.8401703238487244,-0.010688776150345802,0.23786896467208862,0.7875563502311707,-0.01951039955019951,0.24093757569789886,0.7494935989379883,-0.026418866589665413,0.2430696338415146,0.718112587928772,-0.03313057869672775,0.2062031477689743,0.8415141701698303,-0.018676800653338432,0.2481326311826706,0.8296234607696533,-0.03032383881509304,0.2740679085254669,0.8208247423171997,-0.03767182677984238,0.2944340109825134,0.8091673254966736,-0.043237678706645966,0.1931585818529129,0.8558837175369263,-0.027069708332419395,0.24028676748275757,0.84771329164505,-0.039660390466451645,0.2695392966270447,0.836642324924469,-0.04546907916665077,0.2929403781890869,0.8221206665039062,-0.04957189783453941,0.18578815460205078,0.8785291314125061,-0.03625865653157234,0.2277621477842331,0.8732234835624695,-0.04609062895178795,0.2531408965587616,0.8712139129638672,-0.04760889708995819,0.27391213178634644,0.8683474659919739,-0.04826691746711731,p
0.18477082252502441,0.9948376417160034,2.623024784043082e-07,0.22054439783096313,0.9654247760772705,-0.0030739493668079376,0.25203511118888855,0.9207602739334106,-0.009665451943874359,0.2826422154903412,0.9062172770500183,-0.018040146678686142,0.31102725863456726,0.9090936779975891,-0.02611328475177288,0.22115176916122437,0.8386953473091125,-0.009007629007101059,0.23725397884845734,0.7860429883003235,-0.01732940971851349,0.2399645447731018,0.7482264637947083,-0.024007901549339294,0.24185539782047272,0.7167362570762634,-0.03058234602212906,0.20478855073451996,0.8399670720100403,-0.017471998929977417,0.24584025144577026,0.8276505470275879,-0.028913060203194618,0.27031654119491577,0.8195732831954956,-0.03625709190964699,0.2894991636276245,0.8086599707603455,-0.041716184467077255,0.1919574737548828,0.8540167212486267,-0.026298629119992256,0.23893673717975616,0.8448547124862671,-0.038910865783691406,0.2683714032173157,0.8338006734848022,-0.044702958315610886,0.29171308875083923,0.8195162415504456,-0.048638176172971725,0.18521004915237427,0.8764734864234924,-0.035788100212812424,0.22768591344356537,0.8688115477561951,-0.04540932551026344,0.25380197167396545,0.86488938331604,-0.04677663743495941,0.27506330609321594,0.860404372215271,-0.04732566326856613,p
0.18312197923660278,0.9945245385169983,2.5203016207342444e-07,0.21961303055286407,0.9637361168861389,-0.002001307439059019,0.25153714418411255,0.9188966751098633,-0.008683030493557453,0.2823600471019745,0.9051681160926819,-0.017407163977622986,0.311703085899353,0.9089301228523254,-0.026014776900410652,0.21936121582984924,0.8366711139678955,-0.00886155292391777,0.2363133430480957,0.784322202205658,-0.017312895506620407,0.23903623223304749,0.7465906143188477,-0.02420492097735405,0.24083545804023743,0.7154133915901184,-0.03098543919622898,0.20311863720417023,0.8384859561920166,-0.018042204901576042,0.2448374181985855,0.8268020749092102,-0.029827477410435677,0.2689830958843231,0.8189016580581665,-0.03741840273141861,0.28782808780670166,0.8083890080451965,-0.04315344989299774,0.19055812060832977,0.8535447120666504,-0.027438847348093987,0.23839983344078064,0.8436130285263062,-0.040250059217214584,0.2681599259376526,0.8328975439071655,-0.046042997390031815,0.29172322154045105,0.8192963600158691,-0.050070103257894516,0.1838485151529312,0.8767552375793457,-0.037369608879089355,0.22519756853580475,0.867050051689148,-0.04746076092123985,0.2510271668434143,0.8613312840461731,-0.04908990114927292,0.27254873514175415,0.855343222618103,-0.049861013889312744,p
0.1822851300239563,0.9949641823768616,2.435575368053833e-07,0.21944478154182434,0.9646549820899963,-0.001637425390072167,0.251522421836853,0.9193798303604126,-0.008296976797282696,0.2820802628993988,0.9050903916358948,-0.017129842191934586,0.3114829957485199,0.9083173274993896,-0.025843914598226547,0.21931219100952148,0.8366592526435852,-0.008616243489086628,0.23658208549022675,0.784268319606781,-0.017041314393281937,0.2391398698091507,0.7464874982833862,-0.023876121267676353,0.24066513776779175,0.7151135206222534,-0.030692115426063538,0.20309235155582428,0.8386218547821045,-0.018173405900597572,0.2451208382844925,0.8263842463493347,-0.03037218190729618,0.26916927099227905,0.8181871771812439,-0.038166459649801254,0.2879769802093506,0.8073500394821167,-0.043929897248744965,0.1908201277256012,0.8540134429931641,-0.02787240780889988,0.23911786079406738,0.8433560132980347,-0.040883488953113556,0.26920565962791443,0.8320928812026978,-0.04668693244457245,0.2929575443267822,0.8181272745132446,-0.05069921538233757,0.18459102511405945,0.8775296211242676,-0.038073696196079254,0.22660452127456665,0.8674266934394836,-0.04813624918460846,0.25260013341903687,0.8609650731086731,-0.049699705094099045,0.27428239583969116,0.8541423678398132,-0.050462909042835236,p
0.18217535316944122,0.9947004318237305,2.764261068932683e-07,0.21867093443870544,0.9633265733718872,-0.002061741426587105,0.25046443939208984,0.9186320900917053,-0.009067230857908726,0.2816484570503235,0.90510094165802,-0.01828654669225216,0.3116108775138855,0.9090774655342102,-0.027505187317728996,0.22031526267528534,0.8368433117866516,-0.009299777448177338,0.23665478825569153,0.7838446497917175,-0.01851833052933216,0.2394898384809494,0.7459293603897095,-0.02565493807196617,0.24126650393009186,0.7146188020706177,-0.03252267837524414,0.2038271427154541,0.8392964601516724,-0.018681328743696213,0.2450554370880127,0.825298547744751,-0.031202569603919983,0.2709106206893921,0.8154178261756897,-0.03914157673716545,0.29184800386428833,0.8036530613899231,-0.04512486234307289,0.19049815833568573,0.8546215891838074,-0.028339743614196777,0.23757898807525635,0.8446658849716187,-0.04186687991023064,0.2672940194606781,0.8337976932525635,-0.04813022166490555,0.2914278209209442,0.8201542496681213,-0.052414070814847946,0.1829838752746582,0.8780102729797363,-0.03854496031999588,0.22460070252418518,0.8692618012428284,-0.04915698617696762,0.25027793645858765,0.8640610575675964,-0.051323916763067245,0.27203232049942017,0.8581077456474304,-0.05249311774969101,p
0.17877881228923798,0.9939135313034058,2.701897869883396e-07,0.2173401564359665,0.9627031683921814,-0.0013019975740462542,0.24986165761947632,0.9178811311721802,-0.00790249090641737,0.2812667787075043,0.904193639755249,-0.016870081424713135,0.31171995401382446,0.9084669351577759,-0.025821568444371223,0.21899011731147766,0.8351438641548157,-0.007959800772368908,0.23641203343868256,0.7834324240684509,-0.016766631975769997,0.23960401117801666,0.7456796765327454,-0.023783357813954353,0.24167774617671967,0.7143027186393738,-0.03068441152572632,0.20294217765331268,0.8375024199485779,-0.017738929018378258,0.24510139226913452,0.8243529200553894,-0.02982303500175476,0.2715248167514801,0.8146401643753052,-0.03766675293445587,0.29305702447891235,0.803142786026001,-0.043643590062856674,0.1901724487543106,0.8529664874076843,-0.027776628732681274,0.23768873512744904,0.8434641361236572,-0.04086175560951233,0.2675815522670746,0.8322532773017883,-0.04712320864200592,0.2918895184993744,0.8184167146682739,-0.05149461701512337,0.18360178172588348,0.8763880729675293,-0.03834719955921173,0.22562740743160248,0.8681145906448364,-0.048593878746032715,0.25133949518203735,0.8633686900138855,-0.05065612122416496,0.27294859290122986,0.8581407070159912,-0.05182058736681938,p
0.17673002183437347,0.9907592535018921,2.7985231554339407e-07,0.215315043926239,0.9603466391563416,-0.0012993953423574567,0.24791134893894196,0.917499840259552,-0.00847568828612566,0.2791973352432251,0.9040831327438354,-0.01817530393600464,0.309518963098526,0.9062696695327759,-0.0275832861661911,0.2178870439529419,0.8341625928878784,-0.007010621018707752,0.2368924617767334,0.7822697758674622,-0.015796713531017303,0.24049706757068634,0.7443902492523193,-0.022828493267297745,0.24225802719593048,0.7129431962966919,-0.029685987159609795,0.2022705376148224,0.8359907269477844,-0.01688450202345848,0.24605309963226318,0.8190218210220337,-0.029124850407242775,0.2727341949939728,0.8098905682563782,-0.037026382982730865,0.29350048303604126,0.7997468709945679,-0.04280027747154236,0.1901261806488037,0.849863588809967,-0.0270154420286417,0.23897920548915863,0.8361583948135376,-0.03931788355112076,0.2683561146259308,0.8278200626373291,-0.04388649761676788,0.29086410999298096,0.8176001906394958,-0.04706976190209389,0.18382644653320312,0.8718153238296509,-0.037817664444446564,0.22588872909545898,0.8625109195709229,-0.04728374630212784,0.25083985924720764,0.8562148213386536,-0.048430267721414566,0.2710423469543457,0.8487902879714966,-0.0488416962325573,p
0.17626602947711945,0.9867059588432312,3.1121797405830876e-07,0.21440541744232178,0.9558546543121338,-0.0018819455290213227,0.24798184633255005,0.9144599437713623,-0.00978272594511509,0.27959609031677246,0.9029204845428467,-0.020076081156730652,0.30970290303230286,0.9064015746116638,-0.030307546257972717,0.21778739988803864,0.8306884765625,-0.008692831732332706,0.23723936080932617,0.779790997505188,-0.018160192295908928,0.24118205904960632,0.7421313524246216,-0.025835322216153145,0.2430770993232727,0.7105185389518738,-0.03308311849832535,0.20203691720962524,0.8321716785430908,-0.018400656059384346,0.24542158842086792,0.8141927123069763,-0.030460748821496964,0.27358752489089966,0.8037163615226746,-0.03861474618315697,0.296112060546875,0.7928668856620789,-0.04481197148561478,0.18914401531219482,0.8457203507423401,-0.028349608182907104,0.2368328720331192,0.832165002822876,-0.04027138277888298,0.2670116722583771,0.8224527835845947,-0.04532240331172943,0.29092079401016235,0.8110858201980591,-0.04913850873708725,0.18171684443950653,0.8682992458343506,-0.03900790587067604,0.22245021164417267,0.859628438949585,-0.04818673059344292,0.24771332740783691,0.854269802570343,-0.049358073621988297,0.26868557929992676,0.8486198782920837,-0.049936551600694656,p
0.1772017627954483,0.9717332720756531,3.290342078798858e-07,0.21596220135688782,0.9409313201904297,-0.0005266650696285069,0.24949045479297638,0.8973286151885986,-0.006380339618772268,0.28024572134017944,0.8852007389068604,-0.014474321156740189,0.30893582105636597,0.8886197209358215,-0.02241556905210018,0.2171686291694641,0.8138594031333923,-0.006225301418453455,0.23441794514656067,0.7604703903198242,-0.013924497179687023,0.23706462979316711,0.7229177951812744,-0.020597992464900017,0.23980844020843506,0.6921125054359436,-0.027285465970635414,0.20176908373832703,0.8157574534416199,-0.016411524266004562,0.24604834616184235,0.7954453229904175,-0.026861965656280518,0.2742331922054291,0.7842212915420532,-0.03430349379777908,0.29830846190452576,0.7735145092010498,-0.04009026288986206,0.189165398478508,0.8296606540679932,-0.026928942650556564,0.23711474239826202,0.8133660554885864,-0.037937231361866,0.26895540952682495,0.8024026155471802,-0.04396728053689003,0.29584214091300964,0.790179431438446,-0.04862651973962784,0.18257731199264526,0.8525097370147705,-0.03798306733369827,0.22178016602993011,0.8392632603645325,-0.04663890227675438,0.24820128083229065,0.8345462679862976,-0.04788306728005409,0.2704871892929077,0.8311454057693481,-0.048708707094192505,p
0.17563560605049133,0.9718418121337891,2.927623086179665e-07,0.21507689356803894,0.9388632774353027,-0.00018181136692874134,0.24707703292369843,0.8974982500076294,-0.007186590228229761,0.2771602272987366,0.8852687478065491,-0.01704292930662632,0.3067808151245117,0.8864603638648987,-0.026967618614435196,0.21733695268630981,0.811474621295929,-0.006408103741705418,0.23558004200458527,0.760582447052002,-0.015400550328195095,0.23907406628131866,0.7240217924118042,-0.022839905694127083,0.2407747358083725,0.6933191418647766,-0.03009546361863613,0.20156091451644897,0.8122605681419373,-0.017112361267209053,0.24526260793209076,0.7966877222061157,-0.028646137565374374,0.2735801339149475,0.7875109314918518,-0.036873526871204376,0.296102374792099,0.7763824462890625,-0.04352954030036926,0.18833523988723755,0.8259731531143188,-0.02808494307100773,0.23667001724243164,0.8125035762786865,-0.04017830640077591,0.2672324478626251,0.8033047318458557,-0.045795198529958725,0.2915031313896179,0.7921737432479858,-0.0502915233373642,0.1801752746105194,0.8487005829811096,-0.03959592804312706,0.21959200501441956,0.8387059569358826,-0.05003073066473007,0.2447931170463562,0.832596480846405,-0.05218692123889923,0.26618826389312744,0.8259279727935791,-0.053485237061977386,p
0.1723431497812271,0.9702023267745972,2.951792623662186e-07,0.2131774127483368,0.9378939270973206,-0.00044862902723252773,0.24603554606437683,0.8958836793899536,-0.007032532244920731,0.27606675028800964,0.8833842873573303,-0.016301576048135757,0.3055631220340729,0.8850848078727722,-0.02538471668958664,0.21577036380767822,0.8108609318733215,-0.005880478769540787,0.23419757187366486,0.7591155767440796,-0.014221818186342716,0.2380036562681198,0.7217718958854675,-0.021150505170226097,0.240183487534523,0.6906613707542419,-0.028054028749465942,0.20044036209583282,0.8109367489814758,-0.01608973927795887,0.2452581822872162,0.7941339612007141,-0.026903444901108742,0.27405476570129395,0.7850072383880615,-0.03460900858044624,0.29675817489624023,0.7741063833236694,-0.04078977182507515,0.18800225853919983,0.8234925270080566,-0.026580369099974632,0.23753009736537933,0.8101747632026672,-0.03769340366125107,0.26764652132987976,0.801964521408081,-0.04272008314728737,0.29102903604507446,0.7918174266815186,-0.046812377870082855,0.18111835420131683,0.8445591330528259,-0.037736088037490845,0.22228191792964935,0.8370709419250488,-0.046902649104595184,0.2475314438343048,0.8326281309127808,-0.0483689047396183,0.26791563630104065,0.8275067806243896,-0.04923144355416298,p
0.1737348586320877,0.966026782989502,3.078716304116824e-07,0.21272492408752441,0.9343646764755249,-0.0017959106480702758,0.2461850345134735,0.8920414447784424,-0.008372104726731777,0.27675873041152954,0.8796380162239075,-0.01722557470202446,0.3059569001197815,0.8821355700492859,-0.025854995474219322,0.2173229306936264,0.8098060488700867,-0.00687362952157855,0.2350512444972992,0.7571674585342407,-0.015050266869366169,0.23864369094371796,0.7195718884468079,-0.021749243140220642,0.2407519817352295,0.6883901357650757,-0.02825998142361641,0.20218007266521454,0.809577465057373,-0.01606472209095955,0.24507932364940643,0.7918875813484192,-0.02637811191380024,0.27357232570648193,0.7816557884216309,-0.03382242098450661,0.2963659465312958,0.7707876563072205,-0.03967217355966568,0.18885435163974762,0.8208401203155518,-0.025616174563765526,0.23629163205623627,0.8075670003890991,-0.036377545446157455,0.2659371495246887,0.7976619601249695,-0.04158201068639755,0.28932809829711914,0.7863402962684631,-0.04567316547036171,0.1806926429271698,0.840503454208374,-0.035903990268707275,0.22116737067699432,0.8336727023124695,-0.04450809210538864,0.2462233603000641,0.830803632736206,-0.04554855078458786,0.26614120602607727,0.8283283710479736,-0.04601334035396576,p
0.17271125316619873,0.9620429277420044,2.962387384286558e-07,0.2122001349925995,0.9310700297355652,-0.0008661976899020374,0.2461957335472107,0.8890458941459656,-0.0063737742602825165,0.2762208878993988,0.8777027130126953,-0.014420625753700733,0.30511805415153503,0.8803820610046387,-0.022271405905485153,0.2188880741596222,0.8074069023132324,-0.0037716992665082216,0.23500469326972961,0.7536177635192871,-0.01101953350007534,0.23828589916229248,0.715173602104187,-0.017357951030135155,0.24132509529590607,0.6837019920349121,-0.02376195229589939,0.20426510274410248,0.806820809841156,-0.013537360355257988,0.24534618854522705,0.789080023765564,-0.023942667990922928,0.27366694808006287,0.7780656218528748,-0.031975604593753815,0.29721391201019287,0.7673348188400269,-0.038054559379816055,0.19086097180843353,0.817467451095581,-0.023792671039700508,0.23634055256843567,0.8028181195259094,-0.035085782408714294,0.2668295204639435,0.7919843196868896,-0.04128274694085121,0.2916947901248932,0.7805727124214172,-0.045789048075675964,0.18213185667991638,0.8362839818000793,-0.03467273339629173,0.2202230840921402,0.8258453011512756,-0.044142626225948334,0.2460038810968399,0.8199592232704163,-0.04602546989917755,0.2673759460449219,0.8155712485313416,-0.046974875032901764,p
0.17193354666233063,0.962011456489563,2.6278618747710425e-07,0.21276648342609406,0.9314604997634888,0.0003713177575264126,0.24663767218589783,0.8889475464820862,-0.003946816548705101,0.27642402052879333,0.8768054842948914,-0.010941267013549805,0.3051183819770813,0.879497230052948,-0.01769080013036728,0.21926139295101166,0.8074856400489807,-0.002363110426813364,0.2351270318031311,0.7543387413024902,-0.009138683788478374,0.23791320621967316,0.716504693031311,-0.015192003920674324,0.24012254178524017,0.6846569776535034,-0.021399913355708122,0.20485998690128326,0.8065434098243713,-0.012599396519362926,0.24598243832588196,0.7892661094665527,-0.021945839747786522,0.27290457487106323,0.7792872190475464,-0.029083894565701485,0.29474061727523804,0.7684354782104492,-0.034757256507873535,0.19185170531272888,0.8165808916091919,-0.023376626893877983,0.2388220578432083,0.8028523921966553,-0.03415105491876602,0.269361287355423,0.79159015417099,-0.0400952585041523,0.29360538721084595,0.7790091037750244,-0.044589653611183167,0.18381492793560028,0.8348085880279541,-0.03468872606754303,0.22370873391628265,0.824256956577301,-0.04366263002157211,0.2507171332836151,0.8180901408195496,-0.04519990086555481,0.27241241931915283,0.8128803372383118,-0.04607278108596802,p
0.17269431054592133,0.956641435623169,2.9963990755277337e-07,0.21217681467533112,0.9253025054931641,0.0003524895291775465,0.24656252562999725,0.8837311267852783,-0.005542559549212456,0.2772243320941925,0.8701043128967285,-0.014228018000721931,0.30631762742996216,0.8731064200401306,-0.022712351754307747,0.21724414825439453,0.8014551401138306,-0.0030598370358347893,0.23347148299217224,0.7476857900619507,-0.010639773681759834,0.23735317587852478,0.7104997038841248,-0.01722443290054798,0.24019911885261536,0.680034875869751,-0.02378135733306408,0.202332004904747,0.8013173937797546,-0.013330507092177868,0.2438037097454071,0.7794684171676636,-0.024322012439370155,0.2712675631046295,0.7716956734657288,-0.03189093619585037,0.29321321845054626,0.7646901607513428,-0.037359725683927536,0.18979060649871826,0.8125016093254089,-0.023952051997184753,0.235599547624588,0.7964012622833252,-0.035000141710042953,0.265546977519989,0.7871218323707581,-0.039799779653549194,0.28979921340942383,0.7776140570640564,-0.043386559933423996,0.1817309409379959,0.8323022723197937,-0.035073425620794296,0.2195918709039688,0.8213721513748169,-0.043639060109853745,0.2442101091146469,0.8151930570602417,-0.044490475207567215,0.2644228935241699,0.8092053532600403,-0.04488092660903931,p
0.1753123253583908,0.9425263404846191,3.0978708309703507e-07,0.21420666575431824,0.9085341691970825,0.0012512026587501168,0.24716119468212128,0.868037760257721,-0.0048268577083945274,0.2764357030391693,0.8553956747055054,-0.014025541953742504,0.3050306439399719,0.8584396243095398,-0.023162737488746643,0.21586380898952484,0.7860339879989624,-0.0019196808570995927,0.2311219871044159,0.7337536811828613,-0.009495248086750507,0.2345881164073944,0.6983621120452881,-0.01648150570690632,0.23724110424518585,0.6687881350517273,-0.023272713646292686,0.20082785189151764,0.7860177159309387,-0.012767171487212181,0.24214139580726624,0.7646482586860657,-0.023600105196237564,0.2685776650905609,0.755861222743988,-0.031327441334724426,0.29015424847602844,0.7465755343437195,-0.03707745671272278,0.18856334686279297,0.7970569729804993,-0.023975376039743423,0.23491354286670685,0.7806282043457031,-0.03499717637896538,0.26516181230545044,0.7713589072227478,-0.03944860026240349,0.2903290092945099,0.7613149881362915,-0.04269406571984291,0.1811739057302475,0.81661057472229,-0.03562287241220474,0.2190699726343155,0.8012961149215698,-0.043698687106370926,0.2439078390598297,0.7944543361663818,-0.04361288622021675,0.26492732763290405,0.7883358597755432,-0.04325607791543007,p
0.17307697236537933,0.935512363910675,3.1214503337650967e-07,0.2127094864845276,0.9025113582611084,0.0015347449807450175,0.24435803294181824,0.8623723387718201,-0.003990217112004757,0.27152368426322937,0.847634494304657,-0.012654698453843594,0.2990840971469879,0.845222532749176,-0.021199500188231468,0.21468965709209442,0.7798420786857605,-0.001824995269998908,0.22980891168117523,0.7261947989463806,-0.009091722778975964,0.23318830132484436,0.6889255046844482,-0.015471218153834343,0.23548918962478638,0.658132016658783,-0.02176145277917385,0.20021790266036987,0.7786837220191956,-0.012429819442331791,0.24374814331531525,0.7562685012817383,-0.022225886583328247,0.2718566656112671,0.7465720176696777,-0.029276464134454727,0.2940290570259094,0.7370437383651733,-0.03476200997829437,0.1882440149784088,0.788859486579895,-0.02332378551363945,0.23592624068260193,0.7709442973136902,-0.03363427147269249,0.26582974195480347,0.7622448801994324,-0.03741595894098282,0.28970566391944885,0.7536518573760986,-0.04041706398129463,0.1807926744222641,0.8077020049095154,-0.03466080501675606,0.22028128802776337,0.7946033477783203,-0.0427858904004097,0.24584318697452545,0.7888832688331604,-0.04260657727718353,0.26667270064353943,0.7842156887054443,-0.04210597649216652,p
0.1726219356060028,0.9290212988853455,3.0706624443155306e-07,0.21327605843544006,0.8944621086120605,0.002222964074462652,0.2449270784854889,0.8524693250656128,-0.0028326152823865414,0.2720533609390259,0.8366327881813049,-0.010991579852998257,0.2988692820072174,0.8340675830841064,-0.019031045958399773,0.21269871294498444,0.7724288702011108,-0.002320478903129697,0.22809860110282898,0.7189347147941589,-0.010175656527280807,0.23146872222423553,0.6814386248588562,-0.016780832782387733,0.23379693925380707,0.6505563259124756,-0.023219654336571693,0.19756928086280823,0.7717803716659546,-0.01325276494026184,0.24277625977993011,0.7498412728309631,-0.02397349663078785,0.27164050936698914,0.7400427460670471,-0.031313396990299225,0.29503941535949707,0.7306862473487854,-0.03681045025587082,0.18544526398181915,0.7827166318893433,-0.024392452090978622,0.2342548370361328,0.7664055824279785,-0.03579546511173248,0.26474541425704956,0.7565036416053772,-0.040225300937891006,0.2896852195262909,0.7464635968208313,-0.04352715238928795,0.1785283237695694,0.8020273447036743,-0.03585502505302429,0.21846413612365723,0.7908784747123718,-0.045258890837430954,0.24389316141605377,0.7858356237411499,-0.04596910625696182,0.264721155166626,0.7809149026870728,-0.04604148492217064,p
0.1713901162147522,0.9202133417129517,2.8394438800205535e-07,0.2151586264371872,0.8833432197570801,0.006952793337404728,0.24592261016368866,0.8419050574302673,0.004072810523211956,0.2728544771671295,0.8272393345832825,-0.0030152699910104275,0.3002847731113434,0.8249284625053406,-0.010488915257155895,0.21123579144477844,0.7636603116989136,0.0028727420140057802,0.2274334877729416,0.7101412415504456,-0.0029852555599063635,0.23105108737945557,0.673818051815033,-0.008465965278446674,0.23361054062843323,0.643364667892456,-0.014560570940375328,0.19702351093292236,0.7634070515632629,-0.010689434595406055,0.24387812614440918,0.7407811284065247,-0.01997971348464489,0.2735986113548279,0.7313888669013977,-0.027191270142793655,0.2975723445415497,0.7227529883384705,-0.03297482430934906,0.18584127724170685,0.7757430672645569,-0.02426009252667427,0.2359369397163391,0.7584457993507385,-0.03480668365955353,0.2675079107284546,0.7472707033157349,-0.04017901420593262,0.2931925356388092,0.7350257635116577,-0.044597893953323364,0.18062317371368408,0.7958784699440002,-0.03771357983350754,0.2197951078414917,0.7803860306739807,-0.04692390188574791,0.2449745386838913,0.7739656567573547,-0.048205118626356125,0.2663709223270416,0.7682433128356934,-0.04909428581595421,p
0.17317259311676025,0.9127817749977112,2.767419005067495e-07,0.2167624682188034,0.8761775493621826,0.005322564858943224,0.24881140887737274,0.8346971273422241,0.0010338438441976905,0.2770691514015198,0.8207367062568665,-0.006990621332079172,0.3059415817260742,0.8193821907043457,-0.015206008218228817,0.21101683378219604,0.7557830810546875,-0.0006440967554226518,0.226795956492424,0.7039111852645874,-0.00829352717846632,0.22963862121105194,0.6679507493972778,-0.014672406017780304,0.2315376102924347,0.6381720900535583,-0.021197957918047905,0.19658616185188293,0.7562019228935242,-0.013523560017347336,0.24278560280799866,0.7337652444839478,-0.02471376769244671,0.2721731960773468,0.725212812423706,-0.03230162709951401,0.2962811589241028,0.7169074416160583,-0.038071997463703156,0.1855161190032959,0.7688062191009521,-0.02639031410217285,0.23496019840240479,0.7503189444541931,-0.038079243153333664,0.26611950993537903,0.7398395538330078,-0.043064508587121964,0.2918608486652374,0.7286997437477112,-0.04690573737025261,0.18009571731090546,0.7894155383110046,-0.039247091859579086,0.21834276616573334,0.7732654213905334,-0.04930933564901352,0.24295011162757874,0.7627792358398438,-0.05112072825431824,0.26408612728118896,0.7524035573005676,-0.0522465780377388,p
0.17347417771816254,0.9073694944381714,2.843160302745673e-07,0.217180997133255,0.8678325414657593,0.007066143676638603,0.24705180525779724,0.8259063959121704,0.0033685206435620785,0.27520081400871277,0.810739278793335,-0.00465537142008543,0.3043123483657837,0.8076839447021484,-0.012964810244739056,0.20791666209697723,0.7500354647636414,0.0026437414344400167,0.22610515356063843,0.7001311182975769,-0.0044045839458703995,0.22948098182678223,0.6647592782974243,-0.010768451727926731,0.23157422244548798,0.6348578929901123,-0.01762506365776062,0.19455215334892273,0.7504024505615234,-0.0112386429682374,0.24236662685871124,0.7241215705871582,-0.02184535190463066,0.2721576988697052,0.7142112255096436,-0.02949114516377449,0.2967053949832916,0.7056499123573303,-0.03560030832886696,0.18479174375534058,0.7628833055496216,-0.0251617468893528,0.23537372052669525,0.7404036521911621,-0.035940609872341156,0.26634690165519714,0.7313205599784851,-0.04042496532201767,0.29152604937553406,0.7225828766822815,-0.04433329775929451,0.18040920794010162,0.7834647297859192,-0.03908712416887283,0.21799400448799133,0.7659884691238403,-0.04898829385638237,0.24275824427604675,0.7554230690002441,-0.05121250078082085,0.26434022188186646,0.7451764941215515,-0.05289275199174881,p
0.1743239015340805,0.8988206386566162,2.7933572255278705e-07,0.21856819093227386,0.8598939776420593,0.008026081137359142,0.24865591526031494,0.817531943321228,0.005666540004312992,0.27745380997657776,0.8035184741020203,-0.0013104303507134318,0.3067351281642914,0.803066611289978,-0.00882001407444477,0.20957867801189423,0.7433719038963318,0.004679020494222641,0.2253861129283905,0.6936397552490234,-0.000855082820635289,0.22750110924243927,0.6588528156280518,-0.006327992770820856,0.22963765263557434,0.6292811632156372,-0.01279971469193697,0.19571849703788757,0.7428417801856995,-0.009655987843871117,0.2427453249692917,0.7182583212852478,-0.01942620798945427,0.27229073643684387,0.7086629271507263,-0.027197647839784622,0.29739823937416077,0.701653778553009,-0.03334391489624977,0.18531909584999084,0.7546660900115967,-0.02403528057038784,0.23519623279571533,0.7349720001220703,-0.03422654792666435,0.2658258378505707,0.7246903777122498,-0.04020466282963753,0.2917514443397522,0.7145266532897949,-0.045207031071186066,0.18122321367263794,0.7742669582366943,-0.038396745920181274,0.2179468870162964,0.7571852207183838,-0.048050764948129654,0.2431369572877884,0.7482365369796753,-0.051043372601270676,0.2658967077732086,0.7409175634384155,-0.0533561073243618,p
0.17781540751457214,0.8795939087867737,3.1773942055224325e-07,0.22111180424690247,0.8417801856994629,0.005371584091335535,0.2512340843677521,0.799023449420929,0.0014179180143401027,0.2804628014564514,0.7838627696037292,-0.006317874416708946,0.308748722076416,0.7815250754356384,-0.01444423571228981,0.20737898349761963,0.7224229574203491,0.001278495299629867,0.22281277179718018,0.6734735369682312,-0.005191344767808914,0.22379299998283386,0.6387678980827332,-0.0114317387342453,0.22536051273345947,0.6097713708877563,-0.01840887777507305,0.19455811381340027,0.7232796549797058,-0.011170748621225357,0.2412077933549881,0.6994965672492981,-0.021366145461797714,0.2705424427986145,0.6906973719596863,-0.028872406110167503,0.2968604564666748,0.6830378770828247,-0.03489556536078453,0.18677562475204468,0.7369320392608643,-0.023700164631009102,0.23708415031433105,0.7180837392807007,-0.0341029055416584,0.26784297823905945,0.7090451717376709,-0.03870358318090439,0.29468297958374023,0.6992663741111755,-0.04271986335515976,0.18517613410949707,0.7585592865943909,-0.03638668358325958,0.22166912257671356,0.7420831322669983,-0.045890092849731445,0.2462713122367859,0.7340807318687439,-0.04800045117735863,0.26885879039764404,0.7257723808288574,-0.04963301494717598,p
0.1813991367816925,0.8759104013442993,3.159042876177409e-07,0.22235721349716187,0.8384490609169006,0.0027025449089705944,0.2524881362915039,0.7945677638053894,-0.0026198318228125572,0.2810777425765991,0.7778412699699402,-0.011208867654204369,0.3092917203903198,0.7774597406387329,-0.020109446719288826,0.2118033766746521,0.7186647057533264,-0.0029009925201535225,0.22499100863933563,0.6686220169067383,-0.01045489963144064,0.22608061134815216,0.6324116587638855,-0.017125416547060013,0.2276233583688736,0.6027392148971558,-0.024301543831825256,0.1979169249534607,0.7189263105392456,-0.014381086453795433,0.2433573454618454,0.6922581195831299,-0.02561352215707302,0.2734551429748535,0.6813545227050781,-0.033980052918195724,0.29909223318099976,0.6728453040122986,-0.040559232234954834,0.1882491111755371,0.7314262390136719,-0.025865059345960617,0.23753994703292847,0.710150420665741,-0.03704991936683655,0.26767730712890625,0.701942503452301,-0.04215019568800926,0.2927471101284027,0.6947461366653442,-0.04638627544045448,0.18425273895263672,0.751960277557373,-0.03771473839879036,0.2211361527442932,0.7365770936012268,-0.04798058420419693,0.24554532766342163,0.7268922924995422,-0.05084645375609398,0.26715007424354553,0.717657208442688,-0.052880167961120605,p
0.18124249577522278,0.8647190928459167,3.1327564897765114e-07,0.2236085832118988,0.8260599970817566,0.0040717776864767075,0.25272083282470703,0.7819599509239197,-0.0005135616520419717,0.2813001275062561,0.7645720839500427,-0.008606139570474625,0.30964604020118713,0.762378990650177,-0.016797982156276703,0.20716768503189087,0.7054436206817627,-0.000214756655623205,0.22309716045856476,0.6583367586135864,-0.007004005368798971,0.2236841470003128,0.6226205229759216,-0.013486568816006184,0.22488217055797577,0.592726469039917,-0.020654158666729927,0.19457894563674927,0.7060415744781494,-0.01223310548812151,0.24291500449180603,0.6800392866134644,-0.022967087104916573,0.2729937434196472,0.6698077917098999,-0.030894501134753227,0.2992115020751953,0.6617876887321472,-0.03698676452040672,0.1874990016222,0.7192049622535706,-0.02423199824988842,0.23866751790046692,0.6977288126945496,-0.03483424335718155,0.26964497566223145,0.6898155808448792,-0.039249174296855927,0.2957959473133087,0.6823403239250183,-0.04285895824432373,0.18731102347373962,0.7403584122657776,-0.03654531389474869,0.2255813479423523,0.7234447002410889,-0.045541778206825256,0.25038909912109375,0.713799774646759,-0.04739788547158241,0.2722912132740021,0.7050105333328247,-0.04878048971295357,p
0.18372245132923126,0.8583399653434753,3.1663955724070547e-07,0.22497940063476562,0.8204103708267212,0.0031849639490246773,0.25450247526168823,0.7774482369422913,-0.0015571019612252712,0.2832348048686981,0.7629225254058838,-0.009540470317006111,0.3116075098514557,0.762043833732605,-0.01761726289987564,0.21159091591835022,0.70103919506073,-0.0014647573698312044,0.2251957356929779,0.6507257223129272,-0.008545498363673687,0.22502119839191437,0.615138828754425,-0.014736871235072613,0.22540581226348877,0.5851830244064331,-0.02149965427815914,0.19827120006084442,0.7022323608398438,-0.013307658024132252,0.2452632188796997,0.6748169660568237,-0.024088939651846886,0.2753894627094269,0.6626393795013428,-0.03207961097359657,0.30159640312194824,0.6514896154403687,-0.038322046399116516,0.18920652568340302,0.7152044773101807,-0.02533900737762451,0.23953735828399658,0.6940338611602783,-0.03681208938360214,0.27160975337028503,0.6839336156845093,-0.042827852070331573,0.2986258864402771,0.6740365028381348,-0.04749095067381859,0.1873081475496292,0.7351162433624268,-0.03769104927778244,0.22530624270439148,0.7188922166824341,-0.0482444204390049,0.25050970911979675,0.7111386656761169,-0.0513678640127182,0.27285489439964294,0.7044485211372375,-0.05347594991326332,p
0.18111072480678558,0.8546385765075684,2.907833334120369e-07,0.2257789522409439,0.814833402633667,0.006346448324620724,0.2542461156845093,0.7722179293632507,0.0027966592460870743,0.2818067669868469,0.7561934590339661,-0.004900982137769461,0.31048694252967834,0.7551191449165344,-0.013017253950238228,0.2110307514667511,0.6954280138015747,0.001626817393116653,0.22657492756843567,0.6466651558876038,-0.005575884599238634,0.22708556056022644,0.610930860042572,-0.012005824595689774,0.22880655527114868,0.5807797312736511,-0.019309675320982933,0.19816479086875916,0.696108877658844,-0.012360354885458946,0.2466675043106079,0.6703168153762817,-0.023876016959547997,0.27698442339897156,0.6585418581962585,-0.03223985433578491,0.30416905879974365,0.6483982801437378,-0.03886037319898605,0.18951833248138428,0.7091941237449646,-0.026446064934134483,0.2407681792974472,0.6874321699142456,-0.038575466722249985,0.27231690287590027,0.6783990263938904,-0.04418303817510605,0.29950380325317383,0.6698890924453735,-0.04872169718146324,0.18755583465099335,0.7300378680229187,-0.0406479649245739,0.22586840391159058,0.7136861681938171,-0.052492812275886536,0.25136831402778625,0.7042686939239502,-0.05633443966507912,0.27432548999786377,0.6953076720237732,-0.05903298780322075,p
0.18391241133213043,0.849594235420227,2.7348883691047376e-07,0.22555950284004211,0.8129007816314697,0.0036064579617232084,0.25518089532852173,0.7690102458000183,0.00043779314728453755,0.2835503816604614,0.7545267343521118,-0.006007769610732794,0.31178396940231323,0.7536729574203491,-0.01252737082540989,0.21510031819343567,0.6947287917137146,-0.0006933971890248358,0.22833755612373352,0.6414709091186523,-0.007236553821712732,0.22854600846767426,0.6051021218299866,-0.012571262195706367,0.2297748476266861,0.5747737288475037,-0.018637707456946373,0.20139430463314056,0.6948812007904053,-0.012418028898537159,0.2467028647661209,0.6697837114334106,-0.02288893237709999,0.2751493453979492,0.6596568822860718,-0.029918693006038666,0.29977357387542725,0.6504848599433899,-0.035437021404504776,0.19144295156002045,0.7060101628303528,-0.024490727111697197,0.24136613309383392,0.6850889921188354,-0.0358864888548851,0.27267175912857056,0.6741263270378113,-0.041966963559389114,0.2990359365940094,0.6638789772987366,-0.04672937095165253,0.18763814866542816,0.723857045173645,-0.0368511825799942,0.22611621022224426,0.707538902759552,-0.048040762543678284,0.25255557894706726,0.6989029049873352,-0.05185233801603317,0.27562057971954346,0.6916675567626953,-0.05442183092236519,p
0.18330927193164825,0.8441440463066101,2.62943927964443e-07,0.22412651777267456,0.8087455630302429,0.0030080981086939573,0.25415512919425964,0.7653124332427979,-0.0007580250385217369,0.2824828326702118,0.7499078512191772,-0.007731323596090078,0.3107070028781891,0.7486906051635742,-0.014585358090698719,0.213791623711586,0.6906689405441284,-0.001401284709572792,0.22916120290756226,0.6367950439453125,-0.0075350189581513405,0.2300085574388504,0.6004937291145325,-0.012533633038401604,0.23161327838897705,0.5702699422836304,-0.018351655453443527,0.20020602643489838,0.6905911564826965,-0.012981182895600796,0.24626412987709045,0.6690409779548645,-0.023217706009745598,0.2738930881023407,0.6601619720458984,-0.030024128034710884,0.297324538230896,0.6510173678398132,-0.035397302359342575,0.19080856442451477,0.7019666433334351,-0.024846307933330536,0.2415197193622589,0.6822556257247925,-0.03585609048604965,0.27321192622184753,0.6722896099090576,-0.04127979278564453,0.29950565099716187,0.6623073220252991,-0.04565306007862091,0.18767793476581573,0.7196810841560364,-0.037056878209114075,0.22655706107616425,0.7031060457229614,-0.04727599769830704,0.253177672624588,0.6937832832336426,-0.050142548978328705,0.2763863801956177,0.6857501268386841,-0.052155330777168274,p
0.1803484410047531,0.835537314414978,2.81989599670851e-07,0.2235509157180786,0.8018337488174438,0.0036008316092193127,0.2544788718223572,0.7583603858947754,0.0005082880379632115,0.28327780961990356,0.743401050567627,-0.006017161533236504,0.31230172514915466,0.7418968081474304,-0.012579805217683315,0.2158070057630539,0.6807986497879028,0.001026774407364428,0.23116032779216766,0.6284810900688171,-0.0046036336570978165,0.2315852791070938,0.5920875072479248,-0.009835314005613327,0.23327858746051788,0.5610159039497375,-0.016211513429880142,0.20128914713859558,0.680000901222229,-0.011132407933473587,0.24812966585159302,0.6585225462913513,-0.021861162036657333,0.27746492624282837,0.6493964195251465,-0.03010742925107479,0.3033502995967865,0.6411951780319214,-0.03642761707305908,0.19068333506584167,0.6909060478210449,-0.023583004251122475,0.241142138838768,0.6733741164207458,-0.03489421680569649,0.2733658254146576,0.6646363735198975,-0.041421256959438324,0.30092892050743103,0.6556918621063232,-0.04648631066083908,0.18705081939697266,0.7087427377700806,-0.03638879582285881,0.22611472010612488,0.6928492188453674,-0.0473276786506176,0.25348106026649475,0.6836667060852051,-0.051190849393606186,0.2780909538269043,0.6757301092147827,-0.05387091264128685,p
0.18062713742256165,0.8361132740974426,2.615107916881243e-07,0.22499147057533264,0.7998447418212891,0.004497178364545107,0.25509029626846313,0.7571301460266113,0.0005911443731747568,0.28301766514778137,0.7415593862533569,-0.007134404499083757,0.31183499097824097,0.7418117523193359,-0.014917231164872646,0.21412743628025055,0.6797431111335754,0.0002594403922557831,0.23113030195236206,0.6288430690765381,-0.006561471149325371,0.23208141326904297,0.5921129584312439,-0.012381519190967083,0.23339548707008362,0.5613281726837158,-0.01910974085330963,0.20020096004009247,0.6790106892585754,-0.012487994506955147,0.2483467310667038,0.6601572632789612,-0.02456790953874588,0.2771678566932678,0.6526878476142883,-0.03257528692483902,0.3020835518836975,0.6450380682945251,-0.03852443769574165,0.19068574905395508,0.6906929612159729,-0.025382401421666145,0.24284358322620392,0.6735439896583557,-0.03738764300942421,0.2747807800769806,0.6652488708496094,-0.04293091967701912,0.30198734998703003,0.6572375297546387,-0.04732147604227066,0.18729346990585327,0.7091934084892273,-0.038595590740442276,0.22618593275547028,0.6961467862129211,-0.05006250739097595,0.2528356611728668,0.6873368620872498,-0.0538506805896759,0.2770020663738251,0.6788824796676636,-0.056429266929626465,p
0.1822155863046646,0.835849940776825,2.4404135956501705e-07,0.22461529076099396,0.8003709316253662,0.0037539659533649683,0.25540414452552795,0.757387101650238,-0.0004132580361329019,0.2842424213886261,0.7425239086151123,-0.008306408300995827,0.3129797577857971,0.742866575717926,-0.01616368629038334,0.21576252579689026,0.6820066571235657,0.0002484149008523673,0.2311689257621765,0.6291682124137878,-0.005990452133119106,0.23187176883220673,0.5932374000549316,-0.01128348708152771,0.23268739879131317,0.5627567172050476,-0.01751294732093811,0.20112204551696777,0.6811031103134155,-0.012119357474148273,0.2480461299419403,0.6623389720916748,-0.02391415648162365,0.2740556299686432,0.6574053168296814,-0.03142542392015457,0.29533517360687256,0.6510850787162781,-0.03668440505862236,0.19090816378593445,0.6919726729393005,-0.024708040058612823,0.2435789406299591,0.6747985482215881,-0.036543771624565125,0.2757185697555542,0.6644746661186218,-0.04237058013677597,0.30215445160865784,0.6538723111152649,-0.046850573271512985,0.18670117855072021,0.709281861782074,-0.03758803755044937,0.22696173191070557,0.6965833306312561,-0.048616472631692886,0.25424227118492126,0.6881856918334961,-0.052003681659698486,0.27871236205101013,0.6798301339149475,-0.05419573932886124,p
0.1826953887939453,0.8360826373100281,2.6025119836958766e-07,0.22422125935554504,0.8011612296104431,0.002586470451205969,0.2552506923675537,0.7577627897262573,-0.002038846490904689,0.2843528985977173,0.742884635925293,-0.010085883550345898,0.31307774782180786,0.7435446381568909,-0.018048226833343506,0.2153874635696411,0.6815481185913086,-0.0011010299203917384,0.23126183450222015,0.6288244724273682,-0.007491864264011383,0.23212134838104248,0.5926575660705566,-0.01280782837420702,0.2329631745815277,0.5621194243431091,-0.019013963639736176,0.20071834325790405,0.6806617975234985,-0.012823217548429966,0.24799662828445435,0.6623664498329163,-0.024600857868790627,0.27512145042419434,0.6570451855659485,-0.03210576996207237,0.29748156666755676,0.6505224108695984,-0.037394437938928604,0.19049304723739624,0.6917378306388855,-0.024823985993862152,0.24272017180919647,0.6749193668365479,-0.03675413876771927,0.27495667338371277,0.6647635698318481,-0.042758386582136154,0.3016877770423889,0.6542866826057434,-0.04732242971658707,0.18641482293605804,0.7092558741569519,-0.03720352053642273,0.2262350171804428,0.696454644203186,-0.0483333058655262,0.2533811330795288,0.6882297992706299,-0.051903896033763885,0.2778768539428711,0.6801756024360657,-0.05420498177409172,p
0.1825561225414276,0.8364633321762085,2.580290185960621e-07,0.2242773473262787,0.8012082576751709,0.0031044839415699244,0.25558674335479736,0.7574113011360168,6.560814654221758e-05,0.28507933020591736,0.7445205450057983,-0.006296294741332531,0.3136903643608093,0.7458481788635254,-0.01257458608597517,0.2167988419532776,0.6812454462051392,0.0010149154113605618,0.23322056233882904,0.6276815533638,-0.004095122218132019,0.23399175703525543,0.5918297171592712,-0.008516937494277954,0.23480039834976196,0.5608969926834106,-0.014197643846273422,0.20174084603786469,0.679836630821228,-0.010938134044408798,0.24981629848480225,0.6624065637588501,-0.02142230235040188,0.27748316526412964,0.6572404503822327,-0.028781894594430923,0.30067381262779236,0.6499055624008179,-0.03412022814154625,0.19057442247867584,0.6898102760314941,-0.02338358201086521,0.2440786063671112,0.6759839057922363,-0.03516485542058945,0.27734214067459106,0.6640557646751404,-0.043000414967536926,0.3053528964519501,0.6500478982925415,-0.04896247759461403,0.1862589716911316,0.706021249294281,-0.03616056591272354,0.2280159890651703,0.6953834295272827,-0.04773736372590065,0.2567332088947296,0.6911420226097107,-0.05229317396879196,0.2826108932495117,0.687017560005188,-0.05535087734460831,p
0.18216311931610107,0.8374581336975098,2.2574293723209848e-07,0.22397541999816895,0.8023716807365417,0.003550947643816471,0.2557511329650879,0.7580249905586243,0.0010145058622583747,0.28526771068573,0.7447015047073364,-0.005047016777098179,0.3134499192237854,0.7459602952003479,-0.01087243016809225,0.217594712972641,0.6829689145088196,0.0028512151911854744,0.23321831226348877,0.6281369924545288,-0.001791298622265458,0.2337179034948349,0.5928984880447388,-0.005862416233867407,0.23430190980434418,0.5622755289077759,-0.011263326741755009,0.20270952582359314,0.681887149810791,-0.009547826834022999,0.24935521185398102,0.663998544216156,-0.020063666626811028,0.27397796511650085,0.6601294279098511,-0.02730492874979973,0.294150710105896,0.6531028747558594,-0.03231716528534889,0.19134466350078583,0.6910452842712402,-0.022585684433579445,0.24532319605350494,0.6764407753944397,-0.03471466153860092,0.27853938937187195,0.6637953519821167,-0.04292229562997818,0.30592411756515503,0.6488556265830994,-0.04898020997643471,0.18626759946346283,0.7061601281166077,-0.03587063029408455,0.22793106734752655,0.6949549913406372,-0.04755188897252083,0.2575717866420746,0.6906635165214539,-0.05206415802240372,0.28392839431762695,0.6869720816612244,-0.05504537746310234,p
0.18236614763736725,0.8373583555221558,1.7784572037271573e-07,0.22408340871334076,0.8040578365325928,0.003974806983023882,0.2561500668525696,0.7584166526794434,0.0025110160931944847,0.2853667438030243,0.7444402575492859,-0.002406577579677105,0.313066303730011,0.747327446937561,-0.00708207068964839,0.22065342962741852,0.6844834685325623,0.0032329398673027754,0.23404467105865479,0.628449559211731,-0.0008751493296585977,0.2336771935224533,0.5934658050537109,-0.0042296829633414745,0.23465639352798462,0.5628742575645447,-0.009143778122961521,0.2052256464958191,0.6831294298171997,-0.00899092573672533,0.2485167682170868,0.6667971014976501,-0.020023969933390617,0.26923131942749023,0.6672862768173218,-0.027034295722842216,0.2860325574874878,0.6628252863883972,-0.031455546617507935,0.1929594725370407,0.6913750767707825,-0.021779019385576248,0.24525615572929382,0.6766517758369446,-0.03445655480027199,0.27724459767341614,0.6636680960655212,-0.04278310760855675,0.30321061611175537,0.6476733088493347,-0.04860778898000717,0.18606124818325043,0.705803632736206,-0.0346209891140461,0.22776120901107788,0.6928319334983826,-0.04653501138091087,0.25798243284225464,0.686488151550293,-0.05109461769461632,0.2843468189239502,0.6803772449493408,-0.05397307500243187,p
0.1817430853843689,0.8360862135887146,1.748515217059321e-07,0.22208818793296814,0.8056774735450745,0.0006825763848610222,0.2547677159309387,0.75963294506073,-0.0007680859416723251,0.2845151722431183,0.7446763515472412,-0.004856213461607695,0.31214824318885803,0.7483285069465637,-0.008548786863684654,0.22403256595134735,0.6883140206336975,0.0009137639426626265,0.23443779349327087,0.630648136138916,-0.0035775427240878344,0.23503240942955017,0.5952606201171875,-0.007259052712470293,0.23662935197353363,0.5641999244689941,-0.012144031934440136,0.2097471058368683,0.685860276222229,-0.009370265528559685,0.2467627078294754,0.6675179600715637,-0.019822383299469948,0.2627522647380829,0.6655282378196716,-0.027074862271547318,0.27526819705963135,0.6558998823165894,-0.03188558667898178,0.19681033492088318,0.6909573078155518,-0.02053948864340782,0.2448251098394394,0.676606297492981,-0.034973323345184326,0.27584755420684814,0.6628828048706055,-0.04555733874440193,0.30066150426864624,0.6439886689186096,-0.05246783047914505,0.18752001225948334,0.7017002701759338,-0.03169643133878708,0.22991342842578888,0.6915909051895142,-0.044834211468696594,0.26223024725914,0.691727876663208,-0.04986344277858734,0.2890857756137848,0.6922069787979126,-0.05268330127000809,p
0.1813340187072754,0.8361462950706482,2.753602359462093e-07,0.21792733669281006,0.8066684007644653,-0.002747237915173173,0.2509295344352722,0.7612488269805908,-0.006123232655227184,0.28341737389564514,0.7497552037239075,-0.01206335611641407,0.3139675259590149,0.7550157308578491,-0.018038040027022362,0.22644895315170288,0.6954723000526428,0.0012412841897457838,0.2397516518831253,0.6412049531936646,-0.005742066074162722,0.2451486736536026,0.6107972860336304,-0.011363768950104713,0.2503116726875305,0.5841174721717834,-0.01700822450220585,0.21439458429813385,0.6926707625389099,-0.006870975252240896,0.250792533159256,0.6680117249488831,-0.019173389300704002,0.2712410092353821,0.6606840491294861,-0.027824657037854195,0.28920674324035645,0.6485868692398071,-0.033274661749601364,0.19966518878936768,0.6946412920951843,-0.016567593440413475,0.24252565205097198,0.6778672337532043,-0.031509049236774445,0.2701513469219208,0.668066143989563,-0.041086554527282715,0.2944183945655823,0.6532287001609802,-0.04689103737473488,0.18493467569351196,0.7020635604858398,-0.026706291362643242,0.21993550658226013,0.6937764883041382,-0.039701346307992935,0.24569985270500183,0.6939031481742859,-0.04457612335681915,0.2690935730934143,0.6919610500335693,-0.0472206212580204,p
0.18288755416870117,0.8332467079162598,3.519347160363395e-07,0.21683302521705627,0.807841956615448,-0.005365715362131596,0.2505567967891693,0.7614006996154785,-0.009644420817494392,0.28346988558769226,0.7491381168365479,-0.015805033966898918,0.3142563998699188,0.7548267841339111,-0.021897632628679276,0.22954224050045013,0.6976397037506104,-0.0017229273216798902,0.24138566851615906,0.6402504444122314,-0.008699746802449226,0.2474452704191208,0.6068822145462036,-0.013568051159381866,0.25456926226615906,0.5802366137504578,-0.018406135961413383,0.2171882688999176,0.6946061253547668,-0.007831303402781487,0.25150981545448303,0.6698276400566101,-0.020548515021800995,0.27472978830337524,0.6603574156761169,-0.028707733377814293,0.2966158986091614,0.6481398940086365,-0.033488549292087555,0.2011871039867401,0.6957891583442688,-0.015604496002197266,0.2368403673171997,0.6807591319084167,-0.030330436304211617,0.2617470920085907,0.6716153025627136,-0.039318498224020004,0.2860771119594574,0.658417284488678,-0.04456287994980812,0.18429028987884521,0.70183926820755,-0.02400778979063034,0.21456646919250488,0.6949751377105713,-0.03643590584397316,0.2374991625547409,0.6967858076095581,-0.04113781452178955,0.2601584494113922,0.6952493190765381,-0.04362743720412254,p
0.18519532680511475,0.8316996097564697,3.572694424747169e-07,0.21806316077709198,0.8057628870010376,-0.006489099934697151,0.2506471276283264,0.7618048787117004,-0.0119327949360013,0.28256893157958984,0.7498916983604431,-0.01927926018834114,0.3127823770046234,0.7539530992507935,-0.02666500024497509,0.2308492660522461,0.6994943022727966,-0.0031458805315196514,0.2406078577041626,0.639858603477478,-0.011202668771147728,0.24569138884544373,0.6053606867790222,-0.016973091289401054,0.25198888778686523,0.5774503350257874,-0.022404443472623825,0.21901533007621765,0.6963332891464233,-0.008912547491490841,0.2517335116863251,0.6691734194755554,-0.0231464970856905,0.2752705216407776,0.6589776277542114,-0.03213343396782875,0.2975417971611023,0.6472405791282654,-0.03730213642120361,0.20282649993896484,0.6972990036010742,-0.016392413526773453,0.2371181845664978,0.679444432258606,-0.03238825872540474,0.2607525587081909,0.670943558216095,-0.041117046028375626,0.28426751494407654,0.6589343547821045,-0.04583510383963585,0.18465974926948547,0.7031142711639404,-0.024553809314966202,0.21194346249103546,0.6930685639381409,-0.03797106444835663,0.23350834846496582,0.693571150302887,-0.04259312525391579,0.255783349275589,0.6913232803344727,-0.04479217156767845,p
0.18398071825504303,0.8293558359146118,3.580730663088616e-07,0.21691684424877167,0.80503249168396,-0.007325043901801109,0.24991868436336517,0.7622854113578796,-0.01297149807214737,0.28207340836524963,0.7502695918083191,-0.02031971700489521,0.3122129440307617,0.7545738816261292,-0.02753336913883686,0.23184140026569366,0.6986608505249023,-0.003605971811339259,0.24292826652526855,0.6387614607810974,-0.011641010642051697,0.2478816956281662,0.6035265922546387,-0.017232287675142288,0.2541656494140625,0.5754571557044983,-0.022519931197166443,0.21939028799533844,0.6949669718742371,-0.008889148011803627,0.25161832571029663,0.668923556804657,-0.02313530258834362,0.2751159965991974,0.6595178246498108,-0.0319957360625267,0.2971906065940857,0.6487358212471008,-0.0370241217315197,0.20252388715744019,0.6960272789001465,-0.015947168692946434,0.23425020277500153,0.6795960664749146,-0.03145362809300423,0.25589442253112793,0.6734985709190369,-0.03964700549840927,0.27758002281188965,0.663833498954773,-0.04397284612059593,0.18388158082962036,0.702059268951416,-0.023853661492466927,0.2094292938709259,0.6923194527626038,-0.03666665032505989,0.22948697209358215,0.6929867267608643,-0.041078124195337296,0.25009578466415405,0.690659761428833,-0.043126288801431656,p
0.18347467482089996,0.8295438885688782,3.364736187450035e-07,0.21683678030967712,0.8054114580154419,-0.006557049695402384,0.2503584027290344,0.7622777819633484,-0.011323846876621246,0.2826286256313324,0.7495665550231934,-0.017980245873332024,0.3124657869338989,0.754112720489502,-0.024561360478401184,0.23340900242328644,0.7004810571670532,-0.0010807100916281343,0.24548248946666718,0.6410969495773315,-0.008430933579802513,0.2514919936656952,0.6064717769622803,-0.013702220283448696,0.25794050097465515,0.5788989067077637,-0.018759403377771378,0.22096259891986847,0.696526825428009,-0.0064687966369092464,0.2510111629962921,0.6683471202850342,-0.020637433975934982,0.27245327830314636,0.6582239270210266,-0.02994689717888832,0.2924835979938507,0.6463054418563843,-0.035092830657958984,0.20394080877304077,0.6965250968933105,-0.013630897738039494,0.2347942590713501,0.6784477829933167,-0.029840566217899323,0.25752905011177063,0.6716392040252686,-0.038836508989334106,0.2796611189842224,0.6614826917648315,-0.04332665354013443,0.1844070851802826,0.7008158564567566,-0.021431419998407364,0.21020129323005676,0.6901214718818665,-0.03486350551247597,0.23024053871631622,0.6906904578208923,-0.03973694518208504,0.25068122148513794,0.6880176663398743,-0.04191116616129875,p
0.18332542479038239,0.829866349697113,3.40378562668775e-07,0.21578502655029297,0.8066287636756897,-0.006768467370420694,0.24941669404506683,0.7624056339263916,-0.011651791632175446,0.28152674436569214,0.7490254640579224,-0.01833227276802063,0.31110090017318726,0.753757119178772,-0.024832705035805702,0.2333296537399292,0.7014036178588867,-0.0017650905065238476,0.2473321259021759,0.6431370973587036,-0.009409040212631226,0.253751665353775,0.6080394983291626,-0.014730093069374561,0.26046523451805115,0.5801817774772644,-0.019742142409086227,0.2204544097185135,0.6974465847015381,-0.007020257413387299,0.2502541244029999,0.6692379713058472,-0.021209854632616043,0.2720738351345062,0.6581578254699707,-0.030170420184731483,0.29304030537605286,0.6459362506866455,-0.0350353978574276,0.2031719833612442,0.6975029706954956,-0.014018935151398182,0.23270374536514282,0.6786423921585083,-0.029943279922008514,0.25489363074302673,0.6725438833236694,-0.03807685896754265,0.276895672082901,0.6637934446334839,-0.041950661689043045,0.1836443841457367,0.7017815113067627,-0.021748196333646774,0.20835596323013306,0.6902999877929688,-0.034778013825416565,0.22751204669475555,0.6898738145828247,-0.039271872490644455,0.24745319783687592,0.6862983107566833,-0.041189759969711304,p
0.18283334374427795,0.8292871117591858,3.3818176348177076e-07,0.2160724550485611,0.8052232265472412,-0.006486454047262669,0.2494552880525589,0.7618494629859924,-0.011682868003845215,0.2811436951160431,0.7486265897750854,-0.018689589574933052,0.3106701374053955,0.7536891102790833,-0.025611700490117073,0.23220977187156677,0.6998335123062134,-0.0022731160279363394,0.2454104721546173,0.642340898513794,-0.010277407243847847,0.25147268176078796,0.6072260737419128,-0.015889735892415047,0.25811347365379333,0.5794740319252014,-0.021235844120383263,0.2190885692834854,0.6963860988616943,-0.007787270005792379,0.24870215356349945,0.6694194078445435,-0.0225306898355484,0.2716910243034363,0.6592196226119995,-0.03176019340753555,0.29405319690704346,0.648364245891571,-0.036879319697618484,0.20171715319156647,0.6970922350883484,-0.014993790537118912,0.23071973025798798,0.6784585118293762,-0.031389106065034866,0.2543834149837494,0.6720947027206421,-0.03981833532452583,0.2780579924583435,0.663684070110321,-0.04401230812072754,0.18234257400035858,0.7021140456199646,-0.022896431386470795,0.20588752627372742,0.6905567646026611,-0.03674345836043358,0.2248663455247879,0.6895651817321777,-0.042015139013528824,0.24525505304336548,0.6854583621025085,-0.044547054916620255,p
0.1816008985042572,0.8306500911712646,3.3949785915865505e-07,0.21610374748706818,0.8054494261741638,-0.005745001137256622,0.24949350953102112,0.7621057629585266,-0.010140128433704376,0.2820260226726532,0.7494664788246155,-0.016551949083805084,0.311917245388031,0.7546584606170654,-0.02298414148390293,0.23449239134788513,0.7038853168487549,0.00019041607447434217,0.25429266691207886,0.6538125872612,-0.0071800933219492435,0.2647489309310913,0.6236672401428223,-0.012489067390561104,0.274649053812027,0.5995227098464966,-0.01750875636935234,0.2206641286611557,0.6990818381309509,-0.005118845496326685,0.25075075030326843,0.6709827184677124,-0.01822274550795555,0.27214714884757996,0.6605823636054993,-0.02669309824705124,0.29317766427993774,0.6495295166969299,-0.031580060720443726,0.20259131491184235,0.6982928514480591,-0.01220732182264328,0.23058000206947327,0.6781383752822876,-0.027360310778021812,0.2521624267101288,0.6716269850730896,-0.035234563052654266,0.27399107813835144,0.6636359691619873,-0.0392468236386776,0.1822654902935028,0.7022782564163208,-0.019991323351860046,0.20565259456634521,0.6900264024734497,-0.032895300537347794,0.22430205345153809,0.6898239850997925,-0.037877969443798065,0.2445046305656433,0.6869824528694153,-0.04035332798957825,p
0.18333274126052856,0.825640082359314,3.5958115063294827e-07,0.2151786834001541,0.803203821182251,-0.006647981703281403,0.24863207340240479,0.7614216208457947,-0.012187816202640533,0.2806384563446045,0.7489269971847534,-0.01951480843126774,0.3099088966846466,0.7530478239059448,-0.02685859054327011,0.23344793915748596,0.7002168893814087,-0.00319196586497128,0.24496272206306458,0.6431657075881958,-0.011510884389281273,0.24996989965438843,0.6082998514175415,-0.01761319302022457,0.2553814649581909,0.5796873569488525,-0.023182973265647888,0.22023846209049225,0.6963960528373718,-0.008715420961380005,0.2506032884120941,0.668028712272644,-0.022739877924323082,0.27396121621131897,0.6560255289077759,-0.03199438005685806,0.296139121055603,0.6441749334335327,-0.037327658385038376,0.20263037085533142,0.6966031193733215,-0.01589113473892212,0.23244303464889526,0.6801924109458923,-0.03199220821261406,0.2549402415752411,0.6720429062843323,-0.040701158344745636,0.2775712311267853,0.6616721749305725,-0.04502404108643532,0.1832691729068756,0.7008714079856873,-0.023692691698670387,0.20679908990859985,0.6893592476844788,-0.03708186000585556,0.22507482767105103,0.6886385679244995,-0.041663672775030136,0.24448949098587036,0.6855363845825195,-0.04365415871143341,p
0.18328045308589935,0.8261625170707703,3.580690588478319e-07,0.2148924469947815,0.803847074508667,-0.006836931686848402,0.24848268926143646,0.7616301774978638,-0.012166881002485752,0.28115373849868774,0.7505489587783813,-0.01911904476583004,0.3105655014514923,0.7567479014396667,-0.026196718215942383,0.23289568722248077,0.699862003326416,-0.003596059512346983,0.24398621916770935,0.6416468024253845,-0.011484450660645962,0.24958956241607666,0.6063023209571838,-0.017210133373737335,0.2557162940502167,0.5781056880950928,-0.022596227005124092,0.22073490917682648,0.6961456537246704,-0.008675326593220234,0.2512962818145752,0.6690729260444641,-0.02232927270233631,0.2755923867225647,0.6580579876899719,-0.031295135617256165,0.29885220527648926,0.6460203528404236,-0.03654735907912254,0.20344100892543793,0.6961534023284912,-0.015376776456832886,0.2330639660358429,0.6791929602622986,-0.031176157295703888,0.2560880780220032,0.6715425848960876,-0.040028225630521774,0.27919963002204895,0.660866916179657,-0.044739216566085815,0.18341083824634552,0.7005940079689026,-0.022721651941537857,0.2071276754140854,0.6911767721176147,-0.036094002425670624,0.22565315663814545,0.6924380660057068,-0.0410102903842926,0.2453744262456894,0.6901630759239197,-0.043414898216724396,p
0.18267035484313965,0.8263607621192932,3.144114941733278e-07,0.21552987396717072,0.8035198450088501,-0.005840471480041742,0.2498045265674591,0.7614500522613525,-0.01036606915295124,0.28239279985427856,0.7510920166969299,-0.01671835593879223,0.3118286430835724,0.7575746774673462,-0.023143300786614418,0.23310139775276184,0.7014421224594116,-0.0018425056478008628,0.2457582652568817,0.6422271132469177,-0.009420555084943771,0.25199422240257263,0.6080648303031921,-0.01492190919816494,0.25849539041519165,0.5805132985115051,-0.020190797746181488,0.22055673599243164,0.6976174712181091,-0.007879323326051235,0.2489565759897232,0.6688721179962158,-0.02227448672056198,0.26786166429519653,0.6566999554634094,-0.03210655227303505,0.28590327501296997,0.6413130164146423,-0.03774994611740112,0.20334172248840332,0.6970446109771729,-0.015510734170675278,0.23536080121994019,0.6805406808853149,-0.032434429973363876,0.259117066860199,0.671252429485321,-0.04262050986289978,0.2818162441253662,0.6569351553916931,-0.04801935330033302,0.18358547985553741,0.7004397511482239,-0.0235530324280262,0.21075555682182312,0.6919246912002563,-0.037679076194763184,0.23062372207641602,0.6936305165290833,-0.043011412024497986,0.2504734992980957,0.6907790899276733,-0.045618243515491486,p
0.18201982975006104,0.8268017768859863,3.2121201343215944e-07,0.2147115170955658,0.8041080832481384,-0.00604290422052145,0.24880695343017578,0.7613667249679565,-0.0105995899066329,0.2814878225326538,0.7502250075340271,-0.016992757096886635,0.3110024333000183,0.7564272284507751,-0.023531271144747734,0.23163965344429016,0.7019904255867004,-0.002015655627474189,0.24445363879203796,0.6432058811187744,-0.009656781330704689,0.25122514367103577,0.6088140606880188,-0.015303412452340126,0.25792261958122253,0.5810543298721313,-0.020642053335905075,0.219805046916008,0.6977390050888062,-0.00795064214617014,0.24965840578079224,0.668569028377533,-0.022024082019925117,0.2694907486438751,0.6562521457672119,-0.03168957307934761,0.2876107096672058,0.6410621404647827,-0.037273064255714417,0.20316597819328308,0.6970404386520386,-0.015475613065063953,0.23623138666152954,0.6796377897262573,-0.03218160569667816,0.26004233956336975,0.6707115173339844,-0.04205184429883957,0.2822082042694092,0.6568620800971985,-0.04727112129330635,0.18346157670021057,0.700603187084198,-0.02343304455280304,0.21045441925525665,0.6920194625854492,-0.03731822967529297,0.22989055514335632,0.694124698638916,-0.04222632199525833,0.24895133078098297,0.692026674747467,-0.04453905671834946,p
0.1822333037853241,0.827399492263794,3.3386811537639005e-07,0.21384473145008087,0.8051871657371521,-0.006948444526642561,0.24839814007282257,0.7619534134864807,-0.01199549250304699,0.28118062019348145,0.7507221698760986,-0.01861150562763214,0.3104119598865509,0.7571049332618713,-0.025269966572523117,0.23142290115356445,0.701217770576477,-0.003296000650152564,0.24411620199680328,0.6416563391685486,-0.011100542731583118,0.25044897198677063,0.6068545579910278,-0.01671990007162094,0.25693073868751526,0.5788485407829285,-0.021953435614705086,0.21938253939151764,0.6972413063049316,-0.008759962394833565,0.24967318773269653,0.6694661974906921,-0.022743331268429756,0.27054738998413086,0.6580696702003479,-0.032041996717453,0.2900199592113495,0.6439437866210938,-0.03728567808866501,0.20251402258872986,0.696882963180542,-0.01585420034825802,0.2350693643093109,0.6805485486984253,-0.03210695460438728,0.2588719129562378,0.6714086532592773,-0.04147899150848389,0.2815017104148865,0.6576265096664429,-0.046411190181970596,0.1828099489212036,0.7007644176483154,-0.023510878905653954,0.2086915373802185,0.6924830079078674,-0.03685609996318817,0.22732427716255188,0.6944121718406677,-0.041285865008831024,0.24587668478488922,0.6922171115875244,-0.04325515776872635,p
0.18044205009937286,0.8283995985984802,3.231459118069324e-07,0.21272501349449158,0.8061723113059998,-0.006724129430949688,0.2477526068687439,0.7611732482910156,-0.011112173087894917,0.2813248932361603,0.7485743165016174,-0.016821840777993202,0.3114936053752899,0.7554382085800171,-0.022277014330029488,0.22996532917022705,0.697572648525238,-0.0025178370997309685,0.24416802823543549,0.6421921849250793,-0.009364981204271317,0.25117117166519165,0.6098451614379883,-0.014356957748532295,0.25828248262405396,0.5834145545959473,-0.0192647036164999,0.21687015891075134,0.6931262016296387,-0.007739325053989887,0.2477094978094101,0.6685943603515625,-0.020204955711960793,0.26748716831207275,0.658653736114502,-0.028498796746134758,0.2861554026603699,0.6439510583877563,-0.033295731991529465,0.20019647479057312,0.6927603483200073,-0.014611870981752872,0.23329122364521027,0.6803080439567566,-0.02936921827495098,0.25723594427108765,0.6722025275230408,-0.03817262873053551,0.2800452411174774,0.6586319208145142,-0.043052852153778076,0.18244540691375732,0.6972951292991638,-0.022172581404447556,0.21183185279369354,0.6921848654747009,-0.03423772752285004,0.23184993863105774,0.6959587931632996,-0.03830418735742569,0.25079646706581116,0.6949707865715027,-0.040188077837228775,p
0.1790096014738083,0.8284173607826233,3.1990069260245946e-07,0.2128961980342865,0.8061736226081848,-0.006055641453713179,0.24755045771598816,0.7612822651863098,-0.010435262694954872,0.28028348088264465,0.7472602128982544,-0.016115723177790642,0.310648113489151,0.7540383338928223,-0.02152397856116295,0.23027978837490082,0.6949458718299866,-0.0023590296041220427,0.24575939774513245,0.6427804827690125,-0.008905112743377686,0.253612220287323,0.6123665571212769,-0.01363160740584135,0.26203304529190063,0.5872275233268738,-0.01854778081178665,0.21620196104049683,0.6902434825897217,-0.00823409017175436,0.24889403581619263,0.6674519777297974,-0.0198808703571558,0.2686399817466736,0.6590133905410767,-0.027328670024871826,0.287844717502594,0.6450610756874084,-0.031777504831552505,0.1989973932504654,0.6905879974365234,-0.01575450226664543,0.23240937292575836,0.6774907112121582,-0.029784873127937317,0.2570439577102661,0.6681300401687622,-0.03796975314617157,0.2810046076774597,0.6534115076065063,-0.042831145226955414,0.1817125678062439,0.6966716647148132,-0.023970909416675568,0.21064673364162445,0.6894300580024719,-0.03556760400533676,0.23128078877925873,0.6928399205207825,-0.039113979786634445,0.25041094422340393,0.6924235820770264,-0.04090043529868126,p
0.1775001436471939,0.8268437385559082,2.602949678021105e-07,0.212974414229393,0.8034117817878723,-0.0035574878565967083,0.247090682387352,0.7576191425323486,-0.006023433059453964,0.28002503514289856,0.7443135976791382,-0.009610985405743122,0.3098061978816986,0.7506117820739746,-0.01266901008784771,0.2232421487569809,0.6844366788864136,-0.002064550295472145,0.23562926054000854,0.631720244884491,-0.007489686366170645,0.2371833622455597,0.5973751544952393,-0.012118500657379627,0.24054475128650665,0.5670093297958374,-0.01729685813188553,0.20914822816848755,0.681195855140686,-0.009553199633955956,0.24358612298965454,0.6637174487113953,-0.018656674772500992,0.2618168592453003,0.6559858918190002,-0.025492506101727486,0.27970510721206665,0.6419880986213684,-0.03034977614879608,0.1941104382276535,0.6837319731712341,-0.018511774018406868,0.2359735667705536,0.6754676699638367,-0.032563842833042145,0.2660781741142273,0.6605713963508606,-0.04399736225605011,0.29341691732406616,0.6398122310638428,-0.051546983420848846,0.18297186493873596,0.6926335096359253,-0.02772507444024086,0.2239353209733963,0.6871508359909058,-0.039911799132823944,0.25441882014274597,0.6917015314102173,-0.04481663182377815,0.2797144055366516,0.6949957609176636,-0.04788081720471382,p
0.1760243922472,0.8272826075553894,1.5125961283501965e-07,0.215602308511734,0.8012840151786804,0.0015865648165345192,0.24863852560520172,0.756136953830719,0.000494890846312046,0.280425488948822,0.744363009929657,-0.002998525043949485,0.30930009484291077,0.7512479424476624,-0.006255481392145157,0.22182105481624603,0.6841278076171875,0.0011043396079912782,0.23769861459732056,0.6311526298522949,-0.002983575686812401,0.23869876563549042,0.5983043313026428,-0.006479199044406414,0.2406194657087326,0.5680387616157532,-0.011392847634851933,0.2063896507024765,0.6809461116790771,-0.00908390711992979,0.24172210693359375,0.6665289998054504,-0.018467126414179802,0.25593289732933044,0.6660460829734802,-0.025046586990356445,0.26815468072891235,0.6568681597709656,-0.029760969802737236,0.19280743598937988,0.6857650876045227,-0.02007310464978218,0.23859691619873047,0.6721966862678528,-0.03316164389252663,0.2682420015335083,0.6566482782363892,-0.043281543999910355,0.29304930567741394,0.6355782151222229,-0.05040261521935463,0.18410521745681763,0.6965184211730957,-0.030880803242325783,0.2260216325521469,0.6841287612915039,-0.04242543503642082,0.2566649615764618,0.6811626553535461,-0.04688126593828201,0.28224435448646545,0.6777994632720947,-0.049969520419836044,p
0.17600318789482117,0.8299587965011597,1.537848248744922e-07,0.21805906295776367,0.7983864545822144,0.005735293962061405,0.2502177953720093,0.7554153203964233,0.005227874498814344,0.28058698773384094,0.7439097166061401,0.001029559993185103,0.30853456258773804,0.7491827011108398,-0.003221177263185382,0.21736763417720795,0.6803836822509766,0.005777163431048393,0.2335212379693985,0.6260893940925598,0.001587528269737959,0.23389069736003876,0.5903910398483276,-0.0025432356633245945,0.23556269705295563,0.5587986707687378,-0.008047421462833881,0.2030956745147705,0.6779010891914368,-0.007584161590784788,0.2437404990196228,0.6648234724998474,-0.017845744267106056,0.2612735331058502,0.6667701005935669,-0.025250349193811417,0.27534255385398865,0.6624253988265991,-0.030191795900464058,0.19131401181221008,0.6846222877502441,-0.021586207672953606,0.24055397510528564,0.670853853225708,-0.03399807587265968,0.27144157886505127,0.6565695405006409,-0.043054670095443726,0.2966902554035187,0.6375546455383301,-0.049566980451345444,0.18505185842514038,0.6982328295707703,-0.03536871075630188,0.22656770050525665,0.683714747428894,-0.04667821153998375,0.2574203312397003,0.6792236566543579,-0.0505458302795887,0.2832818925380707,0.6749696731567383,-0.053174324333667755,p
0.1763279289007187,0.8326544761657715,1.6696031934770872e-07,0.22090686857700348,0.7982559204101562,0.008322643116116524,0.25196805596351624,0.7560552358627319,0.008506354875862598,0.2804630994796753,0.7427773475646973,0.004013671539723873,0.3081009089946747,0.7443267107009888,-0.0007102385861799121,0.21530169248580933,0.679547905921936,0.010059132240712643,0.23173539340496063,0.6263338327407837,0.006377620622515678,0.23321616649627686,0.5899772047996521,0.0022752180229872465,0.23562754690647125,0.558856725692749,-0.0034330282360315323,0.20173224806785583,0.678251326084137,-0.004738429095596075,0.24580512940883636,0.6617286801338196,-0.015760190784931183,0.26712220907211304,0.6617357730865479,-0.02391323260962963,0.28419023752212524,0.6582099199295044,-0.02922949008643627,0.19148875772953033,0.6863833069801331,-0.020009450614452362,0.24353983998298645,0.6696962714195251,-0.032271239906549454,0.2745929956436157,0.659009575843811,-0.039812009781599045,0.2993578612804413,0.6454179286956787,-0.04515291005373001,0.18628676235675812,0.7010583281517029,-0.03511020913720131,0.22797891497612,0.6858330965042114,-0.0471833162009716,0.2576604187488556,0.6782531142234802,-0.051550306379795074,0.28299158811569214,0.6705166101455688,-0.054338399320840836,p
0.17913281917572021,0.8334352374076843,1.7120811435233918e-07,0.22489455342292786,0.7975326776504517,0.008195380680263042,0.2553284466266632,0.7556902766227722,0.006940618623048067,0.2835853695869446,0.7431908249855042,0.0008715051808394492,0.31113913655281067,0.7455520629882812,-0.005420570727437735,0.21644404530525208,0.6793890595436096,0.0073172287084162235,0.2333012968301773,0.6254013776779175,0.0026585974264889956,0.23422099649906158,0.5886701345443726,-0.0018654176965355873,0.23588648438453674,0.5577642917633057,-0.0077595338225364685,0.20256096124649048,0.6774705052375793,-0.007604471407830715,0.24923232197761536,0.6647376418113708,-0.01907522603869438,0.27170151472091675,0.665959358215332,-0.026864556595683098,0.2891862690448761,0.6638422012329102,-0.032030969858169556,0.19248461723327637,0.6867669820785522,-0.022807391360402107,0.24627700448036194,0.6729962825775146,-0.03440875932574272,0.2761719226837158,0.6622526049613953,-0.04095158725976944,0.2995477318763733,0.6496161222457886,-0.04593168571591377,0.1879291832447052,0.7025392055511475,-0.037966325879096985,0.22987833619117737,0.6892954707145691,-0.049354832619428635,0.2583990693092346,0.6798073053359985,-0.05327155068516731,0.28285840153694153,0.6704050302505493,-0.05586743727326393,p
0.18979571759700775,0.8391179442405701,1.711973709461745e-07,0.23304712772369385,0.8020936250686646,0.006575845647603273,0.2618572413921356,0.7581090927124023,0.003546628402546048,0.2890613377094269,0.7429944276809692,-0.003754775272682309,0.31690695881843567,0.7443838119506836,-0.011008883826434612,0.21898116171360016,0.6820733547210693,0.0031017272267490625,0.23216810822486877,0.6301825046539307,-0.0034941190388053656,0.23212237656116486,0.5939200520515442,-0.009106052108108997,0.23290599882602692,0.5638303756713867,-0.01554282009601593,0.20478737354278564,0.6825286149978638,-0.010815382935106754,0.25025832653045654,0.6645838618278503,-0.023743053898215294,0.2723972499370575,0.6625844836235046,-0.03128772974014282,0.29001444578170776,0.6571654081344604,-0.03606823459267616,0.1958848387002945,0.6945577263832092,-0.02487047202885151,0.24802877008914948,0.6770326495170593,-0.038048259913921356,0.2798308730125427,0.665397047996521,-0.04376288875937462,0.3053097426891327,0.6522592902183533,-0.047670237720012665,0.19359852373600006,0.713409423828125,-0.03882655128836632,0.23399265110492706,0.6989136338233948,-0.05040065199136734,0.26108628511428833,0.6897130012512207,-0.053328871726989746,0.2847006022930145,0.6799814701080322,-0.055039048194885254,p
0.1940484344959259,0.8382927775382996,2.2996886173132225e-07,0.23564161360263824,0.8011447191238403,0.0024715010076761246,0.26451149582862854,0.7581417560577393,-0.002976326970383525,0.2922079861164093,0.7437909841537476,-0.01192535925656557,0.3193091154098511,0.7445598840713501,-0.020562227815389633,0.21963009238243103,0.6842635869979858,-0.0017326901433989406,0.23419547080993652,0.6289873123168945,-0.009018609300255775,0.23442837595939636,0.5921735167503357,-0.014809606596827507,0.23581546545028687,0.5614280700683594,-0.021083764731884003,0.20535561442375183,0.6851487755775452,-0.013734225183725357,0.25392696261405945,0.666442334651947,-0.027066398411989212,0.27814674377441406,0.665118396282196,-0.03401128202676773,0.29772377014160156,0.660563588142395,-0.0381181463599205,0.19730840623378754,0.6972986459732056,-0.02608734928071499,0.25021570920944214,0.6780794262886047,-0.038616761565208435,0.281870037317276,0.665065586566925,-0.043653521686792374,0.3077751696109772,0.6512154340744019,-0.04717035964131355,0.19667962193489075,0.7154525518417358,-0.03887609392404556,0.23759374022483826,0.7009573578834534,-0.04897694289684296,0.26468801498413086,0.6931513547897339,-0.05086621269583702,0.2885288894176483,0.6858229041099548,-0.05190658941864967,p
0.19748616218566895,0.8406893610954285,2.6847558842746366e-07,0.2379351556301117,0.8029525279998779,0.0012460139114409685,0.2664077877998352,0.7591567039489746,-0.004920572508126497,0.29468193650245667,0.7435498833656311,-0.014202123507857323,0.3227558434009552,0.744829535484314,-0.023398837074637413,0.22117649018764496,0.6835657358169556,-0.004141966346651316,0.23598818480968475,0.6309851408004761,-0.012312804348766804,0.23623710870742798,0.5940859317779541,-0.018770065158605576,0.23632986843585968,0.5627791881561279,-0.025655478239059448,0.20715220272541046,0.6850013732910156,-0.015445423312485218,0.2558535039424896,0.6635919213294983,-0.02884054183959961,0.2846194803714752,0.6579151749610901,-0.036603499203920364,0.3079366087913513,0.6507726907730103,-0.04181019589304924,0.19878043234348297,0.6979963183403015,-0.026994019746780396,0.25027233362197876,0.6784915924072266,-0.040163036435842514,0.2830037474632263,0.6673208475112915,-0.04554270580410957,0.30996963381767273,0.6558301448822021,-0.049216557294130325,0.197917640209198,0.7170662879943848,-0.0390518493950367,0.2381444275379181,0.7023706436157227,-0.04959259554743767,0.2639707624912262,0.6952831745147705,-0.051940981298685074,0.286503404378891,0.6882350444793701,-0.053366079926490784,p
0.20006339251995087,0.8431074619293213,2.8290639875194756e-07,0.24011068046092987,0.805177628993988,0.001588048180565238,0.26749342679977417,0.7609564661979675,-0.0039434474892914295,0.295592725276947,0.7458759546279907,-0.012606431730091572,0.32470259070396423,0.7453522086143494,-0.02127840928733349,0.2222038358449936,0.684906005859375,-0.0023626270703971386,0.23813191056251526,0.6335020065307617,-0.009613617323338985,0.23921778798103333,0.5968993306159973,-0.015764357522130013,0.23924528062343597,0.5657784342765808,-0.0224946066737175,0.2089458703994751,0.6861339807510376,-0.013655229471623898,0.2579020857810974,0.6653594970703125,-0.025273682549595833,0.28833991289138794,0.6564024686813354,-0.03296129032969475,0.31343525648117065,0.645721971988678,-0.038624249398708344,0.20113462209701538,0.6989334225654602,-0.0252663716673851,0.25296974182128906,0.6808673143386841,-0.037753406912088394,0.28668898344039917,0.6688928008079529,-0.0436735525727272,0.31459730863571167,0.6556528806686401,-0.047937169671058655,0.20069046318531036,0.7179304957389832,-0.037343256175518036,0.2406373769044876,0.7035830020904541,-0.04777216911315918,0.2668301463127136,0.6966426968574524,-0.05018995702266693,0.2901166081428528,0.689208984375,-0.05171005055308342,p
0.20083090662956238,0.8447665572166443,2.6904092464974383e-07,0.24230478703975677,0.8063450455665588,0.0029878749046474695,0.2695099711418152,0.7616100311279297,-0.0021086405031383038,0.29708316922187805,0.7467980980873108,-0.010580982081592083,0.3257124125957489,0.7470005750656128,-0.019248517230153084,0.2230583280324936,0.6853869557380676,-0.0017937126103788614,0.2396344393491745,0.634765625,-0.008814223110675812,0.24053627252578735,0.5993743538856506,-0.014785879291594028,0.24116186797618866,0.5691362619400024,-0.021511483937501907,0.20947813987731934,0.6868759989738464,-0.013976642861962318,0.25934064388275146,0.6671891212463379,-0.02557644248008728,0.28789636492729187,0.6590243577957153,-0.03299146145582199,0.3119306266307831,0.648350715637207,-0.03851335868239403,0.20185586810112,0.7004309892654419,-0.026387415826320648,0.2550102174282074,0.6823216080665588,-0.03902505338191986,0.2886244058609009,0.6690481901168823,-0.045058201998472214,0.3167099952697754,0.65397709608078,-0.04952294006943703,0.20195896923542023,0.7204707860946655,-0.03908658027648926,0.243552565574646,0.7052921056747437,-0.0497647300362587,0.27005535364151,0.6977862119674683,-0.05223589390516281,0.29357606172561646,0.6893253326416016,-0.05389389395713806,p
0.20159903168678284,0.8446218967437744,2.7508002631293493e-07,0.24375209212303162,0.8066520690917969,0.0020400183275341988,0.2711542248725891,0.762385904788971,-0.0036678393371403217,0.29886937141418457,0.7467496991157532,-0.012560957111418247,0.32725805044174194,0.7466106414794922,-0.021500740200281143,0.22459939122200012,0.6863869428634644,-0.003146028146147728,0.24212932586669922,0.6346728205680847,-0.010583405382931232,0.2435024529695511,0.5985453724861145,-0.016742797568440437,0.24479028582572937,0.5682297945022583,-0.0235433466732502,0.21054348349571228,0.6874644756317139,-0.014765598811209202,0.26038604974746704,0.6674824953079224,-0.026817210018634796,0.2886155843734741,0.6594535112380981,-0.034159280359745026,0.3122946619987488,0.6493695974349976,-0.039569951593875885,0.2027462273836136,0.7007598876953125,-0.026610909029841423,0.25567159056663513,0.6819005012512207,-0.03903216868638992,0.28888946771621704,0.6700387001037598,-0.04434586316347122,0.31645941734313965,0.6570876240730286,-0.048375219106674194,0.2026810348033905,0.7205554246902466,-0.03887880966067314,0.24380791187286377,0.7063907384872437,-0.04934699460864067,0.2698681950569153,0.6985902190208435,-0.05171551555395126,0.2929500341415405,0.6898784637451172,-0.053287383168935776,p
0.20261700451374054,0.8463312387466431,2.688076676804485e-07,0.24431194365024567,0.8086051940917969,0.002206889446824789,0.2725558578968048,0.7625935077667236,-0.0026297704316675663,0.3007816672325134,0.7469448447227478,-0.010404080152511597,0.32862588763237,0.7481594085693359,-0.01822790317237377,0.2253926694393158,0.6872721314430237,-0.003838136326521635,0.24400277435779572,0.6346486210823059,-0.01076301746070385,0.24593523144721985,0.5981491804122925,-0.01629066839814186,0.24720293283462524,0.5671813488006592,-0.022668128833174706,0.2113269567489624,0.6887065172195435,-0.015392559580504894,0.26207250356674194,0.6687670946121216,-0.026832889765501022,0.29168370366096497,0.6608511805534363,-0.033945199102163315,0.3157610595226288,0.6506843566894531,-0.03929154574871063,0.2034885138273239,0.7023370265960693,-0.027086136862635612,0.2569156289100647,0.6836129426956177,-0.039403803646564484,0.29092949628829956,0.6706559062004089,-0.04534564167261124,0.3183622360229492,0.6557828187942505,-0.04984037205576897,0.2037634253501892,0.7221303582191467,-0.039107244461774826,0.24532528221607208,0.7069603800773621,-0.04956327751278877,0.27176764607429504,0.6997770667076111,-0.05219438299536705,0.29466140270233154,0.6920148730278015,-0.0540129579603672,p
0.20298168063163757,0.8472558856010437,2.948260942048364e-07,0.24370966851711273,0.8093080520629883,0.0005307276151143014,0.27167463302612305,0.7647039294242859,-0.005346545949578285,0.3007824420928955,0.749265730381012,-0.013975451700389385,0.32895728945732117,0.7468250393867493,-0.022513573989272118,0.22552865743637085,0.6875341534614563,-0.00554069085046649,0.2423509806394577,0.6342563033103943,-0.013330752030014992,0.24413642287254333,0.5974991917610168,-0.019484125077724457,0.24519409239292145,0.5667521357536316,-0.026042819023132324,0.21125131845474243,0.6890224814414978,-0.016198787838220596,0.2611963450908661,0.667956531047821,-0.027535658329725266,0.29179713129997253,0.658639669418335,-0.03498077392578125,0.3168625831604004,0.6474338173866272,-0.0407668873667717,0.20303529500961304,0.7029172778129578,-0.027101755142211914,0.2552914321422577,0.6834656000137329,-0.03931965306401253,0.28889280557632446,0.6725733280181885,-0.044878896325826645,0.316193163394928,0.6602268218994141,-0.049094174057245255,0.20261463522911072,0.723146915435791,-0.03850550577044487,0.24310055375099182,0.7081258296966553,-0.04884837567806244,0.26950037479400635,0.7008192539215088,-0.051164526492357254,0.29248905181884766,0.6933931708335876,-0.05260584130883217,p
0.20323143899440765,0.8478772044181824,2.991166354604502e-07,0.2432493269443512,0.810947835445404,-0.0009265613625757396,0.2706345319747925,0.7669280171394348,-0.007713796570897102,0.2996555268764496,0.750318706035614,-0.01703580655157566,0.32757318019866943,0.7461795806884766,-0.026130089536309242,0.22490108013153076,0.6887588500976562,-0.00782058760523796,0.24239452183246613,0.6345738768577576,-0.016375921666622162,0.2444736808538437,0.5969009399414062,-0.022954076528549194,0.24550901353359222,0.5658605098724365,-0.029671991243958473,0.21016478538513184,0.6902733445167542,-0.017938438802957535,0.2617911696434021,0.6718451976776123,-0.02990970015525818,0.29215559363365173,0.6633713245391846,-0.03720073401927948,0.31632962822914124,0.6518417596817017,-0.042828261852264404,0.2017224133014679,0.7039493322372437,-0.028368283063173294,0.25512900948524475,0.6851650476455688,-0.040961604565382004,0.2887091040611267,0.6746581196784973,-0.04607238993048668,0.315500408411026,0.6623474955558777,-0.04994695261120796,0.20093610882759094,0.723958432674408,-0.03943783789873123,0.24242527782917023,0.7099303007125854,-0.049970995634794235,0.2694326639175415,0.7034410238265991,-0.0519295334815979,0.29273152351379395,0.6969480514526367,-0.05297044664621353,p
0.20030246675014496,0.8584655523300171,3.194608950707334e-07,0.24293658137321472,0.8193154335021973,0.0032951082102954388,0.27207040786743164,0.7715827822685242,-0.0006202018703334033,0.30342990159988403,0.7552219033241272,-0.00776867987588048,0.33390530943870544,0.7558034062385559,-0.01542933564633131,0.2232590764760971,0.6929342150688171,0.002732199616730213,0.26232343912124634,0.6625710725784302,-0.0056633963249623775,0.2853628396987915,0.6410437226295471,-0.014161878265440464,0.3045825660228729,0.6249923706054688,-0.021847587078809738,0.20940567553043365,0.6929682493209839,-0.00848563201725483,0.26230958104133606,0.6686330437660217,-0.017708217725157738,0.2941497266292572,0.6538650989532471,-0.025919757783412933,0.3219836950302124,0.6401644945144653,-0.03267297521233559,0.20181065797805786,0.7049759030342102,-0.02029792219400406,0.2568187415599823,0.6851822137832642,-0.031549789011478424,0.29048508405685425,0.6722937822341919,-0.038581933826208115,0.31852221488952637,0.6591865420341492,-0.0435793399810791,0.2020673006772995,0.7254787087440491,-0.03239210695028305,0.24598191678524017,0.7103666067123413,-0.04267747327685356,0.2725965082645416,0.7034519910812378,-0.0465814471244812,0.2956387400627136,0.695573091506958,-0.04908338189125061,p
0.20272338390350342,0.8523229956626892,3.5465782843857596e-07,0.2441403567790985,0.8204071521759033,0.0011035335483029485,0.27285727858543396,0.7724307775497437,-0.002428846899420023,0.30303964018821716,0.7548352479934692,-0.008367370814085007,0.3305748403072357,0.7547887563705444,-0.014530687592923641,0.2250327169895172,0.6919699311256409,2.631842471600976e-05,0.24785147607326508,0.6453725099563599,-0.0052217054180800915,0.25273773074150085,0.609237551689148,-0.010926011949777603,0.25736910104751587,0.578521728515625,-0.017759475857019424,0.21202562749385834,0.6926482319831848,-0.01022220030426979,0.26269757747650146,0.6669127941131592,-0.018951766192913055,0.2909645438194275,0.6533842086791992,-0.026662329211831093,0.3162333369255066,0.6386680603027344,-0.032875992357730865,0.204215869307518,0.7049490213394165,-0.020836470648646355,0.2568668723106384,0.6842809915542603,-0.03195813670754433,0.28976431488990784,0.6700341701507568,-0.03897291049361229,0.3174584209918976,0.6538710594177246,-0.04413368180394173,0.2040894627571106,0.7254070043563843,-0.03184999153017998,0.24722686409950256,0.7076627612113953,-0.041946787387132645,0.2751639485359192,0.7018149495124817,-0.045099887996912,0.29929879307746887,0.696473240852356,-0.04717986658215523,p
0.207172691822052,0.8537256121635437,2.9139934554223146e-07,0.24693284928798676,0.8181686997413635,-6.0284884966677055e-05,0.27614665031433105,0.7706727385520935,-0.004841122776269913,0.30600133538246155,0.7556391358375549,-0.01201679278165102,0.3341785669326782,0.7560396790504456,-0.019175153225660324,0.2322760969400406,0.6925084590911865,-0.0030455910600721836,0.24818342924118042,0.6413172483444214,-0.009520066902041435,0.2503702640533447,0.6049864888191223,-0.01543764490634203,0.2528837323188782,0.5747870206832886,-0.022010304033756256,0.21824905276298523,0.6922318935394287,-0.013076049275696278,0.2644273042678833,0.6751893162727356,-0.022785745561122894,0.29294878244400024,0.6646426320075989,-0.03023087978363037,0.3169950246810913,0.6520823240280151,-0.03618834540247917,0.20881561934947968,0.7046841382980347,-0.02363889291882515,0.26010921597480774,0.690244197845459,-0.03532485291361809,0.2925374507904053,0.6752503514289856,-0.04279566928744316,0.3192007541656494,0.6581874489784241,-0.048453815281391144,0.20645631849765778,0.7248263955116272,-0.03471597284078598,0.24887874722480774,0.7127683758735657,-0.04549272358417511,0.27555137872695923,0.7080257534980774,-0.048949554562568665,0.29836007952690125,0.7027326822280884,-0.05115656554698944,p
0.21167463064193726,0.8540377616882324,2.4946581334006623e-07,0.24875421822071075,0.8201498985290527,-0.0007291138754226267,0.2785910367965698,0.7738110423088074,-0.004953558556735516,0.30758148431777954,0.7581878900527954,-0.01137154083698988,0.3352159261703491,0.7565834522247314,-0.017598051577806473,0.24070623517036438,0.6945487856864929,-0.002730150707066059,0.250413715839386,0.6408159732818604,-0.009134368039667606,0.2519354820251465,0.6042163968086243,-0.014559806324541569,0.2543179988861084,0.5746820569038391,-0.020368028432130814,0.2268071174621582,0.6949539184570312,-0.0119313420727849,0.26889321208000183,0.6766915321350098,-0.021978741511702538,0.2946827709674835,0.6693198680877686,-0.02893334999680519,0.3157888352870941,0.6600894927978516,-0.03391266614198685,0.21565116941928864,0.7060551047325134,-0.02181670069694519,0.2637295126914978,0.6909225583076477,-0.03443325310945511,0.2945138216018677,0.6770428419113159,-0.04192456230521202,0.3194814920425415,0.6611524224281311,-0.04700669273734093,0.2097742259502411,0.724595844745636,-0.03210238367319107,0.24953626096248627,0.7130466103553772,-0.043473079800605774,0.27669772505760193,0.7088757753372192,-0.04671669378876686,0.29952430725097656,0.7048792839050293,-0.04834279790520668,p
0.21134117245674133,0.8563582897186279,2.746275526988029e-07,0.2513754665851593,0.8202971816062927,0.0016155068296939135,0.28029152750968933,0.7738384008407593,-0.001592810032889247,0.30938720703125,0.7572357058525085,-0.007736276835203171,0.3373703360557556,0.7545616626739502,-0.01376387756317854,0.23800155520439148,0.6952528953552246,0.0006149760447442532,0.25109606981277466,0.6429940462112427,-0.0058597675524652,0.2531869411468506,0.6057552099227905,-0.01145175565034151,0.2549109160900116,0.5749409198760986,-0.01757851243019104,0.22514058649539948,0.6973125338554382,-0.010127213783562183,0.27002280950546265,0.6728085875511169,-0.02091999351978302,0.2991058826446533,0.6628356575965881,-0.028568165376782417,0.32306182384490967,0.6523727178573608,-0.03401973098516464,0.21584419906139374,0.7090322971343994,-0.021565616130828857,0.2656846046447754,0.6887711882591248,-0.03444262593984604,0.29720211029052734,0.6764305830001831,-0.041736263781785965,0.3225690722465515,0.6635996699333191,-0.04655826464295387,0.21245542168617249,0.7276331186294556,-0.03338922560214996,0.25318536162376404,0.7123733758926392,-0.04522131383419037,0.2809591591358185,0.705719530582428,-0.04933525621891022,0.30454012751579285,0.7001619935035706,-0.05169670656323433,p
0.2120482325553894,0.8623181581497192,2.773696792246483e-07,0.252164751291275,0.826073944568634,0.002130990382283926,0.28097039461135864,0.7769288420677185,-0.0009977787267416716,0.3094976544380188,0.758216142654419,-0.007315050344914198,0.33670222759246826,0.7564977407455444,-0.013581043109297752,0.23809103667736053,0.6977943778038025,0.002028696471825242,0.25119927525520325,0.645796000957489,-0.004599901847541332,0.2537212073802948,0.6083133816719055,-0.010424948297441006,0.2571091949939728,0.5779219269752502,-0.016890183091163635,0.22581006586551666,0.6999385356903076,-0.009047281928360462,0.2724027931690216,0.6751366257667542,-0.021359965205192566,0.30207622051239014,0.6661731004714966,-0.03001684695482254,0.3276436924934387,0.6571309566497803,-0.03573528304696083,0.2175622582435608,0.7113728523254395,-0.020760221406817436,0.2688210904598236,0.6908335089683533,-0.03482501953840256,0.29943960905075073,0.6820859313011169,-0.04211660474538803,0.3247041702270508,0.6727377772331238,-0.04646725952625275,0.21502313017845154,0.7299228310585022,-0.03281323239207268,0.2553185522556305,0.7151619791984558,-0.04569999501109123,0.28307002782821655,0.7086358666419983,-0.05034017562866211,0.3071635365486145,0.7025190591812134,-0.05280892178416252,p
0.21323248744010925,0.8656908273696899,2.7413673819864925e-07,0.2526991367340088,0.8286504149436951,0.0017987575847655535,0.2821801006793976,0.7797995805740356,-0.00012739552767015994,0.31118547916412354,0.7630427479743958,-0.00498692924156785,0.3367191255092621,0.760715901851654,-0.009646810591220856,0.241920605301857,0.7018288373947144,0.0033410347532480955,0.25241559743881226,0.6468302607536316,-0.0015007558977231383,0.2547932267189026,0.609614908695221,-0.00582159822806716,0.2581748962402344,0.5795005559921265,-0.01097759511321783,0.2301083356142044,0.7028668522834778,-0.006913530640304089,0.2740795910358429,0.6746554374694824,-0.015955254435539246,0.299172580242157,0.6660735011100769,-0.02241426706314087,0.319825142621994,0.6564998626708984,-0.02676684409379959,0.22095395624637604,0.7135133147239685,-0.018018295988440514,0.2727493941783905,0.6923426389694214,-0.03046203963458538,0.30241653323173523,0.6823717355728149,-0.03787830471992493,0.32574212551116943,0.6706385612487793,-0.042591359466314316,0.21665892004966736,0.7318719029426575,-0.02938876301050186,0.2587600350379944,0.7201031446456909,-0.04134050011634827,0.28799957036972046,0.7169308662414551,-0.04541711509227753,0.31252896785736084,0.7139740586280823,-0.047520942986011505,p
0.21396733820438385,0.8664484620094299,2.7446262151897827e-07,0.2548673748970032,0.8298349380493164,0.002118882490321994,0.2838667333126068,0.7826259732246399,-0.0005549779743887484,0.31152716279029846,0.7657648921012878,-0.006030254531651735,0.3387147784233093,0.7629967927932739,-0.011326239444315434,0.24163475632667542,0.6999213099479675,0.0008510144543834031,0.25451698899269104,0.6464685201644897,-0.004999367520213127,0.25627294182777405,0.609327495098114,-0.010121147148311138,0.2584921717643738,0.5791593790054321,-0.015855984762310982,0.22870029509067535,0.7017316818237305,-0.009594256989657879,0.2741600275039673,0.6751086711883545,-0.01903996616601944,0.30197209119796753,0.6666722297668457,-0.025610586628317833,0.3252527117729187,0.6582493782043457,-0.03050817735493183,0.21984541416168213,0.7139852046966553,-0.020641230046749115,0.2716423571109772,0.6927514672279358,-0.03271957114338875,0.30117493867874146,0.6851613521575928,-0.03864232823252678,0.32474666833877563,0.6764098405838013,-0.04266747459769249,0.21699689328670502,0.7338590621948242,-0.03200831264257431,0.2583135664463043,0.7189346551895142,-0.04348263517022133,0.28581079840660095,0.7122198939323425,-0.04684866964817047,0.30879178643226624,0.7059686779975891,-0.04868160933256149,p
0.2131868451833725,0.8703104853630066,1.9685612073772063e-07,0.25501948595046997,0.8345242738723755,0.003585120663046837,0.2846373915672302,0.7849912643432617,0.0014298975002020597,0.3133421540260315,0.7671845555305481,-0.004211964551359415,0.34000149369239807,0.7664714455604553,-0.009728004224598408,0.24421201646327972,0.7042255997657776,0.004042666405439377,0.2563203275203705,0.6526305675506592,-0.001274386770091951,0.257892906665802,0.6181533932685852,-0.006376669276505709,0.26087686419487,0.5885820984840393,-0.012167396955192089,0.23085789382457733,0.706645131111145,-0.007445666939020157,0.27679723501205444,0.6857920289039612,-0.019238661974668503,0.3019710183143616,0.6855540871620178,-0.026829442009329796,0.3219047486782074,0.6829457879066467,-0.03094698302447796,0.2217770367860794,0.7191784381866455,-0.019391946494579315,0.27271589636802673,0.7001371383666992,-0.03179454430937767,0.30286669731140137,0.6909518837928772,-0.03820047155022621,0.32673537731170654,0.6801690459251404,-0.0417778342962265,0.2185153365135193,0.7389029860496521,-0.03159404173493385,0.25920724868774414,0.7240857481956482,-0.04163145646452904,0.28686994314193726,0.7175763249397278,-0.044228341430425644,0.3104187846183777,0.7113133668899536,-0.045315053313970566,p
0.21325647830963135,0.8711435794830322,2.432039991617785e-07,0.25564923882484436,0.8354685306549072,0.002083385596051812,0.28560400009155273,0.7886176109313965,-0.0009700612863525748,0.31447523832321167,0.7715578675270081,-0.007113487925380468,0.3416021466255188,0.7697258591651917,-0.01303278747946024,0.2458309829235077,0.7043715119361877,0.0018899356946349144,0.25888529419898987,0.6536749601364136,-0.004174055065959692,0.2605820298194885,0.6173945069313049,-0.010155304335057735,0.26271548867225647,0.5872227549552917,-0.016699615865945816,0.23220473527908325,0.7063422203063965,-0.00919033121317625,0.27628183364868164,0.6870848536491394,-0.019361089915037155,0.302904337644577,0.6794653534889221,-0.02719791978597641,0.3252277076244354,0.6697770357131958,-0.033036377280950546,0.22249241173267365,0.7197026610374451,-0.02089354768395424,0.2721210718154907,0.7033275961875916,-0.03329651430249214,0.3033057749271393,0.6954873204231262,-0.03974732384085655,0.32849809527397156,0.6860255002975464,-0.044051315635442734,0.21882975101470947,0.7409370541572571,-0.03302647918462753,0.2593594491481781,0.7257463932037354,-0.04409879818558693,0.28677254915237427,0.7178985476493835,-0.04727213457226753,0.31047043204307556,0.7104085683822632,-0.049038972705602646,p
0.21474118530750275,0.8754503130912781,2.574164454927086e-07,0.258105605840683,0.8395897746086121,0.0033187856897711754,0.28714659810066223,0.7942407131195068,-0.001165888737887144,0.31544893980026245,0.7788230776786804,-0.009140816517174244,0.34352779388427734,0.7795889377593994,-0.017243728041648865,0.2481054663658142,0.7078898549079895,-0.0009285363485105336,0.26255518198013306,0.6578971147537231,-0.007871747948229313,0.2646886110305786,0.6223829984664917,-0.014288464561104774,0.26669400930404663,0.5923053622245789,-0.02133002132177353,0.2329486906528473,0.7092424035072327,-0.012872357852756977,0.2793877422809601,0.6925363540649414,-0.02401592768728733,0.30796003341674805,0.6852843165397644,-0.03198461979627609,0.3316432535648346,0.6763455271720886,-0.03807029500603676,0.22258947789669037,0.7239995002746582,-0.024900207296013832,0.27395424246788025,0.7091784477233887,-0.03724272921681404,0.3066082298755646,0.7013393044471741,-0.04295717924833298,0.3333512246608734,0.6924602389335632,-0.047094859182834625,0.2188321053981781,0.7469678521156311,-0.037170130759477615,0.26020970940589905,0.7337619066238403,-0.04773992300033569,0.28691354393959045,0.7259777784347534,-0.050197094678878784,0.31051895022392273,0.7178707122802734,-0.05166356638073921,p
0.21429114043712616,0.876023530960083,2.7371839905754314e-07,0.25731366872787476,0.8414283990859985,0.00035328182275407016,0.28714895248413086,0.7955114841461182,-0.0053889816626906395,0.31638258695602417,0.7801877856254578,-0.013788449577987194,0.3441002666950226,0.7807393670082092,-0.02207244746387005,0.24751852452754974,0.7099277377128601,-0.004881216678768396,0.26391345262527466,0.658990740776062,-0.012456468306481838,0.26569685339927673,0.6232522130012512,-0.019214533269405365,0.26687726378440857,0.5924374461174011,-0.026322852820158005,0.23182088136672974,0.7111562490463257,-0.015494557097554207,0.28026774525642395,0.6970489025115967,-0.026550130918622017,0.3096439838409424,0.6904363036155701,-0.03434671461582184,0.33367952704429626,0.6810969114303589,-0.040318313986063004,0.22141167521476746,0.7263897657394409,-0.02635996975004673,0.2731485962867737,0.7133310437202454,-0.038235053420066833,0.30612823367118835,0.7023739814758301,-0.044123608618974686,0.3331170380115509,0.6891421675682068,-0.048596326261758804,0.2182341367006302,0.7493477463722229,-0.03777508810162544,0.25986528396606445,0.7373300194740295,-0.04731347784399986,0.2867165803909302,0.7304602265357971,-0.049076445400714874,0.31007254123687744,0.7229927778244019,-0.0502297542989254,p
0.21298155188560486,0.8776868581771851,2.779837586786016e-07,0.2564593255519867,0.8427650332450867,0.0011638307478278875,0.2862342894077301,0.7972293496131897,-0.00399639131501317,0.31559306383132935,0.7821508049964905,-0.012011096812784672,0.34374117851257324,0.7822455167770386,-0.019957788288593292,0.24646373093128204,0.7114881873130798,-0.0038667854387313128,0.2629302442073822,0.65995192527771,-0.011108675971627235,0.2649686634540558,0.6234385967254639,-0.017535481601953506,0.266637921333313,0.5924359560012817,-0.024402007460594177,0.23117586970329285,0.7126880884170532,-0.014876742847263813,0.2796995937824249,0.6961002349853516,-0.025278601795434952,0.3088631331920624,0.687857985496521,-0.03267912566661835,0.33301740884780884,0.677402675151825,-0.03856710344552994,0.22106322646141052,0.7275209426879883,-0.026149775832891464,0.2729767858982086,0.7127652168273926,-0.03775467351078987,0.3058057725429535,0.7030550837516785,-0.0435800775885582,0.3326255679130554,0.6912969946861267,-0.04808321222662926,0.21821311116218567,0.750230073928833,-0.03792795538902283,0.2596299648284912,0.7380573153495789,-0.04756762832403183,0.2870161831378937,0.7318359017372131,-0.04954680800437927,0.31085479259490967,0.7255983352661133,-0.05086462199687958,p
0.21314691007137299,0.8794410824775696,2.7035798666474875e-07,0.25639158487319946,0.8444811105728149,0.0015637418255209923,0.2864237129688263,0.7977079749107361,-0.003015392692759633,0.3156641721725464,0.7823455929756165,-0.010538823902606964,0.34296494722366333,0.783001720905304,-0.0179350133985281,0.24596835672855377,0.7128417491912842,-0.00252913567237556,0.2632611095905304,0.6610734462738037,-0.008935661986470222,0.26572251319885254,0.625026524066925,-0.014861563220620155,0.26758497953414917,0.5938445925712585,-0.02136288583278656,0.23038314282894135,0.7135417461395264,-0.013564285822212696,0.2800787389278412,0.7001437544822693,-0.023633837699890137,0.3093947470188141,0.6942192316055298,-0.0309724360704422,0.33268487453460693,0.6850059628486633,-0.036423057317733765,0.22042803466320038,0.7280816435813904,-0.024824775755405426,0.27277374267578125,0.7151350975036621,-0.03578396514058113,0.30571451783180237,0.7028178572654724,-0.041866693645715714,0.33201611042022705,0.6876274943351746,-0.04645027220249176,0.2179652899503708,0.7501960396766663,-0.0365670882165432,0.2606283128261566,0.7395381927490234,-0.045324306935071945,0.28832730650901794,0.7345535755157471,-0.046762775629758835,0.3118777275085449,0.72932368516922,-0.04760034754872322,p
0.21191884577274323,0.8801557421684265,2.590903989130311e-07,0.2569980025291443,0.8435750007629395,0.0026351241394877434,0.28661561012268066,0.7971184849739075,-0.0010612615151330829,0.31539392471313477,0.7822736501693726,-0.007839106023311615,0.34211039543151855,0.7819854021072388,-0.014494302682578564,0.24588347971439362,0.7134842276573181,-0.0011987785110250115,0.26221245527267456,0.6615227460861206,-0.007289317902177572,0.26454803347587585,0.6256531476974487,-0.01287240069359541,0.2666291296482086,0.5943096876144409,-0.019125133752822876,0.23060819506645203,0.7141329050064087,-0.01286496501415968,0.28094229102134705,0.70017009973526,-0.021895602345466614,0.30919381976127625,0.6943862438201904,-0.02856473997235298,0.33141955733299255,0.6839948296546936,-0.03384461998939514,0.22077493369579315,0.7287002801895142,-0.024853821843862534,0.27470457553863525,0.7156372666358948,-0.035794954746961594,0.3084542751312256,0.7026625871658325,-0.04213054105639458,0.3351985216140747,0.6861274838447571,-0.04702281206846237,0.21857723593711853,0.7512286901473999,-0.03717317804694176,0.26250869035720825,0.7401652932167053,-0.04615500569343567,0.2915794551372528,0.7359327673912048,-0.04746535047888756,0.3160039186477661,0.731843888759613,-0.048249587416648865,p
0.21086090803146362,0.8811818361282349,2.5965013605855347e-07,0.2559383809566498,0.8451173305511475,0.0023959758691489697,0.2858647406101227,0.7992902994155884,-0.001326733734458685,0.3151984214782715,0.7848578691482544,-0.008244238793849945,0.3419504761695862,0.7850456237792969,-0.01500845979899168,0.24521425366401672,0.7143275737762451,4.395673022372648e-05,0.2626739740371704,0.6630927324295044,-0.006097566336393356,0.2650439441204071,0.6270128488540649,-0.011863618157804012,0.2670438587665558,0.5955706834793091,-0.01828163117170334,0.23024889826774597,0.7152532339096069,-0.01157798059284687,0.279891699552536,0.701581597328186,-0.021127674728631973,0.3086131811141968,0.6959869265556335,-0.028309788554906845,0.3317643105983734,0.6861861944198608,-0.03381868079304695,0.22035391628742218,0.7293345928192139,-0.023673759773373604,0.2729543149471283,0.7163863182067871,-0.03494345024228096,0.30563801527023315,0.7042933702468872,-0.041452668607234955,0.33185815811157227,0.6886282563209534,-0.046256206929683685,0.217942476272583,0.7510492205619812,-0.036212146282196045,0.2606290280818939,0.7398402094841003,-0.045414987951517105,0.2889649271965027,0.7355433702468872,-0.04719645529985428,0.31299808621406555,0.7313879728317261,-0.04825127124786377,p
0.21038885414600372,0.8808088898658752,2.3309029018037108e-07,0.25583216547966003,0.8450596928596497,0.0031672953628003597,0.2868151068687439,0.7999305129051208,-0.0005043715354986489,0.31627148389816284,0.7870453000068665,-0.007551024202257395,0.3428972363471985,0.7880110144615173,-0.014484593644738197,0.24665966629981995,0.714544415473938,0.0011171288788318634,0.26415160298347473,0.663431704044342,-0.004263223148882389,0.2662697434425354,0.6289172172546387,-0.009487406350672245,0.26813235878944397,0.5984414219856262,-0.015574617311358452,0.23091214895248413,0.7152076959609985,-0.010653849691152573,0.2801472842693329,0.7034321427345276,-0.019992461428046227,0.3072908818721771,0.702387809753418,-0.026717767119407654,0.32871654629707336,0.6966171860694885,-0.03163259103894234,0.22052089869976044,0.7293698787689209,-0.022796908393502235,0.27271944284439087,0.7169420123100281,-0.03329874202609062,0.3052107095718384,0.7047947645187378,-0.03933016583323479,0.3313017189502716,0.6893211603164673,-0.043889060616493225,0.21762314438819885,0.7511571049690247,-0.03531285747885704,0.2599334418773651,0.7398768067359924,-0.04403232783079147,0.28812843561172485,0.7352185249328613,-0.04558340087532997,0.31218424439430237,0.7302250266075134,-0.046500064432621,p
