0.871861457824707,1.0418387651443481,-2.377808669962178e-07,0.8061005473136902,0.9989333748817444,-0.014412865042686462,0.7580805420875549,0.9316174387931824,-0.02470116689801216,0.7401934862136841,0.8620516061782837,-0.03145800903439522,0.7370606660842896,0.7986990809440613,-0.032983843237161636,0.829036295413971,0.806326687335968,-0.022667570039629936,0.8132956624031067,0.7262943983078003,-0.020876819267868996,0.7965894341468811,0.7220601439476013,-0.00945886131376028,0.7904060482978821,0.7553005218505859,0.002462367992848158,0.8894329071044922,0.807067334651947,-0.01916491612792015,0.8839054107666016,0.7236678600311279,-0.01141397561877966,0.867120087146759,0.7307400703430176,0.006554136518388987,0.8568966388702393,0.7690040469169617,0.021577810868620872,0.936939537525177,0.8303017616271973,-0.016077512875199318,0.9349674582481384,0.767713725566864,-0.007467749062925577,0.9171750545501709,0.7693546414375305,0.012273040600121021,0.9035058617591858,0.7943024039268494,0.026117641478776932,0.9727543592453003,0.8668792843818665,-0.014214733615517616,0.9696774482727051,0.823588490486145,-0.007821764796972275,0.9522743225097656,0.8207343220710754,0.008475648239254951,0.9398651719093323,0.8372899293899536,0.023131610825657845,s
0.8544220328330994,1.0025569200515747,-5.543742176428168e-08,0.7809127569198608,0.9585254788398743,-0.013884800486266613,0.7357551455497742,0.8753430843353271,-0.018458949401974678,0.7226825952529907,0.8008478879928589,-0.02173687145113945,0.7205789685249329,0.7431063055992126,-0.021705251187086105,0.8070991635322571,0.7575511932373047,0.0024408153258264065,0.7935348153114319,0.6858898997306824,-0.002332915784791112,0.788019061088562,0.6651895642280579,-0.007882380858063698,0.7837022542953491,0.6733533143997192,-0.009204789064824581,0.8609214425086975,0.7577444314956665,0.0043001179583370686,0.8628650903701782,0.6826531887054443,0.004961231257766485,0.8506831526756287,0.6742967963218689,0.004294312093406916,0.8387314677238464,0.6975123286247253,0.006282441783696413,0.9065108299255371,0.778663158416748,0.003384699346497655,0.9109971523284912,0.7158899307250977,0.003757124999538064,0.8942549824714661,0.714469850063324,0.006336722522974014,0.8802574872970581,0.7349324822425842,0.00987334456294775,0.9464699029922485,0.8131276965141296,0.0008878172375261784,0.9451917409896851,0.7642633318901062,0.002757001668214798,0.9305362701416016,0.7586145997047424,0.009285474196076393,0.9192856550216675,0.7706114649772644,0.016881754621863365,s
0.820866048336029,0.9563052654266357,-1.6169029493084963e-07,0.7564725875854492,0.9017987847328186,-0.005067905411124229,0.7171757221221924,0.8140330910682678,-0.004224357660859823,0.7035467624664307,0.740898609161377,-0.0039125652983784676,0.700018584728241,0.6856809258460999,-0.0008432993781752884,0.7885598540306091,0.7020180225372314,0.014003187417984009,0.7748293280601501,0.6371257305145264,0.01412821002304554,0.7602344751358032,0.6240309476852417,0.0105126379057765,0.7483199834823608,0.6332776546478271,0.00941053032875061,0.8373622298240662,0.7051359415054321,0.013079020194709301,0.8364642858505249,0.6422015428543091,0.020484033972024918,0.8241432905197144,0.6465483903884888,0.022637207061052322,0.8143397569656372,0.6717425584793091,0.02459869720041752,0.8802614212036133,0.7304188013076782,0.009962586686015129,0.8800367712974548,0.6760225296020508,0.016801821067929268,0.8659578561782837,0.686091959476471,0.02191605232656002,0.8547724485397339,0.7079825401306152,0.02479306049644947,0.9172778129577637,0.7695120573043823,0.005625152960419655,0.9178844690322876,0.7247933149337769,0.012514704838395119,0.9033541083335876,0.727218508720398,0.02078409492969513,0.8917253613471985,0.7432944774627686,0.027901452034711838,s
0.799802839756012,0.9134637117385864,-1.342006470395063e-07,0.7427768111228943,0.8640344142913818,-0.012301241047680378,0.7046703100204468,0.7713215947151184,-0.01573902554810047,0.6895018219947815,0.698727011680603,-0.02069888636469841,0.682248592376709,0.6432225704193115,-0.02354571968317032,0.7661301493644714,0.6658515930175781,0.011540180072188377,0.7541710734367371,0.6016330718994141,-0.0014267755905166268,0.7410693168640137,0.5869759917259216,-0.014482268132269382,0.7305660247802734,0.5968000292778015,-0.021122043952345848,0.8114206194877625,0.6707788705825806,0.007796763442456722,0.8124940991401672,0.6051757335662842,-0.00118233950342983,0.7996731996536255,0.6168017387390137,-0.007830512709915638,0.789106547832489,0.6445595026016235,-0.008962135761976242,0.8533903360366821,0.6972380876541138,-1.9405833882046863e-06,0.8537160158157349,0.6445745825767517,-0.009240438230335712,0.837121307849884,0.667510986328125,-0.006306344177573919,0.8258043527603149,0.6961281299591064,-0.0015591412084177136,0.8913477063179016,0.7393261790275574,-0.00983890239149332,0.8887584805488586,0.7003909349441528,-0.015177721157670021,0.8715072274208069,0.71509850025177,-0.009013241156935692,0.8605111837387085,0.7368870973587036,-0.0016131630400195718,s
0.7886273860931396,0.8771252036094666,-1.155558493337594e-07,0.7300050854682922,0.8314842581748962,-0.01292707584798336,0.68958979845047,0.7391269207000732,-0.016400067135691643,0.6727393269538879,0.6679048538208008,-0.021892592310905457,0.6656054258346558,0.6133377552032471,-0.025364268571138382,0.7455231547355652,0.6372172236442566,0.01168349664658308,0.733809769153595,0.5716316103935242,-0.004568521864712238,0.7206811308860779,0.5519742965698242,-0.01906835101544857,0.7092325687408447,0.560936450958252,-0.025980578735470772,0.7898452877998352,0.6397219300270081,0.007342477794736624,0.7898465394973755,0.571835458278656,-0.007410490419715643,0.7765688896179199,0.5835166573524475,-0.0159723199903965,0.7652689814567566,0.6143176555633545,-0.01670767553150654,0.8315945863723755,0.6632728576660156,-0.0014000114751979709,0.8285936713218689,0.6093428134918213,-0.01629270240664482,0.8097103238105774,0.6449834704399109,-0.01291857473552227,0.7977321743965149,0.6857713460922241,-0.005788699258118868,0.8707805871963501,0.7025156021118164,-0.01219415944069624,0.8617672324180603,0.6648904085159302,-0.023448849096894264,0.8425102233886719,0.6907228231430054,-0.018199283629655838,0.8321797847747803,0.7227429747581482,-0.009784786030650139,s
0.7815597057342529,0.8439432978630066,-2.749196710283286e-07,0.718935489654541,0.8022519946098328,-0.009299584664404392,0.6764429807662964,0.7122176289558411,-0.011722852475941181,0.6580561995506287,0.638564944267273,-0.016629744321107864,0.6473636627197266,0.5818268060684204,-0.019628217443823814,0.7282881140708923,0.6065322160720825,0.01384885422885418,0.715603768825531,0.5424761772155762,-0.0023139186669141054,0.7038432359695435,0.530142068862915,-0.015775034204125404,0.6962834000587463,0.5471738576889038,-0.021342355757951736,0.7727901935577393,0.6031075119972229,0.00941380299627781,0.764474630355835,0.544668972492218,-0.0055167656391859055,0.7509387135505676,0.581031322479248,-0.012103406712412834,0.7453969120979309,0.6290456056594849,-0.010346920229494572,0.8153327703475952,0.6203144192695618,0.0010272364597767591,0.803229808807373,0.5806336998939514,-0.012427161447703838,0.7866744995117188,0.6257829070091248,-0.008633431047201157,0.7811269760131836,0.6723824739456177,-0.0010843422496691346,0.8556807637214661,0.6523700952529907,-0.009053553454577923,0.8411192297935486,0.6299722194671631,-0.01697291061282158,0.8243224620819092,0.6615771651268005,-0.01151022408157587,0.8191837072372437,0.6956782937049866,-0.0032009456772357225,s
0.7661303877830505,0.8191829323768616,-2.397061962255975e-07,0.709090530872345,0.7772185802459717,-0.012850126251578331,0.6658587455749512,0.6900210380554199,-0.01744753308594227,0.6454329490661621,0.6195738911628723,-0.024398520588874817,0.6319454908370972,0.5643682479858398,-0.029446426779031754,0.7190636396408081,0.5881631374359131,0.013660521246492863,0.7044259309768677,0.5291082859039307,-0.005873587913811207,0.690058171749115,0.5194106698036194,-0.023097865283489227,0.6820926666259766,0.5332716107368469,-0.03125738352537155,0.7602633833885193,0.5872520804405212,0.00894924160093069,0.753662645816803,0.519070029258728,-0.010251457802951336,0.7376946806907654,0.5505335927009583,-0.02032274380326271,0.7305004000663757,0.594297468662262,-0.01998065784573555,0.7992541193962097,0.604266881942749,-0.00028747416217811406,0.7909742593765259,0.5554587244987488,-0.017106907442212105,0.7728460431098938,0.5980815291404724,-0.014181382954120636,0.7657102346420288,0.6408084034919739,-0.005920150317251682,0.8364583253860474,0.6367185115814209,-0.011591755785048008,0.8248332142829895,0.6050162315368652,-0.020248139277100563,0.8068397045135498,0.6322016716003418,-0.013732721097767353,0.7994818687438965,0.6615666747093201,-0.004446071106940508,s
0.7519991993904114,0.7990971803665161,-3.3955021194742585e-07,0.6979131102561951,0.7556972503662109,-0.012068378739058971,0.6552360653877258,0.6663711667060852,-0.01735592633485794,0.6353843808174133,0.5983957052230835,-0.02603137493133545,0.619560718536377,0.5463335514068604,-0.033229853957891464,0.7058699727058411,0.5786681175231934,0.011869958601891994,0.6939537525177002,0.5125197768211365,-0.016110125929117203,0.6770553588867188,0.5026053190231323,-0.0353817492723465,0.6688600182533264,0.5202152132987976,-0.04312529414892197,0.7441583871841431,0.5803454518318176,0.003996553365141153,0.7361775040626526,0.5046492218971252,-0.029334094375371933,0.7160500884056091,0.5614050626754761,-0.039728183299303055,0.7134879231452942,0.6166515350341797,-0.03454544395208359,0.7819932103157043,0.5961735248565674,-0.009229506365954876,0.769706130027771,0.533377468585968,-0.03984284773468971,0.7487040758132935,0.5915935039520264,-0.03457285836338997,0.7479261755943298,0.6394666433334351,-0.019649304449558258,0.8199669122695923,0.6243192553520203,-0.02393796294927597,0.8041214346885681,0.5797524452209473,-0.041154008358716965,0.7847539186477661,0.6159542202949524,-0.033233147114515305,0.7841929793357849,0.6496980786323547,-0.020474739372730255,s
0.740544855594635,0.7834973335266113,-3.7377881767497456e-07,0.6874951124191284,0.7401808500289917,-0.013811265118420124,0.6449878215789795,0.6529853940010071,-0.02045310288667679,0.6213646531105042,0.586163341999054,-0.030468741431832314,0.6035513877868652,0.535095751285553,-0.03824444115161896,0.6948701739311218,0.5657972693443298,0.00968581810593605,0.6859472393989563,0.493070125579834,-0.01984906941652298,0.6661442518234253,0.4935847520828247,-0.03732481598854065,0.6577005386352539,0.520292341709137,-0.04326815903186798,0.7312289476394653,0.5700772404670715,0.002659000689163804,0.7233343124389648,0.49390894174575806,-0.030182290822267532,0.7004131078720093,0.5559830665588379,-0.0370141826570034,0.7013980150222778,0.6046103835105896,-0.029817994683980942,0.7681484818458557,0.5872125625610352,-0.010440271347761154,0.7592513561248779,0.518657922744751,-0.04178211838006973,0.7350656986236572,0.5792874097824097,-0.033696096390485764,0.7356464266777039,0.6228954792022705,-0.017056649550795555,0.8067598342895508,0.6154143214225769,-0.02525891549885273,0.7947940230369568,0.5656853318214417,-0.04332486167550087,0.77314293384552,0.6027950644493103,-0.03458692505955696,0.7726076245307922,0.6342628598213196,-0.021328290924429893,s
0.7323152422904968,0.7749362587928772,-4.193395000129385e-07,0.68067467212677,0.729653537273407,-0.011334474198520184,0.6372804641723633,0.6416426301002502,-0.017931364476680756,0.6110087633132935,0.5745102763175964,-0.028602218255400658,0.5881224274635315,0.5257313847541809,-0.03712449595332146,0.6894323229789734,0.5576150417327881,0.011196469888091087,0.6801790595054626,0.48145878314971924,-0.016423771157860756,0.6597991585731506,0.48621171712875366,-0.032189954072237015,0.6510693430900574,0.5153490304946899,-0.037503682076931,0.7247379422187805,0.5624569654464722,0.0033026107121258974,0.7158722877502441,0.49048948287963867,-0.02554674632847309,0.6942242383956909,0.5537863969802856,-0.02990700863301754,0.6969839930534363,0.5948189496994019,-0.022759266197681427,0.7604072093963623,0.5786705017089844,-0.010451444424688816,0.7502127885818481,0.5136812925338745,-0.03791879862546921,0.7282350063323975,0.5738096237182617,-0.027163250371813774,0.7304348945617676,0.6104884147644043,-0.010575038380920887,0.7972269058227539,0.6047271490097046,-0.02596874162554741,0.7841167449951172,0.5540507435798645,-0.039915867149829865,0.7649430632591248,0.5916566848754883,-0.028365693986415863,0.7672380805015564,0.6190167665481567,-0.014525053091347218,s
0.7282902598381042,0.7655260562896729,-4.5277431581780547e-07,0.6755374670028687,0.7186169624328613,-0.008115245029330254,0.6318284273147583,0.6339299082756042,-0.015711789950728416,0.6022310256958008,0.5681324601173401,-0.028164731338620186,0.574821412563324,0.5225540399551392,-0.038828421384096146,0.681643009185791,0.5532969832420349,0.00835662055760622,0.6691954731941223,0.47605985403060913,-0.019294392317533493,0.6504908204078674,0.48269426822662354,-0.034058865159749985,0.6441023349761963,0.5128549337387085,-0.03896048292517662,0.71590256690979,0.5598461627960205,-0.0007638331153430045,0.7006155848503113,0.4963441789150238,-0.026963839307427406,0.6828996539115906,0.5610074996948242,-0.028499620035290718,0.6913855671882629,0.5931646227836609,-0.02156977728009224,0.7518422603607178,0.5766358375549316,-0.015245848335325718,0.7369269132614136,0.5194290280342102,-0.04043189808726311,0.7193253040313721,0.5804115533828735,-0.026498349383473396,0.7266387939453125,0.6095931529998779,-0.00996728427708149,0.7888985276222229,0.6021406054496765,-0.03131508454680443,0.773553729057312,0.5537459254264832,-0.04311759024858475,0.7563603520393372,0.5926059484481812,-0.02925754152238369,0.7618846893310547,0.6169445514678955,-0.015205610543489456,s
0.7238574624061584,0.7588812112808228,-4.905193691229215e-07,0.6703871488571167,0.7086179256439209,-0.005378596018999815,0.6277262568473816,0.6252380609512329,-0.012559499591588974,0.5976786017417908,0.5617311596870422,-0.026078784838318825,0.5673770308494568,0.5197624564170837,-0.03748216852545738,0.6797301769256592,0.5515069365501404,0.014672077260911465,0.6648672819137573,0.4769800901412964,-0.012945163995027542,0.6435835957527161,0.4854021370410919,-0.025870274752378464,0.6355635523796082,0.5129858255386353,-0.029554232954978943,0.7102832198143005,0.5567585825920105,0.004042448475956917,0.6870120763778687,0.505776584148407,-0.021878352388739586,0.6728999614715576,0.5755640864372253,-0.020460136234760284,0.6876944303512573,0.5942003726959229,-0.012126825749874115,0.7443016171455383,0.5709958672523499,-0.012567454017698765,0.721811830997467,0.5235903859138489,-0.03768382966518402,0.7069933414459229,0.5871970653533936,-0.020700864493846893,0.719933271408081,0.6044654846191406,-0.002872775075957179,0.7801461815834045,0.5924062728881836,-0.030926281586289406,0.7582215666770935,0.5543744564056396,-0.04145197197794914,0.7416114211082458,0.5951929688453674,-0.026118041947484016,0.7508983612060547,0.6131098866462708,-0.011650055646896362,s
0.7171297669410706,0.7505014538764954,-5.154885798219766e-07,0.6659530401229858,0.7009562253952026,-0.005673558451235294,0.624951958656311,0.6177054047584534,-0.012532123364508152,0.59397292137146,0.5571740865707397,-0.02556195855140686,0.5601820945739746,0.520351767539978,-0.035702403634786606,0.6744999289512634,0.54477858543396,0.013194985687732697,0.6601372957229614,0.4701303541660309,-0.014971108175814152,0.6368730068206787,0.4847973883152008,-0.025724802166223526,0.6254183650016785,0.5138061046600342,-0.027257272973656654,0.7045356631278992,0.5509588122367859,0.003712058998644352,0.677271842956543,0.5076675415039062,-0.022305838763713837,0.6657214164733887,0.5816112160682678,-0.017911456525325775,0.6813412308692932,0.5935648083686829,-0.0073460303246974945,0.7382710576057434,0.5654187798500061,-0.011911086738109589,0.7112598419189453,0.5245975255966187,-0.037452053278684616,0.699792206287384,0.592411458492279,-0.018206190317869186,0.7147910594940186,0.6048662662506104,0.00130183482542634,0.7727464437484741,0.5860661864280701,-0.029224693775177002,0.7483630180358887,0.5528723001480103,-0.03948609530925751,0.7336393594741821,0.5961477160453796,-0.023198559880256653,0.7451781034469604,0.6114082336425781,-0.007858318276703358,s
0.712584912776947,0.7451256513595581,-4.947008847011602e-07,0.6616556644439697,0.6964016556739807,-0.005221216008067131,0.620293915271759,0.6145347952842712,-0.011893308721482754,0.5879599452018738,0.5563114881515503,-0.02467639371752739,0.5533694624900818,0.5220131874084473,-0.03466041758656502,0.6686676740646362,0.5426373481750488,0.011120994575321674,0.6554113030433655,0.46619075536727905,-0.014801818877458572,0.6319895386695862,0.47316113114356995,-0.023299850523471832,0.6190739870071411,0.5061250329017639,-0.023469354957342148,0.6979860663414001,0.5489184260368347,0.0016951822908595204,0.6700268387794495,0.5073646306991577,-0.023391656577587128,0.6610932946205139,0.5798039436340332,-0.017785297706723213,0.6774174571037292,0.5953307151794434,-0.0064259725622832775,0.7315523624420166,0.5628045797348022,-0.013519974425435066,0.7041389346122742,0.5271033644676208,-0.037635307759046555,0.6945276260375977,0.5910051465034485,-0.01883011683821678,0.7092494964599609,0.6035247445106506,-9.941110329236835e-05,0.7658434510231018,0.5828555822372437,-0.030421067029237747,0.7422893047332764,0.5513583421707153,-0.04029951989650726,0.7268481254577637,0.5917783975601196,-0.024809585884213448,0.7359559535980225,0.6073828935623169,-0.01035490445792675,s
0.7075743675231934,0.7453734278678894,-5.018642923459993e-07,0.6567801833152771,0.6960326433181763,-0.004251623526215553,0.6152615547180176,0.6150456666946411,-0.010432729497551918,0.5831626057624817,0.557312548160553,-0.02297111228108406,0.5481411814689636,0.5244555473327637,-0.03281592205166817,0.6618894934654236,0.5452942848205566,0.012348983436822891,0.6455351710319519,0.47063571214675903,-0.013861358165740967,0.6227307319641113,0.47590625286102295,-0.022832658141851425,0.6111605167388916,0.5072670578956604,-0.023316826671361923,0.6904242038726807,0.5508162379264832,0.00242249621078372,0.6629884839057922,0.5106072425842285,-0.022841844707727432,0.6552745699882507,0.5820269584655762,-0.01747179962694645,0.6723014712333679,0.5953490734100342,-0.006266342476010323,0.7237073183059692,0.5632654428482056,-0.013292275369167328,0.6964769959449768,0.5281479358673096,-0.03723926469683647,0.6866674423217773,0.5919956564903259,-0.01822233758866787,0.7014412879943848,0.6024774312973022,0.0005375668406486511,0.7581236958503723,0.5818606019020081,-0.030738063156604767,0.7351676225662231,0.5517104864120483,-0.04045078158378601,0.7193082571029663,0.5929070711135864,-0.024740470573306084,0.7281169295310974,0.6077020168304443,-0.01017493661493063,s
0.7028527855873108,0.7440054416656494,-4.994548135073273e-07,0.6519371867179871,0.6959653496742249,-0.005771541967988014,0.6103401184082031,0.6153116226196289,-0.012186914682388306,0.5771776437759399,0.5587107539176941,-0.02468891628086567,0.5414701700210571,0.5269168615341187,-0.03405693173408508,0.6540331840515137,0.5442246198654175,0.01233729999512434,0.635164737701416,0.47205573320388794,-0.014395678415894508,0.613267719745636,0.481841504573822,-0.0230109840631485,0.6039999723434448,0.5154234170913696,-0.022968627512454987,0.6826834678649902,0.5489567518234253,0.0031440360471606255,0.6539355516433716,0.5115024447441101,-0.022452672943472862,0.6486701369285583,0.5840640068054199,-0.016619903966784477,0.6668360829353333,0.5951383113861084,-0.004797613713890314,0.7160739898681641,0.5611591339111328,-0.012183334678411484,0.6879581809043884,0.531086266040802,-0.03681501746177673,0.6801584959030151,0.5948100090026855,-0.017811674624681473,0.6957693696022034,0.6028711199760437,0.0012875384418293834,0.7500899434089661,0.5796701908111572,-0.029362933710217476,0.7264308333396912,0.5513308644294739,-0.03921543434262276,0.7114696502685547,0.5928846597671509,-0.023552270606160164,0.7206115126609802,0.6065375208854675,-0.008848513476550579,s
0.6979936361312866,0.7445966601371765,-5.053442464486579e-07,0.6472642421722412,0.6951184272766113,-0.004618103615939617,0.6058948636054993,0.6159977912902832,-0.009872420690953732,0.5712583661079407,0.5617812275886536,-0.021501988172531128,0.5350362062454224,0.5344500541687012,-0.030326029285788536,0.6479978561401367,0.5477883815765381,0.015269853174686432,0.6278340816497803,0.4766309857368469,-0.011424495838582516,0.6073259711265564,0.48831868171691895,-0.021204553544521332,0.6005383133888245,0.5165990591049194,-0.022408004850149155,0.6763994097709656,0.552375316619873,0.005579670891165733,0.6494127511978149,0.5119238495826721,-0.020764965564012527,0.6439635157585144,0.5850456357002258,-0.01656024158000946,0.6617122888565063,0.5956043004989624,-0.005818702280521393,0.7095969319343567,0.5641526579856873,-0.01016872376203537,0.6829785704612732,0.5303690433502197,-0.03578796982765198,0.6749373078346252,0.5955313444137573,-0.017764991149306297,0.6902600526809692,0.604698121547699,0.0011221899185329676,0.7436059713363647,0.5817607641220093,-0.02763657085597515,0.7211505174636841,0.5508780479431152,-0.03796786069869995,0.7062550187110901,0.5934200286865234,-0.02283434569835663,0.7150096893310547,0.6079890727996826,-0.008473309688270092,s
0.6930192708969116,0.7416348457336426,-4.854907160734001e-07,0.644036054611206,0.6948785781860352,-0.007114562671631575,0.6018558740615845,0.6170940399169922,-0.014572949148714542,0.5669938325881958,0.5640169978141785,-0.028119368478655815,0.5297764539718628,0.5362865328788757,-0.03827708587050438,0.6434555053710938,0.5460203289985657,0.011431250721216202,0.6245215535163879,0.4752954840660095,-0.016520407050848007,0.6018312573432922,0.4896073341369629,-0.025653833523392677,0.5924159288406372,0.5195310115814209,-0.026020126417279243,0.6717485785484314,0.5507354736328125,0.0025097765028476715,0.6417809128761292,0.5142440795898438,-0.02443622797727585,0.6381129026412964,0.5894859433174133,-0.018043475225567818,0.6575295329093933,0.5965346693992615,-0.0055500054731965065,0.7046783566474915,0.562089741230011,-0.012858391739428043,0.6760286092758179,0.5329728722572327,-0.03832605853676796,0.669853687286377,0.5977670550346375,-0.01790880784392357,0.6864922642707825,0.6027987003326416,0.002436166163533926,0.7382977604866028,0.5790542960166931,-0.03035370074212551,0.7156250476837158,0.5504498481750488,-0.039596449583768845,0.7020137906074524,0.5921390652656555,-0.022963162511587143,0.7121440768241882,0.6037975549697876,-0.007699804380536079,s
0.6892755031585693,0.7418261766433716,-5.103776175019448e-07,0.6398193836212158,0.6936224699020386,-0.0040246290154755116,0.5972933173179626,0.6179513335227966,-0.009864674881100655,0.5620750188827515,0.5671710968017578,-0.02219066210091114,0.525935173034668,0.5392686724662781,-0.031726084649562836,0.6397439241409302,0.5477868318557739,0.01361321285367012,0.6178033351898193,0.47824278473854065,-0.013302377425134182,0.5957853198051453,0.4907124936580658,-0.023205330595374107,0.588172197341919,0.5206061005592346,-0.024515250697731972,0.6677548885345459,0.5518190264701843,0.0036471972707659006,0.6372156739234924,0.5146074295043945,-0.02262231335043907,0.6335926651954651,0.5876100659370422,-0.018097132444381714,0.6531879901885986,0.5981189012527466,-0.007413392420858145,0.7004004716873169,0.5622032284736633,-0.012251762673258781,0.6702001094818115,0.5307451486587524,-0.03706539422273636,0.6639266014099121,0.5950420498847961,-0.018648304045200348,0.6808373332023621,0.6033604145050049,1.7816637409850955e-05,0.7339655756950378,0.5785678625106812,-0.029898710548877716,0.7098891139030457,0.5476512908935547,-0.03981881961226463,0.6957218050956726,0.5895872712135315,-0.024641985073685646,0.7054167985916138,0.6037391424179077,-0.010444330051541328,s
0.6873034834861755,0.7386406660079956,-5.165014727026573e-07,0.6373212337493896,0.6896336078643799,-0.0025934111326932907,0.5945927500724792,0.6163524985313416,-0.0075286803767085075,0.5589807033538818,0.5672712922096252,-0.019080357626080513,0.5225322842597961,0.5418723821640015,-0.028009433299303055,0.6372965574264526,0.5468717813491821,0.01612909510731697,0.6121917366981506,0.47945407032966614,-0.010403500869870186,0.5906089544296265,0.4942174553871155,-0.021185999736189842,0.5840041637420654,0.5213273763656616,-0.023404737934470177,0.6644501686096191,0.5514237880706787,0.005895412527024746,0.6334376335144043,0.5138365030288696,-0.019891582429409027,0.6302264332771301,0.586730420589447,-0.01651931181550026,0.650155782699585,0.5973889827728271,-0.007004263810813427,0.6964195370674133,0.5618016123771667,-0.010092225857079029,0.6657213568687439,0.5273385643959045,-0.03457038104534149,0.6599077582359314,0.5926956534385681,-0.01693844236433506,0.6775307655334473,0.6025886535644531,0.0010665899608284235,0.729674756526947,0.5780289173126221,-0.027637310326099396,0.7047337293624878,0.545045793056488,-0.0375075489282608,0.6913915872573853,0.5879732370376587,-0.022616125643253326,0.7024585604667664,0.6036615371704102,-0.008659014478325844,s
0.6858508586883545,0.7356345057487488,-5.225708719081013e-07,0.6351285576820374,0.6897674798965454,-0.002571362303569913,0.5926246047019958,0.6159705519676208,-0.0076161655597388744,0.5571790933609009,0.5677762627601624,-0.01937967725098133,0.5192506313323975,0.5444337129592896,-0.02862793579697609,0.6348501443862915,0.5443283915519714,0.016665011644363403,0.610181450843811,0.479156494140625,-0.011086015962064266,0.5874158143997192,0.4953914284706116,-0.0228617824614048,0.5790261030197144,0.5221795439720154,-0.02552662044763565,0.6621315479278564,0.5486327409744263,0.005899317562580109,0.6309424042701721,0.5121050477027893,-0.020940246060490608,0.6274509429931641,0.5847622752189636,-0.018190642818808556,0.6463657021522522,0.5945149064064026,-0.008658980950713158,0.6937675476074219,0.558601438999176,-0.0108028007671237,0.6615549921989441,0.525549054145813,-0.03668290376663208,0.6564549207687378,0.5921028256416321,-0.01952252723276615,0.6738374829292297,0.6010659337043762,-0.001345754018984735,0.7268596887588501,0.574012815952301,-0.028991449624300003,0.699855625629425,0.543265163898468,-0.039826907217502594,0.6885954737663269,0.5871830582618713,-0.02516426332294941,0.7013428211212158,0.6010287404060364,-0.011078611947596073,s
0.6838087439537048,0.7310367822647095,-5.053584004599543e-07,0.6339343190193176,0.6873978972434998,-0.004490083549171686,0.5911175012588501,0.6154406070709229,-0.010949831455945969,0.5547873973846436,0.567999005317688,-0.023735031485557556,0.5164151787757874,0.5445460081100464,-0.03396907076239586,0.6318897604942322,0.5438017249107361,0.013160141184926033,0.6069122552871704,0.4784306287765503,-0.015189552679657936,0.5841509699821472,0.4928026795387268,-0.026342594996094704,0.575630247592926,0.519851565361023,-0.028366995975375175,0.6590784192085266,0.5477086901664734,0.0031033072154968977,0.6260775923728943,0.5101587772369385,-0.024591883644461632,0.6239849328994751,0.5846561789512634,-0.020636960864067078,0.64393550157547,0.5952247381210327,-0.009773402474820614,0.6910536885261536,0.5568937063217163,-0.012978896498680115,0.6580458283424377,0.5244015455245972,-0.039579764008522034,0.6545071601867676,0.5914013385772705,-0.021394098177552223,0.672706127166748,0.6000650525093079,-0.002245153533294797,0.7242050170898438,0.5712118744850159,-0.03069392591714859,0.6966709494590759,0.5421517491340637,-0.041975315660238266,0.686815083026886,0.5855057239532471,-0.027083368971943855,0.7003464102745056,0.5980269908905029,-0.012736095115542412,s
0.681889533996582,0.7289555072784424,-5.047470494901063e-07,0.6326143145561218,0.6862830519676208,-0.004227491561323404,0.5893487334251404,0.6134623885154724,-0.010110361501574516,0.5533574223518372,0.5659985542297363,-0.022351205348968506,0.515518069267273,0.54228675365448,-0.0319054014980793,0.6301958560943604,0.5406367182731628,0.014951193705201149,0.6044865250587463,0.4781181812286377,-0.012323048897087574,0.5816571116447449,0.49179667234420776,-0.022819070145487785,0.5726715326309204,0.5176477432250977,-0.024660034105181694,0.6564575433731079,0.5436024069786072,0.00493042403832078,0.6232073903083801,0.5087164044380188,-0.021639639511704445,0.6220801472663879,0.5830358266830444,-0.017166106030344963,0.6422695517539978,0.5913515090942383,-0.006101386155933142,0.6881836652755737,0.5522687435150146,-0.01115717738866806,0.6548277735710144,0.52232825756073,-0.03690178692340851,0.6523222327232361,0.5889303088188171,-0.018528703600168228,0.6710737943649292,0.5953267812728882,0.0004943595267832279,0.7212353348731995,0.5665648579597473,-0.028941480442881584,0.6935072541236877,0.5394678115844727,-0.039826225489377975,0.6842033267021179,0.5826287269592285,-0.025037741288542747,0.6982423067092896,0.5936248302459717,-0.010917595587670803,s
0.6815206408500671,0.724683940410614,-5.014881025999784e-07,0.6311516761779785,0.6819015145301819,-0.004583633039146662,0.587856650352478,0.6110088229179382,-0.011395087465643883,0.5509502291679382,0.5645427107810974,-0.024279097095131874,0.5131528377532959,0.5412582159042358,-0.03424346446990967,0.6301440596580505,0.534692645072937,0.014103736728429794,0.6038769483566284,0.4754418134689331,-0.013457643799483776,0.5797294974327087,0.48979610204696655,-0.02402343414723873,0.5689029097557068,0.5183402299880981,-0.025863083079457283,0.6569541096687317,0.5364204049110413,0.004252799320966005,0.6211974024772644,0.5065434575080872,-0.022145424038171768,0.6213303804397583,0.5802181363105774,-0.017446979880332947,0.6415509581565857,0.5877231359481812,-0.0064585269428789616,0.6884520053863525,0.5445933938026428,-0.011690347455441952,0.6525853276252747,0.5214408040046692,-0.036597125232219696,0.6514891982078552,0.5872876048088074,-0.018064433708786964,0.6702824234962463,0.5920594334602356,0.0004955081385560334,0.7205701470375061,0.558945894241333,-0.02943708561360836,0.6897309422492981,0.5404047966003418,-0.04001295566558838,0.6825920939445496,0.5827063918113708,-0.025870760902762413,0.6979926228523254,0.5893704891204834,-0.012454087845981121,s
0.6814838647842407,0.7249655723571777,-5.121229946780659e-07,0.6315836310386658,0.681489109992981,-0.003932681865990162,0.5880435705184937,0.6114964485168457,-0.01102294959127903,0.5513370037078857,0.564659595489502,-0.024480698630213737,0.5126356482505798,0.5407776832580566,-0.035407356917858124,0.6303096413612366,0.5355187654495239,0.013333253562450409,0.6017022132873535,0.4761396050453186,-0.014438983984291553,0.5771488547325134,0.49039652943611145,-0.025587528944015503,0.5664166212081909,0.5177373886108398,-0.02790355682373047,0.6562560796737671,0.5376973152160645,0.002931359224021435,0.6198740005493164,0.5058149099349976,-0.02333243563771248,0.6194425225257874,0.5793516635894775,-0.019144097343087196,0.6401707530021667,0.5874612331390381,-0.008665172383189201,0.6874484419822693,0.5456283092498779,-0.0133468983694911,0.6509430408477783,0.5193726420402527,-0.03864656388759613,0.649457573890686,0.585204005241394,-0.02053651586174965,0.6688722968101501,0.5912672281265259,-0.002115043578669429,0.7197807431221008,0.5601092576980591,-0.03128761798143387,0.6892814040184021,0.5348827242851257,-0.042335037142038345,0.6813150644302368,0.5780670046806335,-0.027744794264435768,0.6963056325912476,0.5884410738945007,-0.013820319436490536,s
0.6811082363128662,0.7233548164367676,-5.132673095431528e-07,0.6312353014945984,0.6807959675788879,-0.004393099807202816,0.5870093703269958,0.6110973358154297,-0.011727661825716496,0.5497716069221497,0.5648901462554932,-0.025171617045998573,0.5113871097564697,0.5412430167198181,-0.036000318825244904,0.629586935043335,0.5346141457557678,0.011995437555015087,0.600154459476471,0.4758445918560028,-0.015675602480769157,0.5756421089172363,0.49100804328918457,-0.026561085134744644,0.5653676390647888,0.5195646286010742,-0.028787873685359955,0.6556488275527954,0.5360633134841919,0.0019065021770074964,0.6190744042396545,0.5048307180404663,-0.024382421746850014,0.6191577911376953,0.5783370137214661,-0.01999829337000847,0.6400632262229919,0.5867077112197876,-0.00950547680258751,0.6869933009147644,0.5437343120574951,-0.013977511785924435,0.6504836082458496,0.518721342086792,-0.0387958399951458,0.649479866027832,0.5844877362251282,-0.020455369725823402,0.6689978241920471,0.5901687145233154,-0.0022209188900887966,0.719329833984375,0.5579493045806885,-0.03157874196767807,0.6883326768875122,0.5359604954719543,-0.04231255128979683,0.6809595227241516,0.5788121819496155,-0.027907274663448334,0.6963950991630554,0.5874406099319458,-0.014353880658745766,s
0.6814858913421631,0.7236874103546143,-5.060927037447982e-07,0.6308488249778748,0.6798645853996277,-0.00387661368586123,0.5872907638549805,0.610886812210083,-0.011302773840725422,0.5500775575637817,0.5651956796646118,-0.02514820173382759,0.5115193724632263,0.5414026379585266,-0.03663560375571251,0.6301295757293701,0.5351237654685974,0.013692193664610386,0.6006582975387573,0.47695186734199524,-0.013908651657402515,0.5765917897224426,0.4899592697620392,-0.025431344285607338,0.5665267705917358,0.5170614719390869,-0.02813704125583172,0.6558104157447815,0.5365321040153503,0.00309863593429327,0.6191446781158447,0.5047963857650757,-0.02335352636873722,0.6189429759979248,0.5782131552696228,-0.019744236022233963,0.6399340033531189,0.5878830552101135,-0.009591054171323776,0.6870813369750977,0.5441007018089294,-0.013294421136379242,0.65046226978302,0.5185314416885376,-0.03811367601156235,0.6492511630058289,0.584164559841156,-0.02030402235686779,0.6689112186431885,0.5908641815185547,-0.0021941980812698603,0.7194545865058899,0.5586987733840942,-0.03140054643154144,0.6883479952812195,0.5351186990737915,-0.041863054037094116,0.6804053783416748,0.5778436064720154,-0.02734006568789482,0.6954730749130249,0.5877463221549988,-0.01361717376857996,s
0.6811065673828125,0.723456084728241,-5.174140937924676e-07,0.6306495070457458,0.6796729564666748,-0.003151634708046913,0.5864666104316711,0.6099200248718262,-0.010102737694978714,0.5489397048950195,0.5645067691802979,-0.023503810167312622,0.5101355910301208,0.5413925647735596,-0.034325383603572845,0.6294522881507874,0.5337406992912292,0.013793673366308212,0.6005192995071411,0.47633129358291626,-0.01407595444470644,0.5757076144218445,0.4920913577079773,-0.025555694475769997,0.5645822286605835,0.5197202563285828,-0.028218884021043777,0.6556418538093567,0.5354135036468506,0.0030757079366594553,0.6184230446815491,0.5045750737190247,-0.022715479135513306,0.6180788278579712,0.578001081943512,-0.01848605088889599,0.6390206813812256,0.5854161381721497,-0.008401289582252502,0.6870631575584412,0.5433502197265625,-0.013456402346491814,0.6499754190444946,0.5167568325996399,-0.03758276253938675,0.6481144428253174,0.5829794406890869,-0.018905937671661377,0.6677557229995728,0.5891628265380859,-0.0006545858341269195,0.71918785572052,0.5578941702842712,-0.0317058190703392,0.6879337430000305,0.5348336696624756,-0.04182952642440796,0.6794100403785706,0.5774676203727722,-0.027168460190296173,0.694520115852356,0.5867583751678467,-0.013545693829655647,s
0.681512176990509,0.7232266068458557,-4.973986165168753e-07,0.6306331753730774,0.6804426312446594,-0.004529642406851053,0.5864821076393127,0.6109071969985962,-0.012254917062819004,0.5485143661499023,0.5645095109939575,-0.026311391964554787,0.5094685554504395,0.5412189960479736,-0.03768201917409897,0.627924919128418,0.5349124670028687,0.013648174703121185,0.5993746519088745,0.47578439116477966,-0.014188011176884174,0.575705885887146,0.4904484152793884,-0.02512170374393463,0.5658665895462036,0.5183582901954651,-0.027251923456788063,0.6543654203414917,0.535390317440033,0.0034713426139205694,0.6186075210571289,0.5046975612640381,-0.02297029457986355,0.6189581155776978,0.5780099034309387,-0.01865481212735176,0.6396473050117493,0.5856308341026306,-0.008054443635046482,0.68598872423172,0.5421386361122131,-0.012734945863485336,0.6495455503463745,0.5172796249389648,-0.037603139877319336,0.64873206615448,0.5831989049911499,-0.01932099089026451,0.6682318449020386,0.5892977118492126,-0.0009931586682796478,0.7183712124824524,0.5552904009819031,-0.030741456896066666,0.6862722635269165,0.5355826616287231,-0.04130108654499054,0.6796141862869263,0.5781742334365845,-0.02718363143503666,0.6956760883331299,0.5859382748603821,-0.013776763342320919,s
0.680988073348999,0.7261759042739868,-5.064017614131444e-07,0.6307153701782227,0.6835487484931946,-0.004808451514691114,0.5866156220436096,0.6144412159919739,-0.012288881465792656,0.5485466718673706,0.5673523545265198,-0.026130322366952896,0.5093998312950134,0.5427891612052917,-0.037424422800540924,0.6266840696334839,0.5395843982696533,0.014029419049620628,0.5983221530914307,0.47817516326904297,-0.014220626093447208,0.5751861929893494,0.4930793046951294,-0.02542792074382305,0.5663541555404663,0.5212106704711914,-0.027543675154447556,0.6525182127952576,0.5400575399398804,0.004035545513033867,0.6168513894081116,0.5060217380523682,-0.02368384785950184,0.6176401376724243,0.5795993804931641,-0.020186325535178185,0.6383287310600281,0.5891247987747192,-0.009565705433487892,0.6839972734451294,0.5458882451057434,-0.01202347781509161,0.647782564163208,0.5193723440170288,-0.038706500083208084,0.6481031775474548,0.585551917552948,-0.02151455543935299,0.667733371257782,0.5927414298057556,-0.003036091336980462,0.7166125774383545,0.5577929019927979,-0.02971416898071766,0.6844921112060547,0.535204291343689,-0.04161277785897255,0.6789426207542419,0.5789358019828796,-0.027845188975334167,0.6951794028282166,0.5884497761726379,-0.01416984386742115,s
0.6810518503189087,0.7277621626853943,-5.030847773923597e-07,0.6292120814323425,0.6837398409843445,-0.004100565332919359,0.585054337978363,0.6142981052398682,-0.01062432024627924,0.5473309755325317,0.5678617358207703,-0.02364678867161274,0.5089275240898132,0.5436763763427734,-0.03390501067042351,0.6269831657409668,0.5395006537437439,0.016652654856443405,0.5991794466972351,0.4797079563140869,-0.011553303338587284,0.5763786435127258,0.4943821132183075,-0.023610996082425117,0.5667626857757568,0.5201387405395508,-0.026475172489881516,0.6529188752174377,0.5402759313583374,0.006469251122325659,0.6172729134559631,0.5077782869338989,-0.020741818472743034,0.6180857419967651,0.5809358954429626,-0.017718369141221046,0.6387783288955688,0.5882206559181213,-0.007706703618168831,0.6842831373214722,0.5467606782913208,-0.009907092899084091,0.6481514573097229,0.5206366777420044,-0.03565132990479469,0.647632360458374,0.5868253707885742,-0.01831245794892311,0.6673883199691772,0.5922242999076843,4.870373686571838e-06,0.7165869474411011,0.5594452619552612,-0.02801712602376938,0.6853680610656738,0.5372424125671387,-0.03859849274158478,0.6782836318016052,0.5802363157272339,-0.024454379454255104,0.6943443417549133,0.5884190201759338,-0.010796806775033474,s
0.6806473135948181,0.7283452153205872,-5.012863084630226e-07,0.6292020678520203,0.6846129298210144,-0.004057241138070822,0.5854839086532593,0.6155416965484619,-0.01106291450560093,0.5478997826576233,0.5690101981163025,-0.024584107100963593,0.5093792676925659,0.543838381767273,-0.03536092862486839,0.6283291578292847,0.5396589040756226,0.016090089455246925,0.6004986763000488,0.48044902086257935,-0.012177279219031334,0.5762467980384827,0.49408137798309326,-0.02416573092341423,0.5645653009414673,0.5198415517807007,-0.027003902941942215,0.6539934277534485,0.5404103398323059,0.00572383776307106,0.6169045567512512,0.5088364481925964,-0.021501798182725906,0.6179941296577454,0.5821632742881775,-0.01820114627480507,0.6388974189758301,0.5891457796096802,-0.007985913194715977,0.6849665641784668,0.5467978715896606,-0.010795523412525654,0.6472768187522888,0.5221177935600281,-0.036596156656742096,0.6476355791091919,0.5885101556777954,-0.018848953768610954,0.6678380966186523,0.5929871201515198,-0.0003391668142285198,0.7169081568717957,0.5594152212142944,-0.029048161581158638,0.684153139591217,0.5391591787338257,-0.03970942273736,0.6783825159072876,0.5822034478187561,-0.025326816365122795,0.6954526305198669,0.5889711380004883,-0.011528503149747849,s
0.6807341575622559,0.7300435304641724,-5.05726461597078e-07,0.6294052600860596,0.6863118410110474,-0.004523041658103466,0.5861866474151611,0.6167005300521851,-0.011879228055477142,0.5479961037635803,0.5700970888137817,-0.025666523724794388,0.5091768503189087,0.5456396341323853,-0.036756619811058044,0.6284664869308472,0.5419923067092896,0.015338677912950516,0.5990594625473022,0.4829327464103699,-0.012695126235485077,0.5751622915267944,0.4978511333465576,-0.024480190128087997,0.5644834041595459,0.5241655111312866,-0.02729601226747036,0.6535717248916626,0.5420021414756775,0.005071043036878109,0.6163594722747803,0.5101498365402222,-0.022058723494410515,0.6176655888557434,0.5838194489479065,-0.018797902390360832,0.6388800740242004,0.591981053352356,-0.008656457997858524,0.6843079924583435,0.5481869578361511,-0.011303852312266827,0.6469159722328186,0.5235587358474731,-0.036987390369176865,0.6473532915115356,0.5900730490684509,-0.01942896470427513,0.6677231192588806,0.595481276512146,-0.0011213377583771944,0.7160621881484985,0.5609376430511475,-0.02944088913500309,0.6836188435554504,0.5407850742340088,-0.040154024958610535,0.6779105067253113,0.5840681195259094,-0.025969568639993668,0.6946963667869568,0.591555655002594,-0.01236808206886053,s
0.6802448630332947,0.7309592366218567,-5.190599949855823e-07,0.6290876865386963,0.6865800619125366,-0.0028782121371477842,0.5862135887145996,0.6176695227622986,-0.009435770101845264,0.5483313202857971,0.5714718103408813,-0.02264711819589138,0.5094634890556335,0.5471631288528442,-0.03349750488996506,0.6292227506637573,0.5431901812553406,0.016121363267302513,0.6005544662475586,0.48371362686157227,-0.011496900580823421,0.5757531523704529,0.49846065044403076,-0.023749271407723427,0.5638548731803894,0.5251543521881104,-0.02707282453775406,0.654289960861206,0.5434454679489136,0.00527087552472949,0.6165702939033508,0.5109176635742188,-0.021442091092467308,0.6169763803482056,0.5839784741401672,-0.018992094323039055,0.6379488706588745,0.5941123366355896,-0.009692557156085968,0.6848154067993164,0.54988032579422,-0.011379476636648178,0.6467949151992798,0.5240223407745361,-0.03660498932003975,0.6467394232749939,0.5901854038238525,-0.019594812765717506,0.6670618057250977,0.5972712635993958,-0.0018028664635494351,0.7166147232055664,0.5631281137466431,-0.02958858758211136,0.6836463212966919,0.5405614972114563,-0.04008103907108307,0.6772803068161011,0.5839385986328125,-0.025817297399044037,0.6938018202781677,0.5933169722557068,-0.012233028188347816,s
0.6805175542831421,0.7322096824645996,-5.124376798448793e-07,0.6296753883361816,0.6880508661270142,-0.0035835723392665386,0.5861643552780151,0.6187465190887451,-0.010884692892432213,0.5482386350631714,0.5717223286628723,-0.02480310946702957,0.5089236497879028,0.5467597842216492,-0.03609362989664078,0.6296024918556213,0.5421018600463867,0.015352419577538967,0.6016403436660767,0.482961505651474,-0.012728910893201828,0.5762151479721069,0.4981653392314911,-0.024727266281843185,0.5635190010070801,0.5250439643859863,-0.02771730162203312,0.6546791791915894,0.5426599979400635,0.004666356835514307,0.6168633699417114,0.5111308693885803,-0.021785469725728035,0.6168220639228821,0.584603488445282,-0.018466275185346603,0.6377258896827698,0.5928899645805359,-0.00864546000957489,0.6852272748947144,0.549166738986969,-0.011998082511126995,0.6468501687049866,0.5238195657730103,-0.03698239475488663,0.646380603313446,0.5904158353805542,-0.019192907959222794,0.6667801141738892,0.596662163734436,-0.0010310908546671271,0.7171493172645569,0.5623904466629028,-0.030362755060195923,0.6840683221817017,0.5410279035568237,-0.04059995710849762,0.6775383353233337,0.5842419862747192,-0.026077931746840477,0.6942985653877258,0.5927934646606445,-0.012331238947808743,s
0.680952787399292,0.7328985929489136,-5.108367986395024e-07,0.6298474669456482,0.6883506774902344,-0.003744667861610651,0.586510419845581,0.6191127300262451,-0.011292642913758755,0.548820972442627,0.5717129707336426,-0.02552424557507038,0.5093274712562561,0.5466426610946655,-0.037093788385391235,0.6294060349464417,0.5426287055015564,0.01564640924334526,0.6014084815979004,0.4835583567619324,-0.012821628712117672,0.5759209394454956,0.4986758232116699,-0.024822836741805077,0.5632583498954773,0.5251852869987488,-0.027669135481119156,0.6544959545135498,0.5433123707771301,0.00484616169705987,0.6166028380393982,0.5110210180282593,-0.022080201655626297,0.6165611147880554,0.5849967002868652,-0.018644805997610092,0.6375511884689331,0.592976987361908,-0.008452984504401684,0.6851710081100464,0.54975825548172,-0.012048155069351196,0.6466584205627441,0.5241866707801819,-0.03763522580265999,0.6465156078338623,0.5909918546676636,-0.01982099562883377,0.6671519875526428,0.5966141819953918,-0.0013705543242394924,0.7172755599021912,0.5627592206001282,-0.030637236312031746,0.683694064617157,0.5413930416107178,-0.04110001027584076,0.6775946617126465,0.5848677158355713,-0.026485146954655647,0.6947396993637085,0.5929756760597229,-0.012548810802400112,s
0.6803231835365295,0.7310338020324707,-5.179210234018683e-07,0.6290305256843567,0.6865917444229126,-0.003006579587236047,0.5855165123939514,0.6181070804595947,-0.01024013664573431,0.5484281182289124,0.5713896155357361,-0.02422589249908924,0.5095027685165405,0.5465945601463318,-0.03557615727186203,0.6289492249488831,0.5420243740081787,0.015093808993697166,0.6005464196205139,0.482393354177475,-0.013181128539144993,0.5750851631164551,0.49941879510879517,-0.024933189153671265,0.5629129409790039,0.5280837416648865,-0.027588827535510063,0.654614269733429,0.5432525277137756,0.004105164669454098,0.6168384552001953,0.5115578174591064,-0.02261749468743801,0.6172190308570862,0.584955096244812,-0.019081061705946922,0.6381233334541321,0.5930466055870056,-0.009035125374794006,0.6853780150413513,0.549974262714386,-0.012833348475396633,0.6468835473060608,0.5246902108192444,-0.037960708141326904,0.6472957134246826,0.5908158421516418,-0.020114446058869362,0.6678361296653748,0.596210241317749,-0.0019303516019135714,0.7174854278564453,0.5628130435943604,-0.0313761830329895,0.6837087869644165,0.541562557220459,-0.04164192080497742,0.6779849529266357,0.5846990346908569,-0.027018826454877853,0.6951436400413513,0.5923615097999573,-0.013225060887634754,s
0.6809701323509216,0.7324013710021973,-5.322006586538919e-07,0.6295703053474426,0.6882177591323853,-0.002643451327458024,0.5861239433288574,0.6188480854034424,-0.009527351707220078,0.54859459400177,0.5714490413665771,-0.023271579295396805,0.509451150894165,0.5460116863250732,-0.03442583978176117,0.629051923751831,0.5438904762268066,0.015612387098371983,0.5997623801231384,0.4817345142364502,-0.012715116143226624,0.5745232701301575,0.5000054240226746,-0.024720435962080956,0.5629796385765076,0.5304922461509705,-0.027503492310643196,0.65448397397995,0.5449214577674866,0.004495594184845686,0.6167052388191223,0.5119438767433167,-0.02224188670516014,0.6172336339950562,0.5853803753852844,-0.019238296896219254,0.6384837627410889,0.5947786569595337,-0.00953870452940464,0.6852009296417236,0.5511112213134766,-0.01251966692507267,0.6467640399932861,0.5246305465698242,-0.03749983757734299,0.6469902396202087,0.5910161733627319,-0.020046446472406387,0.6676162481307983,0.5974830389022827,-0.00213459599763155,0.7173992991447449,0.5635119080543518,-0.03109808824956417,0.6833634972572327,0.5415869951248169,-0.04149220883846283,0.6776474118232727,0.5852937698364258,-0.027013273909687996,0.6948682069778442,0.5938025712966919,-0.013238759711384773,s
0.6821194291114807,0.7332855463027954,-5.062245804765553e-07,0.6297336220741272,0.6886218190193176,-0.004962540231645107,0.5863878726959229,0.6206278800964355,-0.012800038792192936,0.5483760237693787,0.5733317136764526,-0.027205083519220352,0.5091806650161743,0.5483837127685547,-0.03890230506658554,0.6282011270523071,0.5461450219154358,0.01549449935555458,0.5986701846122742,0.4849710464477539,-0.012518517673015594,0.5743730664253235,0.5003637671470642,-0.023875335231423378,0.5646466016769409,0.5287562608718872,-0.026117444038391113,0.6536604762077332,0.5466528534889221,0.005358078982681036,0.6160076260566711,0.5135630369186401,-0.02186151035130024,0.6168046593666077,0.5869539976119995,-0.018474172800779343,0.6384398341178894,0.5960361361503601,-0.008013135753571987,0.6846562027931213,0.5523679852485657,-0.010982898995280266,0.6476629376411438,0.5268943905830383,-0.03692549467086792,0.6476952433586121,0.5922621488571167,-0.019555021077394485,0.6680596470832825,0.5983216166496277,-0.0010971251176670194,0.7170713543891907,0.5645298957824707,-0.02909477800130844,0.6850318908691406,0.5413782596588135,-0.039799634367227554,0.6786462068557739,0.584697961807251,-0.025263268500566483,0.6950343251228333,0.5941915512084961,-0.011191466823220253,s
0.6819552183151245,0.7325490117073059,-5.141843644196342e-07,0.6301361918449402,0.6895233392715454,-0.0038114048074930906,0.5851893424987793,0.6202056407928467,-0.010319537483155727,0.54688560962677,0.5739580392837524,-0.023181401193141937,0.5084594488143921,0.5496412515640259,-0.03333667665719986,0.6271522045135498,0.5443915724754333,0.015105864964425564,0.5998238325119019,0.4832635223865509,-0.012653045356273651,0.5755278468132019,0.49873584508895874,-0.024201076477766037,0.564393162727356,0.5275956392288208,-0.02675611898303032,0.6532376408576965,0.5447647571563721,0.004830679390579462,0.616551399230957,0.5126852989196777,-0.021977778524160385,0.6171824932098389,0.5859581232070923,-0.018848607316613197,0.637880802154541,0.5960702896118164,-0.00889265164732933,0.6844128966331482,0.5510897636413574,-0.011404630728065968,0.647656261920929,0.5266806483268738,-0.03670177236199379,0.647845447063446,0.5926393270492554,-0.019546736031770706,0.6677708029747009,0.598953127861023,-0.001588522456586361,0.7170193195343018,0.5636953115463257,-0.029251905158162117,0.6847859025001526,0.5429294109344482,-0.0396963432431221,0.6786960959434509,0.5863308906555176,-0.02552122063934803,0.6951956152915955,0.5944634675979614,-0.011948048137128353,s
0.6823667287826538,0.733401894569397,-5.180899051993038e-07,0.629845142364502,0.6888575553894043,-0.0035702872555702925,0.5852175951004028,0.618484377861023,-0.010042224079370499,0.546861469745636,0.5724600553512573,-0.02300071157515049,0.5085957050323486,0.547508180141449,-0.03347739204764366,0.6287393569946289,0.5420956611633301,0.016579918563365936,0.6001087427139282,0.4835100769996643,-0.010672193951904774,0.5754427313804626,0.4985755383968353,-0.02295728027820587,0.5634862780570984,0.5255880951881409,-0.026456588879227638,0.6546594500541687,0.5417761206626892,0.00594400055706501,0.6161437034606934,0.5128529667854309,-0.020768335089087486,0.6171057820320129,0.5854200720787048,-0.01877012848854065,0.6381431818008423,0.5952807068824768,-0.009908711537718773,0.6857007741928101,0.5485373735427856,-0.010612959042191505,0.6470413208007812,0.5267730355262756,-0.035807136446237564,0.6474699378013611,0.5920663475990295,-0.01943868212401867,0.6676952838897705,0.5979626774787903,-0.0022036535665392876,0.7179438471794128,0.5623223781585693,-0.028806965798139572,0.6843146681785583,0.5425611138343811,-0.03915543481707573,0.678122878074646,0.5856568813323975,-0.02526407688856125,0.694787859916687,0.5936570167541504,-0.012064936570823193,s
0.6818446516990662,0.7327187657356262,-5.138960545991722e-07,0.6298319101333618,0.6885699033737183,-0.004393342416733503,0.5854336619377136,0.6184276342391968,-0.011482848785817623,0.5468294620513916,0.5722290873527527,-0.02483413740992546,0.5078104734420776,0.5484241247177124,-0.03548549488186836,0.6276726126670837,0.542288064956665,0.014553750865161419,0.5996633172035217,0.4823494553565979,-0.013395506888628006,0.5748552083969116,0.49834972620010376,-0.025588789954781532,0.5627490878105164,0.5273420214653015,-0.028812209144234657,0.6541290283203125,0.542095422744751,0.004326407797634602,0.6163197159767151,0.5124529004096985,-0.022709647193551064,0.6173750758171082,0.58598393201828,-0.02017098478972912,0.6382421851158142,0.5964171290397644,-0.0108693428337574,0.6854326128959656,0.548839807510376,-0.011878516525030136,0.6478248238563538,0.5270140767097473,-0.03691685199737549,0.6481916904449463,0.5927094221115112,-0.0199925284832716,0.6682199239730835,0.5989044904708862,-0.0024724076502025127,0.7178243398666382,0.5622248649597168,-0.029821397736668587,0.6849953532218933,0.5439268946647644,-0.03982416167855263,0.6787045001983643,0.5867680311203003,-0.0257970429956913,0.6949136853218079,0.5938698649406433,-0.012577648274600506,s
0.6821444034576416,0.732302188873291,-5.120822379467427e-07,0.6299088001251221,0.6887597441673279,-0.004438613075762987,0.5852785706520081,0.6187133193016052,-0.011299170553684235,0.5469291806221008,0.5719216465950012,-0.024485381320118904,0.5079343914985657,0.5480833053588867,-0.034967824816703796,0.6267753839492798,0.5433170795440674,0.014945337548851967,0.599213719367981,0.48199236392974854,-0.013239206746220589,0.5753282904624939,0.4970860481262207,-0.02510286308825016,0.564538836479187,0.5253939032554626,-0.02777913026511669,0.6531673669815063,0.543878972530365,0.0047815414145588875,0.6159484386444092,0.5124052166938782,-0.02245338074862957,0.616608202457428,0.5862849354743958,-0.019376065582036972,0.6376717686653137,0.5961430668830872,-0.009289110079407692,0.6847154498100281,0.5505949258804321,-0.011487177573144436,0.6478103995323181,0.5271416306495667,-0.037302035838365555,0.6478459239006042,0.5929369926452637,-0.020235348492860794,0.6680259704589844,0.5986200571060181,-0.002083014929667115,0.7173396944999695,0.5635895729064941,-0.02942865714430809,0.6848788261413574,0.5420328378677368,-0.03985815867781639,0.6783474087715149,0.5854344367980957,-0.025471072643995285,0.6946934461593628,0.5937936305999756,-0.011652940884232521,s
0.6819793581962585,0.731716513633728,-5.137508196639828e-07,0.6296296715736389,0.6876932382583618,-0.004111343529075384,0.5849870443344116,0.6184712052345276,-0.011274588294327259,0.5465542674064636,0.5725470185279846,-0.02484310045838356,0.5080801248550415,0.547998309135437,-0.0358024537563324,0.6280510425567627,0.5415530204772949,0.014776935800909996,0.5996860265731812,0.48136353492736816,-0.013261145912110806,0.5747684240341187,0.49636784195899963,-0.025267980992794037,0.5627376437187195,0.5250974297523499,-0.028199171647429466,0.6542415022850037,0.541941225528717,0.004347523674368858,0.6154128909111023,0.5119393467903137,-0.023003553971648216,0.61638343334198,0.5857446789741516,-0.020275024697184563,0.6373782157897949,0.595550000667572,-0.010527878999710083,0.6855190992355347,0.5486889481544495,-0.012066766619682312,0.646946907043457,0.5272065997123718,-0.03786328434944153,0.6476167440414429,0.5930634140968323,-0.021010680124163628,0.6680026650428772,0.5982437133789062,-0.003123936243355274,0.7178182601928711,0.5620255470275879,-0.030101213604211807,0.6838200688362122,0.5426843762397766,-0.040608666837215424,0.6781173944473267,0.5857707858085632,-0.02637563645839691,0.6952965259552002,0.5927731990814209,-0.012735323049128056,s
0.6823703050613403,0.7323358654975891,-5.14153839503706e-07,0.6297789216041565,0.6880304217338562,-0.003911582287400961,0.5854620337486267,0.6184354424476624,-0.010810787789523602,0.5468549728393555,0.5719796419143677,-0.024175163358449936,0.5079869627952576,0.547512948513031,-0.0350395031273365,0.6279918551445007,0.542382001876831,0.015705494210124016,0.5987491011619568,0.48241424560546875,-0.011962036602199078,0.5746894478797913,0.49637746810913086,-0.02398848347365856,0.5641461610794067,0.5238606333732605,-0.027081824839115143,0.6540843844413757,0.5421416163444519,0.0051076896488666534,0.6158967614173889,0.5113713145256042,-0.02221957966685295,0.6168578863143921,0.585076630115509,-0.01993083581328392,0.6381452679634094,0.5963656902313232,-0.010456324554979801,0.685450553894043,0.5485880374908447,-0.011439169757068157,0.647322416305542,0.5266537070274353,-0.03710818663239479,0.6477384567260742,0.5923039317131042,-0.020741717889904976,0.6682113409042358,0.5984890460968018,-0.003193071810528636,0.71776282787323,0.5618951916694641,-0.02960238605737686,0.6839872598648071,0.5424937605857849,-0.04012186452746391,0.6783416867256165,0.5854799151420593,-0.02628018707036972,0.6954715251922607,0.5930525660514832,-0.012949704192578793,s
0.6820375323295593,0.7322683930397034,-5.188226168684196e-07,0.6295970678329468,0.6880804300308228,-0.003725135698914528,0.5846275687217712,0.6180273294448853,-0.01031855121254921,0.5460651516914368,0.5718393325805664,-0.023326605558395386,0.507481575012207,0.5479013919830322,-0.03354760259389877,0.6275110840797424,0.5424848794937134,0.014576813206076622,0.5983100533485413,0.4808940887451172,-0.013289127498865128,0.5739997625350952,0.49735546112060547,-0.024884851649403572,0.5633122324943542,0.5268464684486389,-0.027544451877474785,0.6536650061607361,0.5430667400360107,0.004242146387696266,0.6150133013725281,0.5123432278633118,-0.02259763516485691,0.6163772940635681,0.5860796570777893,-0.019374597817659378,0.638313889503479,0.5952708721160889,-0.009560653008520603,0.6849044561386108,0.5498216152191162,-0.01202691812068224,0.6466797590255737,0.526215136051178,-0.0370301678776741,0.6470227837562561,0.5922017693519592,-0.01961793564260006,0.6680098176002502,0.5976334810256958,-0.0017362755024805665,0.717130184173584,0.562945544719696,-0.02995976433157921,0.6840189099311829,0.5430157780647278,-0.04012414813041687,0.6776759028434753,0.5859774947166443,-0.025894587859511375,0.6947235465049744,0.5933881998062134,-0.012429438531398773,s
0.6831904053688049,0.7326085567474365,-5.067910251455032e-07,0.6296296715736389,0.6886064410209656,-0.003855331800878048,0.5852465629577637,0.619602382183075,-0.010381953790783882,0.5464982986450195,0.5730398297309875,-0.023585958406329155,0.5076946020126343,0.5494056940078735,-0.034301724284887314,0.62633216381073,0.5444106459617615,0.017675889655947685,0.5973126888275146,0.48367664217948914,-0.009859327226877213,0.5745699405670166,0.4968874454498291,-0.021855873987078667,0.5652756094932556,0.5228841304779053,-0.024917103350162506,0.6524971127510071,0.5436569452285767,0.00700551038607955,0.6149650812149048,0.5122746229171753,-0.02065894939005375,0.6164655685424805,0.5859893560409546,-0.01865215040743351,0.6379238963127136,0.5966477394104004,-0.009171790443360806,0.6840020418167114,0.5494052171707153,-0.009785267524421215,0.6466039419174194,0.5266988277435303,-0.036161087453365326,0.6472415328025818,0.5926345586776733,-0.020127205178141594,0.6676993370056152,0.5987973213195801,-0.002470247680321336,0.7166606187820435,0.5618846416473389,-0.02819718047976494,0.6835876107215881,0.5424440503120422,-0.039007965475320816,0.6779491305351257,0.5856241583824158,-0.02535870112478733,0.6949564814567566,0.5934391617774963,-0.012059306725859642,s
0.6804746389389038,0.7305942177772522,-5.195520884626603e-07,0.6290326118469238,0.6873375177383423,-0.0034346235916018486,0.5845046043395996,0.6185001730918884,-0.009935218840837479,0.5465101003646851,0.572996199131012,-0.022886231541633606,0.5087593793869019,0.5483681559562683,-0.03331340476870537,0.6269705295562744,0.5418211817741394,0.0145883085206151,0.5981885194778442,0.48159486055374146,-0.012703606858849525,0.5733655095100403,0.4970121681690216,-0.0241278987377882,0.5620011687278748,0.5255580544471741,-0.026826292276382446,0.6530725359916687,0.5421100854873657,0.004095273092389107,0.6147732734680176,0.5120900273323059,-0.022632936015725136,0.6155147552490234,0.5852417945861816,-0.01978209801018238,0.6365514993667603,0.5953090190887451,-0.010295822285115719,0.6840753555297852,0.5488712787628174,-0.012167590670287609,0.6458169221878052,0.5257749557495117,-0.03757794201374054,0.646237850189209,0.591874361038208,-0.020731057971715927,0.6668260097503662,0.5980623364448547,-0.0030934952665120363,0.7163679599761963,0.5622975826263428,-0.029960164800286293,0.683344841003418,0.5422340631484985,-0.04052834212779999,0.6768807172775269,0.5855011940002441,-0.026495132595300674,0.6936473250389099,0.5936800241470337,-0.013120291754603386,s
0.6810447573661804,0.731478750705719,-5.254204893390124e-07,0.6291170120239258,0.6877343654632568,-0.004617746919393539,0.5846834778785706,0.6177769303321838,-0.011825697496533394,0.5458552837371826,0.5715341567993164,-0.02530406229197979,0.5063319206237793,0.5472869277000427,-0.03594333678483963,0.626483142375946,0.5406102538108826,0.013953961431980133,0.595962643623352,0.4809170067310333,-0.01472490280866623,0.5713882446289062,0.49814850091934204,-0.026618624106049538,0.5609509348869324,0.5286602973937988,-0.029325203970074654,0.6527241468429565,0.5407487750053406,0.0038041004445403814,0.6134965419769287,0.5118760466575623,-0.023753363639116287,0.615519106388092,0.586153507232666,-0.02062312141060829,0.6374199390411377,0.59488844871521,-0.01069945190101862,0.6841970682144165,0.5472027063369751,-0.012452678754925728,0.6451491117477417,0.5260939002037048,-0.03846566006541252,0.646136462688446,0.5923076868057251,-0.02126351371407509,0.6668838262557983,0.5971121788024902,-0.0033251577988266945,0.7165734767913818,0.5601368546485901,-0.030416429042816162,0.6826978325843811,0.5421696305274963,-0.0415593646466732,0.6772210001945496,0.5855467915534973,-0.027717599645256996,0.6942254900932312,0.5923013687133789,-0.014336947351694107,s
0.6808031797409058,0.7308018207550049,-5.172320243218564e-07,0.6285727024078369,0.6873734593391418,-0.0047064851969480515,0.583518922328949,0.6180968284606934,-0.011874612420797348,0.544692873954773,0.5721863508224487,-0.025297870859503746,0.5056072473526001,0.548133373260498,-0.03606587275862694,0.6251802444458008,0.5429726839065552,0.013445687480270863,0.5943862199783325,0.4810970425605774,-0.014518719166517258,0.5701825022697449,0.4979490339756012,-0.0259443037211895,0.5607765316963196,0.5271548628807068,-0.02847910486161709,0.6516915559768677,0.5431704521179199,0.003392390673980117,0.6137228012084961,0.512086808681488,-0.024382399395108223,0.6153118014335632,0.5857006907463074,-0.02152090333402157,0.6369836926460266,0.5954593420028687,-0.011686704121530056,0.683254599571228,0.5496083498001099,-0.012615706771612167,0.6458814144134521,0.5263766050338745,-0.0387071892619133,0.6465673446655273,0.59189373254776,-0.02188972383737564,0.666901707649231,0.5973065495491028,-0.004126681014895439,0.7158909440040588,0.5622202157974243,-0.030255425721406937,0.683424174785614,0.5421668887138367,-0.04134168103337288,0.6775890588760376,0.5850819945335388,-0.02760286070406437,0.6942585110664368,0.592576265335083,-0.014334464445710182,s
0.6805941462516785,0.731957733631134,-5.143264729667862e-07,0.6282464861869812,0.6886196732521057,-0.004212632775306702,0.5833584666252136,0.6191793084144592,-0.010939946398139,0.5438519716262817,0.5737364888191223,-0.02412235364317894,0.505024790763855,0.5503103733062744,-0.03492359444499016,0.6252853870391846,0.5435521006584167,0.01537170447409153,0.5935781002044678,0.48292773962020874,-0.011646488681435585,0.570732593536377,0.49744558334350586,-0.023136287927627563,0.5627416372299194,0.5240259170532227,-0.026078177616000175,0.6512811779975891,0.5424796938896179,0.004869536962360144,0.613154947757721,0.5125372409820557,-0.022654592990875244,0.6149939298629761,0.5859061479568481,-0.020571408793330193,0.6367262601852417,0.5965716242790222,-0.011334260925650597,0.6824336051940918,0.5485186576843262,-0.011534024029970169,0.6451223492622375,0.5273109078407288,-0.037681370973587036,0.6457804441452026,0.5928357243537903,-0.02175585925579071,0.6661289930343628,0.5988378524780273,-0.00450409110635519,0.714651346206665,0.5613376498222351,-0.029529878869652748,0.6818903684616089,0.5420729517936707,-0.04073844477534294,0.6759754419326782,0.5856786966323853,-0.02738487720489502,0.6924792528152466,0.594128429889679,-0.014397816732525826,s
0.6790682077407837,0.7311341762542725,-5.05706850617571e-07,0.627371609210968,0.688336193561554,-0.0058818962424993515,0.5825454592704773,0.6198709607124329,-0.013968875631690025,0.5436124205589294,0.5744163393974304,-0.028213931247591972,0.5042392015457153,0.5513120293617249,-0.039670638740062714,0.6238329410552979,0.5432724952697754,0.012702498584985733,0.5940598845481873,0.4827435612678528,-0.015909291803836823,0.5696262717247009,0.49884891510009766,-0.027575965970754623,0.5590581893920898,0.527431845664978,-0.03016272746026516,0.6500633358955383,0.5431947708129883,0.0028332730289548635,0.6118667125701904,0.5132042169570923,-0.02499903365969658,0.6140711307525635,0.5874513983726501,-0.021525580435991287,0.6358050107955933,0.5955544114112854,-0.01117959339171648,0.6815327405929565,0.5495518445968628,-0.013239611871540546,0.6442888379096985,0.5280349254608154,-0.039600688964128494,0.6454163193702698,0.593680739402771,-0.022101495414972305,0.6657350659370422,0.5977407097816467,-0.003755448618903756,0.7140029668807983,0.5624296069145203,-0.031136197969317436,0.681714653968811,0.5430572032928467,-0.04211454093456268,0.675729513168335,0.586332380771637,-0.027825264260172844,0.6919856071472168,0.5935689806938171,-0.014153911732137203,s
0.6796340942382812,0.7313284873962402,-5.117386194797291e-07,0.6270782351493835,0.6881548762321472,-0.00485810125246644,0.5819780230522156,0.6194506883621216,-0.012106134556233883,0.5427978038787842,0.5745456218719482,-0.025560734793543816,0.503671407699585,0.551506757736206,-0.036228008568286896,0.624151885509491,0.5414465665817261,0.014305339194834232,0.5939146280288696,0.4826376140117645,-0.01385424006730318,0.5701245069503784,0.4982585310935974,-0.02605981007218361,0.5598574280738831,0.5265100598335266,-0.029297880828380585,0.6501599550247192,0.5411100387573242,0.004058931488543749,0.6112105250358582,0.51273512840271,-0.023551374673843384,0.6138167977333069,0.5863677859306335,-0.021126074716448784,0.6357816457748413,0.5955341458320618,-0.011755058541893959,0.6813390254974365,0.5476810336112976,-0.012249013409018517,0.64345782995224,0.5272995829582214,-0.038126133382320404,0.6444160342216492,0.5928069353103638,-0.021444430574774742,0.6648749113082886,0.5975833535194397,-0.0038819313049316406,0.7134430408477783,0.5611461400985718,-0.03032366745173931,0.6808632016181946,0.5432591438293457,-0.04112197086215019,0.674490213394165,0.5864623785018921,-0.027420325204730034,0.690617024898529,0.5936658978462219,-0.014289342798292637,s
0.6798360347747803,0.732704758644104,-5.042342650085629e-07,0.6273946166038513,0.6896499395370483,-0.005705501884222031,0.5817878842353821,0.6205226182937622,-0.013241193257272243,0.5425501465797424,0.5756478309631348,-0.026878047734498978,0.5035742521286011,0.5525018572807312,-0.03758389502763748,0.6235333681106567,0.5416189432144165,0.014210170134902,0.5944159030914307,0.48340553045272827,-0.01426783949136734,0.5705509781837463,0.49733564257621765,-0.02610885351896286,0.5595210790634155,0.5247028470039368,-0.028836417943239212,0.6496492624282837,0.5416632890701294,0.004199767950922251,0.610769510269165,0.512973964214325,-0.024107344448566437,0.613683819770813,0.5879718661308289,-0.02099721133708954,0.6356590390205383,0.5966722369194031,-0.010524828918278217,0.6810263991355896,0.5482683777809143,-0.012086807750165462,0.6432780027389526,0.5288314819335938,-0.039050906896591187,0.6449252963066101,0.5950788855552673,-0.02195914462208748,0.6655803918838501,0.599135160446167,-0.0034774283412843943,0.7133253216743469,0.561566174030304,-0.030193239450454712,0.6812084317207336,0.5430274605751038,-0.04156782478094101,0.675128698348999,0.586837112903595,-0.02755383588373661,0.691181480884552,0.5942191481590271,-0.013847693800926208,s
0.6793093681335449,0.7328447103500366,-5.117294108458736e-07,0.6260255575180054,0.688193678855896,-0.004063774831593037,0.5810083150863647,0.6185057759284973,-0.010470646433532238,0.541742742061615,0.5744110941886902,-0.023214178159832954,0.502869188785553,0.5531122088432312,-0.033379681408405304,0.6239609718322754,0.5412992835044861,0.016767652705311775,0.5955781936645508,0.4840964078903198,-0.010450870729982853,0.5712089538574219,0.49814820289611816,-0.022891944274306297,0.5591379404067993,0.5243635773658752,-0.02666499651968479,0.6502149105072021,0.5404983162879944,0.006093969102948904,0.6114250421524048,0.5141133069992065,-0.02128533273935318,0.6136548519134521,0.5871403813362122,-0.01969367265701294,0.6351669430732727,0.5970197916030884,-0.011009694077074528,0.6813680529594421,0.5474907755851746,-0.010587278753519058,0.6431040167808533,0.5291142463684082,-0.03622923418879509,0.6441507935523987,0.5942760109901428,-0.020279455929994583,0.6645991206169128,0.5992394089698792,-0.0032126877922564745,0.7133370041847229,0.5617122650146484,-0.02898847870528698,0.6805681586265564,0.5442699790000916,-0.03929983824491501,0.6738850474357605,0.5874131917953491,-0.02565057948231697,0.6898711919784546,0.5947689414024353,-0.012709174305200577,s
0.6802968978881836,0.7327021360397339,-5.104108140585595e-07,0.626612663269043,0.6881566643714905,-0.004332520999014378,0.5814995765686035,0.6191683411598206,-0.011303728446364403,0.5425730347633362,0.5749008655548096,-0.024540890008211136,0.503899097442627,0.5528312921524048,-0.03495393693447113,0.6251357793807983,0.5392189025878906,0.016037538647651672,0.5960056185722351,0.48263630270957947,-0.011399572715163231,0.5715319514274597,0.4975855350494385,-0.0234222449362278,0.5593913197517395,0.5264661908149719,-0.02671954408288002,0.6515228748321533,0.5388228297233582,0.005429581739008427,0.6116300821304321,0.5143052339553833,-0.021747078746557236,0.614454448223114,0.5872198939323425,-0.019457118585705757,0.6359561085700989,0.5962740778923035,-0.010325569659471512,0.6826859712600708,0.5461364984512329,-0.01128044631332159,0.6430018544197083,0.5303608775138855,-0.0367559939622879,0.6446409225463867,0.5953935384750366,-0.02047806978225708,0.6651029586791992,0.5994066596031189,-0.0033790613524615765,0.714477002620697,0.5606905817985535,-0.029759706929326057,0.680108904838562,0.5461076498031616,-0.04043712839484215,0.6741583347320557,0.5892260670661926,-0.027117008343338966,0.6906834244728088,0.5952721834182739,-0.014364790171384811,s
0.6799070239067078,0.7322056293487549,-5.188123850530246e-07,0.6269347667694092,0.6889414191246033,-0.004892950877547264,0.5821221470832825,0.6193671226501465,-0.011964274570345879,0.5433533787727356,0.574628472328186,-0.025159457698464394,0.5044963359832764,0.5514539480209351,-0.03552048280835152,0.6245064735412598,0.5398480892181396,0.013978124596178532,0.5953100919723511,0.4813023507595062,-0.014074273407459259,0.5708388686180115,0.49703216552734375,-0.025993824005126953,0.559253454208374,0.5265929698944092,-0.028948839753866196,0.6509421467781067,0.5398776531219482,0.0038242856971919537,0.6116415858268738,0.5132423639297485,-0.02373904548585415,0.6137272715568542,0.5871869325637817,-0.02111801505088806,0.6352891325950623,0.5967752933502197,-0.011592429131269455,0.6822707653045654,0.5473268628120422,-0.012372362427413464,0.6435931921005249,0.5294211506843567,-0.038334768265485764,0.6445735096931458,0.595371663570404,-0.021670576184988022,0.6650455594062805,0.6002399325370789,-0.0040828692726790905,0.7143162488937378,0.5617648363113403,-0.03030286729335785,0.6810072660446167,0.5448628664016724,-0.04120704531669617,0.6746456623077393,0.588233232498169,-0.027439208701252937,0.6908714771270752,0.5953390002250671,-0.014195441268384457,s
0.6802670955657959,0.7329567074775696,-5.136828917784442e-07,0.6271721720695496,0.6890846490859985,-0.005447108764201403,0.582541823387146,0.6197328567504883,-0.01272580772638321,0.5438809394836426,0.5747483968734741,-0.026204144582152367,0.5050414204597473,0.5518021583557129,-0.036871690303087234,0.6244020462036133,0.5408754348754883,0.014582325704395771,0.5942054390907288,0.4827600419521332,-0.014125514775514603,0.5704998970031738,0.4980052709579468,-0.026162605732679367,0.5603151321411133,0.5255722999572754,-0.02898113802075386,0.6508814692497253,0.5409185290336609,0.00444341916590929,0.6115090250968933,0.5125386118888855,-0.02436654455959797,0.6139006614685059,0.587739109992981,-0.021647246554493904,0.635978102684021,0.5968331098556519,-0.011337514035403728,0.6824377179145813,0.5480590462684631,-0.011954238638281822,0.6438499689102173,0.5299240350723267,-0.039463285356760025,0.6452265977859497,0.596628725528717,-0.02277456410229206,0.6661845445632935,0.6007222533226013,-0.004382067359983921,0.714582622051239,0.5621445178985596,-0.03010244481265545,0.6814036965370178,0.544409990310669,-0.04184902086853981,0.6752613186836243,0.5881302356719971,-0.028053849935531616,0.6916987299919128,0.5952708125114441,-0.014383840374648571,s
0.6809819936752319,0.732441246509552,-5.201827093515021e-07,0.6277315616607666,0.6895056366920471,-0.005215801298618317,0.5828380584716797,0.619662344455719,-0.012296873144805431,0.5438427329063416,0.5747281908988953,-0.025474093854427338,0.5051238536834717,0.5519294738769531,-0.035844091325998306,0.6249008774757385,0.5400397181510925,0.014133789576590061,0.5950142741203308,0.4811896085739136,-0.013934917747974396,0.5710653066635132,0.49754267930984497,-0.025696873664855957,0.5604885816574097,0.527324378490448,-0.028528733178973198,0.6517419815063477,0.5395001173019409,0.003985872492194176,0.6118736863136292,0.51280277967453,-0.024274688214063644,0.614518940448761,0.5873472094535828,-0.021796319633722305,0.6364173889160156,0.5974227786064148,-0.012025594711303711,0.6832532286643982,0.5468031764030457,-0.012268229387700558,0.6441423892974854,0.5295872092247009,-0.0390334352850914,0.6457788944244385,0.5960041880607605,-0.02256942167878151,0.6664547920227051,0.60085529088974,-0.004791182931512594,0.7152808904647827,0.5611797571182251,-0.03024362400174141,0.6813374161720276,0.5457982420921326,-0.041894007474184036,0.6757979393005371,0.5893430709838867,-0.02853708527982235,0.6924628615379333,0.595655620098114,-0.015391371212899685,s
0.6802987456321716,0.7320833802223206,-5.112921712679963e-07,0.6276938915252686,0.6885557174682617,-0.005545004270970821,0.5835688710212708,0.619314968585968,-0.013135435059666634,0.5446915626525879,0.5743331909179688,-0.026928212493658066,0.5055477619171143,0.5514866709709167,-0.03817039728164673,0.6242786049842834,0.5411645174026489,0.013933331705629826,0.595090925693512,0.48186811804771423,-0.014398065395653248,0.5714147686958313,0.4974204897880554,-0.02669619582593441,0.561196506023407,0.5266609191894531,-0.029851647093892097,0.6509625911712646,0.5408810377120972,0.0037853214889764786,0.6127520203590393,0.5120676755905151,-0.0245929304510355,0.6143804788589478,0.5864942669868469,-0.022501638159155846,0.6358137130737305,0.5976858735084534,-0.012922639958560467,0.6826224327087402,0.5482865571975708,-0.012472011148929596,0.6449406147003174,0.5293592214584351,-0.039387255907058716,0.6456162929534912,0.5955088138580322,-0.02310321107506752,0.6658961772918701,0.6015021800994873,-0.00525123393163085,0.7149336934089661,0.5630009174346924,-0.030466023832559586,0.6822829246520996,0.5441274642944336,-0.04186033084988594,0.6756324768066406,0.5878391265869141,-0.02796575054526329,0.6914717555046082,0.5964294075965881,-0.014379982836544514,s
0.6810373067855835,0.7324351072311401,-5.136946583661484e-07,0.6281728744506836,0.6884308457374573,-0.005408775061368942,0.5833054184913635,0.6184159517288208,-0.012861859053373337,0.5442250967025757,0.5734627842903137,-0.02648736536502838,0.5049431324005127,0.5505093336105347,-0.03739233687520027,0.6250280737876892,0.539984405040741,0.014039396308362484,0.5958134531974792,0.48105135560035706,-0.014216420240700245,0.5717401504516602,0.4971601963043213,-0.026530342176556587,0.5604357719421387,0.5271815061569214,-0.02975420281291008,0.6515602469444275,0.5398654341697693,0.003865626873448491,0.6123501658439636,0.5125210285186768,-0.024186452850699425,0.6152857542037964,0.5870351791381836,-0.02188229374587536,0.6370540857315063,0.5974059700965881,-0.012329570017755032,0.6830759644508362,0.5474107265472412,-0.01243035588413477,0.644752025604248,0.529062807559967,-0.03878163546323776,0.6463309526443481,0.5951690673828125,-0.022045964375138283,0.6666726469993591,0.6006408929824829,-0.004166803788393736,0.7152630090713501,0.5622360706329346,-0.03052777796983719,0.682418942451477,0.5443778038024902,-0.041704267263412476,0.676265299320221,0.5880716443061829,-0.027716100215911865,0.6921694278717041,0.5958681702613831,-0.014169080182909966,s
0.6801186800003052,0.7324488759040833,-5.21206175108091e-07,0.6277705430984497,0.6891871094703674,-0.0055951932445168495,0.5833011865615845,0.6188742518424988,-0.013174392282962799,0.5441632270812988,0.5738970041275024,-0.02689320780336857,0.5048673152923584,0.5512596368789673,-0.0380202941596508,0.6246656179428101,0.5402225852012634,0.013252390548586845,0.5951083898544312,0.4808831214904785,-0.015382547862827778,0.5710670351982117,0.4974411725997925,-0.02767871879041195,0.560324490070343,0.527056097984314,-0.03083087131381035,0.6516442894935608,0.5396405458450317,0.003075147746130824,0.6122776865959167,0.5119693875312805,-0.025500571355223656,0.6143407225608826,0.5871001482009888,-0.023181941360235214,0.6360493898391724,0.597524106502533,-0.013512459583580494,0.6833462715148926,0.5469809174537659,-0.013235983438789845,0.6446223258972168,0.5289658904075623,-0.040409285575151443,0.6457086801528931,0.5957267880439758,-0.02385517582297325,0.6662053465843201,0.6013127565383911,-0.005877198185771704,0.715537965297699,0.561587393283844,-0.03129110485315323,0.6816871762275696,0.544410228729248,-0.043080102652311325,0.6756917238235474,0.5882132053375244,-0.029378553852438927,0.6920322179794312,0.5958492755889893,-0.015933623537421227,s
0.6804794073104858,0.7332078814506531,-5.261732098915672e-07,0.6280098557472229,0.6890559792518616,-0.005052137654274702,0.5840033888816833,0.6198984980583191,-0.012515727430582047,0.5455163717269897,0.5750283002853394,-0.02613406628370285,0.5061817169189453,0.552699089050293,-0.037221744656562805,0.625071108341217,0.5416791439056396,0.012677360326051712,0.5940908789634705,0.482732892036438,-0.0158868208527565,0.5702366828918457,0.499785453081131,-0.02817215770483017,0.5601219534873962,0.5288454294204712,-0.03135738894343376,0.6517593860626221,0.5414430499076843,0.002459693932905793,0.6125795841217041,0.5136151909828186,-0.02585434354841709,0.6147122979164124,0.5881564617156982,-0.023506617173552513,0.6365358829498291,0.5976617336273193,-0.014033139683306217,0.6831967234611511,0.5483490228652954,-0.013719023205339909,0.644862949848175,0.5297360420227051,-0.04056280106306076,0.6459422707557678,0.5959057807922363,-0.024009456858038902,0.666578471660614,0.6008380055427551,-0.006244414485991001,0.7151747941970825,0.5624732971191406,-0.03158668801188469,0.6822758913040161,0.5436912775039673,-0.04329688474535942,0.6760119199752808,0.587632954120636,-0.02945554442703724,0.6919490098953247,0.5957907438278198,-0.015954002737998962,s
0.6801876425743103,0.7322793006896973,-5.140161078998062e-07,0.6282181739807129,0.6888978481292725,-0.006100301165133715,0.5839334726333618,0.6199142336845398,-0.014153687283396721,0.5450055003166199,0.5748158097267151,-0.028227288275957108,0.5057427883148193,0.5522620677947998,-0.039495799690485,0.6241545081138611,0.5415391325950623,0.0120432423427701,0.5939916968345642,0.48205336928367615,-0.016656216233968735,0.5705565214157104,0.4994075298309326,-0.028137564659118652,0.5607900619506836,0.5293578505516052,-0.030505528673529625,0.6511335372924805,0.5414432287216187,0.002334499265998602,0.6119980812072754,0.5139757990837097,-0.025486836209893227,0.6141268610954285,0.5887362957000732,-0.021982798352837563,0.6357522010803223,0.5965240597724915,-0.011677714064717293,0.6829197406768799,0.5485235452651978,-0.013553513213992119,0.644588828086853,0.5298025012016296,-0.040498558431863785,0.6456938982009888,0.5959550142288208,-0.02328040450811386,0.6662265658378601,0.599926769733429,-0.004991564899682999,0.715115487575531,0.5626707077026367,-0.031205102801322937,0.6817888021469116,0.5447268486022949,-0.04300554096698761,0.6759204864501953,0.588570237159729,-0.029007742181420326,0.6923933625221252,0.5959545373916626,-0.015311320312321186,s
0.6809452176094055,0.7328069806098938,-5.139413019605854e-07,0.6286634206771851,0.6900988221168518,-0.005509920418262482,0.5838432312011719,0.6208562850952148,-0.012988043949007988,0.5448463559150696,0.5755023956298828,-0.026581229642033577,0.5056489109992981,0.5528582334518433,-0.03759608417749405,0.6242181062698364,0.5430766344070435,0.012785875238478184,0.5934709310531616,0.4832421839237213,-0.015306886285543442,0.5702815055847168,0.499205619096756,-0.026757212355732918,0.5612239837646484,0.5283911824226379,-0.029321476817131042,0.6509427428245544,0.5421932339668274,0.0028433073312044144,0.6123022437095642,0.5135045647621155,-0.025254270061850548,0.614727795124054,0.5879764556884766,-0.022303221747279167,0.6364065408706665,0.5974159240722656,-0.012205165810883045,0.6825814843177795,0.5485575795173645,-0.013139928691089153,0.6446165442466736,0.5299964547157288,-0.039874203503131866,0.6460354924201965,0.5958746671676636,-0.02315571717917919,0.6664242744445801,0.6003878116607666,-0.00522312568500638,0.7148610353469849,0.5618700981140137,-0.030839405953884125,0.6817226409912109,0.544694185256958,-0.04264209046959877,0.6763770580291748,0.588121235370636,-0.029100464656949043,0.6928859949111938,0.5950600504875183,-0.015795892104506493,s
0.6812803745269775,0.7339868545532227,-5.110226766191772e-07,0.6287775039672852,0.6902139782905579,-0.0046529523096978664,0.5836846232414246,0.6206635236740112,-0.011715308763086796,0.5444408655166626,0.5758607387542725,-0.02510925568640232,0.5051620602607727,0.5534195303916931,-0.03603847324848175,0.6250853538513184,0.5427660346031189,0.014771473594009876,0.5945961475372314,0.4844566285610199,-0.013086425140500069,0.5715646147727966,0.4982055127620697,-0.02507380209863186,0.5619280934333801,0.5243755578994751,-0.02817942388355732,0.6514124870300293,0.5421755909919739,0.004294105339795351,0.6126306653022766,0.5141327381134033,-0.023321928456425667,0.6146751046180725,0.5885176658630371,-0.020718064159154892,0.6360937356948853,0.5974912047386169,-0.01104948204010725,0.6827641129493713,0.5489988923072815,-0.012234698049724102,0.6448240876197815,0.5293294787406921,-0.03887889161705971,0.6457366943359375,0.5956559181213379,-0.022249344736337662,0.6661117076873779,0.6004389524459839,-0.004346316680312157,0.7147892117500305,0.5629665851593018,-0.030431216582655907,0.6818702220916748,0.5441597700119019,-0.042007699608802795,0.6757241487503052,0.5881105661392212,-0.02822258323431015,0.6920034289360046,0.595832109451294,-0.014778326265513897,s
0.6800966262817383,0.7324855923652649,-5.151107984602277e-07,0.6280176043510437,0.6893547177314758,-0.004468653816729784,0.5831064581871033,0.6202059984207153,-0.01175283920019865,0.5443669557571411,0.5758380889892578,-0.02530905231833458,0.5054036974906921,0.5536733269691467,-0.0363636240363121,0.6251920461654663,0.5422595143318176,0.01322797778993845,0.5951124429702759,0.4827847480773926,-0.014171171002089977,0.5710273385047913,0.49886441230773926,-0.02550327219069004,0.5607264637947083,0.5277276635169983,-0.028241625055670738,0.6515687704086304,0.5421246290206909,0.0027241744101047516,0.6127564311027527,0.5143762826919556,-0.024351539090275764,0.6144301891326904,0.5887971520423889,-0.02120533213019371,0.6361685395240784,0.598143994808197,-0.011430969461798668,0.6828016638755798,0.5495897531509399,-0.013649174012243748,0.6445931792259216,0.5299928784370422,-0.03945430368185043,0.6453508138656616,0.5961191654205322,-0.02224034070968628,0.6660374999046326,0.6009430885314941,-0.004382528830319643,0.7147008776664734,0.5642820000648499,-0.03168383985757828,0.6813551783561707,0.5454728007316589,-0.04281729459762573,0.6750776171684265,0.589177668094635,-0.028685662895441055,0.6917121410369873,0.5969476103782654,-0.01521203201264143,s
0.6804021000862122,0.7330052852630615,-5.19915261065762e-07,0.628048300743103,0.6897749304771423,-0.004008986055850983,0.5833209156990051,0.6208974123001099,-0.010743261314928532,0.5445767045021057,0.5759960412979126,-0.023813480511307716,0.5056137442588806,0.5535759925842285,-0.03448677435517311,0.6250703930854797,0.5437924861907959,0.014216681942343712,0.593287467956543,0.4840872883796692,-0.013560829684138298,0.5705093741416931,0.49971285462379456,-0.025566447526216507,0.5618044137954712,0.5276817083358765,-0.028676271438598633,0.6510288715362549,0.5434921979904175,0.003588309045881033,0.6124712228775024,0.5135166049003601,-0.02417435310781002,0.614780843257904,0.587253987789154,-0.021957900375127792,0.6364426016807556,0.5981422662734985,-0.012557190842926502,0.682101845741272,0.5502355694770813,-0.012888488359749317,0.6443543434143066,0.5294488072395325,-0.03920949250459671,0.6456509828567505,0.5952515602111816,-0.02294973097741604,0.666061520576477,0.6007348299026489,-0.00543562276288867,0.7141699194908142,0.5640560388565063,-0.030928904190659523,0.6813177466392517,0.5440546274185181,-0.04230981320142746,0.6755162477493286,0.5880151987075806,-0.028582124039530754,0.6915999054908752,0.5965129733085632,-0.015262391418218613,s
0.6809417009353638,0.7335631847381592,-5.179198296900722e-07,0.6278917193412781,0.6901556849479675,-0.0038315283600240946,0.5835312008857727,0.621037483215332,-0.010460816323757172,0.5445882678031921,0.5763306617736816,-0.023496735841035843,0.5055509209632874,0.5537378191947937,-0.034270498901605606,0.6253279447555542,0.5433794260025024,0.016082780435681343,0.5948270559310913,0.48621082305908203,-0.011247691698372364,0.5711265802383423,0.5000280141830444,-0.023463767021894455,0.5606975555419922,0.5260356068611145,-0.027027294039726257,0.6515912413597107,0.5417684316635132,0.005149916745722294,0.6122627854347229,0.5138238072395325,-0.02261081337928772,0.6144676208496094,0.5875971913337708,-0.020969921723008156,0.6359507441520691,0.5985660552978516,-0.011983118019998074,0.6827877759933472,0.5482739806175232,-0.011672361753880978,0.6440053582191467,0.5298792123794556,-0.03821837157011032,0.6454320549964905,0.5958189368247986,-0.022336972877383232,0.665653645992279,0.601244330406189,-0.00505168829113245,0.7146962285041809,0.5624060034751892,-0.03006836213171482,0.6803369522094727,0.5458707809448242,-0.04161388427019119,0.6751860976219177,0.5897340774536133,-0.028240276500582695,0.6917808055877686,0.5967870354652405,-0.015249660238623619,s
0.6799386143684387,0.7327649593353271,-5.087824206384539e-07,0.6281707882881165,0.6901918649673462,-0.00496999267488718,0.5834236145019531,0.6205476522445679,-0.012568158097565174,0.5446479320526123,0.5758573412895203,-0.026267962530255318,0.5058377981185913,0.553459107875824,-0.03743879124522209,0.6258319020271301,0.5409825444221497,0.013466078788042068,0.5944637060165405,0.485659658908844,-0.014032223261892796,0.5712063312530518,0.5000901818275452,-0.025389472022652626,0.5614739060401917,0.5274115800857544,-0.028171945363283157,0.6525606513023376,0.5397293567657471,0.003076912136748433,0.6129187941551208,0.5145686864852905,-0.023862764239311218,0.6147742867469788,0.5886627435684204,-0.02055308036506176,0.6361605525016785,0.5972606539726257,-0.010648435913026333,0.6840630769729614,0.5468047857284546,-0.013280187733471394,0.6447216272354126,0.5306586623191833,-0.039131049066782,0.6456003189086914,0.5966688394546509,-0.021944519132375717,0.6657898426055908,0.6007327437400818,-0.004171318840235472,0.7156082987785339,0.5615420937538147,-0.03138542175292969,0.6810286045074463,0.5473778247833252,-0.04274065047502518,0.6756372451782227,0.5907448530197144,-0.02912353165447712,0.692552924156189,0.5962430238723755,-0.016057362779974937,s
0.6805492639541626,0.7326812148094177,-5.320357558957767e-07,0.6288904547691345,0.690571129322052,-0.00515290442854166,0.5843603014945984,0.6207506060600281,-0.012804113328456879,0.545780599117279,0.5752682685852051,-0.026432504877448082,0.5069453716278076,0.5525716543197632,-0.037245068699121475,0.6263217926025391,0.5398461222648621,0.012220051139593124,0.5947303771972656,0.4824785590171814,-0.01632923260331154,0.5710029602050781,0.5017274022102356,-0.027723217383027077,0.5615200996398926,0.5333224534988403,-0.030146019533276558,0.6532471179962158,0.5392638444900513,0.00213306094519794,0.6129621863365173,0.5139546990394592,-0.025286449119448662,0.6149280667304993,0.5889437794685364,-0.021447936072945595,0.6365566849708557,0.5976353883743286,-0.011076070368289948,0.6846901178359985,0.5465924739837646,-0.014031601138412952,0.6447629928588867,0.5303418636322021,-0.04018445312976837,0.646087110042572,0.5969452261924744,-0.02273702621459961,0.6666695475578308,0.6010222434997559,-0.004746440798044205,0.7162452936172485,0.5612507462501526,-0.03192002326250076,0.6811206340789795,0.5473853945732117,-0.04370501637458801,0.676257848739624,0.5912221074104309,-0.030256539583206177,0.6934813857078552,0.5967102646827698,-0.017130056396126747,s
0.6800647377967834,0.7327411770820618,-5.243793452791579e-07,0.6286168098449707,0.6903347969055176,-0.006600155960768461,0.5843468308448792,0.6210994720458984,-0.015046915039420128,0.5463595390319824,0.5751878619194031,-0.02940603531897068,0.5074383616447449,0.5524023771286011,-0.040801674127578735,0.6256357431411743,0.5414345264434814,0.010776536539196968,0.5950085520744324,0.4819047152996063,-0.018360577523708344,0.5712876915931702,0.5013929605484009,-0.029198113828897476,0.56220543384552,0.531550943851471,-0.030963899567723274,0.6529001593589783,0.5415617227554321,0.0011537838727235794,0.6123444437980652,0.5149050354957581,-0.02736940048635006,0.6143280267715454,0.5907067656517029,-0.022727280855178833,0.6366063356399536,0.5973447561264038,-0.01127959880977869,0.6846386790275574,0.5487537384033203,-0.014788590371608734,0.6449464559555054,0.5324316024780273,-0.04259483516216278,0.6465662121772766,0.5990035533905029,-0.024617742747068405,0.6676596403121948,0.6013457775115967,-0.005586415994912386,0.7167009115219116,0.5626741051673889,-0.032532114535570145,0.6824429631233215,0.5463205575942993,-0.04515260085463524,0.6772792935371399,0.5905842781066895,-0.031169917434453964,0.6942296028137207,0.597025454044342,-0.01729263737797737,s
0.6800178289413452,0.7316129207611084,-5.163869900570717e-07,0.6284858584403992,0.6893422603607178,-0.006844823714345694,0.584308385848999,0.6214067935943604,-0.01538022793829441,0.5460265278816223,0.5761946439743042,-0.02975958026945591,0.5074473023414612,0.5533613562583923,-0.04114551842212677,0.6250421404838562,0.541764497756958,0.010812933556735516,0.5943151712417603,0.4827268719673157,-0.018135301768779755,0.5710066556930542,0.5013916492462158,-0.028572287410497665,0.5626283288002014,0.53079754114151,-0.03004702366888523,0.6522738933563232,0.5417304635047913,0.001275711809284985,0.6120684146881104,0.5150032043457031,-0.02743997424840927,0.614039421081543,0.5907761454582214,-0.022731797769665718,0.6362683773040771,0.5970373153686523,-0.01110076904296875,0.6839167475700378,0.5487406849861145,-0.014614813029766083,0.6447961330413818,0.5332040786743164,-0.04297037422657013,0.6463080048561096,0.5995386838912964,-0.025390183553099632,0.6673102378845215,0.6014233231544495,-0.006399625912308693,0.7157220244407654,0.5623325109481812,-0.03225849196314812,0.681388258934021,0.5465685129165649,-0.0452662892639637,0.6762028932571411,0.5909169316291809,-0.03162979334592819,0.6931321620941162,0.5972800850868225,-0.017898540943861008,s
0.6793830394744873,0.7315982580184937,-5.074804221294471e-07,0.6281406879425049,0.6903891563415527,-0.008111903443932533,0.5835542678833008,0.6228606104850769,-0.017649918794631958,0.5450459718704224,0.5777205228805542,-0.03289859741926193,0.5063395500183105,0.5541985630989075,-0.04490668699145317,0.6234184503555298,0.5412493944168091,0.009503454901278019,0.5926733613014221,0.4825637936592102,-0.02016614004969597,0.569247841835022,0.503833532333374,-0.030697934329509735,0.5606533288955688,0.535456120967865,-0.03205454722046852,0.651037871837616,0.5406864285469055,0.00046110941912047565,0.6112047433853149,0.5158472061157227,-0.028602665290236473,0.6141113042831421,0.5916973948478699,-0.023642588406801224,0.6363657712936401,0.5960596799850464,-0.011749662458896637,0.6827000379562378,0.5469173789024353,-0.015099051408469677,0.6438742280006409,0.5340284705162048,-0.04339004307985306,0.6459522247314453,0.6002911329269409,-0.025303654372692108,0.6666445732116699,0.6010040044784546,-0.006060268264263868,0.714266836643219,0.5597847700119019,-0.03262816369533539,0.6801971793174744,0.5482761859893799,-0.045408736914396286,0.6758092045783997,0.5926845669746399,-0.03159714862704277,0.692832350730896,0.5973713397979736,-0.017721790820360184,s
0.6796159744262695,0.7324579954147339,-5.05617435919703e-07,0.6283717751502991,0.691811203956604,-0.007629698608070612,0.5832799077033997,0.6237169504165649,-0.01664845645427704,0.5442647933959961,0.578299880027771,-0.03153322637081146,0.5055853128433228,0.5547610521316528,-0.04339174926280975,0.6226542592048645,0.5432570576667786,0.010170742869377136,0.5914041996002197,0.4831339120864868,-0.018810875713825226,0.5690646767616272,0.5015658140182495,-0.028841139748692513,0.5623949766159058,0.5320773124694824,-0.029912255704402924,0.6500886678695679,0.5419933199882507,0.0009598374017514288,0.6110484600067139,0.5155456066131592,-0.02801511622965336,0.6135135889053345,0.5917032957077026,-0.0229475274682045,0.6356529593467712,0.5977330803871155,-0.010790351778268814,0.6819134950637817,0.5478060841560364,-0.01467914879322052,0.6437944173812866,0.5335688591003418,-0.042708780616521835,0.6454962491989136,0.5999953746795654,-0.024662714451551437,0.6660119295120239,0.6016380190849304,-0.005388346966356039,0.713877260684967,0.5604207515716553,-0.03224073722958565,0.6803078055381775,0.5482156872749329,-0.044869620352983475,0.6757294535636902,0.5919814109802246,-0.03125324100255966,0.6926615238189697,0.596683144569397,-0.017539050430059433,s
0.6802738904953003,0.7320549488067627,-5.068142741038173e-07,0.6277862191200256,0.6916691660881042,-0.007093932945281267,0.5820052027702332,0.6232123970985413,-0.015238773077726364,0.5432120561599731,0.5779854655265808,-0.029155392199754715,0.5046395063400269,0.5550106167793274,-0.04000283032655716,0.6215940117835999,0.543260395526886,0.01131353247910738,0.5916523933410645,0.4837772250175476,-0.01757662743330002,0.5689978003501892,0.5016387701034546,-0.028323035687208176,0.561069130897522,0.531257688999176,-0.03007904440164566,0.6490283608436584,0.541926383972168,0.0019082839135080576,0.6106041073799133,0.5153267979621887,-0.027091702446341515,0.613702654838562,0.5909815430641174,-0.022863011807203293,0.63592529296875,0.5974926948547363,-0.011403832584619522,0.6809132695198059,0.5480174422264099,-0.013896242715418339,0.6436161994934082,0.533726155757904,-0.041826143860816956,0.6457674503326416,0.5997785925865173,-0.024391423910856247,0.6665104627609253,0.600947380065918,-0.005598623305559158,0.7130042314529419,0.5606875419616699,-0.03156587854027748,0.6798744797706604,0.5485659241676331,-0.044073089957237244,0.6753223538398743,0.5922859311103821,-0.03068394400179386,0.6923952102661133,0.5963534116744995,-0.01725316047668457,s
0.6799217462539673,0.7329591512680054,-5.002244733987027e-07,0.6273435354232788,0.6913756728172302,-0.006818697787821293,0.5813037753105164,0.6224145889282227,-0.015198075212538242,0.5420266389846802,0.5777754187583923,-0.029571903869509697,0.5027552843093872,0.5556780695915222,-0.04112914577126503,0.622917652130127,0.5427117347717285,0.012260200455784798,0.5920299887657166,0.48505520820617676,-0.016479820013046265,0.5688017010688782,0.5015280246734619,-0.027967089787125587,0.5596693158149719,0.529634952545166,-0.030392061918973923,0.6496326923370361,0.5418767333030701,0.002499349880963564,0.6106338500976562,0.5149138569831848,-0.026192959398031235,0.6133074164390564,0.5902643203735352,-0.022744785994291306,0.6350380182266235,0.597698986530304,-0.011954658664762974,0.6811141967773438,0.5485323667526245,-0.013581114821135998,0.6429474353790283,0.5324243307113647,-0.0409078411757946,0.6449158787727356,0.5987653136253357,-0.023651080206036568,0.6655325889587402,0.601398766040802,-0.005077375564724207,0.7130077481269836,0.5622445344924927,-0.031550634652376175,0.679518461227417,0.5482738614082336,-0.04319686070084572,0.6746459603309631,0.5914655923843384,-0.029338307678699493,0.691636323928833,0.5960932970046997,-0.015727469697594643,s
0.6801491379737854,0.7341959476470947,-5.152020889909181e-07,0.6273562908172607,0.6926810145378113,-0.005499542225152254,0.5817680954933167,0.6238737106323242,-0.013090227730572224,0.5426813364028931,0.5791085958480835,-0.02669493295252323,0.5035829544067383,0.5570915341377258,-0.03754584863781929,0.6232894659042358,0.5425045490264893,0.012935375794768333,0.592096209526062,0.4856376647949219,-0.015094136819243431,0.5685995221138,0.5025509595870972,-0.026582028716802597,0.5585920810699463,0.531478762626648,-0.02922985516488552,0.6500423550605774,0.5411674976348877,0.0029427935369312763,0.6104778051376343,0.5163857936859131,-0.024879755452275276,0.6132697463035583,0.5908746123313904,-0.021783921867609024,0.6344566941261292,0.598753809928894,-0.011745414696633816,0.6811118125915527,0.5474213361740112,-0.013111533597111702,0.6423256993293762,0.5328341126441956,-0.039503179490566254,0.6441666483879089,0.5988414883613586,-0.02270478382706642,0.6643751859664917,0.6020681858062744,-0.004922427237033844,0.7122715711593628,0.5609918236732483,-0.030953209847211838,0.6786089539527893,0.5486310720443726,-0.04248401150107384,0.6737997531890869,0.5920323729515076,-0.029179172590374947,0.6904674172401428,0.5969376564025879,-0.016134556382894516,s
0.6794534921646118,0.7339590787887573,-5.252059622762317e-07,0.6267208456993103,0.6931602954864502,-0.0056968932040035725,0.5812995433807373,0.6235960125923157,-0.013375220820307732,0.5427449941635132,0.5787239074707031,-0.026881009340286255,0.5038486123085022,0.5564161539077759,-0.037456732243299484,0.6222044229507446,0.5417057871818542,0.011295773088932037,0.591339647769928,0.4833158254623413,-0.016871565952897072,0.5678825974464417,0.5031404495239258,-0.028198914602398872,0.5576757192611694,0.5350548028945923,-0.030731339007616043,0.6496720910072327,0.5406104326248169,0.001465806970372796,0.6098435521125793,0.5168591737747192,-0.026271788403391838,0.6133462190628052,0.5913766026496887,-0.023033473640680313,0.6346986889839172,0.5993773937225342,-0.013169223442673683,0.6809768676757812,0.5473893880844116,-0.01434750109910965,0.6422498822212219,0.5331194400787354,-0.04040038585662842,0.6445462703704834,0.5991585850715637,-0.02318963222205639,0.6645405292510986,0.6025412678718567,-0.00547287380322814,0.712175190448761,0.5614068508148193,-0.03197936713695526,0.678737461566925,0.549288809299469,-0.04353422299027443,0.6738618016242981,0.5929498672485352,-0.030082983896136284,0.6899858713150024,0.5978426337242126,-0.017057253047823906,s
0.6796063780784607,0.7337718605995178,-5.072728868071863e-07,0.6270055174827576,0.692635715007782,-0.007238735910505056,0.5816715359687805,0.6247149109840393,-0.01585555449128151,0.5428463220596313,0.5793901681900024,-0.030372822657227516,0.5034093856811523,0.5576983094215393,-0.04187588766217232,0.6207205057144165,0.5440108180046082,0.011477582156658173,0.5899711847305298,0.4852336645126343,-0.01791485771536827,0.5674670338630676,0.503605842590332,-0.02922537922859192,0.5596531629562378,0.533065915107727,-0.03125869855284691,0.6481825113296509,0.5427454113960266,0.0020398134365677834,0.6095343232154846,0.5171520709991455,-0.02728087082505226,0.612667977809906,0.5929582118988037,-0.023372262716293335,0.6346946358680725,0.5990610122680664,-0.01210574246942997,0.6799800395965576,0.5485902428627014,-0.01384806539863348,0.6422017812728882,0.5346550941467285,-0.04185202717781067,0.6441565752029419,0.600867509841919,-0.024433419108390808,0.6646412014961243,0.6026171445846558,-0.005566186737269163,0.7118719816207886,0.5612291097640991,-0.03168196603655815,0.6785669922828674,0.5487394332885742,-0.04384395107626915,0.6736777424812317,0.5923590064048767,-0.03019329346716404,0.6903225183486938,0.5971454977989197,-0.016545608639717102,s
0.6796477437019348,0.7340096235275269,-5.073679290035216e-07,0.6267313957214355,0.6936478614807129,-0.007148504722863436,0.5809279680252075,0.6251852512359619,-0.0155788604170084,0.5417877435684204,0.5800371766090393,-0.029878901317715645,0.5023053884506226,0.5579794049263,-0.04127458110451698,0.6206035614013672,0.5437703728675842,0.011625806801021099,0.5893067717552185,0.48653316497802734,-0.0177437886595726,0.566992461681366,0.5042990446090698,-0.02931234985589981,0.5589167475700378,0.5338875651359558,-0.0315767340362072,0.6480154991149902,0.542038083076477,0.0021346400026232004,0.6092830896377563,0.5168582201004028,-0.027112657204270363,0.6125537157058716,0.5923781394958496,-0.023667318746447563,0.633983850479126,0.5993005037307739,-0.012785947881639004,0.6797289252281189,0.5478285551071167,-0.013748681172728539,0.6417709589004517,0.534115731716156,-0.041850749403238297,0.6439433693885803,0.600617527961731,-0.024849148467183113,0.6641594767570496,0.6032716035842896,-0.006237393710762262,0.711383581161499,0.5606566667556763,-0.03153594583272934,0.6779791116714478,0.5492527484893799,-0.043950121849775314,0.6733805537223816,0.5928599834442139,-0.030643049627542496,0.6899455785751343,0.5974623560905457,-0.017209412530064583,s
0.6794295310974121,0.7342844605445862,-5.080738674223539e-07,0.6265963315963745,0.6927317380905151,-0.006894262041896582,0.5811139345169067,0.624751627445221,-0.015493566170334816,0.5416630506515503,0.5802211165428162,-0.030024534091353416,0.5021309852600098,0.5584163069725037,-0.04167976602911949,0.6213258504867554,0.5439260005950928,0.011594678275287151,0.5895338654518127,0.4866132140159607,-0.0178877804428339,0.5667049884796143,0.5053709745407104,-0.02986336685717106,0.5576953291893005,0.5357604622840881,-0.03247319906949997,0.6485131978988647,0.5426831245422363,0.0020059789530932903,0.6092640161514282,0.5176811218261719,-0.027367055416107178,0.6127880215644836,0.5927513837814331,-0.02442566305398941,0.6338360905647278,0.5998669266700745,-0.01400756649672985,0.679980993270874,0.5487122535705566,-0.013901006430387497,0.6415336728096008,0.5348577499389648,-0.041756268590688705,0.6440617442131042,0.6010223627090454,-0.024985676631331444,0.6640183329582214,0.6037235260009766,-0.006684888154268265,0.711439311504364,0.5617149472236633,-0.03168299421668053,0.6776310801506042,0.5501282811164856,-0.04387909919023514,0.6733278036117554,0.5933998823165894,-0.030584607273340225,0.6898830533027649,0.5976424813270569,-0.01726093702018261,s
0.679513692855835,0.7336459159851074,-5.125096436131571e-07,0.6268377900123596,0.6929542422294617,-0.00706127192825079,0.5815188884735107,0.6251510381698608,-0.015816818922758102,0.5422701239585876,0.5804007649421692,-0.030384201556444168,0.5030690431594849,0.5581857562065125,-0.041994743049144745,0.6214255690574646,0.5433438420295715,0.01095932349562645,0.589130163192749,0.48600491881370544,-0.018324948847293854,0.5662107467651367,0.5063344240188599,-0.030006790533661842,0.5575003027915955,0.5381954908370972,-0.03239605575799942,0.6487405300140381,0.5420342683792114,0.0016213979106396437,0.6092723608016968,0.5171328186988831,-0.027172353118658066,0.612690806388855,0.5920237302780151,-0.0238565094769001,0.6339277029037476,0.598920464515686,-0.013389014638960361,0.6801449656486511,0.548182487487793,-0.013995036482810974,0.6416150331497192,0.533677875995636,-0.041334252804517746,0.6439900994300842,0.5997484922409058,-0.02436799742281437,0.664033830165863,0.602548360824585,-0.0061735231429338455,0.7113289833068848,0.5613998174667358,-0.03149791434407234,0.6774190068244934,0.5496885180473328,-0.043541211634874344,0.67295902967453,0.5929598212242126,-0.03028193861246109,0.6894270777702332,0.5973482131958008,-0.01706121303141117,s
0.6797986626625061,0.7338702082633972,-4.985110422239813e-07,0.6266059279441833,0.6925628781318665,-0.006941225845366716,0.5810626745223999,0.6252643465995789,-0.015448806807398796,0.54184490442276,0.580665647983551,-0.029859907925128937,0.503040611743927,0.5588521361351013,-0.041448332369327545,0.6203247904777527,0.5450438261032104,0.012310681864619255,0.5881140828132629,0.48873600363731384,-0.016433050855994225,0.5662914514541626,0.5055108070373535,-0.027553800493478775,0.5588656067848206,0.5340315103530884,-0.029642025008797646,0.6476595997810364,0.5429120659828186,0.0027548919897526503,0.6080282330513,0.5179339647293091,-0.02623899094760418,0.6117770671844482,0.5925000309944153,-0.022763550281524658,0.6334643959999084,0.599095344543457,-0.011876272968947887,0.679369330406189,0.5481463670730591,-0.013161318376660347,0.6406294107437134,0.5348448157310486,-0.04122427850961685,0.6431744694709778,0.6003242135047913,-0.02453741617500782,0.6634944677352905,0.6025879979133606,-0.006140712648630142,0.7107486724853516,0.5605417490005493,-0.03096137009561062,0.6765331625938416,0.549639880657196,-0.04368402063846588,0.6721550822257996,0.5930954217910767,-0.03085220418870449,0.688671350479126,0.597892701625824,-0.017752250656485558,s
0.6793361306190491,0.7332116365432739,-5.041407575845369e-07,0.626748263835907,0.6924468874931335,-0.006090915761888027,0.5807827711105347,0.624431312084198,-0.01406244095414877,0.541317880153656,0.5805267095565796,-0.02801285870373249,0.5022250413894653,0.5590346455574036,-0.03902594372630119,0.6203117370605469,0.5430455803871155,0.012609153985977173,0.5899471044540405,0.4862891435623169,-0.015834828838706017,0.5671517848968506,0.5045130252838135,-0.027003120630979538,0.5576082468032837,0.5351950526237488,-0.029216507449746132,0.6473779678344727,0.541569709777832,0.002789995865896344,0.6082624793052673,0.5178071856498718,-0.025145892053842545,0.6119877099990845,0.5923393964767456,-0.021506942808628082,0.633216381072998,0.5984665155410767,-0.01100354827940464,0.6788408756256104,0.5479539036750793,-0.013298210687935352,0.6408049464225769,0.533667802810669,-0.04018541797995567,0.6431671380996704,0.5996401309967041,-0.022990377619862556,0.6632250547409058,0.6018664836883545,-0.004777467809617519,0.7103723287582397,0.5616478323936462,-0.031219013035297394,0.6769607663154602,0.5490037202835083,-0.04317436367273331,0.6719684600830078,0.5926755666732788,-0.02977939322590828,0.6882794499397278,0.597425639629364,-0.01654789038002491,s
0.6799429059028625,0.7324273586273193,-5.051360858487897e-07,0.6267648339271545,0.6919187903404236,-0.007713198196142912,0.5812910795211792,0.6252396106719971,-0.01660260371863842,0.5426082015037537,0.5810484290122986,-0.031215263530611992,0.5032268762588501,0.5593323707580566,-0.04254545643925667,0.6197720170021057,0.543272852897644,0.011159730143845081,0.5887370109558105,0.4863383173942566,-0.018989376723766327,0.5656574964523315,0.5068524479866028,-0.03085409104824066,0.5562214255332947,0.5393419861793518,-0.03304370865225792,0.6472905874252319,0.5422897338867188,0.0019937283359467983,0.6078193783760071,0.5186467170715332,-0.027633488178253174,0.6125125288963318,0.5933085083961487,-0.024180730804800987,0.6338245272636414,0.5981829166412354,-0.013169228099286556,0.6789284348487854,0.5477824807167053,-0.013735574670135975,0.6403219103813171,0.5361135005950928,-0.042007140815258026,0.6437859535217285,0.6015745401382446,-0.025062773376703262,0.6636515259742737,0.6020103693008423,-0.006464208941906691,0.7106069326400757,0.5598107576370239,-0.031432874500751495,0.6766366958618164,0.5500507950782776,-0.04402599111199379,0.673027515411377,0.593420147895813,-0.030764911323785782,0.6894757151603699,0.5964306592941284,-0.017255891114473343,s
0.6801515817642212,0.7340908050537109,-5.02277259784023e-07,0.6272227764129639,0.6934816241264343,-0.007697678171098232,0.581816554069519,0.6255670189857483,-0.015942711383104324,0.5429989099502563,0.580672562122345,-0.03008689545094967,0.5033525228500366,0.559345543384552,-0.04115808755159378,0.6184295415878296,0.5463927388191223,0.012843284755945206,0.5873075127601624,0.4896906316280365,-0.017024656757712364,0.5659966468811035,0.5087943077087402,-0.02878604829311371,0.558692455291748,0.5381337404251099,-0.030902110040187836,0.6458792090415955,0.5452994704246521,0.0037171943113207817,0.6076998114585876,0.5195722579956055,-0.02578885667026043,0.6121388077735901,0.5942482352256775,-0.022419337183237076,0.6337203979492188,0.5988581776618958,-0.011297480203211308,0.6781753301620483,0.5506885647773743,-0.012079011648893356,0.6406723260879517,0.5350796580314636,-0.04105357453227043,0.6434987783432007,0.6009088158607483,-0.024264967069029808,0.6635748744010925,0.6020767688751221,-0.005283684469759464,0.7106108665466309,0.5625103116035461,-0.02979881502687931,0.6780717372894287,0.5473135113716125,-0.042870040982961655,0.6732744574546814,0.5911903381347656,-0.029488306492567062,0.6891986727714539,0.5966300368309021,-0.015642905607819557,s
0.6801698803901672,0.7339485883712769,-4.926576480102085e-07,0.6271784901618958,0.6925941109657288,-0.006560042034834623,0.5810794234275818,0.6249305009841919,-0.014741542749106884,0.5415926575660706,0.5811666250228882,-0.028994867578148842,0.5024347901344299,0.5601180195808411,-0.040356725454330444,0.6203829050064087,0.544337272644043,0.013485909439623356,0.5895055532455444,0.4895173907279968,-0.015183503739535809,0.5671591758728027,0.5068047642707825,-0.026709627360105515,0.5586638450622559,0.5360006093978882,-0.02908148802816868,0.647057831287384,0.5433974862098694,0.003820098703727126,0.6082387566566467,0.5186238288879395,-0.02423718012869358,0.6120615601539612,0.5928570628166199,-0.020714977756142616,0.6336268186569214,0.5982792973518372,-0.010077934712171555,0.6786640882492065,0.5495324730873108,-0.01226328406482935,0.6407321691513062,0.5333507061004639,-0.03955117613077164,0.6427739262580872,0.5992845296859741,-0.022354867309331894,0.6629992723464966,0.6017276644706726,-0.003801332786679268,0.7105833888053894,0.5626331567764282,-0.030254477635025978,0.6779003739356995,0.5474912524223328,-0.04240896552801132,0.6723713874816895,0.5912095308303833,-0.02882850356400013,0.6885996460914612,0.5970750451087952,-0.01524972915649414,s
0.6802985668182373,0.7336769700050354,-4.872374574915739e-07,0.6273779273033142,0.6924698352813721,-0.005932742729783058,0.5813305377960205,0.6254540681838989,-0.013966639526188374,0.542083203792572,0.5817098021507263,-0.02809230238199234,0.5026939511299133,0.5610913038253784,-0.039580345153808594,0.6206385493278503,0.545816957950592,0.013908406719565392,0.5904041528701782,0.4910505414009094,-0.01402855385094881,0.5682206749916077,0.5060533285140991,-0.025845477357506752,0.558957576751709,0.5336480736732483,-0.028785262256860733,0.6471508741378784,0.544192373752594,0.00399637408554554,0.6093987226486206,0.5198636651039124,-0.02405044063925743,0.6135156750679016,0.5930250883102417,-0.021396661177277565,0.6343006491661072,0.6005531549453735,-0.011545835062861443,0.6784790754318237,0.5495890974998474,-0.012115251272916794,0.6411393284797668,0.5343358516693115,-0.03880615904927254,0.6436942219734192,0.5991896390914917,-0.022317586466670036,0.6630311012268066,0.6026898622512817,-0.004570569843053818,0.7103609442710876,0.5619121193885803,-0.03008410707116127,0.6781371831893921,0.5481570363044739,-0.04177761450409889,0.673413097858429,0.5914399027824402,-0.028583062812685966,0.6892329454421997,0.5970373153686523,-0.015593517571687698,s
0.6800405979156494,0.733751654624939,-4.901205556961941e-07,0.6276885271072388,0.6929356455802917,-0.007308067753911018,0.5822157859802246,0.6276012659072876,-0.01600978896021843,0.5429665446281433,0.584695041179657,-0.030414653941988945,0.5041511654853821,0.5639792680740356,-0.04188399761915207,0.6202071309089661,0.547297477722168,0.01115154754370451,0.5878670811653137,0.49307453632354736,-0.017284125089645386,0.5661894083023071,0.51120924949646,-0.02881118841469288,0.5582073330879211,0.5400928258895874,-0.031424738466739655,0.6470057964324951,0.5458926558494568,0.001958075212314725,0.6084741353988647,0.5238540172576904,-0.02647240273654461,0.6138985753059387,0.5965529084205627,-0.02344103343784809,0.6350469589233398,0.6022074222564697,-0.013396024703979492,0.6783551573753357,0.5514143705368042,-0.013455411419272423,0.6413394808769226,0.5390820503234863,-0.04053610935807228,0.6445925831794739,0.6029716730117798,-0.023832010105252266,0.6638630032539368,0.6048527359962463,-0.005901910364627838,0.710181713104248,0.5637820959091187,-0.030825871974229813,0.6788957118988037,0.5503189563751221,-0.04269478842616081,0.6737487316131592,0.593578577041626,-0.029362307861447334,0.6883753538131714,0.5996338129043579,-0.0161812212318182,s
0.6802415251731873,0.7337291836738586,-4.822518349101301e-07,0.6281200051307678,0.6941699385643005,-0.007714604027569294,0.582580029964447,0.6276218891143799,-0.016638407483696938,0.5432312488555908,0.5843266844749451,-0.031083546578884125,0.5040953159332275,0.5639597177505493,-0.04258966073393822,0.6200329661369324,0.5468302965164185,0.010458426550030708,0.5879996418952942,0.4928749203681946,-0.01771291345357895,0.5665923953056335,0.5089655518531799,-0.028833331540226936,0.5588510632514954,0.5382125377655029,-0.03116311877965927,0.6471604704856873,0.5448351502418518,0.0014974202495068312,0.6086509227752686,0.5230692028999329,-0.026721537113189697,0.613937258720398,0.596077561378479,-0.023256070911884308,0.6349095702171326,0.6026548147201538,-0.012787297368049622,0.6789417266845703,0.550319492816925,-0.013659869320690632,0.6416943669319153,0.5376567840576172,-0.040261149406433105,0.6447514295578003,0.601618766784668,-0.023164667189121246,0.6638018488883972,0.6040710210800171,-0.005108359735459089,0.7108045816421509,0.5627875328063965,-0.03084055334329605,0.6793469190597534,0.5516226291656494,-0.04263317584991455,0.6745963096618652,0.5939533114433289,-0.029578398913145065,0.68963623046875,0.5983017086982727,-0.01666179671883583,s
0.6806817650794983,0.7337218523025513,-4.901559691461443e-07,0.6285250782966614,0.6942312717437744,-0.0075871082954108715,0.5826979279518127,0.6273074150085449,-0.015994137153029442,0.5433376431465149,0.5845178365707397,-0.029956644400954247,0.5045826435089111,0.5647088885307312,-0.040674854069948196,0.6193702816963196,0.5463747978210449,0.010396985337138176,0.5877641439437866,0.4909493327140808,-0.018140805885195732,0.5667491555213928,0.5102433562278748,-0.029005656018853188,0.5593516826629639,0.5408604145050049,-0.030992140993475914,0.6469000577926636,0.5450732707977295,0.0015609493711963296,0.6082595586776733,0.5242372751235962,-0.02649889513850212,0.6137464642524719,0.5976167321205139,-0.02251059003174305,0.6349738836288452,0.6017399430274963,-0.011815546080470085,0.6789792776107788,0.5511343479156494,-0.013578642159700394,0.6421824097633362,0.5386533737182617,-0.04014390707015991,0.6450733542442322,0.6029738783836365,-0.022624390199780464,0.664333701133728,0.6039221286773682,-0.004362929612398148,0.7111610174179077,0.5636981725692749,-0.030759820714592934,0.6804750561714172,0.5526853203773499,-0.04247622564435005,0.6750780940055847,0.5951337814331055,-0.02929454855620861,0.689911961555481,0.5991095900535583,-0.016287164762616158,s
0.6807060837745667,0.7349028587341309,-4.832435251955758e-07,0.628826916217804,0.6953458786010742,-0.009985927492380142,0.583678126335144,0.6285375952720642,-0.019031425938010216,0.5446875691413879,0.5849722623825073,-0.03323379158973694,0.5058732032775879,0.5652694702148438,-0.04378165677189827,0.6161293983459473,0.5501981973648071,0.007890800945460796,0.5872182250022888,0.49007686972618103,-0.02207588031888008,0.5674499869346619,0.5108659863471985,-0.0334462933242321,0.560858964920044,0.5442372560501099,-0.03515701740980148,0.6442532539367676,0.5501096844673157,0.0003488612128421664,0.607633113861084,0.5255569219589233,-0.028742894530296326,0.6132699847221375,0.5984801054000854,-0.024838032200932503,0.6337721943855286,0.6038516759872437,-0.013719833455979824,0.6771409511566162,0.5559364557266235,-0.013779955916106701,0.6436963677406311,0.5383464694023132,-0.04162577539682388,0.6459611654281616,0.602419376373291,-0.024219069629907608,0.6639624834060669,0.6060866713523865,-0.005152422469109297,0.7108151316642761,0.567452073097229,-0.03013288602232933,0.6846907138824463,0.5507495999336243,-0.04234626516699791,0.6765355467796326,0.5930234789848328,-0.02891848050057888,0.6875836849212646,0.6007347106933594,-0.015135161578655243,s
0.6835403442382812,0.7381439208984375,-4.851853532272798e-07,0.6302719712257385,0.6967843770980835,-0.00891481526196003,0.5848427414894104,0.6293849945068359,-0.017402082681655884,0.5457502603530884,0.5860485434532166,-0.03140214830636978,0.5058830380439758,0.5683878660202026,-0.042240723967552185,0.6168695092201233,0.5539392828941345,0.009807813912630081,0.5865390300750732,0.49395138025283813,-0.019955888390541077,0.5672716498374939,0.5144080519676208,-0.0324237160384655,0.5609642863273621,0.5469739437103271,-0.03518221154808998,0.644795298576355,0.5527088046073914,0.0014706308720633388,0.6096163988113403,0.5271086692810059,-0.027828024700284004,0.6165335774421692,0.5988568067550659,-0.025421373546123505,0.6370375156402588,0.6056103706359863,-0.015461665578186512,0.6777067184448242,0.557762622833252,-0.013334068469703197,0.6450928449630737,0.5387182831764221,-0.04066067934036255,0.6479953527450562,0.6017780900001526,-0.02398294024169445,0.6656080484390259,0.6058956980705261,-0.005651760380715132,0.7113837599754333,0.5690887570381165,-0.030337123200297356,0.6858547925949097,0.5509746074676514,-0.041882872581481934,0.6788212060928345,0.5928205251693726,-0.02823065221309662,0.690230667591095,0.600540816783905,-0.014554490335285664,s
0.6834345459938049,0.7369144558906555,-4.6801025632703386e-07,0.630248486995697,0.6970805525779724,-0.009527601301670074,0.5832555294036865,0.6304184198379517,-0.018423376604914665,0.5432214140892029,0.5872257947921753,-0.03275585547089577,0.5038592219352722,0.5689369440078735,-0.043658144772052765,0.6152429580688477,0.5535728335380554,0.010338163003325462,0.5858698487281799,0.4950941503047943,-0.01919037103652954,0.567732036113739,0.5149154663085938,-0.030798468738794327,0.5627472400665283,0.5448805093765259,-0.03286932036280632,0.6436875462532043,0.5525670051574707,0.0022666845470666885,0.6077885031700134,0.5280332565307617,-0.026582393795251846,0.6143799424171448,0.6014115810394287,-0.023028556257486343,0.6348175406455994,0.6051750183105469,-0.012192264199256897,0.676883339881897,0.5577160716056824,-0.012475409545004368,0.6436368227005005,0.5389615297317505,-0.04035744443535805,0.6465660333633423,0.6038283705711365,-0.022818148136138916,0.6646153330802917,0.6067423224449158,-0.003625155659392476,0.7106133103370667,0.5686867833137512,-0.029435180127620697,0.6841821074485779,0.5524894595146179,-0.04121781885623932,0.677282989025116,0.5956426858901978,-0.027332141995429993,0.6894855499267578,0.6025415658950806,-0.013373182155191898,s
0.6833057403564453,0.7369610071182251,-4.755958400437521e-07,0.6309356093406677,0.6977375149726868,-0.00978123303502798,0.58493572473526,0.6313133835792542,-0.01930193416774273,0.5461621880531311,0.5877435803413391,-0.03429017961025238,0.5067437887191772,0.56849604845047,-0.045950520783662796,0.6173984408378601,0.5529346466064453,0.008567902259528637,0.5888836979866028,0.49285274744033813,-0.021041681990027428,0.5685930252075195,0.5148805975914001,-0.03292585909366608,0.5616241693496704,0.5486541986465454,-0.03522316738963127,0.6456538438796997,0.5529754757881165,0.00041200322448275983,0.6108388900756836,0.5272573232650757,-0.028357522562146187,0.6169242262840271,0.6011300086975098,-0.02473772130906582,0.6371704936027527,0.6069100499153137,-0.013793391175568104,0.6782744526863098,0.5589388608932495,-0.014270461164414883,0.6455562710762024,0.5391219258308411,-0.041351258754730225,0.6479066014289856,0.6041960716247559,-0.02327018603682518,0.665374219417572,0.6082651615142822,-0.003842609003186226,0.7119802832603455,0.5707861185073853,-0.031220823526382446,0.6861599683761597,0.5516350865364075,-0.04227128624916077,0.6786626577377319,0.5946040153503418,-0.027321312576532364,0.6901758313179016,0.6024523973464966,-0.012580151669681072,s
0.6839756965637207,0.7370351552963257,-4.6652559149151784e-07,0.630795419216156,0.6976587772369385,-0.009931433945894241,0.5843850374221802,0.6305040121078491,-0.01842779852449894,0.5444298386573792,0.5873446464538574,-0.03227397799491882,0.504726767539978,0.5698081851005554,-0.04265680909156799,0.6151430010795593,0.5544643998146057,0.0110353734344244,0.5859193205833435,0.4959414303302765,-0.018854886293411255,0.5682740807533264,0.5154866576194763,-0.030632100999355316,0.5640658140182495,0.5457830429077148,-0.03262382000684738,0.6437291502952576,0.5532166957855225,0.0032141990959644318,0.6083787083625793,0.5277723073959351,-0.026461899280548096,0.6151336431503296,0.6011803150177002,-0.0232420451939106,0.6359690427780151,0.6059113144874573,-0.012159682810306549,0.6771665811538696,0.558039665222168,-0.01143424492329359,0.6442480683326721,0.5399839878082275,-0.03980111703276634,0.6471577882766724,0.6044323444366455,-0.022785738110542297,0.6652374863624573,0.6070791482925415,-0.003594089997932315,0.7110665440559387,0.5683456063270569,-0.028321662917733192,0.6843535304069519,0.5528092980384827,-0.04016081988811493,0.6781302690505981,0.5952630639076233,-0.026559850201010704,0.690953254699707,0.6012210249900818,-0.012672161683440208,s
0.6847785711288452,0.7374821305274963,-4.854858275393781e-07,0.6321678161621094,0.6985267400741577,-0.009264690801501274,0.5858361721038818,0.6318928599357605,-0.017945874482393265,0.5470824241638184,0.5885700583457947,-0.0320180281996727,0.5080432891845703,0.5696449875831604,-0.0427938811480999,0.6182012557983398,0.5540037751197815,0.009311347268521786,0.5893469452857971,0.49470844864845276,-0.019674424082040787,0.5695928931236267,0.5172224044799805,-0.031435973942279816,0.5631775259971619,0.5498347282409668,-0.033813104033470154,0.6463072299957275,0.5537495017051697,0.0012145155342295766,0.6119763851165771,0.5289155840873718,-0.027200056239962578,0.6182831525802612,0.6017445921897888,-0.02389846369624138,0.6383337378501892,0.6070709228515625,-0.013363499194383621,0.6788368225097656,0.5597674250602722,-0.013278890401124954,0.6469463109970093,0.5403087735176086,-0.04001623019576073,0.6493502855300903,0.6043907999992371,-0.022377733141183853,0.6664334535598755,0.6079272627830505,-0.003386029740795493,0.7124805450439453,0.5715858936309814,-0.029953842982649803,0.6871252059936523,0.5519852042198181,-0.040766969323158264,0.679621696472168,0.5946222543716431,-0.026011724025011063,0.6907324194908142,0.6024421453475952,-0.011536509729921818,s
0.6847084164619446,0.7387412190437317,-4.751370568101265e-07,0.6325441598892212,0.6995699405670166,-0.010681583546102047,0.5864220261573792,0.6320350766181946,-0.019776854664087296,0.5475578904151917,0.5883800387382507,-0.03412453457713127,0.5082231760025024,0.5699784159660339,-0.04487578943371773,0.6170188188552856,0.5549304485321045,0.008907456882297993,0.588800311088562,0.4953184723854065,-0.02092442661523819,0.5701888799667358,0.5181980729103088,-0.03222545608878136,0.56556636095047,0.5516029596328735,-0.03379269316792488,0.645569384098053,0.5545471906661987,0.0013640477554872632,0.6119876503944397,0.5291280746459961,-0.027866918593645096,0.6182469725608826,0.6027698516845703,-0.023837009444832802,0.6388113498687744,0.6072739958763123,-0.012221181765198708,0.6786997318267822,0.560151219367981,-0.012957205064594746,0.6477060317993164,0.5422680377960205,-0.04060916230082512,0.6496886014938354,0.606300950050354,-0.02278231456875801,0.6669468283653259,0.6087633371353149,-0.003175602527335286,0.7125821709632874,0.5714206695556641,-0.0296169463545084,0.6878504157066345,0.5527649521827698,-0.04073017090559006,0.6801819801330566,0.5952213406562805,-0.02602114900946617,0.6913508176803589,0.602738082408905,-0.011319370940327644,s
0.6856958866119385,0.7390203475952148,-4.788400360666856e-07,0.6332471370697021,0.6996780633926392,-0.010185685940086842,0.5873992443084717,0.6328667402267456,-0.019460678100585938,0.5487172603607178,0.5891752243041992,-0.034142304211854935,0.5093787312507629,0.5703012943267822,-0.04533449560403824,0.6187270879745483,0.5559358596801758,0.008505702950060368,0.5901872515678406,0.495069682598114,-0.021659156307578087,0.5710467100143433,0.5185109376907349,-0.03371581435203552,0.5657808184623718,0.5525978207588196,-0.035842426121234894,0.6470442414283752,0.5559102296829224,0.0008125617750920355,0.6139296889305115,0.5306811332702637,-0.02821369469165802,0.6199265122413635,0.6030882000923157,-0.02456960640847683,0.6399343013763428,0.6076885461807251,-0.013568026013672352,0.6797929406166077,0.5614347457885742,-0.013542761094868183,0.6491245627403259,0.5423601865768433,-0.04048372805118561,0.6507377028465271,0.605861485004425,-0.02252171002328396,0.6674796342849731,0.6092768311500549,-0.0031766165047883987,0.7135919332504272,0.5726186633110046,-0.03024960309267044,0.6894901990890503,0.5527406334877014,-0.04081205278635025,0.6814669966697693,0.5948857069015503,-0.02578490413725376,0.6921960711479187,0.6032298803329468,-0.010986012406647205,s
0.6868642568588257,0.7405093312263489,-4.6395285835387767e-07,0.6341243982315063,0.7005981802940369,-0.010319391265511513,0.5877795815467834,0.63347989320755,-0.019341858103871346,0.5483600497245789,0.5897997617721558,-0.03374642878770828,0.5091007351875305,0.5710098147392273,-0.04472637176513672,0.6182677745819092,0.5579969882965088,0.009393916465342045,0.5891810655593872,0.4982491433620453,-0.019893355667591095,0.5709616541862488,0.51866614818573,-0.031210513785481453,0.5671173334121704,0.5499706268310547,-0.03302093967795372,0.6465951800346375,0.5569794774055481,0.001736061996780336,0.6135051846504211,0.5310790538787842,-0.027115480974316597,0.619607150554657,0.6039946675300598,-0.023291679099202156,0.6403378248214722,0.6086729764938354,-0.012093628756701946,0.6798109412193298,0.5621920824050903,-0.01259701233357191,0.649715781211853,0.5429660081863403,-0.03977157548069954,0.6510897278785706,0.606556236743927,-0.021972674876451492,0.6682685613632202,0.6098317503929138,-0.0026266518980264664,0.7139000296592712,0.5732260346412659,-0.029290879145264626,0.6906020045280457,0.5541660189628601,-0.04021966829895973,0.682234525680542,0.5959805846214294,-0.025759382173419,0.6929343342781067,0.6039479374885559,-0.011405674740672112,s
0.68734210729599,0.7405701279640198,-4.72133820039744e-07,0.6351994872093201,0.7008956670761108,-0.010038177482783794,0.5886669754981995,0.6342965960502625,-0.019312677904963493,0.5492849349975586,0.5909945368766785,-0.03400129824876785,0.5099131464958191,0.5720779895782471,-0.045241955667734146,0.6201832890510559,0.5580616593360901,0.008688858710229397,0.5912419557571411,0.4980940818786621,-0.020453155040740967,0.5717329382896423,0.5209670066833496,-0.03192713484168053,0.5659323334693909,0.5538508296012878,-0.03400236740708351,0.6481456160545349,0.5578563213348389,0.0008771970751695335,0.6147639155387878,0.5320978164672852,-0.027299553155899048,0.6209918856620789,0.6051393151283264,-0.02323872037231922,0.6414498686790466,0.609326183795929,-0.012276963330805302,0.6807998418807983,0.5638080835342407,-0.013486640527844429,0.6505697965621948,0.5436520576477051,-0.039831310510635376,0.6519618630409241,0.6076707243919373,-0.021303633227944374,0.6687538027763367,0.6111423373222351,-0.0018375198123976588,0.7145265936851501,0.5755890011787415,-0.030218135565519333,0.6910748481750488,0.5546254515647888,-0.04036473482847214,0.682428240776062,0.5969390869140625,-0.024960752576589584,0.6928113102912903,0.6056388020515442,-0.010155381634831429,s
0.6871996521949768,0.7397109866142273,-4.6912623474781867e-07,0.6350364685058594,0.7010644674301147,-0.01076879259198904,0.5886276364326477,0.6348240971565247,-0.020597482100129128,0.5497519969940186,0.5910208225250244,-0.03557995706796646,0.5102729201316833,0.5719529390335083,-0.04697034880518913,0.6199718117713928,0.5574002861976624,0.007057961076498032,0.5916770696640015,0.4970611333847046,-0.02250874601304531,0.5720913410186768,0.5199355483055115,-0.033843256533145905,0.5655498504638672,0.5536408424377441,-0.035601209849119186,0.6483157873153687,0.557548463344574,-0.0003706255811266601,0.6142138838768005,0.5319153666496277,-0.028938887640833855,0.6204816699028015,0.6054011583328247,-0.024710824713110924,0.6406700015068054,0.6098870038986206,-0.013380524702370167,0.6812058091163635,0.5634435415267944,-0.014334605075418949,0.6500985026359558,0.5435953736305237,-0.041203949600458145,0.6522418856620789,0.6079879403114319,-0.022627074271440506,0.6693458557128906,0.6113868951797485,-0.002896502846851945,0.7151638865470886,0.5748687386512756,-0.030650774016976357,0.6909270286560059,0.5552180409431458,-0.04116922989487648,0.6831526160240173,0.5977890491485596,-0.025740429759025574,0.6942261457443237,0.6055365800857544,-0.010727928020060062,s
