0.31133708357810974,0.8685744404792786,-6.030035137882805e-07,0.35239872336387634,0.90141361951828,-0.04375605285167694,0.3639601171016693,0.9466720223426819,-0.07882747799158096,0.35900479555130005,0.9975318312644958,-0.1057257205247879,0.3493039011955261,1.0314091444015503,-0.1334146112203598,0.3621121048927307,0.8945017457008362,-0.10158976167440414,0.3337234854698181,0.9783558249473572,-0.13549989461898804,0.31518256664276123,1.03798508644104,-0.14921864867210388,0.31276580691337585,1.0685709714889526,-0.15657633543014526,0.3204596936702728,0.875758707523346,-0.09282676875591278,0.2963816821575165,0.9620123505592346,-0.12236040830612183,0.2829751670360565,1.0383228063583374,-0.12683966755867004,0.2794328033924103,1.0783945322036743,-0.131574809551239,0.28218331933021545,0.870215117931366,-0.08346624672412872,0.2609657049179077,0.9499155879020691,-0.11067190021276474,0.25456804037094116,1.0212969779968262,-0.11207842081785202,0.2543742060661316,1.0604311227798462,-0.11379700154066086,0.250824511051178,0.8730478286743164,-0.07646368443965912,0.23619359731674194,0.9449055194854736,-0.09910684823989868,0.23347531259059906,1.0031908750534058,-0.10099710524082184,0.2345457673072815,1.0359162092208862,-0.10177851468324661,a
0.3218679428100586,0.9313333630561829,3.3854212233563885e-07,0.3509434759616852,0.9570779800415039,-0.01778569631278515,0.37161630392074585,0.9701857566833496,-0.038971077650785446,0.39538443088531494,0.9663190245628357,-0.05641147121787071,0.4156379699707031,0.9427679181098938,-0.07484325021505356,0.34546297788619995,0.9051970839500427,-0.06712936609983444,0.3370358943939209,0.9250801205635071,-0.09599389135837555,0.33994996547698975,0.9543756246566772,-0.11393805593252182,0.3454532027244568,0.9740288257598877,-0.12480107694864273,0.31033754348754883,0.8865096569061279,-0.07076182961463928,0.3030681312084198,0.9220863580703735,-0.09444744884967804,0.30460506677627563,0.9595538973808289,-0.09845113754272461,0.31030064821243286,0.9823451638221741,-0.10385829210281372,0.2812761664390564,0.8825015425682068,-0.07314649969339371,0.27306580543518066,0.9209384322166443,-0.0926121398806572,0.27338549494743347,0.9567767977714539,-0.08588889986276627,0.27506038546562195,0.9804679751396179,-0.0819002091884613,0.2570008337497711,0.8891642689704895,-0.07696279883384705,0.25043395161628723,0.9205014705657959,-0.08864405751228333,0.2545924782752991,0.9490827918052673,-0.08230917155742645,0.2608102858066559,0.9687054753303528,-0.07889183610677719,a
0.30275455117225647,1.0127373933792114,6.075973715269356e-07,0.34139153361320496,0.9990381598472595,-0.02560620941221714,0.37289342284202576,0.9651697874069214,-0.05048562213778496,0.39988669753074646,0.9305576086044312,-0.07044997811317444,0.42316922545433044,0.9001985788345337,-0.09056766331195831,0.3305669128894806,0.9600662589073181,-0.06696758419275284,0.3451530635356903,0.8824904561042786,-0.09260125458240509,0.35974356532096863,0.8386096358299255,-0.10235805064439774,0.37239521741867065,0.8109468221664429,-0.10519926249980927,0.2942904531955719,0.956527590751648,-0.06108015030622482,0.30390244722366333,0.8678858280181885,-0.08344589173793793,0.3210466802120209,0.821972131729126,-0.08624103665351868,0.33735519647598267,0.7976094484329224,-0.08598674088716507,0.2676279842853546,0.9504556655883789,-0.05474931746721268,0.27024218440055847,0.865759551525116,-0.07030782103538513,0.28560954332351685,0.8208926916122437,-0.07106155902147293,0.3005070984363556,0.7958430051803589,-0.0699169933795929,0.2504475712776184,0.9418973922729492,-0.049541302025318146,0.24606651067733765,0.8727738857269287,-0.059152018278837204,0.25840094685554504,0.8346424698829651,-0.059100329875946045,0.2725204825401306,0.813302218914032,-0.05756569653749466,a
0.3215535283088684,0.9763196706771851,7.221640885290981e-07,0.36626720428466797,0.9584787487983704,-0.022448178380727768,0.4018324613571167,0.9102970361709595,-0.049695778638124466,0.42491886019706726,0.8606802225112915,-0.06954061985015869,0.44374045729637146,0.821607768535614,-0.08972108364105225,0.3673575222492218,0.9600155353546143,-0.10048188269138336,0.4031030535697937,0.8813337683677673,-0.1325768083333969,0.4264448285102844,0.8337145447731018,-0.13908880949020386,0.4476366639137268,0.807104766368866,-0.13755446672439575,0.3206326365470886,0.9551140666007996,-0.09652004390954971,0.33380937576293945,0.8306881189346313,-0.12673260271549225,0.3536848723888397,0.7739682793617249,-0.12217157334089279,0.3728298544883728,0.7558258771896362,-0.11506795138120651,0.2824039161205292,0.9383406639099121,-0.08917011320590973,0.2882237732410431,0.8191148638725281,-0.11047446727752686,0.30789193511009216,0.7675126791000366,-0.1031002551317215,0.32529354095458984,0.7502878904342651,-0.0943349152803421,0.2567281424999237,0.9163422584533691,-0.08159448951482773,0.25756943225860596,0.8255518674850464,-0.09332577139139175,0.2732197940349579,0.7844008803367615,-0.08787280321121216,0.28886517882347107,0.7697159051895142,-0.08160398155450821,a
0.33588865399360657,0.9706441164016724,5.466295647238439e-07,0.378608763217926,0.9361389875411987,-0.031713541597127914,0.4111180901527405,0.8775478601455688,-0.06108008325099945,0.4369308650493622,0.824985146522522,-0.08268951624631882,0.4665377736091614,0.7845114469528198,-0.10502395033836365,0.36124199628829956,0.8921916484832764,-0.09581798315048218,0.3687008321285248,0.797980546951294,-0.12940528988838196,0.3802945911884308,0.7593834400177002,-0.14050525426864624,0.38903355598449707,0.7507757544517517,-0.14133420586585999,0.3188750445842743,0.8930022716522217,-0.08721361309289932,0.32497674226760864,0.7804423570632935,-0.11652055382728577,0.3404071629047394,0.7378137111663818,-0.11831051856279373,0.35361525416374207,0.7294477224349976,-0.11650705337524414,0.287767231464386,0.8866300582885742,-0.07713975012302399,0.289110004901886,0.7733117341995239,-0.09902641922235489,0.3049050271511078,0.7358624935150146,-0.09552454948425293,0.31981098651885986,0.7324950695037842,-0.08994192630052567,0.2666105031967163,0.8756797909736633,-0.0679791048169136,0.2614957094192505,0.7861150503158569,-0.08477827906608582,0.27513518929481506,0.7567724585533142,-0.08353403955698013,0.28873950242996216,0.7568522095680237,-0.07917206734418869,a
0.35252445936203003,0.9375545978546143,3.906453827084988e-08,0.39240992069244385,0.8944986462593079,-0.024190984666347504,0.4252617359161377,0.8318265080451965,-0.0456545390188694,0.4521886706352234,0.7777799963951111,-0.06372726708650589,0.47672751545906067,0.7342120409011841,-0.08027023822069168,0.380371630191803,0.8005860447883606,-0.04778234288096428,0.3807551860809326,0.7392815351486206,-0.07572908699512482,0.38600990176200867,0.758994460105896,-0.08993693441152573,0.3920999765396118,0.7932895421981812,-0.09402456134557724,0.3382578492164612,0.8042230606079102,-0.04332016780972481,0.34014955163002014,0.7217076420783997,-0.06700772792100906,0.3494411110877991,0.7381386756896973,-0.07275916635990143,0.35965245962142944,0.7744699716567993,-0.0732719749212265,0.3042416274547577,0.8094345927238464,-0.04003037139773369,0.30050772428512573,0.7198454141616821,-0.05890307575464249,0.31275486946105957,0.7281919717788696,-0.05716560035943985,0.3259264826774597,0.7589545249938965,-0.052332233637571335,0.2778521776199341,0.8151015639305115,-0.03784191608428955,0.2692245841026306,0.7398207187652588,-0.05210253223776817,0.28052598237991333,0.7388346195220947,-0.04956522956490517,0.2915852963924408,0.7577289938926697,-0.044005751609802246,a
0.35356032848358154,0.8998482823371887,-3.719883352459874e-07,0.3964002728462219,0.8599641919136047,-0.03094661608338356,0.4313158392906189,0.7923740744590759,-0.049083162099123,0.45975232124328613,0.733558714389801,-0.06475572288036346,0.49211883544921875,0.6907368898391724,-0.0768786072731018,0.39986199140548706,0.7028102874755859,-0.021253176033496857,0.3856359124183655,0.702099084854126,-0.05809846520423889,0.38177499175071716,0.7710888385772705,-0.08011738955974579,0.3851652443408966,0.814750611782074,-0.087770015001297,0.3544968366622925,0.7008248567581177,-0.01640995778143406,0.34369081258773804,0.6940208077430725,-0.05145890265703201,0.3459712564945221,0.7739177942276001,-0.05942570045590401,0.3546769320964813,0.8212140202522278,-0.055424246937036514,0.3161563277244568,0.7124637365341187,-0.01705268584191799,0.30578967928886414,0.7043820023536682,-0.04970894753932953,0.31271636486053467,0.7720308899879456,-0.043186575174331665,0.3255396783351898,0.8132474422454834,-0.02831265702843666,0.2850644588470459,0.7309112548828125,-0.020294681191444397,0.2730066478252411,0.7107105255126953,-0.03999809920787811,0.28031080961227417,0.7538372278213501,-0.03279595449566841,0.291510671377182,0.7830069065093994,-0.019079381600022316,a
0.36107808351516724,0.8728445172309875,-3.081682393712981e-07,0.40393781661987305,0.8257536888122559,-0.026494339108467102,0.4400690495967865,0.7563859224319458,-0.04259926453232765,0.471054345369339,0.6988415718078613,-0.0568789504468441,0.4989646077156067,0.6558372378349304,-0.06872930377721786,0.40463030338287354,0.6923437118530273,-0.027568908408284187,0.3898511826992035,0.6757490634918213,-0.06326231360435486,0.3855837285518646,0.7377071976661682,-0.08350669592618942,0.3877313733100891,0.7835200428962708,-0.08955350518226624,0.36025992035865784,0.6904196739196777,-0.02369745820760727,0.35138487815856934,0.6649225354194641,-0.05773622915148735,0.35120493173599243,0.736322283744812,-0.06432689726352692,0.35724711418151855,0.7872301340103149,-0.06044821813702583,0.32296669483184814,0.6971734762191772,-0.024283939972519875,0.31431466341018677,0.6647463440895081,-0.05538744851946831,0.31848862767219543,0.7263559103012085,-0.04861961305141449,0.3279479444026947,0.7727519869804382,-0.0345795638859272,0.29104524850845337,0.7084368467330933,-0.026937006041407585,0.2831474542617798,0.6692231297492981,-0.047655973583459854,0.28935879468917847,0.7089277505874634,-0.0417790561914444,0.2992701828479767,0.7425750494003296,-0.029634179547429085,a
0.36014896631240845,0.8516255617141724,-3.8162636428751284e-07,0.4048958718776703,0.8074847459793091,-0.02917986921966076,0.4410909116268158,0.730778157711029,-0.04387860372662544,0.4717637896537781,0.6665040254592896,-0.056508101522922516,0.5011402368545532,0.6176484227180481,-0.06598058342933655,0.4162205755710602,0.6491273641586304,-0.019047217443585396,0.4016559422016144,0.6367095708847046,-0.055081725120544434,0.39436575770378113,0.7061291337013245,-0.07652253657579422,0.3928220868110657,0.7551013827323914,-0.08328315615653992,0.3718455731868744,0.6426926255226135,-0.013724759221076965,0.35973939299583435,0.6287875771522522,-0.04792476445436478,0.3582512438297272,0.7096953392028809,-0.05477415770292282,0.3632258474826813,0.7607942819595337,-0.05025200545787811,0.33231422305107117,0.6502482295036316,-0.014135634526610374,0.32204943895339966,0.6276700496673584,-0.04721125215291977,0.32575851678848267,0.7001508474349976,-0.039733853191137314,0.3345581591129303,0.7484527826309204,-0.024198798462748528,0.29770252108573914,0.666103720664978,-0.016904152929782867,0.28921282291412354,0.6380289196968079,-0.03931008279323578,0.2944320738315582,0.6866344213485718,-0.03293408453464508,0.3028354346752167,0.7214713096618652,-0.019515691325068474,a
0.3590177297592163,0.8275028467178345,-4.020843391572271e-07,0.40651026368141174,0.7884517312049866,-0.03357575833797455,0.4467027485370636,0.7024202942848206,-0.04740801826119423,0.478865385055542,0.6332753300666809,-0.057576484978199005,0.5089905261993408,0.5830456018447876,-0.06355679035186768,0.4254738390445709,0.6213840842247009,-0.019612031057476997,0.40975284576416016,0.6084019541740417,-0.057065460830926895,0.40020883083343506,0.6857197880744934,-0.0774763822555542,0.39783889055252075,0.7336453199386597,-0.08329303562641144,0.37974533438682556,0.6111382246017456,-0.011727376841008663,0.3648386597633362,0.600579023361206,-0.048025038093328476,0.36227700114250183,0.6891366243362427,-0.05249054729938507,0.36710405349731445,0.7365156412124634,-0.04561819136142731,0.3384254276752472,0.6175640821456909,-0.010684316046535969,0.32534050941467285,0.5973871350288391,-0.04688806086778641,0.32934120297431946,0.6797468662261963,-0.036690495908260345,0.33846741914749146,0.7255867719650269,-0.018991006538271904,0.3022081255912781,0.6336377859115601,-0.012325474061071873,0.2921163737773895,0.6160506010055542,-0.03789658471941948,0.2987309694290161,0.675107479095459,-0.031444139778614044,0.3087133765220642,0.7083571553230286,-0.01758032850921154,a
0.3653617799282074,0.8037170767784119,-3.921771565273957e-07,0.41338658332824707,0.7673398852348328,-0.034762945026159286,0.4533468186855316,0.6777862310409546,-0.04833295941352844,0.4809228777885437,0.6058440208435059,-0.0580836720764637,0.5117251873016357,0.5555019974708557,-0.06405126303434372,0.4255547821521759,0.5917074680328369,-0.0200445968657732,0.4173576235771179,0.5832897424697876,-0.05936223268508911,0.4089772701263428,0.6624082922935486,-0.08246336132287979,0.4047698974609375,0.7155698537826538,-0.08987642824649811,0.3806820809841156,0.5829874873161316,-0.011468540877103806,0.37273138761520386,0.5816960334777832,-0.05027591437101364,0.3700343072414398,0.6697365045547485,-0.05764685943722725,0.37130653858184814,0.7227174639701843,-0.05247626453638077,0.33987870812416077,0.5920565724372864,-0.00981933530420065,0.3308018445968628,0.5812103748321533,-0.048557307571172714,0.33545681834220886,0.6624273657798767,-0.041022054851055145,0.34254899621009827,0.7115408182144165,-0.024407600983977318,0.3036886155605316,0.6109693050384521,-0.010777329094707966,0.2960182726383209,0.5984477400779724,-0.03889378532767296,0.3044417202472687,0.6586964726448059,-0.03433382138609886,0.3141101598739624,0.6949390769004822,-0.021256135776638985,a
0.36567044258117676,0.7873238325119019,-4.4082369754505635e-07,0.4140905439853668,0.7562550902366638,-0.03585627302527428,0.4566432535648346,0.6626768112182617,-0.04860725626349449,0.4879635274410248,0.5877525806427002,-0.05765349045395851,0.5170068740844727,0.5349881052970886,-0.062356434762477875,0.4356159567832947,0.5801752209663391,-0.01832224801182747,0.42877331376075745,0.5607393980026245,-0.05753561854362488,0.4183516800403595,0.6417351961135864,-0.07835130393505096,0.4133208096027374,0.6950035691261292,-0.08393891155719757,0.39020851254463196,0.5718749761581421,-0.00967892911285162,0.3812057077884674,0.5510621070861816,-0.04965220391750336,0.375763863325119,0.6455212831497192,-0.05412331968545914,0.3778512477874756,0.6999602913856506,-0.04540384188294411,0.3475000858306885,0.5786072015762329,-0.00879400223493576,0.3385079503059387,0.5529828071594238,-0.04751162976026535,0.34043648838996887,0.6366662383079529,-0.03747082129120827,0.34743520617485046,0.6848407983779907,-0.01847011223435402,0.30976206064224243,0.5952414870262146,-0.010832836851477623,0.30311718583106995,0.5757148861885071,-0.036975566297769547,0.3097835183143616,0.6341114044189453,-0.030803360044956207,0.31898412108421326,0.6662663221359253,-0.016899216920137405,a
0.3718484342098236,0.7749100923538208,-3.788983633512544e-07,0.4239073395729065,0.736399233341217,-0.02793697640299797,0.4668514132499695,0.6372148990631104,-0.036665089428424835,0.49538734555244446,0.5607721209526062,-0.043446626514196396,0.5211508274078369,0.5040494203567505,-0.04681947082281113,0.4362110495567322,0.564383327960968,-0.008896012790501118,0.43682006001472473,0.5424450635910034,-0.042216166853904724,0.4286024272441864,0.6172168850898743,-0.06165130436420441,0.42271989583969116,0.6701441407203674,-0.06749522686004639,0.3915376365184784,0.5609984397888184,-0.0036759518552571535,0.38961753249168396,0.5388375520706177,-0.03872183337807655,0.3856208324432373,0.6256308555603027,-0.04487929865717888,0.3854735493659973,0.6820752024650574,-0.03856440261006355,0.3494725823402405,0.5705715417861938,-0.005170184187591076,0.34543806314468384,0.5444232225418091,-0.03909740969538689,0.3507435619831085,0.6221876740455627,-0.03130483254790306,0.3567652702331543,0.6724473834037781,-0.01493117492645979,0.3116106390953064,0.5888321995735168,-0.008976970799267292,0.30800265073776245,0.5642628073692322,-0.03271757438778877,0.3192567229270935,0.6186011433601379,-0.027093490585684776,0.3295377790927887,0.6524259448051453,-0.014309807680547237,a
0.3789500892162323,0.7580165863037109,-3.697020929394057e-07,0.4321735203266144,0.7169076800346375,-0.025936495512723923,0.4736763834953308,0.6184769868850708,-0.03469468280673027,0.4996357560157776,0.5426182150840759,-0.04169246926903725,0.5265114307403564,0.4879243075847626,-0.04578183963894844,0.43853071331977844,0.5466156601905823,-0.011400828137993813,0.4428447186946869,0.5256080627441406,-0.04402792826294899,0.4359731674194336,0.5999901294708252,-0.06277912855148315,0.4299279749393463,0.6521577835083008,-0.06857720762491226,0.3929888606071472,0.5474802255630493,-0.007171879522502422,0.39582255482673645,0.5247689485549927,-0.04099220782518387,0.39413779973983765,0.6113117337226868,-0.04635760188102722,0.3944302201271057,0.666861891746521,-0.04021366685628891,0.35150808095932007,0.5611763596534729,-0.008963641710579395,0.3528498113155365,0.5339567065238953,-0.042477596551179886,0.35916346311569214,0.6125290393829346,-0.034282784909009933,0.36446303129196167,0.6626467704772949,-0.01802067644894123,0.31483250856399536,0.583361029624939,-0.01271066628396511,0.31566935777664185,0.5574861168861389,-0.036488424986600876,0.32650884985923767,0.6122862100601196,-0.030377326533198357,0.3342854380607605,0.6464909911155701,-0.0174565352499485,a
0.3814879059791565,0.7495275735855103,-4.1781603954405e-07,0.4329797923564911,0.7114651799201965,-0.02542346715927124,0.4742332696914673,0.6132901906967163,-0.033805880695581436,0.5001848936080933,0.5366381406784058,-0.04096073657274246,0.5252013802528381,0.4803161919116974,-0.045397982001304626,0.44519299268722534,0.5413313508033752,-0.011657771654427052,0.44774341583251953,0.5152209997177124,-0.04386327415704727,0.4385295808315277,0.5904152989387512,-0.06131548434495926,0.42986854910850525,0.6418300867080688,-0.066281259059906,0.4001482427120209,0.5419332981109619,-0.008045277558267117,0.4020097255706787,0.5138481259346008,-0.040934816002845764,0.3991122543811798,0.6016719341278076,-0.044784508645534515,0.39719897508621216,0.6562547087669373,-0.037927787750959396,0.3583560287952423,0.5559888482093811,-0.010478343814611435,0.3582070469856262,0.5169498324394226,-0.043158646672964096,0.364706814289093,0.5953493714332581,-0.033615149557590485,0.36864855885505676,0.6468958258628845,-0.01693803258240223,0.32033318281173706,0.5795161128044128,-0.0147984828799963,0.3188188374042511,0.5459347367286682,-0.0384715236723423,0.3320208787918091,0.5965698957443237,-0.03196021541953087,0.3411155641078949,0.6300615668296814,-0.018972378224134445,a
0.385903000831604,0.744667112827301,-3.834629467291961e-07,0.43799030780792236,0.7033339142799377,-0.0238196961581707,0.4782659411430359,0.6049058437347412,-0.03154158592224121,0.503128707408905,0.5271444916725159,-0.03829873353242874,0.5267282128334045,0.4688771367073059,-0.042123518884181976,0.448848694562912,0.532246470451355,-0.007812725380063057,0.45537200570106506,0.5036035180091858,-0.038691312074661255,0.44685882329940796,0.5755531191825867,-0.056150149554014206,0.43914908170700073,0.6283388137817383,-0.06120014190673828,0.40442517399787903,0.532279908657074,-0.004407548811286688,0.4092344641685486,0.5042756795883179,-0.035998329520225525,0.4056154787540436,0.5888646841049194,-0.04062116891145706,0.40449944138526917,0.6442273855209351,-0.034242354333400726,0.3630056083202362,0.5448501110076904,-0.006915490608662367,0.3647509217262268,0.5103634595870972,-0.037399981170892715,0.37110158801078796,0.5857316255569458,-0.028753245249390602,0.37654897570610046,0.6367694139480591,-0.012890106067061424,0.325203001499176,0.566865861415863,-0.011378592811524868,0.32559651136398315,0.5357107520103455,-0.03275402635335922,0.33939042687416077,0.5837243795394897,-0.02625485509634018,0.3495473265647888,0.6167389154434204,-0.013435617089271545,a
0.3884364068508148,0.744352400302887,-4.127338968373806e-07,0.44144394993782043,0.7032787203788757,-0.025211472064256668,0.48226985335350037,0.6020973324775696,-0.03281269967556,0.5063507556915283,0.5217035412788391,-0.038915399461984634,0.5278871655464172,0.4619932770729065,-0.04145847260951996,0.4565652906894684,0.5327039361000061,-0.008569199591875076,0.4620016813278198,0.4983600378036499,-0.04027239978313446,0.45170286297798157,0.5712014436721802,-0.056711431592702866,0.4453096389770508,0.6228798031806946,-0.06071922555565834,0.4109102785587311,0.5308291912078857,-0.004810454323887825,0.41504767537117004,0.4951822757720947,-0.037846535444259644,0.4088122844696045,0.583023190498352,-0.04118140786886215,0.4082779288291931,0.6371772885322571,-0.03285709023475647,0.36819979548454285,0.5413777828216553,-0.007223234977573156,0.36973512172698975,0.503888726234436,-0.03930776193737984,0.3739207983016968,0.582913339138031,-0.029037952423095703,0.3795214891433716,0.6318057775497437,-0.011263862252235413,0.32889339327812195,0.5608128905296326,-0.011665099300444126,0.3313482403755188,0.5293800234794617,-0.03299334645271301,0.34246790409088135,0.5808716416358948,-0.024889102205634117,0.35124242305755615,0.6123251914978027,-0.010690501891076565,a
0.392421156167984,0.7439334988594055,-3.994203723323153e-07,0.4474066197872162,0.6973061561584473,-0.022727923467755318,0.48669353127479553,0.5958330035209656,-0.02982945740222931,0.509549617767334,0.514729917049408,-0.03631102293729782,0.533072829246521,0.45657962560653687,-0.039735984057188034,0.46052780747413635,0.5334352850914001,-0.010413112118840218,0.4676484763622284,0.49507081508636475,-0.04076749458909035,0.455608993768692,0.566368043422699,-0.0561206117272377,0.44699060916900635,0.6167022585868835,-0.0602123960852623,0.4148663580417633,0.5324130654335022,-0.008518214337527752,0.4217525124549866,0.49051687121391296,-0.040725644677877426,0.4157447814941406,0.575047492980957,-0.044260233640670776,0.4129709303379059,0.6308634877204895,-0.03702949732542038,0.3719092011451721,0.5430551767349243,-0.012152522802352905,0.3752794861793518,0.49682486057281494,-0.04333093389868736,0.38095974922180176,0.5739596486091614,-0.0337916724383831,0.3851655423641205,0.6262191534042358,-0.01718580722808838,0.3312608599662781,0.5624247789382935,-0.017601612955331802,0.33371636271476746,0.5242311954498291,-0.03898141533136368,0.34764549136161804,0.5702751874923706,-0.03195352852344513,0.35681241750717163,0.603021502494812,-0.019083453342318535,a
0.3931300640106201,0.7417309284210205,-4.1703924580360763e-07,0.44881758093833923,0.6953063011169434,-0.021390439942479134,0.4879108667373657,0.5942022204399109,-0.027760043740272522,0.5100435018539429,0.5140548944473267,-0.03373425081372261,0.533652126789093,0.456400990486145,-0.03664608672261238,0.4622151851654053,0.530366837978363,-0.00738923717290163,0.47027918696403503,0.4934746026992798,-0.037047792226076126,0.4564574956893921,0.5640184283256531,-0.05264226347208023,0.4474652409553528,0.6150075793266296,-0.0570940338075161,0.416772723197937,0.5283016562461853,-0.005863610655069351,0.4240529239177704,0.48948532342910767,-0.0378083698451519,0.4159029722213745,0.5735477805137634,-0.04178899526596069,0.41330477595329285,0.6291026473045349,-0.03468631953001022,0.37372905015945435,0.5381971597671509,-0.009847051464021206,0.37718984484672546,0.49716418981552124,-0.04024025425314903,0.3805520534515381,0.5725757479667664,-0.03134452924132347,0.3843792676925659,0.6224192380905151,-0.01533239521086216,0.3336152732372284,0.5569382309913635,-0.01560297142714262,0.33636581897735596,0.5241919755935669,-0.03594353795051575,0.3481942415237427,0.571099042892456,-0.028966855257749557,0.3566572964191437,0.6016287207603455,-0.01637149788439274,a
0.3937067985534668,0.7408013343811035,-4.431900038071035e-07,0.4494938850402832,0.6963457465171814,-0.02158079668879509,0.48933520913124084,0.5933713316917419,-0.02769753336906433,0.5115368366241455,0.5121608972549438,-0.033239204436540604,0.5342950820922852,0.45463255047798157,-0.0354747511446476,0.46535879373550415,0.5309544801712036,-0.008145163767039776,0.47238218784332275,0.4919854402542114,-0.038811251521110535,0.4574718177318573,0.5648753643035889,-0.0540657639503479,0.44792699813842773,0.6163358688354492,-0.057879239320755005,0.4201628565788269,0.528637707233429,-0.006610111333429813,0.42570367455482483,0.48680806159973145,-0.0397043451666832,0.4178124666213989,0.5734845995903015,-0.04285736754536629,0.4151831567287445,0.6287134289741516,-0.03471449390053749,0.37724241614341736,0.5382365584373474,-0.01066239271312952,0.3789045214653015,0.49581050872802734,-0.042440980672836304,0.3834453225135803,0.575167179107666,-0.03185627982020378,0.38744547963142395,0.6247949600219727,-0.014228045009076595,0.336600661277771,0.5560635924339294,-0.016424810513854027,0.33971038460731506,0.5220937132835388,-0.03720436990261078,0.3513878881931305,0.5730433464050293,-0.028681069612503052,0.35898712277412415,0.6042970418930054,-0.014764558523893356,a
0.394621342420578,0.7407198548316956,-4.214570878957602e-07,0.4514685869216919,0.6946669816970825,-0.02154259942471981,0.4908981919288635,0.5925732851028442,-0.027701301500201225,0.5122411251068115,0.5111892819404602,-0.033343926072120667,0.5321552753448486,0.4502946734428406,-0.03588033840060234,0.46548086404800415,0.5274562239646912,-0.007091528736054897,0.472506582736969,0.4886985421180725,-0.037354402244091034,0.4585269093513489,0.5609408617019653,-0.05367862060666084,0.44923943281173706,0.6145515441894531,-0.05827808380126953,0.4209674000740051,0.5245595574378967,-0.0054430048912763596,0.4272015690803528,0.48429977893829346,-0.037639833986759186,0.4188987910747528,0.5696274042129517,-0.04202522709965706,0.41520437598228455,0.6271273493766785,-0.03501332178711891,0.3783016800880432,0.5337885618209839,-0.00931492354720831,0.38077500462532043,0.49358922243118286,-0.03995533287525177,0.3852618932723999,0.5724380612373352,-0.030303262174129486,0.3889591097831726,0.6239465475082397,-0.013597303070127964,0.3379605710506439,0.552021324634552,-0.015018820762634277,0.3416009247303009,0.5194869041442871,-0.03559248521924019,0.35396331548690796,0.5708233714103699,-0.027576394379138947,0.36193862557411194,0.6032113432884216,-0.01405783649533987,a
0.396507203578949,0.7391425371170044,-4.147366041706846e-07,0.4550636410713196,0.6907971501350403,-0.022685106843709946,0.49450021982192993,0.5883747935295105,-0.0293567031621933,0.5129584074020386,0.5065678358078003,-0.035279881209135056,0.5305299758911133,0.44373631477355957,-0.03794768080115318,0.46666431427001953,0.5246999263763428,-0.008735351264476776,0.47312724590301514,0.48584210872650146,-0.039672233164310455,0.45931920409202576,0.5582517385482788,-0.05614186450839043,0.450186163187027,0.6123530268669128,-0.06077995523810387,0.4217013120651245,0.5236006379127502,-0.006740831304341555,0.4279728829860687,0.48199334740638733,-0.03980957344174385,0.4196958839893341,0.5680884122848511,-0.044268980622291565,0.41616231203079224,0.6263754367828369,-0.037138815969228745,0.37934890389442444,0.5344611406326294,-0.010304082185029984,0.3820502758026123,0.49359560012817383,-0.041350413113832474,0.3861771821975708,0.5718222856521606,-0.03117053024470806,0.38982662558555603,0.6226810812950134,-0.013986689038574696,0.3394969403743744,0.5535184741020203,-0.015796011313796043,0.3438878357410431,0.5196697115898132,-0.03569932281970978,0.3552733063697815,0.5696011781692505,-0.026796896010637283,0.36227601766586304,0.6007845401763916,-0.012793496251106262,a
0.3957950472831726,0.7390809059143066,-4.1827956920315046e-07,0.45479482412338257,0.6897538304328918,-0.022365450859069824,0.49412795901298523,0.5872628688812256,-0.02880413644015789,0.5132258534431458,0.5061822533607483,-0.03467972204089165,0.530189573764801,0.4431917667388916,-0.03729782626032829,0.4655855894088745,0.5248211026191711,-0.008466583676636219,0.47247645258903503,0.48430171608924866,-0.039194121956825256,0.4589860439300537,0.5565609335899353,-0.05528474599123001,0.45007821917533875,0.6102936863899231,-0.05960216000676155,0.4209079146385193,0.5240446925163269,-0.006690234411507845,0.4276873469352722,0.48169010877609253,-0.0399327352643013,0.4197864234447479,0.5676853656768799,-0.04430703446269035,0.41623952984809875,0.6261724829673767,-0.03698626533150673,0.3788687288761139,0.535073459148407,-0.010467258282005787,0.382376104593277,0.49364471435546875,-0.04160043224692345,0.38688284158706665,0.572047770023346,-0.03143589198589325,0.3907172679901123,0.6236011385917664,-0.014150107279419899,0.3394302725791931,0.5538660287857056,-0.016164476051926613,0.3448348939418793,0.5187926888465881,-0.035829443484544754,0.35611027479171753,0.5682033896446228,-0.026802586391568184,0.3626026511192322,0.5999807119369507,-0.012743487022817135,a
0.395719051361084,0.7332009077072144,-4.1885485302373127e-07,0.45536869764328003,0.6850889921188354,-0.022337783128023148,0.49516525864601135,0.585160493850708,-0.029040006920695305,0.5140700340270996,0.5039068460464478,-0.034936659038066864,0.5285471677780151,0.4397599697113037,-0.0377461314201355,0.468303918838501,0.5233181118965149,-0.010533132590353489,0.47557735443115234,0.4805263578891754,-0.04067297279834747,0.46151936054229736,0.5525593161582947,-0.05649038031697273,0.4523390531539917,0.6069397926330566,-0.060862116515636444,0.42329147458076477,0.5225138664245605,-0.00862483773380518,0.42956605553627014,0.4773966073989868,-0.04058859869837761,0.4215688109397888,0.563231885433197,-0.04440811276435852,0.4184291660785675,0.6213864684104919,-0.037308163940906525,0.3807944059371948,0.5337775349617004,-0.01191867608577013,0.3842475414276123,0.49040114879608154,-0.04205445200204849,0.38825246691703796,0.5688742995262146,-0.030867576599121094,0.39181655645370483,0.6196695566177368,-0.013441269285976887,0.34086036682128906,0.5534002184867859,-0.017076538875699043,0.3467397689819336,0.5168880820274353,-0.036158040165901184,0.3571493327617645,0.5679364800453186,-0.02595561370253563,0.3628499507904053,0.600514829158783,-0.011393818072974682,a
0.3984636664390564,0.7291299700737,-4.042798309455975e-07,0.4576360583305359,0.6804071068763733,-0.02207440324127674,0.49765560030937195,0.5790168046951294,-0.028083518147468567,0.5159309506416321,0.4981266260147095,-0.03330973535776138,0.5286778211593628,0.4342157542705536,-0.03534265235066414,0.4695088267326355,0.5191179513931274,-0.009841668419539928,0.4758721888065338,0.4755598306655884,-0.0393584743142128,0.46261268854141235,0.5478065609931946,-0.05453237146139145,0.4538886547088623,0.601129949092865,-0.05846947804093361,0.42454099655151367,0.5186785459518433,-0.00811642687767744,0.4306493401527405,0.47124767303466797,-0.03954248130321503,0.42331674695014954,0.5565880537033081,-0.04313867539167404,0.4202975630760193,0.6136035919189453,-0.035835884511470795,0.3821743130683899,0.5299436450004578,-0.011615822091698647,0.3855033218860626,0.48528072237968445,-0.04150191694498062,0.38978928327560425,0.5621322393417358,-0.03065645508468151,0.3930169939994812,0.6109763383865356,-0.013396733440458775,0.3423137068748474,0.5487422347068787,-0.016911860555410385,0.347692608833313,0.509610652923584,-0.035621512681245804,0.3580230176448822,0.5600600838661194,-0.02531060017645359,0.3634249269962311,0.5924746990203857,-0.010694360360503197,a
0.39848843216896057,0.7268097400665283,-3.956120906423166e-07,0.45804375410079956,0.6764045357704163,-0.021259769797325134,0.4977591037750244,0.5753939747810364,-0.027195725589990616,0.5164940357208252,0.4950597882270813,-0.032587066292762756,0.5295507311820984,0.43068838119506836,-0.034931909292936325,0.47001975774765015,0.5172772407531738,-0.009327656589448452,0.47691142559051514,0.47083771228790283,-0.038414545357227325,0.464570552110672,0.5412445664405823,-0.05332517623901367,0.4566480219364166,0.5944646000862122,-0.057062018662691116,0.42554572224617004,0.5168306231498718,-0.007843523286283016,0.431723415851593,0.46917724609375,-0.03922918438911438,0.4247632920742035,0.553865373134613,-0.04306283965706825,0.42233526706695557,0.6111773252487183,-0.03587520122528076,0.38311177492141724,0.5276103615760803,-0.011414645239710808,0.3867584466934204,0.48241496086120605,-0.04115575551986694,0.39126718044281006,0.5602695941925049,-0.030420735478401184,0.3952537775039673,0.610567569732666,-0.01318330131471157,0.3430075943470001,0.5461692810058594,-0.016706623136997223,0.34817594289779663,0.5081261396408081,-0.035373587161302567,0.358998566865921,0.5587814450263977,-0.025202065706253052,0.365243524312973,0.5916973948478699,-0.010636121965944767,a
0.3988935351371765,0.7237909436225891,-4.132737672080111e-07,0.45851805806159973,0.6748843789100647,-0.022129114717245102,0.4989245533943176,0.5754384398460388,-0.028696702793240547,0.5158472657203674,0.4941665828227997,-0.03453129902482033,0.5293877124786377,0.42937880754470825,-0.03681354969739914,0.46986979246139526,0.5111393332481384,-0.008529860526323318,0.47674208879470825,0.4664211571216583,-0.039015404880046844,0.4644981324672699,0.5391419529914856,-0.05429930239915848,0.45647093653678894,0.5918102264404297,-0.057951390743255615,0.4257313311100006,0.5107330679893494,-0.006994117982685566,0.43220779299736023,0.465629518032074,-0.03927121311426163,0.42534032464027405,0.552463948726654,-0.04261387884616852,0.4225310981273651,0.6077435612678528,-0.03483138605952263,0.38396427035331726,0.5222439169883728,-0.0108779426664114,0.38834452629089355,0.4785422086715698,-0.04193061217665672,0.392260879278183,0.5581368207931519,-0.030029509216547012,0.395450234413147,0.6062573790550232,-0.011703234165906906,0.3443351984024048,0.5419131517410278,-0.01652645692229271,0.3507099449634552,0.5039268732070923,-0.03559081628918648,0.3608563244342804,0.5568848848342896,-0.024312108755111694,0.36634600162506104,0.5891019105911255,-0.008717868477106094,a
0.39710602164268494,0.7206676006317139,-4.1806382000686426e-07,0.4574127495288849,0.671388566493988,-0.022551899775862694,0.49849897623062134,0.5713889002799988,-0.02909831888973713,0.5159199237823486,0.4899149537086487,-0.03489743173122406,0.527878999710083,0.4247816801071167,-0.03703626990318298,0.47070321440696716,0.5112151503562927,-0.009998033754527569,0.47759994864463806,0.46418893337249756,-0.040717966854572296,0.4657037854194641,0.5373846292495728,-0.055458322167396545,0.4579203426837921,0.5898836255073547,-0.05865958333015442,0.4259849786758423,0.5109502077102661,-0.008419559337198734,0.43260458111763,0.46260300278663635,-0.04130563884973526,0.42634060978889465,0.5499623417854309,-0.04435292258858681,0.4237578213214874,0.6056622266769409,-0.03622637316584587,0.3837047219276428,0.5218456387519836,-0.012274602428078651,0.3881298303604126,0.47641026973724365,-0.04401080682873726,0.39283567667007446,0.5568062663078308,-0.03222707286477089,0.39649924635887146,0.6058831214904785,-0.013723819516599178,0.34341704845428467,0.540135383605957,-0.01792849227786064,0.3490371108055115,0.5018479228019714,-0.03742765262722969,0.36028748750686646,0.5538841485977173,-0.026725104078650475,0.3665497601032257,0.5862407684326172,-0.011513778939843178,a
0.39680808782577515,0.719261646270752,-3.9936125517670007e-07,0.45723918080329895,0.6679357886314392,-0.022185182198882103,0.49803176522254944,0.5705099701881409,-0.02923719584941864,0.5154473185539246,0.48943012952804565,-0.03603916987776756,0.528006911277771,0.4233527183532715,-0.039476312696933746,0.4703775942325592,0.5075604915618896,-0.008373739197850227,0.47722822427749634,0.46256110072135925,-0.04016992077231407,0.4649951756000519,0.5341850519180298,-0.056811362504959106,0.45667582750320435,0.5885877013206482,-0.06101135537028313,0.4258420169353485,0.5073308944702148,-0.007158488966524601,0.43265870213508606,0.4606438875198364,-0.04078669846057892,0.4259832501411438,0.5451776385307312,-0.04587939381599426,0.42291656136512756,0.6031799912452698,-0.03915424644947052,0.38371163606643677,0.5177317261695862,-0.011457373388111591,0.38820144534111023,0.4732855558395386,-0.043345168232917786,0.39241987466812134,0.5509500503540039,-0.033458128571510315,0.39580297470092773,0.6026537418365479,-0.016128327697515488,0.34337931871414185,0.5354436039924622,-0.01760784350335598,0.34812131524086,0.4962709844112396,-0.03742355853319168,0.3598480224609375,0.5459898710250854,-0.027950087562203407,0.366671085357666,0.5804716348648071,-0.013413505628705025,a
0.39611464738845825,0.7137949466705322,-4.162035907029349e-07,0.4579075872898102,0.6639057397842407,-0.023211415857076645,0.49983465671539307,0.5676494240760803,-0.030229387804865837,0.5155752301216125,0.4856843054294586,-0.03651177138090134,0.526192307472229,0.41888684034347534,-0.039467696100473404,0.4710847735404968,0.5034159421920776,-0.009257989004254341,0.4766632616519928,0.4598926901817322,-0.040832702070474625,0.46241462230682373,0.5310242772102356,-0.05753491818904877,0.4531203806400299,0.5853092074394226,-0.062072958797216415,0.4265671968460083,0.5032253265380859,-0.007391194812953472,0.43219396471977234,0.45796215534210205,-0.04113411158323288,0.42445099353790283,0.5421717762947083,-0.04620443284511566,0.42130592465400696,0.6004700064659119,-0.039495985954999924,0.3848838210105896,0.5137895345687866,-0.01106697041541338,0.38783466815948486,0.4708375334739685,-0.043241169303655624,0.3916652798652649,0.548244297504425,-0.03331737220287323,0.39529934525489807,0.598935604095459,-0.01601853221654892,0.34473246335983276,0.5323436260223389,-0.016611265018582344,0.3483874797821045,0.49520570039749146,-0.03715328127145767,0.3598543703556061,0.5463168621063232,-0.027894457802176476,0.36734840273857117,0.5797238349914551,-0.013448641635477543,a
0.39658305048942566,0.7131642699241638,-4.058925640038069e-07,0.4566052556037903,0.6655309796333313,-0.024814268574118614,0.4982343316078186,0.5675051808357239,-0.03238849714398384,0.5138998031616211,0.4839770495891571,-0.038968276232481,0.525524377822876,0.4163524806499481,-0.04202083498239517,0.4706258773803711,0.5006959438323975,-0.008925819769501686,0.47659146785736084,0.45867109298706055,-0.04161868244409561,0.4632425010204315,0.5297902226448059,-0.05906696990132332,0.4539225697517395,0.5840611457824707,-0.06389931589365005,0.4263075590133667,0.4997010827064514,-0.006556366104632616,0.4322308599948883,0.4555979073047638,-0.04117331653833389,0.42487674951553345,0.5405827164649963,-0.04675032198429108,0.42143115401268005,0.598585844039917,-0.04010174050927162,0.3845987021923065,0.5097600817680359,-0.01011057198047638,0.3877314031124115,0.4682794511318207,-0.04360823333263397,0.39192283153533936,0.5469529032707214,-0.0340048149228096,0.3953389525413513,0.5974004864692688,-0.016483508050441742,0.34439074993133545,0.5281301140785217,-0.015684058889746666,0.34883755445480347,0.4929022192955017,-0.03752398490905762,0.3605274558067322,0.5451265573501587,-0.028879111632704735,0.3676031231880188,0.5782473087310791,-0.014519966207444668,a
0.3961033523082733,0.7131487727165222,-4.144238516801124e-07,0.45617377758026123,0.6652981638908386,-0.024438880383968353,0.49820902943611145,0.5671778321266174,-0.03183203935623169,0.5150582194328308,0.4838743805885315,-0.03832637146115303,0.5262408256530762,0.4160460829734802,-0.041465554386377335,0.4707888066768646,0.5001817941665649,-0.00881163403391838,0.47662919759750366,0.4589254856109619,-0.040987227112054825,0.46319931745529175,0.5297741889953613,-0.058411482721567154,0.45332738757133484,0.5838918089866638,-0.06335596740245819,0.4266943037509918,0.49911054968833923,-0.00659245764836669,0.43211251497268677,0.45545369386672974,-0.04063788056373596,0.42513707280158997,0.5399916172027588,-0.04624485224485397,0.42145639657974243,0.5981830954551697,-0.03978988528251648,0.3850350081920624,0.5093640685081482,-0.010202763602137566,0.3878553807735443,0.4684673547744751,-0.04305679351091385,0.3922804892063141,0.5469900369644165,-0.033472202718257904,0.3954416811466217,0.5977324843406677,-0.016163602471351624,0.34471946954727173,0.5280237793922424,-0.015817342326045036,0.34917300939559937,0.4930531978607178,-0.03717680275440216,0.36072954535484314,0.5450915098190308,-0.028316687792539597,0.3674169182777405,0.5781763195991516,-0.01393918413668871,a
0.3964995741844177,0.7122009992599487,-4.1616755197537714e-07,0.4569466710090637,0.6645079851150513,-0.02416723407804966,0.49856269359588623,0.5678104162216187,-0.031710315495729446,0.5133898854255676,0.4844811260700226,-0.03834446892142296,0.5228208303451538,0.4157017469406128,-0.041574232280254364,0.4714936316013336,0.5026388168334961,-0.010275770910084248,0.4762040376663208,0.45777320861816406,-0.043154411017894745,0.46292248368263245,0.5284782648086548,-0.06030060723423958,0.4540365934371948,0.5830054879188538,-0.06476236879825592,0.4270893335342407,0.5020837783813477,-0.008249021135270596,0.43226128816604614,0.45541834831237793,-0.042590513825416565,0.42486241459846497,0.5402517318725586,-0.047644950449466705,0.4217357039451599,0.5979700684547424,-0.04083535075187683,0.38527703285217285,0.5123234391212463,-0.011952337808907032,0.38830137252807617,0.4670436382293701,-0.0449790321290493,0.39219340682029724,0.5459914207458496,-0.03466683626174927,0.3956255614757538,0.5967260003089905,-0.016890618950128555,0.3449263274669647,0.5308442711830139,-0.017616556957364082,0.34814465045928955,0.49214422702789307,-0.03884034976363182,0.35980749130249023,0.5431448817253113,-0.029614875093102455,0.367247074842453,0.5762531161308289,-0.015037058852612972,a
0.39575451612472534,0.7111437320709229,-4.122536836348445e-07,0.4561668336391449,0.6627591848373413,-0.02338530123233795,0.4987215995788574,0.5658050775527954,-0.030345281586050987,0.5134792923927307,0.4828318953514099,-0.0366557240486145,0.522809624671936,0.4143809974193573,-0.03980541601777077,0.4714565873146057,0.5011090636253357,-0.008512269705533981,0.47665733098983765,0.4558691084384918,-0.04023657739162445,0.4632878601551056,0.5248414278030396,-0.057404324412345886,0.45442676544189453,0.57963627576828,-0.06219315156340599,0.4270925521850586,0.5015362501144409,-0.006735681556165218,0.43260571360588074,0.45407694578170776,-0.04076606407761574,0.4254482686519623,0.5379780530929565,-0.046815868467092514,0.4220617115497589,0.5973512530326843,-0.04074797406792641,0.385373055934906,0.5118666291236877,-0.010518080554902554,0.3888782858848572,0.46547114849090576,-0.04338957369327545,0.392703652381897,0.5439537167549133,-0.034090280532836914,0.3955044150352478,0.5967254638671875,-0.017001356929540634,0.3447195887565613,0.5302051901817322,-0.01617514155805111,0.34897157549858093,0.4902060031890869,-0.03793849050998688,0.3601141571998596,0.5419630408287048,-0.029285520315170288,0.3665473759174347,0.5771373510360718,-0.01503610797226429,a
0.39400312304496765,0.7136651277542114,-4.2350689000159036e-07,0.45470720529556274,0.6649059057235718,-0.02374914288520813,0.49734967947006226,0.5675695538520813,-0.03070121817290783,0.5126842260360718,0.4846387505531311,-0.037086401134729385,0.5214217305183411,0.41570961475372314,-0.040068116039037704,0.4698715806007385,0.5034399628639221,-0.008616146631538868,0.4757439196109772,0.45713144540786743,-0.04088554531335831,0.46203598380088806,0.5276226997375488,-0.05821340158581734,0.4528564512729645,0.5833425521850586,-0.06290809065103531,0.425607830286026,0.5028412342071533,-0.0067395116202533245,0.431908518075943,0.45549386739730835,-0.040972355753183365,0.42457935214042664,0.5392596125602722,-0.04701187089085579,0.42091405391693115,0.5988191366195679,-0.04099550098180771,0.383734792470932,0.5123245120048523,-0.0106203006580472,0.38811782002449036,0.46487945318222046,-0.04303209111094475,0.3918948769569397,0.5424526929855347,-0.033862508833408356,0.39468881487846375,0.595763087272644,-0.017074385657906532,0.3429325222969055,0.5298668742179871,-0.016568345949053764,0.34753960371017456,0.4901276230812073,-0.038040634244680405,0.3594019114971161,0.540518581867218,-0.03010927513241768,0.36657124757766724,0.5761444568634033,-0.016509177163243294,a
0.39199739694595337,0.714293897151947,-4.3808717009596876e-07,0.4536045491695404,0.6683714389801025,-0.024102067574858665,0.49799346923828125,0.5699288249015808,-0.030590802431106567,0.5131164789199829,0.4853678345680237,-0.03633594885468483,0.5212602615356445,0.4152367115020752,-0.03851230815052986,0.4706363081932068,0.5043725371360779,-0.0081519465893507,0.4769226610660553,0.4563522934913635,-0.04013005271553993,0.46279552578926086,0.5269603133201599,-0.056875672191381454,0.4536585807800293,0.5823870301246643,-0.061246830970048904,0.42675262689590454,0.5032668709754944,-0.006010330282151699,0.4322032928466797,0.45458388328552246,-0.04050693288445473,0.42461711168289185,0.5388694405555725,-0.046246640384197235,0.42144379019737244,0.5984050035476685,-0.03972761705517769,0.38532617688179016,0.5123074054718018,-0.00970489252358675,0.3881094455718994,0.4649108648300171,-0.04231969267129898,0.39194145798683167,0.5442668795585632,-0.03244489058852196,0.3956458568572998,0.5975077748298645,-0.015025228261947632,0.34503164887428284,0.5294183492660522,-0.015517394989728928,0.34849807620048523,0.49117735028266907,-0.03694681450724602,0.3592621088027954,0.5430734157562256,-0.02860981598496437,0.3666079044342041,0.5775600075721741,-0.014678909443318844,a
0.38914352655410767,0.7188252210617065,-4.369435657736176e-07,0.4511799216270447,0.6705266237258911,-0.023502428084611893,0.4949021637439728,0.5711555480957031,-0.029675910249352455,0.5101312398910522,0.48814696073532104,-0.03543563932180405,0.5192923545837402,0.4186120629310608,-0.03767881914973259,0.4669293463230133,0.5055475831031799,-0.006618649698793888,0.47406139969825745,0.45839422941207886,-0.038823727518320084,0.4605989158153534,0.5294438004493713,-0.056413378566503525,0.4513263404369354,0.5853853225708008,-0.06124410778284073,0.4229747951030731,0.5049958229064941,-0.004778262227773666,0.430135577917099,0.4580744802951813,-0.039541568607091904,0.4228828251361847,0.5427650213241577,-0.045936569571495056,0.41900914907455444,0.6029860973358154,-0.039793796837329865,0.38172799348831177,0.5147777199745178,-0.008818953298032284,0.3866913616657257,0.4665687680244446,-0.04132034257054329,0.39025014638900757,0.5453386902809143,-0.031900063157081604,0.3929511606693268,0.5992554426193237,-0.014736606739461422,0.34201157093048096,0.533048152923584,-0.015010453760623932,0.34808361530303955,0.493280827999115,-0.03645152971148491,0.3582502007484436,0.545142650604248,-0.028300056234002113,0.3639138638973236,0.5815249085426331,-0.014442823827266693,a
0.3873821496963501,0.7169128656387329,-4.516363105722121e-07,0.45068037509918213,0.6683547496795654,-0.023606223985552788,0.49474939703941345,0.5744435787200928,-0.030675401911139488,0.5094541907310486,0.49118417501449585,-0.03735237196087837,0.5183488130569458,0.42149263620376587,-0.04069375991821289,0.4686146378517151,0.5055550336837769,-0.0068008978851139545,0.4732893407344818,0.46009522676467896,-0.040448810905218124,0.45976462960243225,0.5313444137573242,-0.05922122672200203,0.4506443440914154,0.5882315039634705,-0.0645148828625679,0.4248000383377075,0.5040779709815979,-0.004890284035354853,0.4299575686454773,0.45967715978622437,-0.04029329493641853,0.4219023287296295,0.54459547996521,-0.04702506959438324,0.4178662896156311,0.6049495339393616,-0.04116250202059746,0.38370564579963684,0.512976884841919,-0.008904886431992054,0.3867042064666748,0.4669688940048218,-0.04250739887356758,0.389357328414917,0.5474174618721008,-0.03309696167707443,0.39226359128952026,0.6020845174789429,-0.015746422111988068,0.34365326166152954,0.5311081409454346,-0.014992023818194866,0.3469892740249634,0.4928334057331085,-0.03747064247727394,0.35705405473709106,0.5469063520431519,-0.029363643378019333,0.363895058631897,0.5838372111320496,-0.015240260399878025,a
0.3867044150829315,0.7225104570388794,-4.4642706598096993e-07,0.44871658086776733,0.674262285232544,-0.02241884358227253,0.4927067160606384,0.5771331191062927,-0.02854199893772602,0.5078241229057312,0.4937688708305359,-0.034615132957696915,0.5172771215438843,0.42393943667411804,-0.03739641606807709,0.4663756489753723,0.5091922879219055,-0.004978666547685862,0.4726177752017975,0.4636375904083252,-0.03787356615066528,0.45927995443344116,0.5342113971710205,-0.05643397569656372,0.4498969316482544,0.5916476249694824,-0.06150345131754875,0.422253280878067,0.507834255695343,-0.003407226875424385,0.4290459454059601,0.4624883830547333,-0.038051292300224304,0.4212462604045868,0.5461601614952087,-0.04513384774327278,0.41658154129981995,0.6072762608528137,-0.03959076479077339,0.38090476393699646,0.5165583491325378,-0.007731997407972813,0.3857840895652771,0.46962907910346985,-0.04057159647345543,0.38910481333732605,0.5479525923728943,-0.03244581073522568,0.3915391266345978,0.6038805842399597,-0.016004707664251328,0.34070104360580444,0.5340867638587952,-0.014064908027648926,0.3459705114364624,0.4921344518661499,-0.03637884557247162,0.3567749559879303,0.5441107749938965,-0.029317723587155342,0.3632792830467224,0.5830736756324768,-0.01595483347773552,a
0.3859514594078064,0.7228842973709106,-4.6957725885476975e-07,0.44754689931869507,0.6779115796089172,-0.023823926225304604,0.4926025867462158,0.5800619125366211,-0.03024940751492977,0.5091977715492249,0.4955485463142395,-0.03609752282500267,0.5187845826148987,0.4260160028934479,-0.038357436656951904,0.46822434663772583,0.5114963054656982,-0.006947814952582121,0.4725596606731415,0.46586933732032776,-0.03990096226334572,0.45719897747039795,0.5380231142044067,-0.05759282410144806,0.4474981427192688,0.5937733054161072,-0.06224307045340538,0.4241181015968323,0.5093429684638977,-0.004833228886127472,0.4287225008010864,0.4640315771102905,-0.04012349620461464,0.419854998588562,0.5487654209136963,-0.04601704701781273,0.41596081852912903,0.608458936214447,-0.03934980928897858,0.3827381730079651,0.5173090100288391,-0.008736119605600834,0.3853932023048401,0.4732455909252167,-0.042311541736125946,0.38769370317459106,0.5535297989845276,-0.03257612884044647,0.390853613615036,0.6068972945213318,-0.014916888438165188,0.3425772786140442,0.5338338017463684,-0.014710632152855396,0.3472718298435211,0.49558794498443604,-0.036885734647512436,0.3555539548397064,0.5507765412330627,-0.028528409078717232,0.36164411902427673,0.5874567031860352,-0.014263492077589035,a
0.38592782616615295,0.7225161790847778,-4.580963377520675e-07,0.44785985350608826,0.677832841873169,-0.02269502729177475,0.4933483600616455,0.5802930593490601,-0.028587646782398224,0.5095287561416626,0.49644482135772705,-0.034060072153806686,0.518440842628479,0.4268319308757782,-0.036095231771469116,0.46705740690231323,0.51217120885849,-0.007153554353863001,0.4732557535171509,0.4657917618751526,-0.03918037191033363,0.45729678869247437,0.5373721122741699,-0.05625275522470474,0.4474141597747803,0.5931630730628967,-0.060683880001306534,0.4230734407901764,0.5100146532058716,-0.005535092670470476,0.4299573004245758,0.4640519618988037,-0.04019998386502266,0.42011353373527527,0.5482313632965088,-0.0460149310529232,0.41539227962493896,0.6088199019432068,-0.03941650316119194,0.3818654716014862,0.5177780389785767,-0.009640098549425602,0.3860631585121155,0.47299879789352417,-0.04234529286623001,0.3879735767841339,0.5526127815246582,-0.0328231081366539,0.39065849781036377,0.6068686246871948,-0.015515774488449097,0.3418772518634796,0.5340497493743896,-0.0157229732722044,0.34689056873321533,0.4946705102920532,-0.037412770092487335,0.35578688979148865,0.5489588379859924,-0.029144199565052986,0.3620520234107971,0.5864657163619995,-0.015091070905327797,a
0.3830220103263855,0.7262280583381653,-4.628540466455888e-07,0.4448757767677307,0.6806778907775879,-0.023123539984226227,0.49072766304016113,0.5826990008354187,-0.02927234210073948,0.5080294609069824,0.4991990923881531,-0.03501874580979347,0.5164697170257568,0.4291456341743469,-0.037348415702581406,0.46523237228393555,0.5131887197494507,-0.0061659072525799274,0.47194603085517883,0.4691832959651947,-0.038450539112091064,0.4563901424407959,0.5414825081825256,-0.05620970204472542,0.4459753930568695,0.5980613231658936,-0.060973431915044785,0.4215601682662964,0.5108559727668762,-0.0043748486787080765,0.4290424883365631,0.46660348773002625,-0.03886069729924202,0.4195636808872223,0.5516403317451477,-0.045057326555252075,0.4145074188709259,0.6130159497261047,-0.03869718685746193,0.38040077686309814,0.5187122225761414,-0.008427329361438751,0.3861630856990814,0.4743894338607788,-0.041230298578739166,0.38774996995925903,0.5551562905311584,-0.03188168257474899,0.3893111050128937,0.6107504367828369,-0.014532074332237244,0.34033501148223877,0.5352044701576233,-0.014533031731843948,0.3464065492153168,0.4967150390148163,-0.036553025245666504,0.3546820878982544,0.5517877340316772,-0.028343092650175095,0.35948774218559265,0.5899741053581238,-0.01411160733550787,a
0.383815735578537,0.729141116142273,-4.531817410224903e-07,0.4459490180015564,0.682601273059845,-0.022406769916415215,0.49165773391723633,0.5862752795219421,-0.028322450816631317,0.5076979994773865,0.5027062296867371,-0.03402995690703392,0.51532381772995,0.4321061372756958,-0.036524686962366104,0.46633172035217285,0.51816725730896,-0.005697006359696388,0.47137966752052307,0.47250139713287354,-0.0386127270758152,0.4563317894935608,0.5422526001930237,-0.05686401203274727,0.4467833936214447,0.5988039970397949,-0.06172313541173935,0.4220221936702728,0.515438437461853,-0.004214833024889231,0.4287566840648651,0.4698943495750427,-0.03928259015083313,0.4191399812698364,0.553114116191864,-0.046199068427085876,0.41431334614753723,0.6144669055938721,-0.040278464555740356,0.3805563449859619,0.522196352481842,-0.008538414724171162,0.38542693853378296,0.47682732343673706,-0.04195508360862732,0.386759877204895,0.55638188123703,-0.033364683389663696,0.3888022303581238,0.6120633482933044,-0.016376972198486328,0.34031325578689575,0.5375398993492126,-0.014821809716522694,0.34575676918029785,0.49721720814704895,-0.037297315895557404,0.3535308539867401,0.552247941493988,-0.029485737904906273,0.3584887981414795,0.5914474725723267,-0.015432680957019329,a
0.3836403787136078,0.7289475202560425,-4.363020025266451e-07,0.4462318420410156,0.6823776960372925,-0.022531479597091675,0.4921296238899231,0.5867100358009338,-0.02848833240568638,0.507773756980896,0.5032265186309814,-0.033981889486312866,0.5158151388168335,0.43342137336730957,-0.03633700683712959,0.46585461497306824,0.5201863050460815,-0.00665931636467576,0.4713957607746124,0.4734700322151184,-0.039041969925165176,0.45713743567466736,0.5424803495407104,-0.05697418749332428,0.44808897376060486,0.5985243916511536,-0.0618295781314373,0.4216221868991852,0.517490565776825,-0.005169808864593506,0.42829933762550354,0.4691084623336792,-0.03953384980559349,0.41958561539649963,0.5514401793479919,-0.04614412039518356,0.41526180505752563,0.6122985482215881,-0.04022854566574097,0.380252480506897,0.5244781970977783,-0.009329106658697128,0.38507306575775146,0.4784460961818695,-0.042400725185871124,0.3871593475341797,0.557854413986206,-0.03335362672805786,0.38925638794898987,0.6123794913291931,-0.01622527651488781,0.3398648202419281,0.5404446125030518,-0.015410405583679676,0.34602582454681396,0.4985857605934143,-0.03779030218720436,0.3541034460067749,0.5545474886894226,-0.029286781325936317,0.3586544990539551,0.5938245058059692,-0.014843552373349667,a
0.3816821873188019,0.7294875383377075,-4.4500657736534777e-07,0.4447490870952606,0.6838822960853577,-0.02291509136557579,0.4917292892932892,0.5887637734413147,-0.02893088385462761,0.5078116059303284,0.5053120255470276,-0.03441426530480385,0.5148192048072815,0.4349069893360138,-0.036680251359939575,0.46564772725105286,0.5215203166007996,-0.0069413939490914345,0.47198691964149475,0.47434279322624207,-0.03934312239289284,0.4565134048461914,0.5442870259284973,-0.05731528252363205,0.4467247426509857,0.6016516089439392,-0.062073830515146255,0.4212763011455536,0.5186510682106018,-0.005089605692774057,0.4284958243370056,0.4707790017127991,-0.03978617116808891,0.41877827048301697,0.5541807413101196,-0.04656799137592316,0.4138419032096863,0.6162701845169067,-0.040575914084911346,0.37970849871635437,0.5253075957298279,-0.008880309760570526,0.38480499386787415,0.47973623871803284,-0.04203033447265625,0.3862178921699524,0.5596665143966675,-0.03326631337404251,0.3880907893180847,0.6157047152519226,-0.016174504533410072,0.33924806118011475,0.5405242443084717,-0.014620772562921047,0.3454282879829407,0.4995923340320587,-0.03708426281809807,0.35321590304374695,0.5553348064422607,-0.028900906443595886,0.3576990067958832,0.5954011082649231,-0.01455987524241209,a
0.3816450536251068,0.7280476093292236,-4.486823570459819e-07,0.44399771094322205,0.6847518682479858,-0.02374904416501522,0.49165892601013184,0.590031087398529,-0.029867149889469147,0.5086944103240967,0.5060529112815857,-0.03538575395941734,0.5158003568649292,0.43522000312805176,-0.03754085302352905,0.46637099981307983,0.5200706720352173,-0.00632468331605196,0.4719437062740326,0.47474294900894165,-0.03884343430399895,0.4554622769355774,0.5448620319366455,-0.05663229897618294,0.4455932080745697,0.601076066493988,-0.06135186925530434,0.42241525650024414,0.5164600610733032,-0.004062662832438946,0.4284548759460449,0.4713422358036041,-0.03933180496096611,0.4183156192302704,0.554339587688446,-0.04617731273174286,0.41387149691581726,0.6152045130729675,-0.04006824642419815,0.3811492621898651,0.5227073431015015,-0.007651964668184519,0.38462838530540466,0.47982853651046753,-0.041549134999513626,0.3858882784843445,0.5602341890335083,-0.03282574564218521,0.388418048620224,0.6151341795921326,-0.015591439791023731,0.34091517329216003,0.5376341342926025,-0.01324530504643917,0.34524357318878174,0.499653160572052,-0.03612588718533516,0.3527153730392456,0.5558533072471619,-0.02828420326113701,0.3581302762031555,0.594415545463562,-0.014092649333178997,a
0.37978583574295044,0.7297815084457397,-4.4717836544805323e-07,0.44197651743888855,0.6878259181976318,-0.02352147176861763,0.4903517961502075,0.5919453501701355,-0.02915859781205654,0.508730411529541,0.508312463760376,-0.03414075821638107,0.5140573382377625,0.43670201301574707,-0.035637978464365005,0.4646017849445343,0.5219289064407349,-0.0059335785917937756,0.4716920554637909,0.47469988465309143,-0.037815261632204056,0.4563184380531311,0.545089066028595,-0.05514153093099594,0.446703165769577,0.6017268896102905,-0.05951077491044998,0.4213077127933502,0.5184104442596436,-0.0036359073128551245,0.4275073707103729,0.47155141830444336,-0.0378866009414196,0.41840049624443054,0.555402934551239,-0.04413735121488571,0.414171040058136,0.6159766316413879,-0.03774771839380264,0.38013339042663574,0.5248920321464539,-0.0071655865758657455,0.3846808075904846,0.4795360267162323,-0.04012322053313255,0.38645246624946594,0.5612072348594666,-0.030669139698147774,0.3885698914527893,0.6163622140884399,-0.013154498301446438,0.3401263654232025,0.5401798486709595,-0.012767602689564228,0.34596142172813416,0.5012264251708984,-0.03529782220721245,0.35347312688827515,0.5580702424049377,-0.027112316340208054,0.35810431838035583,0.5968464612960815,-0.012765252031385899,a
0.38013190031051636,0.7321827411651611,-4.410948406530224e-07,0.44186046719551086,0.6885040998458862,-0.02337433584034443,0.4898146390914917,0.593863308429718,-0.029450062662363052,0.5078383684158325,0.5102654695510864,-0.03518533706665039,0.5121514201164246,0.4376920759677887,-0.03752836957573891,0.463361918926239,0.5234116911888123,-0.005486674606800079,0.4706411361694336,0.4741190969944,-0.0382804274559021,0.45577821135520935,0.544101893901825,-0.05655248090624809,0.446333646774292,0.6015462875366211,-0.0613265335559845,0.4202005863189697,0.5205624103546143,-0.0035232610534876585,0.4277671277523041,0.47328877449035645,-0.03874089568853378,0.4184753894805908,0.5569170117378235,-0.046018876135349274,0.4134487509727478,0.618313193321228,-0.04015913978219032,0.3792838752269745,0.5269497036933899,-0.007457351312041283,0.38498878479003906,0.48006176948547363,-0.04092932119965553,0.38644158840179443,0.5606229901313782,-0.03228653967380524,0.38792744278907776,0.61662757396698,-0.015097811818122864,0.3394360840320587,0.542039155960083,-0.013471083715558052,0.34582188725471497,0.5005829334259033,-0.036093004047870636,0.35321202874183655,0.5561940670013428,-0.02820936031639576,0.3571314513683319,0.5958487391471863,-0.013982979580760002,a
0.3779132664203644,0.7322895526885986,-4.4139588339930924e-07,0.44053876399993896,0.6874827742576599,-0.02376498095691204,0.48936039209365845,0.5949527025222778,-0.030086377635598183,0.5077049732208252,0.5111562013626099,-0.03605538606643677,0.511160671710968,0.43840423226356506,-0.038679998368024826,0.4613921642303467,0.5237492322921753,-0.005377049092203379,0.46996650099754333,0.47473394870758057,-0.03805837035179138,0.4551716446876526,0.5447369813919067,-0.0564640611410141,0.44545143842697144,0.6023006439208984,-0.06132722273468971,0.4185827672481537,0.5209511518478394,-0.0031288990285247564,0.42643630504608154,0.47354573011398315,-0.038333289325237274,0.4177815020084381,0.5569248795509338,-0.04606814309954643,0.41296011209487915,0.6189336776733398,-0.040543172508478165,0.37808170914649963,0.5274476408958435,-0.006753559224307537,0.3840188682079315,0.4806935787200928,-0.04023857042193413,0.3858751654624939,0.5615904927253723,-0.03210736811161041,0.3873792886734009,0.6187026500701904,-0.01522547472268343,0.33844879269599915,0.5426332354545593,-0.012463578023016453,0.3441926836967468,0.5012199282646179,-0.03501713648438454,0.35213565826416016,0.5563896298408508,-0.027426637709140778,0.3563518822193146,0.5966477394104004,-0.013379485346376896,a
0.3769010305404663,0.7328060865402222,-4.51235933951466e-07,0.43987804651260376,0.6887035965919495,-0.023206571117043495,0.4888371527194977,0.5972310304641724,-0.029521632939577103,0.5075340867042542,0.5143852233886719,-0.035584717988967896,0.5098574757575989,0.4412180185317993,-0.038332391530275345,0.4626845121383667,0.5229271054267883,-0.004691561684012413,0.4684405028820038,0.4765446186065674,-0.03746950998902321,0.45344483852386475,0.5465697050094604,-0.056620366871356964,0.44377365708351135,0.6042754054069519,-0.062055498361587524,0.4192861020565033,0.5196163058280945,-0.002753201872110367,0.4249255061149597,0.475275456905365,-0.03789395093917847,0.4157750904560089,0.5578492879867554,-0.046120546758174896,0.4113474190235138,0.6200485229492188,-0.04099678620696068,0.37849998474121094,0.5261563658714294,-0.00667207408696413,0.3826393187046051,0.4822440445423126,-0.03939666226506233,0.3840771019458771,0.5613400340080261,-0.031644243746995926,0.38645148277282715,0.6178751587867737,-0.015307396650314331,0.33927008509635925,0.5420441031455994,-0.012739172205328941,0.34358471632003784,0.5043309330940247,-0.0348457433283329,0.3512747883796692,0.5587206482887268,-0.027719054371118546,0.3566589951515198,0.5983051657676697,-0.014093570411205292,a
0.3773157596588135,0.730680525302887,-4.6021810362617543e-07,0.4392564296722412,0.6900296807289124,-0.02476242370903492,0.4894816279411316,0.5982621312141418,-0.031343478709459305,0.5079734325408936,0.5140127539634705,-0.03744259104132652,0.5102254748344421,0.4404810965061188,-0.039852265268564224,0.46391355991363525,0.5237066745758057,-0.0057820952497422695,0.46755605936050415,0.47488442063331604,-0.04034966602921486,0.4521102011203766,0.5462557077407837,-0.05920520797371864,0.4438709020614624,0.6037285923957825,-0.06391197443008423,0.42068910598754883,0.5201491117477417,-0.0033139928709715605,0.4240257740020752,0.4757387936115265,-0.04113933444023132,0.4144115149974823,0.5604808926582336,-0.049006953835487366,0.41113412380218506,0.6215952038764954,-0.04272846132516861,0.38006943464279175,0.5257184505462646,-0.007106022443622351,0.3818581998348236,0.4834813177585602,-0.04285729303956032,0.3828829228878021,0.565592885017395,-0.03453703597187996,0.38609442114830017,0.6209226846694946,-0.0168784037232399,0.3404912054538727,0.5398270487785339,-0.013049137778580189,0.34275370836257935,0.5043876767158508,-0.036908093839883804,0.35034021735191345,0.5615622401237488,-0.02982378751039505,0.3571547865867615,0.600319504737854,-0.015701215714216232,a
0.37710410356521606,0.7324073910713196,-4.5423101369124197e-07,0.4377506971359253,0.693020224571228,-0.02558886632323265,0.4875847101211548,0.59902423620224,-0.03229796886444092,0.5076380968093872,0.5139504671096802,-0.03828578442335129,0.5095887780189514,0.43882620334625244,-0.04041309654712677,0.462338924407959,0.5230773091316223,-0.0059887077659368515,0.4677734971046448,0.4752196669578552,-0.04096148908138275,0.4518781006336212,0.5473200678825378,-0.060061976313591,0.44282713532447815,0.604581356048584,-0.06494758278131485,0.41947299242019653,0.5188878178596497,-0.0031486807856708765,0.42366012930870056,0.47466421127319336,-0.04122977331280708,0.41386717557907104,0.5607906579971313,-0.04885224252939224,0.41052794456481934,0.6218341588973999,-0.04238623008131981,0.3785833716392517,0.5245224237442017,-0.006747982930392027,0.38098666071891785,0.4810865521430969,-0.043128155171871185,0.3823661804199219,0.5650489926338196,-0.03458636626601219,0.3860054612159729,0.6209285855293274,-0.016740912571549416,0.3385489284992218,0.5390676856040955,-0.01259403396397829,0.34210991859436035,0.5058146715164185,-0.037795815616846085,0.350597083568573,0.5643429756164551,-0.03140100836753845,0.35829925537109375,0.6028058528900146,-0.017650887370109558,a
0.3768290579319,0.7315688729286194,-4.5852988250771887e-07,0.4378768503665924,0.6915156841278076,-0.025138746947050095,0.48780328035354614,0.5989062786102295,-0.03170948103070259,0.5081709623336792,0.5149762034416199,-0.037731803953647614,0.5085541009902954,0.4407113790512085,-0.04001307114958763,0.46254101395606995,0.5235016942024231,-0.005486063659191132,0.4675148129463196,0.47609174251556396,-0.04009002447128296,0.452140212059021,0.5476683974266052,-0.05940200388431549,0.44315287470817566,0.6048237681388855,-0.06453799456357956,0.41970565915107727,0.5194952487945557,-0.0028953724540770054,0.4234675467014313,0.47518211603164673,-0.04053352028131485,0.41437968611717224,0.5600908994674683,-0.04856237769126892,0.41099366545677185,0.6212547421455383,-0.042542219161987305,0.37888744473457336,0.5252665877342224,-0.006656058132648468,0.38128218054771423,0.4821626543998718,-0.04231550917029381,0.38300174474716187,0.5645133852958679,-0.03408372774720192,0.38623884320259094,0.6200212240219116,-0.016617437824606895,0.3391839265823364,0.5399512052536011,-0.012677202932536602,0.34240198135375977,0.5058302283287048,-0.037057388573884964,0.35068631172180176,0.5629543662071228,-0.030491702258586884,0.35781681537628174,0.6012551784515381,-0.016777729615569115,a
0.3783073425292969,0.73112952709198,-4.385373131299275e-07,0.4395439326763153,0.6898584365844727,-0.02498546615242958,0.48848092555999756,0.598820149898529,-0.031721632927656174,0.5077943801879883,0.51527339220047,-0.038004957139492035,0.5085480809211731,0.441539466381073,-0.04056582227349281,0.4610680639743805,0.5245283246040344,-0.005297636613249779,0.46685856580734253,0.47572043538093567,-0.04025181382894516,0.45279163122177124,0.5469405055046082,-0.05972398817539215,0.4442453980445862,0.6045081615447998,-0.0648142620921135,0.4184451699256897,0.5210307240486145,-0.002776146400719881,0.423196017742157,0.47532013058662415,-0.0404660589993,0.414816290140152,0.5601368546485901,-0.048669878393411636,0.41128262877464294,0.6209384202957153,-0.042814020067453384,0.37781989574432373,0.5269082188606262,-0.0066209412179887295,0.3807106018066406,0.48183152079582214,-0.042355116456747055,0.3828989863395691,0.5637955665588379,-0.034260377287864685,0.3857317864894867,0.6188920736312866,-0.016870183870196342,0.3379066586494446,0.5414608120918274,-0.012680688872933388,0.3411456346511841,0.5055139064788818,-0.03691232204437256,0.3503393828868866,0.5619354844093323,-0.030283238738775253,0.3573949635028839,0.6000601053237915,-0.01657748781144619,a
0.37697863578796387,0.7319818735122681,-4.3882940303774376e-07,0.43862953782081604,0.68993079662323,-0.025309976190328598,0.48704808950424194,0.5993276834487915,-0.03250613063573837,0.5075103044509888,0.5162529349327087,-0.03902681916952133,0.507703423500061,0.4422405958175659,-0.0420025996863842,0.46074751019477844,0.5252470374107361,-0.007325868587940931,0.4674626588821411,0.47850295901298523,-0.04152192175388336,0.4524887204170227,0.5498817563056946,-0.06094053387641907,0.44275957345962524,0.60701584815979,-0.06642613559961319,0.41806912422180176,0.5213183164596558,-0.0046908073127269745,0.42418962717056274,0.47648581862449646,-0.041058577597141266,0.41488194465637207,0.5602647066116333,-0.04893536865711212,0.4102424085140228,0.6211119294166565,-0.04345913603901863,0.3770619034767151,0.5273979306221008,-0.008204314857721329,0.3814016580581665,0.4821285605430603,-0.04246988520026207,0.3829346299171448,0.5622838735580444,-0.034292273223400116,0.38484546542167664,0.6175135374069214,-0.017457913607358932,0.3369038701057434,0.5425546169281006,-0.013994214124977589,0.3412085771560669,0.5069544911384583,-0.037600547075271606,0.350337415933609,0.561861515045166,-0.030927123501896858,0.3568035364151001,0.5997318029403687,-0.017475873231887817,a
0.3786950409412384,0.7327780723571777,-4.4652279029833153e-07,0.4389888346195221,0.6919329166412354,-0.025998905301094055,0.4880748689174652,0.5999021530151367,-0.03302682936191559,0.5074658989906311,0.5156775116920471,-0.03911205381155014,0.5074325799942017,0.4419875741004944,-0.041335541754961014,0.461708128452301,0.5270956754684448,-0.008341632783412933,0.4675103425979614,0.4777226448059082,-0.04254336282610893,0.45149171352386475,0.5493956208229065,-0.06072705239057541,0.44251060485839844,0.6053863167762756,-0.06524749100208282,0.4189324676990509,0.5230821371078491,-0.0053314222022891045,0.4240413308143616,0.47701191902160645,-0.04233653470873833,0.413872629404068,0.5620277523994446,-0.04917091503739357,0.41004398465156555,0.6217823028564453,-0.04255972430109978,0.37806248664855957,0.528895914554596,-0.008569523692131042,0.380838543176651,0.4831501841545105,-0.04349689185619354,0.3822503387928009,0.5647237300872803,-0.03441470116376877,0.38517576456069946,0.6191698312759399,-0.01667814329266548,0.33798104524612427,0.5432538390159607,-0.014095989055931568,0.34082353115081787,0.5067782402038574,-0.03759478032588959,0.3498530387878418,0.5621364116668701,-0.030405698344111443,0.3571777939796448,0.5991060733795166,-0.016532782465219498,a
0.378523051738739,0.7310700416564941,-4.510336566454498e-07,0.43891608715057373,0.6908354759216309,-0.02608802355825901,0.4879874587059021,0.5988001227378845,-0.03311760723590851,0.5072367191314697,0.5143599510192871,-0.03922559693455696,0.5075046420097351,0.4404486417770386,-0.04149337112903595,0.46105584502220154,0.5248605608940125,-0.007593092042952776,0.4676249027252197,0.4766554832458496,-0.042084407061338425,0.4516533613204956,0.5485624074935913,-0.060636281967163086,0.44239649176597595,0.6048474907875061,-0.06539209932088852,0.4184403717517853,0.5206335783004761,-0.004576755687594414,0.4236714839935303,0.4760819673538208,-0.04220757260918617,0.41377419233322144,0.5621576309204102,-0.04933731257915497,0.4100293219089508,0.6222558617591858,-0.042653895914554596,0.37782394886016846,0.5264827609062195,-0.007881378754973412,0.3805299997329712,0.4826948046684265,-0.04347687214612961,0.38229915499687195,0.5651635527610779,-0.03444885089993477,0.3854258060455322,0.6192373037338257,-0.016494082286953926,0.33799034357070923,0.5410603284835815,-0.01345730759203434,0.3409854769706726,0.5066608786582947,-0.03756747394800186,0.3502359688282013,0.563708484172821,-0.030410220846533775,0.35781434178352356,0.6006479859352112,-0.01634296029806137,a
0.377375990152359,0.7327065467834473,-4.4818403921453864e-07,0.4372732937335968,0.6919574737548828,-0.02587784081697464,0.4864634871482849,0.5989165306091309,-0.03287006914615631,0.5078737735748291,0.5156098008155823,-0.03898558393120766,0.5076510906219482,0.4413660168647766,-0.0413377620279789,0.46129822731018066,0.525603175163269,-0.007887967862188816,0.46765077114105225,0.4777979850769043,-0.0419134795665741,0.4518383741378784,0.5490534901618958,-0.06054786965250969,0.4425908923149109,0.6045433878898621,-0.06557472795248032,0.4185068905353546,0.5208045840263367,-0.004964631982147694,0.42430561780929565,0.4772437810897827,-0.04187001660466194,0.41405272483825684,0.5622314810752869,-0.04903920367360115,0.40996283292770386,0.6221125721931458,-0.04275589436292648,0.3776535987854004,0.526303768157959,-0.00829265732318163,0.380987286567688,0.48202818632125854,-0.042883459478616714,0.3821702301502228,0.5633158087730408,-0.03401726111769676,0.3851141333580017,0.6178948283195496,-0.016626805067062378,0.337932825088501,0.5407750606536865,-0.013974289409816265,0.3415762186050415,0.507067084312439,-0.03790745511651039,0.35047221183776855,0.563348650932312,-0.031208164989948273,0.3580095171928406,0.6008169651031494,-0.01763683743774891,a
0.37786048650741577,0.7304526567459106,-4.4675118715531426e-07,0.43867480754852295,0.6899703741073608,-0.026603229343891144,0.48785680532455444,0.5989899635314941,-0.03407062590122223,0.5076955556869507,0.5147076845169067,-0.040598105639219284,0.5071300864219666,0.44011223316192627,-0.04321075975894928,0.4614917039871216,0.5238892436027527,-0.007493417710065842,0.4670408070087433,0.47707295417785645,-0.042852967977523804,0.45131659507751465,0.549195408821106,-0.06210453435778618,0.4424823522567749,0.604856014251709,-0.06723559647798538,0.4188547432422638,0.5194681882858276,-0.004455148708075285,0.4238760769367218,0.4758301377296448,-0.04303790628910065,0.4138778746128082,0.5619906187057495,-0.050727762281894684,0.4101260006427765,0.6219676733016968,-0.04426110163331032,0.37831223011016846,0.5252149105072021,-0.007894795387983322,0.3806937038898468,0.48247966170310974,-0.044292666018009186,0.38219720125198364,0.56498122215271,-0.03560012951493263,0.38547828793525696,0.6188107132911682,-0.017685001716017723,0.3385407328605652,0.5399940609931946,-0.013651312328875065,0.34098756313323975,0.5076457858085632,-0.03832240402698517,0.35000771284103394,0.5647536516189575,-0.031606633216142654,0.35800793766975403,0.601493775844574,-0.01772102154791355,a
0.37786829471588135,0.7308932542800903,-4.4030974777342635e-07,0.4383825361728668,0.6895160675048828,-0.02574170008301735,0.4872298836708069,0.5983151793479919,-0.03298546001315117,0.5075617432594299,0.5150961875915527,-0.039500292390584946,0.5071747303009033,0.4408980906009674,-0.0424419641494751,0.46046876907348633,0.5228146910667419,-0.00793667882680893,0.4673013687133789,0.47739455103874207,-0.04222803935408592,0.452605664730072,0.5489627122879028,-0.061258573085069656,0.44338497519493103,0.6050446629524231,-0.06646744161844254,0.4179176092147827,0.5188537836074829,-0.005138330161571503,0.4243524670600891,0.47689399123191833,-0.04177746921777725,0.41496261954307556,0.561592698097229,-0.04924636706709862,0.4100896418094635,0.6219412088394165,-0.04341224581003189,0.37729117274284363,0.5255958437919617,-0.008557192981243134,0.3808489441871643,0.48101097345352173,-0.04320274293422699,0.38301882147789,0.5619460940361023,-0.03491358831524849,0.3854183256626129,0.6177164912223816,-0.017949949949979782,0.33759206533432007,0.5417227745056152,-0.014256542548537254,0.34045374393463135,0.5062553286552429,-0.038621433079242706,0.35103869438171387,0.5608813166618347,-0.03242180496454239,0.3589573800563812,0.5989270210266113,-0.01913554221391678,a
0.37797921895980835,0.7304005026817322,-4.49200143748385e-07,0.4386965334415436,0.6902871131896973,-0.02575342170894146,0.4884023666381836,0.597977340221405,-0.032566990703344345,0.508217453956604,0.5141897797584534,-0.03836875036358833,0.5078901648521423,0.4407429099082947,-0.04031163454055786,0.4613936245441437,0.5248157978057861,-0.007606817875057459,0.4684596061706543,0.4769571125507355,-0.04136757180094719,0.4526226222515106,0.5483094453811646,-0.05928335338830948,0.4433491826057434,0.6032151579856873,-0.06384433805942535,0.41909387707710266,0.5208683013916016,-0.004785581491887569,0.4249807596206665,0.4751337766647339,-0.04171126335859299,0.41505590081214905,0.5607055425643921,-0.04840698465704918,0.41070082783699036,0.619781494140625,-0.04168008640408516,0.3784484267234802,0.5270159840583801,-0.00817876122891903,0.3815828859806061,0.4814315438270569,-0.04319087788462639,0.38322967290878296,0.5639887452125549,-0.03352312371134758,0.3855258822441101,0.6172162294387817,-0.015433472581207752,0.3384091854095459,0.5422117710113525,-0.01381618157029152,0.3418276309967041,0.5067825317382812,-0.037571247667074203,0.35063257813453674,0.5640568137168884,-0.02987693063914776,0.3573285937309265,0.6004363298416138,-0.015648093074560165,a
0.3778698742389679,0.731876015663147,-4.4235525820113253e-07,0.4380756616592407,0.6920769810676575,-0.026369934901595116,0.4873445928096771,0.5991371273994446,-0.03350235894322395,0.5074124336242676,0.5144454836845398,-0.03962934389710426,0.5070522427558899,0.43925273418426514,-0.04189378395676613,0.46084755659103394,0.5247923135757446,-0.007326831575483084,0.46750980615615845,0.47638654708862305,-0.04196668043732643,0.4521670639514923,0.5478699207305908,-0.06082994118332863,0.44316694140434265,0.6037219166755676,-0.06583020836114883,0.41841843724250793,0.5207830667495728,-0.004233408719301224,0.4240168035030365,0.475250780582428,-0.04187258332967758,0.4143291115760803,0.5613508820533752,-0.04928810894489288,0.41034168004989624,0.6213306188583374,-0.04293929040431976,0.37788206338882446,0.5268666744232178,-0.0075395735912024975,0.38097506761550903,0.48091909289360046,-0.04337608814239502,0.38262009620666504,0.5639529824256897,-0.034438539296388626,0.3853875994682312,0.61827552318573,-0.016611099243164062,0.33794233202934265,0.5418569445610046,-0.013142645359039307,0.3416520357131958,0.5073485374450684,-0.03788676857948303,0.3507634103298187,0.5650351643562317,-0.031078506261110306,0.35807004570961,0.6021678447723389,-0.017265653237700462,a
0.3780137002468109,0.7322977185249329,-4.498469365898927e-07,0.43827900290489197,0.6916134357452393,-0.025618162006139755,0.4873032867908478,0.5995840430259705,-0.03268430382013321,0.5074892044067383,0.5149013996124268,-0.03894427418708801,0.5067652463912964,0.4403100311756134,-0.04147132486104965,0.4611632823944092,0.5265781879425049,-0.00822511874139309,0.4677579700946808,0.4760378897190094,-0.04253204166889191,0.4524800181388855,0.5474957823753357,-0.060975316911935806,0.4435364902019501,0.6035655736923218,-0.06570848077535629,0.41848790645599365,0.5225957036018372,-0.005445519927889109,0.42417439818382263,0.47593316435813904,-0.04245065152645111,0.41463881731033325,0.561333954334259,-0.04949669539928436,0.41056540608406067,0.6212024688720703,-0.04313826188445091,0.37786373496055603,0.5284819602966309,-0.008854841813445091,0.3809259533882141,0.48175621032714844,-0.04371357709169388,0.38264018297195435,0.5637452602386475,-0.03459170460700989,0.3852880895137787,0.6182470321655273,-0.016917835921049118,0.33801791071891785,0.5430350303649902,-0.014515044167637825,0.34129178524017334,0.5061008334159851,-0.03807005658745766,0.3506261110305786,0.562038779258728,-0.030834486708045006,0.3578743636608124,0.5993260145187378,-0.01696624420583248,a
0.37808117270469666,0.7307583689689636,-4.4000077537020843e-07,0.4396764039993286,0.688542366027832,-0.024716215208172798,0.4880582094192505,0.5981370210647583,-0.03180135414004326,0.5067575573921204,0.5142384767532349,-0.03839380666613579,0.5061454176902771,0.44009244441986084,-0.041546545922756195,0.46024954319000244,0.5255908966064453,-0.006794922519475222,0.46724018454551697,0.476936936378479,-0.04127148166298866,0.4528381824493408,0.5470656156539917,-0.06060270965099335,0.44391268491744995,0.60396409034729,-0.06589843332767487,0.4175131320953369,0.522057056427002,-0.004417272750288248,0.4237596094608307,0.47614729404449463,-0.04142596572637558,0.4150574207305908,0.5601986050605774,-0.04955247417092323,0.4110911786556244,0.621281623840332,-0.04403150826692581,0.3771114945411682,0.5282015800476074,-0.008124402724206448,0.38103291392326355,0.48198285698890686,-0.043042849749326706,0.3832953870296478,0.5630089044570923,-0.03488074988126755,0.3858380913734436,0.6184602975845337,-0.017830034717917442,0.3375597894191742,0.5432032942771912,-0.013975605368614197,0.3408159017562866,0.5058678388595581,-0.0377487912774086,0.35042062401771545,0.5615260004997253,-0.030899619683623314,0.3574739396572113,0.5998004078865051,-0.0172624159604311,a
0.3777320981025696,0.7317716479301453,-4.3950953454441333e-07,0.43764007091522217,0.6904762387275696,-0.026006119325757027,0.4865891933441162,0.5985804200172424,-0.03307616338133812,0.5067845582962036,0.514342188835144,-0.039353735744953156,0.5057843923568726,0.4401897192001343,-0.04194161295890808,0.4598710536956787,0.5246363282203674,-0.007621075492352247,0.46730512380599976,0.47706738114356995,-0.04161866009235382,0.45252978801727295,0.5484225153923035,-0.06027807295322418,0.44321537017822266,0.6041451692581177,-0.06527215987443924,0.41761305928230286,0.520662784576416,-0.004627637565135956,0.42385709285736084,0.47632160782814026,-0.04141572117805481,0.4149804711341858,0.5611253380775452,-0.04891447350382805,0.41046133637428284,0.6213667988777161,-0.042980171740055084,0.37705129384994507,0.5268567800521851,-0.007869661785662174,0.3805450201034546,0.4814707636833191,-0.04276316240429878,0.38306915760040283,0.5631622076034546,-0.03436234965920448,0.3855254352092743,0.6189285516738892,-0.017162593081593513,0.337111234664917,0.5419442057609558,-0.013415229506790638,0.34064817428588867,0.505631148815155,-0.03758076950907707,0.3508097529411316,0.560494601726532,-0.031117307022213936,0.3580918312072754,0.5983453392982483,-0.01768033392727375,a
0.3778719902038574,0.732471227645874,-4.3965042095805984e-07,0.438198983669281,0.6901687383651733,-0.025448191910982132,0.4867075979709625,0.5985798239707947,-0.03277987614274025,0.5061198472976685,0.5141083598136902,-0.03934203460812569,0.5056426525115967,0.43964436650276184,-0.042404208332300186,0.4588625133037567,0.5267941355705261,-0.009054098278284073,0.46658167243003845,0.4768635630607605,-0.04300462454557419,0.4509902894496918,0.5473105907440186,-0.06142992526292801,0.4413471221923828,0.6036496162414551,-0.0662359818816185,0.41630420088768005,0.5233410596847534,-0.006257678382098675,0.42339709401130676,0.47703105211257935,-0.042536646127700806,0.4138760566711426,0.5615502595901489,-0.04953679069876671,0.4093894064426422,0.6222469806671143,-0.04351912438869476,0.3757663667201996,0.5297099351882935,-0.009474261663854122,0.38021302223205566,0.48153379559516907,-0.043588876724243164,0.3820899426937103,0.5627651214599609,-0.03457861766219139,0.3844358026981354,0.6187906861305237,-0.017274336889386177,0.33572882413864136,0.5446553826332092,-0.014918955974280834,0.3394518792629242,0.5055221319198608,-0.03819883242249489,0.34955400228500366,0.5600206255912781,-0.031046424061059952,0.35666462779045105,0.5982092618942261,-0.017384890466928482,a
0.3762304186820984,0.7320681214332581,-4.5420247829497384e-07,0.4369739592075348,0.6910753846168518,-0.026000944897532463,0.4857926666736603,0.5987100601196289,-0.033054549247026443,0.5054975748062134,0.5139066576957703,-0.03920627385377884,0.5045547485351562,0.4398827850818634,-0.041660696268081665,0.45836731791496277,0.5250084400177002,-0.007750807795673609,0.46677085757255554,0.47930610179901123,-0.041813600808382034,0.4512992799282074,0.5517158508300781,-0.060270797461271286,0.44139304757118225,0.6076732277870178,-0.065021812915802,0.4156995117664337,0.5208005309104919,-0.004537797532975674,0.42279335856437683,0.4774746596813202,-0.04115014150738716,0.41352319717407227,0.5634416341781616,-0.04802442342042923,0.4089771807193756,0.6237766742706299,-0.0416128896176815,0.37487122416496277,0.526520848274231,-0.007564953528344631,0.37975451350212097,0.48251330852508545,-0.042614731937646866,0.3818647265434265,0.5653964877128601,-0.03360391780734062,0.38394904136657715,0.621032178401947,-0.01583024300634861,0.33465123176574707,0.540951669216156,-0.012841939926147461,0.33940431475639343,0.5044069290161133,-0.03680543974041939,0.3485892117023468,0.5614151954650879,-0.029683969914913177,0.3546452820301056,0.5999724864959717,-0.015703348442912102,a
0.3763958811759949,0.7339513897895813,-4.490183869165776e-07,0.43599218130111694,0.6932399272918701,-0.026271698996424675,0.4849398732185364,0.6001027226448059,-0.03357784077525139,0.5046968460083008,0.5156722664833069,-0.03990798816084862,0.5039578676223755,0.4417751729488373,-0.042549751698970795,0.4580974578857422,0.5276036262512207,-0.009642373770475388,0.46593916416168213,0.48059985041618347,-0.04354952648282051,0.4497653543949127,0.5523101091384888,-0.0616777129471302,0.43974605202674866,0.6075789928436279,-0.06637965887784958,0.4154027998447418,0.5236325263977051,-0.006524135358631611,0.4220888018608093,0.4797319173812866,-0.04297488555312157,0.4123963713645935,0.5647943615913391,-0.04954947531223297,0.40792030096054077,0.624757707118988,-0.04319267347455025,0.3744931221008301,0.5293893814086914,-0.009573220275342464,0.37897974252700806,0.483848512172699,-0.04399114474654198,0.38096901774406433,0.5654411315917969,-0.03487330302596092,0.3832859396934509,0.6211481094360352,-0.01741763763129711,0.334189236164093,0.5434998869895935,-0.014947026036679745,0.3382379412651062,0.5061913132667542,-0.0384795144200325,0.3479796051979065,0.5613081455230713,-0.031534694135189056,0.3548220992088318,0.5994423627853394,-0.017970774322748184,a
0.3746946156024933,0.734272837638855,-4.482869258026767e-07,0.43465855717658997,0.692710816860199,-0.02550063282251358,0.48402658104896545,0.6004331707954407,-0.0324774906039238,0.5039935111999512,0.5163396596908569,-0.03867241367697716,0.5032296180725098,0.44277292490005493,-0.04128510132431984,0.45701757073402405,0.5258533358573914,-0.0077868299558758736,0.46505242586135864,0.48138949275016785,-0.041068919003009796,0.4493913948535919,0.5525478720664978,-0.05932213366031647,0.4393502473831177,0.6077605485916138,-0.06415501981973648,0.41436734795570374,0.5217916965484619,-0.004808001220226288,0.4215139150619507,0.48078763484954834,-0.0403735488653183,0.41175737977027893,0.5651388764381409,-0.04718828573822975,0.40671101212501526,0.6249594688415527,-0.04112081602215767,0.3736995458602905,0.5277442932128906,-0.007967459969222546,0.37874355912208557,0.4847317934036255,-0.04164031520485878,0.3804500997066498,0.5651121735572815,-0.03315168246626854,0.3822340667247772,0.62079918384552,-0.016206584870815277,0.33362388610839844,0.542597234249115,-0.01339118555188179,0.3379844129085541,0.5057408213615417,-0.03641578555107117,0.34747686982154846,0.5600623488426208,-0.02964269369840622,0.3538128435611725,0.5984655022621155,-0.016166560351848602,a
0.3750041723251343,0.7334113121032715,-4.464674248083611e-07,0.435271292924881,0.6911339163780212,-0.024966876953840256,0.4838753640651703,0.6000911593437195,-0.031856194138526917,0.5024746060371399,0.5171219110488892,-0.03824814781546593,0.5024766325950623,0.44433027505874634,-0.04102407023310661,0.4563474655151367,0.5228112936019897,-0.006245126947760582,0.4635859727859497,0.4800717830657959,-0.03980594500899315,0.448707640171051,0.5518795847892761,-0.058335378766059875,0.4392906725406647,0.6076590418815613,-0.06320963054895401,0.41374140977859497,0.5190948247909546,-0.0035902606323361397,0.42019858956336975,0.4809829592704773,-0.039641112089157104,0.41119539737701416,0.5654334425926208,-0.04680945724248886,0.4067873954772949,0.6254255175590515,-0.04075172543525696,0.37322425842285156,0.5258232355117798,-0.007171211298555136,0.3774655759334564,0.48636066913604736,-0.04133918508887291,0.37988418340682983,0.5666192173957825,-0.033281441777944565,0.3824896514415741,0.6221053600311279,-0.01637268252670765,0.3336077332496643,0.5418152809143066,-0.012960914522409439,0.33695340156555176,0.5063495635986328,-0.03616410493850708,0.3467760682106018,0.5602340698242188,-0.029552362859249115,0.35377413034439087,0.5982612371444702,-0.016011154279112816,a
0.37573114037513733,0.7307298183441162,-4.6070357484495617e-07,0.43592461943626404,0.6895995140075684,-0.025339199230074883,0.48510414361953735,0.5987361073493958,-0.03220852091908455,0.5036109089851379,0.5159763693809509,-0.03828304633498192,0.5027681589126587,0.44368189573287964,-0.04070544242858887,0.45813578367233276,0.5239884853363037,-0.007351200096309185,0.4642956256866455,0.48096781969070435,-0.040948536247015,0.4476306140422821,0.5522125959396362,-0.059348415583372116,0.43789005279541016,0.6078650951385498,-0.06427005678415298,0.415223091840744,0.5202475190162659,-0.004455799702554941,0.4204060137271881,0.48063355684280396,-0.040784403681755066,0.41029974818229675,0.5646237134933472,-0.04768168553709984,0.4061928987503052,0.6244134902954102,-0.04146524518728256,0.3745468556880951,0.5267884731292725,-0.007741657551378012,0.37731024622917175,0.48513227701187134,-0.0419638454914093,0.3791598379611969,0.5653284192085266,-0.0332467257976532,0.38228949904441833,0.6202176213264465,-0.01609504595398903,0.3349333703517914,0.5424089431762695,-0.01328333280980587,0.33755409717559814,0.5077972412109375,-0.0367911271750927,0.34675243496894836,0.5626232624053955,-0.030064718797802925,0.35413825511932373,0.6001014709472656,-0.016566378995776176,a
0.37522053718566895,0.732109785079956,-4.402815534376714e-07,0.43426328897476196,0.6919550895690918,-0.025508282706141472,0.48291847109794617,0.5994287729263306,-0.032400649040937424,0.5032581686973572,0.5159825086593628,-0.03858790546655655,0.502435028553009,0.4426463842391968,-0.04108476638793945,0.4563292860984802,0.5249208807945251,-0.0072044553235173225,0.4640275835990906,0.48154693841934204,-0.04126548394560814,0.4483814239501953,0.5530665516853333,-0.059706591069698334,0.43853893876075745,0.6084225177764893,-0.06442046910524368,0.4138076901435852,0.5204582810401917,-0.00439315102994442,0.42039385437965393,0.479893296957016,-0.04070241376757622,0.4105132222175598,0.5648853778839111,-0.04738900065422058,0.40579596161842346,0.6239615082740784,-0.040932536125183105,0.37291356921195984,0.52628093957901,-0.007892360910773277,0.3769969642162323,0.4839774966239929,-0.042259760200977325,0.37873131036758423,0.5652490854263306,-0.03327890858054161,0.3810226321220398,0.6197113394737244,-0.0158182755112648,0.3326925039291382,0.5409790873527527,-0.013669922947883606,0.3366074562072754,0.5064189434051514,-0.036919016391038895,0.3465825915336609,0.5609819293022156,-0.029854245483875275,0.35387805104255676,0.597542941570282,-0.016117200255393982,a
0.3762553036212921,0.7327932119369507,-4.4382582586877106e-07,0.4349960684776306,0.6921926140785217,-0.025730647146701813,0.48366594314575195,0.599019467830658,-0.03248363733291626,0.5035980343818665,0.5156142115592957,-0.03839191049337387,0.5017089247703552,0.44278714060783386,-0.04046940430998802,0.45678091049194336,0.5249749422073364,-0.007087574806064367,0.46348780393600464,0.48079872131347656,-0.04098000377416611,0.4482996463775635,0.5523852109909058,-0.05916985124349594,0.4392244815826416,0.6072744727134705,-0.0637516975402832,0.4141167998313904,0.520718514919281,-0.004155494272708893,0.4200711250305176,0.4798225164413452,-0.0404035858809948,0.4106670916080475,0.5651087760925293,-0.04681295156478882,0.4062263071537018,0.6234361529350281,-0.040076158940792084,0.37317201495170593,0.5270182490348816,-0.007582531310617924,0.37642937898635864,0.4851149916648865,-0.041773293167352676,0.3789573907852173,0.5662769675254822,-0.03237511217594147,0.3815355598926544,0.6195070743560791,-0.014647793024778366,0.33304470777511597,0.5423622727394104,-0.01332207303494215,0.3366817235946655,0.5071746110916138,-0.03615843132138252,0.3465459644794464,0.5619164705276489,-0.028551803901791573,0.35359999537467957,0.5977180004119873,-0.014470953494310379,a
0.37576061487197876,0.7320512533187866,-4.3472178390402405e-07,0.4351955056190491,0.690432608127594,-0.025128474459052086,0.4832744598388672,0.5982391238212585,-0.03198997303843498,0.5032836198806763,0.515675961971283,-0.038127630949020386,0.5017669200897217,0.4430467486381531,-0.04068746790289879,0.45563140511512756,0.5251578092575073,-0.007780636660754681,0.463539719581604,0.4801671802997589,-0.041038647294044495,0.4488590359687805,0.5514020919799805,-0.05923348292708397,0.439371794462204,0.6065359115600586,-0.06407870352268219,0.41314104199409485,0.5215145945549011,-0.005124548450112343,0.42030325531959534,0.4793185591697693,-0.04045119136571884,0.4115011692047119,0.564048707485199,-0.04703158512711525,0.4065401256084442,0.6228532791137695,-0.04090126231312752,0.3722935616970062,0.5282467007637024,-0.008549356833100319,0.3767732083797455,0.4842815399169922,-0.041925325989723206,0.3795967698097229,0.5650523900985718,-0.03265205770730972,0.3813523054122925,0.6191018223762512,-0.015346763655543327,0.3321990370750427,0.5438273549079895,-0.01423028577119112,0.33673667907714844,0.5065490007400513,-0.03675771877169609,0.34694355726242065,0.5605970025062561,-0.029053105041384697,0.3530002236366272,0.5971857309341431,-0.015107832849025726,a
0.3743952810764313,0.7317025661468506,-4.3677638927874796e-07,0.4343360662460327,0.6911174654960632,-0.02564161829650402,0.4827961325645447,0.5986759662628174,-0.03260868415236473,0.5029975175857544,0.5157150626182556,-0.03873802348971367,0.501389741897583,0.44272029399871826,-0.04119682312011719,0.45619362592697144,0.525469958782196,-0.00832340121269226,0.46358218789100647,0.4801192879676819,-0.04178187623620033,0.44884589314460754,0.5516362190246582,-0.05990150570869446,0.4396178126335144,0.6066227555274963,-0.06468912959098816,0.41334185004234314,0.5216424465179443,-0.005503252148628235,0.42022231221199036,0.4788944721221924,-0.04121188074350357,0.4110160171985626,0.5636550188064575,-0.04773879423737526,0.40622857213020325,0.6225550174713135,-0.04146724194288254,0.37222111225128174,0.5282055139541626,-0.008841585367918015,0.376765638589859,0.48365142941474915,-0.04259227588772774,0.3790193200111389,0.5643327236175537,-0.033442821353673935,0.3810746669769287,0.6184507608413696,-0.016139687970280647,0.3322148323059082,0.5436788201332092,-0.014475335367023945,0.336578905582428,0.507735013961792,-0.03745780140161514,0.3466658890247345,0.5614405870437622,-0.030248310416936874,0.3535429835319519,0.5975989103317261,-0.01659349538385868,a
0.3765116333961487,0.7304366230964661,-4.4982004965277156e-07,0.4362207353115082,0.6894875764846802,-0.02475353516638279,0.48496508598327637,0.5973207354545593,-0.031205490231513977,0.504191517829895,0.5138157606124878,-0.036883965134620667,0.5024945139884949,0.4411696195602417,-0.03895703703165054,0.45828452706336975,0.5258451104164124,-0.007491542026400566,0.464669406414032,0.47998231649398804,-0.040529124438762665,0.4494136869907379,0.5502451658248901,-0.058182720094919205,0.44000643491744995,0.6051204204559326,-0.06258947402238846,0.4158194959163666,0.5220077037811279,-0.004817261826246977,0.4207400381565094,0.4790272116661072,-0.04027123749256134,0.41207295656204224,0.5631580948829651,-0.04663147032260895,0.40767771005630493,0.6219213008880615,-0.04022398963570595,0.3749743700027466,0.5279766321182251,-0.008194380439817905,0.3773323893547058,0.48457807302474976,-0.04180916026234627,0.3806900382041931,0.5655428767204285,-0.03254217281937599,0.3832379877567291,0.6194111704826355,-0.015164212323725224,0.3346589207649231,0.5426661372184753,-0.013754243031144142,0.3375829756259918,0.5057361125946045,-0.03647570684552193,0.3478125035762787,0.560684859752655,-0.028919251635670662,0.3546017110347748,0.597405731678009,-0.015053774230182171,a
0.37742769718170166,0.7310409545898438,-4.4354703732096823e-07,0.436227023601532,0.6905451416969299,-0.02498658187687397,0.48458433151245117,0.597528874874115,-0.03125881403684616,0.5043315291404724,0.5137869119644165,-0.03664255514740944,0.502814769744873,0.4409668445587158,-0.038354530930519104,0.45834216475486755,0.5259721875190735,-0.007591992150992155,0.4655962884426117,0.480193167924881,-0.04057120159268379,0.44965890049934387,0.5504643321037292,-0.05795527249574661,0.43972787261009216,0.6044818758964539,-0.06221609190106392,0.4162004888057709,0.5217053294181824,-0.004718300886452198,0.4216485321521759,0.47841668128967285,-0.04001668095588684,0.4120525121688843,0.562675416469574,-0.045878611505031586,0.4072410762310028,0.6203834414482117,-0.03913323953747749,0.37531328201293945,0.5273441076278687,-0.007970822975039482,0.37811148166656494,0.4832887649536133,-0.04181500896811485,0.38060909509658813,0.564737856388092,-0.032301224768161774,0.3829088509082794,0.6180407404899597,-0.014705654233694077,0.3346022963523865,0.5417723655700684,-0.013401283882558346,0.3385365605354309,0.5063489675521851,-0.03655831515789032,0.3487018942832947,0.5617699027061462,-0.029204590246081352,0.35556769371032715,0.5978829860687256,-0.01543539110571146,a
0.37887370586395264,0.7302476167678833,-4.330986485001631e-07,0.4374315142631531,0.6876200437545776,-0.02416335791349411,0.48529455065727234,0.594839334487915,-0.030442772433161736,0.504663348197937,0.5123724341392517,-0.03625533729791641,0.502522349357605,0.4405636787414551,-0.03862766921520233,0.45860445499420166,0.5229222774505615,-0.007074584253132343,0.46526309847831726,0.47891098260879517,-0.0399516336619854,0.451000452041626,0.5493441820144653,-0.05789093300700188,0.4415479302406311,0.6044134497642517,-0.062437865883111954,0.41581571102142334,0.5194138884544373,-0.004699460696429014,0.42189356684684753,0.47895726561546326,-0.03917712718248367,0.41313254833221436,0.5626968145370483,-0.04542981833219528,0.407916396856308,0.6211697459220886,-0.0392482727766037,0.3745116889476776,0.5262617468833923,-0.008373486809432507,0.37825334072113037,0.48344504833221436,-0.04098089784383774,0.3810591995716095,0.562944233417511,-0.032063331454992294,0.3829350173473358,0.6169697642326355,-0.015208888798952103,0.3337191641330719,0.5420712232589722,-0.014223881997168064,0.33794116973876953,0.5045274496078491,-0.03606581687927246,0.3485206663608551,0.5566805005073547,-0.028560588136315346,0.3551223874092102,0.5927047729492188,-0.014925437048077583,a
0.37859636545181274,0.7289749383926392,-4.3065017507615266e-07,0.4390402138233185,0.6859086155891418,-0.024715786799788475,0.4869133234024048,0.5945165157318115,-0.03131706640124321,0.5049885511398315,0.512237012386322,-0.0371859036386013,0.5032016038894653,0.44020527601242065,-0.03957774490118027,0.4592973589897156,0.5239241719245911,-0.007601514924317598,0.46637359261512756,0.48034483194351196,-0.0405861996114254,0.45110803842544556,0.5502467751502991,-0.05844462290406227,0.4410897493362427,0.6054985523223877,-0.06295160204172134,0.41607967019081116,0.5200684070587158,-0.004818649962544441,0.42294591665267944,0.47825631499290466,-0.0398077555000782,0.41367077827453613,0.5620235800743103,-0.046273306012153625,0.4085044860839844,0.6210410594940186,-0.04009152203798294,0.37457361817359924,0.5263140201568604,-0.00802532210946083,0.37892866134643555,0.4828222095966339,-0.041301190853118896,0.381527841091156,0.5627036690711975,-0.0323718823492527,0.3834829032421112,0.616863489151001,-0.015264122746884823,0.3335139751434326,0.5412722826004028,-0.013379674404859543,0.33869457244873047,0.5039156675338745,-0.035720743238925934,0.34892818331718445,0.5569520592689514,-0.02818041853606701,0.35488733649253845,0.5930262207984924,-0.014385243877768517,a
0.378579318523407,0.7292302846908569,-4.198177236958145e-07,0.4381346106529236,0.6871826648712158,-0.025284331291913986,0.48627570271492004,0.5957404375076294,-0.032053835690021515,0.5057865977287292,0.5132805109024048,-0.038102906197309494,0.5036605596542358,0.44082096219062805,-0.04065563529729843,0.4589744508266449,0.5239943265914917,-0.007884198799729347,0.466835081577301,0.48042020201683044,-0.04049307852983475,0.45087921619415283,0.5495474934577942,-0.05828109756112099,0.44069430232048035,0.6032779812812805,-0.0630599856376648,0.415964812040329,0.5199680924415588,-0.005065342411398888,0.423462450504303,0.4787367880344391,-0.040327392518520355,0.4134666621685028,0.5612941384315491,-0.047319479286670685,0.40805739164352417,0.620169997215271,-0.04148630052804947,0.37457478046417236,0.5259368419647217,-0.00827727746218443,0.3791305124759674,0.4838608205318451,-0.04139721021056175,0.3812370300292969,0.5619420409202576,-0.033406417816877365,0.38309696316719055,0.6161230802536011,-0.01700735092163086,0.33397603034973145,0.5404271483421326,-0.013739082962274551,0.3376893103122711,0.504614531993866,-0.03602505102753639,0.3480685353279114,0.5552839636802673,-0.029430782422423363,0.3549157381057739,0.5910705924034119,-0.016371795907616615,a
0.37926357984542847,0.7303028702735901,-4.305656204905972e-07,0.43882879614830017,0.6880415081977844,-0.02562725730240345,0.4870328903198242,0.595829427242279,-0.03237244859337807,0.5069474577903748,0.5134350657463074,-0.038194239139556885,0.5040318965911865,0.441311776638031,-0.04037942737340927,0.4592306613922119,0.5248346924781799,-0.007899949327111244,0.4670797884464264,0.48140960931777954,-0.04084821790456772,0.4509526193141937,0.5514854192733765,-0.05862664803862572,0.44045984745025635,0.6052440404891968,-0.06323178112506866,0.4163669943809509,0.5209304094314575,-0.004940428305417299,0.42334556579589844,0.47828489542007446,-0.04028443992137909,0.41381123661994934,0.5618526339530945,-0.04676646366715431,0.40876299142837524,0.6203387379646301,-0.04043019935488701,0.3750811219215393,0.5272569060325623,-0.008106857538223267,0.3791077136993408,0.484221488237381,-0.041557054966688156,0.3818979263305664,0.5634235739707947,-0.03257045894861221,0.38397762179374695,0.6168272495269775,-0.015312842093408108,0.3344900608062744,0.5420453548431396,-0.013544630259275436,0.3389948606491089,0.5042420029640198,-0.03591569513082504,0.34912630915641785,0.5569838285446167,-0.028279775753617287,0.3552878201007843,0.5932806134223938,-0.014351303689181805,a
0.3796488046646118,0.7319715023040771,-4.3259530002615065e-07,0.4389228820800781,0.6899939775466919,-0.024454787373542786,0.48643001914024353,0.5980652570724487,-0.030809655785560608,0.5063667297363281,0.5156044363975525,-0.036439504474401474,0.5041993856430054,0.44325417280197144,-0.038524217903614044,0.4600582718849182,0.525922954082489,-0.006195682100951672,0.4671837389469147,0.4815857410430908,-0.03842581808567047,0.4519076943397522,0.5520018339157104,-0.05621836334466934,0.4423779249191284,0.606257975101471,-0.06099628284573555,0.41731151938438416,0.52156001329422,-0.003457764396443963,0.4240506589412689,0.4799377918243408,-0.03747093304991722,0.4142041504383087,0.5638212561607361,-0.04364330694079399,0.4086681008338928,0.6214300394058228,-0.03747871518135071,0.37597954273223877,0.5277124047279358,-0.006756230723112822,0.37947383522987366,0.48397698998451233,-0.038916703313589096,0.38174572587013245,0.5632961988449097,-0.02942250669002533,0.38328051567077637,0.6157925724983215,-0.012292210012674332,0.33533817529678345,0.5428233742713928,-0.012276300229132175,0.33975717425346375,0.5054417252540588,-0.03393109515309334,0.3497386574745178,0.5589940547943115,-0.025904495269060135,0.3556594252586365,0.594688892364502,-0.011911855079233646,a
0.37889745831489563,0.7330062389373779,-4.4438743884711585e-07,0.4378437101840973,0.6918620467185974,-0.02487495355308056,0.48586195707321167,0.5990093350410461,-0.03132018446922302,0.5066948533058167,0.516777515411377,-0.037051811814308167,0.5048190951347351,0.4442368447780609,-0.03906765207648277,0.4609171152114868,0.525156557559967,-0.006351778283715248,0.46817922592163086,0.4817129969596863,-0.039063870906829834,0.4527565538883209,0.5528503656387329,-0.05696595832705498,0.4427902102470398,0.6067408919334412,-0.06175931543111801,0.41809189319610596,0.5202130079269409,-0.0037512294948101044,0.4245516359806061,0.4797726571559906,-0.038392726331949234,0.4147605299949646,0.564276933670044,-0.04447416216135025,0.4093043804168701,0.6217122673988342,-0.03805133327841759,0.3768244981765747,0.526432454586029,-0.007365621626377106,0.3801538348197937,0.4842987656593323,-0.04013310372829437,0.3825702667236328,0.5641271471977234,-0.03054172173142433,0.38452693819999695,0.6167318820953369,-0.013162191025912762,0.3367098271846771,0.541845977306366,-0.013278769329190254,0.3409616947174072,0.5055217742919922,-0.035246592015028,0.35070323944091797,0.5592861771583557,-0.027224889025092125,0.3569519519805908,0.5948469042778015,-0.013131722807884216,a
0.3788367211818695,0.7327880263328552,-4.434130289610039e-07,0.4378659725189209,0.6917574405670166,-0.02509062923491001,0.48567843437194824,0.5988069772720337,-0.031724557280540466,0.5060849189758301,0.5165514349937439,-0.03769666329026222,0.5049585103988647,0.4442283809185028,-0.039819251745939255,0.46024763584136963,0.5246447920799255,-0.0065474556758999825,0.46738940477371216,0.48063403367996216,-0.03990384191274643,0.45209410786628723,0.5526106357574463,-0.05792811140418053,0.4425402283668518,0.6066741347312927,-0.06262548267841339,0.41739919781684875,0.5200859308242798,-0.003970807883888483,0.4238720238208771,0.4794284403324127,-0.03948439657688141,0.4142210781574249,0.5645807981491089,-0.04561426490545273,0.4090229272842407,0.6220505833625793,-0.03895724192261696,0.3763619363307953,0.5264298319816589,-0.007698545698076487,0.3798430860042572,0.4842834770679474,-0.04113747924566269,0.3822386562824249,0.5644863843917847,-0.03150959685444832,0.38422268629074097,0.6169507503509521,-0.013844131492078304,0.33654242753982544,0.5417766571044922,-0.013742756098508835,0.3409537672996521,0.505387544631958,-0.035886362195014954,0.35068953037261963,0.5591410994529724,-0.02793159894645214,0.3568791151046753,0.5945780873298645,-0.013786242343485355,a
0.3801546096801758,0.7311192750930786,-4.161712467976031e-07,0.44080644845962524,0.6876423358917236,-0.024267984554171562,0.4886898696422577,0.5980919003486633,-0.03099128231406212,0.5077926516532898,0.5165395736694336,-0.03721650689840317,0.5058280229568481,0.4443751573562622,-0.04016439989209175,0.46138009428977966,0.5251876711845398,-0.006869932170957327,0.4692698121070862,0.48192718625068665,-0.03921051323413849,0.45383670926094055,0.5500566959381104,-0.05767013877630234,0.44333741068840027,0.6049144268035889,-0.06289568543434143,0.41799768805503845,0.5210496783256531,-0.004376634024083614,0.425690233707428,0.4795183837413788,-0.03895404189825058,0.41638946533203125,0.560856282711029,-0.04662737250328064,0.41106873750686646,0.6208537220954895,-0.041539665311574936,0.37643420696258545,0.5266720652580261,-0.007714532315731049,0.3826099634170532,0.48475512862205505,-0.04059284180402756,0.38470184803009033,0.5628545880317688,-0.033191267400979996,0.3860194683074951,0.6185742616653442,-0.017221510410308838,0.33587414026260376,0.5411600470542908,-0.01318334974348545,0.34244078397750854,0.5037684440612793,-0.03563472628593445,0.3515884280204773,0.555891215801239,-0.028961950913071632,0.35652509331703186,0.5938630104064941,-0.015778349712491035,a
0.3816409707069397,0.7298044562339783,-4.266675830422173e-07,0.44139719009399414,0.6871497631072998,-0.02469545044004917,0.48924365639686584,0.597182035446167,-0.031835079193115234,0.5097416043281555,0.5160700678825378,-0.03819113224744797,0.5068637728691101,0.44371068477630615,-0.04125259071588516,0.46236664056777954,0.5253504514694214,-0.007662347983568907,0.47029146552085876,0.4849010407924652,-0.04074842855334282,0.4541642963886261,0.554616391658783,-0.059664011001586914,0.44309043884277344,0.6089968085289001,-0.06523106247186661,0.4192945659160614,0.5209267139434814,-0.005122188478708267,0.4271524250507355,0.4801529049873352,-0.03978502005338669,0.41706541180610657,0.5630974173545837,-0.04681439325213432,0.4106069803237915,0.62193363904953,-0.041435662657022476,0.3778423070907593,0.5267247557640076,-0.008493783883750439,0.3834434747695923,0.4834933578968048,-0.04154394939541817,0.385440856218338,0.5630355477333069,-0.032650209963321686,0.38575685024261475,0.6169393658638,-0.01586386375129223,0.3372562825679779,0.5416422486305237,-0.01402935478836298,0.34357547760009766,0.5052347183227539,-0.03668470308184624,0.35298487544059753,0.5596332550048828,-0.02896934375166893,0.3573085367679596,0.5964608192443848,-0.01511564664542675,a
0.3838621973991394,0.730755090713501,-4.091357368452009e-07,0.44188299775123596,0.6891731023788452,-0.02346130833029747,0.48955535888671875,0.5978015661239624,-0.029820948839187622,0.5105910301208496,0.5167850255966187,-0.035414502024650574,0.5073786973953247,0.44519633054733276,-0.037795525044202805,0.46214696764945984,0.5263243913650513,-0.008183561265468597,0.4704650640487671,0.4842713177204132,-0.03968675434589386,0.4555625319480896,0.5537115931510925,-0.05713922530412674,0.4453854262828827,0.6077665686607361,-0.06187734752893448,0.41907352209091187,0.5220134854316711,-0.0059226034209132195,0.4278300106525421,0.48038867115974426,-0.038408588618040085,0.41852042078971863,0.5624851584434509,-0.04420892521739006,0.412314772605896,0.6198857426643372,-0.03845762088894844,0.37746068835258484,0.528148889541626,-0.009271820075809956,0.3835628032684326,0.4840655028820038,-0.04037497937679291,0.3864407539367676,0.5629113912582397,-0.030988141894340515,0.38724270462989807,0.6162582039833069,-0.014496011659502983,0.3369133770465851,0.5437116622924805,-0.014698473736643791,0.3442278802394867,0.5064009428024292,-0.036354776471853256,0.3542194664478302,0.5602160096168518,-0.028462249785661697,0.358685702085495,0.5970327258110046,-0.014797767624258995,a
0.3852020502090454,0.7296072244644165,-4.064849576934648e-07,0.4439999461174011,0.6869845390319824,-0.023945892229676247,0.4912252426147461,0.594979465007782,-0.030478257685899734,0.5109724998474121,0.5146863460540771,-0.036233823746442795,0.508500337600708,0.4438496530056,-0.038867175579071045,0.4630601406097412,0.5245263576507568,-0.008857076056301594,0.47091367840766907,0.48385748267173767,-0.04023515433073044,0.45563021302223206,0.5530959963798523,-0.05771765857934952,0.4450846016407013,0.6064838171005249,-0.06260939687490463,0.4194417893886566,0.5208566784858704,-0.00633240444585681,0.4280685782432556,0.4809505343437195,-0.038966160267591476,0.418570876121521,0.5627585053443909,-0.04484356567263603,0.4124515652656555,0.6202774047851562,-0.03925430402159691,0.377589613199234,0.5276577472686768,-0.009414789266884327,0.38420772552490234,0.4846360981464386,-0.04073689505457878,0.3866119384765625,0.5631654262542725,-0.03161777928471565,0.38709673285484314,0.6169195771217346,-0.015294356271624565,0.3371371924877167,0.5434139966964722,-0.014581657946109772,0.34458863735198975,0.5054587125778198,-0.03614110127091408,0.35410845279693604,0.5579826235771179,-0.02822425775229931,0.3579135835170746,0.5943471193313599,-0.014618107117712498,a
0.3848034739494324,0.7295621037483215,-4.090616414487158e-07,0.44476357102394104,0.6874051094055176,-0.02425653487443924,0.4922109842300415,0.5956375002861023,-0.030794210731983185,0.5110058188438416,0.5150327086448669,-0.03634721413254738,0.5096724033355713,0.4443879723548889,-0.038798391819000244,0.46361619234085083,0.5254677534103394,-0.009707970544695854,0.47124508023262024,0.48447442054748535,-0.040816470980644226,0.45583146810531616,0.5541601777076721,-0.05790872126817703,0.4454374611377716,0.6082730293273926,-0.06248447671532631,0.420117050409317,0.5218671560287476,-0.006848944816738367,0.42912566661834717,0.4805160164833069,-0.03933986276388168,0.41895046830177307,0.5627734065055847,-0.045048728585243225,0.41304075717926025,0.621064305305481,-0.03922335430979729,0.37842699885368347,0.5289131999015808,-0.009480019100010395,0.3854493200778961,0.4845031797885895,-0.04059194028377533,0.38701531291007996,0.562934935092926,-0.031411346048116684,0.3877331018447876,0.6170998811721802,-0.014978272840380669,0.33807840943336487,0.5447415113449097,-0.014176598750054836,0.3459898829460144,0.5059285759925842,-0.035483360290527344,0.3549155294895172,0.5576969385147095,-0.027464870363473892,0.3589177131652832,0.5940868258476257,-0.013765761628746986,a
0.3848021328449249,0.7290717959403992,-4.034127982777136e-07,0.4442792534828186,0.6860125660896301,-0.024224719032645226,0.4913553297519684,0.5961621999740601,-0.03109118901193142,0.5107306241989136,0.5154659152030945,-0.03716170787811279,0.508907675743103,0.4446382224559784,-0.04016203060746193,0.4634813070297241,0.5241180062294006,-0.00928919855505228,0.47130268812179565,0.48360806703567505,-0.040915343910455704,0.4562259018421173,0.5535145998001099,-0.05855254456400871,0.44586703181266785,0.6076058149337769,-0.06339598447084427,0.42011433839797974,0.5208132266998291,-0.006674556992948055,0.4287920594215393,0.4804735481739044,-0.0396389439702034,0.4191255271434784,0.5627126097679138,-0.04577130079269409,0.4131125509738922,0.621073305606842,-0.04016701877117157,0.3784738779067993,0.528149425983429,-0.009646164253354073,0.3852211534976959,0.4855054020881653,-0.041331078857183456,0.38725417852401733,0.5637613534927368,-0.03275027126073837,0.38788992166519165,0.6181387901306152,-0.016519514843821526,0.3380395174026489,0.544445812702179,-0.014668724499642849,0.34510064125061035,0.505734920501709,-0.03633873537182808,0.354847252368927,0.5565452575683594,-0.028714338317513466,0.35927966237068176,0.5931594371795654,-0.015153218992054462,a
0.38537266850471497,0.7289255261421204,-4.1609567347222765e-07,0.44493553042411804,0.6871909499168396,-0.024099303409457207,0.4926797151565552,0.5962609052658081,-0.030573979020118713,0.5121998190879822,0.5156639814376831,-0.036018818616867065,0.5098585486412048,0.4449417293071747,-0.03827037662267685,0.4634154140949249,0.5258904099464417,-0.00970757007598877,0.4717749357223511,0.4827474355697632,-0.04067720100283623,0.455685019493103,0.5526548624038696,-0.05754011869430542,0.4449743628501892,0.6072201728820801,-0.06194636970758438,0.4203052520751953,0.5225441455841064,-0.006976298056542873,0.4291771352291107,0.47960567474365234,-0.03929336741566658,0.41908055543899536,0.5619820952415466,-0.04461459815502167,0.4130571782588959,0.6200663447380066,-0.03854276239871979,0.37881046533584595,0.5298194885253906,-0.00974633451551199,0.38557302951812744,0.4843881130218506,-0.04050035402178764,0.38753822445869446,0.5628020763397217,-0.030761508271098137,0.38816991448402405,0.6163958311080933,-0.014070440083742142,0.3384132385253906,0.5459983348846436,-0.014602129347622395,0.3466207981109619,0.5055652260780334,-0.03546377643942833,0.35550129413604736,0.5577354431152344,-0.026859482750296593,0.35919803380966187,0.5943046808242798,-0.012856480665504932,a
0.3841633200645447,0.7300883531570435,-4.1142811824101955e-07,0.4439828097820282,0.6887812614440918,-0.024566423147916794,0.49193182587623596,0.5973895788192749,-0.03124420903623104,0.5122532248497009,0.5163465142250061,-0.0369269885122776,0.5100609064102173,0.4449649453163147,-0.03920656442642212,0.4628334939479828,0.5259940028190613,-0.008335926569998264,0.47111305594444275,0.4819364547729492,-0.04027019813656807,0.45562419295310974,0.5525544285774231,-0.05783453956246376,0.44546836614608765,0.6072607040405273,-0.06249818578362465,0.4198755621910095,0.5224463939666748,-0.0056094699539244175,0.42851540446281433,0.47917866706848145,-0.03886077553033829,0.4191948175430298,0.5628902912139893,-0.04450055584311485,0.4139365255832672,0.620394229888916,-0.03821548819541931,0.3785611093044281,0.5296614766120911,-0.008685978129506111,0.385521799325943,0.4851018190383911,-0.04013865068554878,0.3876813054084778,0.5646016001701355,-0.02995193749666214,0.38841333985328674,0.6164825558662415,-0.012611059471964836,0.33837890625,0.5458961129188538,-0.01394627708941698,0.3478728234767914,0.5072658061981201,-0.034566059708595276,0.3565419614315033,0.5606887340545654,-0.025356510654091835,0.35974588990211487,0.5957496762275696,-0.010820670053362846,a
0.38441044092178345,0.7302124500274658,-4.1308157960884273e-07,0.4444243609905243,0.6880607008934021,-0.02432619407773018,0.49232977628707886,0.5972388982772827,-0.03103090636432171,0.5123401284217834,0.5162224769592285,-0.036844830960035324,0.5102657675743103,0.4449029564857483,-0.039296846836805344,0.46302899718284607,0.5261026620864868,-0.007937811315059662,0.47055190801620483,0.48193681240081787,-0.04037884622812271,0.4551139771938324,0.5525875091552734,-0.05844127759337425,0.4451717734336853,0.6079893112182617,-0.06325701624155045,0.42010724544525146,0.522721529006958,-0.0053098187781870365,0.42806077003479004,0.4794127941131592,-0.0388852097094059,0.41871315240859985,0.5627681612968445,-0.044892553240060806,0.4137096107006073,0.620688259601593,-0.038795966655015945,0.37889552116394043,0.5297865867614746,-0.008494021371006966,0.38534265756607056,0.48514994978904724,-0.040170446038246155,0.387175589799881,0.564691424369812,-0.03013536147773266,0.3880554139614105,0.6168115139007568,-0.01280833501368761,0.3387119770050049,0.5457805395126343,-0.01383889652788639,0.3477745056152344,0.5072922110557556,-0.034384824335575104,0.355785071849823,0.5608431696891785,-0.025107916444540024,0.3587937355041504,0.5960487723350525,-0.010491394437849522,a
0.3847775459289551,0.7304155230522156,-4.208598340937897e-07,0.44426077604293823,0.6889150738716125,-0.024963444098830223,0.4922291040420532,0.5966325998306274,-0.03173528239130974,0.5125192403793335,0.5154249668121338,-0.03750935196876526,0.5100515484809875,0.4438280463218689,-0.03973811864852905,0.4638042449951172,0.5242972373962402,-0.008039106614887714,0.4712301790714264,0.48125410079956055,-0.04070808365941048,0.4552984833717346,0.5525412559509277,-0.05867566913366318,0.44539758563041687,0.6067034006118774,-0.06354700028896332,0.4206903278827667,0.5209294557571411,-0.005371350795030594,0.42861083149909973,0.4793567657470703,-0.03965707868337631,0.4190773069858551,0.5639145374298096,-0.045471470803022385,0.4141921103000641,0.6211632490158081,-0.039051301777362823,0.3795057237148285,0.5285176634788513,-0.008672069758176804,0.3855324685573578,0.48545193672180176,-0.04098648950457573,0.3874271810054779,0.5659086108207703,-0.03046618215739727,0.3885084390640259,0.6174760460853577,-0.012687315233051777,0.3397009074687958,0.5454091429710388,-0.01422633696347475,0.34812867641448975,0.508150041103363,-0.03536304458975792,0.3561541438102722,0.5627433061599731,-0.026000449433922768,0.35967230796813965,0.5976401567459106,-0.011187034659087658,a
0.3845849931240082,0.7290641665458679,-4.159839193107473e-07,0.4454774856567383,0.6871008276939392,-0.02470780350267887,0.49341773986816406,0.5960778594017029,-0.03164885938167572,0.5127864480018616,0.5152507424354553,-0.0375555083155632,0.5104032754898071,0.44375061988830566,-0.040089480578899384,0.4644213914871216,0.5238655209541321,-0.00910180527716875,0.47253525257110596,0.4816235899925232,-0.041514646261930466,0.45662450790405273,0.5525972247123718,-0.059546925127506256,0.4462420642375946,0.6072123050689697,-0.06454861909151077,0.42096981406211853,0.5205283761024475,-0.006508927326649427,0.4293253719806671,0.4790031909942627,-0.04037521779537201,0.41987016797065735,0.5628970861434937,-0.046364106237888336,0.41482189297676086,0.6210594773292542,-0.04033377394080162,0.37955716252326965,0.5281462073326111,-0.00965797994285822,0.38627034425735474,0.48481109738349915,-0.041675008833408356,0.38803231716156006,0.5652698874473572,-0.03137209638953209,0.3889677822589874,0.617929995059967,-0.013924934901297092,0.33957505226135254,0.5452666282653809,-0.014989647082984447,0.3481736481189728,0.5079861879348755,-0.03614925220608711,0.35604995489120483,0.5629236698150635,-0.026855459436774254,0.35946333408355713,0.5988606214523315,-0.012189487926661968,a
0.38550710678100586,0.7285021543502808,-4.0613949181533826e-07,0.44619885087013245,0.6867512464523315,-0.02454410493373871,0.4943082928657532,0.596450686454773,-0.03139866515994072,0.5129528045654297,0.5153703689575195,-0.037170588970184326,0.5103272795677185,0.44360923767089844,-0.039867110550403595,0.46559780836105347,0.525018036365509,-0.010999833233654499,0.4746019244194031,0.4831056594848633,-0.042165424674749374,0.4577976167201996,0.5514154434204102,-0.05971069633960724,0.4463329017162323,0.6065406203269958,-0.06466376781463623,0.42128267884254456,0.5214363932609558,-0.00817312765866518,0.43097954988479614,0.4799537658691406,-0.04062158241868019,0.42049288749694824,0.5603520274162292,-0.04683174192905426,0.4141763746738434,0.6198806762695312,-0.04148633033037186,0.3791430592536926,0.527912974357605,-0.010766249150037766,0.3867352306842804,0.4847133755683899,-0.041049592196941376,0.38833993673324585,0.5605677366256714,-0.03261521831154823,0.38897135853767395,0.6150531768798828,-0.017002319917082787,0.3387559652328491,0.5434987545013428,-0.015509684570133686,0.3470642566680908,0.5060985684394836,-0.03618915379047394,0.3558400869369507,0.556682825088501,-0.02859576977789402,0.35940954089164734,0.5938271880149841,-0.015379750169813633,a
0.3900577127933502,0.7241778373718262,-3.9335131418738456e-07,0.45027318596839905,0.683025598526001,-0.02336815744638443,0.49940165877342224,0.5927976369857788,-0.029450759291648865,0.5190293192863464,0.5115615129470825,-0.0348404198884964,0.5190954804420471,0.4401191771030426,-0.03724317252635956,0.47076261043548584,0.518660843372345,-0.007034766022115946,0.4788827896118164,0.4802345037460327,-0.03832327574491501,0.462900310754776,0.5468031764030457,-0.0567924790084362,0.45076847076416016,0.6004694104194641,-0.06242142245173454,0.4267922043800354,0.514750063419342,-0.004388237372040749,0.4354305863380432,0.47582119703292847,-0.03660288453102112,0.4261225163936615,0.555803120136261,-0.04352375864982605,0.42042118310928345,0.6139563918113708,-0.03877680003643036,0.38486140966415405,0.5211418867111206,-0.007349777035415173,0.3912343680858612,0.478641539812088,-0.03792736679315567,0.39362117648124695,0.5544654130935669,-0.02996933087706566,0.3946942389011383,0.6079453229904175,-0.014673211611807346,0.3438042402267456,0.5372165441513062,-0.012341692112386227,0.35194098949432373,0.501457929611206,-0.033437151461839676,0.360999196767807,0.5526701211929321,-0.02618873491883278,0.36526715755462646,0.588638961315155,-0.013111635111272335,a
0.3950052857398987,0.7191357612609863,-3.7103788486092526e-07,0.45343172550201416,0.6783174872398376,-0.02301177754998207,0.5010354518890381,0.5886308550834656,-0.02930290251970291,0.5206871628761292,0.5092837810516357,-0.03503315895795822,0.5206423997879028,0.43864989280700684,-0.03772186115384102,0.47205471992492676,0.5151958465576172,-0.00687467772513628,0.48188310861587524,0.4796141982078552,-0.03848818689584732,0.4680923819541931,0.5462903380393982,-0.05677460879087448,0.4571666717529297,0.6006658673286438,-0.06204461306333542,0.42894917726516724,0.5119275450706482,-0.004715283866971731,0.4392576217651367,0.47400060296058655,-0.03665369376540184,0.4306159019470215,0.5532031655311584,-0.04302866756916046,0.42476022243499756,0.6103172302246094,-0.03793392702937126,0.38692590594291687,0.5186330676078796,-0.008258633315563202,0.3953595757484436,0.4789225161075592,-0.03880641236901283,0.39808544516563416,0.5538573861122131,-0.030532028526067734,0.39862439036369324,0.6055275201797485,-0.01502111367881298,0.34544605016708374,0.534832775592804,-0.01380988396704197,0.35655707120895386,0.5005077123641968,-0.03426685556769371,0.36554333567619324,0.5515525937080383,-0.02634885534644127,0.3682599663734436,0.5865445733070374,-0.012997900135815144,a
0.39466166496276855,0.7125343084335327,-3.7982482581355725e-07,0.4539956748485565,0.6749963164329529,-0.023714734241366386,0.5029076337814331,0.5865505933761597,-0.03029152937233448,0.5219669938087463,0.5063170194625854,-0.036101434379816055,0.5246843695640564,0.43577754497528076,-0.03895815834403038,0.47603029012680054,0.509793221950531,-0.007086594123393297,0.4856697618961334,0.47422152757644653,-0.0383014902472496,0.4714536964893341,0.5417461395263672,-0.0564657486975193,0.4595165550708771,0.595471203327179,-0.06175940856337547,0.43307575583457947,0.5065219402313232,-0.00430087698623538,0.44283217191696167,0.46859556436538696,-0.03616531938314438,0.4348126947879791,0.5489988327026367,-0.043096523731946945,0.4289785325527191,0.6068834662437439,-0.038389481604099274,0.3913136422634125,0.5132566690444946,-0.007084718905389309,0.39894598722457886,0.47147420048713684,-0.038627613335847855,0.4023786783218384,0.549913763999939,-0.030733631923794746,0.40323394536972046,0.6046177744865417,-0.015146906487643719,0.35009461641311646,0.52946937084198,-0.011769379489123821,0.359909325838089,0.4934990406036377,-0.033852480351924896,0.36909574270248413,0.5462737679481506,-0.026481768116354942,0.37221768498420715,0.5832731127738953,-0.013073102571070194,a
0.3958667516708374,0.7094290852546692,-3.820834422185726e-07,0.45630931854248047,0.6713021397590637,-0.023231428116559982,0.5048894882202148,0.5814051032066345,-0.029537752270698547,0.5233936309814453,0.5015426874160767,-0.034997474402189255,0.5264699459075928,0.4324406683444977,-0.03757601976394653,0.4772360026836395,0.5104286074638367,-0.009259091690182686,0.4867212474346161,0.47173625230789185,-0.040111836045980453,0.47156473994255066,0.5388455390930176,-0.05737195163965225,0.4600415527820587,0.5926148891448975,-0.0621725395321846,0.43350106477737427,0.5071237683296204,-0.006954091601073742,0.44369831681251526,0.4650539755821228,-0.03861266374588013,0.43496015667915344,0.5446453094482422,-0.04467802867293358,0.42892348766326904,0.6024327874183655,-0.03945619612932205,0.39150041341781616,0.5138352513313293,-0.009993950836360455,0.4001362919807434,0.4702153503894806,-0.04089300334453583,0.40279051661491394,0.5463757514953613,-0.03263226896524429,0.40287449955940247,0.5995986461639404,-0.017012469470500946,0.35056188702583313,0.5293964743614197,-0.014875911176204681,0.360694944858551,0.4905936121940613,-0.0360390841960907,0.3696376085281372,0.5419297814369202,-0.028148027136921883,0.37229257822036743,0.578702986240387,-0.01472613774240017,a
0.3971030116081238,0.7066014409065247,-3.9831377307564253e-07,0.456900954246521,0.6695763468742371,-0.023785121738910675,0.5064049363136292,0.5798913240432739,-0.030002830550074577,0.5257729887962341,0.49936729669570923,-0.035167939960956573,0.5268198251724243,0.4294338822364807,-0.037239450961351395,0.4791848063468933,0.507112979888916,-0.00897251907736063,0.4882032573223114,0.46980464458465576,-0.040201298892498016,0.4723142087459564,0.538174033164978,-0.05727193504571915,0.46053820848464966,0.5912771821022034,-0.06181854382157326,0.4354417026042938,0.5033356547355652,-0.006394627504050732,0.4452904760837555,0.46242183446884155,-0.03839191794395447,0.43565595149993896,0.5438138842582703,-0.0437198281288147,0.4291781485080719,0.6002613306045532,-0.037733230739831924,0.39327582716941833,0.5097752213478088,-0.009401834569871426,0.4014979600906372,0.46768972277641296,-0.04095563292503357,0.4034474790096283,0.5451584458351135,-0.03195083141326904,0.4031686782836914,0.5965628623962402,-0.015589239075779915,0.35184746980667114,0.5252483487129211,-0.014292760752141476,0.3627161383628845,0.48701345920562744,-0.03580988571047783,0.37078985571861267,0.5394599437713623,-0.027572423219680786,0.3728325664997101,0.574444591999054,-0.013771705329418182,a
0.39740049839019775,0.7051539421081543,-4.021424331313028e-07,0.45640134811401367,0.6685266494750977,-0.023899422958493233,0.5061236619949341,0.5792840123176575,-0.03044724650681019,0.5264151096343994,0.49896910786628723,-0.035920947790145874,0.5264167189598083,0.42946842312812805,-0.038267455995082855,0.4792722761631012,0.5080306529998779,-0.010473152622580528,0.4880169630050659,0.4690506160259247,-0.04283395782113075,0.47214198112487793,0.5385965704917908,-0.05993698909878731,0.46116727590560913,0.5917207598686218,-0.06414302438497543,0.43545690178871155,0.5042950510978699,-0.00812741182744503,0.4457724392414093,0.46185946464538574,-0.041225872933864594,0.4355517625808716,0.5441293120384216,-0.04622438922524452,0.4295373857021332,0.6003414392471313,-0.03968500345945358,0.3933142423629761,0.5105701088905334,-0.011373081244528294,0.40178728103637695,0.46819785237312317,-0.043916527181863785,0.4028472602367401,0.5468972325325012,-0.034382544457912445,0.40276625752449036,0.5982446074485779,-0.01730869524180889,0.35201138257980347,0.5253288745880127,-0.016482196748256683,0.36276867985725403,0.4868280589580536,-0.03829554468393326,0.37040311098098755,0.5402696132659912,-0.029644904658198357,0.3727828562259674,0.5758609175682068,-0.015377786010503769,a
0.3988792896270752,0.7052198052406311,-3.8183659967216954e-07,0.45864662528038025,0.6668230295181274,-0.023067638278007507,0.5071741938591003,0.5760418176651001,-0.028847116976976395,0.5253822207450867,0.49556854367256165,-0.033747248351573944,0.5270221829414368,0.4262866973876953,-0.03562736511230469,0.4803672432899475,0.5042797923088074,-0.008095115423202515,0.48795756697654724,0.464959979057312,-0.03889680281281471,0.47377756237983704,0.5335415005683899,-0.055584415793418884,0.46438145637512207,0.5877273678779602,-0.05973045900464058,0.43622004985809326,0.5005173683166504,-0.00564716337248683,0.44559043645858765,0.4596768319606781,-0.03725527226924896,0.43604764342308044,0.5406014323234558,-0.042761437594890594,0.4306517541408539,0.5972765684127808,-0.03680714964866638,0.3937755525112152,0.5069177746772766,-0.008679195307195187,0.40173718333244324,0.46474647521972656,-0.039790503680706024,0.40344762802124023,0.5421895980834961,-0.031319789588451385,0.4042133092880249,0.5944370627403259,-0.015306095592677593,0.3524712920188904,0.5226110219955444,-0.013542933389544487,0.3619309067726135,0.4851439893245697,-0.03497760742902756,0.37044477462768555,0.536888599395752,-0.027324017137289047,0.3741070032119751,0.572144091129303,-0.013809788040816784,a
0.4008345901966095,0.705038845539093,-3.812837121586199e-07,0.4609185457229614,0.6654108166694641,-0.0229692030698061,0.5092286467552185,0.57448810338974,-0.02892252989113331,0.5263711810112,0.49273988604545593,-0.034111328423023224,0.5285547971725464,0.4218383729457855,-0.03627645969390869,0.481120765209198,0.5045523643493652,-0.00813988409936428,0.489093154668808,0.46284037828445435,-0.03908846527338028,0.47582894563674927,0.5294474363327026,-0.05569343641400337,0.46621161699295044,0.5827724933624268,-0.05976947024464607,0.43709269165992737,0.5006635785102844,-0.0059124259278178215,0.44689542055130005,0.4569251537322998,-0.03769707307219505,0.43822523951530457,0.5377718806266785,-0.04331041872501373,0.4325110912322998,0.5944732427597046,-0.037418391555547714,0.3944472372531891,0.5067036151885986,-0.009130562655627728,0.4022771418094635,0.4615579843521118,-0.040426645427942276,0.40511003136634827,0.5394819378852844,-0.03175611048936844,0.40608876943588257,0.5920112133026123,-0.01555945910513401,0.35215523838996887,0.5220416784286499,-0.01415314432233572,0.36113590002059937,0.482192724943161,-0.03544790297746658,0.3714520335197449,0.5335314273834229,-0.027490615844726562,0.37598544359207153,0.568835973739624,-0.013852127827703953,a
0.3997749388217926,0.7021051049232483,-3.935612937766564e-07,0.4618423283100128,0.6625945568084717,-0.022430863231420517,0.5100282430648804,0.5725434422492981,-0.028337690979242325,0.527036190032959,0.4910656213760376,-0.03354060649871826,0.5291672945022583,0.4205649793148041,-0.036039672791957855,0.48257356882095337,0.5033800005912781,-0.008226627483963966,0.4913247525691986,0.4621662199497223,-0.03924240916967392,0.4771275222301483,0.5285086631774902,-0.056522153317928314,0.4660164713859558,0.5833275318145752,-0.0611608512699604,0.4385175108909607,0.49951261281967163,-0.006080863997340202,0.44825199246406555,0.4554714262485504,-0.03753966838121414,0.4390432834625244,0.5361824631690979,-0.04338040575385094,0.4328102767467499,0.5945693850517273,-0.03786327317357063,0.39578330516815186,0.5058830976486206,-0.00922474917024374,0.4036701023578644,0.4603639543056488,-0.040236275643110275,0.40563109517097473,0.5386496782302856,-0.03135368973016739,0.40600520372390747,0.5922939777374268,-0.015212428756058216,0.35331448912620544,0.5217042565345764,-0.014106648042798042,0.36284923553466797,0.48360610008239746,-0.03576468303799629,0.37211546301841736,0.537134051322937,-0.027632033452391624,0.37587812542915344,0.5735846161842346,-0.013881850056350231,a
0.401864230632782,0.7063419818878174,-3.7372672068158863e-07,0.4620896875858307,0.6647753715515137,-0.022333113476634026,0.5102108716964722,0.5729028582572937,-0.02798091433942318,0.5283100605010986,0.4917437732219696,-0.03329399228096008,0.5302092432975769,0.4208645224571228,-0.03587299957871437,0.48239508271217346,0.5035853385925293,-0.0069829849526286125,0.49153023958206177,0.46148577332496643,-0.03806471452116966,0.4785149097442627,0.5270978808403015,-0.05531162768602371,0.46809452772140503,0.5802232623100281,-0.05981076508760452,0.43851977586746216,0.5004249215126038,-0.005276883952319622,0.4486944079399109,0.45505815744400024,-0.037243932485580444,0.4414333999156952,0.5345374941825867,-0.04393220320343971,0.43557077646255493,0.5924545526504517,-0.03888494148850441,0.39595919847488403,0.5072457790374756,-0.009020591154694557,0.40421080589294434,0.4603222906589508,-0.04073934629559517,0.40808922052383423,0.5371263027191162,-0.033549677580595016,0.40861067175865173,0.591407835483551,-0.0182445477694273,0.35373109579086304,0.5230754613876343,-0.014500859193503857,0.3621034324169159,0.48062729835510254,-0.036653339862823486,0.3731152415275574,0.5310286283493042,-0.02983594313263893,0.3776710033416748,0.5688079595565796,-0.01689116097986698,a
0.4051331877708435,0.7066354155540466,-3.7501527572203486e-07,0.4661751687526703,0.6630202531814575,-0.022069210186600685,0.5135514736175537,0.571416974067688,-0.027928872033953667,0.5313268303871155,0.4895726144313812,-0.0334959551692009,0.5314786434173584,0.4179891049861908,-0.03640907257795334,0.4842708706855774,0.5038023591041565,-0.006904284935444593,0.49328750371932983,0.46057766675949097,-0.038518909364938736,0.48019635677337646,0.5259683728218079,-0.05653679370880127,0.4691416025161743,0.5803947448730469,-0.06155179813504219,0.4405226707458496,0.5004372596740723,-0.00543287955224514,0.4507905840873718,0.45318403840065,-0.037298042327165604,0.44279807806015015,0.532479465007782,-0.044011324644088745,0.43622690439224243,0.5911708474159241,-0.03912898153066635,0.3978768587112427,0.5070545077323914,-0.009402607567608356,0.4063360095024109,0.4582872688770294,-0.04101479426026344,0.4093950092792511,0.5353585481643677,-0.033073607832193375,0.4092250466346741,0.5897714495658875,-0.017374765127897263,0.35523098707199097,0.5228297710418701,-0.015113774687051773,0.3647390604019165,0.47983604669570923,-0.03709031268954277,0.3747332692146301,0.531656801700592,-0.029252244159579277,0.3779556155204773,0.5696821808815002,-0.01564236357808113,a
0.4053381383419037,0.7056887149810791,-3.6884284781990573e-07,0.46642881631851196,0.661665141582489,-0.02153741382062435,0.5139360427856445,0.570897102355957,-0.027084507048130035,0.5318298935890198,0.48957112431526184,-0.032429762184619904,0.5310881733894348,0.4182576835155487,-0.035122212022542953,0.4855351448059082,0.5010676383972168,-0.005471908021718264,0.4938920736312866,0.45932137966156006,-0.036497388035058975,0.48092976212501526,0.5250822305679321,-0.054332129657268524,0.47105833888053894,0.5792291164398193,-0.05932922661304474,0.44153761863708496,0.49761950969696045,-0.004006827715784311,0.4513692855834961,0.45223456621170044,-0.03560236096382141,0.44297704100608826,0.5318174958229065,-0.04241236299276352,0.4371841549873352,0.5900573134422302,-0.03751038387417793,0.3986195921897888,0.5039611458778381,-0.007911558263003826,0.40670228004455566,0.4573459029197693,-0.03933501988649368,0.4097011685371399,0.5349185466766357,-0.03155212104320526,0.4104316532611847,0.5891821980476379,-0.01589818485081196,0.3559749722480774,0.5197334289550781,-0.013509564101696014,0.3651915490627289,0.4799220860004425,-0.03533189371228218,0.3758929371833801,0.5320538878440857,-0.027645673602819443,0.3803122639656067,0.5691795945167542,-0.01403014361858368,a
0.40568462014198303,0.7009378671646118,-3.6885015219922934e-07,0.4677070677280426,0.6570677757263184,-0.022365137934684753,0.5156927108764648,0.5659075975418091,-0.02825438417494297,0.5328037142753601,0.48441579937934875,-0.03363052010536194,0.5332490801811218,0.4132288992404938,-0.036284830421209335,0.48615211248397827,0.49698182940483093,-0.006963394582271576,0.4942968487739563,0.4542972445487976,-0.03799256309866905,0.4810023605823517,0.5203152894973755,-0.055635787546634674,0.4713318347930908,0.5754069089889526,-0.06059664860367775,0.44183385372161865,0.4944815933704376,-0.005167332943528891,0.4513270854949951,0.44889235496520996,-0.037438176572322845,0.4432253837585449,0.5290415287017822,-0.044264525175094604,0.4380646347999573,0.5884456038475037,-0.039216261357069016,0.399040162563324,0.5017561912536621,-0.008708424866199493,0.4066101014614105,0.45545756816864014,-0.040516939014196396,0.4099065661430359,0.5334224700927734,-0.03246121481060982,0.4111604690551758,0.5878469347953796,-0.016608795151114464,0.35672932863235474,0.5185238718986511,-0.014002426527440548,0.3655818998813629,0.47938311100006104,-0.03633018210530281,0.3761582672595978,0.532758891582489,-0.028594406321644783,0.38080883026123047,0.5701529383659363,-0.014931082725524902,a
0.4054678976535797,0.7019350528717041,-3.829255206255766e-07,0.46634361147880554,0.6584275960922241,-0.022887732833623886,0.514526903629303,0.5666899085044861,-0.029036205261945724,0.5321556925773621,0.4848680794239044,-0.03462406247854233,0.5314397215843201,0.4132554531097412,-0.037383392453193665,0.48577407002449036,0.4965514838695526,-0.007036613300442696,0.4942227005958557,0.45384424924850464,-0.03849141672253609,0.4804657995700836,0.5209082961082458,-0.056255172938108444,0.47043028473854065,0.5754758715629578,-0.06112363561987877,0.44192102551460266,0.4944474995136261,-0.005173197947442532,0.4518120586872101,0.4489203095436096,-0.03794115409255028,0.4433329403400421,0.5304914116859436,-0.044583410024642944,0.43778085708618164,0.589904248714447,-0.03916158154606819,0.399223655462265,0.5019782185554504,-0.008761314675211906,0.407892644405365,0.4564462900161743,-0.041254013776779175,0.4100647568702698,0.5363380908966064,-0.03280053660273552,0.4104776680469513,0.5912322998046875,-0.01633107289671898,0.35668396949768066,0.5183780789375305,-0.014144744724035263,0.36662739515304565,0.4795497953891754,-0.03664274513721466,0.3761814832687378,0.5340228080749512,-0.028532138094305992,0.380111962556839,0.5716567635536194,-0.01445433683693409,a
0.40523430705070496,0.7043142914772034,-3.963064330037014e-07,0.46563440561294556,0.6601507067680359,-0.022934844717383385,0.5131038427352905,0.566594660282135,-0.028848908841609955,0.5305247902870178,0.4836815297603607,-0.03420446440577507,0.529794454574585,0.4115108251571655,-0.03665150701999664,0.4858366549015045,0.4988175630569458,-0.007825789041817188,0.49319005012512207,0.45315876603126526,-0.039591770619153976,0.478008508682251,0.5206132531166077,-0.05713338777422905,0.4680527448654175,0.5756383538246155,-0.061728883534669876,0.4415842592716217,0.4965396225452423,-0.005919738207012415,0.450491726398468,0.44907325506210327,-0.03909304738044739,0.44124630093574524,0.5299961566925049,-0.04567867890000343,0.4361127018928528,0.5895638465881348,-0.040159184485673904,0.39879563450813293,0.5035786628723145,-0.00948629342019558,0.40619295835494995,0.4560888409614563,-0.04183940961956978,0.408427894115448,0.5353605151176453,-0.03347383067011833,0.4098348021507263,0.5909303426742554,-0.017117347568273544,0.35649681091308594,0.5192933678627014,-0.014918040484189987,0.36468076705932617,0.4794119894504547,-0.03710145875811577,0.3746282458305359,0.5322783589363098,-0.029408615082502365,0.3795519471168518,0.5699421167373657,-0.015732867643237114,a
0.40403422713279724,0.7014737725257874,-3.9567737530887825e-07,0.465734601020813,0.6554505228996277,-0.023097984492778778,0.5127859711647034,0.5621676445007324,-0.029157761484384537,0.5284662246704102,0.47899729013442993,-0.03483428433537483,0.5270393490791321,0.40710318088531494,-0.037419985979795456,0.48273658752441406,0.49414998292922974,-0.006629308685660362,0.4898388981819153,0.44912198185920715,-0.039137665182352066,0.4755127429962158,0.5183050036430359,-0.05721326172351837,0.46680402755737305,0.573430597782135,-0.06213872507214546,0.4393133223056793,0.49291667342185974,-0.004905802197754383,0.44736436009407043,0.44732028245925903,-0.03938104957342148,0.4393172264099121,0.529319703578949,-0.04643024131655693,0.4360581338405609,0.5888428092002869,-0.04085477069020271,0.3975464403629303,0.5012049674987793,-0.008864277973771095,0.4042928218841553,0.45538151264190674,-0.04230750724673271,0.4074591398239136,0.5350989103317261,-0.03389979153871536,0.41039058566093445,0.5900542736053467,-0.017166290432214737,0.35643813014030457,0.5186334252357483,-0.014717888087034225,0.3637169599533081,0.48044517636299133,-0.037470877170562744,0.3733714520931244,0.5343627333641052,-0.029798027127981186,0.3789529502391815,0.5722930431365967,-0.01593014970421791,a
0.40368884801864624,0.7051976323127747,-4.036178040678351e-07,0.464841365814209,0.6564896702766418,-0.021746745333075523,0.5107188820838928,0.5622438192367554,-0.02724861539900303,0.5258957147598267,0.47935402393341064,-0.032902322709560394,0.5243922472000122,0.40723916888237,-0.035711657255887985,0.4809953272342682,0.4954184591770172,-0.004668817855417728,0.48801150918006897,0.44953349232673645,-0.03694191575050354,0.4733442962169647,0.5174170732498169,-0.05498252063989639,0.4641866981983185,0.5726186037063599,-0.05964985117316246,0.43771225214004517,0.4944874942302704,-0.003348128404468298,0.44650450348854065,0.4488621652126312,-0.03749457001686096,0.43665069341659546,0.5306742191314697,-0.04464362561702728,0.4324095845222473,0.5908411145210266,-0.03902669996023178,0.39592018723487854,0.502612292766571,-0.007691080681979656,0.40374433994293213,0.45610955357551575,-0.0407535694539547,0.40473243594169617,0.534668505191803,-0.03305807337164879,0.40648356080055237,0.5906323194503784,-0.01661314070224762,0.3544953167438507,0.5192626118659973,-0.013829058036208153,0.36140599846839905,0.47845497727394104,-0.035819631069898605,0.37169623374938965,0.5297048091888428,-0.028359562158584595,0.37801480293273926,0.568095862865448,-0.01460547186434269,a
0.40384936332702637,0.7025201320648193,-3.7577805755972804e-07,0.46494612097740173,0.6521691083908081,-0.02097465470433235,0.5091491341590881,0.5599104762077332,-0.026786433532834053,0.5228233337402344,0.47813838720321655,-0.03305717557668686,0.5217766165733337,0.4065767824649811,-0.03669198974967003,0.4784424304962158,0.49113062024116516,-0.003620981704443693,0.48540323972702026,0.44701695442199707,-0.03578224405646324,0.47448861598968506,0.5140883326530457,-0.054674115031957626,0.4663082957267761,0.569591224193573,-0.06003700569272041,0.43556296825408936,0.4915367364883423,-0.002902305219322443,0.44403910636901855,0.44729387760162354,-0.03602856397628784,0.43768227100372314,0.5270105600357056,-0.04401130974292755,0.43390631675720215,0.5867412090301514,-0.03955353423953056,0.3938596248626709,0.5015411972999573,-0.0077369557693600655,0.40115079283714294,0.4559406042098999,-0.04004261642694473,0.4048607051372528,0.5329484939575195,-0.03274070471525192,0.40697675943374634,0.5881235003471375,-0.01702636480331421,0.35226255655288696,0.5207430124282837,-0.0142904007807374,0.3589571416378021,0.47920113801956177,-0.035792164504528046,0.37042441964149475,0.5303369164466858,-0.02784748002886772,0.3764967620372772,0.5693292617797852,-0.013967233709990978,a
0.40271511673927307,0.7005001306533813,-3.9087089476197434e-07,0.46387434005737305,0.6513731479644775,-0.021231822669506073,0.5082902312278748,0.5590539574623108,-0.027206523343920708,0.5220858454704285,0.4772292971611023,-0.03318285569548607,0.520439088344574,0.40664613246917725,-0.036571066826581955,0.47843649983406067,0.49201446771621704,-0.006208010949194431,0.485555499792099,0.44696447253227234,-0.037761542946100235,0.4736889600753784,0.5135258436203003,-0.056053925305604935,0.4649510979652405,0.5692635178565979,-0.06130876764655113,0.43488162755966187,0.4922587275505066,-0.005248567089438438,0.4432309567928314,0.4449719190597534,-0.037601206451654434,0.4369034767150879,0.5245822072029114,-0.0448027029633522,0.4331858456134796,0.5847350358963013,-0.04015009105205536,0.3929709196090698,0.5021319389343262,-0.009562619030475616,0.40009573101997375,0.454796701669693,-0.04105670005083084,0.40449512004852295,0.5318447351455688,-0.033133771270513535,0.40700069069862366,0.5869516134262085,-0.017419230192899704,0.35154563188552856,0.5213193893432617,-0.01560696680098772,0.3592100739479065,0.47940582036972046,-0.036922600120306015,0.3707424998283386,0.5306064486503601,-0.02876460924744606,0.37665459513664246,0.568789541721344,-0.015018828213214874,a
0.4031482934951782,0.7013294696807861,-3.8900887489035085e-07,0.462180495262146,0.6523822546005249,-0.02109868824481964,0.5057363510131836,0.5589638948440552,-0.027026396244764328,0.5203623175621033,0.4771464765071869,-0.03304309397935867,0.5194358825683594,0.4057331681251526,-0.036341313272714615,0.47657066583633423,0.49201586842536926,-0.005745759699493647,0.4837987422943115,0.4462963938713074,-0.03781960532069206,0.4720171391963959,0.5122579336166382,-0.05607995390892029,0.46323293447494507,0.5678414106369019,-0.06099357455968857,0.43372267484664917,0.4926294684410095,-0.005004383157938719,0.44182488322257996,0.443811297416687,-0.03775933012366295,0.43546050786972046,0.5233480334281921,-0.04491550102829933,0.43161991238594055,0.5834295749664307,-0.03998953104019165,0.3919581174850464,0.502396821975708,-0.009689797647297382,0.3988758623600006,0.4538142681121826,-0.04163671284914017,0.40345925092697144,0.5306485891342163,-0.03387106955051422,0.4060627818107605,0.5858060717582703,-0.017998166382312775,0.35040801763534546,0.5209905505180359,-0.016099626198410988,0.3572874069213867,0.47711315751075745,-0.03741247206926346,0.3690524995326996,0.5274208784103394,-0.029336676001548767,0.37496769428253174,0.5659563541412354,-0.015581963583827019,a
0.40119120478630066,0.6980779767036438,-4.0533453216085036e-07,0.4624275863170624,0.64934903383255,-0.021592119708657265,0.50747150182724,0.5569292902946472,-0.027310604229569435,0.5219804644584656,0.4750618040561676,-0.032998498529195786,0.5197386145591736,0.404631644487381,-0.03581320866942406,0.477899968624115,0.4894176721572876,-0.005463732872158289,0.48513224720954895,0.44428157806396484,-0.037134792655706406,0.47175517678260803,0.5114595293998718,-0.055228423327207565,0.4621529281139374,0.5669015049934387,-0.06041223555803299,0.4346001148223877,0.48949840664863586,-0.004379537422209978,0.4422241747379303,0.4426655173301697,-0.03736835718154907,0.4348992109298706,0.5223656892776489,-0.04455583542585373,0.43094536662101746,0.5821542739868164,-0.03967498615384102,0.3931536376476288,0.4991101324558258,-0.008800139650702477,0.39913320541381836,0.4507443606853485,-0.04037976264953613,0.4030367136001587,0.5269401669502258,-0.03208917751908302,0.4054085612297058,0.5813206434249878,-0.016136638820171356,0.3523256480693817,0.5178682804107666,-0.015072113834321499,0.35882896184921265,0.47696107625961304,-0.03645667806267738,0.36939090490341187,0.5280331373214722,-0.0283979345113039,0.37494149804115295,0.5651835799217224,-0.01467616856098175,a
0.40171682834625244,0.6978704333305359,-3.979713198987156e-07,0.4620813727378845,0.6487128138542175,-0.021054696291685104,0.5064619779586792,0.5555331110954285,-0.026750972494482994,0.5208801031112671,0.47379568219184875,-0.03255819156765938,0.5190221667289734,0.4029894769191742,-0.03551061451435089,0.4765312075614929,0.488100528717041,-0.005561892408877611,0.4847983419895172,0.4438154101371765,-0.03749925270676613,0.4725567102432251,0.5113893747329712,-0.05556001514196396,0.46325427293777466,0.5670859217643738,-0.06039906293153763,0.4335901439189911,0.488231897354126,-0.004750304855406284,0.4422610104084015,0.4417193531990051,-0.037665072828531265,0.4355023503303528,0.5226364135742188,-0.044637493789196014,0.431400865316391,0.5823954343795776,-0.03940354660153389,0.39206740260124207,0.49792158603668213,-0.009388036094605923,0.39889854192733765,0.45149874687194824,-0.04101068526506424,0.4033249318599701,0.5281276702880859,-0.03315138816833496,0.40574023127555847,0.582170844078064,-0.017201116308569908,0.35098525881767273,0.5166102051734924,-0.015781601890921593,0.3574320673942566,0.4743780791759491,-0.03646240755915642,0.36925625801086426,0.523552417755127,-0.02838834375143051,0.3754594326019287,0.5603259801864624,-0.014671141281723976,a
0.4016151428222656,0.695888876914978,-3.942884063690144e-07,0.46224072575569153,0.6459488868713379,-0.020935777574777603,0.5071271657943726,0.5546970963478088,-0.026457728818058968,0.5220799446105957,0.4736056327819824,-0.032168541103601456,0.5196264386177063,0.4030633866786957,-0.035205744206905365,0.4771195948123932,0.48618248105049133,-0.00341185019351542,0.4845964312553406,0.44449669122695923,-0.03501854091882706,0.4723224341869354,0.5102251768112183,-0.05356477573513985,0.4624403417110443,0.5652450919151306,-0.058884330093860626,0.4342395067214966,0.48573604226112366,-0.002516146283596754,0.4422610402107239,0.44077742099761963,-0.035257868468761444,0.435464084148407,0.5206298232078552,-0.04294074699282646,0.43111175298690796,0.5804854035377502,-0.03822455555200577,0.3930339217185974,0.49514240026474,-0.0071109929122030735,0.39934682846069336,0.4493369162082672,-0.038769662380218506,0.4033132791519165,0.5260076522827148,-0.031041620299220085,0.40526479482650757,0.5802172422409058,-0.015171434730291367,0.35202986001968384,0.5141949653625488,-0.013452904298901558,0.3586423993110657,0.4739969074726105,-0.034562356770038605,0.36978232860565186,0.5247082710266113,-0.026468908414244652,0.37551021575927734,0.5612421035766602,-0.01256493479013443,a
0.40178483724594116,0.6940618753433228,-3.9270750562536705e-07,0.4624776244163513,0.6453631520271301,-0.020564747974276543,0.507597804069519,0.5545112490653992,-0.02581925503909588,0.5225825309753418,0.47348883748054504,-0.031159287318587303,0.520014226436615,0.4033028483390808,-0.033895354717969894,0.4775545299053192,0.4878542423248291,-0.0048952787183225155,0.4858952760696411,0.443676233291626,-0.035503536462783813,0.4730340242385864,0.5092628598213196,-0.053112857043743134,0.4630747437477112,0.5646716952323914,-0.057958029210567474,0.4350842833518982,0.48734045028686523,-0.003936843480914831,0.44314154982566833,0.4409709572792053,-0.03550320491194725,0.43583112955093384,0.5199505686759949,-0.04234961047768593,0.43151766061782837,0.5797104835510254,-0.03740938380360603,0.39378175139427185,0.49654218554496765,-0.008233984932303429,0.4007119834423065,0.4507887661457062,-0.038954008370637894,0.40410083532333374,0.5270845293998718,-0.030933912843465805,0.405727744102478,0.5814819931983948,-0.015238572843372822,0.352572500705719,0.5148778557777405,-0.014225841499865055,0.3602636754512787,0.4742363393306732,-0.03476826101541519,0.37082284688949585,0.5245446562767029,-0.026467887684702873,0.375897616147995,0.5614723563194275,-0.01273083034902811,a
0.40054309368133545,0.6961451172828674,-4.0273258150591573e-07,0.46098873019218445,0.6496273279190063,-0.020779874175786972,0.5065344572067261,0.5578576922416687,-0.026118652895092964,0.5228293538093567,0.4765416979789734,-0.03150171414017677,0.5205433368682861,0.40532875061035156,-0.03418998792767525,0.4782966673374176,0.4907190799713135,-0.005394953303039074,0.4862945079803467,0.4454016089439392,-0.03636358305811882,0.4737556278705597,0.5116227865219116,-0.05367015302181244,0.4638979732990265,0.566444993019104,-0.05809664726257324,0.4355548918247223,0.48953860998153687,-0.004461406730115414,0.4438623785972595,0.44130775332450867,-0.03629671782255173,0.43688613176345825,0.5216864347457886,-0.04278537258505821,0.4320460557937622,0.5809521079063416,-0.03747321292757988,0.3936995565891266,0.4978612959384918,-0.008820506744086742,0.4011411964893341,0.4497950077056885,-0.0402095727622509,0.40483328700065613,0.5282023549079895,-0.031901765614748,0.4060799181461334,0.5831046104431152,-0.01576734334230423,0.35198530554771423,0.5151092410087585,-0.014853199943900108,0.36081191897392273,0.47253140807151794,-0.03603988513350487,0.37178874015808105,0.5240435600280762,-0.027728579938411713,0.3765729069709778,0.5619068145751953,-0.013819015584886074,a
0.40160030126571655,0.6979991793632507,-3.9446419464184146e-07,0.46147313714027405,0.6513906717300415,-0.02150311879813671,0.507480800151825,0.5591374635696411,-0.02709636278450489,0.5244538187980652,0.4770042300224304,-0.032633379101753235,0.5218381881713867,0.405564546585083,-0.03535288944840431,0.4781770408153534,0.49203982949256897,-0.005369326565414667,0.4868066906929016,0.44535601139068604,-0.036785274744033813,0.47505104541778564,0.5119348764419556,-0.0546332411468029,0.4652072787284851,0.5668466687202454,-0.05942680686712265,0.4358847439289093,0.49107488989830017,-0.004200377967208624,0.4445042610168457,0.44152024388313293,-0.036277517676353455,0.43817582726478577,0.5220121145248413,-0.04311226308345795,0.4331531524658203,0.5812532901763916,-0.038037531077861786,0.3946361839771271,0.49957704544067383,-0.008448404259979725,0.40182629227638245,0.4506009817123413,-0.039684053510427475,0.40580055117607117,0.5287110805511475,-0.031089728698134422,0.4066585302352905,0.5830708742141724,-0.014845124445855618,0.35328906774520874,0.516739010810852,-0.014519650489091873,0.362030029296875,0.47331494092941284,-0.03538075089454651,0.37263256311416626,0.5251496434211731,-0.026704948395490646,0.37686559557914734,0.5629360675811768,-0.012625801376998425,a
0.40236619114875793,0.6994363069534302,-3.9494017300967244e-07,0.4629670977592468,0.6516730785369873,-0.0216224268078804,0.5076013803482056,0.5581177473068237,-0.027201469987630844,0.5230792760848999,0.47585007548332214,-0.03282024711370468,0.5214121341705322,0.40465033054351807,-0.035637158900499344,0.4785337448120117,0.4919081926345825,-0.005012171808630228,0.4873766005039215,0.4456889033317566,-0.03668457642197609,0.47549858689308167,0.512749969959259,-0.05460844933986664,0.46572351455688477,0.567326545715332,-0.05946922302246094,0.43601858615875244,0.4907001852989197,-0.004006470553576946,0.44508689641952515,0.442146897315979,-0.03682215139269829,0.43866515159606934,0.5232626795768738,-0.04386258125305176,0.43361684679985046,0.5827573537826538,-0.0387529693543911,0.3943788707256317,0.4988805651664734,-0.008511129766702652,0.40258729457855225,0.4510805010795593,-0.040978413075208664,0.406270295381546,0.5305126905441284,-0.03270237520337105,0.40679827332496643,0.5856032371520996,-0.016232509166002274,0.352794349193573,0.5158063173294067,-0.014784715138375759,0.36162036657333374,0.4728672504425049,-0.03660629689693451,0.3720734119415283,0.525883138179779,-0.028212761506438255,0.3758740723133087,0.5643804669380188,-0.014073344878852367,a
0.4009743630886078,0.6993701457977295,-4.026979638638295e-07,0.46138235926628113,0.6518148183822632,-0.021929319947957993,0.5072609186172485,0.5608952045440674,-0.027900516986846924,0.524675726890564,0.4789840877056122,-0.03394395858049393,0.5217509865760803,0.40695884823799133,-0.03725534677505493,0.48008573055267334,0.4908003807067871,-0.0037551457062363625,0.48653051257133484,0.4473568797111511,-0.036243557929992676,0.4740350842475891,0.513755738735199,-0.05542725697159767,0.4638301134109497,0.5685785412788391,-0.06101326271891594,0.43713825941085815,0.48916172981262207,-0.002615103032439947,0.4443220794200897,0.4432516396045685,-0.03630692511796951,0.43736574053764343,0.5243963003158569,-0.04433518648147583,0.4323825240135193,0.5842369794845581,-0.0396285355091095,0.3954790532588959,0.4972425699234009,-0.007124181836843491,0.40146952867507935,0.4515722692012787,-0.0400300994515419,0.40462273359298706,0.5304841995239258,-0.03209834173321724,0.40562114119529724,0.5850746035575867,-0.0157026257365942,0.35378000140190125,0.5145437121391296,-0.01346005778759718,0.36142241954803467,0.4741660952568054,-0.035444218665361404,0.37102094292640686,0.527167797088623,-0.027078881859779358,0.3750516474246979,0.5643199682235718,-0.012745672836899757,a
0.3994709253311157,0.6985315680503845,-4.056130649132683e-07,0.46112990379333496,0.6520078778266907,-0.022159714251756668,0.5068864822387695,0.5601635575294495,-0.02809120900928974,0.5224558115005493,0.47748246788978577,-0.033949654549360275,0.5210107564926147,0.40548986196517944,-0.037070248275995255,0.47884806990623474,0.49247241020202637,-0.005415022373199463,0.4874865710735321,0.4481066167354584,-0.03765405714511871,0.47427117824554443,0.515169084072113,-0.05607493594288826,0.46397045254707336,0.5706272125244141,-0.06116394326090813,0.4362389147281647,0.4907689690589905,-0.004026609007269144,0.4452002942562103,0.4446873664855957,-0.0376269705593586,0.43716609477996826,0.525823712348938,-0.04505006968975067,0.4317006766796112,0.5864949226379395,-0.039989933371543884,0.3946206271648407,0.4985124468803406,-0.008206079714000225,0.4020773768424988,0.4526273012161255,-0.04115447774529457,0.40466275811195374,0.5318779945373535,-0.033302683383226395,0.4054873585700989,0.5877541899681091,-0.017001591622829437,0.35303765535354614,0.5151975750923157,-0.014173661358654499,0.3606657385826111,0.4745611250400543,-0.036512091755867004,0.3706528842449188,0.5276818871498108,-0.028685176745057106,0.37507686018943787,0.5663065314292908,-0.014806857332587242,a
0.3987613916397095,0.7019679546356201,-4.0938689949143736e-07,0.46056562662124634,0.6545875072479248,-0.021543137729167938,0.5062084197998047,0.5625729560852051,-0.02693786658346653,0.5217984914779663,0.4805465042591095,-0.0325930081307888,0.520613431930542,0.4086604118347168,-0.03543473035097122,0.4785759747028351,0.49627095460891724,-0.003335572313517332,0.4861171841621399,0.44900014996528625,-0.03516138345003128,0.47320595383644104,0.5153663754463196,-0.05362624302506447,0.46317124366760254,0.5716785788536072,-0.058668479323387146,0.4357827603816986,0.49480438232421875,-0.0021065573673695326,0.4435330927371979,0.4475713074207306,-0.035527944564819336,0.4360295534133911,0.5277430415153503,-0.04349873960018158,0.43106457591056824,0.5889056324958801,-0.03878342732787132,0.3943190276622772,0.5025147199630737,-0.006519773509353399,0.4009098410606384,0.454685777425766,-0.038581483066082,0.4034079611301422,0.5320987105369568,-0.031121736392378807,0.40480995178222656,0.588499903678894,-0.01527818851172924,0.3532508611679077,0.518750786781311,-0.01281519141048193,0.3602074384689331,0.47711896896362305,-0.0342654250562191,0.36893004179000854,0.5282958745956421,-0.026689589023590088,0.37303832173347473,0.5669337511062622,-0.013169489800930023,a
0.39722123742103577,0.705071210861206,-4.2179141246379004e-07,0.45921218395233154,0.6587242484092712,-0.023661350831389427,0.505952000617981,0.5657098293304443,-0.029810719192028046,0.5211235284805298,0.4818359911441803,-0.03560256212949753,0.5196695923805237,0.409420371055603,-0.03833119571208954,0.4773775339126587,0.49808263778686523,-0.004959360230714083,0.4851529002189636,0.45300644636154175,-0.037467580288648605,0.4702979326248169,0.521242618560791,-0.05619065836071968,0.4598308503627777,0.5775302052497864,-0.06142999976873398,0.4346473515033722,0.49659430980682373,-0.0027340163942426443,0.44267523288726807,0.4500647783279419,-0.0372583270072937,0.4338865578174591,0.5314592123031616,-0.04519303888082504,0.4289649426937103,0.5929966568946838,-0.04015040397644043,0.3935469686985016,0.5040958523750305,-0.006342131644487381,0.3996095061302185,0.45713913440704346,-0.03924844413995743,0.4014839231967926,0.5355963110923767,-0.031497132033109665,0.403150737285614,0.5919227004051208,-0.015231785364449024,0.35276204347610474,0.5198215246200562,-0.011988620273768902,0.359637051820755,0.4792717397212982,-0.03400305286049843,0.3675004243850708,0.5323477387428284,-0.026488473638892174,0.37159305810928345,0.5713313221931458,-0.012850912287831306,a
0.3953251540660858,0.7094932198524475,-4.2210626816086005e-07,0.45754334330558777,0.6627441644668579,-0.022259123623371124,0.5035514235496521,0.569832980632782,-0.027804747223854065,0.5192612409591675,0.487201988697052,-0.0333683043718338,0.5179292559623718,0.41503289341926575,-0.035905871540308,0.47619861364364624,0.5014115571975708,-0.0033983022440224886,0.4838534891605377,0.4565625786781311,-0.035154957324266434,0.4694700837135315,0.5252373218536377,-0.053542304784059525,0.45938506722450256,0.5816695094108582,-0.05859696865081787,0.4334936738014221,0.4994623363018036,-0.0017390677239745855,0.4409583508968353,0.4544355571269989,-0.03545309603214264,0.43272969126701355,0.5358673930168152,-0.04320374131202698,0.42809993028640747,0.5970085859298706,-0.038137417286634445,0.39212271571159363,0.5067588090896606,-0.005806535482406616,0.3978816270828247,0.46117496490478516,-0.03780665248632431,0.4001653790473938,0.5392216444015503,-0.030081694945693016,0.4020027220249176,0.5952794551849365,-0.013975207693874836,0.35114240646362305,0.5225308537483215,-0.011857966892421246,0.35769855976104736,0.48253583908081055,-0.03310450538992882,0.3663254678249359,0.5350943803787231,-0.02544184774160385,0.3706490695476532,0.57412189245224,-0.011766526848077774,a
0.39482301473617554,0.714227557182312,-4.123064059058379e-07,0.45645830035209656,0.6667488813400269,-0.02239960804581642,0.5019264817237854,0.5731952786445618,-0.02805473282933235,0.5176977515220642,0.48988091945648193,-0.033938582986593246,0.5165804028511047,0.41695645451545715,-0.0367870070040226,0.4738953411579132,0.5050884485244751,-0.003141425782814622,0.4819924235343933,0.45832446217536926,-0.03521899878978729,0.46857893466949463,0.5267468690872192,-0.0537642166018486,0.45875775814056396,0.5832886695861816,-0.05882876738905907,0.43147772550582886,0.5039942264556885,-0.0017159414710476995,0.4396672546863556,0.4567190706729889,-0.03568107634782791,0.4315483570098877,0.5374482274055481,-0.04390086978673935,0.4262842535972595,0.598737359046936,-0.03912532702088356,0.390100359916687,0.5118374228477478,-0.0061171227134764194,0.3965766727924347,0.46374988555908203,-0.03867417573928833,0.3985697627067566,0.5411829948425293,-0.03149433434009552,0.39958706498146057,0.5979524254798889,-0.015573913231492043,0.34909942746162415,0.527728259563446,-0.012484394945204258,0.35543444752693176,0.48492515087127686,-0.0341791957616806,0.36409369111061096,0.5362581610679626,-0.02680695429444313,0.3682757616043091,0.5759415030479431,-0.013233483768999577,a
0.39313840866088867,0.714923620223999,-3.9900066894915653e-07,0.45576921105384827,0.6655673384666443,-0.022442106157541275,0.5017125606536865,0.5746283531188965,-0.02855735644698143,0.5177739858627319,0.4917915165424347,-0.03497767820954323,0.5151850581169128,0.419149249792099,-0.0385575033724308,0.47138914465904236,0.5069680213928223,-0.003501756116747856,0.4804360568523407,0.4601048231124878,-0.03606594726443291,0.467858225107193,0.5276143550872803,-0.055550720542669296,0.45842987298965454,0.5844433903694153,-0.06129152327775955,0.4285295605659485,0.5063561201095581,-0.002066775457933545,0.43789854645729065,0.45966947078704834,-0.03647034987807274,0.43096816539764404,0.539871096611023,-0.04551972821354866,0.42663127183914185,0.6019544005393982,-0.04151735454797745,0.3874286413192749,0.5142225027084351,-0.006431130692362785,0.39513033628463745,0.46633005142211914,-0.038975123316049576,0.39828941226005554,0.5422871708869934,-0.03247169032692909,0.4000747501850128,0.5996080636978149,-0.017203375697135925,0.3466451168060303,0.5304604768753052,-0.012816726230084896,0.354492723941803,0.4871865510940552,-0.034741152077913284,0.36399057507514954,0.5383309721946716,-0.02786829136312008,0.36860406398773193,0.5795136094093323,-0.014725412242114544,a
0.39211395382881165,0.7155271172523499,-4.002607454367535e-07,0.4540838301181793,0.6674424409866333,-0.021775053814053535,0.4994655251502991,0.5758268237113953,-0.027683980762958527,0.5145519971847534,0.4937058687210083,-0.03371606022119522,0.5143146514892578,0.4217641353607178,-0.03697134554386139,0.4696906805038452,0.5068070292472839,-0.0047203847207129,0.4785943329334259,0.45995423197746277,-0.036329615861177444,0.46603265404701233,0.5267381072044373,-0.054945673793554306,0.4566676616668701,0.5832524299621582,-0.06030002236366272,0.42684072256088257,0.5060849189758301,-0.0033929503988474607,0.43612992763519287,0.46037018299102783,-0.03639334812760353,0.42863377928733826,0.5397757887840271,-0.04434897378087044,0.42412450909614563,0.6010105013847351,-0.03993264213204384,0.3857785165309906,0.5144155025482178,-0.007615198381245136,0.3933863639831543,0.46836352348327637,-0.03886766731739044,0.39645808935165405,0.5438188314437866,-0.031776320189237595,0.3986748158931732,0.5998503565788269,-0.016543207690119743,0.34536099433898926,0.5317291021347046,-0.013768826611340046,0.3535711169242859,0.48984816670417786,-0.034796763211488724,0.3634387254714966,0.5407998561859131,-0.0274050273001194,0.36842986941337585,0.5806440711021423,-0.014159287326037884,a
0.39211583137512207,0.7150170803070068,-4.0543369550505304e-07,0.4535367488861084,0.6675974130630493,-0.023023536428809166,0.49958503246307373,0.5760012269020081,-0.02927868440747261,0.5155090689659119,0.4932748079299927,-0.03531379625201225,0.5143420100212097,0.42100414633750916,-0.03831786662340164,0.4705803096294403,0.5075749754905701,-0.004915143363177776,0.4776993989944458,0.4612419605255127,-0.03710877150297165,0.4646305739879608,0.5282608866691589,-0.055814944207668304,0.45548704266548157,0.5838649868965149,-0.06124221906065941,0.4277699291706085,0.5062060952186584,-0.003251903224736452,0.4353253245353699,0.45900237560272217,-0.03741760924458504,0.42743411660194397,0.539811372756958,-0.0453837551176548,0.4235072135925293,0.6005837321281433,-0.040513113141059875,0.38663384318351746,0.5140103101730347,-0.007320206146687269,0.3925796151161194,0.467456579208374,-0.0397174097597599,0.3950321674346924,0.544692873954773,-0.03178843483328819,0.39752432703971863,0.5992989540100098,-0.015608702786266804,0.34573817253112793,0.5308327674865723,-0.013433742336928844,0.35320329666137695,0.4909096360206604,-0.035075847059488297,0.36213448643684387,0.5436915159225464,-0.02722717449069023,0.36729297041893005,0.5817446708679199,-0.013459683395922184,a
0.38989031314849854,0.7159346342086792,-4.012649981177674e-07,0.45122095942497253,0.6701319217681885,-0.022547222673892975,0.49706771969795227,0.5758429765701294,-0.028156230226159096,0.5144379138946533,0.4931216835975647,-0.03356688842177391,0.5140955448150635,0.42065009474754333,-0.03586529195308685,0.4673407971858978,0.5066148638725281,-0.0045739710330963135,0.47741058468818665,0.4598865509033203,-0.035767942667007446,0.46395769715309143,0.5281127691268921,-0.053526218980550766,0.45390090346336365,0.5842148661613464,-0.05834265053272247,0.42504164576530457,0.5052881836891174,-0.0030040713027119637,0.43469178676605225,0.4591171145439148,-0.03559346869587898,0.4261842668056488,0.540598452091217,-0.04236596077680588,0.4212602972984314,0.6006923913955688,-0.03688078746199608,0.38380059599876404,0.513582706451416,-0.0071874819695949554,0.3924213945865631,0.46843886375427246,-0.03836207091808319,0.39449092745780945,0.546526312828064,-0.029697837308049202,0.3957791030406952,0.6008315086364746,-0.013255937956273556,0.3431130051612854,0.5308260917663574,-0.013405938632786274,0.35310885310173035,0.49110645055770874,-0.033964697271585464,0.36194849014282227,0.5441592335700989,-0.025264931842684746,0.3658240735530853,0.5819469690322876,-0.011081725358963013,a
0.3908745348453522,0.7171881198883057,-4.092373444564146e-07,0.4521505832672119,0.6692690849304199,-0.022525524720549583,0.4977706968784332,0.5766409039497375,-0.02868591621518135,0.5146340727806091,0.49370142817497253,-0.03483647108078003,0.5129616260528564,0.4211258888244629,-0.03806371986865997,0.4684188961982727,0.5083056688308716,-0.0058220149949193,0.477143794298172,0.4621375501155853,-0.03813160955905914,0.46374085545539856,0.5299137830734253,-0.056671835482120514,0.45356136560440063,0.5857990384101868,-0.061855170875787735,0.4254060983657837,0.5072833895683289,-0.004567630123347044,0.4344780147075653,0.4594265818595886,-0.03833291307091713,0.4263116717338562,0.540952205657959,-0.04588377848267555,0.42143991589546204,0.6021228432655334,-0.04084049537777901,0.3838686943054199,0.5156812071800232,-0.008948544040322304,0.39164507389068604,0.4675045907497406,-0.04120778664946556,0.3940000832080841,0.5450828671455383,-0.03328312933444977,0.39522290229797363,0.6007686257362366,-0.017057983204722404,0.34279581904411316,0.5328264236450195,-0.015299270860850811,0.35041892528533936,0.48989009857177734,-0.03670555725693703,0.3603731095790863,0.5409511923789978,-0.028674360364675522,0.3653970956802368,0.579822301864624,-0.01475848350673914,a
0.3903738260269165,0.7160664796829224,-4.00654215582108e-07,0.45168399810791016,0.6684368848800659,-0.02321862056851387,0.4971155822277069,0.5764387845993042,-0.029801014810800552,0.5138311982154846,0.49389323592185974,-0.036169443279504776,0.5121629238128662,0.4216241240501404,-0.03954189643263817,0.4674832224845886,0.5079118609428406,-0.006193773355334997,0.4763527810573578,0.461556613445282,-0.03898392245173454,0.4633055031299591,0.5298109650611877,-0.05797479301691055,0.4535292088985443,0.5858208537101746,-0.06345173716545105,0.42461100220680237,0.507085382938385,-0.004632639233022928,0.43422386050224304,0.45891883969306946,-0.03891485929489136,0.42615795135498047,0.5403533577919006,-0.04666247218847275,0.4212126135826111,0.6015247702598572,-0.04162212088704109,0.38360336422920227,0.5158447623252869,-0.008790155872702599,0.3914908766746521,0.46792182326316833,-0.04148508980870247,0.39387181401252747,0.5458202958106995,-0.03331220895051956,0.3951050937175751,0.6013450026512146,-0.016800105571746826,0.34319695830345154,0.5335626006126404,-0.014971972443163395,0.3513850271701813,0.4914458990097046,-0.036851316690444946,0.36069321632385254,0.543775200843811,-0.02866758033633232,0.3649783432483673,0.5825240015983582,-0.0145338149741292,a
0.38911134004592896,0.7167527675628662,-4.066785379563953e-07,0.451181560754776,0.6688439846038818,-0.022461719810962677,0.4960242807865143,0.5782257914543152,-0.028723713010549545,0.5121596455574036,0.4964088201522827,-0.035052888095378876,0.5116082429885864,0.4242580533027649,-0.03856301307678223,0.46637657284736633,0.5089203119277954,-0.005785915069282055,0.47573840618133545,0.46200117468833923,-0.03779160603880882,0.4622957110404968,0.5289635062217712,-0.056407537311315536,0.45193082094192505,0.5855791568756104,-0.06169719994068146,0.4238140881061554,0.5075617432594299,-0.004352641757577658,0.43310776352882385,0.46130403876304626,-0.03785979002714157,0.4247407019138336,0.5416118502616882,-0.0456417053937912,0.41967254877090454,0.6034943461418152,-0.04093872010707855,0.3826337456703186,0.515778124332428,-0.008579843677580357,0.39041176438331604,0.46928319334983826,-0.040431007742881775,0.39278215169906616,0.5454553365707397,-0.03331862390041351,0.39442864060401917,0.6021714806556702,-0.017822107300162315,0.34210991859436035,0.5329886674880981,-0.014791350811719894,0.34926241636276245,0.4910828173160553,-0.0361909493803978,0.359396755695343,0.5405563116073608,-0.029034696519374847,0.3648119866847992,0.5796746015548706,-0.015864264219999313,a
0.3877459466457367,0.7188789248466492,-4.110658551326196e-07,0.44908013939857483,0.6716980934143066,-0.02226766012609005,0.4951799809932709,0.5798241496086121,-0.02830418199300766,0.5124591588973999,0.4971182346343994,-0.03428936377167702,0.5111522078514099,0.42451000213623047,-0.037344466894865036,0.4663420617580414,0.5103362798690796,-0.005104313604533672,0.4751145541667938,0.4636507034301758,-0.036907825618982315,0.4621487855911255,0.5308980345726013,-0.055272869765758514,0.4520644545555115,0.5867870450019836,-0.06041121110320091,0.4239596426486969,0.509137749671936,-0.0036903261207044125,0.4325979948043823,0.46154141426086426,-0.036729227751493454,0.42471936345100403,0.5423372387886047,-0.044046610593795776,0.4197148382663727,0.6028870344161987,-0.039036501199007034,0.382864385843277,0.517597496509552,-0.007921277545392513,0.3896022439002991,0.47007226943969727,-0.03950057178735733,0.3923736810684204,0.547175407409668,-0.031504616141319275,0.3940151631832123,0.6024054884910583,-0.015472572296857834,0.34219256043434143,0.5350232124328613,-0.014114750549197197,0.3494448661804199,0.49305588006973267,-0.035148996859788895,0.3593302071094513,0.5440065860748291,-0.027244675904512405,0.36447107791900635,0.5820526480674744,-0.013588596135377884,a
0.3865851163864136,0.7202455997467041,-4.151678183461627e-07,0.4476858079433441,0.6738665699958801,-0.022295771166682243,0.49384626746177673,0.5816403031349182,-0.028476158156991005,0.5117411017417908,0.4987638294696808,-0.03477469086647034,0.5112060308456421,0.42546546459198,-0.03809398412704468,0.4654977023601532,0.5111609697341919,-0.005089379847049713,0.4749498963356018,0.46444961428642273,-0.03759195655584335,0.46232330799102783,0.5326409339904785,-0.05612868815660477,0.4525603652000427,0.588985025882721,-0.06113069877028465,0.4230361580848694,0.509529709815979,-0.003832697868347168,0.4328753352165222,0.46321266889572144,-0.037694051861763,0.4247666895389557,0.5451586246490479,-0.04513256251811981,0.419540137052536,0.6060162782669067,-0.03992040827870369,0.38193678855895996,0.5175526738166809,-0.008319475688040257,0.38957375288009644,0.47100716829299927,-0.04057462885975838,0.39226415753364563,0.5492461323738098,-0.032673485577106476,0.393977552652359,0.6049727201461792,-0.016414474695920944,0.3413359820842743,0.5346959829330444,-0.014786133542656898,0.3485616445541382,0.492792546749115,-0.03614969924092293,0.35907018184661865,0.5440676808357239,-0.02841230481863022,0.3649049997329712,0.5826570391654968,-0.014703010208904743,a
0.3880789279937744,0.7213472127914429,-4.079493862718664e-07,0.44963401556015015,0.672877848148346,-0.021898828446865082,0.49479755759239197,0.5817255973815918,-0.028065357357263565,0.5118806958198547,0.49941059947013855,-0.034465182572603226,0.5112115740776062,0.4265470504760742,-0.03802882879972458,0.46497389674186707,0.5117795467376709,-0.004622022155672312,0.4737653136253357,0.4649754464626312,-0.037223611027002335,0.46102699637413025,0.5326070785522461,-0.05625510215759277,0.4509555697441101,0.5890243649482727,-0.06159816309809685,0.4225527048110962,0.510185718536377,-0.003493973519653082,0.43136170506477356,0.4642331898212433,-0.03726137429475784,0.42361217737197876,0.5456115007400513,-0.045102473348379135,0.4184510111808777,0.6066779494285583,-0.040284618735313416,0.3814820945262909,0.51836097240448,-0.00806489959359169,0.3884395956993103,0.47160962224006653,-0.04025446996092796,0.3913249671459198,0.5492025017738342,-0.03260505571961403,0.39294981956481934,0.6051435470581055,-0.016580304130911827,0.3407914638519287,0.5357767343521118,-0.01457043457776308,0.3479686975479126,0.4931948781013489,-0.036029163748025894,0.3585233688354492,0.5446001887321472,-0.028240490704774857,0.36408355832099915,0.5839754939079285,-0.014454123564064503,a
0.38849109411239624,0.7210328578948975,-4.014231649307476e-07,0.449646919965744,0.6716886758804321,-0.0223452877253294,0.49492907524108887,0.5825704336166382,-0.02896890975534916,0.5119010210037231,0.5005000233650208,-0.03576857969164848,0.5102545022964478,0.4280490577220917,-0.03977449610829353,0.46555501222610474,0.5139867067337036,-0.005309749394655228,0.47359928488731384,0.46561676263809204,-0.038126200437545776,0.46081575751304626,0.5328766703605652,-0.05736411735415459,0.4512411952018738,0.5897797346115112,-0.06282545626163483,0.4229177236557007,0.5129033327102661,-0.004051529336720705,0.4318358302116394,0.463855504989624,-0.03814307600259781,0.42388641834259033,0.5445742607116699,-0.04638417810201645,0.4188750386238098,0.606407105922699,-0.04180719703435898,0.3818909823894501,0.5211490988731384,-0.008430829271674156,0.3892630636692047,0.4715583026409149,-0.0409744456410408,0.3917559087276459,0.5487101078033447,-0.03360334411263466,0.3929979205131531,0.6056811213493347,-0.017632026225328445,0.3412345051765442,0.5383056402206421,-0.014753367751836777,0.3479098379611969,0.49373871088027954,-0.036604009568691254,0.3583754301071167,0.544089138507843,-0.029015695676207542,0.3635798394680023,0.5837635397911072,-0.01526704616844654,a
0.38745594024658203,0.7210100889205933,-4.055917486311955e-07,0.44870826601982117,0.6734983325004578,-0.023287203162908554,0.4944171607494354,0.5840150117874146,-0.030147269368171692,0.5121853947639465,0.5014711618423462,-0.03689141198992729,0.5104777216911316,0.42850494384765625,-0.04075142741203308,0.46524494886398315,0.5151509642601013,-0.006839549168944359,0.4731222093105316,0.4654231667518616,-0.039513085037469864,0.46026235818862915,0.5334143042564392,-0.058438755571842194,0.45069172978401184,0.5904640555381775,-0.06375261396169662,0.4227655827999115,0.5140007138252258,-0.005109131336212158,0.4313843548297882,0.4645666480064392,-0.03910122439265251,0.4235885441303253,0.5457693338394165,-0.04705541208386421,0.41843926906585693,0.6075212955474854,-0.04234258830547333,0.38159260153770447,0.522335946559906,-0.009031902067363262,0.38873961567878723,0.47227993607521057,-0.04139919579029083,0.3917211592197418,0.5491737127304077,-0.033979158848524094,0.3929276466369629,0.6057175993919373,-0.018094602972269058,0.34076637029647827,0.5392826795578003,-0.014973478391766548,0.3474172055721283,0.49440333247184753,-0.03688036650419235,0.35827210545539856,0.5442382097244263,-0.02948904037475586,0.363461971282959,0.5835465788841248,-0.01595926471054554,a
0.38724347949028015,0.7231451869010925,-4.106903190859157e-07,0.4479171335697174,0.675561249256134,-0.022978078573942184,0.4940072298049927,0.5849183797836304,-0.02967718616127968,0.5122244954109192,0.5019885897636414,-0.03629434481263161,0.5100637078285217,0.4287506341934204,-0.04000053182244301,0.4649937152862549,0.5155460834503174,-0.006361166015267372,0.473452091217041,0.46765366196632385,-0.03928884118795395,0.46003538370132446,0.5356444716453552,-0.058357901871204376,0.45004886388778687,0.5919768214225769,-0.06374871730804443,0.4224954843521118,0.5138968825340271,-0.004805814474821091,0.43179574608802795,0.4659302830696106,-0.03886916860938072,0.4236367642879486,0.5472316741943359,-0.04662240296602249,0.4183279275894165,0.6084194183349609,-0.04177968204021454,0.38151171803474426,0.5219026207923889,-0.008954650722444057,0.38866424560546875,0.4728727340698242,-0.0413164384663105,0.3914433717727661,0.550047755241394,-0.03358812630176544,0.39281320571899414,0.6061577200889587,-0.01755428873002529,0.34086713194847107,0.5386954545974731,-0.015120494179427624,0.34805265069007874,0.49480271339416504,-0.036906760185956955,0.3582911193370819,0.5457544326782227,-0.029302671551704407,0.36324435472488403,0.5852546095848083,-0.015657251700758934,a
0.3861072063446045,0.7243439555168152,-4.086620890575432e-07,0.44584521651268005,0.6788130402565002,-0.023830076679587364,0.4925946891307831,0.5866016149520874,-0.03066272661089897,0.5127114653587341,0.5031353235244751,-0.037219058722257614,0.5106145143508911,0.4293185770511627,-0.04071440547704697,0.46562886238098145,0.5172067880630493,-0.006997284013777971,0.47310513257980347,0.46806055307388306,-0.04010903090238571,0.46037840843200684,0.53696608543396,-0.05895131826400757,0.45114433765411377,0.593265175819397,-0.06412474811077118,0.42299091815948486,0.5154637694358826,-0.005154126789420843,0.4315367639064789,0.46613895893096924,-0.03961382433772087,0.42389437556266785,0.5485855937004089,-0.04713635891675949,0.4188057482242584,0.6092673540115356,-0.0419180803000927,0.38152897357940674,0.5232948660850525,-0.009096655063331127,0.3884534239768982,0.473734587430954,-0.04202001914381981,0.3912925720214844,0.5528725385665894,-0.03359368070960045,0.39251115918159485,0.6083303689956665,-0.016860146075487137,0.34034788608551025,0.5396254062652588,-0.015117981471121311,0.34837573766708374,0.4964006543159485,-0.03712908551096916,0.3581276535987854,0.5490410923957825,-0.02894505485892296,0.36228716373443604,0.5877394080162048,-0.014791853725910187,a
0.3858882784843445,0.7258123159408569,-4.1072831891142414e-07,0.44591015577316284,0.6793784499168396,-0.0237919632345438,0.49217358231544495,0.587602972984314,-0.030647780746221542,0.5121631026268005,0.5042222142219543,-0.037340372800827026,0.5105738043785095,0.4301240146160126,-0.04093589261174202,0.46559232473373413,0.5175483226776123,-0.006460392847657204,0.47310566902160645,0.46811407804489136,-0.03965814411640167,0.4592503011226654,0.5365787744522095,-0.05870837718248367,0.4496499300003052,0.5927488803863525,-0.06407324224710464,0.42297226190567017,0.5156737565994263,-0.004745138809084892,0.4313508868217468,0.4670012593269348,-0.03967062756419182,0.42264899611473083,0.5488646626472473,-0.047557439655065536,0.4174961447715759,0.6100304126739502,-0.04243026673793793,0.38187187910079956,0.5235780477523804,-0.008891844190657139,0.38815730810165405,0.4746582806110382,-0.04187830910086632,0.3902685344219208,0.5527304410934448,-0.03386808931827545,0.39191561937332153,0.6086426973342896,-0.017365673556923866,0.3414593040943146,0.5402913093566895,-0.015160392969846725,0.3480670750141144,0.497527152299881,-0.037196364253759384,0.3571912944316864,0.5494499206542969,-0.029414404183626175,0.3620568811893463,0.5884767174720764,-0.015498521737754345,a
0.3850109279155731,0.7241008281707764,-4.1176136278409103e-07,0.4460952877998352,0.6772703528404236,-0.0234909076243639,0.49265938997268677,0.5874059796333313,-0.030376208946108818,0.5123236775398254,0.5047216415405273,-0.03715198114514351,0.5105619430541992,0.4312796890735626,-0.04085979238152504,0.4658592641353607,0.517494797706604,-0.006044061854481697,0.47317004203796387,0.4675934910774231,-0.03922335430979729,0.45962098240852356,0.5356446504592896,-0.05846714600920677,0.45047178864479065,0.5921785235404968,-0.06401985883712769,0.4232664704322815,0.5156126618385315,-0.004310527816414833,0.43091338872909546,0.4675613343715668,-0.03918810561299324,0.4225904643535614,0.5491505861282349,-0.04725656285881996,0.41810378432273865,0.610004723072052,-0.042423591017723083,0.38227441906929016,0.5232828259468079,-0.008397352881729603,0.388277530670166,0.4745725989341736,-0.041250936686992645,0.3902575373649597,0.5523529648780823,-0.03305528312921524,0.3920258581638336,0.6078077554702759,-0.016604337841272354,0.34202662110328674,0.5399161577224731,-0.01460340153425932,0.3485085666179657,0.49809378385543823,-0.036645326763391495,0.35699334740638733,0.5508034825325012,-0.02878647856414318,0.3615434467792511,0.5900036692619324,-0.014869333244860172,a
0.3835369348526001,0.7232466340065002,-4.0818426327859925e-07,0.4445975720882416,0.6775323152542114,-0.023436708375811577,0.491737961769104,0.5881021618843079,-0.0303560309112072,0.5114075541496277,0.5054202079772949,-0.037176940590143204,0.5098411440849304,0.431745707988739,-0.04089691489934921,0.4649060368537903,0.5180773138999939,-0.006500047631561756,0.4727395176887512,0.46781057119369507,-0.039942242205142975,0.45925936102867126,0.5357035398483276,-0.05894060060381889,0.45030590891838074,0.5919470191001892,-0.06420168280601501,0.42271360754966736,0.5159634351730347,-0.004890663083642721,0.431252121925354,0.4664740562438965,-0.0401589497923851,0.4226338565349579,0.5483788847923279,-0.04809725657105446,0.4177766442298889,0.6092406511306763,-0.0429978221654892,0.3818952143192291,0.5233060121536255,-0.009082368575036526,0.3882286250591278,0.47356370091438293,-0.042439185082912445,0.39024895429611206,0.5518414974212646,-0.03437812998890877,0.3919698894023895,0.607545018196106,-0.017788851633667946,0.34144580364227295,0.5393269062042236,-0.015325244516134262,0.3478100895881653,0.49708086252212524,-0.03754296526312828,0.35706788301467896,0.5491228699684143,-0.029851708561182022,0.36212658882141113,0.5880507230758667,-0.015987105667591095,a
0.3836681842803955,0.7200005054473877,-4.005814844276756e-07,0.44404926896095276,0.6750491261482239,-0.023482361808419228,0.49143558740615845,0.5856760740280151,-0.030590897426009178,0.5116678476333618,0.5040590763092041,-0.03745422884821892,0.5104822516441345,0.4310087561607361,-0.041230782866477966,0.4656916856765747,0.5147421360015869,-0.00694701075553894,0.4727643132209778,0.4670238196849823,-0.040307629853487015,0.45907023549079895,0.5343245267868042,-0.05966242775321007,0.4500424861907959,0.5899065136909485,-0.0654045045375824,0.4230349659919739,0.5124671459197998,-0.005373926367610693,0.4315096139907837,0.46574026346206665,-0.040525101125240326,0.4227573871612549,0.5468018054962158,-0.04850972443819046,0.41801831126213074,0.6069760322570801,-0.04369141533970833,0.3818584680557251,0.519718587398529,-0.009589772671461105,0.38846033811569214,0.4723264276981354,-0.042774636298418045,0.3904536962509155,0.5491148829460144,-0.034697044640779495,0.3923661410808563,0.6032723188400269,-0.018391625955700874,0.34128227829933167,0.5362802147865295,-0.01587066426873207,0.3490823805332184,0.49617332220077515,-0.038353342562913895,0.3576972186565399,0.5492063760757446,-0.030710259452462196,0.3622869849205017,0.5878893136978149,-0.016980545595288277,a
0.3837879002094269,0.7181321978569031,-3.9531670381620643e-07,0.44367584586143494,0.6745157241821289,-0.02363809570670128,0.49124184250831604,0.5853623747825623,-0.03064834326505661,0.5117384791374207,0.5033939480781555,-0.037427645176649094,0.510802686214447,0.43019014596939087,-0.04106661304831505,0.4652300179004669,0.5148535370826721,-0.007432367652654648,0.4724884331226349,0.4647802710533142,-0.04068705067038536,0.4589819610118866,0.532342255115509,-0.0593804232776165,0.44999539852142334,0.5880478620529175,-0.06444981694221497,0.42289310693740845,0.5125201344490051,-0.00571257621049881,0.4309767484664917,0.4639461934566498,-0.04046567156910896,0.4223397672176361,0.5452418923377991,-0.04790012910962105,0.41759732365608215,0.6047142148017883,-0.04260987788438797,0.38167911767959595,0.5195243954658508,-0.009769072756171227,0.38815608620643616,0.47064661979675293,-0.042839933186769485,0.39008426666259766,0.5485662221908569,-0.03442533314228058,0.3916441798210144,0.6030371189117432,-0.017748506739735603,0.3407384753227234,0.5351229310035706,-0.01587640307843685,0.3477992117404938,0.4934447407722473,-0.03787099942564964,0.357058048248291,0.5453173518180847,-0.029895510524511337,0.36161360144615173,0.5834129452705383,-0.015919197350740433,a
0.3848266005516052,0.7198859453201294,-4.055478086684161e-07,0.4438988268375397,0.6753577589988708,-0.023423677310347557,0.49111923575401306,0.5844272971153259,-0.030286990106105804,0.511543869972229,0.5025201439857483,-0.037052035331726074,0.5106295347213745,0.4293730854988098,-0.04066643491387367,0.4652416706085205,0.5136811137199402,-0.007227144204080105,0.4732474386692047,0.46483346819877625,-0.04059353843331337,0.4586006999015808,0.5322948694229126,-0.05936594679951668,0.4486750364303589,0.587794303894043,-0.06447415053844452,0.4229205846786499,0.5111560225486755,-0.005645779427140951,0.4321286976337433,0.4629354476928711,-0.04062654823064804,0.4225713908672333,0.5439327359199524,-0.04820433631539345,0.4171343147754669,0.6042153835296631,-0.04296738654375076,0.381756991147995,0.5181213617324829,-0.009869839996099472,0.38898688554763794,0.4682263731956482,-0.04306522384285927,0.3904527425765991,0.5457690358161926,-0.03530152142047882,0.391846626996994,0.601745069026947,-0.019016694277524948,0.3409506678581238,0.5338921546936035,-0.01615852303802967,0.34785163402557373,0.49087998270988464,-0.03865404427051544,0.35757988691329956,0.541265070438385,-0.031629253178834915,0.3632546365261078,0.5801751017570496,-0.01824221760034561,a
0.38506096601486206,0.7179753184318542,-3.995222357389139e-07,0.44616198539733887,0.6711968779563904,-0.022761818021535873,0.49275511503219604,0.5825805068016052,-0.029641766101121902,0.5116574764251709,0.501177191734314,-0.036581434309482574,0.5105536580085754,0.4283682703971863,-0.040667373687028885,0.46631747484207153,0.5132022500038147,-0.006170168984681368,0.4739536643028259,0.4653269648551941,-0.03934439644217491,0.45968741178512573,0.5313524007797241,-0.05875789374113083,0.4492667615413666,0.5869791507720947,-0.0644204169511795,0.42396217584609985,0.5109453797340393,-0.004871258046478033,0.4324609935283661,0.46194931864738464,-0.0392768420279026,0.4231714904308319,0.5413529276847839,-0.04754899442195892,0.4175668954849243,0.6022056937217712,-0.04306775704026222,0.3827694356441498,0.5181296467781067,-0.009259476326406002,0.38954660296440125,0.4679202139377594,-0.042100027203559875,0.3912849724292755,0.5443517565727234,-0.03482465818524361,0.3925188183784485,0.6006403565406799,-0.019009597599506378,0.34160780906677246,0.5342569351196289,-0.015622369945049286,0.3481418192386627,0.49076753854751587,-0.038013774901628494,0.35812464356422424,0.5410880446434021,-0.03089764341711998,0.36356788873672485,0.580221951007843,-0.017502371221780777,a
0.3857501149177551,0.7172673344612122,-3.9204400081871427e-07,0.44610440731048584,0.6708941459655762,-0.022733505815267563,0.49297022819519043,0.5817142128944397,-0.02964082919061184,0.5119408965110779,0.5007679462432861,-0.03662494942545891,0.5109032392501831,0.42872631549835205,-0.04072447866201401,0.4648129642009735,0.5114185214042664,-0.006971470080316067,0.47413524985313416,0.4650459289550781,-0.040166620165109634,0.46044090390205383,0.5319812297821045,-0.05943504720926285,0.44965624809265137,0.5876991748809814,-0.06490517407655716,0.4224575459957123,0.5098530650138855,-0.0059481472708284855,0.43313026428222656,0.46080106496810913,-0.040194831788539886,0.4242715537548065,0.5403038859367371,-0.04843677580356598,0.41786718368530273,0.6014574766159058,-0.043907005339860916,0.38137516379356384,0.5177055597305298,-0.010565651580691338,0.3900879919528961,0.4689827561378479,-0.04335792362689972,0.39219045639038086,0.544721245765686,-0.03655832260847092,0.39250171184539795,0.6009453535079956,-0.020976334810256958,0.3403981924057007,0.5343577265739441,-0.017118344083428383,0.3480156660079956,0.4890340268611908,-0.03908597305417061,0.3580467998981476,0.5376572012901306,-0.03187704458832741,0.36262860894203186,0.57720947265625,-0.01846948452293873,a
0.38794445991516113,0.7173793315887451,-4.0398543887931737e-07,0.44741252064704895,0.6708958148956299,-0.022620612755417824,0.4940081834793091,0.5811949372291565,-0.029237017035484314,0.5135664939880371,0.5002725720405579,-0.03575558215379715,0.5110822319984436,0.42869704961776733,-0.03943142294883728,0.4663316011428833,0.5118975639343262,-0.0070115854032337666,0.47480159997940063,0.46559974551200867,-0.03986207768321037,0.46050140261650085,0.5329762697219849,-0.058720964938402176,0.4495367109775543,0.5880480408668518,-0.06404229253530502,0.42396828532218933,0.509951114654541,-0.005797301884740591,0.4327629506587982,0.4611642360687256,-0.039780620485544205,0.4243218004703522,0.5420035123825073,-0.04733720421791077,0.4184824228286743,0.602313220500946,-0.0423726923763752,0.38289427757263184,0.5177888870239258,-0.010137011297047138,0.38940292596817017,0.46791762113571167,-0.04277011752128601,0.3921782970428467,0.5457839369773865,-0.03461700305342674,0.39301183819770813,0.6014237403869629,-0.018224425613880157,0.34196633100509644,0.5347315669059753,-0.016394253820180893,0.34871920943260193,0.49040210247039795,-0.03857841715216637,0.3590189814567566,0.5415173172950745,-0.030573662370443344,0.36378246545791626,0.5802688002586365,-0.016527870669960976,a
0.3873394727706909,0.7169685363769531,-3.938926909086149e-07,0.4465545415878296,0.671905517578125,-0.022746769711375237,0.49331289529800415,0.5823612809181213,-0.029488148167729378,0.5140783786773682,0.5013452768325806,-0.03608674183487892,0.5114861130714417,0.4292319118976593,-0.03979700431227684,0.4650489389896393,0.513608992099762,-0.007535808254033327,0.47423264384269714,0.4652306139469147,-0.04032210260629654,0.45999059081077576,0.5327165126800537,-0.05885915458202362,0.4493362307548523,0.5876896977424622,-0.06392538547515869,0.4226812720298767,0.5112476348876953,-0.0061786421574652195,0.43299445509910583,0.46105965971946716,-0.03984442725777626,0.42340072989463806,0.5419268608093262,-0.04691937938332558,0.41687214374542236,0.6014465689659119,-0.041663795709609985,0.3812142014503479,0.5185176134109497,-0.010382751934230328,0.38915276527404785,0.46698030829429626,-0.042769379913806915,0.39088407158851624,0.544956624507904,-0.034314531832933426,0.3910278081893921,0.5998602509498596,-0.01777719147503376,0.3398302495479584,0.5345317125320435,-0.016500486060976982,0.34786152839660645,0.4899296164512634,-0.038337524980306625,0.35813838243484497,0.5412197113037109,-0.030137134715914726,0.3624287545681,0.5795261859893799,-0.01607481576502323,a
0.38698989152908325,0.7170372009277344,-3.975020774760196e-07,0.4465094208717346,0.6721177697181702,-0.02269052155315876,0.4932599663734436,0.5824239253997803,-0.02935939095914364,0.5139994621276855,0.501369059085846,-0.0358768068253994,0.5114269256591797,0.4291501045227051,-0.039518389850854874,0.4653588831424713,0.5139150023460388,-0.0074207778088748455,0.4742627441883087,0.46548670530319214,-0.040055640041828156,0.4599098563194275,0.53278648853302,-0.05851953476667404,0.4491533935070038,0.5877106189727783,-0.06357994675636292,0.422910213470459,0.5113947987556458,-0.00606758426874876,0.4328421354293823,0.46113550662994385,-0.03956161066889763,0.4232313632965088,0.5419925451278687,-0.0465751551091671,0.4167177677154541,0.6014843583106995,-0.04133347421884537,0.38132381439208984,0.5185754895210266,-0.010266907513141632,0.3890460729598999,0.46688172221183777,-0.04248260334134102,0.3907562792301178,0.5448399782180786,-0.03395279496908188,0.3909030556678772,0.5996708869934082,-0.017432192340493202,0.3398928940296173,0.5345250368118286,-0.016383931040763855,0.3477150797843933,0.4898330569267273,-0.038102634251117706,0.35794177651405334,0.5411107540130615,-0.029833314940333366,0.3622356653213501,0.5793306231498718,-0.015769219025969505,a
0.38739991188049316,0.7177640795707703,-3.987721015619172e-07,0.4461643099784851,0.6734999418258667,-0.02354566566646099,0.49313050508499146,0.5836921334266663,-0.03060261718928814,0.5142695903778076,0.5019738674163818,-0.03733140602707863,0.512068510055542,0.4291909635066986,-0.04105130210518837,0.46677926182746887,0.5136183500289917,-0.008134937845170498,0.47475555539131165,0.4651278853416443,-0.041221752762794495,0.4605429172515869,0.5330004096031189,-0.05979078263044357,0.45008841156959534,0.5877464413642883,-0.06492780148983002,0.424347847700119,0.5108053684234619,-0.006488255225121975,0.4331604242324829,0.46101224422454834,-0.04055987671017647,0.42392420768737793,0.5426775813102722,-0.047515347599983215,0.41766008734703064,0.6015383005142212,-0.042176440358161926,0.38274574279785156,0.5179730653762817,-0.010511253029108047,0.3893684446811676,0.4665071368217468,-0.04333440214395523,0.39130011200904846,0.545529305934906,-0.03445366024971008,0.39167723059654236,0.6001250147819519,-0.017643295228481293,0.34128421545028687,0.5340834259986877,-0.01654066890478134,0.34843170642852783,0.4906851649284363,-0.03888937830924988,0.3586116433143616,0.5426037311553955,-0.03078266978263855,0.3631862998008728,0.580009937286377,-0.016742214560508728,a
0.3875799775123596,0.715715229511261,-3.971169064698188e-07,0.4471955895423889,0.6699610948562622,-0.023150568827986717,0.4939243793487549,0.5809679627418518,-0.03020073100924492,0.5138280987739563,0.4994758069515228,-0.03706476092338562,0.511877179145813,0.42736339569091797,-0.04089730605483055,0.4663379192352295,0.512157678604126,-0.007944862358272076,0.4750191569328308,0.4638783931732178,-0.04131428152322769,0.46076443791389465,0.5319960713386536,-0.05989069864153862,0.45033174753189087,0.5864632725715637,-0.06493588536977768,0.4241434335708618,0.509804904460907,-0.006514233071357012,0.43368348479270935,0.46016326546669006,-0.040641091763973236,0.42431947588920593,0.5416365265846252,-0.04743102192878723,0.4182117283344269,0.599852979183197,-0.04199664294719696,0.3829271197319031,0.5173997282981873,-0.010749262757599354,0.3899250030517578,0.46618419885635376,-0.043737076222896576,0.39176231622695923,0.5449315905570984,-0.034758858382701874,0.3921446204185486,0.5991663336753845,-0.01779930107295513,0.34153467416763306,0.5338731408119202,-0.016930125653743744,0.34837526082992554,0.4893408715724945,-0.039074573665857315,0.3587929308414459,0.5406913757324219,-0.030710680410265923,0.36351776123046875,0.5782729983329773,-0.01647350750863552,a
0.3894937336444855,0.7137025594711304,-3.902190144344786e-07,0.4486466348171234,0.6681904196739197,-0.023405974730849266,0.4954095780849457,0.5796972513198853,-0.030644210055470467,0.5154005289077759,0.4985731542110443,-0.03756074979901314,0.5126265287399292,0.42631980776786804,-0.0416797436773777,0.4668211042881012,0.510960578918457,-0.00867564044892788,0.4755355715751648,0.46347472071647644,-0.04183310270309448,0.46121320128440857,0.5305941700935364,-0.06071620434522629,0.4503733515739441,0.5856844782829285,-0.06605879962444305,0.42429274320602417,0.508920431137085,-0.007087248843163252,0.43418461084365845,0.4590035378932953,-0.041097939014434814,0.42497095465660095,0.5399370789527893,-0.048429474234580994,0.4186493456363678,0.5998431444168091,-0.0434701032936573,0.38287094235420227,0.5165690183639526,-0.011020495556294918,0.3906061053276062,0.46504372358322144,-0.043932102620601654,0.3922594487667084,0.5431646108627319,-0.03537580370903015,0.392219215631485,0.598434329032898,-0.01875765435397625,0.34141087532043457,0.5329115986824036,-0.016871435567736626,0.34947627782821655,0.48782700300216675,-0.039230190217494965,0.35927531123161316,0.5397158861160278,-0.030866673216223717,0.36303696036338806,0.578511118888855,-0.016625359654426575,a
0.3888915479183197,0.7138803005218506,-3.854341343867418e-07,0.4477795660495758,0.668767511844635,-0.02309069223701954,0.49460873007774353,0.579767644405365,-0.029853010550141335,0.5150026082992554,0.49819502234458923,-0.03642836585640907,0.5127304792404175,0.42606306076049805,-0.04014130309224129,0.46563470363616943,0.5107289552688599,-0.007325681392103434,0.47514644265174866,0.46296989917755127,-0.03990236297249794,0.46064871549606323,0.5306794047355652,-0.05815840885043144,0.45006057620048523,0.585693895816803,-0.06299963593482971,0.4232980012893677,0.5086678862571716,-0.005667790770530701,0.4341553747653961,0.45846378803253174,-0.03918531537055969,0.42465394735336304,0.5390825867652893,-0.0462455227971077,0.41845908761024475,0.5983753204345703,-0.0409938283264637,0.381860613822937,0.5160540342330933,-0.009599230252206326,0.3907191753387451,0.46499863266944885,-0.042403269559144974,0.39233702421188354,0.54318767786026,-0.03429092466831207,0.39226943254470825,0.5983765721321106,-0.01779821328818798,0.3403671979904175,0.5318472385406494,-0.015393063426017761,0.34888213872909546,0.48656776547431946,-0.037460435181856155,0.35899418592453003,0.53719162940979,-0.02945306897163391,0.3628452718257904,0.5752676725387573,-0.015423913486301899,a
0.3896307945251465,0.7113807201385498,-3.9639493820686766e-07,0.44846951961517334,0.6668257117271423,-0.02274857833981514,0.4956984221935272,0.5790043473243713,-0.02950664423406124,0.5163543224334717,0.4988291263580322,-0.036141287535429,0.513306200504303,0.42700815200805664,-0.03992101922631264,0.46684348583221436,0.5059835314750671,-0.006072144955396652,0.4757134020328522,0.4622376263141632,-0.038609690964221954,0.4619131088256836,0.5300081372261047,-0.05748169124126434,0.45106545090675354,0.5849986672401428,-0.0628175288438797,0.42465782165527344,0.504228949546814,-0.004617254249751568,0.43428534269332886,0.4578147530555725,-0.03764638677239418,0.4257328510284424,0.5387173891067505,-0.04485705867409706,0.41982537508010864,0.5974735021591187,-0.03988152742385864,0.383373886346817,0.5126360058784485,-0.008797181770205498,0.3911488950252533,0.4647762179374695,-0.04117181524634361,0.39340078830718994,0.5425754189491272,-0.03290526941418648,0.39357414841651917,0.596707820892334,-0.016516493633389473,0.3420296907424927,0.5302273631095886,-0.014851734042167664,0.35048234462738037,0.4861486554145813,-0.03671851009130478,0.36033791303634644,0.5379105806350708,-0.028256626799702644,0.3640696406364441,0.5761786103248596,-0.013912247493863106,a
0.3878895342350006,0.7073042988777161,-3.8559252857339743e-07,0.44818776845932007,0.6642330288887024,-0.022980256006121635,0.4964783489704132,0.5778921246528625,-0.02980927750468254,0.5171718597412109,0.4979534447193146,-0.036398254334926605,0.5147125124931335,0.42650532722473145,-0.04019385203719139,0.46775519847869873,0.5051402449607849,-0.006770735140889883,0.47692880034446716,0.4616597890853882,-0.03906002268195152,0.46271973848342896,0.5286176800727844,-0.057677771896123886,0.4523707628250122,0.5834327936172485,-0.06298292428255081,0.4252777397632599,0.5028812885284424,-0.0051602995954453945,0.43589094281196594,0.45628824830055237,-0.038233689963817596,0.42614224553108215,0.5366105437278748,-0.04542601481080055,0.4200134873390198,0.5958290696144104,-0.040495458990335464,0.38367944955825806,0.5107951760292053,-0.009127127937972546,0.39262428879737854,0.46244481205940247,-0.04146222025156021,0.393802672624588,0.540116012096405,-0.03330328315496445,0.3936547040939331,0.5948443412780762,-0.01709042489528656,0.3421455919742584,0.5279178023338318,-0.014984123408794403,0.35152116417884827,0.48566576838493347,-0.03699934855103493,0.36088547110557556,0.5372664332389832,-0.02890315093100071,0.36434778571128845,0.5753739476203918,-0.01491889264434576,a
0.3896836042404175,0.7088477611541748,-3.762582139188453e-07,0.44818466901779175,0.6654653549194336,-0.022828424349427223,0.49555209279060364,0.5773738622665405,-0.029776766896247864,0.5164914727210999,0.49772873520851135,-0.03659462183713913,0.5144309997558594,0.426064133644104,-0.0405707061290741,0.468183308839798,0.5062646865844727,-0.007965360768139362,0.477713018655777,0.46232739090919495,-0.04082107171416283,0.46355628967285156,0.5292809009552002,-0.059374261647462845,0.4530915915966034,0.5831714272499084,-0.0644836351275444,0.4255038797855377,0.5037583708763123,-0.006784142926335335,0.4365238547325134,0.456524133682251,-0.04053127393126488,0.4267778992652893,0.5365316271781921,-0.04775252565741539,0.4201224148273468,0.5954756736755371,-0.042693205177783966,0.383523166179657,0.5110059380531311,-0.011176668107509613,0.3926767110824585,0.46247056126594543,-0.04410993680357933,0.39404135942459106,0.5396329760551453,-0.036419738084077835,0.39358389377593994,0.5944358110427856,-0.020317550748586655,0.3417122960090637,0.5268033742904663,-0.017414048314094543,0.3499559164047241,0.4837532043457031,-0.03977568447589874,0.36015915870666504,0.5339604616165161,-0.032228823751211166,0.364208459854126,0.5722867250442505,-0.018539177253842354,a
0.3915582001209259,0.7061727046966553,-3.879729604250315e-07,0.4499906301498413,0.6616460680961609,-0.02171497792005539,0.49695971608161926,0.5740377902984619,-0.028104810044169426,0.5177547931671143,0.49539002776145935,-0.03448193520307541,0.514302134513855,0.42515242099761963,-0.038148682564496994,0.4692627489566803,0.5024705529212952,-0.006174811627715826,0.4785704016685486,0.4621894955635071,-0.03853706642985344,0.4638848602771759,0.5288512110710144,-0.05722125247120857,0.45271143317222595,0.5820596218109131,-0.06266847997903824,0.42666471004486084,0.4998190999031067,-0.00540368864312768,0.4372331500053406,0.4555101990699768,-0.03843653202056885,0.427394300699234,0.5357950329780579,-0.045374128967523575,0.42059117555618286,0.5940052270889282,-0.04035528376698494,0.3848664462566376,0.5076870322227478,-0.010140759870409966,0.39321577548980713,0.46014919877052307,-0.04244639351963997,0.3946557939052582,0.5380460619926453,-0.033849071711301804,0.3940742313861847,0.5920229554176331,-0.01744907721877098,0.3431430160999298,0.5253781080245972,-0.01666012406349182,0.35173341631889343,0.4834841191768646,-0.038711436092853546,0.3612082600593567,0.5355738401412964,-0.030252845957875252,0.364631712436676,0.5732035040855408,-0.01602398417890072,a
0.39205873012542725,0.7064850926399231,-3.8214827213778335e-07,0.44998297095298767,0.6624266505241394,-0.02234729193150997,0.49668440222740173,0.5749087929725647,-0.028946563601493835,0.5174502730369568,0.49582135677337646,-0.03550221025943756,0.5137166976928711,0.4254907965660095,-0.03942928463220596,0.46868884563446045,0.5049644112586975,-0.007739105727523565,0.4782973825931549,0.46315139532089233,-0.04011000320315361,0.46394115686416626,0.5295432209968567,-0.05831163376569748,0.4534917175769806,0.582588255405426,-0.06338049471378326,0.42582857608795166,0.502478301525116,-0.006806299090385437,0.43693265318870544,0.4564800560474396,-0.040031272917985916,0.42698344588279724,0.5368981957435608,-0.04685477539896965,0.4201509654521942,0.5952118635177612,-0.041718367487192154,0.3839482069015503,0.5104791522026062,-0.01137891598045826,0.392799437046051,0.46167054772377014,-0.04379890486598015,0.39428362250328064,0.5389655232429504,-0.03563499450683594,0.3935203552246094,0.5931882262229919,-0.019455330446362495,0.34242039918899536,0.5278137922286987,-0.017770148813724518,0.35010266304016113,0.48346248269081116,-0.03964996710419655,0.3607160449028015,0.5324210524559021,-0.03166754171252251,0.3648616075515747,0.5694071054458618,-0.017872482538223267,a
0.3920196294784546,0.704885721206665,-3.7543529174399737e-07,0.45002105832099915,0.6607239842414856,-0.02252413146197796,0.4971151053905487,0.5726189613342285,-0.028933797031641006,0.5178331732749939,0.4935850501060486,-0.035250697284936905,0.513755202293396,0.42383038997650146,-0.038820113986730576,0.4685001075267792,0.501915454864502,-0.0067095388658344746,0.47763291001319885,0.4620906710624695,-0.038956522941589355,0.46369755268096924,0.5289037823677063,-0.05731423571705818,0.45334479212760925,0.5822065472602844,-0.06236472353339195,0.42549386620521545,0.4995154142379761,-0.005385855678468943,0.4360041618347168,0.4559033215045929,-0.03833908215165138,0.4271077513694763,0.5358118414878845,-0.04539424180984497,0.4209042191505432,0.5936068296432495,-0.04041838273406029,0.38356685638427734,0.507376492023468,-0.009660221636295319,0.3921602964401245,0.46128180623054504,-0.04174824431538582,0.39456668496131897,0.5380767583847046,-0.03403245657682419,0.3942857086658478,0.5921241641044617,-0.01818065717816353,0.34225839376449585,0.5243411660194397,-0.015798214823007584,0.35014069080352783,0.48116612434387207,-0.03723326697945595,0.3609282672405243,0.5294718742370605,-0.02940441109240055,0.36503633856773376,0.5660287737846375,-0.01570071466267109,a
0.3911961615085602,0.7054463624954224,-3.8147484815453936e-07,0.4500279426574707,0.6622825264930725,-0.022399665787816048,0.4973035454750061,0.574081301689148,-0.028619010001420975,0.5168687105178833,0.4944409132003784,-0.0345023013651371,0.513790488243103,0.4243321716785431,-0.037647344172000885,0.46891194581985474,0.5046297907829285,-0.007661007344722748,0.4782430827617645,0.4620554745197296,-0.03857705369591713,0.46441948413848877,0.527912974357605,-0.055707287043333054,0.45438042283058167,0.5812287926673889,-0.06022627651691437,0.4258367419242859,0.5016836524009705,-0.006085243076086044,0.4362335801124573,0.45547953248023987,-0.03771884739398956,0.42678409814834595,0.5351494550704956,-0.04399964585900307,0.42052313685417175,0.5929318070411682,-0.03875220566987991,0.3839642107486725,0.5091016888618469,-0.009875996969640255,0.3921937942504883,0.46023550629615784,-0.04068726301193237,0.3941859006881714,0.5365685820579529,-0.03246624395251274,0.3941451609134674,0.59033203125,-0.01668017916381359,0.34281304478645325,0.5258447527885437,-0.015501491725444794,0.3500237464904785,0.48116713762283325,-0.03625812754034996,0.36071962118148804,0.5291119813919067,-0.02824213169515133,0.36543047428131104,0.5654353499412537,-0.014663626439869404,a
0.3905424177646637,0.7033405303955078,-3.797323984144896e-07,0.44951629638671875,0.6598528623580933,-0.023089785128831863,0.4969397783279419,0.5723721981048584,-0.029735278338193893,0.5170943737030029,0.4931104779243469,-0.036073289811611176,0.5134344100952148,0.42284470796585083,-0.03955167159438133,0.4687759280204773,0.5036165118217468,-0.008322558365762234,0.4781389534473419,0.4603317379951477,-0.04014325514435768,0.4634174406528473,0.5269394516944885,-0.05771810561418533,0.45284098386764526,0.5798975229263306,-0.06248074024915695,0.4255101680755615,0.501046895980835,-0.006784486584365368,0.4357273280620575,0.45479628443717957,-0.04012314975261688,0.42675837874412537,0.5350453853607178,-0.046903107315301895,0.42061904072761536,0.5932711362838745,-0.04169405251741409,0.38356897234916687,0.5084145069122314,-0.010736091993749142,0.3916909396648407,0.4598991870880127,-0.04298941045999527,0.3944419026374817,0.5371279716491699,-0.03485332429409027,0.39469462633132935,0.591540515422821,-0.018784090876579285,0.34222835302352905,0.5247011184692383,-0.016590513288974762,0.35010966658592224,0.48085445165634155,-0.03835149109363556,0.3609488308429718,0.5294126868247986,-0.030638279393315315,0.3654097020626068,0.5660899877548218,-0.01710938848555088,a
0.39034411311149597,0.7034006118774414,-3.809632005413732e-07,0.4497198164463043,0.6611823439598083,-0.02279306761920452,0.49728721380233765,0.5731142163276672,-0.029201103374361992,0.5161190032958984,0.4934192895889282,-0.03534010425209999,0.5133007168769836,0.4229646921157837,-0.03874523565173149,0.46824556589126587,0.5037866234779358,-0.008196047507226467,0.47825688123703003,0.4593251347541809,-0.03958083689212799,0.46430638432502747,0.52488774061203,-0.05693119764328003,0.4539353847503662,0.5786023736000061,-0.061565082520246506,0.4253244996070862,0.5013899803161621,-0.006729114335030317,0.43624600768089294,0.45461228489875793,-0.03933918476104736,0.4268512427806854,0.5343629717826843,-0.04605795443058014,0.4203348457813263,0.5931311249732971,-0.040979910641908646,0.38352134823799133,0.5088741183280945,-0.010701443068683147,0.39249807596206665,0.46003639698028564,-0.04244375228881836,0.39424383640289307,0.5368364453315735,-0.034540943801403046,0.3939121961593628,0.5914802551269531,-0.018781844526529312,0.34230583906173706,0.5251959562301636,-0.016546854749321938,0.35009828209877014,0.4811227321624756,-0.03816935792565346,0.3605903387069702,0.5299758315086365,-0.03061121515929699,0.36514243483543396,0.5673659443855286,-0.01729297824203968,a
0.38993436098098755,0.7044917941093445,-3.854405008496542e-07,0.44913917779922485,0.661335289478302,-0.02322671376168728,0.4971142113208771,0.5732825994491577,-0.02971619740128517,0.5162825584411621,0.49294811487197876,-0.03583931550383568,0.512958824634552,0.42207011580467224,-0.03918533772230148,0.46895813941955566,0.5025900602340698,-0.007019483484327793,0.4768977165222168,0.45923709869384766,-0.03885388374328613,0.46284058690071106,0.5253278613090515,-0.056830283254384995,0.4528399407863617,0.5790399312973022,-0.06178472936153412,0.42622458934783936,0.49982261657714844,-0.005214101634919643,0.43518927693367004,0.45445793867111206,-0.038403406739234924,0.4260587692260742,0.5347527861595154,-0.045563165098428726,0.420302152633667,0.5935686230659485,-0.04054958373308182,0.38466763496398926,0.5072152614593506,-0.008972042240202427,0.39178144931793213,0.4598647356033325,-0.04141269624233246,0.3936580419540405,0.5378717184066772,-0.033511579036712646,0.3940558433532715,0.592655599117279,-0.01746194437146187,0.34341350197792053,0.5235476493835449,-0.014628089964389801,0.3506789207458496,0.48210418224334717,-0.03685963526368141,0.3607157766819,0.5330174565315247,-0.029311764985322952,0.36537379026412964,0.5701731443405151,-0.01571815274655819,a
0.38699871301651,0.7059697508811951,-3.9695254372418276e-07,0.44628727436065674,0.6620007753372192,-0.02365880087018013,0.4934621751308441,0.5731131434440613,-0.03059661015868187,0.5138861536979675,0.4926782250404358,-0.03751252964138985,0.5108947157859802,0.4212995171546936,-0.04144643619656563,0.4654410183429718,0.5032793879508972,-0.007852435111999512,0.47392237186431885,0.4572640359401703,-0.04113619774580002,0.4596703350543976,0.5275349617004395,-0.059407636523246765,0.44998177886009216,0.5823621153831482,-0.06415680050849915,0.42267611622810364,0.501678466796875,-0.0065034483559429646,0.4327002763748169,0.4551682472229004,-0.041415367275476456,0.4238501191139221,0.5375747084617615,-0.048659078776836395,0.41841816902160645,0.5967375636100769,-0.04321689158678055,0.3810025453567505,0.5098845958709717,-0.010990284383296967,0.38951414823532104,0.4620314836502075,-0.04483798146247864,0.39181551337242126,0.5402370095252991,-0.037177182734012604,0.3924531638622284,0.595199465751648,-0.020752523094415665,0.33991923928260803,0.5265822410583496,-0.017430614680051804,0.34709590673446655,0.48175907135009766,-0.04023051634430885,0.3581903874874115,0.5312085747718811,-0.03296477720141411,0.363759309053421,0.5696784853935242,-0.019315848127007484,a
0.3858318030834198,0.7069401144981384,-4.0532350453759136e-07,0.44652724266052246,0.6625775694847107,-0.022879377007484436,0.49390286207199097,0.5756736397743225,-0.02954147942364216,0.5132708549499512,0.4952740967273712,-0.03621019795536995,0.5112213492393494,0.42352181673049927,-0.04018286615610123,0.467434823513031,0.5025261640548706,-0.005150105804204941,0.474528968334198,0.46051785349845886,-0.038071807473897934,0.46069595217704773,0.5268771648406982,-0.05760035663843155,0.45016762614250183,0.5823199152946472,-0.06328816711902618,0.4244953989982605,0.4999406337738037,-0.0036727855913341045,0.4320536255836487,0.4563862383365631,-0.037675753235816956,0.4238438308238983,0.5363112688064575,-0.04603802412748337,0.4186337888240814,0.5969240665435791,-0.04168323427438736,0.38291916251182556,0.5073122382164001,-0.007968219928443432,0.3892568051815033,0.46218764781951904,-0.040742937475442886,0.3917886018753052,0.5387169122695923,-0.033883724361658096,0.39307084679603577,0.5947895050048828,-0.01836724765598774,0.3418433964252472,0.5238707065582275,-0.014227055013179779,0.348448246717453,0.48203861713409424,-0.036714717745780945,0.3580036461353302,0.5333254337310791,-0.02970591001212597,0.36277854442596436,0.5730429291725159,-0.0163043811917305,a
0.3860906958580017,0.7068011164665222,-3.9158797449090343e-07,0.4460664987564087,0.6624229550361633,-0.022661561146378517,0.49320852756500244,0.5743818879127502,-0.029163125902414322,0.5128387808799744,0.4942239820957184,-0.035717349499464035,0.5111915469169617,0.42291492223739624,-0.03944764658808708,0.4662880301475525,0.5029779672622681,-0.005471469834446907,0.4743838906288147,0.46102288365364075,-0.03818875178694725,0.45991191267967224,0.527461588382721,-0.057184334844350815,0.44919121265411377,0.5817276835441589,-0.0626150518655777,0.42359936237335205,0.5005020499229431,-0.004306426737457514,0.43249478936195374,0.45643851161003113,-0.03827308490872383,0.42358526587486267,0.5360638499259949,-0.04619097337126732,0.417972207069397,0.5956337451934814,-0.04150526598095894,0.38210994005203247,0.5078276991844177,-0.00890986155718565,0.3895052671432495,0.4625408947467804,-0.04166169464588165,0.3916321396827698,0.5386233925819397,-0.03455989807844162,0.39261651039123535,0.5937267541885376,-0.018873216584324837,0.3410458564758301,0.5242122411727905,-0.015461442992091179,0.34821295738220215,0.48220229148864746,-0.03765418753027916,0.3579272925853729,0.5325382351875305,-0.030505549162626266,0.3627691864967346,0.5715186595916748,-0.017113717272877693,a
0.3851580023765564,0.708413302898407,-4.0130757383849414e-07,0.44508129358291626,0.6653823256492615,-0.023395227268338203,0.4922695755958557,0.5770811438560486,-0.02994782291352749,0.5121087431907654,0.49651530385017395,-0.03640827536582947,0.5100548267364502,0.42513832449913025,-0.039885032922029495,0.4652238190174103,0.5059455037117004,-0.0066117472015321255,0.4740362763404846,0.4626638889312744,-0.039653826504945755,0.4589990973472595,0.530085027217865,-0.05831696093082428,0.448448121547699,0.5848428606987,-0.06336868554353714,0.4222742021083832,0.5036460161209106,-0.005176357459276915,0.43181613087654114,0.4573499262332916,-0.0397895872592926,0.42165613174438477,0.5373236536979675,-0.0474298819899559,0.41589072346687317,0.5974504947662354,-0.04221075400710106,0.38065528869628906,0.5109277367591858,-0.009621159173548222,0.38864409923553467,0.4642108976840973,-0.04269795119762421,0.38938865065574646,0.5397161841392517,-0.03559814766049385,0.39000144600868225,0.5945196151733398,-0.019654013216495514,0.3398780822753906,0.5266473889350891,-0.016081836074590683,0.3468065857887268,0.48360663652420044,-0.03790873661637306,0.35533398389816284,0.5325404405593872,-0.03075554594397545,0.3597269654273987,0.5708680748939514,-0.017377272248268127,a
0.38475197553634644,0.7096130847930908,-4.0956589941743005e-07,0.4451702833175659,0.6652650237083435,-0.022128308191895485,0.49284616112709045,0.577189028263092,-0.02835814096033573,0.5123306512832642,0.4968874454498291,-0.03445456176996231,0.5099313259124756,0.42553141713142395,-0.03775424137711525,0.4664790630340576,0.5049394965171814,-0.0046250829473137856,0.4720602035522461,0.4656502604484558,-0.036663804203271866,0.45727768540382385,0.5327077507972717,-0.0556056872010231,0.4471246004104614,0.5869024991989136,-0.061223894357681274,0.42357778549194336,0.5024875998497009,-0.0034965346567332745,0.43061134219169617,0.45993444323539734,-0.036755651235580444,0.42127108573913574,0.5396205186843872,-0.044499415904283524,0.4158077836036682,0.599095344543457,-0.03985629603266716,0.38228073716163635,0.5101633071899414,-0.008019563741981983,0.38761767745018005,0.4658607542514801,-0.03973930701613426,0.38946396112442017,0.5416877269744873,-0.032014720141887665,0.3907013535499573,0.5953115224838257,-0.01631956361234188,0.3414508104324341,0.5271873474121094,-0.014480024576187134,0.3474927246570587,0.48740875720977783,-0.035882383584976196,0.35624960064888,0.5389820337295532,-0.028108756989240646,0.36105191707611084,0.5764056444168091,-0.01449640467762947,a
0.38595762848854065,0.7129493951797485,-4.0109472365656984e-07,0.44488903880119324,0.6696882247924805,-0.022598931565880775,0.4921931028366089,0.579371988773346,-0.0286756232380867,0.5110481381416321,0.4982741177082062,-0.034528668969869614,0.5090539455413818,0.42645740509033203,-0.03749938681721687,0.46519210934638977,0.5099313855171204,-0.006383431144058704,0.47294729948043823,0.46672746539115906,-0.038107480853796005,0.45849916338920593,0.5335097312927246,-0.05587713047862053,0.4481395483016968,0.5879682898521423,-0.060536857694387436,0.42275944352149963,0.5073880553245544,-0.004968276247382164,0.43127983808517456,0.46205905079841614,-0.03784582391381264,0.4215790629386902,0.5422530770301819,-0.044669874012470245,0.41538041830062866,0.6015279293060303,-0.03931713104248047,0.38137808442115784,0.5145283937454224,-0.009162206202745438,0.3879416584968567,0.4679212272167206,-0.04077870771288872,0.3897552788257599,0.5447947382926941,-0.03263264521956444,0.3904650807380676,0.5991566777229309,-0.016533948481082916,0.3400430381298065,0.5304752588272095,-0.015295741148293018,0.34682348370552063,0.4874679744243622,-0.03662237897515297,0.35683131217956543,0.538301408290863,-0.028648803010582924,0.36193785071372986,0.5764385461807251,-0.014868494123220444,a
0.386654794216156,0.7161062955856323,-3.99697171360458e-07,0.4453646242618561,0.6707811951637268,-0.02305026352405548,0.4927237927913666,0.5805172920227051,-0.0293008703738451,0.5119547843933105,0.4995133876800537,-0.035276543349027634,0.5084075331687927,0.4279095232486725,-0.03841445595026016,0.46517935395240784,0.5110087394714355,-0.005964528303593397,0.4717400372028351,0.4676644802093506,-0.03846745193004608,0.45754486322402954,0.5340102910995483,-0.057217203080654144,0.4474915862083435,0.5877631902694702,-0.0625455230474472,0.42253318428993225,0.5086548328399658,-0.004466456826776266,0.4300905764102936,0.4620158076286316,-0.03871692717075348,0.4209655523300171,0.5426033139228821,-0.04650581628084183,0.4151717722415924,0.6025416254997253,-0.041468556970357895,0.38158318400382996,0.516162097454071,-0.008643065579235554,0.3867333233356476,0.4677274227142334,-0.04150775447487831,0.38874563574790955,0.5454540848731995,-0.03363356366753578,0.3897126019001007,0.6007002592086792,-0.017308538779616356,0.3411073386669159,0.5327704548835754,-0.01480107381939888,0.34697166085243225,0.4900408983230591,-0.037244632840156555,0.35599932074546814,0.5419926047325134,-0.02957703359425068,0.36051785945892334,0.5803626179695129,-0.01569894514977932,a
0.3875660300254822,0.7147578001022339,-3.8755058540118625e-07,0.4467815160751343,0.6686352491378784,-0.022899800911545753,0.4926187992095947,0.5799990296363831,-0.029544299468398094,0.5109738707542419,0.4993205666542053,-0.035948410630226135,0.5081832408905029,0.4280841052532196,-0.039497051388025284,0.46407461166381836,0.5115617513656616,-0.006724776700139046,0.47163015604019165,0.467348575592041,-0.03909866511821747,0.457949161529541,0.5339174270629883,-0.05756468325853348,0.44808489084243774,0.5876809358596802,-0.06277452409267426,0.4216691255569458,0.5090844035148621,-0.005194345023483038,0.4305247664451599,0.46264877915382385,-0.03859075903892517,0.4213687479496002,0.5429142713546753,-0.04569476470351219,0.41534265875816345,0.601469099521637,-0.040666960179805756,0.38070350885391235,0.5166295766830444,-0.00928559061139822,0.3873337507247925,0.46790146827697754,-0.04151143506169319,0.38945621252059937,0.544752299785614,-0.03326929733157158,0.3899557888507843,0.5987027287483215,-0.017064878717064857,0.3400709927082062,0.533462643623352,-0.015320326201617718,0.34665781259536743,0.4896705150604248,-0.03719044849276543,0.3567669689655304,0.5405261516571045,-0.02923404425382614,0.361429363489151,0.5782468914985657,-0.01542201079428196,a
0.38572409749031067,0.7138416767120361,-3.92658108694377e-07,0.44474658370018005,0.6707364320755005,-0.023550814017653465,0.4918733835220337,0.5826601982116699,-0.030425840988755226,0.5120875835418701,0.5022417306900024,-0.03683030232787132,0.5087265968322754,0.43096452951431274,-0.040372610092163086,0.46359527111053467,0.5111189484596252,-0.008121437393128872,0.47224101424217224,0.4670661687850952,-0.040103163570165634,0.4583241939544678,0.5339711904525757,-0.05842071399092674,0.44773951172828674,0.5875260233879089,-0.06374306976795197,0.42105430364608765,0.5086570382118225,-0.006254496984183788,0.4305270314216614,0.4625067412853241,-0.03940083086490631,0.4216460585594177,0.5426385998725891,-0.0465235561132431,0.4153370261192322,0.6013076901435852,-0.041611138731241226,0.38010507822036743,0.5164109468460083,-0.009926282800734043,0.38697800040245056,0.4682779908180237,-0.04179203137755394,0.3894428014755249,0.5447967648506165,-0.033741697669029236,0.38983771204948425,0.5989076495170593,-0.017832571640610695,0.33983445167541504,0.5333499312400818,-0.015598800964653492,0.3467540144920349,0.4912492632865906,-0.03749878332018852,0.3570145070552826,0.5415895581245422,-0.029899708926677704,0.3615742623806,0.5789582133293152,-0.016391778364777565,a
0.38649940490722656,0.7146205902099609,-3.9827207842790813e-07,0.4448297619819641,0.6710789799690247,-0.024065524339675903,0.4915356934070587,0.5809504389762878,-0.03088611178100109,0.5106638073921204,0.4992404878139496,-0.037180181592702866,0.5078884363174438,0.42791929841041565,-0.04046570509672165,0.46346065402030945,0.5121845602989197,-0.008649332448840141,0.4720122814178467,0.46580278873443604,-0.041089143604040146,0.45781293511390686,0.5338925719261169,-0.058925509452819824,0.4478214383125305,0.5874771475791931,-0.06372906267642975,0.42122191190719604,0.5100159645080566,-0.0066569894552230835,0.43026280403137207,0.46262994408607483,-0.04053247347474098,0.42081934213638306,0.5442131161689758,-0.047100041061639786,0.4146893620491028,0.6025316715240479,-0.041522279381752014,0.38034236431121826,0.5177221298217773,-0.010347620584070683,0.3866676688194275,0.46805357933044434,-0.043025389313697815,0.38831382989883423,0.5463330745697021,-0.034168925136327744,0.38862693309783936,0.6003532409667969,-0.0174146369099617,0.3398362398147583,0.534173846244812,-0.016051841899752617,0.3464297652244568,0.4907253384590149,-0.038089536130428314,0.3557426333427429,0.5420154333114624,-0.029907304793596268,0.3597492575645447,0.5793155431747437,-0.015901675447821617,a
0.3876599371433258,0.7171372175216675,-4.063067535753362e-07,0.4457469582557678,0.6719446778297424,-0.023196382448077202,0.4920615553855896,0.5813331604003906,-0.029565727338194847,0.5119936466217041,0.4999546706676483,-0.03558547794818878,0.5082120895385742,0.42807120084762573,-0.0386749804019928,0.4643566608428955,0.5118562579154968,-0.006363845430314541,0.4713863134384155,0.46701863408088684,-0.03871479257941246,0.45748889446258545,0.5341874957084656,-0.05720004811882973,0.44751474261283875,0.588071882724762,-0.06240810826420784,0.4222225844860077,0.5096896290779114,-0.004748017527163029,0.42984533309936523,0.46240413188934326,-0.03872194513678551,0.421389639377594,0.5437312126159668,-0.04596543684601784,0.4159699082374573,0.6032935976982117,-0.040620822459459305,0.3815198242664337,0.5176727175712585,-0.008814423345029354,0.38665103912353516,0.46952852606773376,-0.0412837378680706,0.3895249664783478,0.547573447227478,-0.032770924270153046,0.3910202085971832,0.6019101142883301,-0.01615189015865326,0.3413076102733612,0.5347832441329956,-0.014898113906383514,0.3475055992603302,0.4927312731742859,-0.03684580698609352,0.357063889503479,0.5446587204933167,-0.028742367401719093,0.36177411675453186,0.5822596549987793,-0.014705998823046684,a
0.389894038438797,0.7160929441452026,-3.9574615584569983e-07,0.4493798613548279,0.6692391037940979,-0.02219310589134693,0.4951622188091278,0.5801049470901489,-0.0282919779419899,0.5132090449333191,0.49976181983947754,-0.03426583111286163,0.5083024501800537,0.42901116609573364,-0.03757366165518761,0.46755680441856384,0.5125876665115356,-0.006169075146317482,0.4733104705810547,0.4679870307445526,-0.038004741072654724,0.4599308967590332,0.5335744619369507,-0.05654855817556381,0.4502664804458618,0.5877906680107117,-0.06190173327922821,0.4249593913555145,0.5105160474777222,-0.004858757369220257,0.4311111271381378,0.4649158716201782,-0.03782353550195694,0.4230247437953949,0.5442144274711609,-0.04522184282541275,0.418125182390213,0.6032934188842773,-0.04048815369606018,0.38352593779563904,0.5185116529464722,-0.00902572926133871,0.38774967193603516,0.47133445739746094,-0.040615539997816086,0.3905344605445862,0.5476066470146179,-0.03242309391498566,0.3923104405403137,0.6015436053276062,-0.01651584357023239,0.3424387574195862,0.5359671115875244,-0.015099122188985348,0.3483753800392151,0.49441707134246826,-0.03652820363640785,0.3575247824192047,0.5459721684455872,-0.02826758474111557,0.3620966672897339,0.5838759541511536,-0.014375104568898678,a
0.39157718420028687,0.7195615768432617,-3.889403785706236e-07,0.4503573775291443,0.6738532781600952,-0.022506197914481163,0.4962193965911865,0.5849267244338989,-0.028777077794075012,0.5150771141052246,0.504108190536499,-0.034964267164468765,0.5096873641014099,0.4325493574142456,-0.03838852792978287,0.46960148215293884,0.515539288520813,-0.005529596004635096,0.4754469394683838,0.4732036590576172,-0.038353368639945984,0.4625028371810913,0.5391344428062439,-0.057723984122276306,0.4532672166824341,0.5947057008743286,-0.0632716491818428,0.42661577463150024,0.5131497979164124,-0.003935258835554123,0.4339769780635834,0.46775317192077637,-0.03756830841302872,0.42565691471099854,0.5473472476005554,-0.04567009583115578,0.42045024037361145,0.6071962118148804,-0.041207268834114075,0.38465580344200134,0.5204592347145081,-0.007990553975105286,0.3900418281555176,0.47353696823120117,-0.04011974111199379,0.3926089406013489,0.5492043495178223,-0.0329974889755249,0.3940278887748718,0.6039813756942749,-0.017552725970745087,0.34279975295066833,0.536932647228241,-0.01398672815412283,0.34995248913764954,0.4963706135749817,-0.03588144853711128,0.35976606607437134,0.5462849140167236,-0.028808902949094772,0.3647266924381256,0.5839564800262451,-0.01557135209441185,a
0.39161181449890137,0.7191979885101318,-3.882170460656198e-07,0.45191147923469543,0.6748602390289307,-0.022023454308509827,0.49854376912117004,0.587529182434082,-0.02801809273660183,0.5163660645484924,0.5070273280143738,-0.0338391549885273,0.5119284987449646,0.43619537353515625,-0.03705894574522972,0.47019660472869873,0.5179142355918884,-0.006203943397849798,0.4777049422264099,0.4736289083957672,-0.03700889274477959,0.4636872112751007,0.5387217402458191,-0.0553496778011322,0.45361119508743286,0.5944989323616028,-0.060756515711545944,0.4272674322128296,0.5161103010177612,-0.0045801326632499695,0.4356464445590973,0.4700649678707123,-0.03658692166209221,0.42732173204421997,0.5473209619522095,-0.044509533792734146,0.4220578968524933,0.6074691414833069,-0.04042983800172806,0.3856348991394043,0.5235146880149841,-0.008276226930320263,0.3920423686504364,0.47856709361076355,-0.03878576308488846,0.39476627111434937,0.552175760269165,-0.03209836408495903,0.39621710777282715,0.606894850730896,-0.01754188723862171,0.3441992402076721,0.5397992730140686,-0.013838134706020355,0.35214853286743164,0.4989716112613678,-0.03464741259813309,0.3617525100708008,0.5484212040901184,-0.027511322870850563,0.36643657088279724,0.5867836475372314,-0.014670414850115776,a
0.3961171805858612,0.7248120307922363,-3.9209709257193026e-07,0.4556214213371277,0.6795072555541992,-0.022481359541416168,0.5012128353118896,0.588847279548645,-0.028471413999795914,0.5187861323356628,0.5080676674842834,-0.034385185688734055,0.5136623382568359,0.43673521280288696,-0.03747620806097984,0.4706587493419647,0.520173966884613,-0.006274861749261618,0.4800841808319092,0.47731733322143555,-0.038669653236866,0.46793249249458313,0.544901430606842,-0.057200632989406586,0.45817193388938904,0.6008722186088562,-0.06216449290513992,0.4280480146408081,0.5183812975883484,-0.004847912583500147,0.43787574768066406,0.47254645824432373,-0.038464002311229706,0.4310382306575775,0.5540050864219666,-0.046028755605220795,0.42560577392578125,0.6148133873939514,-0.04108940064907074,0.38634511828422546,0.5260512232780457,-0.009039187803864479,0.39388975501060486,0.4799216687679291,-0.0414985716342926,0.3977941572666168,0.5570608973503113,-0.03433021903038025,0.39882078766822815,0.6127686500549316,-0.01868569478392601,0.3445439636707306,0.5424244403839111,-0.015127860940992832,0.35283225774765015,0.49943041801452637,-0.03731910511851311,0.36401668190956116,0.5500313639640808,-0.030208440497517586,0.36918938159942627,0.589521050453186,-0.01693250611424446,a
0.39638715982437134,0.7290070056915283,-3.9085827552298724e-07,0.4560253322124481,0.6841573715209961,-0.02189745008945465,0.5017035603523254,0.5929722785949707,-0.027503276243805885,0.5194698572158813,0.5108370780944824,-0.0327756404876709,0.514667809009552,0.439432829618454,-0.035349778831005096,0.4720856547355652,0.5257300138473511,-0.006891661789268255,0.48120951652526855,0.4794739782810211,-0.03803778439760208,0.468260258436203,0.5456967949867249,-0.0558440200984478,0.4582735300064087,0.6019012928009033,-0.06067884713411331,0.4290756583213806,0.5230092406272888,-0.005192084703594446,0.4388703405857086,0.4748695492744446,-0.03668888285756111,0.431170791387558,0.5546681880950928,-0.043295376002788544,0.42557865381240845,0.6139858365058899,-0.03840416297316551,0.38682496547698975,0.5300247073173523,-0.00886330846697092,0.3945137560367584,0.4796243906021118,-0.03938467428088188,0.3979758024215698,0.5561983585357666,-0.03127242252230644,0.3987317979335785,0.6109776496887207,-0.01576097309589386,0.3448554575443268,0.5465553402900696,-0.014368200674653053,0.3540664315223694,0.5033197402954102,-0.03565830737352371,0.3651424050331116,0.5543763637542725,-0.027956733480095863,0.36989596486091614,0.5926594734191895,-0.01458880677819252,a
0.39898166060447693,0.729334831237793,-3.809031738910562e-07,0.4587113857269287,0.682810366153717,-0.02198098972439766,0.503955602645874,0.5930534601211548,-0.028301015496253967,0.5217885971069336,0.5121122002601624,-0.034520309418439865,0.5163495540618896,0.44023627042770386,-0.03811943158507347,0.4727362394332886,0.5243039727210999,-0.006854374427348375,0.4821942448616028,0.4806917607784271,-0.038922201842069626,0.4706403911113739,0.5460823774337769,-0.05783979967236519,0.46032875776290894,0.6022914052009583,-0.0633373036980629,0.42992809414863586,0.522225558757782,-0.005595216993242502,0.44030046463012695,0.47630128264427185,-0.03764786943793297,0.43377894163131714,0.5557076334953308,-0.04503155127167702,0.4274497628211975,0.6156802177429199,-0.040748823434114456,0.38793158531188965,0.5302110314369202,-0.009780852124094963,0.396037757396698,0.4824996590614319,-0.04069346934556961,0.4005358815193176,0.5583311915397644,-0.03286626562476158,0.40081602334976196,0.6129833459854126,-0.017563313245773315,0.3459082245826721,0.547961413860321,-0.0158375333994627,0.3554799258708954,0.5050804018974304,-0.03717581927776337,0.36722004413604736,0.5558061003684998,-0.029190074652433395,0.371529221534729,0.5943130254745483,-0.01565309800207615,a
0.39967936277389526,0.7293738126754761,-3.856644923416752e-07,0.4601351022720337,0.683778703212738,-0.022258413955569267,0.5050942897796631,0.5944239497184753,-0.028457066044211388,0.5218231081962585,0.5136176943778992,-0.03445420414209366,0.5171247124671936,0.4424562454223633,-0.037826064974069595,0.4759887158870697,0.5242260694503784,-0.006201392970979214,0.48433011770248413,0.48477187752723694,-0.0384971909224987,0.47182101011276245,0.5501919388771057,-0.05753755196928978,0.4612894058227539,0.6055752635002136,-0.06304245442152023,0.4325788915157318,0.521548330783844,-0.004689340945333242,0.44244468212127686,0.4774872064590454,-0.03738386556506157,0.43445444107055664,0.5570284724235535,-0.04490022733807564,0.42827606201171875,0.6169637441635132,-0.04029025509953499,0.3903225064277649,0.5289479494094849,-0.00868971273303032,0.39785534143447876,0.4833875596523285,-0.040368564426898956,0.40074658393859863,0.559419572353363,-0.03273933380842209,0.40122175216674805,0.6140546202659607,-0.017127059400081635,0.3484010696411133,0.5461632013320923,-0.014536031521856785,0.35801461338996887,0.505709171295166,-0.03617548570036888,0.3684830069541931,0.5569331645965576,-0.02826465480029583,0.3726414442062378,0.5948950052261353,-0.014505836181342602,a
0.39994633197784424,0.7278072237968445,-3.6474983744483325e-07,0.4599565863609314,0.6844487190246582,-0.02338232286274433,0.506434977054596,0.5952746272087097,-0.029736846685409546,0.5227283835411072,0.5136610269546509,-0.035611726343631744,0.5191529989242554,0.4421018362045288,-0.038700662553310394,0.4761239290237427,0.5248757004737854,-0.007893737405538559,0.48532533645629883,0.48279640078544617,-0.03940560668706894,0.47257906198501587,0.5482631921768188,-0.057689692825078964,0.4622144401073456,0.6036372184753418,-0.06286253035068512,0.4328153133392334,0.5229259133338928,-0.005531772971153259,0.4427379071712494,0.47849729657173157,-0.03788154199719429,0.4359845817089081,0.5567580461502075,-0.04547509923577309,0.4306037724018097,0.6168871521949768,-0.041132017970085144,0.3909175992012024,0.5302507281303406,-0.008671745657920837,0.39930617809295654,0.4850209653377533,-0.039873696863651276,0.40296512842178345,0.5597726106643677,-0.033220015466213226,0.4036538600921631,0.6155474185943604,-0.01849275827407837,0.3494536876678467,0.5463511347770691,-0.013755870051681995,0.35927775502204895,0.5079147815704346,-0.03536243736743927,0.36981475353240967,0.5569778680801392,-0.028888549655675888,0.3738109767436981,0.5949144959449768,-0.016313884407281876,a
0.40246278047561646,0.7293411493301392,-3.851880876482028e-07,0.4623931050300598,0.68561851978302,-0.021802986040711403,0.5089762806892395,0.5958157777786255,-0.027404723688960075,0.5262696146965027,0.5145522356033325,-0.03277626261115074,0.5208015441894531,0.4430766701698303,-0.035491615533828735,0.478074848651886,0.5265296101570129,-0.005916078109294176,0.4870709180831909,0.48494142293930054,-0.03723727539181709,0.47492915391921997,0.5506794452667236,-0.05561688914895058,0.4649689495563507,0.6058311462402344,-0.060877688229084015,0.43497219681739807,0.5241038799285889,-0.004255078732967377,0.44532421231269836,0.47976475954055786,-0.03607182577252388,0.43825456500053406,0.5598901510238647,-0.043196532875299454,0.4323638677597046,0.6193758845329285,-0.03856611251831055,0.39288994669914246,0.5313385725021362,-0.008023043163120747,0.40119484066963196,0.48510634899139404,-0.03885860741138458,0.40516287088394165,0.5613425374031067,-0.0312829315662384,0.40577176213264465,0.6161125302314758,-0.016079328954219818,0.3509310483932495,0.5477038025856018,-0.013613869436085224,0.36116012930870056,0.5092947483062744,-0.035180285573005676,0.371664822101593,0.5611269474029541,-0.027972055599093437,0.375342458486557,0.5992952585220337,-0.014907075092196465,a
0.40464213490486145,0.7317065000534058,-3.6212125564816233e-07,0.46438002586364746,0.6876572966575623,-0.021458961069583893,0.5103476047515869,0.596759557723999,-0.02681240811944008,0.5262834429740906,0.5153250098228455,-0.032017748802900314,0.521836519241333,0.4437423050403595,-0.03470858559012413,0.47908756136894226,0.5286977887153625,-0.005943421274423599,0.4893186390399933,0.4865414500236511,-0.036907780915498734,0.47787976264953613,0.5503515005111694,-0.054887112230062485,0.46797648072242737,0.6052451729774475,-0.059850942343473434,0.43598517775535583,0.5262380838394165,-0.004312839359045029,0.4471201002597809,0.4807412624359131,-0.03569195792078972,0.4408354163169861,0.5583223700523376,-0.04305078089237213,0.4353347420692444,0.6172288656234741,-0.038694534450769424,0.3940187394618988,0.5334327816963196,-0.007987565360963345,0.4025843143463135,0.48552772402763367,-0.03836226835846901,0.4073280990123749,0.5605945587158203,-0.03138266131281853,0.40832504630088806,0.6155369281768799,-0.01667921431362629,0.35229697823524475,0.5501606464385986,-0.013429263606667519,0.36180657148361206,0.5102072358131409,-0.034743450582027435,0.37402981519699097,0.5605841875076294,-0.02798277884721756,0.37916627526283264,0.5988105535507202,-0.015302908606827259,a
0.4045393168926239,0.7282784581184387,-3.7897862625868584e-07,0.4646008610725403,0.6856737732887268,-0.022450266405940056,0.51191645860672,0.5970391631126404,-0.028390830382704735,0.5301561951637268,0.5159924626350403,-0.03406189754605293,0.5258777141571045,0.444665789604187,-0.036828961223363876,0.4820953905582428,0.526395857334137,-0.006217180751264095,0.4902604818344116,0.4841671586036682,-0.03804152458906174,0.47973209619522095,0.5507761240005493,-0.05617794021964073,0.4706133008003235,0.605095386505127,-0.06116717308759689,0.43937164545059204,0.5236352682113647,-0.00437402306124568,0.44882750511169434,0.4800262451171875,-0.036723583936691284,0.44270622730255127,0.5599396228790283,-0.04350307956337929,0.43712088465690613,0.6175732612609863,-0.03855440393090248,0.39726415276527405,0.5309706926345825,-0.008117054589092731,0.4050231873989105,0.4857197403907776,-0.03985969349741936,0.4091879427433014,0.5629755854606628,-0.031492870301008224,0.4099137485027313,0.6164314150810242,-0.015518555417656898,0.35501793026924133,0.547728419303894,-0.013727233745157719,0.36494511365890503,0.5092608332633972,-0.035930536687374115,0.37578922510147095,0.5620262026786804,-0.028251320123672485,0.3801179528236389,0.5993370413780212,-0.014638115651905537,a
0.4072221517562866,0.7292674779891968,-3.5564113431973965e-07,0.4665199816226959,0.6850636005401611,-0.02070140279829502,0.5117437243461609,0.5968303084373474,-0.02611556462943554,0.5301185250282288,0.5171483755111694,-0.03158418834209442,0.5257068872451782,0.4466552436351776,-0.034463975578546524,0.48236966133117676,0.5259536504745483,-0.004171853885054588,0.49243858456611633,0.4873480796813965,-0.03553955629467964,0.480657696723938,0.5520310997962952,-0.05420151352882385,0.4705340564250946,0.6064045429229736,-0.05962055176496506,0.43965011835098267,0.5231472253799438,-0.0030974913388490677,0.450564444065094,0.4797212779521942,-0.035014063119888306,0.4438554644584656,0.558195173740387,-0.04261409863829613,0.43825563788414,0.6166900992393494,-0.038218140602111816,0.39753809571266174,0.5301012992858887,-0.007411241065710783,0.406394362449646,0.4865068197250366,-0.0383230522274971,0.41057512164115906,0.5619219541549683,-0.03108041360974312,0.41133353114128113,0.6154314279556274,-0.015962351113557816,0.3553120493888855,0.546938419342041,-0.013473856262862682,0.36661413311958313,0.5106494426727295,-0.03485848009586334,0.3778631091117859,0.5624746680259705,-0.02763654850423336,0.3820728361606598,0.5999369621276855,-0.014520238153636456,a
0.4097164273262024,0.7274622321128845,-3.632735570135992e-07,0.46953684091567993,0.6839418411254883,-0.021757308393716812,0.516307532787323,0.5937997102737427,-0.02745603397488594,0.5328633785247803,0.5134910345077515,-0.03315429016947746,0.5305346250534058,0.44298356771469116,-0.03630983456969261,0.4841521978378296,0.5242524743080139,-0.006217104848474264,0.49426475167274475,0.4844686985015869,-0.037838373333215714,0.483536958694458,0.5503312349319458,-0.05623907968401909,0.47397759556770325,0.6051949262619019,-0.061429817229509354,0.4411015212535858,0.522881805896759,-0.0047196559607982635,0.45243507623672485,0.48103341460227966,-0.036801859736442566,0.44667401909828186,0.5601139664649963,-0.04418580234050751,0.4408529996871948,0.6188725829124451,-0.039868853986263275,0.39901405572891235,0.5312545299530029,-0.00868489220738411,0.4089130759239197,0.4862927794456482,-0.04021671414375305,0.4135037660598755,0.5626300573348999,-0.03302942216396332,0.4135228395462036,0.6178272366523743,-0.01795475371181965,0.35720306634902954,0.5487411618232727,-0.014385775662958622,0.3674469590187073,0.5088828206062317,-0.036458373069763184,0.3788459002971649,0.5602714419364929,-0.029325563460588455,0.3828231394290924,0.59920334815979,-0.016211213544011116,a
0.4107237160205841,0.7280756235122681,-3.8829870163681335e-07,0.4709842801094055,0.6854485273361206,-0.020293276757001877,0.5186370611190796,0.5970529913902283,-0.025333795696496964,0.5368772149085999,0.5163030624389648,-0.030623557046055794,0.531962513923645,0.44536495208740234,-0.033502157777547836,0.48749470710754395,0.5271903276443481,-0.0042907618917524815,0.4974169135093689,0.4857211709022522,-0.03551288694143295,0.48681652545928955,0.5523135662078857,-0.0538409948348999,0.47804713249206543,0.6071796417236328,-0.05904138833284378,0.44478827714920044,0.524287223815918,-0.0033470788039267063,0.45612454414367676,0.4812709391117096,-0.034775130450725555,0.44989776611328125,0.5612988471984863,-0.04202588275074959,0.44422638416290283,0.6202188730239868,-0.03765764832496643,0.4025894105434418,0.5315440893173218,-0.0077324858866631985,0.4114028811454773,0.48473215103149414,-0.038696691393852234,0.41613805294036865,0.5623383522033691,-0.030992137268185616,0.4169294834136963,0.6176971793174744,-0.015768663957715034,0.3604421317577362,0.5484568476676941,-0.013762208633124828,0.3705826997756958,0.5095341801643372,-0.03591584786772728,0.3820330500602722,0.5632370114326477,-0.02864110842347145,0.3864033818244934,0.6029139757156372,-0.015413806773722172,a
0.4122079014778137,0.7306644916534424,-3.559093784133438e-07,0.47216957807540894,0.687504768371582,-0.020945146679878235,0.5194023847579956,0.5987502932548523,-0.02575349621474743,0.5362008810043335,0.518582820892334,-0.03039916418492794,0.5327451825141907,0.4484694004058838,-0.032528214156627655,0.488773375749588,0.5305597186088562,-0.004766988102346659,0.4991568624973297,0.48687002062797546,-0.03470028564333916,0.48777222633361816,0.5498655438423157,-0.05215034633874893,0.4781428873538971,0.604056715965271,-0.05697577819228172,0.44640377163887024,0.5276049375534058,-0.003047401551157236,0.45735204219818115,0.4814930558204651,-0.033763498067855835,0.4505227506160736,0.5581054091453552,-0.04108954966068268,0.44489189982414246,0.6163050532341003,-0.03684869408607483,0.4046454429626465,0.5338903665542603,-0.0065604220144450665,0.41306591033935547,0.4865509271621704,-0.03668871894478798,0.41711437702178955,0.5610548257827759,-0.030000293627381325,0.4179149270057678,0.6155558824539185,-0.015560884959995747,0.36254847049713135,0.5493538975715637,-0.011782774701714516,0.372950941324234,0.5111553072929382,-0.033219773322343826,0.3844121992588043,0.5621045231819153,-0.026812545955181122,0.38905492424964905,0.6001753807067871,-0.014425573870539665,a
0.4127892851829529,0.7300909757614136,-3.5865184599970235e-07,0.4728758931159973,0.6872783899307251,-0.02179552987217903,0.5202110409736633,0.598625123500824,-0.0272208359092474,0.5383789539337158,0.5189353823661804,-0.03255898505449295,0.5350556373596191,0.44795167446136475,-0.0352228544652462,0.49028894305229187,0.5290335416793823,-0.004432913847267628,0.5007106065750122,0.4866572916507721,-0.03572777286171913,0.4903966784477234,0.5499176979064941,-0.05420433729887009,0.4805040955543518,0.6040992736816406,-0.05957377701997757,0.4482903778553009,0.525886058807373,-0.0030222879722714424,0.4587060511112213,0.4807259440422058,-0.034999869763851166,0.45240122079849243,0.5587036609649658,-0.04272392392158508,0.4464896023273468,0.6171136498451233,-0.03850967809557915,0.4064633250236511,0.5324934124946594,-0.0071679288521409035,0.41481539607048035,0.4853130578994751,-0.03867394104599953,0.4185245633125305,0.5615943670272827,-0.03128192946314812,0.41861167550086975,0.6156825423240662,-0.016013311222195625,0.36417555809020996,0.5487053394317627,-0.013154678978025913,0.3745499849319458,0.5106428861618042,-0.035495512187480927,0.38499975204467773,0.5629839301109314,-0.028390642255544662,0.3886316418647766,0.6004719734191895,-0.015287047252058983,a
0.4138962924480438,0.7305430769920349,-3.655902958143997e-07,0.473894327878952,0.6878822445869446,-0.021607501432299614,0.5208876132965088,0.597797155380249,-0.026858579367399216,0.5388232469558716,0.5167699456214905,-0.03180774673819542,0.5354344844818115,0.44573235511779785,-0.03382258117198944,0.49272483587265015,0.5300540924072266,-0.005630157422274351,0.5027077198028564,0.48654866218566895,-0.03627457842230797,0.48997071385383606,0.5517566800117493,-0.053515639156103134,0.4800940155982971,0.6047980189323425,-0.05827085301280022,0.4498366713523865,0.5264036655426025,-0.004240797832608223,0.46059566736221313,0.4800768196582794,-0.03582245856523514,0.452865868806839,0.5588495135307312,-0.042353738099336624,0.4471903443336487,0.6157744526863098,-0.03733737766742706,0.40751925110816956,0.5323354005813599,-0.008280941285192966,0.4160018861293793,0.48559221625328064,-0.03913726285099983,0.4192007780075073,0.5615911483764648,-0.030987050384283066,0.41968315839767456,0.6139424443244934,-0.015422974713146687,0.3650628328323364,0.5474290251731873,-0.014134167693555355,0.3757132291793823,0.5104175806045532,-0.035411808639764786,0.38594263792037964,0.5627526044845581,-0.02775258757174015,0.38963955640792847,0.5991185903549194,-0.014509165659546852,a
0.4145578145980835,0.7291153073310852,-3.649425366347714e-07,0.47494351863861084,0.6862726807594299,-0.02229146473109722,0.5229558944702148,0.5976617336273193,-0.02826351672410965,0.5407229661941528,0.5170837640762329,-0.034149497747421265,0.5382331609725952,0.4453258812427521,-0.03730360046029091,0.49328961968421936,0.5260091423988342,-0.005995848681777716,0.5037437081336975,0.484987735748291,-0.0380612276494503,0.49249377846717834,0.5496156811714172,-0.05689322575926781,0.4821214973926544,0.6042016744613647,-0.06225256994366646,0.45059138536453247,0.5236891508102417,-0.004339834675192833,0.46223509311676025,0.48145705461502075,-0.036774419248104095,0.4558737576007843,0.5595175623893738,-0.044423624873161316,0.44982412457466125,0.6181153655052185,-0.04018893465399742,0.40858548879623413,0.530696451663971,-0.008294785395264626,0.4185692369937897,0.4863034188747406,-0.03975308686494827,0.42259764671325684,0.5614911913871765,-0.03269823268055916,0.4229198396205902,0.616472601890564,-0.017709724605083466,0.3663451671600342,0.5468682646751404,-0.014126528054475784,0.377716064453125,0.5089107751846313,-0.03581363707780838,0.3884631395339966,0.5597614645957947,-0.028802217915654182,0.392072856426239,0.5980187058448792,-0.01583750732243061,a
0.4180833399295807,0.72881019115448,-3.8227409504543175e-07,0.4785446524620056,0.6845266819000244,-0.020841432735323906,0.5264044404029846,0.5966086983680725,-0.025975359603762627,0.5449491143226624,0.5163301825523376,-0.031258564442396164,0.538724958896637,0.44544267654418945,-0.033933017402887344,0.4952475130558014,0.5285242199897766,-0.004555169492959976,0.505009651184082,0.4847298562526703,-0.03598698228597641,0.49472886323928833,0.5499863028526306,-0.05435548350214958,0.4850795865058899,0.6048234701156616,-0.05940750613808632,0.4529578685760498,0.525705873966217,-0.003384753130376339,0.46388110518455505,0.4820221960544586,-0.03486946225166321,0.45758792757987976,0.5617725849151611,-0.04199124872684479,0.4508749842643738,0.6195653676986694,-0.037554606795310974,0.41108205914497375,0.5324190855026245,-0.007696949411183596,0.4201424717903137,0.4856494665145874,-0.038242828100919724,0.4241165816783905,0.5618389844894409,-0.030373405665159225,0.42366424202919006,0.6157239079475403,-0.015118042938411236,0.3682427406311035,0.5483349561691284,-0.013788164593279362,0.3786572813987732,0.5094030499458313,-0.03481972590088844,0.3894278407096863,0.5610288977622986,-0.027211802080273628,0.3925113081932068,0.5984634160995483,-0.014004937373101711,a
0.41989389061927795,0.7309809923171997,-3.6377960555000755e-07,0.4808971881866455,0.6870112419128418,-0.02117188647389412,0.5284280776977539,0.5965035557746887,-0.0261460542678833,0.545315682888031,0.5156702995300293,-0.030979879200458527,0.5413264036178589,0.4441811144351959,-0.0331597775220871,0.49654102325439453,0.5298144817352295,-0.005067807622253895,0.507373034954071,0.4838523268699646,-0.035604219883680344,0.49681901931762695,0.5480831861495972,-0.05324780195951462,0.48708537220954895,0.6029510498046875,-0.05804246664047241,0.45434463024139404,0.5277435779571533,-0.003620506962761283,0.4657645523548126,0.48002055287361145,-0.034488968551158905,0.4598812162876129,0.5580421686172485,-0.04134617745876312,0.4539720118045807,0.6160789132118225,-0.036765024065971375,0.4126301407814026,0.5349342823028564,-0.007570833433419466,0.42182132601737976,0.4861134886741638,-0.03757806867361069,0.4262422025203705,0.5615589618682861,-0.029669489711523056,0.4264906048774719,0.6151643991470337,-0.014478576369583607,0.3704204559326172,0.5513964891433716,-0.013312236405909061,0.38256335258483887,0.5101215839385986,-0.033999718725681305,0.39294111728668213,0.5624356865882874,-0.026127565652132034,0.39574241638183594,0.6007637977600098,-0.012901577167212963,a
0.4215328097343445,0.732030987739563,-3.6872799569209747e-07,0.4830930531024933,0.6871269941329956,-0.022372884675860405,0.5306919813156128,0.5963869690895081,-0.02779453434050083,0.5485339164733887,0.515698254108429,-0.03303488343954086,0.5436874628067017,0.4444049000740051,-0.03524758294224739,0.49899449944496155,0.5304434299468994,-0.005545950960367918,0.5090960264205933,0.4835169315338135,-0.037198372185230255,0.49972066283226013,0.5486534833908081,-0.05500801280140877,0.49063819646835327,0.6028954386711121,-0.05970237776637077,0.4568675458431244,0.5282179117202759,-0.003974214196205139,0.46732333302497864,0.48103755712509155,-0.03631408512592316,0.46168991923332214,0.5604616403579712,-0.04304646700620651,0.4560670554637909,0.6180543899536133,-0.03803598880767822,0.4148624539375305,0.535229504108429,-0.008149402216076851,0.42407354712486267,0.48756834864616394,-0.039723362773656845,0.4276697635650635,0.5641701221466064,-0.031261835247278214,0.4277114272117615,0.617262601852417,-0.015236481092870235,0.3723805248737335,0.550871729850769,-0.014275283552706242,0.3836227357387543,0.5106679201126099,-0.035607293248176575,0.3928661644458771,0.5630918145179749,-0.027529276907444,0.3954777121543884,0.6004502773284912,-0.013987804763019085,a
0.4217867851257324,0.7360870838165283,-3.728146111825481e-07,0.48415032029151917,0.6903854012489319,-0.0216864962130785,0.5313702821731567,0.5985257029533386,-0.027053076773881912,0.5481069087982178,0.516935408115387,-0.03225759416818619,0.5445832014083862,0.4452928304672241,-0.034503497183322906,0.5018355250358582,0.5323169231414795,-0.0048484206199646,0.5119248628616333,0.4875987768173218,-0.03656606003642082,0.5005723834037781,0.5525184869766235,-0.05476211756467819,0.49070417881011963,0.607850193977356,-0.05971492826938629,0.4587974548339844,0.5294355154037476,-0.0035423750523477793,0.46914467215538025,0.48183757066726685,-0.03608917444944382,0.462612509727478,0.5608954429626465,-0.04333988577127457,0.45720797777175903,0.6200959086418152,-0.03855585306882858,0.4163605868816376,0.5353938341140747,-0.007850310765206814,0.4251977503299713,0.48852628469467163,-0.039010219275951385,0.42889204621315,0.5643197298049927,-0.031002936884760857,0.42945775389671326,0.617887556552887,-0.015302678570151329,0.3736090362071991,0.5502259135246277,-0.014077829197049141,0.385407418012619,0.5104397535324097,-0.034833043813705444,0.3947516679763794,0.5624174475669861,-0.026805566623806953,0.39747917652130127,0.5996502637863159,-0.013345041312277317,a
0.42187511920928955,0.7320218086242676,-3.723814927525382e-07,0.48492977023124695,0.6871038675308228,-0.022589130327105522,0.5334374308586121,0.598329484462738,-0.02877064421772957,0.549556314945221,0.5169267654418945,-0.03474784269928932,0.5452812314033508,0.4452245235443115,-0.037842757999897,0.502319872379303,0.5288623571395874,-0.006148922257125378,0.5125064849853516,0.4869384467601776,-0.03853059560060501,0.5007420182228088,0.5526142120361328,-0.05755636468529701,0.49074503779411316,0.6079270243644714,-0.06320812553167343,0.45899221301078796,0.5263524651527405,-0.00460329232737422,0.4700288474559784,0.4829845130443573,-0.03789407014846802,0.4631701111793518,0.5620806217193604,-0.04570694640278816,0.45789897441864014,0.6213992834091187,-0.04145965725183487,0.4168998599052429,0.5325170159339905,-0.008718634955585003,0.42684248089790344,0.48851633071899414,-0.04044162854552269,0.4300086200237274,0.56392902135849,-0.032872382551431656,0.4305078685283661,0.6179535388946533,-0.017543835565447807,0.3746817111968994,0.547818124294281,-0.014827697537839413,0.38649168610572815,0.5107361674308777,-0.03633268550038338,0.39533066749572754,0.5627073645591736,-0.028997894376516342,0.39810770750045776,0.6000374555587769,-0.015938764438033104,a
0.42226070165634155,0.732990026473999,-3.671307240438182e-07,0.48476266860961914,0.6913604736328125,-0.023464316502213478,0.5336493253707886,0.6013683080673218,-0.02945766970515251,0.5504850149154663,0.519201934337616,-0.034877609461545944,0.5456969738006592,0.44693881273269653,-0.03740021958947182,0.502250611782074,0.5317716002464294,-0.0070719243958592415,0.5136694312095642,0.488847553730011,-0.03944902867078781,0.5020326375961304,0.5539782047271729,-0.05816473811864853,0.4915946424007416,0.6092257499694824,-0.06352551281452179,0.45934832096099854,0.5286301374435425,-0.004936272744089365,0.4710826277732849,0.483106791973114,-0.038378797471523285,0.4644508361816406,0.5631510019302368,-0.046056099236011505,0.45878663659095764,0.6231381893157959,-0.04151654615998268,0.4172512888908386,0.5343612432479858,-0.008467615582048893,0.42734313011169434,0.4893823266029358,-0.040779534727334976,0.43067827820777893,0.5661210417747498,-0.03319244459271431,0.43067270517349243,0.6207084655761719,-0.017603332176804543,0.374684602022171,0.5487161874771118,-0.014009442180395126,0.386766254901886,0.5119034647941589,-0.03633599355816841,0.39635133743286133,0.5649623870849609,-0.02923780493438244,0.3992180824279785,0.6028309464454651,-0.016201594844460487,a
0.4216438829898834,0.7349778413772583,-3.6867442076982115e-07,0.48369619250297546,0.693795382976532,-0.023166952654719353,0.5334516763687134,0.6026489734649658,-0.028599107638001442,0.550626277923584,0.5201218128204346,-0.03345879912376404,0.5463312268257141,0.44759267568588257,-0.035364389419555664,0.5016105771064758,0.5332514643669128,-0.0061421943828463554,0.5133090019226074,0.4888423979282379,-0.037282127887010574,0.501655101776123,0.5533140301704407,-0.05488462746143341,0.4914855360984802,0.6079346537590027,-0.05962708219885826,0.45887404680252075,0.5302853584289551,-0.00392720103263855,0.4705248177051544,0.48405128717422485,-0.03673992678523064,0.46445778012275696,0.5637227892875671,-0.04427617788314819,0.4592133164405823,0.6235015392303467,-0.03966377675533295,0.41691988706588745,0.5360638499259949,-0.007284348364919424,0.4268873631954193,0.48978111147880554,-0.039281368255615234,0.43122318387031555,0.5671965479850769,-0.0319184735417366,0.4319329857826233,0.6227273941040039,-0.016511205583810806,0.3748112618923187,0.5505980253219604,-0.012606782838702202,0.38690364360809326,0.5123800039291382,-0.03513873741030693,0.39709705114364624,0.5660856366157532,-0.02843058481812477,0.40055224299430847,0.6052661538124084,-0.015643751248717308,a
0.42157119512557983,0.7368820905685425,-3.8540164837286284e-07,0.483173131942749,0.6949636936187744,-0.02360132709145546,0.5328339338302612,0.6033428311347961,-0.02952054888010025,0.551516056060791,0.5206578373908997,-0.03490004688501358,0.5462518334388733,0.44808733463287354,-0.037126582115888596,0.5020305514335632,0.5342993140220642,-0.006662389729171991,0.5132356882095337,0.4889087975025177,-0.03860209509730339,0.5007156729698181,0.5549280643463135,-0.05668403580784798,0.4898810386657715,0.609346330165863,-0.06170184910297394,0.459423303604126,0.5311768054962158,-0.004609712399542332,0.4707798957824707,0.4847257733345032,-0.03807346150279045,0.4639127254486084,0.5659356117248535,-0.04543890804052353,0.4579928517341614,0.6255347728729248,-0.0405774787068367,0.41757166385650635,0.5369464755058289,-0.008265758864581585,0.4273390471935272,0.4911600351333618,-0.04017462581396103,0.4307701885700226,0.5688986778259277,-0.03199651092290878,0.43078315258026123,0.6236693859100342,-0.01605771668255329,0.3754434287548065,0.5511791110038757,-0.01404496654868126,0.38720226287841797,0.5130298733711243,-0.03571142256259918,0.3966471254825592,0.565712571144104,-0.02820717915892601,0.39950570464134216,0.6033856868743896,-0.014983218163251877,a
0.42177918553352356,0.7396617531776428,-3.813747468939255e-07,0.4840061366558075,0.695684015750885,-0.023056823760271072,0.5330660939216614,0.603084146976471,-0.028799301013350487,0.5513149499893188,0.5202112197875977,-0.034331560134887695,0.5469746589660645,0.44758617877960205,-0.036769989877939224,0.5023720264434814,0.5353883504867554,-0.005347861908376217,0.5139476656913757,0.4908767342567444,-0.037890542298555374,0.5017567276954651,0.5573368072509766,-0.05634912848472595,0.4916452467441559,0.6126372218132019,-0.06130353361368179,0.45979422330856323,0.5320979356765747,-0.0036657603923231363,0.47178858518600464,0.4860001504421234,-0.037894438952207565,0.46464866399765015,0.5669047832489014,-0.04558055102825165,0.45924749970436096,0.627630889415741,-0.040535494685173035,0.4177747070789337,0.5375546813011169,-0.007809668313711882,0.4280191659927368,0.49289125204086304,-0.04046719893813133,0.43119901418685913,0.5707986354827881,-0.03273756429553032,0.43184682726860046,0.6267061233520508,-0.016670506447553635,0.37544500827789307,0.5515332818031311,-0.01404115092009306,0.38765957951545715,0.5128777623176575,-0.03614259511232376,0.3969824016094208,0.5664506554603577,-0.028816625475883484,0.4002656042575836,0.6057872176170349,-0.015466767363250256,a
0.42226752638816833,0.7386549115180969,-3.8619035080955655e-07,0.4848538041114807,0.6946099996566772,-0.02342063933610916,0.5340864658355713,0.604278028011322,-0.029478421434760094,0.5517516732215881,0.5221471190452576,-0.03528133034706116,0.5470755100250244,0.4499875009059906,-0.03797641769051552,0.5039383172988892,0.5356589555740356,-0.005546722561120987,0.5139710307121277,0.49248582124710083,-0.03860233724117279,0.5011911392211914,0.5589556097984314,-0.05757797881960869,0.49056902527809143,0.6143770813941956,-0.06287279725074768,0.4610197842121124,0.5325531959533691,-0.0037474643904715776,0.4715944230556488,0.48714151978492737,-0.038602717220783234,0.46401312947273254,0.5677812099456787,-0.04676403850317001,0.45846349000930786,0.6284321546554565,-0.04196491464972496,0.41901278495788574,0.5382201671600342,-0.007801448926329613,0.42799112200737,0.49351006746292114,-0.04080330580472946,0.4306708574295044,0.570889413356781,-0.03302768990397453,0.4311661720275879,0.6262907385826111,-0.016853364184498787,0.376517653465271,0.5526337027549744,-0.013980216346681118,0.38777148723602295,0.5147978663444519,-0.03622419014573097,0.3968521058559418,0.5675600171089172,-0.028843363747000694,0.40020498633384705,0.6057148575782776,-0.015359143726527691,a
0.4225686192512512,0.7390843629837036,-3.758243849460996e-07,0.48510807752609253,0.6948442459106445,-0.02291211485862732,0.5339748859405518,0.6040177941322327,-0.02881339006125927,0.5513752102851868,0.5218477845191956,-0.034574590623378754,0.5465275049209595,0.44981640577316284,-0.03741937875747681,0.5038965940475464,0.536309003829956,-0.005608986597508192,0.5138746500015259,0.49335747957229614,-0.03841034322977066,0.5011622309684753,0.5593165159225464,-0.05733168125152588,0.49097302556037903,0.6146397590637207,-0.0626336857676506,0.4607299864292145,0.5335550308227539,-0.00411653146147728,0.4717862010002136,0.4883083701133728,-0.03872787207365036,0.4643753170967102,0.5676727890968323,-0.04711321368813515,0.4588867425918579,0.628710150718689,-0.042573243379592896,0.4185435473918915,0.5393690466880798,-0.008373034186661243,0.4278179407119751,0.4954880475997925,-0.04140765592455864,0.43115541338920593,0.5717904567718506,-0.03447284922003746,0.43202388286590576,0.627707839012146,-0.01887357421219349,0.37615153193473816,0.5536595582962036,-0.014647525735199451,0.38727420568466187,0.5148252844810486,-0.03720599412918091,0.39706945419311523,0.5672867894172668,-0.03030543215572834,0.40088891983032227,0.6067488789558411,-0.017142750322818756,a
0.4232718348503113,0.740471601486206,-3.805954236213438e-07,0.48469164967536926,0.6975047588348389,-0.02312828041613102,0.5332255363464355,0.6056205034255981,-0.028862688690423965,0.5508707761764526,0.5234678387641907,-0.03418135643005371,0.5467953681945801,0.45118701457977295,-0.03643331304192543,0.5037484765052795,0.5386353731155396,-0.0065391939133405685,0.5138713717460632,0.49273285269737244,-0.038434162735939026,0.5009983777999878,0.5585628747940063,-0.05638664960861206,0.4905757009983063,0.6135581731796265,-0.06121751666069031,0.4610259234905243,0.5357527732849121,-0.004667526576668024,0.47140803933143616,0.48927706480026245,-0.038166046142578125,0.464185506105423,0.5692412257194519,-0.04547583684325218,0.4586363434791565,0.6291496753692627,-0.04055395722389221,0.4189264178276062,0.5415400266647339,-0.008469103835523129,0.42766913771629333,0.4955839216709137,-0.04043702036142349,0.43090131878852844,0.5726040601730347,-0.03239603340625763,0.4315386414527893,0.627543568611145,-0.016535434871912003,0.3764629662036896,0.555679202079773,-0.014330054633319378,0.3879210352897644,0.5163111686706543,-0.036230627447366714,0.39766746759414673,0.5694273114204407,-0.028745600953698158,0.4012269675731659,0.6081638932228088,-0.015497363172471523,a
0.42133378982543945,0.741318941116333,-3.865686153403658e-07,0.4835204482078552,0.6985044479370117,-0.023462047800421715,0.5330670475959778,0.6067714095115662,-0.02933996543288231,0.5520946979522705,0.5243512988090515,-0.034854210913181305,0.54751056432724,0.4517754316329956,-0.03713638707995415,0.5040212869644165,0.5382754802703857,-0.005755343474447727,0.5137302279472351,0.4925607442855835,-0.03831709921360016,0.5007151365280151,0.5597190856933594,-0.05682674050331116,0.49069344997406006,0.6149738430976868,-0.061975911259651184,0.46116939187049866,0.53486567735672,-0.003944984637200832,0.47148704528808594,0.4889014661312103,-0.03831660374999046,0.4636634886264801,0.5694988369941711,-0.046062763780355453,0.4582039713859558,0.6293647289276123,-0.04112516716122627,0.41893282532691956,0.5405207276344299,-0.007993370294570923,0.4272361099720001,0.49528858065605164,-0.04039982333779335,0.42998212575912476,0.572560727596283,-0.03227085992693901,0.4308684170246124,0.6270873546600342,-0.01614619418978691,0.3764858841896057,0.554787278175354,-0.014214892871677876,0.38726189732551575,0.5172468423843384,-0.03629584610462189,0.39660948514938354,0.5706733465194702,-0.02888159267604351,0.4006466865539551,0.6088657379150391,-0.01550256460905075,a
0.42268818616867065,0.7413867712020874,-3.679043913962232e-07,0.48419785499572754,0.6965861916542053,-0.022678062319755554,0.5328049063682556,0.6055182218551636,-0.028741370886564255,0.5513961315155029,0.5239492058753967,-0.03472595661878586,0.5477635860443115,0.4518481492996216,-0.03765139728784561,0.5021283626556396,0.5380166172981262,-0.006663457490503788,0.5129170417785645,0.4912814497947693,-0.03933060169219971,0.5008065104484558,0.5578449368476868,-0.0576411671936512,0.4914045035839081,0.6128880381584167,-0.06261646747589111,0.45937514305114746,0.5352652072906494,-0.005447564646601677,0.47134894132614136,0.4882810711860657,-0.04006316140294075,0.4638855457305908,0.5684555768966675,-0.047881755977869034,0.458342581987381,0.6285334229469299,-0.043003153055906296,0.41726237535476685,0.5411738157272339,-0.009906532242894173,0.4273519814014435,0.49514928460121155,-0.04271293431520462,0.43067339062690735,0.5719814300537109,-0.03521338850259781,0.43160533905029297,0.6272201538085938,-0.019361695274710655,0.3749798834323883,0.5555459856987,-0.016386982053518295,0.38560137152671814,0.5165425539016724,-0.03870005905628204,0.39643406867980957,0.5685983896255493,-0.03175656124949455,0.40131574869155884,0.6075252294540405,-0.01867353916168213,a
0.42119163274765015,0.7391657829284668,-3.8180155570444185e-07,0.48419106006622314,0.6950250267982483,-0.02316782809793949,0.5328360199928284,0.6057966351509094,-0.02946966513991356,0.5517659187316895,0.5242384672164917,-0.035462915897369385,0.547448992729187,0.45210814476013184,-0.038456059992313385,0.5032370090484619,0.5364611148834229,-0.005975461099296808,0.5131442546844482,0.4931885898113251,-0.038813572376966476,0.5003195405006409,0.5587541460990906,-0.0579444020986557,0.489359050989151,0.6137927770614624,-0.0635588988661766,0.46023768186569214,0.5329506993293762,-0.004496551118791103,0.47062328457832336,0.4873657524585724,-0.03888414800167084,0.46316495537757874,0.567487359046936,-0.0469556488096714,0.4577867090702057,0.6277461051940918,-0.04231644794344902,0.41811761260032654,0.5389236211776733,-0.00877576507627964,0.4269511103630066,0.49492114782333374,-0.04129456356167793,0.4299815595149994,0.5716971158981323,-0.03328835591673851,0.4310026168823242,0.6257264018058777,-0.017193512991070747,0.37589871883392334,0.554177463054657,-0.015157031826674938,0.3871120810508728,0.5171837210655212,-0.03698817640542984,0.39682990312576294,0.5699933767318726,-0.02920839749276638,0.4008790850639343,0.6072843670845032,-0.015599457547068596,a
0.42259445786476135,0.7379876375198364,-3.703727031734161e-07,0.484674334526062,0.6937812566757202,-0.021908948197960854,0.5326588153839111,0.604290246963501,-0.0278417207300663,0.5503542423248291,0.523017168045044,-0.03362734243273735,0.546722948551178,0.45142680406570435,-0.03662796691060066,0.5038462281227112,0.5384715795516968,-0.007248946465551853,0.5131945013999939,0.4929249882698059,-0.039119262248277664,0.5003855228424072,0.5583480596542358,-0.057292792946100235,0.4902369976043701,0.6132528781890869,-0.0624452605843544,0.46056023240089417,0.5352768301963806,-0.006235040258616209,0.4713120758533478,0.487548828125,-0.03923467919230461,0.4636121094226837,0.5662342309951782,-0.04665224999189377,0.45778343081474304,0.6257921457290649,-0.04212731495499611,0.41812992095947266,0.541007399559021,-0.010612409561872482,0.42752936482429504,0.494110107421875,-0.04208877682685852,0.4304888844490051,0.5698754191398621,-0.03417922556400299,0.4308948814868927,0.6242350339889526,-0.01862771436572075,0.3754141926765442,0.5555132031440735,-0.01690720207989216,0.38631772994995117,0.515673041343689,-0.03829437494277954,0.39657166600227356,0.5673810243606567,-0.030645789578557014,0.4005257189273834,0.6053873896598816,-0.01744907908141613,a
0.4217677116394043,0.7369527816772461,-3.6857119312116993e-07,0.48299792408943176,0.694503664970398,-0.02254500612616539,0.5317559242248535,0.6051135659217834,-0.028546275570988655,0.5504525899887085,0.5236848592758179,-0.034178681671619415,0.5460425615310669,0.4518665373325348,-0.03692455589771271,0.5037609338760376,0.5371764898300171,-0.0071495152078568935,0.5131000280380249,0.49317672848701477,-0.03877055272459984,0.5000976324081421,0.5581924319267273,-0.05695505067706108,0.4898960590362549,0.6124916076660156,-0.06221778318285942,0.4606589078903198,0.5339080095291138,-0.005657803732901812,0.4710407853126526,0.4875018000602722,-0.0386149100959301,0.463550865650177,0.5658799409866333,-0.046172354370355606,0.4581032693386078,0.6252148747444153,-0.04173555597662926,0.41837015748023987,0.5394678711891174,-0.009596027433872223,0.42723411321640015,0.49381721019744873,-0.04094172269105911,0.43018797039985657,0.5693266987800598,-0.03316638991236687,0.43080243468284607,0.623400866985321,-0.017801163718104362,0.3758730888366699,0.5537902116775513,-0.015531341545283794,0.38665056228637695,0.5163431167602539,-0.03707915171980858,0.3962477445602417,0.568336546421051,-0.029784860089421272,0.4000893831253052,0.6060024499893188,-0.01683034375309944,a
0.4213767647743225,0.7370877861976624,-3.6692304661301023e-07,0.48285114765167236,0.6949260234832764,-0.022775854915380478,0.5317808389663696,0.605265200138092,-0.02874978817999363,0.5501121878623962,0.5235610604286194,-0.03434973955154419,0.5462060570716858,0.45152419805526733,-0.037041954696178436,0.503741979598999,0.5375584959983826,-0.0071534039452672005,0.5132695436477661,0.49330297112464905,-0.0389254093170166,0.49996262788772583,0.5583741068840027,-0.057033006101846695,0.48976951837539673,0.6125020980834961,-0.0622069351375103,0.4606381952762604,0.5341955423355103,-0.005623871926218271,0.47128593921661377,0.4874166250228882,-0.03900935873389244,0.4633556008338928,0.5659874677658081,-0.046692438423633575,0.45784127712249756,0.6255832314491272,-0.042191680520772934,0.41832229495048523,0.5395893454551697,-0.009573323652148247,0.4274478852748871,0.4936147630214691,-0.04161785542964935,0.43005359172821045,0.5696773529052734,-0.03412522375583649,0.4306744635105133,0.6244255304336548,-0.01871405728161335,0.3757707476615906,0.5535978078842163,-0.015497429296374321,0.38635241985321045,0.5163414478302002,-0.0378083810210228,0.39616838097572327,0.5688077807426453,-0.030940871685743332,0.4004974961280823,0.6071059703826904,-0.018108753487467766,a
0.4198022484779358,0.7360053062438965,-3.6443779549699684e-07,0.4814448356628418,0.6935235261917114,-0.02239123359322548,0.5310336947441101,0.6036758422851562,-0.028317071497440338,0.5501042604446411,0.522294819355011,-0.03407420963048935,0.5461125373840332,0.4506273567676544,-0.036992743611335754,0.5022604465484619,0.5356688499450684,-0.006823145318776369,0.5124312043190002,0.4917781949043274,-0.038837213069200516,0.49918851256370544,0.5573845505714417,-0.057159461081027985,0.4892292022705078,0.6121648550033569,-0.06240687891840935,0.4591175615787506,0.532287061214447,-0.005595779046416283,0.4708672761917114,0.4871406555175781,-0.03911925107240677,0.46239373087882996,0.5657791495323181,-0.046891432255506516,0.45670127868652344,0.6259189248085022,-0.04239070415496826,0.41671502590179443,0.5379115343093872,-0.009892432019114494,0.42719459533691406,0.49324914813041687,-0.04178275167942047,0.4293788969516754,0.5693073868751526,-0.034366361796855927,0.4299463629722595,0.6245495080947876,-0.01903909258544445,0.37418094277381897,0.5524616837501526,-0.016175629571080208,0.38513073325157166,0.5163706541061401,-0.03823086619377136,0.3952958583831787,0.5683121085166931,-0.03142131119966507,0.4001789689064026,0.6064987778663635,-0.018657268956303596,a
0.4172213673591614,0.731667160987854,-3.480191992366599e-07,0.4791939854621887,0.68675297498703,-0.02044515684247017,0.5269072651863098,0.6011658310890198,-0.02658664621412754,0.5452307462692261,0.5227838158607483,-0.03329814225435257,0.5418140888214111,0.45235881209373474,-0.037654753774404526,0.4967264235019684,0.5313469171524048,-0.00610019126906991,0.5063843727111816,0.48697933554649353,-0.03780510276556015,0.4954759478569031,0.552960216999054,-0.05667855963110924,0.4867338240146637,0.6089500188827515,-0.06215498223900795,0.45357492566108704,0.528603196144104,-0.0057230181992053986,0.46629053354263306,0.48531949520111084,-0.03793717548251152,0.45837074518203735,0.5628771185874939,-0.046325698494911194,0.4520937502384186,0.6228232383728027,-0.0427074134349823,0.411169171333313,0.5353882312774658,-0.01057666540145874,0.4228660464286804,0.49084144830703735,-0.0412684790790081,0.4253025949001312,0.5647252202033997,-0.03513641282916069,0.42522376775741577,0.6204909086227417,-0.020902933552861214,0.3691113293170929,0.5516202449798584,-0.017186004668474197,0.3790050745010376,0.5112971067428589,-0.03804798796772957,0.3905513286590576,0.5583593845367432,-0.03147319331765175,0.39557185769081116,0.5969429016113281,-0.0189763605594635,a
0.41569891571998596,0.7305155396461487,-3.6842465078734676e-07,0.4780398905277252,0.6846850514411926,-0.019756320863962173,0.5252289175987244,0.5988525152206421,-0.025206303223967552,0.5422818660736084,0.5200883746147156,-0.030957797542214394,0.5392261743545532,0.45055943727493286,-0.034326426684856415,0.49818211793899536,0.5309154391288757,-0.004719259217381477,0.5058144330978394,0.4884793162345886,-0.03527172654867172,0.49361443519592285,0.5526566505432129,-0.05369872972369194,0.48459160327911377,0.6070668697357178,-0.05937081202864647,0.45485302805900574,0.5268373489379883,-0.004288823343813419,0.46484729647636414,0.4829517900943756,-0.035347193479537964,0.4556155502796173,0.5598790645599365,-0.04319998249411583,0.449755996465683,0.6188364624977112,-0.039473094046115875,0.4127233922481537,0.5328119993209839,-0.008931221440434456,0.42099639773368835,0.48738572001457214,-0.038144636899232864,0.42215651273727417,0.5603172183036804,-0.030885828658938408,0.42258891463279724,0.6140042543411255,-0.01641995646059513,0.37089651823043823,0.5487443804740906,-0.015351708978414536,0.37866997718811035,0.5115164518356323,-0.03504621610045433,0.3882581293582916,0.5594431757926941,-0.027613269165158272,0.39312943816185,0.5953017473220825,-0.01482162345200777,a
0.41402071714401245,0.7230759859085083,-3.4761248457471083e-07,0.4745267331600189,0.6778215765953064,-0.019841039553284645,0.5212264060974121,0.5926861763000488,-0.02539358288049698,0.5396073460578918,0.5146577954292297,-0.031473178416490555,0.5370786190032959,0.44526270031929016,-0.035115472972393036,0.4925228953361511,0.5252890586853027,-0.005677604582160711,0.500167965888977,0.47988420724868774,-0.03671403229236603,0.4889289140701294,0.5460472702980042,-0.05477047339081764,0.48084694147109985,0.6008301973342896,-0.05975430831313133,0.4500679671764374,0.5227112174034119,-0.005071806255728006,0.4605724811553955,0.47973841428756714,-0.03673253580927849,0.4523495137691498,0.5571179389953613,-0.044196683913469315,0.44709107279777527,0.6148182153701782,-0.039950720965862274,0.4085935652256012,0.5292400121688843,-0.009641865268349648,0.41838952898979187,0.48459094762802124,-0.03963976725935936,0.41990625858306885,0.5581239461898804,-0.03256729617714882,0.42015546560287476,0.6119284629821777,-0.01777799054980278,0.3670639991760254,0.5445969104766846,-0.01591992937028408,0.37609440088272095,0.506354570388794,-0.03575972095131874,0.3861299455165863,0.5534047484397888,-0.028553323820233345,0.39048469066619873,0.5898805260658264,-0.015671493485569954,a
0.4116722047328949,0.722905158996582,-3.664885070975288e-07,0.4727146625518799,0.6779477596282959,-0.021507518365979195,0.5196194052696228,0.58920818567276,-0.027368620038032532,0.5369118452072144,0.5100753903388977,-0.033331066370010376,0.5329828262329102,0.4407191276550293,-0.03663697466254234,0.49006205797195435,0.5216398239135742,-0.006860107649117708,0.5007151961326599,0.4801260232925415,-0.038032613694667816,0.4882068336009979,0.5467979311943054,-0.05601414665579796,0.4786124527454376,0.6006271243095398,-0.061216145753860474,0.44719985127449036,0.5193279385566711,-0.00582855986431241,0.4591199457645416,0.4776013493537903,-0.03778471425175667,0.45070385932922363,0.5560996532440186,-0.04503854736685753,0.44503870606422424,0.6143829822540283,-0.04073374345898628,0.4056016802787781,0.5270242094993591,-0.010170343331992626,0.41541731357574463,0.48139503598213196,-0.040383242070674896,0.417385458946228,0.5542948842048645,-0.033233851194381714,0.41773009300231934,0.6082731485366821,-0.018571270629763603,0.3648544251918793,0.5439213514328003,-0.016429418697953224,0.3738395571708679,0.5038453340530396,-0.03682810440659523,0.38392555713653564,0.550686240196228,-0.029891671612858772,0.38840916752815247,0.5880458354949951,-0.017344936728477478,a
0.41165292263031006,0.7205705642700195,-3.536842712037469e-07,0.471748024225235,0.6742419600486755,-0.019729893654584885,0.517484188079834,0.5860067009925842,-0.025231242179870605,0.5346311330795288,0.5078540444374084,-0.03100569173693657,0.531002402305603,0.43890541791915894,-0.034308020025491714,0.4883898198604584,0.5217819213867188,-0.00618146825581789,0.49784690141677856,0.4783906936645508,-0.03704636171460152,0.4861176908016205,0.5427789092063904,-0.05504820868372917,0.4771524965763092,0.5959216952323914,-0.060304902493953705,0.44592148065567017,0.5191259384155273,-0.005793888587504625,0.4574618935585022,0.47453898191452026,-0.03691226989030838,0.4493812918663025,0.5507832765579224,-0.04396720975637436,0.44402632117271423,0.608086109161377,-0.039766788482666016,0.40460413694381714,0.5258889198303223,-0.01050066389143467,0.414235919713974,0.4796100854873657,-0.04011089354753494,0.4165295660495758,0.5521751642227173,-0.032547056674957275,0.4172324538230896,0.6048762202262878,-0.017771728336811066,0.3636897802352905,0.5415855050086975,-0.016931133344769478,0.37295594811439514,0.5019663572311401,-0.03676882013678551,0.38326412439346313,0.5502126812934875,-0.02907707914710045,0.38771674036979675,0.5870449542999268,-0.01612599566578865,a
0.41032880544662476,0.7174131870269775,-3.5280308452456666e-07,0.4705410301685333,0.6717674732208252,-0.021330922842025757,0.5169329643249512,0.5848739743232727,-0.027295615524053574,0.5340246558189392,0.506583571434021,-0.033316925168037415,0.5304059982299805,0.437180757522583,-0.03694793954491615,0.48644205927848816,0.5159544348716736,-0.005670627113431692,0.4961963891983032,0.47583407163619995,-0.03617532178759575,0.4835248589515686,0.5402542352676392,-0.05457774177193642,0.4734986126422882,0.5937817692756653,-0.06031356006860733,0.4442451000213623,0.5143288373947144,-0.004480857867747545,0.45470955967903137,0.4725174605846405,-0.035923127084970474,0.4474192261695862,0.5489781498908997,-0.04390421137213707,0.44220712780952454,0.6080788373947144,-0.04028860107064247,0.4031882882118225,0.5224547386169434,-0.00856498908251524,0.4115581214427948,0.4779578745365143,-0.0390019491314888,0.41525086760520935,0.5511751174926758,-0.03254499286413193,0.4164634048938751,0.6064493656158447,-0.018290895968675613,0.36250412464141846,0.5398828983306885,-0.014472403563559055,0.3704792857170105,0.500872790813446,-0.03605794906616211,0.382015585899353,0.5493844151496887,-0.029688136652112007,0.38736751675605774,0.5880123376846313,-0.01729443296790123,a
0.4112195670604706,0.7177481651306152,-3.5793362940239604e-07,0.47118085622787476,0.6715739369392395,-0.02165926806628704,0.5173177123069763,0.5833160877227783,-0.0272824689745903,0.5336540341377258,0.5044860243797302,-0.03281904384493828,0.5290985703468323,0.4356093406677246,-0.03586583212018013,0.4877576529979706,0.517431914806366,-0.006245198659598827,0.49721387028694153,0.4769543707370758,-0.03745989128947258,0.4848715364933014,0.5409952998161316,-0.055598266422748566,0.47511807084083557,0.5937020182609558,-0.06094140559434891,0.44519755244255066,0.5153751373291016,-0.005089630372822285,0.4551846385002136,0.47098058462142944,-0.03756297379732132,0.4479213356971741,0.5484514236450195,-0.04519855976104736,0.44292542338371277,0.6071634292602539,-0.04090937227010727,0.40386396646499634,0.5232254862785339,-0.009283099323511124,0.41160568594932556,0.47702550888061523,-0.040836967527866364,0.4151114821434021,0.551936686038971,-0.03368974104523659,0.4164760708808899,0.6065848469734192,-0.01854744739830494,0.36281752586364746,0.5403206944465637,-0.01530048530548811,0.3706010580062866,0.5010790824890137,-0.037235066294670105,0.3816549777984619,0.5501468777656555,-0.03042234666645527,0.3871220648288727,0.5874295830726624,-0.017603743821382523,a
0.4113891124725342,0.7173847556114197,-3.559887318260735e-07,0.4714922308921814,0.6715745329856873,-0.021664299070835114,0.5175275802612305,0.5833165049552917,-0.0272381529211998,0.5335695147514343,0.5045680403709412,-0.03268785774707794,0.5292859673500061,0.4358477294445038,-0.03566260263323784,0.4879433214664459,0.5177737474441528,-0.006462142337113619,0.4973660707473755,0.4772879481315613,-0.03749469667673111,0.4851204454898834,0.5410161018371582,-0.05549006164073944,0.47538089752197266,0.5937625765800476,-0.06077266484498978,0.4453628659248352,0.5156009197235107,-0.0052431668154895306,0.4552634656429291,0.4710797667503357,-0.03756854310631752,0.447970986366272,0.5481306314468384,-0.0451732762157917,0.44289520382881165,0.6068867444992065,-0.040906839072704315,0.40401071310043335,0.5233280062675476,-0.00933767482638359,0.41165539622306824,0.47703343629837036,-0.040783755481243134,0.4152064919471741,0.5515692234039307,-0.0337679348886013,0.4165527820587158,0.6062427163124084,-0.01876206323504448,0.3629625737667084,0.54034823179245,-0.015241757035255432,0.3705670237541199,0.501086950302124,-0.037230994552373886,0.3817225396633148,0.5499868988990784,-0.030576789751648903,0.387271523475647,0.5873571038246155,-0.01789073273539543,a
0.412066787481308,0.7178179025650024,-3.617242896325479e-07,0.47098010778427124,0.6733766794204712,-0.02151361294090748,0.5172444581985474,0.583889365196228,-0.026887470856308937,0.5339319705963135,0.5048472881317139,-0.0320458821952343,0.5295749306678772,0.4356956481933594,-0.03465473651885986,0.48764172196388245,0.5182072520256042,-0.006708892062306404,0.49744006991386414,0.4764634668827057,-0.037147969007492065,0.4854413866996765,0.5409334897994995,-0.05447634309530258,0.47576093673706055,0.5938000679016113,-0.05935479328036308,0.44528308510780334,0.516059398651123,-0.005427919328212738,0.45555588603019714,0.47104403376579285,-0.03685520961880684,0.44854265451431274,0.5486806631088257,-0.04361994192004204,0.44320571422576904,0.6065860390663147,-0.03893712908029556,0.40396827459335327,0.5237917304039001,-0.009413487277925014,0.4118567705154419,0.4770415425300598,-0.040165916085243225,0.4157879948616028,0.5520695447921753,-0.03253156691789627,0.4168785512447357,0.6059930324554443,-0.017339879646897316,0.3629249036312103,0.5405904650688171,-0.01518858689814806,0.3713250458240509,0.5007643699645996,-0.03671460226178169,0.3827015161514282,0.5504082441329956,-0.029576938599348068,0.38778990507125854,0.5875773429870605,-0.016687029972672462,a
0.4117911756038666,0.7183735966682434,-3.6165386063657934e-07,0.47105443477630615,0.673881471157074,-0.02200365625321865,0.5172809362411499,0.5842363834381104,-0.027625517919659615,0.5343925952911377,0.5049684643745422,-0.0329958014190197,0.5298113226890564,0.43574756383895874,-0.035743359476327896,0.488301157951355,0.5188602805137634,-0.006638443097472191,0.4976572096347809,0.4770585298538208,-0.037495020776987076,0.48560747504234314,0.5410593748092651,-0.05526029318571091,0.47565650939941406,0.5933144092559814,-0.060472626239061356,0.44601449370384216,0.5163496732711792,-0.0052672941237688065,0.45577001571655273,0.4709923267364502,-0.0372888520359993,0.448647677898407,0.54835444688797,-0.04445523023605347,0.44330933690071106,0.6062506437301636,-0.039934199303388596,0.4047510325908661,0.5236815214157104,-0.009253138676285744,0.4121628701686859,0.47629863023757935,-0.04042701795697212,0.41546598076820374,0.5512011051177979,-0.03287041559815407,0.4163222908973694,0.6050437688827515,-0.017591670155525208,0.3637174665927887,0.5400100350379944,-0.015112387016415596,0.3713926076889038,0.5008930563926697,-0.03686555474996567,0.38214609026908875,0.5503386855125427,-0.029891658574342728,0.38717707991600037,0.5869244337081909,-0.017056956887245178,a
0.41369757056236267,0.7174164056777954,-3.5996831115880923e-07,0.4735378623008728,0.6717884540557861,-0.020970724523067474,0.5187709331512451,0.5833709239959717,-0.026308836415410042,0.5345364212989807,0.5044843554496765,-0.03153887763619423,0.5305338501930237,0.43566304445266724,-0.03419465571641922,0.4896030128002167,0.5191261768341064,-0.005820400081574917,0.4988672137260437,0.4777001142501831,-0.03634078428149223,0.4867255687713623,0.5418685078620911,-0.05390159785747528,0.47679388523101807,0.5945627093315125,-0.05897900089621544,0.44743192195892334,0.5162749886512756,-0.0047943685203790665,0.457090824842453,0.47054871916770935,-0.036099083721637726,0.4494215250015259,0.5478140115737915,-0.04295828193426132,0.44383174180984497,0.6054868102073669,-0.038432296365499496,0.40601933002471924,0.523261308670044,-0.009012769907712936,0.4133078455924988,0.47541213035583496,-0.039556268602609634,0.41621309518814087,0.5503707528114319,-0.03151687607169151,0.41677188873291016,0.6036632061004639,-0.016132403165102005,0.36440902948379517,0.539655864238739,-0.014997219666838646,0.37252429127693176,0.5002454519271851,-0.03605813533067703,0.38290509581565857,0.5500076413154602,-0.028412941843271255,0.3872220814228058,0.586205005645752,-0.015283811837434769,a
0.4134557545185089,0.7165260910987854,-3.5748820437220274e-07,0.4730589687824249,0.6719997525215149,-0.021861054003238678,0.5189478993415833,0.5850319266319275,-0.027897102758288383,0.535441517829895,0.5059691667556763,-0.033712781965732574,0.5311484932899475,0.4368065595626831,-0.03703649342060089,0.4888380467891693,0.5192814469337463,-0.00781909842044115,0.4989517331123352,0.4779541790485382,-0.03904567286372185,0.4868120551109314,0.5422013401985168,-0.05699387565255165,0.4767538905143738,0.5953192710876465,-0.06217426434159279,0.4466877579689026,0.5168224573135376,-0.006523128133267164,0.4573746621608734,0.47093987464904785,-0.03848157823085785,0.45000720024108887,0.547966718673706,-0.045834027230739594,0.44434788823127747,0.6062672734260559,-0.04158488288521767,0.4053255319595337,0.5240703225135803,-0.010459387674927711,0.41378527879714966,0.4756261706352234,-0.04163920134305954,0.417189359664917,0.5500649809837341,-0.034745000302791595,0.41765472292900085,0.6047108173370361,-0.02000398188829422,0.3640245795249939,0.5404291749000549,-0.0161632988601923,0.3713728189468384,0.5002042651176453,-0.038058098405599594,0.38297513127326965,0.5481012463569641,-0.03163028880953789,0.38833820819854736,0.5851337909698486,-0.019210712984204292,a
0.4155679941177368,0.7186431884765625,-3.587841774788103e-07,0.4738905429840088,0.6755570769309998,-0.02152855508029461,0.5198662281036377,0.587365448474884,-0.027140896767377853,0.5366910696029663,0.5079096555709839,-0.03246394917368889,0.5324380993843079,0.43830257654190063,-0.035320382565259933,0.49028995633125305,0.520901083946228,-0.0073179523460567,0.49972400069236755,0.478179931640625,-0.03824390098452568,0.4882785975933075,0.5417752861976624,-0.05607336387038231,0.47854456305503845,0.5954537391662598,-0.06109287962317467,0.44803696870803833,0.5178155303001404,-0.005815502256155014,0.45782092213630676,0.471271812915802,-0.03718426451086998,0.4509490132331848,0.5482347011566162,-0.04435006529092789,0.44545605778694153,0.6065201163291931,-0.0399947427213192,0.40673893690109253,0.524528443813324,-0.009522195905447006,0.41407278180122375,0.4754895567893982,-0.039939034730196,0.4182111918926239,0.5499653816223145,-0.03284258395433426,0.4192817807197571,0.6045297384262085,-0.01815161108970642,0.3656347692012787,0.5405317544937134,-0.014998862519860268,0.3733052909374237,0.5007239580154419,-0.03644339367747307,0.3849800229072571,0.5495194792747498,-0.02989528514444828,0.3903496265411377,0.5864154100418091,-0.017464548349380493,a
0.4156210720539093,0.7189071178436279,-3.5860651337316085e-07,0.4744189381599426,0.6754683256149292,-0.02251925878226757,0.520445704460144,0.5863361954689026,-0.028382521122694016,0.5378798246383667,0.5068931579589844,-0.033759236335754395,0.533187747001648,0.43741047382354736,-0.03636355325579643,0.4912656545639038,0.5202740430831909,-0.007350245025008917,0.5007770657539368,0.47688817977905273,-0.038107678294181824,0.48882174491882324,0.5409655570983887,-0.05571359023451805,0.47869640588760376,0.5935891270637512,-0.06080795079469681,0.44904008507728577,0.5173699855804443,-0.005524083040654659,0.45835715532302856,0.47129249572753906,-0.037102896720170975,0.45143914222717285,0.5485671758651733,-0.04402580484747887,0.4457789957523346,0.6058651804924011,-0.039500705897808075,0.4076807498931885,0.5243549942970276,-0.009080800227820873,0.41475653648376465,0.4764302968978882,-0.03981981799006462,0.4185967743396759,0.5508967638015747,-0.03207247704267502,0.41910961270332336,0.6038830280303955,-0.016906216740608215,0.366810142993927,0.5403956174850464,-0.014533748850226402,0.37551644444465637,0.5009955167770386,-0.036040544509887695,0.3858684003353119,0.5510543584823608,-0.028815245255827904,0.3896782398223877,0.5874918699264526,-0.015921369194984436,a
0.41675886511802673,0.7191118597984314,-3.517909306083311e-07,0.47601351141929626,0.6729080677032471,-0.020651649683713913,0.5208677053451538,0.5841464996337891,-0.02598562091588974,0.5377616286277771,0.5053130388259888,-0.03130124509334564,0.5335949063301086,0.43611592054367065,-0.03401744365692139,0.4918120801448822,0.5199291706085205,-0.005738422740250826,0.5020359754562378,0.4786907732486725,-0.03598742559552193,0.48982733488082886,0.5415992140769958,-0.05337531864643097,0.4796215891838074,0.5941465497016907,-0.05831783637404442,0.44982877373695374,0.5169910788536072,-0.004783817566931248,0.46081849932670593,0.47097188234329224,-0.035786859691143036,0.45337069034576416,0.5469624996185303,-0.0427815318107605,0.44771426916122437,0.6045912504196167,-0.03841320052742958,0.40856868028640747,0.5235597491264343,-0.0090155228972435,0.41743597388267517,0.47530651092529297,-0.039048586040735245,0.4206617474555969,0.5489519834518433,-0.031595516949892044,0.42110759019851685,0.602729320526123,-0.016744524240493774,0.36746084690093994,0.5395257472991943,-0.01501122210174799,0.376863956451416,0.500150203704834,-0.03575405478477478,0.3873254656791687,0.5487316250801086,-0.028578931465744972,0.39141443371772766,0.5852946639060974,-0.015862181782722473,a
0.4166133999824524,0.7177966833114624,-3.453232011452201e-07,0.4760044515132904,0.6725298762321472,-0.020645055919885635,0.5210219025611877,0.5844677090644836,-0.02600008249282837,0.5379128456115723,0.5060896277427673,-0.0312657356262207,0.534082293510437,0.43736112117767334,-0.03397902846336365,0.49198833107948303,0.5203007459640503,-0.006368416827172041,0.5018946528434753,0.47867196798324585,-0.03625937178730965,0.4900732636451721,0.5409970879554749,-0.05339721590280533,0.48016268014907837,0.5937835574150085,-0.05821036174893379,0.4496462941169739,0.5172277688980103,-0.005311961751431227,0.4604004919528961,0.47106117010116577,-0.03583327308297157,0.45302167534828186,0.5465394258499146,-0.04269786179065704,0.4474330246448517,0.6041131019592285,-0.038343559950590134,0.40819820761680603,0.5237247943878174,-0.009356142021715641,0.4169969856739044,0.47594165802001953,-0.03879859298467636,0.42021042108535767,0.5487547516822815,-0.03142613172531128,0.4206882119178772,0.6022601127624512,-0.016798261553049088,0.36720067262649536,0.5395892262458801,-0.015166420489549637,0.37654492259025574,0.5003283619880676,-0.03536966070532799,0.3868838846683502,0.5478692650794983,-0.028142448514699936,0.3908281624317169,0.5839540362358093,-0.015520687215030193,a
0.41774487495422363,0.7162718772888184,-3.4732084941424546e-07,0.4770771861076355,0.6724078059196472,-0.020843176171183586,0.5226219296455383,0.584504246711731,-0.02629842422902584,0.5392827391624451,0.5063713192939758,-0.03194189444184303,0.5374190807342529,0.4378865361213684,-0.03506893664598465,0.49292171001434326,0.5171179175376892,-0.005668655037879944,0.5028669834136963,0.47585052251815796,-0.03571709617972374,0.4927610456943512,0.539188027381897,-0.053347762674093246,0.483356237411499,0.5922099947929382,-0.05840735137462616,0.4505362808704376,0.5152950882911682,-0.0045599425211548805,0.4616987407207489,0.4715232849121094,-0.03503624349832535,0.4562951624393463,0.5471678376197815,-0.042453352361917496,0.4506766200065613,0.6047134399414062,-0.038618262857198715,0.4090823531150818,0.5232085585594177,-0.008701222017407417,0.4182295501232147,0.47584760189056396,-0.03818678483366966,0.42314469814300537,0.5478712916374207,-0.03185999393463135,0.42380738258361816,0.6023574471473694,-0.017982596531510353,0.36800649762153625,0.5403690934181213,-0.014607615768909454,0.376626193523407,0.49922382831573486,-0.03484269604086876,0.3879247307777405,0.5448789000511169,-0.028329024091362953,0.3921740651130676,0.5819960832595825,-0.01623423956334591,a
0.4219128489494324,0.7141798138618469,-3.5926930763707787e-07,0.48061326146125793,0.6693795323371887,-0.018927235156297684,0.528119683265686,0.5819006562232971,-0.023894496262073517,0.5459045767784119,0.5031262040138245,-0.0294495839625597,0.5429314970970154,0.43334072828292847,-0.03272698447108269,0.49651414155960083,0.5146488547325134,-0.0038658957928419113,0.507546067237854,0.47349438071250916,-0.03441556915640831,0.49731141328811646,0.535877525806427,-0.05265101045370102,0.48768773674964905,0.5891304612159729,-0.05793653056025505,0.4551447927951813,0.5132113099098206,-0.0035702686291188,0.4677216708660126,0.47000452876091003,-0.03377145901322365,0.46143025159835815,0.54673832654953,-0.0409221351146698,0.4551680088043213,0.6043674945831299,-0.03708823025226593,0.4140389561653137,0.521156370639801,-0.008458822034299374,0.42379263043403625,0.47285890579223633,-0.03774355724453926,0.42880624532699585,0.5468154549598694,-0.030583659186959267,0.42971402406692505,0.6020024418830872,-0.01640106551349163,0.37236225605010986,0.5383897423744202,-0.014944265596568584,0.3824714422225952,0.49738144874572754,-0.035269156098365784,0.39408135414123535,0.5459599494934082,-0.028129395097494125,0.3986143171787262,0.5840114951133728,-0.01568593457341194,a
0.42469045519828796,0.7099512815475464,-3.6734101627189375e-07,0.4850747585296631,0.6674738526344299,-0.019974850118160248,0.5334892868995667,0.5793173909187317,-0.02465326152741909,0.5512915849685669,0.5001046061515808,-0.029623784124851227,0.5461602807044983,0.43061935901641846,-0.032217904925346375,0.5012522339820862,0.5105403661727905,-0.00432096840813756,0.5128758549690247,0.46780383586883545,-0.03373904153704643,0.501456618309021,0.5315848588943481,-0.05121520534157753,0.4919019937515259,0.5850956439971924,-0.05626819655299187,0.4592438042163849,0.5083253979682922,-0.0030194090213626623,0.4720032513141632,0.46754467487335205,-0.03268040716648102,0.4639646112918854,0.5438608527183533,-0.03967142477631569,0.4574204981327057,0.6011212468147278,-0.03579561039805412,0.4176260828971863,0.5152183175086975,-0.0069027733989059925,0.42850932478904724,0.4684896171092987,-0.035547126084566116,0.4311806261539459,0.5414999723434448,-0.028399327769875526,0.43103647232055664,0.5968846082687378,-0.014343059621751308,0.37626683712005615,0.5309614539146423,-0.012514830566942692,0.38750165700912476,0.49081701040267944,-0.03272157534956932,0.39686691761016846,0.5400606989860535,-0.025771085172891617,0.3999694585800171,0.5788724422454834,-0.013364509679377079,a
0.42521288990974426,0.7039773464202881,-3.7906696093159553e-07,0.4863997995853424,0.6625222563743591,-0.021069301292300224,0.535677433013916,0.5742148756980896,-0.026087962090969086,0.5539692640304565,0.4959958791732788,-0.031001240015029907,0.5487638115882874,0.42784780263900757,-0.03312329575419426,0.5069560408592224,0.5064888596534729,-0.004616451449692249,0.5163438320159912,0.46590498089790344,-0.03515772894024849,0.5042023658752441,0.5300525426864624,-0.05299830064177513,0.4943590462207794,0.5827507376670837,-0.05815037339925766,0.46385863423347473,0.5031346678733826,-0.003345126984640956,0.47499561309814453,0.4611945152282715,-0.03504262864589691,0.4662720561027527,0.538739800453186,-0.041990697383880615,0.4605511426925659,0.5958759188652039,-0.037178874015808105,0.42187225818634033,0.5087759494781494,-0.007545769680291414,0.43238186836242676,0.46624556183815,-0.037828050553798676,0.4331977367401123,0.5400168299674988,-0.029941603541374207,0.4332730770111084,0.5920470952987671,-0.014625100418925285,0.38068458437919617,0.5232952833175659,-0.013617037795484066,0.3935163915157318,0.48649585247039795,-0.033634286373853683,0.39948683977127075,0.5377450585365295,-0.02554958499968052,0.4012048542499542,0.5738656520843506,-0.01220287848263979,a
0.4253286123275757,0.6950656175613403,-3.705958704358636e-07,0.48835235834121704,0.653823733329773,-0.020617807283997536,0.5368475317955017,0.5685250759124756,-0.025774221867322922,0.5541656017303467,0.4903229773044586,-0.0308587234467268,0.5514798164367676,0.42171216011047363,-0.03332776576280594,0.50887531042099,0.49904370307922363,-0.004988064523786306,0.5197687149047852,0.4588416814804077,-0.03540715575218201,0.5062746405601501,0.5254195332527161,-0.0533829964697361,0.49584144353866577,0.5797330737113953,-0.058824535459280014,0.4658902585506439,0.49487268924713135,-0.0036896122619509697,0.47736653685569763,0.45412135124206543,-0.0347563736140728,0.4683402478694916,0.532203733921051,-0.041688501834869385,0.4624338150024414,0.5891013741493225,-0.03739487752318382,0.42398932576179504,0.5003228187561035,-0.007711858954280615,0.4348241984844208,0.45644137263298035,-0.038143090903759,0.4359433650970459,0.5311753749847412,-0.03051738068461418,0.4354553520679474,0.5842082500457764,-0.01557490136474371,0.3825414776802063,0.5157287120819092,-0.013434790074825287,0.3948591947555542,0.47821739315986633,-0.03478454053401947,0.4022235572338104,0.5308807492256165,-0.02747773565351963,0.40427374839782715,0.5687690377235413,-0.014537290669977665,a
0.4223533570766449,0.6864141821861267,-3.559141248388187e-07,0.4855794310569763,0.6447461247444153,-0.01811469905078411,0.5336822867393494,0.5621975064277649,-0.02314041554927826,0.5506835579872131,0.48549097776412964,-0.028641855344176292,0.549946129322052,0.41666191816329956,-0.03199605643749237,0.508821427822113,0.4929366707801819,-0.0043831802904605865,0.5172128081321716,0.4530329704284668,-0.03349791467189789,0.5049167275428772,0.5155290365219116,-0.05148068070411682,0.49489825963974,0.5691736340522766,-0.057031095027923584,0.46651938557624817,0.48818668723106384,-0.003986058756709099,0.4772363305091858,0.4481393098831177,-0.03261347487568855,0.4680582284927368,0.5207284688949585,-0.039829254150390625,0.46137914061546326,0.577431857585907,-0.036648135632276535,0.42471328377723694,0.4926981031894684,-0.00841560773551464,0.4348719120025635,0.4497799873352051,-0.03627198934555054,0.4360964000225067,0.5199008584022522,-0.029928771778941154,0.43578022718429565,0.5734351873397827,-0.016727907583117485,0.3827874958515167,0.5069188475608826,-0.0143469562754035,0.394117534160614,0.46847954392433167,-0.033959150314331055,0.40324336290359497,0.5171016454696655,-0.027099568396806717,0.40646690130233765,0.5558359026908875,-0.014985216781497002,a
0.4166083335876465,0.6722790002822876,-3.680290774354944e-07,0.4794901907444,0.6332778930664062,-0.018928952515125275,0.5296455025672913,0.5533877015113831,-0.024082332849502563,0.5482489466667175,0.4770604372024536,-0.029532305896282196,0.5472574830055237,0.40937066078186035,-0.03277439996600151,0.5045021176338196,0.48387256264686584,-0.005694174207746983,0.5131558775901794,0.44304168224334717,-0.034905243664979935,0.49863189458847046,0.5075799822807312,-0.05214596539735794,0.4882061183452606,0.5605695843696594,-0.05708960443735123,0.46241337060928345,0.47875165939331055,-0.004645108710974455,0.47260400652885437,0.43913084268569946,-0.03450896963477135,0.4612068831920624,0.5132264494895935,-0.041669998317956924,0.45453378558158875,0.5700063109397888,-0.03782146796584129,0.42159637808799744,0.4824461042881012,-0.008397606201469898,0.43111127614974976,0.4402707517147064,-0.03715004399418831,0.4300605058670044,0.5114209055900574,-0.030838651582598686,0.4295467734336853,0.5651927590370178,-0.01718331128358841,0.38120031356811523,0.4949987530708313,-0.013647510670125484,0.39076969027519226,0.45797842741012573,-0.033602360635995865,0.3975852131843567,0.5059586763381958,-0.027302859351038933,0.4002777636051178,0.5437114238739014,-0.015294124372303486,a
0.40981853008270264,0.6594362258911133,-3.5933277331423596e-07,0.47109466791152954,0.6228224635124207,-0.01894351840019226,0.5202963352203369,0.544494092464447,-0.023866770789027214,0.538068950176239,0.4691712260246277,-0.02903861179947853,0.539387583732605,0.4023989737033844,-0.03198125958442688,0.49634575843811035,0.4740018844604492,-0.0055712126195430756,0.5051662921905518,0.4332296848297119,-0.034563492983579636,0.4918386936187744,0.49658799171447754,-0.05119333788752556,0.4825749397277832,0.5480893850326538,-0.055649906396865845,0.4558730125427246,0.4686509370803833,-0.004565058741718531,0.4642728269100189,0.4303768277168274,-0.034638285636901855,0.4548897445201874,0.5048112869262695,-0.04160941392183304,0.4492863118648529,0.5594000220298767,-0.03748369961977005,0.41626518964767456,0.4727444350719452,-0.008306669071316719,0.4229535758495331,0.43239331245422363,-0.03775966912508011,0.4232551157474518,0.5046240091323853,-0.03128736466169357,0.42341697216033936,0.5563164949417114,-0.017373306676745415,0.37628769874572754,0.4857819974422455,-0.013445181772112846,0.38290935754776,0.449337363243103,-0.03380872681736946,0.3910462260246277,0.49902063608169556,-0.027206525206565857,0.3951800465583801,0.537026047706604,-0.014889737591147423,a
0.4027717113494873,0.6501047611236572,-3.6152758298158005e-07,0.463041216135025,0.6123203039169312,-0.019336221739649773,0.5119500756263733,0.5339817404747009,-0.02420695126056671,0.5285025835037231,0.4589483439922333,-0.029290081933140755,0.52919602394104,0.3927232027053833,-0.032164767384529114,0.48999229073524475,0.46700042486190796,-0.005797784309834242,0.49356502294540405,0.4263152778148651,-0.034307584166526794,0.4795621633529663,0.48822885751724243,-0.050475914031267166,0.4721743166446686,0.5368660092353821,-0.05505214259028435,0.44922617077827454,0.46191802620887756,-0.004903438035398722,0.45413756370544434,0.42298799753189087,-0.034982889890670776,0.4441108703613281,0.4959239661693573,-0.04200342670083046,0.4394296705722809,0.5484738945960999,-0.03812341019511223,0.40991008281707764,0.4666631817817688,-0.008764929138123989,0.41299736499786377,0.4249724745750427,-0.03818204998970032,0.41306957602500916,0.4951821565628052,-0.031761858612298965,0.4144241213798523,0.5447912216186523,-0.018097523599863052,0.37049371004104614,0.48017579317092896,-0.014067206531763077,0.37303271889686584,0.4427902102470398,-0.034347184002399445,0.3813003897666931,0.4893783926963806,-0.02813052386045456,0.3871338367462158,0.5251739025115967,-0.016257310286164284,a
0.3989587426185608,0.6383636593818665,-3.410401347991865e-07,0.4576343595981598,0.6014356017112732,-0.018041061237454414,0.5049580335617065,0.524671733379364,-0.022908510640263557,0.522176206111908,0.45064592361450195,-0.028189240023493767,0.5231668949127197,0.3866351842880249,-0.031593337655067444,0.480010449886322,0.4579508602619171,-0.005924304947257042,0.48850008845329285,0.4190014600753784,-0.034523818641901016,0.4745102822780609,0.4795328676700592,-0.051220301538705826,0.46492794156074524,0.5295976996421814,-0.056033916771411896,0.44081223011016846,0.4533459544181824,-0.005195206962525845,0.4494400918483734,0.41534852981567383,-0.03418014571070671,0.43985676765441895,0.4857696294784546,-0.04121047630906105,0.4337276220321655,0.5386573672294617,-0.03781886398792267,0.40252676606178284,0.4582141637802124,-0.00903570931404829,0.40951430797576904,0.4166305661201477,-0.03753625601530075,0.4094746708869934,0.4852779805660248,-0.03171159327030182,0.40847259759902954,0.5357366800308228,-0.018819935619831085,0.3634219765663147,0.4713860750198364,-0.01416462566703558,0.36926043033599854,0.43452805280685425,-0.03419532999396324,0.3780295252799988,0.4820527732372284,-0.02838628552854061,0.38234269618988037,0.5196337699890137,-0.017023500055074692,a
