0.34486162662506104,0.7904443144798279,2.039079447513359e-07,0.3828090727329254,0.7770042419433594,-0.01614036224782467,0.41394737362861633,0.7241403460502625,-0.021704193204641342,0.41773688793182373,0.6771527528762817,-0.026442231610417366,0.39024609327316284,0.6719676852226257,-0.03154808655381203,0.40021881461143494,0.6390477418899536,-0.013377596624195576,0.40455466508865356,0.5745522975921631,-0.024497482925653458,0.4055745303630829,0.5333759188652039,-0.03545268997550011,0.4050564467906952,0.49751216173171997,-0.044464901089668274,0.3771187663078308,0.6314516663551331,-0.016495315358042717,0.3806250989437103,0.5579580068588257,-0.02784290350973606,0.3839462697505951,0.5083421468734741,-0.03958391025662422,0.3838382363319397,0.46687066555023193,-0.04828890040516853,0.35478201508522034,0.639161229133606,-0.021399233490228653,0.3564547896385193,0.5716856718063354,-0.03221311792731285,0.36039334535598755,0.5275651812553406,-0.041351452469825745,0.36127397418022156,0.4905378818511963,-0.0476294569671154,0.33102938532829285,0.6575706601142883,-0.02826978638768196,0.3344969153404236,0.6035451889038086,-0.038465969264507294,0.3380805253982544,0.5685817003250122,-0.04363195598125458,0.33929580450057983,0.5361127853393555,-0.04729988053441048,b
0.34189561009407043,0.7968058586120605,2.1702615526919544e-07,0.3849371075630188,0.7787572145462036,-0.015617214143276215,0.416375070810318,0.7256654500961304,-0.021438132971525192,0.41970646381378174,0.6779765486717224,-0.026748767122626305,0.39471855759620667,0.6710624694824219,-0.032551128417253494,0.39912906289100647,0.6398373246192932,-0.013464903458952904,0.4045303463935852,0.5747659206390381,-0.025108924135565758,0.4054228663444519,0.5338624715805054,-0.03602539002895355,0.40521591901779175,0.49715521931648254,-0.04488305747509003,0.37695804238319397,0.6336829662322998,-0.017018388956785202,0.38159018754959106,0.5599132180213928,-0.027598895132541656,0.38449910283088684,0.5101034641265869,-0.038256462663412094,0.38435083627700806,0.4675091505050659,-0.046641670167446136,0.35505661368370056,0.6420974135398865,-0.0225830040872097,0.35799640417099,0.5729632377624512,-0.032947320491075516,0.3605318069458008,0.5289670825004578,-0.04178943112492561,0.36047130823135376,0.49103087186813354,-0.04822508245706558,0.33201855421066284,0.6609891653060913,-0.03013925999403,0.3355786204338074,0.6067319512367249,-0.04011555388569832,0.3388424217700958,0.5705370903015137,-0.04577271267771721,0.34054136276245117,0.5368611216545105,-0.050077155232429504,b
0.34058451652526855,0.7973800301551819,2.2635671825810277e-07,0.3844357132911682,0.7793797254562378,-0.016386477276682854,0.4169783294200897,0.7281357049942017,-0.02293461188673973,0.4204394817352295,0.679093599319458,-0.028824293985962868,0.394614577293396,0.6707512736320496,-0.035136617720127106,0.3993934988975525,0.6390346884727478,-0.013834288343787193,0.40420031547546387,0.5738233923912048,-0.02525479532778263,0.404697448015213,0.5332592129707336,-0.03621545806527138,0.4043116569519043,0.49614113569259644,-0.045195501297712326,0.3766666054725647,0.6322073340415955,-0.017034346237778664,0.38192036747932434,0.5576266050338745,-0.02699078433215618,0.3853185772895813,0.5083586573600769,-0.037315383553504944,0.38574308156967163,0.46585315465927124,-0.0457601435482502,0.35455143451690674,0.6398654580116272,-0.02234830893576145,0.35825687646865845,0.5711860656738281,-0.03210737556219101,0.36092686653137207,0.5276973247528076,-0.040704816579818726,0.36124154925346375,0.4899129867553711,-0.04719270020723343,0.33119821548461914,0.657892107963562,-0.029774527996778488,0.3355843424797058,0.6028821468353271,-0.03928061202168465,0.33902066946029663,0.5664680004119873,-0.04483563080430031,0.34090545773506165,0.5321317315101624,-0.049239382147789,b
0.3402390480041504,0.7966465950012207,2.1108884595832933e-07,0.3843785226345062,0.7778196930885315,-0.015712011605501175,0.41655319929122925,0.7269396185874939,-0.021911080926656723,0.42048171162605286,0.6788240671157837,-0.027633143588900566,0.3952070474624634,0.6680768728256226,-0.03387491777539253,0.4000866115093231,0.6389198899269104,-0.012882940471172333,0.40497851371765137,0.5735422968864441,-0.02430899254977703,0.40576937794685364,0.5333268046379089,-0.03522877395153046,0.4058053493499756,0.4969531297683716,-0.04417472332715988,0.3773561120033264,0.631807804107666,-0.016255076974630356,0.3823731541633606,0.5566927790641785,-0.02636859193444252,0.3855372369289398,0.5078809261322021,-0.037055179476737976,0.3858749568462372,0.46645498275756836,-0.045754656195640564,0.35518908500671387,0.6395354270935059,-0.021692024543881416,0.358944833278656,0.5704432129859924,-0.0316743440926075,0.3615051209926605,0.5271286368370056,-0.040621787309646606,0.361710786819458,0.4895643889904022,-0.04745591804385185,0.3318520784378052,0.6577867865562439,-0.02911343052983284,0.3361542224884033,0.6042963862419128,-0.038727518171072006,0.3396376967430115,0.5690611004829407,-0.04441382363438606,0.34154459834098816,0.5357726216316223,-0.04900278523564339,b
0.33958908915519714,0.7968001365661621,1.984877968652654e-07,0.38379618525505066,0.7787973880767822,-0.015395235270261765,0.41647523641586304,0.7271818518638611,-0.02110213413834572,0.4205440282821655,0.6790085434913635,-0.026368433609604836,0.39582979679107666,0.6690798997879028,-0.032129012048244476,0.39944127202033997,0.6385448575019836,-0.011966350488364697,0.40435367822647095,0.573927640914917,-0.023059668019413948,0.4051995277404785,0.5338994264602661,-0.033830516040325165,0.4051789343357086,0.4977042078971863,-0.042766377329826355,0.37704595923423767,0.6310624480247498,-0.01537911407649517,0.38237464427948,0.5567511916160583,-0.025246812030673027,0.3857377767562866,0.5086628198623657,-0.03567100316286087,0.3861352205276489,0.46777868270874023,-0.04421963542699814,0.3551073968410492,0.63838130235672,-0.020920410752296448,0.3593437671661377,0.5697737336158752,-0.03080502152442932,0.3621661067008972,0.5266276597976685,-0.039771851152181625,0.3624127507209778,0.4888559579849243,-0.04668688774108887,0.3319416642189026,0.6564526557922363,-0.02844654768705368,0.33644452691078186,0.6033051013946533,-0.038032498210668564,0.3399626314640045,0.5681392550468445,-0.043879393488168716,0.34177181124687195,0.5344877243041992,-0.04868898540735245,b
0.34101319313049316,0.7976275682449341,2.0128615574321884e-07,0.38532713055610657,0.7785024642944336,-0.015361389145255089,0.41767480969429016,0.7256660461425781,-0.020879777148365974,0.420393168926239,0.6781238317489624,-0.025927525013685226,0.3951438069343567,0.6714292168617249,-0.03150545433163643,0.39988207817077637,0.6391053795814514,-0.012023461051285267,0.4049968421459198,0.5747354030609131,-0.022922690957784653,0.4055488407611847,0.5343572497367859,-0.03362324461340904,0.4050706624984741,0.49799227714538574,-0.04258846864104271,0.3774891197681427,0.6321145296096802,-0.01554912980645895,0.3826645016670227,0.5575137734413147,-0.0253475122153759,0.3859920799732208,0.5089468955993652,-0.035930339246988297,0.3862496316432953,0.46754032373428345,-0.044631101191043854,0.35564273595809937,0.6400735974311829,-0.021167786791920662,0.3594009280204773,0.5710592865943909,-0.03115672618150711,0.36203843355178833,0.5276088714599609,-0.04057614505290985,0.3620569705963135,0.4895774722099304,-0.0477750189602375,0.33258622884750366,0.6585246324539185,-0.028740795329213142,0.3365422487258911,0.6051360964775085,-0.03844315558671951,0.33952850103378296,0.5695981979370117,-0.044592298567295074,0.34062907099723816,0.5356626510620117,-0.04965582117438316,b
0.33956095576286316,0.7973600625991821,1.9708407705820719e-07,0.38405993580818176,0.7785553336143494,-0.014894499443471432,0.4164227545261383,0.7256959676742554,-0.020000340417027473,0.4206821620464325,0.6776809692382812,-0.024700039997696877,0.3956713378429413,0.6696646809577942,-0.029946452006697655,0.39955440163612366,0.6392077207565308,-0.011108016595244408,0.40504446625709534,0.574865460395813,-0.021576061844825745,0.40594130754470825,0.5348987579345703,-0.032061249017715454,0.4056795835494995,0.4986698031425476,-0.040884651243686676,0.37752771377563477,0.6318402290344238,-0.014726725406944752,0.3830050230026245,0.5574353337287903,-0.024159973487257957,0.3865104615688324,0.5090736150741577,-0.03463122621178627,0.3867143392562866,0.46759387850761414,-0.043298278003931046,0.35589781403541565,0.6393095254898071,-0.020428678020834923,0.36001864075660706,0.5704867839813232,-0.030159153044223785,0.36295440793037415,0.5273582935333252,-0.0393889881670475,0.363111287355423,0.4897840619087219,-0.046416427940130234,0.33313125371932983,0.6571298837661743,-0.028058312833309174,0.33732911944389343,0.6029703617095947,-0.037591807544231415,0.3405826985836029,0.5670974254608154,-0.0435643196105957,0.34199967980384827,0.5332704782485962,-0.048459529876708984,b
0.34016454219818115,0.7965593338012695,1.9143787710618199e-07,0.38470780849456787,0.778584361076355,-0.01507111918181181,0.41646745800971985,0.725879430770874,-0.020373381674289703,0.42054325342178345,0.6785158514976501,-0.025270136073231697,0.39624112844467163,0.671439528465271,-0.030779626220464706,0.39998793601989746,0.6384470462799072,-0.011643352918326855,0.4046066999435425,0.5748056173324585,-0.022242696955800056,0.40540143847465515,0.5350270867347717,-0.032812248915433884,0.4052455723285675,0.49862420558929443,-0.04180757328867912,0.3774530589580536,0.630864143371582,-0.015295135788619518,0.38233110308647156,0.5569442510604858,-0.024961579591035843,0.38587501645088196,0.5092501044273376,-0.03545860946178436,0.38653069734573364,0.46768301725387573,-0.044198643416166306,0.3554341793060303,0.6382775902748108,-0.02103014476597309,0.359260618686676,0.5695816278457642,-0.03090893290936947,0.3623257875442505,0.5263912677764893,-0.04012637212872505,0.362942636013031,0.4881109893321991,-0.047201454639434814,0.33243951201438904,0.656130850315094,-0.028743308037519455,0.33660030364990234,0.6011260747909546,-0.038430508226156235,0.34015700221061707,0.5647932887077332,-0.04459672048687935,0.34221401810646057,0.5301125049591064,-0.0496964231133461,b
0.3406362235546112,0.7969556450843811,2.0345649431874335e-07,0.38455232977867126,0.7781206369400024,-0.01567753590643406,0.41620633006095886,0.7267524003982544,-0.02177673950791359,0.42018669843673706,0.678398072719574,-0.02734735980629921,0.3958372473716736,0.6684517860412598,-0.03346756845712662,0.3998379707336426,0.6391574144363403,-0.01309868972748518,0.4049589931964874,0.5745522975921631,-0.024420488625764847,0.4056081771850586,0.534273624420166,-0.03530758619308472,0.40542924404144287,0.49767786264419556,-0.04432561621069908,0.3772890865802765,0.6319357752799988,-0.016404271125793457,0.3826238512992859,0.5579221844673157,-0.026453813537955284,0.38587072491645813,0.5095423460006714,-0.037013668566942215,0.3861682116985321,0.4676799178123474,-0.04567369446158409,0.35537296533584595,0.6395910382270813,-0.02172010950744152,0.35923904180526733,0.571191668510437,-0.03166734799742699,0.36201345920562744,0.528730034828186,-0.04040873795747757,0.36231130361557007,0.4912618398666382,-0.04713982716202736,0.33243221044540405,0.6579462289810181,-0.029024310410022736,0.33660149574279785,0.6050806641578674,-0.03860199451446533,0.3407445549964905,0.5704782605171204,-0.044195111840963364,0.34333285689353943,0.5377885699272156,-0.04876461625099182,b
0.3400722146034241,0.7971791625022888,2.0664900546307763e-07,0.38391679525375366,0.7784507274627686,-0.015396947972476482,0.4152255356311798,0.7281807661056519,-0.02153639867901802,0.4203408658504486,0.6812466382980347,-0.027254700660705566,0.3975602984428406,0.6676061749458313,-0.0334862545132637,0.3996666669845581,0.6400360465049744,-0.012863676063716412,0.4051614999771118,0.5753609538078308,-0.024585366249084473,0.4059845507144928,0.5349009037017822,-0.035751502960920334,0.4058397710323334,0.49795836210250854,-0.04478055611252785,0.3773893415927887,0.6328237652778625,-0.016360297799110413,0.383185476064682,0.558218777179718,-0.02672099880874157,0.386696994304657,0.5093343257904053,-0.03748871013522148,0.3873029947280884,0.46689900755882263,-0.04619935527443886,0.3553693890571594,0.6401287913322449,-0.021887030452489853,0.3596622943878174,0.5710210204124451,-0.03206278383731842,0.36265426874160767,0.5283873081207275,-0.04074325039982796,0.36321720480918884,0.4908687472343445,-0.047269146889448166,0.3321134150028229,0.6578837633132935,-0.029372187331318855,0.3367069959640503,0.6041744351387024,-0.03923167288303375,0.34083423018455505,0.5688396692276001,-0.0447850301861763,0.34351521730422974,0.5356069803237915,-0.04911598190665245,b
0.3393385410308838,0.7966013550758362,2.1216163759163464e-07,0.3833976984024048,0.7785629034042358,-0.0169086754322052,0.416091650724411,0.7293728590011597,-0.023846229538321495,0.4208706319332123,0.6811202168464661,-0.030139993876218796,0.39699113368988037,0.667561948299408,-0.03686309978365898,0.3996061086654663,0.6396713256835938,-0.013620996847748756,0.4050484001636505,0.57555091381073,-0.02571503445506096,0.40604540705680847,0.5353841781616211,-0.03722568601369858,0.4064483642578125,0.49855417013168335,-0.04655640572309494,0.3772174119949341,0.6321024298667908,-0.016604041680693626,0.38291463255882263,0.5584877729415894,-0.027443552389740944,0.38656866550445557,0.5095329880714417,-0.03865133970975876,0.38747015595436096,0.4670630991458893,-0.04770097881555557,0.3552035689353943,0.6391748189926147,-0.02179569937288761,0.3594648241996765,0.5709239840507507,-0.032526738941669464,0.36248746514320374,0.5280852317810059,-0.04168977215886116,0.3632851243019104,0.49037182331085205,-0.048507750034332275,0.33194872736930847,0.6567564606666565,-0.029097551479935646,0.33668166399002075,0.603074312210083,-0.03947456181049347,0.34074413776397705,0.5673871040344238,-0.045583050698041916,0.3433602452278137,0.5336212515830994,-0.050316788256168365,b
0.33995333313941956,0.7950751781463623,2.0958150059868785e-07,0.38332611322402954,0.777776837348938,-0.016379306092858315,0.41597455739974976,0.7273924350738525,-0.02248496562242508,0.42085450887680054,0.6791513562202454,-0.027935350313782692,0.39613741636276245,0.6680811643600464,-0.03381115570664406,0.3993875980377197,0.6397219896316528,-0.012920337729156017,0.4051731526851654,0.5756584405899048,-0.0242856927216053,0.406522661447525,0.5356684327125549,-0.035339079797267914,0.407098650932312,0.4992120862007141,-0.04446312040090561,0.37714844942092896,0.6315826773643494,-0.015944702550768852,0.38259974122047424,0.557255208492279,-0.02619672194123268,0.38651758432388306,0.5087484121322632,-0.037112683057785034,0.3877343237400055,0.4667899012565613,-0.04603150859475136,0.3554220199584961,0.638252317905426,-0.02112695388495922,0.359395295381546,0.5697693824768066,-0.031516969203948975,0.36261701583862305,0.5269159078598022,-0.04085063934326172,0.3635852038860321,0.4894435405731201,-0.0478273369371891,0.33269935846328735,0.655291736125946,-0.02838466316461563,0.3374130427837372,0.6013510823249817,-0.03847289830446243,0.3406585454940796,0.5658003687858582,-0.04463106766343117,0.3421122133731842,0.5324303507804871,-0.04950536787509918,b
0.34066593647003174,0.7951275110244751,2.0680747070400685e-07,0.38407471776008606,0.7771108150482178,-0.015696626156568527,0.4159250259399414,0.7266504764556885,-0.021741919219493866,0.42093032598495483,0.6792443990707397,-0.027351485565304756,0.39708149433135986,0.6678305864334106,-0.03336850181221962,0.39989322423934937,0.6388653516769409,-0.012085646390914917,0.4054660201072693,0.5747714042663574,-0.02336100861430168,0.40677645802497864,0.5347640514373779,-0.034336112439632416,0.40728071331977844,0.49835318326950073,-0.04334316775202751,0.3778567314147949,0.6312816739082336,-0.015485027804970741,0.383160799741745,0.5572375655174255,-0.02567587047815323,0.386902391910553,0.5083528757095337,-0.03649457171559334,0.3878456950187683,0.466122567653656,-0.04531283676624298,0.3561818599700928,0.638235867023468,-0.02103697881102562,0.3601556420326233,0.570015549659729,-0.03129415214061737,0.3630765378475189,0.526918351650238,-0.040454667061567307,0.3637070655822754,0.489249050617218,-0.04729366675019264,0.3335871398448944,0.6554337739944458,-0.028617996722459793,0.338184118270874,0.6012903451919556,-0.0386049821972847,0.3415684700012207,0.5651558041572571,-0.04469238221645355,0.34333986043930054,0.5311729907989502,-0.04948541149497032,b
0.3413402736186981,0.7953683137893677,2.085557042619257e-07,0.38495686650276184,0.7774173617362976,-0.01615424081683159,0.41759181022644043,0.7254739999771118,-0.022311601787805557,0.4216300845146179,0.6772951483726501,-0.027873340994119644,0.39606115221977234,0.6686937212944031,-0.03390980511903763,0.4001198709011078,0.638368546962738,-0.013258256018161774,0.4056631922721863,0.5742005705833435,-0.024651555344462395,0.4069296419620514,0.5340367555618286,-0.03566014766693115,0.4074036777019501,0.4976978302001953,-0.044823791831731796,0.3778107762336731,0.6309299468994141,-0.01661699265241623,0.3830115795135498,0.5571445226669312,-0.026908334344625473,0.3868560492992401,0.5084914565086365,-0.03773971274495125,0.38797351717948914,0.4664800465106964,-0.04662701115012169,0.3561730980873108,0.6385819911956787,-0.02210862934589386,0.3598520755767822,0.570494532585144,-0.0324675589799881,0.36324015259742737,0.5275461077690125,-0.04184175282716751,0.3644445538520813,0.48982807993888855,-0.04898222163319588,0.3336939215660095,0.6566890478134155,-0.029659079387784004,0.3379250764846802,0.6037571430206299,-0.039678655564785004,0.34134355187416077,0.5684704780578613,-0.0458972305059433,0.34320443868637085,0.5350764989852905,-0.05095171555876732,b
0.3416985273361206,0.7953534126281738,2.0970067282632954e-07,0.38513848185539246,0.7770740985870361,-0.015676161274313927,0.4172106087207794,0.7257519960403442,-0.021606430411338806,0.421378493309021,0.6779671311378479,-0.0270076934248209,0.3955807089805603,0.6680638790130615,-0.03293547406792641,0.4000518321990967,0.6376846432685852,-0.01240815781056881,0.40543729066848755,0.5734697580337524,-0.02350207045674324,0.406730055809021,0.533612072467804,-0.03440859168767929,0.4073449671268463,0.4974549412727356,-0.043466273695230484,0.3776234984397888,0.6302288770675659,-0.01583763398230076,0.38310667872428894,0.5568845868110657,-0.025715839117765427,0.3870640695095062,0.5088582038879395,-0.036454133689403534,0.38845348358154297,0.4674642086029053,-0.045325811952352524,0.3557004928588867,0.6378049850463867,-0.021377019584178925,0.35939040780067444,0.5700424909591675,-0.03141523897647858,0.36287879943847656,0.5272530317306519,-0.04073592275381088,0.3643135726451874,0.48982083797454834,-0.04785754904150963,0.33270955085754395,0.6558892130851746,-0.028916887938976288,0.33697620034217834,0.6025971174240112,-0.038628652691841125,0.340541809797287,0.5675408840179443,-0.044609662145376205,0.3425573706626892,0.5347414612770081,-0.04948951676487923,b
0.33940863609313965,0.7955772280693054,2.124904625588897e-07,0.3837904930114746,0.7788786292076111,-0.016908535733819008,0.4172276258468628,0.7275282740592957,-0.02329261228442192,0.42181092500686646,0.6788679957389832,-0.028976401314139366,0.3961477279663086,0.6694613099098206,-0.03508131578564644,0.400532990694046,0.6376662850379944,-0.012820378877222538,0.40562501549720764,0.5738615393638611,-0.024227485060691833,0.40655937790870667,0.5338608026504517,-0.03548310324549675,0.40677374601364136,0.497494101524353,-0.044881705194711685,0.3778122067451477,0.6300556063652039,-0.015724655240774155,0.3835441470146179,0.5569890141487122,-0.026059584692120552,0.3871324360370636,0.5082907676696777,-0.037150997668504715,0.3879774212837219,0.4661369323730469,-0.04623810574412346,0.35569119453430176,0.6374821662902832,-0.02087547816336155,0.35995322465896606,0.5698046684265137,-0.031257085502147675,0.3629685044288635,0.5274666547775269,-0.04050912708044052,0.363812655210495,0.49017658829689026,-0.04754593223333359,0.3324509859085083,0.6555872559547424,-0.028161071240901947,0.3374650776386261,0.6028043627738953,-0.03814214468002319,0.34152480959892273,0.568151593208313,-0.04416283592581749,0.3442026972770691,0.5351512432098389,-0.04905100539326668,b
0.33988136053085327,0.7957979440689087,2.00202862288279e-07,0.3840225636959076,0.778137743473053,-0.015719158574938774,0.4164314270019531,0.7269333600997925,-0.02144206501543522,0.4211312532424927,0.679246723651886,-0.026627447456121445,0.3965476155281067,0.6686946153640747,-0.03230079635977745,0.39951738715171814,0.6390707492828369,-0.012402951717376709,0.405248761177063,0.574692964553833,-0.023473145440220833,0.4064426124095917,0.5345408320426941,-0.03426804393529892,0.40672436356544495,0.4982525110244751,-0.043300025165081024,0.37735602259635925,0.6312981247901917,-0.015735594555735588,0.38306066393852234,0.5568894743919373,-0.02567206881940365,0.38678833842277527,0.5088247060775757,-0.03639853745698929,0.387562096118927,0.46754926443099976,-0.04522350803017616,0.3555636703968048,0.6387263536453247,-0.021170463413000107,0.3598063886165619,0.570439875125885,-0.031450022011995316,0.3631420433521271,0.5276650786399841,-0.040874749422073364,0.36386314034461975,0.4899488091468811,-0.048072271049022675,0.3325716257095337,0.6569352746009827,-0.028574520722031593,0.3374800682067871,0.6048816442489624,-0.03864927589893341,0.3408816158771515,0.5705837607383728,-0.044822923839092255,0.34207648038864136,0.5380640029907227,-0.049814384430646896,b
0.3402467966079712,0.795926570892334,1.9746180157653725e-07,0.3842063546180725,0.7775618433952332,-0.01526625920087099,0.41614800691604614,0.7264989018440247,-0.020979683846235275,0.42104417085647583,0.6795561909675598,-0.02624613605439663,0.3967795968055725,0.6694067120552063,-0.0320611335337162,0.3994396924972534,0.6386341452598572,-0.012171224690973759,0.4048587679862976,0.5744375586509705,-0.02322976477444172,0.4059204161167145,0.5345197916030884,-0.03404468670487404,0.4061637222766876,0.49847954511642456,-0.04304461181163788,0.3773214519023895,0.6312066912651062,-0.01572040095925331,0.38263753056526184,0.556929349899292,-0.025552401319146156,0.38614070415496826,0.508913516998291,-0.036314867436885834,0.3869720697402954,0.4674701690673828,-0.045165564864873886,0.35554349422454834,0.6390395760536194,-0.021291576325893402,0.35951292514801025,0.5708200931549072,-0.03127108886837959,0.36267414689064026,0.5283999443054199,-0.04058966785669327,0.36352264881134033,0.49071964621543884,-0.04778463765978813,0.3325788676738739,0.6577799916267395,-0.028789596632122993,0.33685433864593506,0.6057307124137878,-0.038550350815057755,0.340370237827301,0.5715957880020142,-0.0444939024746418,0.34206220507621765,0.5391090512275696,-0.04934310168027878,b
0.3388587236404419,0.7961481809616089,2.0176035775421042e-07,0.3832246661186218,0.7783496379852295,-0.0156437698751688,0.4163399934768677,0.7269005179405212,-0.02147829718887806,0.4214063584804535,0.6790727972984314,-0.026850774884223938,0.3959019184112549,0.6697471141815186,-0.032746732234954834,0.3994757831096649,0.6390583515167236,-0.012163477018475533,0.4048052430152893,0.5750188827514648,-0.02336292713880539,0.4058997333049774,0.534705400466919,-0.034360069781541824,0.40617966651916504,0.4980628490447998,-0.04355069249868393,0.3771544098854065,0.631635308265686,-0.01563243940472603,0.3828633427619934,0.5580399632453918,-0.025731977075338364,0.386709064245224,0.509774386882782,-0.0365586020052433,0.3876459300518036,0.4681554436683655,-0.045476678758859634,0.35521477460861206,0.6391790509223938,-0.021234845742583275,0.35944148898124695,0.5710798501968384,-0.03145184740424156,0.362602561712265,0.5280033349990845,-0.04075326398015022,0.36334067583084106,0.49011218547821045,-0.047867514193058014,0.3322526216506958,0.657092273235321,-0.028851570561528206,0.3370838761329651,0.603854238986969,-0.038723524659872055,0.34082114696502686,0.5685908198356628,-0.04483306035399437,0.34283435344696045,0.535179615020752,-0.04983719810843468,b
0.3376006782054901,0.7961942553520203,1.9564306796837627e-07,0.38232100009918213,0.7791398167610168,-0.015624458901584148,0.4161722958087921,0.7272983193397522,-0.021228233352303505,0.421032190322876,0.6786957383155823,-0.02634533867239952,0.39541032910346985,0.6677864193916321,-0.03199434652924538,0.39927762746810913,0.6392921805381775,-0.011821312829852104,0.4049356281757355,0.5759086608886719,-0.02287440560758114,0.40606874227523804,0.5358395576477051,-0.033891767263412476,0.40640974044799805,0.49916207790374756,-0.04315991327166557,0.37698784470558167,0.6313145756721497,-0.015287911519408226,0.3827325105667114,0.5580833554267883,-0.025251837447285652,0.38681647181510925,0.5100061893463135,-0.036217667162418365,0.3880859613418579,0.4681203365325928,-0.045314300805330276,0.3551701605319977,0.6384992003440857,-0.020919453352689743,0.35932308435440063,0.5709295272827148,-0.031143445521593094,0.3625688850879669,0.5276826024055481,-0.040699925273656845,0.36337798833847046,0.4893214702606201,-0.04803211987018585,0.3322937786579132,0.6560084819793701,-0.028560280799865723,0.3369101285934448,0.6023051142692566,-0.03862105682492256,0.3403608202934265,0.5663273334503174,-0.04503146931529045,0.34207209944725037,0.5320779085159302,-0.05025121569633484,b
0.33714330196380615,0.7960035800933838,1.9901229109109408e-07,0.3816545605659485,0.7797210216522217,-0.01642569899559021,0.4159752428531647,0.7284396290779114,-0.022484809160232544,0.4207925498485565,0.6788596510887146,-0.02786337025463581,0.39543914794921875,0.6681953072547913,-0.03371396288275719,0.39924490451812744,0.6387161016464233,-0.01274641789495945,0.40511655807495117,0.5751320123672485,-0.023905685171484947,0.40637603402137756,0.5350569486618042,-0.03486986830830574,0.4068756103515625,0.4989449977874756,-0.0441105030477047,0.37686869502067566,0.6308638453483582,-0.01583477109670639,0.38282865285873413,0.557624340057373,-0.025891641154885292,0.3867797255516052,0.5096070766448975,-0.036877911537885666,0.3878546953201294,0.4684000015258789,-0.04593033716082573,0.3549691140651703,0.6386358141899109,-0.021088959649205208,0.359605610370636,0.5713697671890259,-0.0315573550760746,0.36289843916893005,0.5283227562904358,-0.04130854830145836,0.3636125922203064,0.4901862144470215,-0.04879152402281761,0.3318237066268921,0.6572557091712952,-0.02835790254175663,0.3370146155357361,0.605186402797699,-0.038755863904953,0.3406650125980377,0.570553183555603,-0.045313525944948196,0.3421911597251892,0.5372916460037231,-0.05060781165957451,b
0.3374413251876831,0.7964407801628113,1.9226008873829414e-07,0.3821093440055847,0.7791717648506165,-0.015413385815918446,0.4157868027687073,0.7275237441062927,-0.02113453298807144,0.42078736424446106,0.6789769530296326,-0.0263760257512331,0.39552199840545654,0.6687785387039185,-0.03213629871606827,0.39923322200775146,0.6384778022766113,-0.012254367582499981,0.40499770641326904,0.5744268298149109,-0.023297548294067383,0.4060980975627899,0.5341286659240723,-0.03412323817610741,0.4063291847705841,0.4978269338607788,-0.043263714760541916,0.37692368030548096,0.6306522488594055,-0.01576448604464531,0.38247761130332947,0.557060956954956,-0.025665966793894768,0.38594844937324524,0.509169340133667,-0.0364985316991806,0.3864108622074127,0.46807965636253357,-0.045445606112480164,0.35500285029411316,0.6384691596031189,-0.02129906415939331,0.35936784744262695,0.5708832144737244,-0.03137741982936859,0.3626875877380371,0.5282105207443237,-0.0407843217253685,0.36322617530822754,0.4903291165828705,-0.04812125116586685,0.33181923627853394,0.6573137640953064,-0.028776606544852257,0.3365604877471924,0.6058329939842224,-0.03871747478842735,0.3404219150543213,0.5715632438659668,-0.04494353011250496,0.34206143021583557,0.5386879444122314,-0.050053298473358154,b
0.3376670777797699,0.7961114048957825,1.9904926773506304e-07,0.3824727237224579,0.7783284783363342,-0.015473649837076664,0.4161975383758545,0.7268155813217163,-0.021200906485319138,0.4207756519317627,0.6778943538665771,-0.02644464373588562,0.3952513635158539,0.6687098741531372,-0.03220932558178902,0.39890751242637634,0.6381795406341553,-0.011984297074377537,0.40473440289497375,0.5740436315536499,-0.02280864119529724,0.4060051143169403,0.534084677696228,-0.03347291797399521,0.406439870595932,0.49805906414985657,-0.04253045469522476,0.3766079545021057,0.6304008364677429,-0.015493093989789486,0.38240620493888855,0.5565811395645142,-0.02530805952847004,0.3861696422100067,0.5085849761962891,-0.036117590963840485,0.3868633508682251,0.46748295426368713,-0.04508601501584053,0.3546196222305298,0.6379685401916504,-0.02107822895050049,0.3590713143348694,0.5699964165687561,-0.031326550990343094,0.36223822832107544,0.5269807577133179,-0.04106123000383377,0.36268171668052673,0.48895686864852905,-0.048573896288871765,0.331297367811203,0.6563756465911865,-0.02858555316925049,0.3362632095813751,0.603888988494873,-0.0387318879365921,0.33988749980926514,0.5691006183624268,-0.04524250701069832,0.3413163125514984,0.535809338092804,-0.05057457461953163,b
0.33736634254455566,0.7957692742347717,1.9377176840862376e-07,0.38253703713417053,0.7774502635002136,-0.015147910453379154,0.4163719415664673,0.7261846661567688,-0.02088971994817257,0.42046040296554565,0.6775122284889221,-0.02618856355547905,0.39445799589157104,0.6687486171722412,-0.032037194818258286,0.39857104420661926,0.6373436450958252,-0.011986195109784603,0.4039061665534973,0.5730828642845154,-0.02281801961362362,0.4047950506210327,0.5329877734184265,-0.03353824466466904,0.4048464894294739,0.4966205954551697,-0.042656708508729935,0.37617260217666626,0.6297717690467834,-0.015662332996726036,0.3817116618156433,0.5560342073440552,-0.025401664897799492,0.38520947098731995,0.5081098675727844,-0.03615172579884529,0.3856145441532135,0.4669100344181061,-0.04511396586894989,0.3542749285697937,0.6374931335449219,-0.02134082093834877,0.3581031262874603,0.5695286989212036,-0.031222093850374222,0.3613472282886505,0.5273427963256836,-0.0404902845621109,0.36200034618377686,0.4899784326553345,-0.04775699973106384,0.3311031758785248,0.6561172604560852,-0.02895735204219818,0.3352597951889038,0.6036825180053711,-0.038634009659290314,0.33913499116897583,0.569009006023407,-0.04475431516766548,0.341083824634552,0.535891056060791,-0.049864884465932846,b
0.3363487124443054,0.7928671836853027,1.90941790378929e-07,0.38085755705833435,0.7747970223426819,-0.014976389706134796,0.4140409529209137,0.7241548895835876,-0.02017590031027794,0.41819116473197937,0.6764212846755981,-0.02497895620763302,0.39236176013946533,0.6656776666641235,-0.030292881652712822,0.3969021141529083,0.6367517709732056,-0.011043235659599304,0.40242984890937805,0.5721828937530518,-0.02163263037800789,0.4032354950904846,0.5320267677307129,-0.03212059289216995,0.40286582708358765,0.4957362413406372,-0.0409306176006794,0.3746696710586548,0.6284794807434082,-0.014459976926445961,0.38042891025543213,0.5546923875808716,-0.024015139788389206,0.3831688463687897,0.5068689584732056,-0.03453963249921799,0.38257139921188354,0.46628493070602417,-0.043304648250341415,0.35228708386421204,0.6349477171897888,-0.019979622215032578,0.3572571873664856,0.5667774677276611,-0.029976285994052887,0.3601387143135071,0.5239587426185608,-0.03950845077633858,0.35981088876724243,0.4863642454147339,-0.04682512953877449,0.32814648747444153,0.6519107222557068,-0.027384182438254356,0.3338739573955536,0.5985249280929565,-0.03741687536239624,0.33695510029792786,0.5630437731742859,-0.04387591406702995,0.33742794394493103,0.5292851328849792,-0.04912182688713074,b
0.33685436844825745,0.7914867997169495,1.9581891308462218e-07,0.3811321258544922,0.7738372683525085,-0.015583392232656479,0.41238832473754883,0.7238645553588867,-0.021282127127051353,0.4162462055683136,0.6766111254692078,-0.026485860347747803,0.39249053597450256,0.6628769040107727,-0.03217840567231178,0.39628005027770996,0.6365584135055542,-0.012451956048607826,0.401470810174942,0.5713916420936584,-0.02373472787439823,0.4020988941192627,0.5312709212303162,-0.03454695641994476,0.40164104104042053,0.49493664503097534,-0.04337196424603462,0.37382587790489197,0.628522515296936,-0.015490788035094738,0.3792324960231781,0.5537458658218384,-0.025571465492248535,0.382036954164505,0.5053212642669678,-0.03638312593102455,0.38174355030059814,0.4642174541950226,-0.04519748315215111,0.3514680862426758,0.6350138187408447,-0.020606912672519684,0.35607680678367615,0.5664506554603577,-0.03092106431722641,0.35852524638175964,0.5229718685150146,-0.04052804410457611,0.35777950286865234,0.48503923416137695,-0.0477818064391613,0.32743385434150696,0.6520991325378418,-0.02760312519967556,0.33236101269721985,0.5992107391357422,-0.037856943905353546,0.33500081300735474,0.5640527009963989,-0.04419699311256409,0.33515509963035583,0.5308099985122681,-0.04919169098138809,b
0.33545827865600586,0.7919044494628906,2.0189871463571762e-07,0.3799684941768646,0.773780107498169,-0.015313203446567059,0.41144779324531555,0.7232910990715027,-0.020804602652788162,0.4150257408618927,0.6752220988273621,-0.025803280994296074,0.3906247913837433,0.6612470149993896,-0.031217191368341446,0.3950699269771576,0.6357120275497437,-0.011966449208557606,0.40055355429649353,0.5701751708984375,-0.022968724370002747,0.4013543128967285,0.5300981998443604,-0.03362303599715233,0.40104103088378906,0.49403977394104004,-0.04226403683423996,0.37267816066741943,0.6273370385169983,-0.014938401989638805,0.37820160388946533,0.5529550909996033,-0.02447616122663021,0.38111618161201477,0.5042135715484619,-0.03493565693497658,0.3809677064418793,0.4630919396877289,-0.04347582906484604,0.35046473145484924,0.6335583329200745,-0.0199655219912529,0.35507217049598694,0.565455973148346,-0.029594404622912407,0.357716828584671,0.5220547914505005,-0.038821153342723846,0.3572184145450592,0.4847238063812256,-0.04586220905184746,0.3264298439025879,0.650662899017334,-0.02687731385231018,0.3313947021961212,0.5990639925003052,-0.036480121314525604,0.33469197154045105,0.5641916990280151,-0.042411938309669495,0.3356042802333832,0.5317826867103577,-0.04709240421652794,b
0.3362293839454651,0.7911473512649536,2.0429715164027584e-07,0.38061657547950745,0.7731991410255432,-0.015744982287287712,0.41076117753982544,0.7241637706756592,-0.021578269079327583,0.4131927788257599,0.6773450970649719,-0.026844965294003487,0.3901418447494507,0.6618415713310242,-0.03256078064441681,0.3946755528450012,0.6356790661811829,-0.013056266121566296,0.39980849623680115,0.5698872208595276,-0.024480843916535378,0.4003596305847168,0.5296825170516968,-0.03527224808931351,0.39969706535339355,0.4932263195514679,-0.04394862800836563,0.3721316456794739,0.6271713972091675,-0.015878738835453987,0.37741371989250183,0.5519856214523315,-0.025933369994163513,0.37990930676460266,0.5028945207595825,-0.036687351763248444,0.3794538080692291,0.46114581823349,-0.045412544161081314,0.34986305236816406,0.6331206560134888,-0.02071639709174633,0.3541892170906067,0.5645917057991028,-0.03086673468351364,0.3564900755882263,0.5211445093154907,-0.04026108980178833,0.35578653216362,0.48353520035743713,-0.04731207713484764,0.32579565048217773,0.6501631736755371,-0.027435360476374626,0.33062925934791565,0.5981439352035522,-0.03756077215075493,0.3338925540447235,0.5630090236663818,-0.04369167611002922,0.3349904417991638,0.5302696824073792,-0.04840213805437088,b
0.33665913343429565,0.7894831895828247,1.9977321130681958e-07,0.38030415773391724,0.7724655866622925,-0.01585853472352028,0.4099266231060028,0.7231330871582031,-0.02173491194844246,0.41123682260513306,0.6762931942939758,-0.02692868374288082,0.3883397877216339,0.6611564755439758,-0.03263770416378975,0.3939046561717987,0.6339592933654785,-0.013891330920159817,0.3990223705768585,0.568477213382721,-0.02524111047387123,0.39939382672309875,0.5282433032989502,-0.03594484552741051,0.3984260559082031,0.49166780710220337,-0.04457453265786171,0.3710421323776245,0.625679075717926,-0.016607195138931274,0.37638381123542786,0.5506939888000488,-0.026376476511359215,0.37895575165748596,0.5022805333137512,-0.03677449747920036,0.3786836862564087,0.46118658781051636,-0.045329827815294266,0.34872475266456604,0.6321077346801758,-0.02129530906677246,0.35245370864868164,0.5636299848556519,-0.030972091481089592,0.35505902767181396,0.5209993124008179,-0.039941877126693726,0.3549126088619232,0.4842127859592438,-0.04683198779821396,0.3247644007205963,0.6497297286987305,-0.027906406670808792,0.3284901976585388,0.597030758857727,-0.03767441585659981,0.33129939436912537,0.5620702505111694,-0.04355833679437637,0.3321954607963562,0.5297000408172607,-0.04816016927361488,b
0.3349247872829437,0.7892060279846191,1.977367674044217e-07,0.3795737624168396,0.7720277309417725,-0.016418782994151115,0.40978044271469116,0.7216387987136841,-0.022650375962257385,0.41007179021835327,0.6742440462112427,-0.02818167582154274,0.385299414396286,0.6612139344215393,-0.03439820557832718,0.39401009678840637,0.6346003413200378,-0.015004434622824192,0.3989740014076233,0.569446325302124,-0.027028322219848633,0.398572713136673,0.5284454822540283,-0.03831635043025017,0.3967728018760681,0.49077141284942627,-0.04755731299519539,0.37054720520973206,0.6265460848808289,-0.01785941794514656,0.3755970001220703,0.5522273182868958,-0.028545187786221504,0.3774401545524597,0.5029242634773254,-0.03974812477827072,0.3763591945171356,0.46064692735671997,-0.048941921442747116,0.3479064702987671,0.6336761713027954,-0.022677401080727577,0.35135018825531006,0.5645758509635925,-0.03324994817376137,0.35368794202804565,0.5217849016189575,-0.04267214983701706,0.3530236482620239,0.48483210802078247,-0.049891065806150436,0.3239191174507141,0.6517963409423828,-0.029454559087753296,0.32751771807670593,0.5992448329925537,-0.039935603737831116,0.33057382702827454,0.5639837980270386,-0.046176161617040634,0.33194518089294434,0.5311610102653503,-0.05111250281333923,b
0.3338501751422882,0.7887148857116699,2.087457318111774e-07,0.3768633306026459,0.7729533910751343,-0.018233345821499825,0.4083824157714844,0.723868727684021,-0.025828387588262558,0.4099265933036804,0.6746559143066406,-0.03237827122211456,0.38448917865753174,0.659391462802887,-0.03946078196167946,0.39280781149864197,0.6343856453895569,-0.017159391194581985,0.3978963792324066,0.5692392587661743,-0.02992483414709568,0.3974834978580475,0.5283798575401306,-0.041681669652462006,0.3959214389324188,0.490935742855072,-0.051146917045116425,0.3693370223045349,0.6262141466140747,-0.019505131989717484,0.3748379647731781,0.5519219040870667,-0.030675197020173073,0.3768683969974518,0.5029014945030212,-0.04202787205576897,0.3761211335659027,0.46112990379333496,-0.051258426159620285,0.34650593996047974,0.6333814859390259,-0.02394857443869114,0.35068652033805847,0.5645931363105774,-0.03497883304953575,0.35322630405426025,0.5211886167526245,-0.044527001678943634,0.35293668508529663,0.483652800321579,-0.051800474524497986,0.32205885648727417,0.65153568983078,-0.03049985133111477,0.3260778486728668,0.5992264747619629,-0.04149262607097626,0.3287147283554077,0.5639287829399109,-0.047897737473249435,0.32931098341941833,0.5310255289077759,-0.052854087203741074,b
0.33343905210494995,0.7889629006385803,2.0439530601379374e-07,0.377326101064682,0.7729438543319702,-0.017706867307424545,0.40834975242614746,0.7235278487205505,-0.024870596826076508,0.4093497693538666,0.6746971011161804,-0.031084978953003883,0.3845694065093994,0.6607482433319092,-0.03786098584532738,0.39286306500434875,0.6350412964820862,-0.01667850837111473,0.3976189196109772,0.5697946548461914,-0.029195478186011314,0.39730119705200195,0.5289444923400879,-0.04069057106971741,0.39582452178001404,0.491701602935791,-0.05003703013062477,0.3695305585861206,0.6269350647926331,-0.01923917606472969,0.3743428885936737,0.5520148873329163,-0.030399518087506294,0.37626004219055176,0.5029608011245728,-0.04176555201411247,0.3755331337451935,0.46124470233917236,-0.05094023793935776,0.34682968258857727,0.6341891288757324,-0.02382008545100689,0.35025185346603394,0.5645024180412292,-0.035024404525756836,0.35252076387405396,0.5212642550468445,-0.04473511874675751,0.35206490755081177,0.48395389318466187,-0.0520397387444973,0.3224944770336151,0.6526550650596619,-0.03042939119040966,0.32567664980888367,0.6006155014038086,-0.04166704788804054,0.3281446397304535,0.5652439594268799,-0.04831118881702423,0.32882606983184814,0.5321835875511169,-0.05339794605970383,b
0.3330768048763275,0.7903732061386108,2.0758888297223166e-07,0.3768283724784851,0.7741805911064148,-0.01738121174275875,0.4080245792865753,0.7245011925697327,-0.02434563636779785,0.4088608920574188,0.676474392414093,-0.030440209433436394,0.38441184163093567,0.6616533398628235,-0.037066612392663956,0.392518013715744,0.6350159049034119,-0.015925196930766106,0.39771854877471924,0.5695659518241882,-0.02837539277970791,0.39759334921836853,0.5287209153175354,-0.03982758894562721,0.39629146456718445,0.4915542006492615,-0.04910280555486679,0.3692081868648529,0.6272180676460266,-0.018692180514335632,0.3743990957736969,0.5523585081100464,-0.02978484518826008,0.3766174614429474,0.5030949711799622,-0.041181910783052444,0.3760819137096405,0.46104469895362854,-0.05035204812884331,0.34640002250671387,0.6349213123321533,-0.02352706715464592,0.35007423162460327,0.5655327439308167,-0.034745652228593826,0.35274773836135864,0.5219559669494629,-0.04457578435540199,0.3527289927005768,0.4840813875198364,-0.05195936933159828,0.3218780755996704,0.6538881659507751,-0.030355311930179596,0.32509565353393555,0.6020945906639099,-0.04166554659605026,0.32775813341140747,0.5666946768760681,-0.048339057713747025,0.3286255896091461,0.5333952903747559,-0.05342100188136101,b
0.33252859115600586,0.7905511260032654,2.0797567401587003e-07,0.37626662850379944,0.7749956846237183,-0.018240870907902718,0.40801888704299927,0.7258410453796387,-0.025529770180583,0.4086684584617615,0.6773709654808044,-0.0318140871822834,0.38317060470581055,0.662646472454071,-0.038600001484155655,0.3928986191749573,0.6361671090126038,-0.01647580787539482,0.398071825504303,0.570801317691803,-0.02900153025984764,0.397875040769577,0.5298056602478027,-0.040581632405519485,0.3965204656124115,0.4923079311847687,-0.04996832460165024,0.36931198835372925,0.6279234886169434,-0.01878047175705433,0.3746397793292999,0.5532863140106201,-0.029942288994789124,0.37675321102142334,0.5040086507797241,-0.041452694684267044,0.37612420320510864,0.462004154920578,-0.05077884718775749,0.3464542627334595,0.63503098487854,-0.023221325129270554,0.3503250777721405,0.5659343004226685,-0.03427640721201897,0.3527680039405823,0.5227539539337158,-0.04396353289484978,0.35242578387260437,0.4855802059173584,-0.05126819759607315,0.32196760177612305,0.6530123353004456,-0.0297804307192564,0.3257715404033661,0.6005806922912598,-0.04076257348060608,0.32840657234191895,0.5649982690811157,-0.047301050275564194,0.3293269872665405,0.5316164493560791,-0.05234842747449875,b
0.33253419399261475,0.7899271249771118,2.1164191821299028e-07,0.37635067105293274,0.7746943235397339,-0.01801753044128418,0.40803688764572144,0.7254588603973389,-0.025224268436431885,0.4083836078643799,0.6776641607284546,-0.031406011432409286,0.38222792744636536,0.6643250584602356,-0.03815976530313492,0.3923708200454712,0.6375727653503418,-0.0171254463493824,0.3978665769100189,0.5712727904319763,-0.029657157137989998,0.3978719115257263,0.530247688293457,-0.04108726978302002,0.3967592418193817,0.4931073486804962,-0.05027036741375923,0.36845454573631287,0.629300594329834,-0.019412711262702942,0.37424954771995544,0.5536382794380188,-0.030462713912129402,0.3764656186103821,0.5042761564254761,-0.04185113310813904,0.3760039210319519,0.4624267816543579,-0.05106182396411896,0.3455786406993866,0.6359239816665649,-0.023717407137155533,0.3500876724720001,0.5664074420928955,-0.034408990293741226,0.35283905267715454,0.5227895975112915,-0.04410528764128685,0.35283708572387695,0.48531457781791687,-0.051506441086530685,0.32122913002967834,0.6534002423286438,-0.030095001682639122,0.3250461220741272,0.6013215184211731,-0.040548693388700485,0.327650249004364,0.5658954381942749,-0.046862341463565826,0.3284531235694885,0.5327076315879822,-0.05185294896364212,b
0.3322063386440277,0.7909983992576599,2.1253826787415164e-07,0.3757249712944031,0.7753973007202148,-0.016852011904120445,0.40684252977371216,0.7283666729927063,-0.02392374537885189,0.40533655881881714,0.6839449405670166,-0.030320435762405396,0.38083264231681824,0.6684260368347168,-0.03744702413678169,0.39185628294944763,0.6391505599021912,-0.016299443319439888,0.39753296971321106,0.5724767446517944,-0.029353657737374306,0.3980741798877716,0.5311838388442993,-0.040959618985652924,0.39738258719444275,0.4941202998161316,-0.050015468150377274,0.3677172362804413,0.6313973069190979,-0.019230004400014877,0.3735397756099701,0.5559329986572266,-0.030791351571679115,0.37556275725364685,0.506286084651947,-0.04254508763551712,0.37526485323905945,0.4642687439918518,-0.0518546923995018,0.34469521045684814,0.6382942199707031,-0.02411477454006672,0.34878551959991455,0.5683901309967041,-0.035090334713459015,0.35156506299972534,0.5250486731529236,-0.04477427527308464,0.35198265314102173,0.487784206867218,-0.052041519433259964,0.32003873586654663,0.6561004519462585,-0.03093533404171467,0.32384228706359863,0.6037586331367493,-0.04153529554605484,0.32662221789360046,0.5685106515884399,-0.04758760705590248,0.32810166478157043,0.5354838371276855,-0.05220458656549454,b
0.32860589027404785,0.7926757335662842,2.0259167854419502e-07,0.37196290493011475,0.7778317928314209,-0.016876813024282455,0.40364158153533936,0.7308189868927002,-0.023935481905937195,0.4009248614311218,0.68733811378479,-0.030345557257533073,0.3758084177970886,0.6727054715156555,-0.03744453936815262,0.390588641166687,0.6421704292297363,-0.01595461554825306,0.395330011844635,0.5768285393714905,-0.029255051165819168,0.39589112997055054,0.5353887677192688,-0.041092824190855026,0.39529871940612793,0.4983886480331421,-0.05036007612943649,0.3659685254096985,0.6333878040313721,-0.0189462061971426,0.37148213386535645,0.5592550039291382,-0.03079761564731598,0.37362417578697205,0.5098305940628052,-0.04270501062273979,0.3738061189651489,0.4677218198776245,-0.05211752653121948,0.34292975068092346,0.6397855877876282,-0.02394929714500904,0.34716925024986267,0.5705142021179199,-0.035258155316114426,0.3500867784023285,0.527532160282135,-0.045135315507650375,0.3507749140262604,0.49021899700164795,-0.052517663687467575,0.3185928463935852,0.6575769186019897,-0.030898146331310272,0.3231267035007477,0.6056926846504211,-0.041419174522161484,0.32628530263900757,0.5712118744850159,-0.04744749143719673,0.3281978666782379,0.5387427806854248,-0.052141278982162476,b
0.3257761001586914,0.7970860004425049,2.0585406446116394e-07,0.37033528089523315,0.7800777554512024,-0.014677970670163631,0.4018189311027527,0.7306498289108276,-0.01979132369160652,0.39638715982437134,0.6891648173332214,-0.0244893915951252,0.370326966047287,0.6788656711578369,-0.03002200648188591,0.3867897093296051,0.6454018354415894,-0.012742306105792522,0.39229482412338257,0.5805076360702515,-0.02479667402803898,0.39368826150894165,0.5395305752754211,-0.035909149795770645,0.3934613764286041,0.502868115901947,-0.04458237811923027,0.36254459619522095,0.6369472742080688,-0.016361884772777557,0.36926400661468506,0.5629458427429199,-0.026654208078980446,0.37215912342071533,0.5140949487686157,-0.03778586536645889,0.3721655309200287,0.47259896993637085,-0.046719059348106384,0.3395908772945404,0.6430798172950745,-0.0218979399651289,0.34453219175338745,0.5745114684104919,-0.031722381711006165,0.34809550642967224,0.5316751003265381,-0.04110007733106613,0.3486552834510803,0.49488046765327454,-0.04814133048057556,0.31507962942123413,0.6602190732955933,-0.02924000471830368,0.3202890455722809,0.6068691611289978,-0.03804459050297737,0.3239207863807678,0.5723803043365479,-0.04296443238854408,0.32582351565361023,0.540258526802063,-0.047026626765728,b
0.32016876339912415,0.7962304353713989,2.2710848668339167e-07,0.36505022644996643,0.7797101140022278,-0.01678660325706005,0.39941784739494324,0.732490062713623,-0.022629128769040108,0.3939657509326935,0.6902378797531128,-0.027489926666021347,0.3648388385772705,0.6829277276992798,-0.03319365158677101,0.38324224948883057,0.6481373310089111,-0.014913950115442276,0.3894982635974884,0.5835408568382263,-0.026941915974020958,0.3904930651187897,0.5422219634056091,-0.03783448785543442,0.3900788426399231,0.5060162544250488,-0.046360574662685394,0.35769563913345337,0.6385857462882996,-0.017621010541915894,0.36508920788764954,0.5647243857383728,-0.027538709342479706,0.3683779537677765,0.516326367855072,-0.03850605711340904,0.3691932260990143,0.47575831413269043,-0.047273557633161545,0.33346495032310486,0.6446961760520935,-0.02225516177713871,0.3377627432346344,0.5778253674507141,-0.031988900154829025,0.3417793810367584,0.5356018543243408,-0.04188794642686844,0.3433590233325958,0.4995419979095459,-0.0494520328938961,0.3074890375137329,0.6620990037918091,-0.02878655306994915,0.3105469346046448,0.6139516830444336,-0.037494007498025894,0.31331783533096313,0.584487795829773,-0.04221470281481743,0.31432992219924927,0.5574852228164673,-0.046180110424757004,b
0.3145677447319031,0.7976428866386414,2.205577942504533e-07,0.36023733019828796,0.780368447303772,-0.01623576320707798,0.39317014813423157,0.7322788238525391,-0.02116064541041851,0.38405871391296387,0.6916103959083557,-0.025260047987103462,0.35701480507850647,0.6809865236282349,-0.030130824074149132,0.376471608877182,0.6493921875953674,-0.013283314183354378,0.38324588537216187,0.5841153860092163,-0.025256376713514328,0.384695827960968,0.5418769717216492,-0.03589127957820892,0.38437503576278687,0.505818247795105,-0.04389196261763573,0.350811243057251,0.6402848362922668,-0.015588849782943726,0.3592274785041809,0.5669719576835632,-0.025457847863435745,0.3629666566848755,0.5181372165679932,-0.03617763891816139,0.36385679244995117,0.47838538885116577,-0.044517818838357925,0.3265727460384369,0.6460680961608887,-0.01997361145913601,0.3308839797973633,0.5783365964889526,-0.02959951013326645,0.33532142639160156,0.5359715223312378,-0.03931659832596779,0.33719414472579956,0.5009390115737915,-0.04638391360640526,0.30057740211486816,0.6629489064216614,-0.02620956487953663,0.30401456356048584,0.6115608811378479,-0.034962281584739685,0.30671823024749756,0.5787433385848999,-0.03994885832071304,0.30761632323265076,0.548888087272644,-0.04381070286035538,b
0.3055161237716675,0.7966038584709167,2.4079122340481263e-07,0.3528524935245514,0.7791271805763245,-0.017694126814603806,0.3884795010089874,0.7313453555107117,-0.023705095052719116,0.3814587891101837,0.6887078881263733,-0.02859659120440483,0.3521760106086731,0.6822009682655334,-0.03422132134437561,0.36987149715423584,0.6507503986358643,-0.015528786927461624,0.3759753704071045,0.5847259163856506,-0.027939923107624054,0.37764763832092285,0.5424272418022156,-0.03899513930082321,0.3784841001033783,0.5061220526695251,-0.04738524928689003,0.34392228722572327,0.6412022709846497,-0.0175489354878664,0.35052329301834106,0.566132128238678,-0.027824724093079567,0.3542344868183136,0.5166065692901611,-0.03884601965546608,0.35606876015663147,0.4758959114551544,-0.047435615211725235,0.3199174106121063,0.6464057564735413,-0.02161477506160736,0.32310038805007935,0.5777933597564697,-0.03137052431702614,0.32742539048194885,0.5341845750808716,-0.04079556092619896,0.3301796019077301,0.4978432059288025,-0.04769143462181091,0.294105589389801,0.6624937653541565,-0.02769063226878643,0.2958073318004608,0.6098005175590515,-0.03613824397325516,0.29876139760017395,0.5757918953895569,-0.04074102267622948,0.3005971312522888,0.5450160503387451,-0.04444343224167824,b
0.29682615399360657,0.7911275029182434,2.4451165359096194e-07,0.33862975239753723,0.7747998237609863,-0.020104026421904564,0.3721858263015747,0.7345843315124512,-0.030065804719924927,0.36931344866752625,0.6901519894599915,-0.03863218426704407,0.3476523458957672,0.6710038781166077,-0.04758039489388466,0.36331599950790405,0.6485535502433777,-0.021122734993696213,0.37247079610824585,0.5837273001670837,-0.03639669343829155,0.3745773136615753,0.5423642992973328,-0.04918026179075241,0.3753821551799774,0.505916178226471,-0.058354854583740234,0.3378409147262573,0.6379908323287964,-0.022661149501800537,0.3452341854572296,0.5634734630584717,-0.035418715327978134,0.3472108840942383,0.5149518251419067,-0.0467105433344841,0.34766054153442383,0.47454261779785156,-0.05498753860592842,0.31323155760765076,0.6422753930091858,-0.026283590123057365,0.31694382429122925,0.5732279419898987,-0.03750105947256088,0.3200887441635132,0.5311607718467712,-0.045394543558359146,0.32253220677375793,0.4952903985977173,-0.050973501056432724,0.286830872297287,0.6579872965812683,-0.03209243714809418,0.2898288369178772,0.6067141890525818,-0.041644949465990067,0.2933100163936615,0.5744115114212036,-0.045445334166288376,0.2959868609905243,0.5448122024536133,-0.047949641942977905,b
0.29179081320762634,0.7924476861953735,2.2329747650928766e-07,0.3323984146118164,0.7774994373321533,-0.018686676397919655,0.3638796806335449,0.7351441383361816,-0.027063997462391853,0.3626716732978821,0.6910266876220703,-0.03428077697753906,0.33892887830734253,0.6703134179115295,-0.04209356755018234,0.3552933931350708,0.6457493901252747,-0.018433982506394386,0.36346790194511414,0.5814027190208435,-0.0325724221765995,0.36442485451698303,0.5405171513557434,-0.04475615918636322,0.36338984966278076,0.5049516558647156,-0.053536489605903625,0.32942262291908264,0.6349851489067078,-0.02052343264222145,0.3357255458831787,0.560131847858429,-0.032420262694358826,0.33787351846694946,0.5120596885681152,-0.043817002326250076,0.3377528488636017,0.47237521409988403,-0.0521666519343853,0.3041883111000061,0.6397287845611572,-0.02468084916472435,0.30542057752609253,0.5723063945770264,-0.03570859506726265,0.30926209688186646,0.5295781493186951,-0.04439026489853859,0.31220385432243347,0.4934789538383484,-0.05043528228998184,0.27754104137420654,0.6559373736381531,-0.030871951952576637,0.2806433141231537,0.603754460811615,-0.04037321358919144,0.28460797667503357,0.5719845294952393,-0.044288065284490585,0.2885136902332306,0.5440805554389954,-0.04689284414052963,b
0.2828485667705536,0.7898605465888977,2.265548317836874e-07,0.3217645585536957,0.7722086310386658,-0.01806531846523285,0.3530508279800415,0.7290628552436829,-0.02693270891904831,0.3528688848018646,0.6845342516899109,-0.03471827134490013,0.32873091101646423,0.6684918403625488,-0.04303598776459694,0.34479254484176636,0.6407387852668762,-0.018602602183818817,0.35109230875968933,0.5737166404724121,-0.03282325342297554,0.351508229970932,0.5324850082397461,-0.04480802267789841,0.3506344258785248,0.49836456775665283,-0.05334234982728958,0.3204822838306427,0.6321910619735718,-0.02092074230313301,0.3275017738342285,0.557253360748291,-0.03293194621801376,0.3291816711425781,0.5089351534843445,-0.043926119804382324,0.32842355966567993,0.47127601504325867,-0.051928624510765076,0.29650789499282837,0.6379282474517822,-0.02529391273856163,0.3007236123085022,0.5689448714256287,-0.03619029000401497,0.3039299547672272,0.525786280632019,-0.044935066252946854,0.30545464158058167,0.49129343032836914,-0.05113885551691055,0.27001628279685974,0.6548936367034912,-0.03160375729203224,0.2734248638153076,0.6047475337982178,-0.04120645299553871,0.27661794424057007,0.571749746799469,-0.045682135969400406,0.27892428636550903,0.542512059211731,-0.04880163073539734,b
0.2774614691734314,0.7911937832832336,2.2782620590078295e-07,0.31545743346214294,0.7752332091331482,-0.018470926210284233,0.34516796469688416,0.7334654927253723,-0.02759789302945137,0.3444479703903198,0.6913785934448242,-0.03558500111103058,0.32557305693626404,0.6690846085548401,-0.04388672113418579,0.3351995646953583,0.6374725699424744,-0.018579643219709396,0.34092217683792114,0.5699775815010071,-0.03326481953263283,0.3402433395385742,0.5284627079963684,-0.0454389862716198,0.3382189869880676,0.4937582015991211,-0.05383845791220665,0.3109830915927887,0.630454957485199,-0.020784616470336914,0.31742891669273376,0.5541309118270874,-0.032771818339824677,0.3189472258090973,0.5053716897964478,-0.04374844580888748,0.3183076083660126,0.46695929765701294,-0.05173482000827789,0.2870548665523529,0.6372342109680176,-0.025236397981643677,0.291628360748291,0.5666731595993042,-0.03615296632051468,0.29461997747421265,0.5226290225982666,-0.0452658012509346,0.2957049310207367,0.4864806830883026,-0.05172795429825783,0.2608715295791626,0.6551067233085632,-0.03163031488656998,0.26458972692489624,0.6025480628013611,-0.04160616546869278,0.2674001157283783,0.5692988634109497,-0.04643707349896431,0.26901569962501526,0.539361834526062,-0.04965798929333687,b
0.2684752345085144,0.7908380627632141,2.13815539495954e-07,0.30881842970848083,0.7743026614189148,-0.01827891170978546,0.3413548469543457,0.7264400720596313,-0.02534545585513115,0.3378514349460602,0.6787164807319641,-0.031228523701429367,0.30871841311454773,0.6638455390930176,-0.0375715047121048,0.3301984369754791,0.6360217928886414,-0.015480822883546352,0.3350858986377716,0.5679709911346436,-0.0276030283421278,0.3342514634132385,0.5258165597915649,-0.03849940747022629,0.33241942524909973,0.4905434250831604,-0.046665653586387634,0.3045543432235718,0.6272299885749817,-0.017012108117341995,0.31029877066612244,0.5526818037033081,-0.02696050889790058,0.3118215501308441,0.5042745471000671,-0.03739253804087639,0.3111986815929413,0.46640878915786743,-0.04545883461833,0.2805705666542053,0.6332231163978577,-0.02075163833796978,0.2835487127304077,0.5649303793907166,-0.029919877648353577,0.28622812032699585,0.5210157632827759,-0.03879524767398834,0.2867947816848755,0.485484778881073,-0.04555930569767952,0.25474876165390015,0.6503045558929443,-0.026589447632431984,0.25792279839515686,0.599096417427063,-0.03500589355826378,0.26046305894851685,0.5653682351112366,-0.03965960070490837,0.261600136756897,0.534873366355896,-0.04332975298166275,b
0.2642640769481659,0.7926945686340332,2.153692832962406e-07,0.30297166109085083,0.7741798162460327,-0.016992492601275444,0.33418017625808716,0.7260599732398987,-0.02375221997499466,0.33298397064208984,0.680076539516449,-0.02972625568509102,0.30502307415008545,0.6667780876159668,-0.036210983991622925,0.3238794207572937,0.6360610127449036,-0.01484356727451086,0.3297131657600403,0.5685669183731079,-0.0269050020724535,0.3295484483242035,0.5265990495681763,-0.03792533278465271,0.3283858895301819,0.4902424216270447,-0.046410489827394485,0.29865792393684387,0.6262698769569397,-0.017579669132828712,0.3040660619735718,0.5509952902793884,-0.027479559183120728,0.3057853579521179,0.5015636682510376,-0.03805418312549591,0.30554407835006714,0.46161213517189026,-0.046466004103422165,0.27460604906082153,0.6321444511413574,-0.022386949509382248,0.2770763635635376,0.5636391043663025,-0.03142731636762619,0.28013572096824646,0.5194354057312012,-0.04032137244939804,0.281732976436615,0.4825862646102905,-0.04732460901141167,0.24861787259578705,0.6496471762657166,-0.029305946081876755,0.25065216422080994,0.5981155633926392,-0.03775355592370033,0.2532482147216797,0.5637896060943604,-0.04241516441106796,0.2548576593399048,0.5326996445655823,-0.04625464230775833,b
0.26118069887161255,0.7937413454055786,2.1707555220018548e-07,0.30051565170288086,0.775739312171936,-0.01690160110592842,0.33022069931030273,0.7267616391181946,-0.023731190711259842,0.327012300491333,0.6796658039093018,-0.029803086072206497,0.3000040650367737,0.6635624170303345,-0.036418378353118896,0.3195250630378723,0.6354213953018188,-0.014829020947217941,0.3245089650154114,0.5679750442504883,-0.026985839009284973,0.32469210028648376,0.5262147188186646,-0.03788338601589203,0.32397085428237915,0.490570604801178,-0.046195484697818756,0.29347360134124756,0.6266962885856628,-0.01766791380941868,0.2979705035686493,0.550227165222168,-0.027963142842054367,0.2998839020729065,0.500494658946991,-0.03865842893719673,0.3000236749649048,0.460379421710968,-0.047057006508111954,0.2692010700702667,0.6332548260688782,-0.02261863648891449,0.2705324590206146,0.5631324052810669,-0.03235316649079323,0.2733290195465088,0.5185953378677368,-0.0414847694337368,0.2747964560985565,0.48210573196411133,-0.04844485968351364,0.2434702217578888,0.6512327194213867,-0.029577484354376793,0.24516038596630096,0.5975046753883362,-0.03864321857690811,0.24824023246765137,0.5622738003730774,-0.04368044063448906,0.25104954838752747,0.5304412245750427,-0.047689713537693024,b
0.2567298710346222,0.7945590615272522,2.2951752498556743e-07,0.2960202693939209,0.7759600281715393,-0.018009250983595848,0.32578521966934204,0.7297903299331665,-0.02648400142788887,0.3209128677845001,0.6837351322174072,-0.0339866541326046,0.2940795123577118,0.6691306233406067,-0.04206712916493416,0.3164312541484833,0.6371638178825378,-0.017399771139025688,0.32143107056617737,0.5697026252746582,-0.030404020100831985,0.32154202461242676,0.5283724665641785,-0.04184338077902794,0.3207341134548187,0.4922947883605957,-0.05059179663658142,0.2895262837409973,0.6282819509506226,-0.020194988697767258,0.29498204588890076,0.551912784576416,-0.03150084614753723,0.29686883091926575,0.5024412274360657,-0.042615775018930435,0.2972222566604614,0.4615613520145416,-0.05115237459540367,0.26458752155303955,0.6347802877426147,-0.025026720017194748,0.2672671675682068,0.5635054707527161,-0.035387519747018814,0.27107977867126465,0.5188267827033997,-0.04449893906712532,0.27359530329704285,0.4812788963317871,-0.05133695527911186,0.23855482041835785,0.652800977230072,-0.03189990669488907,0.241251602768898,0.5984666347503662,-0.04117507487535477,0.2458842694759369,0.563223659992218,-0.04591662064194679,0.2504860758781433,0.530968189239502,-0.04960089176893234,b
0.25171545147895813,0.7955891489982605,2.3866832066232746e-07,0.29211750626564026,0.7794700264930725,-0.019252365455031395,0.3214963674545288,0.7333507537841797,-0.02767837792634964,0.314336895942688,0.6868107318878174,-0.03483515605330467,0.28759822249412537,0.6721033453941345,-0.042410239577293396,0.31428638100624084,0.6419914960861206,-0.01844259910285473,0.32051607966423035,0.5733994245529175,-0.03150680661201477,0.32054460048675537,0.5309058427810669,-0.042754918336868286,0.3189880847930908,0.49429023265838623,-0.051188401877880096,0.2872159481048584,0.6321476101875305,-0.02029755711555481,0.29384735226631165,0.5552972555160522,-0.031471025198698044,0.29543283581733704,0.5047975778579712,-0.04233848303556442,0.29494568705558777,0.4636635184288025,-0.0505547858774662,0.26188555359840393,0.637232780456543,-0.024271586909890175,0.2655586302280426,0.5658572316169739,-0.034483518451452255,0.26910823583602905,0.5210522413253784,-0.043618928641080856,0.27070534229278564,0.48428618907928467,-0.05029599741101265,0.2350325584411621,0.6535770893096924,-0.030382482334971428,0.23818917572498322,0.5997795462608337,-0.03941555321216583,0.24256660044193268,0.5647444725036621,-0.044185299426317215,0.2468748390674591,0.5330222249031067,-0.047802675515413284,b
0.24896377325057983,0.8009878993034363,2.3548841454612557e-07,0.290864497423172,0.7845679521560669,-0.018175611272454262,0.3185954689979553,0.7361504435539246,-0.02560465782880783,0.31008705496788025,0.6900873780250549,-0.032009512186050415,0.2827538847923279,0.6763741970062256,-0.03899725526571274,0.3098260760307312,0.6442413330078125,-0.01636379212141037,0.3157730996608734,0.577195942401886,-0.029024193063378334,0.3160836696624756,0.5348853468894958,-0.04040352255105972,0.3146251440048218,0.4979945421218872,-0.04920771345496178,0.28309202194213867,0.6344472765922546,-0.018662383779883385,0.29025739431381226,0.5589027404785156,-0.02953280881047249,0.29337257146835327,0.5086886882781982,-0.04052640125155449,0.2941862940788269,0.46701136231422424,-0.049065668135881424,0.2577539384365082,0.6401999592781067,-0.023143665865063667,0.26136314868927,0.5694053769111633,-0.03332897275686264,0.2658509314060211,0.5254223942756653,-0.04276208207011223,0.26822376251220703,0.48878735303878784,-0.04974593594670296,0.23104199767112732,0.6574644446372986,-0.02969009429216385,0.2336161732673645,0.6034488677978516,-0.038752708584070206,0.23823902010917664,0.5683818459510803,-0.04380972683429718,0.24276675283908844,0.536566972732544,-0.04782852157950401,b
0.24414435029029846,0.8050845861434937,2.470978301971627e-07,0.28542494773864746,0.7884182929992676,-0.01937173120677471,0.3158397674560547,0.7414205074310303,-0.02767278626561165,0.3070972263813019,0.6951128244400024,-0.034690335392951965,0.27856016159057617,0.681547224521637,-0.042140208184719086,0.3077477216720581,0.6494142413139343,-0.017324775457382202,0.313222736120224,0.5823319554328918,-0.030216911807656288,0.31327953934669495,0.5403058528900146,-0.04175182804465294,0.31232088804244995,0.5033385753631592,-0.05062456429004669,0.28021591901779175,0.6387165188789368,-0.01910007745027542,0.2872909605503082,0.563265323638916,-0.030347462743520737,0.2904960811138153,0.5123804807662964,-0.041568417102098465,0.2918822467327118,0.4702686071395874,-0.050089385360479355,0.2549394369125366,0.6437554955482483,-0.023072751238942146,0.25849926471710205,0.573358952999115,-0.03357713669538498,0.26271700859069824,0.5290374755859375,-0.04289453849196434,0.2649511992931366,0.492548406124115,-0.049595776945352554,0.22880400717258453,0.660679280757904,-0.029205037280917168,0.23305724561214447,0.6071882247924805,-0.038296494632959366,0.23831576108932495,0.572323203086853,-0.04296279326081276,0.2433251589536667,0.5407611131668091,-0.04654596000909805,b
0.2429712414741516,0.8088048100471497,2.4741422066654195e-07,0.2847044765949249,0.7938708066940308,-0.017893481999635696,0.31341513991355896,0.7462944984436035,-0.02494891546666622,0.3036334216594696,0.7008477449417114,-0.03101488947868347,0.27612704038619995,0.6865348219871521,-0.037669435143470764,0.30547869205474854,0.6529264450073242,-0.01564735174179077,0.3112407922744751,0.5856254696846008,-0.02798854373395443,0.31174609065055847,0.5430809855461121,-0.03909898176789284,0.3108627200126648,0.505476713180542,-0.04767416790127754,0.2785305976867676,0.6424078345298767,-0.01782490871846676,0.2854321002960205,0.5661589503288269,-0.028515633195638657,0.2889135181903839,0.5149244070053101,-0.03965838626027107,0.2904399335384369,0.4718436896800995,-0.04818153381347656,0.2534846067428589,0.6470065712928772,-0.022085940465331078,0.25703683495521545,0.5761091113090515,-0.03203433379530907,0.2612510025501251,0.5310801267623901,-0.04130064696073532,0.263712614774704,0.49273496866226196,-0.04804500564932823,0.22723090648651123,0.6631554961204529,-0.028388511389493942,0.23099654912948608,0.6091493368148804,-0.036864813417196274,0.23677867650985718,0.5746705532073975,-0.04125913232564926,0.24269507825374603,0.5432617664337158,-0.044735051691532135,b
0.23988869786262512,0.8108047842979431,2.5699071670715057e-07,0.28147563338279724,0.7972311973571777,-0.019900798797607422,0.3121340572834015,0.7509848475456238,-0.028150899335741997,0.30508649349212646,0.702883780002594,-0.03498712182044983,0.2768324613571167,0.6890507340431213,-0.04234996810555458,0.30513831973075867,0.654342770576477,-0.01812038943171501,0.3109992742538452,0.5865746736526489,-0.03077920898795128,0.31112563610076904,0.5436272025108337,-0.0422426201403141,0.30983808636665344,0.5055327415466309,-0.05122026801109314,0.27784615755081177,0.6433308720588684,-0.019801264628767967,0.28542134165763855,0.5670793056488037,-0.030729159712791443,0.28892672061920166,0.5161305665969849,-0.04208281636238098,0.2906280755996704,0.47334957122802734,-0.050787296146154404,0.2524579167366028,0.6481555104255676,-0.0236281119287014,0.2565700113773346,0.5773509740829468,-0.0340193435549736,0.26072314381599426,0.5317697525024414,-0.04355521500110626,0.26316550374031067,0.49318045377731323,-0.050486646592617035,0.2258773297071457,0.6651684641838074,-0.02965906821191311,0.22988107800483704,0.6106849312782288,-0.038757216185331345,0.2355724573135376,0.5759040713310242,-0.04338209703564644,0.2415689378976822,0.5443742871284485,-0.046950168907642365,b
0.24047651886940002,0.811680793762207,2.6442086209499394e-07,0.2833276391029358,0.7958506941795349,-0.018450025469064713,0.31388407945632935,0.7478360533714294,-0.025853775441646576,0.3034377098083496,0.7008628249168396,-0.03208545595407486,0.2739030122756958,0.6912860870361328,-0.03900862857699394,0.3045091927051544,0.6543533205986023,-0.016867632046341896,0.31096935272216797,0.5871555805206299,-0.028860582038760185,0.31161928176879883,0.5441431999206543,-0.03990871459245682,0.3107532262802124,0.5059812664985657,-0.04880289360880852,0.2767544686794281,0.6436671614646912,-0.019368726760149002,0.284489244222641,0.5671584010124207,-0.029852109029889107,0.28872665762901306,0.5155735611915588,-0.04120199382305145,0.290768563747406,0.47246062755584717,-0.05017898604273796,0.2512606978416443,0.6489853858947754,-0.02391853556036949,0.25537562370300293,0.5784969329833984,-0.03397715464234352,0.26035141944885254,0.5326613187789917,-0.04408213123679161,0.26344791054725647,0.49405819177627563,-0.05167696252465248,0.22501292824745178,0.66615229845047,-0.030551841482520103,0.22892598807811737,0.6116032004356384,-0.03932792320847511,0.23462629318237305,0.5766254663467407,-0.04423210769891739,0.24042601883411407,0.5450423359870911,-0.048346828669309616,b
0.2398446649312973,0.8130576610565186,2.721089913393371e-07,0.2816827893257141,0.7974328994750977,-0.02017558552324772,0.31353551149368286,0.7487883567810059,-0.028254184871912003,0.3040081262588501,0.699283242225647,-0.034787777811288834,0.27368074655532837,0.6884503960609436,-0.0416993610560894,0.3044411540031433,0.6550215482711792,-0.017728157341480255,0.3111644983291626,0.5863109230995178,-0.029799476265907288,0.3118886649608612,0.5432655215263367,-0.04084477201104164,0.3112131357192993,0.5055958032608032,-0.04963219165802002,0.2769058346748352,0.644105851650238,-0.019255978986620903,0.2844151258468628,0.566746711730957,-0.029530616477131844,0.2885143458843231,0.5154989957809448,-0.04060804843902588,0.2906746566295624,0.47369688749313354,-0.04925355315208435,0.25166335701942444,0.649237871170044,-0.022987186908721924,0.2559889853000641,0.5777801275253296,-0.0327969454228878,0.26082661747932434,0.5315583348274231,-0.04276759922504425,0.263895183801651,0.4935925006866455,-0.05027918517589569,0.225086972117424,0.666713535785675,-0.028989216312766075,0.228540301322937,0.6139072775840759,-0.03767228126525879,0.2334907054901123,0.5792368054389954,-0.04259597882628441,0.2382703572511673,0.5483527779579163,-0.04663363844156265,b
0.23913054168224335,0.8127908110618591,2.588036807082972e-07,0.2808530330657959,0.7962333559989929,-0.01994137465953827,0.31276217103004456,0.7491376399993896,-0.028271904215216637,0.304401159286499,0.6991441249847412,-0.035132311284542084,0.2758227586746216,0.6819131374359131,-0.04233572632074356,0.30373305082321167,0.6540066599845886,-0.017723683267831802,0.3100578486919403,0.5851266980171204,-0.030278898775577545,0.31068891286849976,0.5420297980308533,-0.04155661538243294,0.3106958568096161,0.5042443871498108,-0.05032937601208687,0.2760564088821411,0.6426704525947571,-0.019155828282237053,0.2830641567707062,0.5656062364578247,-0.02977232076227665,0.2870017886161804,0.514194130897522,-0.041019536554813385,0.2896825075149536,0.47251033782958984,-0.049796950072050095,0.25051066279411316,0.647463858127594,-0.022803395986557007,0.2542232871055603,0.5762501955032349,-0.032828375697135925,0.2592640221118927,0.5299755930900574,-0.042877525091171265,0.26283952593803406,0.4921545386314392,-0.050478920340538025,0.22379931807518005,0.6646238565444946,-0.028653765097260475,0.2267681509256363,0.6115351319313049,-0.03779253363609314,0.2312314361333847,0.5764169692993164,-0.04303092509508133,0.23542803525924683,0.545322060585022,-0.04716940224170685,b
0.23904480040073395,0.8106446862220764,2.602085373837326e-07,0.2801099121570587,0.7906863689422607,-0.01959828846156597,0.3114693760871887,0.7435126900672913,-0.027491195127367973,0.2989311218261719,0.6962843537330627,-0.0339319072663784,0.2689603269100189,0.6799400448799133,-0.040540408343076706,0.30194753408432007,0.651811420917511,-0.016097117215394974,0.3082129955291748,0.5829504728317261,-0.028191693127155304,0.30844032764434814,0.539760172367096,-0.039148468524217606,0.30767250061035156,0.5017052888870239,-0.047423940151929855,0.27374669909477234,0.6396070122718811,-0.017530929297208786,0.2805435061454773,0.5630210041999817,-0.027322174981236458,0.2837796211242676,0.5115246772766113,-0.038036197423934937,0.28586938977241516,0.46913671493530273,-0.04633713886141777,0.24819576740264893,0.6437621116638184,-0.02122565358877182,0.2511730492115021,0.5743429660797119,-0.030056478455662727,0.25578776001930237,0.5289592742919922,-0.039082057774066925,0.2593885064125061,0.4914935231208801,-0.045840684324502945,0.22182513773441315,0.6607014536857605,-0.027209268882870674,0.22410288453102112,0.6067935824394226,-0.034650884568691254,0.22758327424526215,0.5722354650497437,-0.038252707570791245,0.23075316846370697,0.5417317748069763,-0.04112585633993149,b
0.23560255765914917,0.806883692741394,2.683979403172998e-07,0.2764149606227875,0.7880604267120361,-0.020568972453475,0.30683982372283936,0.7400076389312744,-0.02853279747068882,0.2944968640804291,0.6909126043319702,-0.034763678908348083,0.26589271426200867,0.675395131111145,-0.04107204079627991,0.2983797490596771,0.6490241885185242,-0.017433546483516693,0.3041137158870697,0.57967609167099,-0.02966112270951271,0.30442947149276733,0.5360537767410278,-0.04058682918548584,0.3040628731250763,0.49810805916786194,-0.04883211851119995,0.2706015408039093,0.6366693377494812,-0.018182942643761635,0.27753761410713196,0.5590221881866455,-0.027985792607069016,0.28117892146110535,0.506892740726471,-0.03836004063487053,0.2838795781135559,0.4643935263156891,-0.046344440430402756,0.24559491872787476,0.6406518220901489,-0.021225489675998688,0.24856816232204437,0.5710449814796448,-0.030172765254974365,0.2527110278606415,0.5262875556945801,-0.038984429091215134,0.25596433877944946,0.4900103807449341,-0.045562196522951126,0.21937762200832367,0.6577284336090088,-0.0266276802867651,0.22092777490615845,0.605571985244751,-0.03435872495174408,0.2244148701429367,0.5716673135757446,-0.03817877918481827,0.22773174941539764,0.5414643883705139,-0.04118100553750992,b
0.23409421741962433,0.8056025505065918,2.7049782147514634e-07,0.2762114703655243,0.7842627167701721,-0.019753077998757362,0.30585771799087524,0.7339935302734375,-0.026572391390800476,0.29178935289382935,0.6862338781356812,-0.031911831349134445,0.2636236846446991,0.6702620387077332,-0.037318941205739975,0.2950908839702606,0.6447364091873169,-0.013896488584578037,0.3003319501876831,0.5770100951194763,-0.025215357542037964,0.300841748714447,0.5343104600906372,-0.03609934821724892,0.3007841408252716,0.49616414308547974,-0.04450121521949768,0.2668200731277466,0.6331026554107666,-0.01490853726863861,0.27232468128204346,0.5566542148590088,-0.02412549778819084,0.27631455659866333,0.5051456093788147,-0.03490842506289482,0.2797127068042755,0.4622519612312317,-0.04344988241791725,0.24138981103897095,0.6376466751098633,-0.01838955469429493,0.2431102693080902,0.5692384839057922,-0.027349364012479782,0.24756589531898499,0.52384352684021,-0.036870915442705154,0.25140053033828735,0.48663029074668884,-0.04391688108444214,0.21542684733867645,0.6544360518455505,-0.02417895942926407,0.2168523073196411,0.600654125213623,-0.03190804645419121,0.22034424543380737,0.5667319297790527,-0.03579607978463173,0.22380514442920685,0.5371207594871521,-0.03892872482538223,b
0.23111099004745483,0.8030374646186829,2.611486706882715e-07,0.27301231026649475,0.7820611000061035,-0.019238634034991264,0.3012236952781677,0.7315527200698853,-0.026186274364590645,0.28612470626831055,0.6836637854576111,-0.03177429735660553,0.2572386562824249,0.6697827577590942,-0.03755030035972595,0.29079559445381165,0.6427291035652161,-0.014499902725219727,0.2954322397708893,0.574795126914978,-0.0260995514690876,0.296064168214798,0.5315117239952087,-0.036987707018852234,0.2958943247795105,0.4934207499027252,-0.045359667390584946,0.26265230774879456,0.6314526796340942,-0.01571957767009735,0.2678787112236023,0.5556634068489075,-0.025110598653554916,0.2712516486644745,0.5053984522819519,-0.03554500639438629,0.2737725079059601,0.4640444219112396,-0.043738722801208496,0.23747000098228455,0.6358540058135986,-0.019295336678624153,0.2391127645969391,0.5672604441642761,-0.028027554973959923,0.24382993578910828,0.5230449438095093,-0.03692770004272461,0.2477276474237442,0.48678821325302124,-0.0435473658144474,0.21176427602767944,0.6519768238067627,-0.025156661868095398,0.21311601996421814,0.5978032946586609,-0.03262310475111008,0.21722052991390228,0.5642932057380676,-0.03624625876545906,0.2214023917913437,0.5350538492202759,-0.03915145620703697,b
0.22768257558345795,0.8008486032485962,2.5554044214004534e-07,0.2680460214614868,0.7809991836547852,-0.020838934928178787,0.2973168194293976,0.7309574484825134,-0.028616352006793022,0.2841428220272064,0.6820845603942871,-0.034704744815826416,0.25501468777656555,0.6675874590873718,-0.04085301607847214,0.2878212332725525,0.6401007175445557,-0.016006136313080788,0.2916485071182251,0.5719098448753357,-0.028126899152994156,0.29145902395248413,0.5286853313446045,-0.039298541843891144,0.2908540368080139,0.49149617552757263,-0.04781181737780571,0.25939854979515076,0.6289306282997131,-0.016534985974431038,0.2636072337627411,0.5533115863800049,-0.026401039212942123,0.26601216197013855,0.5034773349761963,-0.03701959550380707,0.26826849579811096,0.46379464864730835,-0.04519939422607422,0.23422351479530334,0.6342769265174866,-0.019541971385478973,0.23534634709358215,0.5659837126731873,-0.028801271691918373,0.2393450289964676,0.5215303897857666,-0.03790068253874779,0.24305033683776855,0.48578566312789917,-0.04462110996246338,0.20860731601715088,0.6522741317749023,-0.024974042549729347,0.2098134607076645,0.600156307220459,-0.03317935764789581,0.21324624121189117,0.5667874813079834,-0.037317030131816864,0.21679556369781494,0.5376684665679932,-0.04045688360929489,b
0.2259887158870697,0.7989616990089417,2.581879243734875e-07,0.2655174136161804,0.779653787612915,-0.021481020376086235,0.2936429977416992,0.7340472936630249,-0.030494097620248795,0.27878880500793457,0.6895986199378967,-0.03780873492360115,0.252996027469635,0.670143723487854,-0.045041799545288086,0.28551822900772095,0.6396549344062805,-0.017046714201569557,0.2885185182094574,0.5709041953086853,-0.0304221473634243,0.2884305417537689,0.527202308177948,-0.042179081588983536,0.28768473863601685,0.4895921051502228,-0.050746262073516846,0.2570444643497467,0.6292749643325806,-0.017444202676415443,0.26100221276283264,0.5531251430511475,-0.02865278348326683,0.26319199800491333,0.5030558109283447,-0.03989645466208458,0.2652857005596161,0.46302419900894165,-0.04815922677516937,0.23172377049922943,0.6343315839767456,-0.020426563918590546,0.23287124931812286,0.5654553771018982,-0.03065488673746586,0.23721741139888763,0.520470917224884,-0.03993448615074158,0.2416236251592636,0.48353028297424316,-0.046468935906887054,0.2057400792837143,0.6516246199607849,-0.025826025754213333,0.20715774595737457,0.5988508462905884,-0.034609392285346985,0.21132642030715942,0.5654182434082031,-0.03882964327931404,0.21618372201919556,0.5356245636940002,-0.04173704981803894,b
0.22559772431850433,0.799582302570343,2.509560488306306e-07,0.26584261655807495,0.7789185047149658,-0.0198045764118433,0.29232993721961975,0.730536937713623,-0.0274102371186018,0.2756648659706116,0.6864420771598816,-0.03349333629012108,0.24901868402957916,0.6704114079475403,-0.03955402597784996,0.28347456455230713,0.6387454271316528,-0.014820851385593414,0.28651201725006104,0.5708112716674805,-0.02703041210770607,0.28555306792259216,0.5273774862289429,-0.03806863725185394,0.28348249197006226,0.49028801918029785,-0.04630345478653908,0.25541624426841736,0.6285828948020935,-0.015555005520582199,0.25973063707351685,0.553586483001709,-0.025504814460873604,0.2616759240627289,0.5036700367927551,-0.036103274673223495,0.2629603147506714,0.46390974521636963,-0.044063545763492584,0.23032380640506744,0.6341671943664551,-0.01878390833735466,0.2312987595796585,0.565915048122406,-0.02796417661011219,0.23506756126880646,0.5217057466506958,-0.037266865372657776,0.2382110059261322,0.48572254180908203,-0.04404900223016739,0.20453782379627228,0.6522458791732788,-0.02427881397306919,0.20570015907287598,0.6009517312049866,-0.03223033994436264,0.20960372686386108,0.5680405497550964,-0.03650372475385666,0.21390485763549805,0.5387402772903442,-0.03972111642360687,b
0.22453990578651428,0.7984229922294617,2.4206696025430574e-07,0.26444822549819946,0.7782997488975525,-0.019274208694696426,0.29051563143730164,0.7286535501480103,-0.026361970230937004,0.27499595284461975,0.683556318283081,-0.03197565674781799,0.24702878296375275,0.6705421805381775,-0.037622131407260895,0.28211265802383423,0.6376139521598816,-0.01379832811653614,0.2847164273262024,0.5714893341064453,-0.025165459141135216,0.2834189534187317,0.5290336012840271,-0.03602074831724167,0.2810715436935425,0.49229520559310913,-0.04441496357321739,0.25419166684150696,0.6271510124206543,-0.014794985763728619,0.2577485740184784,0.5526109933853149,-0.024004291743040085,0.2596345841884613,0.5035786628723145,-0.034292321652173996,0.26090896129608154,0.46383440494537354,-0.042296797037124634,0.22927837073802948,0.6320958733558655,-0.018232004716992378,0.23015406727790833,0.5639874339103699,-0.026850590482354164,0.2341727763414383,0.5193169713020325,-0.03572835028171539,0.23749502003192902,0.4827733635902405,-0.04235325753688812,0.20397281646728516,0.6491906046867371,-0.023949772119522095,0.20513030886650085,0.595364511013031,-0.03133316710591316,0.20952831208705902,0.561522901058197,-0.03507198765873909,0.21468040347099304,0.5314702987670898,-0.038091596215963364,b
0.22372972965240479,0.7993991374969482,2.4062615011644084e-07,0.26448285579681396,0.7775629758834839,-0.017799366265535355,0.2907494306564331,0.7259688973426819,-0.023723144084215164,0.27463823556900024,0.6818045377731323,-0.028377821668982506,0.24651727080345154,0.6705463528633118,-0.033010657876729965,0.2808522582054138,0.6365343928337097,-0.011238163337111473,0.2836900055408478,0.5699822902679443,-0.021781522780656815,0.28266945481300354,0.5272347331047058,-0.03197094053030014,0.28049707412719727,0.4908331036567688,-0.03983660042285919,0.25303927063941956,0.625968873500824,-0.012664193287491798,0.2570313811302185,0.5517743825912476,-0.020923888310790062,0.25946807861328125,0.5030242204666138,-0.03053838200867176,0.26108139753341675,0.46409958600997925,-0.037945330142974854,0.2282850444316864,0.6306166648864746,-0.016538849100470543,0.22921724617481232,0.5623922944068909,-0.0245518796145916,0.2335500419139862,0.517777681350708,-0.03311903774738312,0.23710225522518158,0.4818626642227173,-0.03943326696753502,0.20335376262664795,0.6476729512214661,-0.022565243765711784,0.20412108302116394,0.5938894152641296,-0.02937513217329979,0.2088446170091629,0.5600751042366028,-0.0326399952173233,0.214322030544281,0.530590295791626,-0.035294365137815475,b
0.2219930738210678,0.797348141670227,2.5600081698939903e-07,0.2619367837905884,0.7755110263824463,-0.02013785019516945,0.28999119997024536,0.7264022827148438,-0.027810802683234215,0.2742882966995239,0.6806933283805847,-0.03376315161585808,0.24577219784259796,0.6660297513008118,-0.039696723222732544,0.28006890416145325,0.6362239122390747,-0.014541622251272202,0.2828231155872345,0.5700541734695435,-0.02618912048637867,0.2822479009628296,0.5281256437301636,-0.0370626263320446,0.2812075912952423,0.49136102199554443,-0.0453910231590271,0.25201553106307983,0.6245779991149902,-0.015416814014315605,0.256897509098053,0.5502949357032776,-0.024834109470248222,0.2595406174659729,0.5008831024169922,-0.035153359174728394,0.26178857684135437,0.46013328433036804,-0.04307384788990021,0.22710773348808289,0.6288846135139465,-0.018824614584445953,0.22903425991535187,0.5608996748924255,-0.027852613478899002,0.2339009791612625,0.5158615708351135,-0.03676772490143776,0.23841887712478638,0.4786132276058197,-0.043282583355903625,0.20187990367412567,0.645835280418396,-0.02454947493970394,0.20335963368415833,0.5917931795120239,-0.032101552933454514,0.20819318294525146,0.5580028295516968,-0.035490136593580246,0.21380528807640076,0.5279618501663208,-0.038192566484212875,b
0.22360381484031677,0.7936280965805054,2.661176949914079e-07,0.26234009861946106,0.7697758078575134,-0.019430948421359062,0.2892516553401947,0.7223085165023804,-0.027541862800717354,0.2727091908454895,0.6785011887550354,-0.034165143966674805,0.24395903944969177,0.6634313464164734,-0.040727872401475906,0.2790350615978241,0.633298933506012,-0.014423435553908348,0.2821633517742157,0.566761314868927,-0.026302745565772057,0.2819916307926178,0.5249139666557312,-0.03718491643667221,0.2812679409980774,0.4879586696624756,-0.04539782926440239,0.25143852829933167,0.6224759817123413,-0.015740977600216866,0.25628015398979187,0.5481431484222412,-0.02517995610833168,0.2587102949619293,0.4987534284591675,-0.035327039659023285,0.2604651153087616,0.45797502994537354,-0.043145786970853806,0.22693032026290894,0.6270098090171814,-0.019517043605446815,0.22827915847301483,0.5595662593841553,-0.02825208567082882,0.23257282376289368,0.5152238607406616,-0.03664734587073326,0.2365230768918991,0.47844165563583374,-0.04283272102475166,0.20215262472629547,0.6440815925598145,-0.025595227256417274,0.20350247621536255,0.590955376625061,-0.03277018293738365,0.20846906304359436,0.5574491620063782,-0.03581961989402771,0.2141507863998413,0.5275120139122009,-0.03827660530805588,b
0.22321514785289764,0.7918424606323242,2.6997977897735836e-07,0.2618264853954315,0.7686066627502441,-0.02039404772222042,0.2874852418899536,0.7198538780212402,-0.028445366770029068,0.2678508460521698,0.676134467124939,-0.03465978428721428,0.23878295719623566,0.6608075499534607,-0.04052061215043068,0.2796902060508728,0.6315560340881348,-0.014532206580042839,0.28343355655670166,0.5649951100349426,-0.02611011639237404,0.28259602189064026,0.5229715704917908,-0.036665454506874084,0.28048864006996155,0.4867658019065857,-0.04454806447029114,0.25207751989364624,0.6196779012680054,-0.015033179894089699,0.2571493685245514,0.5451688170433044,-0.02397933229804039,0.2592581808567047,0.4963415265083313,-0.0335974395275116,0.2605747580528259,0.4565882086753845,-0.040845759212970734,0.22728104889392853,0.6236388683319092,-0.018110407516360283,0.22909913957118988,0.5552569627761841,-0.026405222713947296,0.23382653295993805,0.5115891098976135,-0.03448263555765152,0.23807203769683838,0.47565606236457825,-0.04036019369959831,0.20175348222255707,0.640528678894043,-0.02354193665087223,0.20265233516693115,0.5878975987434387,-0.030377577990293503,0.20749802887439728,0.5549125671386719,-0.03318619355559349,0.21317993104457855,0.5256521701812744,-0.03533381223678589,b
0.22022612392902374,0.7914681434631348,2.401292533704691e-07,0.2590501606464386,0.7707200646400452,-0.020596355199813843,0.2865985333919525,0.7208080291748047,-0.028100797906517982,0.27202966809272766,0.6734063029289246,-0.03367815539240837,0.2434648722410202,0.6572026610374451,-0.038955122232437134,0.27919310331344604,0.6296291351318359,-0.014079024083912373,0.2828730344772339,0.5633318424224854,-0.025318967178463936,0.2813645005226135,0.5218305587768555,-0.03598202019929886,0.2785032391548157,0.48579859733581543,-0.04409468173980713,0.25162947177886963,0.6174365878105164,-0.014316106215119362,0.25681808590888977,0.5431067943572998,-0.023078683763742447,0.25907158851623535,0.4946122169494629,-0.03278092294931412,0.2601502537727356,0.4545685350894928,-0.040197718888521194,0.22695206105709076,0.6215742230415344,-0.01715894043445587,0.2283167541027069,0.5541611909866333,-0.0256166011095047,0.23262476921081543,0.5109720826148987,-0.03376799076795578,0.23603810369968414,0.47533559799194336,-0.039695292711257935,0.2015732377767563,0.6386328339576721,-0.02240450121462345,0.2028379589319229,0.5857435464859009,-0.029641101136803627,0.20744940638542175,0.5528945922851562,-0.0327228307723999,0.2126723676919937,0.5237216949462891,-0.03507215529680252,b
0.22074279189109802,0.7889548540115356,2.485097638782463e-07,0.25910359621047974,0.7673161029815674,-0.021152306348085403,0.2859882116317749,0.7188074588775635,-0.029221119359135628,0.2686125934123993,0.6724701523780823,-0.035370346158742905,0.24030673503875732,0.6565948128700256,-0.041125889867544174,0.27934691309928894,0.6267921924591064,-0.014745422638952732,0.2826349139213562,0.5604456663131714,-0.02622044086456299,0.2811145484447479,0.5180779695510864,-0.03697867691516876,0.2783425450325012,0.48069635033607483,-0.04522877559065819,0.25199776887893677,0.6143670082092285,-0.014956087805330753,0.2566494643688202,0.5403257608413696,-0.023846110329031944,0.25869157910346985,0.49163109064102173,-0.03350082039833069,0.25972238183021545,0.45121294260025024,-0.04100235551595688,0.2275647073984146,0.6181473731994629,-0.01784740947186947,0.22775352001190186,0.5510901808738708,-0.026380259543657303,0.2315693199634552,0.5082609057426453,-0.03433193638920784,0.23463378846645355,0.4726921319961548,-0.040151555091142654,0.20254118740558624,0.634979784488678,-0.023261243477463722,0.2033936232328415,0.5816897749900818,-0.03039892204105854,0.20790189504623413,0.5487771034240723,-0.03335072845220566,0.21284431219100952,0.5195272564888,-0.035667940974235535,b
0.22071175277233124,0.7863602638244629,2.5121155999840994e-07,0.2585847079753876,0.764519989490509,-0.022472163662314415,0.2867276072502136,0.7160043716430664,-0.03125105798244476,0.2717748284339905,0.6675181984901428,-0.037858013063669205,0.24258065223693848,0.6516281962394714,-0.04400008171796799,0.2800971567630768,0.6253377199172974,-0.01590719260275364,0.28440651297569275,0.5595566034317017,-0.027835974469780922,0.28240907192230225,0.5177873373031616,-0.039010994136333466,0.27904579043388367,0.4805701971054077,-0.04759350046515465,0.25272467732429504,0.6123335957527161,-0.015723757445812225,0.2585304379463196,0.5381633043289185,-0.025004005059599876,0.2601768374443054,0.4894004762172699,-0.03495904803276062,0.26061058044433594,0.44889140129089355,-0.042645957320928574,0.22819793224334717,0.6160633563995361,-0.01829966902732849,0.22939433157444,0.5488535761833191,-0.02725721150636673,0.2328929901123047,0.5059720277786255,-0.035518351942300797,0.23547804355621338,0.4704660177230835,-0.04154573008418083,0.20299015939235687,0.6331290006637573,-0.02351260744035244,0.20450934767723083,0.5810037851333618,-0.031100137159228325,0.20908775925636292,0.5483497381210327,-0.0343802236020565,0.21403926610946655,0.5192432999610901,-0.0369124561548233,b
0.22198569774627686,0.7819257974624634,2.319978875675588e-07,0.2607343792915344,0.7615055441856384,-0.020964769646525383,0.287723183631897,0.7111512422561646,-0.02843436226248741,0.27264925837516785,0.6618468165397644,-0.03395026922225952,0.24443556368350983,0.6450563669204712,-0.03898164629936218,0.28247252106666565,0.6218162775039673,-0.014039687812328339,0.2863059639930725,0.5553575754165649,-0.025605592876672745,0.28374600410461426,0.5135642886161804,-0.0363142304122448,0.27957072854042053,0.4777390658855438,-0.04432663694024086,0.2545347809791565,0.6086861491203308,-0.013821796514093876,0.25934121012687683,0.5347429513931274,-0.022636303678154945,0.2608844041824341,0.48671427369117737,-0.03193527087569237,0.2614702880382538,0.4473855495452881,-0.03901674598455429,0.22957557439804077,0.6118646264076233,-0.01633877493441105,0.2300003618001938,0.544379472732544,-0.024855755269527435,0.2335813045501709,0.5024327039718628,-0.032746657729148865,0.23632748425006866,0.4681479334831238,-0.03845660760998726,0.20410196483135223,0.6281561851501465,-0.0213612150400877,0.20519137382507324,0.5767949819564819,-0.02859320119023323,0.20992635190486908,0.5449610948562622,-0.031816888600587845,0.21501731872558594,0.5169881582260132,-0.03422396257519722,b
0.22512999176979065,0.7776828408241272,2.2364737617408537e-07,0.2638303339481354,0.7573429346084595,-0.020720310509204865,0.29008620977401733,0.7073483467102051,-0.028032103553414345,0.2775588035583496,0.6570425033569336,-0.03333316743373871,0.2497580200433731,0.6379956007003784,-0.038044147193431854,0.28423380851745605,0.6190164685249329,-0.013203093782067299,0.2889285087585449,0.5536078214645386,-0.0237087644636631,0.28717488050460815,0.5132682919502258,-0.03387453779578209,0.28443285822868347,0.47835221886634827,-0.041627950966358185,0.25690191984176636,0.6053851842880249,-0.012526821345090866,0.26129305362701416,0.5325308442115784,-0.020315861329436302,0.26273229718208313,0.48546290397644043,-0.029129061847925186,0.2631753385066986,0.44699496030807495,-0.03603094816207886,0.23225539922714233,0.608160674571991,-0.014514663256704807,0.23179081082344055,0.5419697761535645,-0.02216591313481331,0.23565930128097534,0.5011532306671143,-0.02961999736726284,0.23841749131679535,0.4685872793197632,-0.03510851413011551,0.20753860473632812,0.6237131953239441,-0.018971575424075127,0.20815426111221313,0.5722590684890747,-0.025645751506090164,0.2126481831073761,0.5413334965705872,-0.028547264635562897,0.21730554103851318,0.5154545903205872,-0.030713429674506187,b
0.22621840238571167,0.7736161947250366,2.1441209696604346e-07,0.26543155312538147,0.7540801167488098,-0.019048240035772324,0.29211243987083435,0.7040526866912842,-0.025562163442373276,0.27976951003074646,0.6567443609237671,-0.03045620582997799,0.25166061520576477,0.6446364521980286,-0.03521053120493889,0.2873257100582123,0.6165250539779663,-0.012938751839101315,0.2910764515399933,0.5517892241477966,-0.023097993806004524,0.28948530554771423,0.5112460851669312,-0.03299926593899727,0.286693274974823,0.47617584466934204,-0.04084552079439163,0.2605020999908447,0.6034312844276428,-0.013699805364012718,0.26473918557167053,0.5301726460456848,-0.021813666447997093,0.26652273535728455,0.4828339219093323,-0.03112151473760605,0.26715680956840515,0.4441596567630768,-0.03847985342144966,0.2361149936914444,0.6064181327819824,-0.016918012872338295,0.23656785488128662,0.5394145846366882,-0.02510220557451248,0.2410009354352951,0.4962478280067444,-0.03386014327406883,0.24450117349624634,0.46132609248161316,-0.04038865491747856,0.2114086002111435,0.6217561364173889,-0.022400083020329475,0.21259018778800964,0.5689086318016052,-0.029557615518569946,0.21771985292434692,0.5365035533905029,-0.033322982490062714,0.22347047924995422,0.508704423904419,-0.0364217683672905,b
0.228596031665802,0.7707799077033997,2.133356247213669e-07,0.2668490409851074,0.7522313594818115,-0.02128676138818264,0.29354339838027954,0.7054118514060974,-0.029004471376538277,0.2796107530593872,0.6592821478843689,-0.03480299934744835,0.25417953729629517,0.6407655477523804,-0.04008603096008301,0.2885703444480896,0.6147952675819397,-0.013776550069451332,0.29263541102409363,0.5504850745201111,-0.02521773986518383,0.2901288866996765,0.5096516013145447,-0.03613295778632164,0.2861007750034332,0.4737837314605713,-0.04440819472074509,0.2611495852470398,0.6013986468315125,-0.01340270135551691,0.26469680666923523,0.5283527374267578,-0.02239060401916504,0.2654574513435364,0.4812617301940918,-0.032281238585710526,0.2655390501022339,0.44230759143829346,-0.03985202684998512,0.23671114444732666,0.6042249798774719,-0.01576414331793785,0.23741430044174194,0.5378392338752747,-0.024325376376509666,0.24109841883182526,0.49626973271369934,-0.032344572246074677,0.24385498464107513,0.46166589856147766,-0.038143206387758255,0.2123827189207077,0.6199194192886353,-0.02066272497177124,0.21374592185020447,0.5683821439743042,-0.02789180539548397,0.21808919310569763,0.5369051098823547,-0.03102533519268036,0.2227611094713211,0.5092365741729736,-0.0333414189517498,b
0.2308477908372879,0.768341064453125,2.1022924556746148e-07,0.2697637677192688,0.7500314712524414,-0.020102187991142273,0.29546433687210083,0.7021347880363464,-0.02713332325220108,0.28149086236953735,0.6572365164756775,-0.03243495896458626,0.2570585608482361,0.6391035914421082,-0.03729282319545746,0.2893106937408447,0.6122146248817444,-0.012924881651997566,0.291754812002182,0.5475807189941406,-0.024005873128771782,0.2896842956542969,0.5073786377906799,-0.034515153616666794,0.2865990102291107,0.47267311811447144,-0.04248419776558876,0.2625103294849396,0.5994037985801697,-0.012968186289072037,0.2657845914363861,0.5259420871734619,-0.021810997277498245,0.2669447064399719,0.478915810585022,-0.03157664090394974,0.2677939534187317,0.44019198417663574,-0.039043866097927094,0.2384522706270218,0.602375864982605,-0.015688128769397736,0.2389456182718277,0.5350931882858276,-0.02418304607272148,0.24283763766288757,0.4931362271308899,-0.03250250592827797,0.24617230892181396,0.4582446813583374,-0.0385364405810833,0.21427035331726074,0.6181136965751648,-0.020792951807379723,0.21520176529884338,0.5656833052635193,-0.02797386609017849,0.21928134560585022,0.5332472324371338,-0.031474098563194275,0.2241123765707016,0.5042469501495361,-0.034159671515226364,b
0.23115862905979156,0.7662505507469177,2.0871216577234009e-07,0.2694752514362335,0.7473325133323669,-0.020702356472611427,0.2955743968486786,0.6998629570007324,-0.028268303722143173,0.2804332971572876,0.6540217995643616,-0.033911433070898056,0.25536081194877625,0.6329579949378967,-0.03897332772612572,0.28989437222480774,0.6100814938545227,-0.013204623013734818,0.292280912399292,0.5454182028770447,-0.024623896926641464,0.2897501289844513,0.5054101943969727,-0.03535383939743042,0.28620073199272156,0.47101664543151855,-0.043294310569763184,0.26237207651138306,0.5968011617660522,-0.012782854028046131,0.2657240629196167,0.5232177972793579,-0.02175312116742134,0.26670897006988525,0.47656190395355225,-0.03132715821266174,0.2674611508846283,0.4384804964065552,-0.038440410047769547,0.23809881508350372,0.5992465615272522,-0.015087466686964035,0.23909404873847961,0.5316502451896667,-0.023395061492919922,0.24302977323532104,0.4904273748397827,-0.030947722494602203,0.24644242227077484,0.45622366666793823,-0.03634224459528923,0.21377113461494446,0.615058422088623,-0.01982601173222065,0.21511498093605042,0.5633830428123474,-0.026654044166207314,0.21922698616981506,0.5319201350212097,-0.029387155547738075,0.22400285303592682,0.5037986040115356,-0.03133142739534378,b
0.23173218965530396,0.7646462321281433,2.126849096839578e-07,0.2703533470630646,0.7443088889122009,-0.019686266779899597,0.296130895614624,0.6956195831298828,-0.026770345866680145,0.2807058095932007,0.649916410446167,-0.03215226158499718,0.255261093378067,0.6314957141876221,-0.03709922730922699,0.28977805376052856,0.6067282557487488,-0.012443453073501587,0.29316478967666626,0.5427137613296509,-0.02360997162759304,0.290646493434906,0.5029516220092773,-0.03422382101416588,0.2864927351474762,0.46843159198760986,-0.04214954748749733,0.26243001222610474,0.5944594144821167,-0.012579674832522869,0.26664620637893677,0.5217936038970947,-0.021279403939843178,0.26793885231018066,0.4751223921775818,-0.03068952076137066,0.2681579291820526,0.4366973340511322,-0.0377589613199234,0.23813767731189728,0.5981420874595642,-0.015383203513920307,0.2385057508945465,0.5314723253250122,-0.02357461117208004,0.24213969707489014,0.4912523627281189,-0.03116604872047901,0.244904026389122,0.45796477794647217,-0.0365939661860466,0.2136930674314499,0.6149317622184753,-0.020540988072752953,0.21457384526729584,0.5632876753807068,-0.027294563129544258,0.21845906972885132,0.5324491262435913,-0.03004247322678566,0.2228153944015503,0.5051222443580627,-0.03206585720181465,b
0.23060479760169983,0.7627777457237244,2.0467146555347426e-07,0.26899033784866333,0.7443498373031616,-0.02041180431842804,0.2944340109825134,0.6957590579986572,-0.027741383761167526,0.28274399042129517,0.6469065546989441,-0.03319632634520531,0.25730085372924805,0.6225071549415588,-0.038180530071258545,0.28955936431884766,0.6061762571334839,-0.013579168356955051,0.2936571538448334,0.541186511516571,-0.02519858255982399,0.29070544242858887,0.5010510087013245,-0.036052946001291275,0.286039799451828,0.46646344661712646,-0.04401937872171402,0.26240429282188416,0.5931801199913025,-0.013159862719476223,0.26630932092666626,0.5193599462509155,-0.02203983999788761,0.26712027192115784,0.4726983308792114,-0.031458429992198944,0.2667948603630066,0.43514201045036316,-0.038475580513477325,0.23788940906524658,0.5963922739028931,-0.01540620718151331,0.2385532557964325,0.5290697813034058,-0.02375113032758236,0.24201305210590363,0.4881438612937927,-0.03106926754117012,0.24441151320934296,0.454689085483551,-0.036338962614536285,0.21309226751327515,0.6127263307571411,-0.02002863772213459,0.21417735517024994,0.5617939829826355,-0.027322465553879738,0.2181245982646942,0.5306873917579651,-0.030153660103678703,0.22251152992248535,0.5034893751144409,-0.032069526612758636,b
0.23073405027389526,0.7617483735084534,1.95530262203647e-07,0.2691601514816284,0.7427660226821899,-0.019395975396037102,0.29447001218795776,0.6952117681503296,-0.02640341967344284,0.28212347626686096,0.6484353542327881,-0.03181285411119461,0.2586687207221985,0.6242626905441284,-0.03690195456147194,0.2878771722316742,0.6050758957862854,-0.012738662771880627,0.2912921607494354,0.5401099324226379,-0.024374455213546753,0.2888249158859253,0.49975326657295227,-0.03515458479523659,0.2848149538040161,0.46491092443466187,-0.04302232712507248,0.26103487610816956,0.5929399728775024,-0.012807900086045265,0.26520586013793945,0.5189833045005798,-0.02198675647377968,0.26593250036239624,0.47203660011291504,-0.03177197277545929,0.2654472291469574,0.4336019456386566,-0.03900498151779175,0.23706184327602386,0.5962786078453064,-0.015422895550727844,0.2378692328929901,0.5294943451881409,-0.023876074701547623,0.24114498496055603,0.4886147677898407,-0.03143630176782608,0.24330180883407593,0.4545077085494995,-0.03683004528284073,0.2127317190170288,0.6123997569084167,-0.020309356972575188,0.21427695453166962,0.5609463453292847,-0.027603168040513992,0.21871870756149292,0.529451847076416,-0.0305797066539526,0.22368304431438446,0.5012986063957214,-0.032593779265880585,b
0.23128372430801392,0.7616261839866638,2.0719730287055427e-07,0.26916998624801636,0.7433300018310547,-0.020424041897058487,0.2944503426551819,0.6960070133209229,-0.02800239808857441,0.28120896220207214,0.6498713493347168,-0.03376041352748871,0.25768277049064636,0.6265091896057129,-0.03898295760154724,0.2883780002593994,0.6043512225151062,-0.013541271910071373,0.29126831889152527,0.5384045839309692,-0.025292113423347473,0.2884610891342163,0.4980882406234741,-0.036069534718990326,0.2841331362724304,0.4639325737953186,-0.043834228068590164,0.261203795671463,0.5918821096420288,-0.013165395706892014,0.26505130529403687,0.5175056457519531,-0.02216978184878826,0.26591283082962036,0.4709152579307556,-0.03153632953763008,0.2659044861793518,0.4333581328392029,-0.03833583742380142,0.23696556687355042,0.5949129462242126,-0.01549402717500925,0.23818795382976532,0.5267544984817505,-0.023718107491731644,0.24184370040893555,0.4852212071418762,-0.0310147013515234,0.2446170300245285,0.45069292187690735,-0.03617331385612488,0.21246954798698425,0.6112018823623657,-0.020201748237013817,0.21359488368034363,0.55931556224823,-0.027213791385293007,0.2175830453634262,0.5275561809539795,-0.029911205172538757,0.22214320302009583,0.4991897940635681,-0.03166184201836586,b
0.23224356770515442,0.7613279819488525,2.0420047519564832e-07,0.2695333659648895,0.7415039539337158,-0.019953971728682518,0.2944944500923157,0.6936768293380737,-0.02743915282189846,0.27961575984954834,0.648438572883606,-0.033245429396629333,0.2548636496067047,0.6271263360977173,-0.03869197517633438,0.2872326374053955,0.603729248046875,-0.013441435061395168,0.28860169649124146,0.5383309721946716,-0.025240659713745117,0.28512075543403625,0.4980562925338745,-0.036104489117860794,0.2806764245033264,0.46332794427871704,-0.04412614181637764,0.26018768548965454,0.5921270847320557,-0.013702532276511192,0.2634124457836151,0.5175331234931946,-0.022985082119703293,0.2642095386981964,0.47052478790283203,-0.03273973986506462,0.2642952501773834,0.4319278597831726,-0.04002520069479942,0.2361679971218109,0.5963196754455566,-0.016634661704301834,0.2366286963224411,0.5288558006286621,-0.025281492620706558,0.23994511365890503,0.48764413595199585,-0.0331689789891243,0.2425529956817627,0.4528124928474426,-0.038908928632736206,0.21170079708099365,0.6135124564170837,-0.02190495654940605,0.21222302317619324,0.562512993812561,-0.0293803159147501,0.21587446331977844,0.5312179327011108,-0.03259934484958649,0.22004741430282593,0.5026798248291016,-0.034950822591781616,b
0.23118938505649567,0.7618362307548523,2.1503450398085988e-07,0.2686023414134979,0.7433852553367615,-0.021618163213133812,0.2946057617664337,0.6957366466522217,-0.029872843995690346,0.28019818663597107,0.6495388150215149,-0.036098212003707886,0.25433778762817383,0.6275270581245422,-0.0419011116027832,0.28794199228286743,0.6045478582382202,-0.015498560853302479,0.28962981700897217,0.5385430455207825,-0.028060197830200195,0.286045104265213,0.49772801995277405,-0.03937510773539543,0.28140050172805786,0.46262508630752563,-0.0476413257420063,0.26041939854621887,0.5924569368362427,-0.015088817104697227,0.2635202705860138,0.5177053213119507,-0.025024257600307465,0.2643469572067261,0.47039586305618286,-0.035072505474090576,0.26469993591308594,0.4319171905517578,-0.042455509305000305,0.23610450327396393,0.5963143110275269,-0.01745148003101349,0.23665496706962585,0.5279701948165894,-0.026775171980261803,0.24017509818077087,0.4857746660709381,-0.034918397665023804,0.24306216835975647,0.45039477944374084,-0.040687501430511475,0.21148216724395752,0.6129912734031677,-0.022270027548074722,0.21295341849327087,0.5610318779945374,-0.030291715636849403,0.21711157262325287,0.529613733291626,-0.03364795073866844,0.2219424843788147,0.5012117624282837,-0.03596539795398712,b
0.230784073472023,0.7614354491233826,2.070540290333156e-07,0.2689514756202698,0.7433148622512817,-0.020946264266967773,0.2942165732383728,0.6941471695899963,-0.028406605124473572,0.28053557872772217,0.6479029059410095,-0.033966440707445145,0.25608447194099426,0.6249517798423767,-0.039192259311676025,0.2879291772842407,0.6040771007537842,-0.01507840771228075,0.2898685336112976,0.5386736989021301,-0.02732863463461399,0.2866164743900299,0.497972309589386,-0.03843773901462555,0.28212445974349976,0.4624418020248413,-0.046694494783878326,0.26053646206855774,0.5920111536979675,-0.014882823452353477,0.26388946175575256,0.517400324344635,-0.024566583335399628,0.26492559909820557,0.47006702423095703,-0.03452347218990326,0.2653273940086365,0.4310457706451416,-0.04201652854681015,0.23626181483268738,0.5959345698356628,-0.017421789467334747,0.23659610748291016,0.5277590155601501,-0.026713920757174492,0.23995757102966309,0.4855750799179077,-0.03496704250574112,0.2427099347114563,0.449895441532135,-0.04091817885637283,0.21177557110786438,0.6125448346138,-0.022358650341629982,0.21282821893692017,0.5602625012397766,-0.030489126220345497,0.2169734537601471,0.5284022688865662,-0.03417055308818817,0.2218971848487854,0.49935221672058105,-0.036869246512651443,b
0.2311006337404251,0.7624619007110596,1.9953910168624134e-07,0.2693222463130951,0.7440972328186035,-0.020818671211600304,0.2939508557319641,0.6955971717834473,-0.02819090336561203,0.28152793645858765,0.64906245470047,-0.03370003029704094,0.2609193027019501,0.6216439604759216,-0.038655444979667664,0.28750747442245483,0.603889524936676,-0.014123217202723026,0.28857728838920593,0.5378515124320984,-0.02616271562874317,0.2851163148880005,0.4974634051322937,-0.037122901529073715,0.2806779146194458,0.4621877670288086,-0.045138463377952576,0.2603932023048401,0.592110276222229,-0.013746129348874092,0.2629406154155731,0.5169543623924255,-0.023292919620871544,0.2636812925338745,0.46956726908683777,-0.03314119949936867,0.26399311423301697,0.4306996464729309,-0.04042899236083031,0.23615485429763794,0.596060574054718,-0.016162291169166565,0.23557837307453156,0.5279746055603027,-0.02542308159172535,0.23858791589736938,0.4865570366382599,-0.03352997079491615,0.24127018451690674,0.4515518546104431,-0.03925062343478203,0.21159860491752625,0.6128532290458679,-0.02095784991979599,0.21224546432495117,0.5607236623764038,-0.029286114498972893,0.21609841287136078,0.5293723344802856,-0.03300902619957924,0.2209244966506958,0.5009403824806213,-0.03552746772766113,b
0.2309691458940506,0.7642130851745605,2.109379408921086e-07,0.26931244134902954,0.7455320358276367,-0.021012386307120323,0.2942822575569153,0.6967064738273621,-0.02850111573934555,0.280040442943573,0.6506409645080566,-0.034082867205142975,0.25750717520713806,0.6259799003601074,-0.03909609839320183,0.2874830961227417,0.6052039861679077,-0.014366435818374157,0.28893887996673584,0.5381751656532288,-0.026462947949767113,0.2855581045150757,0.49668094515800476,-0.03734978288412094,0.28091728687286377,0.46057891845703125,-0.04530875012278557,0.2605607509613037,0.5934013724327087,-0.013965191319584846,0.26382386684417725,0.5183659791946411,-0.023572200909256935,0.26488178968429565,0.47004610300064087,-0.03336862474679947,0.26514580845832825,0.4302034378051758,-0.04059644788503647,0.23649823665618896,0.5973209738731384,-0.01638300158083439,0.23631709814071655,0.5294846296310425,-0.025507189333438873,0.239386647939682,0.4875628650188446,-0.033699676394462585,0.24189312756061554,0.45220452547073364,-0.03948948532342911,0.211988165974617,0.6137413382530212,-0.021225884556770325,0.21313929557800293,0.5614820718765259,-0.02926589362323284,0.21727705001831055,0.5300559997558594,-0.03293754532933235,0.2222498506307602,0.5016371011734009,-0.0354691743850708,b
0.22953207790851593,0.764564037322998,2.1013818241044646e-07,0.26824072003364563,0.7467383742332458,-0.021052589640021324,0.294202983379364,0.6965303421020508,-0.028584109619259834,0.28087708353996277,0.6489372253417969,-0.03423367440700531,0.25434452295303345,0.6295419335365295,-0.039519138634204865,0.2874666452407837,0.6053081750869751,-0.0145865548402071,0.28926315903663635,0.5397964119911194,-0.026309246197342873,0.286014586687088,0.4987989068031311,-0.03729871287941933,0.2816258668899536,0.46272969245910645,-0.045743364840745926,0.26033517718315125,0.593048095703125,-0.01450998242944479,0.2637137770652771,0.5186325311660767,-0.023991867899894714,0.26498863101005554,0.4705740511417389,-0.03399530425667763,0.26531046628952026,0.4305092692375183,-0.0416993647813797,0.23626331984996796,0.5970549583435059,-0.01718365214765072,0.23630861937999725,0.5291112065315247,-0.026329129934310913,0.23981188237667084,0.4872124493122101,-0.03466477990150452,0.2424243539571762,0.4519028663635254,-0.04077295958995819,0.21196353435516357,0.6137930750846863,-0.02232276275753975,0.21295058727264404,0.5610694885253906,-0.030370309948921204,0.21707645058631897,0.528699517250061,-0.034239307045936584,0.22195258736610413,0.4993245005607605,-0.03721894696354866,b
0.22934329509735107,0.7655280828475952,2.1325828925000678e-07,0.26830852031707764,0.7472829818725586,-0.021178608760237694,0.29402729868888855,0.6984002590179443,-0.02915905974805355,0.28005704283714294,0.6511385440826416,-0.035313479602336884,0.254300981760025,0.6291804909706116,-0.04115429148077965,0.2866065502166748,0.6069484353065491,-0.015217524953186512,0.28878408670425415,0.5404846668243408,-0.027475187554955482,0.28572890162467957,0.49884966015815735,-0.0386967808008194,0.2814522385597229,0.46219903230667114,-0.047134581953287125,0.2593197822570801,0.5950167179107666,-0.015080667100846767,0.26311126351356506,0.5201411247253418,-0.0248564500361681,0.26411253213882446,0.47181236743927,-0.03504732623696327,0.26407334208488464,0.43140751123428345,-0.04283374547958374,0.23512676358222961,0.5989825129508972,-0.017638524994254112,0.23576821386814117,0.5311129093170166,-0.026690106838941574,0.23902525007724762,0.48939627408981323,-0.03482124209403992,0.24126648902893066,0.45404431223869324,-0.0407930463552475,0.21072305738925934,0.6155248284339905,-0.022670302540063858,0.21179571747779846,0.5630878210067749,-0.03052571974694729,0.21593090891838074,0.5307073593139648,-0.03414501994848251,0.2206605076789856,0.5013593435287476,-0.036860644817352295,b
0.22935214638710022,0.7669577598571777,2.2228077511954325e-07,0.26785218715667725,0.7487240433692932,-0.02137768268585205,0.2922910451889038,0.7008144855499268,-0.029510799795389175,0.2765139043331146,0.6559602618217468,-0.035769373178482056,0.2523506283760071,0.6346160769462585,-0.041564762592315674,0.28708329796791077,0.6088957190513611,-0.01541712787002325,0.28940629959106445,0.5425429344177246,-0.028046924620866776,0.2863813638687134,0.5008047819137573,-0.03938741981983185,0.2818467915058136,0.4644262194633484,-0.04773467779159546,0.2597075402736664,0.596377432346344,-0.015305230394005775,0.2635411024093628,0.5211654305458069,-0.02549157105386257,0.2651802599430084,0.47251829504966736,-0.03563389182090759,0.2660679817199707,0.4318406879901886,-0.04314572364091873,0.23520010709762573,0.5998457074165344,-0.01798585057258606,0.23566760122776031,0.5312618017196655,-0.027464943006634712,0.23935550451278687,0.48843345046043396,-0.03570924326777458,0.24242247641086578,0.4517086148262024,-0.04153626784682274,0.21052899956703186,0.6161800026893616,-0.023141270503401756,0.21170690655708313,0.5627304315567017,-0.031198548153042793,0.21586152911186218,0.5299157500267029,-0.03471391648054123,0.2208642065525055,0.49987584352493286,-0.037212103605270386,b
0.2289046198129654,0.7667536735534668,2.210975509342461e-07,0.2674224376678467,0.7481996417045593,-0.02060597389936447,0.2920227348804474,0.7000331878662109,-0.0282802265137434,0.27547764778137207,0.6550846695899963,-0.034121088683605194,0.2498139888048172,0.6359131932258606,-0.03962058946490288,0.28648918867111206,0.6088481545448303,-0.014730122871696949,0.2888350784778595,0.5426095724105835,-0.02667331136763096,0.2858735918998718,0.5011028051376343,-0.037570320069789886,0.2814585566520691,0.46467870473861694,-0.0457904078066349,0.25921374559402466,0.5965412259101868,-0.01485534943640232,0.26313984394073486,0.5216227173805237,-0.0244878102093935,0.26499947905540466,0.47309190034866333,-0.034400250762701035,0.2659015953540802,0.43234628438949585,-0.04189101979136467,0.23477491736412048,0.6004407405853271,-0.01767265982925892,0.23518405854701996,0.5322476029396057,-0.026810087263584137,0.23919335007667542,0.4891800880432129,-0.035259220749139786,0.24228262901306152,0.4521641731262207,-0.04139583185315132,0.21024323999881744,0.6171138882637024,-0.022868888452649117,0.21171258389949799,0.5645257830619812,-0.030760837718844414,0.2161606252193451,0.5324363112449646,-0.03438819199800491,0.22117455303668976,0.5030456185340881,-0.03713681921362877,b
0.2292197048664093,0.7671917080879211,2.2576242031391303e-07,0.26796090602874756,0.7492501735687256,-0.020848704501986504,0.29209864139556885,0.7014150023460388,-0.028732214123010635,0.2760530710220337,0.6566701531410217,-0.034755054861307144,0.2506428360939026,0.6377704739570618,-0.040425773710012436,0.286396861076355,0.6091957688331604,-0.015180535614490509,0.2895869016647339,0.5433034300804138,-0.02727450802922249,0.28692513704299927,0.5019651651382446,-0.0383148193359375,0.28268128633499146,0.46584296226501465,-0.04662013426423073,0.25917527079582214,0.5968801379203796,-0.015243330039083958,0.2632942497730255,0.5219812393188477,-0.02493462525308132,0.26517054438591003,0.47345972061157227,-0.034928303211927414,0.26594921946525574,0.4328683614730835,-0.042493559420108795,0.2348065972328186,0.6008356809616089,-0.017998287454247475,0.23546043038368225,0.5326374769210815,-0.02713818848133087,0.23947277665138245,0.4897221624851227,-0.03559282049536705,0.24241295456886292,0.45306044816970825,-0.04172220453619957,0.21045519411563873,0.6176185607910156,-0.02314995788037777,0.21164178848266602,0.5650232434272766,-0.031084246933460236,0.21610474586486816,0.5326169729232788,-0.03478028625249863,0.22118470072746277,0.5030596852302551,-0.037550754845142365,b
0.22826552391052246,0.7680734992027283,2.1851624865121266e-07,0.26745152473449707,0.7504783272743225,-0.020077530294656754,0.29170265793800354,0.7006489038467407,-0.02697986550629139,0.27577725052833557,0.65528804063797,-0.03213672712445259,0.250131219625473,0.6371909379959106,-0.03700070455670357,0.2865189015865326,0.6095007658004761,-0.013960342854261398,0.28930556774139404,0.5439731478691101,-0.025417892262339592,0.28684544563293457,0.5023150444030762,-0.03605373948812485,0.28296247124671936,0.46596992015838623,-0.044215165078639984,0.25930890440940857,0.5970190167427063,-0.014333418570458889,0.2630476653575897,0.5220645666122437,-0.023519692942500114,0.2651228606700897,0.4733310639858246,-0.033258628100156784,0.2663494944572449,0.4325680732727051,-0.04069308564066887,0.23493213951587677,0.6008670330047607,-0.017371805384755135,0.23536467552185059,0.5325344800949097,-0.026226434856653214,0.23957028985023499,0.48913854360580444,-0.03470201790332794,0.242915078997612,0.45188599824905396,-0.0409088060259819,0.21040479838848114,0.6175497174263,-0.022763237357139587,0.21143296360969543,0.5648443102836609,-0.03060324303805828,0.21586830914020538,0.5319257974624634,-0.03442075848579407,0.22111743688583374,0.50161212682724,-0.037366438657045364,b
0.2278934121131897,0.7692176699638367,2.2177684400048747e-07,0.26688340306282043,0.7515065670013428,-0.02082393504679203,0.2915964424610138,0.7021241188049316,-0.0281511377543211,0.2747667729854584,0.6560859680175781,-0.03359062969684601,0.2480609267950058,0.6372199654579163,-0.03860073164105415,0.28652843832969666,0.609677255153656,-0.01386849582195282,0.28928112983703613,0.5434932708740234,-0.025140469893813133,0.2870502769947052,0.5022513270378113,-0.03570975363254547,0.2836151719093323,0.46635979413986206,-0.04381116107106209,0.2592219412326813,0.596930980682373,-0.013713476248085499,0.26279011368751526,0.5223716497421265,-0.022628622129559517,0.2647835910320282,0.47438955307006836,-0.032378584146499634,0.26614633202552795,0.43428629636764526,-0.039874203503131866,0.23485279083251953,0.6006470918655396,-0.01631368324160576,0.23535843193531036,0.5327297449111938,-0.024924831464886665,0.2397775501012802,0.4903116822242737,-0.03340201824903488,0.24334242939949036,0.45403993129730225,-0.0396348237991333,0.21032938361167908,0.6170192360877991,-0.02133132703602314,0.21151618659496307,0.5646262168884277,-0.028884636238217354,0.21606771647930145,0.5323535203933716,-0.032608140259981155,0.22145436704158783,0.5028436779975891,-0.03548862412571907,b
0.22858552634716034,0.7686942219734192,2.1573211483882915e-07,0.2670474052429199,0.7506727576255798,-0.020133640617132187,0.290792852640152,0.7016307711601257,-0.027116624638438225,0.2750554382801056,0.6563951373100281,-0.03233979642391205,0.2498757541179657,0.6363298892974854,-0.03708760812878609,0.28666964173316956,0.610808789730072,-0.013414542190730572,0.28990256786346436,0.544952929019928,-0.02472454309463501,0.2879492938518524,0.5036585330963135,-0.03523092716932297,0.2845633029937744,0.4678630828857422,-0.04322090744972229,0.259765088558197,0.5976806879043579,-0.01364489458501339,0.26372820138931274,0.5225728154182434,-0.022566109895706177,0.2660153806209564,0.4746473431587219,-0.0320713110268116,0.2673824727535248,0.43487468361854553,-0.03939555957913399,0.23560933768749237,0.6007152199745178,-0.01664244942367077,0.23576585948467255,0.5325798988342285,-0.02536052279174328,0.24044521152973175,0.4904880225658417,-0.0336516797542572,0.24433404207229614,0.4547617435455322,-0.039717067033052444,0.2112438678741455,0.6161231398582458,-0.02202170342206955,0.2120378464460373,0.5627303123474121,-0.029718294739723206,0.21669670939445496,0.5304369330406189,-0.033403608947992325,0.22241182625293732,0.5011076927185059,-0.036255959421396255,b
0.2281540334224701,0.7683517932891846,2.2472576688414847e-07,0.26634812355041504,0.7508564591407776,-0.02154884673655033,0.2908502221107483,0.7025209665298462,-0.029300229623913765,0.27579933404922485,0.656671404838562,-0.0350060872733593,0.25037381052970886,0.6362764239311218,-0.040164653211832047,0.2865889370441437,0.6112967133522034,-0.015035821124911308,0.2901591360569,0.5449870824813843,-0.02686128579080105,0.28819939494132996,0.5034623742103577,-0.03766020014882088,0.28478550910949707,0.46739137172698975,-0.04573202133178711,0.2595656216144562,0.5979466438293457,-0.014501855708658695,0.2645359933376312,0.5233698487281799,-0.023744016885757446,0.26679113507270813,0.475394070148468,-0.033367615193128586,0.2680295705795288,0.43544840812683105,-0.04063565284013748,0.23529334366321564,0.6007580161094666,-0.016765981912612915,0.23644059896469116,0.5332919955253601,-0.0254124216735363,0.2412644475698471,0.49160292744636536,-0.033489614725112915,0.2452397495508194,0.4561293125152588,-0.03934977948665619,0.21068188548088074,0.6161021590232849,-0.021551216021180153,0.21212215721607208,0.5636420249938965,-0.028948087245225906,0.21705874800682068,0.5321852564811707,-0.032304178923368454,0.22296352684497833,0.5037727355957031,-0.034834615886211395,b
0.22807063162326813,0.7675356864929199,2.2664973187147552e-07,0.26650187373161316,0.7507961988449097,-0.02122615836560726,0.2913917303085327,0.7021374702453613,-0.028697529807686806,0.2760607600212097,0.6557872295379639,-0.03418619558215141,0.24901115894317627,0.6389867663383484,-0.03926022723317146,0.28720778226852417,0.6112468838691711,-0.014686302281916142,0.29109588265419006,0.5457978248596191,-0.02610284462571144,0.289450079202652,0.5045716166496277,-0.036801669746637344,0.286294162273407,0.4684971868991852,-0.04500960558652878,0.25994861125946045,0.5977128148078918,-0.014482762664556503,0.265004426240921,0.5237054824829102,-0.02356165461242199,0.2674100399017334,0.4757263660430908,-0.03333129733800888,0.2686062157154083,0.43532752990722656,-0.04084513336420059,0.23562368750572205,0.6004737019538879,-0.017016496509313583,0.23661622405052185,0.5334518551826477,-0.025697248056530952,0.2414952665567398,0.4919099807739258,-0.034034937620162964,0.24540795385837555,0.45654094219207764,-0.040109243243932724,0.21113654971122742,0.615506112575531,-0.02205631136894226,0.21286779642105103,0.5627248883247375,-0.029457297176122665,0.2179814726114273,0.5313341617584229,-0.032892536371946335,0.22394630312919617,0.5032068490982056,-0.03558385744690895,b
0.2271365076303482,0.7682535648345947,2.2786861109125311e-07,0.26583895087242126,0.7509986758232117,-0.020681636407971382,0.291873574256897,0.7018191814422607,-0.02797750011086464,0.27726829051971436,0.6543266177177429,-0.03338183835148811,0.2494554966688156,0.6368241310119629,-0.03843040019273758,0.287130743265152,0.6107267737388611,-0.01405213214457035,0.2916686534881592,0.5450526475906372,-0.025103790685534477,0.2903905510902405,0.504177987575531,-0.03563687205314636,0.2875267565250397,0.4682379961013794,-0.043740104883909225,0.2600940465927124,0.5974290370941162,-0.013971896842122078,0.2655273377895355,0.5235678553581238,-0.022659745067358017,0.2678937315940857,0.4757518768310547,-0.03231605514883995,0.2688139081001282,0.43576520681381226,-0.0397460013628006,0.23588711023330688,0.600368320941925,-0.01652785763144493,0.23743754625320435,0.5333678722381592,-0.024814598262310028,0.24224317073822021,0.4915130138397217,-0.03291798755526543,0.24580197036266327,0.4563249349594116,-0.03884008154273033,0.2112322747707367,0.6156303286552429,-0.02151552587747574,0.21351683139801025,0.5629963874816895,-0.02865755371749401,0.21880608797073364,0.5311192274093628,-0.03186652809381485,0.2246585488319397,0.5028443932533264,-0.03433143347501755,b
0.2275731861591339,0.7673406004905701,2.2478845096429723e-07,0.2661744952201843,0.7501367926597595,-0.020883075892925262,0.2921065092086792,0.7010149359703064,-0.0282953679561615,0.27785634994506836,0.6537260413169861,-0.033843133598566055,0.2506784200668335,0.636370062828064,-0.03904906287789345,0.2877205014228821,0.610188364982605,-0.014113825745880604,0.29188627004623413,0.5450991988182068,-0.02539333701133728,0.29063087701797485,0.5042606592178345,-0.03601286932826042,0.28813356161117554,0.46835529804229736,-0.04416821897029877,0.2606621980667114,0.5969893336296082,-0.01401733048260212,0.26584815979003906,0.5235324501991272,-0.02303915098309517,0.2680440843105316,0.4758671522140503,-0.03275749087333679,0.26934704184532166,0.4359227418899536,-0.04025832563638687,0.23645441234111786,0.5999969244003296,-0.01662447303533554,0.23786810040473938,0.5336251854896545,-0.025244230404496193,0.24248087406158447,0.49210208654403687,-0.03341623768210411,0.24622438848018646,0.45724746584892273,-0.03938613459467888,0.21201378107070923,0.6153101325035095,-0.021711252629756927,0.2142791450023651,0.5630381107330322,-0.029044967144727707,0.21939852833747864,0.5312013030052185,-0.032447099685668945,0.2252131998538971,0.5026568174362183,-0.035121895372867584,b
0.22730448842048645,0.7673617005348206,2.25772950557257e-07,0.2663370966911316,0.7495962381362915,-0.02074485830962658,0.2929266691207886,0.7009992003440857,-0.02834273688495159,0.2783607840538025,0.6541187763214111,-0.03411839157342911,0.2517688274383545,0.6352754831314087,-0.03959280997514725,0.28844892978668213,0.6101353764533997,-0.014612873084843159,0.2930299639701843,0.5443363785743713,-0.026413362473249435,0.2918982207775116,0.5029088854789734,-0.03729448840022087,0.2893301248550415,0.4666246771812439,-0.045479051768779755,0.26104021072387695,0.5972246527671814,-0.014634835533797741,0.2664969861507416,0.5235748291015625,-0.024048198014497757,0.2685612440109253,0.47578808665275574,-0.03392726182937622,0.269563764333725,0.4362936019897461,-0.04140089824795723,0.236570343375206,0.6002371907234192,-0.017320003360509872,0.23821517825126648,0.533218502998352,-0.02606988698244095,0.24293941259384155,0.4915178120136261,-0.03410238027572632,0.24680013954639435,0.4568978548049927,-0.03988891467452049,0.211808979511261,0.6154646873474121,-0.022453974932432175,0.21396256983280182,0.5627434253692627,-0.02982843667268753,0.21915674209594727,0.5305325984954834,-0.033058907836675644,0.2250995934009552,0.5018792152404785,-0.03547108173370361,b
0.227473646402359,0.7688856720924377,2.2556311307653232e-07,0.266315221786499,0.7513250708580017,-0.020696451887488365,0.2927314043045044,0.7028302550315857,-0.02820466086268425,0.2789101302623749,0.6557316184043884,-0.03386777266860008,0.2531648874282837,0.6348608136177063,-0.03914659842848778,0.28864407539367676,0.6106034517288208,-0.014172247610986233,0.29327574372291565,0.5445770621299744,-0.02580210566520691,0.29189005494117737,0.5031768083572388,-0.03661756217479706,0.28895366191864014,0.4668630361557007,-0.04472009837627411,0.2613583207130432,0.597450315952301,-0.014155153185129166,0.26715487241744995,0.5232925415039062,-0.02337929978966713,0.2694507837295532,0.4752625524997711,-0.03319389000535011,0.2706335186958313,0.4354557991027832,-0.040578942745923996,0.23676705360412598,0.6005582213401794,-0.016831815242767334,0.2384992390871048,0.533271849155426,-0.02561124414205551,0.24310389161109924,0.4915544390678406,-0.03376799821853638,0.24676814675331116,0.45679011940956116,-0.03961570933461189,0.21179461479187012,0.6162407994270325,-0.021923590451478958,0.21426545083522797,0.5639899969100952,-0.029413096606731415,0.21947665512561798,0.5325474143028259,-0.03268350288271904,0.225357323884964,0.5047038793563843,-0.03507056087255478,b
0.22748638689517975,0.7684447765350342,2.1759623791695049e-07,0.2660883069038391,0.750714123249054,-0.020452242344617844,0.29296770691871643,0.701882004737854,-0.027850935235619545,0.2804069221019745,0.6532807946205139,-0.03342631831765175,0.2536449432373047,0.632006049156189,-0.038707200437784195,0.28912681341171265,0.6112061142921448,-0.01440502144396305,0.2934010624885559,0.5446703433990479,-0.026083016768097878,0.29217472672462463,0.5032216906547546,-0.036814868450164795,0.289680540561676,0.466941237449646,-0.0449371375143528,0.2619308531284332,0.5977674722671509,-0.014544297941029072,0.267585813999176,0.523053765296936,-0.02391914278268814,0.2698695659637451,0.4748811423778534,-0.033850278705358505,0.2711760401725769,0.4348415732383728,-0.04140198603272438,0.23729251325130463,0.6008434891700745,-0.017290763556957245,0.2390618473291397,0.5331125855445862,-0.02620343305170536,0.2436242550611496,0.4908025860786438,-0.034576304256916046,0.2472955733537674,0.4554717242717743,-0.04072117060422897,0.21191024780273438,0.6163665056228638,-0.022418994456529617,0.2140873223543167,0.5648061037063599,-0.030254913493990898,0.21941891312599182,0.5332671999931335,-0.03393673524260521,0.22553645074367523,0.5051577091217041,-0.036702387034893036,b
0.22855189442634583,0.7685573697090149,2.1747489142853738e-07,0.26696616411209106,0.7513955235481262,-0.021440831944346428,0.2938591241836548,0.7026747465133667,-0.029316142201423645,0.27954691648483276,0.6535937786102295,-0.035215675830841064,0.25189054012298584,0.6328961253166199,-0.04073275998234749,0.2904093861579895,0.6116059422492981,-0.014773387461900711,0.2944922149181366,0.5446475744247437,-0.026602743193507195,0.2924667000770569,0.502753496170044,-0.03750468045473099,0.2890862226486206,0.46628037095069885,-0.04573072865605354,0.26287591457366943,0.5981447100639343,-0.014439482241868973,0.26819413900375366,0.5234196186065674,-0.02386321686208248,0.2700631618499756,0.47528523206710815,-0.0338689386844635,0.2709144651889801,0.4357892870903015,-0.041455239057540894,0.23807112872600555,0.600987434387207,-0.01683829352259636,0.239905446767807,0.5331567525863647,-0.025800272822380066,0.24443042278289795,0.4907701015472412,-0.034242499619722366,0.24774169921875,0.45583486557006836,-0.040375422686338425,0.21279282867908478,0.6162220239639282,-0.021714668720960617,0.21507801115512848,0.564185619354248,-0.02948819287121296,0.21990028023719788,0.5322421193122864,-0.03319203108549118,0.22528403997421265,0.5038835406303406,-0.03595444932579994,b
0.22866331040859222,0.7687466740608215,2.1688133244879282e-07,0.2670929431915283,0.7512750029563904,-0.020816504955291748,0.29359903931617737,0.7020989656448364,-0.028383620083332062,0.2781442105770111,0.65385502576828,-0.034118108451366425,0.25046584010124207,0.6342924237251282,-0.039551835507154465,0.2899743318557739,0.6111781597137451,-0.014351061545312405,0.293824166059494,0.5443403720855713,-0.025957545265555382,0.2921108603477478,0.5024588108062744,-0.03663094714283943,0.2889845073223114,0.4660959839820862,-0.044732190668582916,0.26269468665122986,0.598007082939148,-0.014375831931829453,0.2677183747291565,0.5233224034309387,-0.023703347891569138,0.2695815861225128,0.47514045238494873,-0.03364751860499382,0.27046409249305725,0.4354831278324127,-0.041198406368494034,0.238084614276886,0.6013062000274658,-0.017074614763259888,0.23954862356185913,0.5335263013839722,-0.025887485593557358,0.24411523342132568,0.49103790521621704,-0.03430841863155365,0.24757850170135498,0.4557230770587921,-0.04047134146094322,0.21292027831077576,0.6170638799667358,-0.02219720557332039,0.21484415233135223,0.564903199672699,-0.029829906299710274,0.21942812204360962,0.5325787663459778,-0.03351645916700363,0.224593386054039,0.5035929679870605,-0.03632286936044693,b
0.22801955044269562,0.7691317200660706,2.190383696643039e-07,0.2669038772583008,0.7524275779724121,-0.020932886749505997,0.2939167618751526,0.7023040652275085,-0.02807089127600193,0.2797187566757202,0.6533287167549133,-0.03332149609923363,0.2508617341518402,0.6370296478271484,-0.03826417028903961,0.29021966457366943,0.6112317442893982,-0.013605207204818726,0.29445430636405945,0.5453976392745972,-0.024494383484125137,0.2927262783050537,0.5039963126182556,-0.034996479749679565,0.2896876037120819,0.46784549951553345,-0.04322317987680435,0.2627626955509186,0.597411036491394,-0.013502492569386959,0.2676255702972412,0.5232200026512146,-0.022190632298588753,0.26961809396743774,0.47509461641311646,-0.03197247162461281,0.2705116271972656,0.4355112910270691,-0.039572980254888535,0.2381017655134201,0.6006442904472351,-0.016089526936411858,0.23933009803295135,0.5332344770431519,-0.024539558216929436,0.24377523362636566,0.49101465940475464,-0.03307521715760231,0.2468772828578949,0.45617926120758057,-0.03941094130277634,0.21308882534503937,0.6166689395904541,-0.021152805536985397,0.21493962407112122,0.5653365850448608,-0.028547830879688263,0.21944469213485718,0.5334969758987427,-0.0322975218296051,0.2242981195449829,0.5052554607391357,-0.03528629615902901,b
0.22803352773189545,0.7692358493804932,2.1561646690315683e-07,0.26706650853157043,0.751890242099762,-0.020316312089562416,0.29391855001449585,0.7025608420372009,-0.02733336202800274,0.2786560654640198,0.6550571918487549,-0.032586030662059784,0.2505766749382019,0.6380719542503357,-0.037567637860774994,0.29014989733695984,0.6111574172973633,-0.013217039406299591,0.29382970929145813,0.5448575615882874,-0.024190139025449753,0.29207056760787964,0.503125011920929,-0.034622836858034134,0.28892743587493896,0.4667106866836548,-0.04271244630217552,0.26290464401245117,0.5977823138237,-0.01338507141917944,0.26784923672676086,0.5233145952224731,-0.02210966683924198,0.26991868019104004,0.4752817749977112,-0.03183729574084282,0.27080848813056946,0.43575596809387207,-0.03935503959655762,0.2384212613105774,0.6010211706161499,-0.016218634322285652,0.23969505727291107,0.53342604637146,-0.024602454155683517,0.24420210719108582,0.491242378950119,-0.032995834946632385,0.24738536775112152,0.45622938871383667,-0.03920896351337433,0.21343860030174255,0.6169230937957764,-0.02147310972213745,0.21537446975708008,0.5651344060897827,-0.028737854212522507,0.2200784981250763,0.533095121383667,-0.03235374391078949,0.22514371573925018,0.5045188069343567,-0.03522251918911934,b
0.22791419923305511,0.7690069079399109,2.13744783650327e-07,0.2674044966697693,0.7517105340957642,-0.02039605751633644,0.2947397232055664,0.7027100324630737,-0.027634397149086,0.28020963072776794,0.654758632183075,-0.03307967633008957,0.2527245283126831,0.6360214948654175,-0.038224585354328156,0.2903504967689514,0.6116698980331421,-0.013547166250646114,0.29448503255844116,0.5456464886665344,-0.024832630529999733,0.292736291885376,0.5043413043022156,-0.0354137159883976,0.2897057831287384,0.46846503019332886,-0.043532513082027435,0.26270151138305664,0.5981582403182983,-0.0136405685916543,0.2678125500679016,0.52339768409729,-0.02266506291925907,0.26991888880729675,0.4757174253463745,-0.032479334622621536,0.2709132730960846,0.43646812438964844,-0.03999343514442444,0.23804543912410736,0.601190447807312,-0.016383863985538483,0.2397102415561676,0.5331175327301025,-0.02504529245197773,0.24417991936206818,0.4913260340690613,-0.03330805525183678,0.24736759066581726,0.45663267374038696,-0.03936157003045082,0.21309694647789001,0.6170057654380798,-0.02152153104543686,0.21513697504997253,0.5651964545249939,-0.028973529115319252,0.22003141045570374,0.5336027145385742,-0.03249463066458702,0.22528423368930817,0.5055317878723145,-0.03521057963371277,b
0.22804363071918488,0.7680962681770325,2.1850335940598598e-07,0.26759812235832214,0.7521523237228394,-0.02091764099895954,0.2949683666229248,0.7028031349182129,-0.028255444020032883,0.2811668813228607,0.6540512442588806,-0.033730410039424896,0.25353512167930603,0.6357985138893127,-0.03898358345031738,0.29069459438323975,0.6113789677619934,-0.01464464608579874,0.2953527271747589,0.5458905100822449,-0.02617087960243225,0.2940101623535156,0.5043258666992188,-0.036931347101926804,0.291390597820282,0.4679138958454132,-0.045295484364032745,0.2629495859146118,0.5978154540061951,-0.014608556404709816,0.26807886362075806,0.5233063697814941,-0.023883093148469925,0.2702030539512634,0.47527867555618286,-0.03386233001947403,0.2713753283023834,0.4355984032154083,-0.041607119143009186,0.23820267617702484,0.6009622812271118,-0.01720711961388588,0.23970261216163635,0.5331448912620544,-0.02615654654800892,0.2441985160112381,0.49124419689178467,-0.03460198640823364,0.24757608771324158,0.45644044876098633,-0.04085627570748329,0.21318477392196655,0.6167439818382263,-0.022264063358306885,0.21527735888957977,0.5653228759765625,-0.030076872557401657,0.22041073441505432,0.5337550044059753,-0.0339459627866745,0.22601720690727234,0.5056424140930176,-0.03698532283306122,b
0.22699622809886932,0.7663565874099731,2.2993943105120707e-07,0.26712504029273987,0.7502833008766174,-0.022043323144316673,0.29644715785980225,0.7024250626564026,-0.030276959761977196,0.28378811478614807,0.6541258096694946,-0.03641962260007858,0.25702953338623047,0.6335732340812683,-0.042383454740047455,0.2905998229980469,0.6115878224372864,-0.017074724659323692,0.2964019477367401,0.5452800989151001,-0.029741141945123672,0.29516708850860596,0.5031631588935852,-0.04107183218002319,0.2924371361732483,0.4663071930408478,-0.04960894584655762,0.2626246213912964,0.5980631709098816,-0.016684256494045258,0.2693568170070648,0.5233137607574463,-0.02681277133524418,0.2717481851577759,0.4748637080192566,-0.037175316363573074,0.2729667127132416,0.43504756689071655,-0.045083459466695786,0.23761457204818726,0.6008627414703369,-0.018952462822198868,0.24063846468925476,0.5323224067687988,-0.028545191511511803,0.24549010396003723,0.48981189727783203,-0.03724576160311699,0.24917331337928772,0.4546135663986206,-0.043610166758298874,0.21200741827487946,0.6164466738700867,-0.02371148020029068,0.21463793516159058,0.56464022397995,-0.032044667750597,0.21998330950737,0.5328075885772705,-0.03605106100440025,0.2256312370300293,0.5046340227127075,-0.03907625749707222,b
0.22812984883785248,0.7658838033676147,2.3122150594190316e-07,0.2683045566082001,0.7460480332374573,-0.0197776947170496,0.2979280650615692,0.699944019317627,-0.02787550911307335,0.284171998500824,0.653379499912262,-0.03433153033256531,0.2565426230430603,0.6360226273536682,-0.04087091609835625,0.29076483845710754,0.6107457876205444,-0.016025559976696968,0.2966657876968384,0.5451786518096924,-0.028438566252589226,0.29559099674224854,0.503338098526001,-0.039777643978595734,0.29274460673332214,0.4662216901779175,-0.048357605934143066,0.2632365822792053,0.597415030002594,-0.017066748812794685,0.26989448070526123,0.5226243138313293,-0.026865672320127487,0.27189159393310547,0.4736276865005493,-0.037183571606874466,0.2723757326602936,0.43311914801597595,-0.045210957527160645,0.23828092217445374,0.6003376245498657,-0.02046777307987213,0.24090182781219482,0.5315238833427429,-0.029393913224339485,0.245662122964859,0.4889254570007324,-0.03772025927901268,0.24909447133541107,0.4537169933319092,-0.043983448296785355,0.21220451593399048,0.6159365773200989,-0.02616548351943493,0.21461284160614014,0.5635329484939575,-0.03377693146467209,0.22017185389995575,0.5307366251945496,-0.037199534475803375,0.22587226331233978,0.5017415285110474,-0.039900265634059906,b
0.2257029116153717,0.7653722763061523,2.1167667796362366e-07,0.2679157853126526,0.7443884611129761,-0.016229286789894104,0.298559308052063,0.6956201791763306,-0.02226746641099453,0.29068171977996826,0.6487191915512085,-0.027301203459501266,0.2625342309474945,0.6341966390609741,-0.03276615962386131,0.28847798705101013,0.6075655221939087,-0.012092497199773788,0.29568400979042053,0.5420910120010376,-0.02349003031849861,0.2948013246059418,0.5013170838356018,-0.03436356037855148,0.29149389266967773,0.46539533138275146,-0.04256965219974518,0.2617930471897125,0.5964195728302002,-0.014391962438821793,0.2687150537967682,0.5218477845191956,-0.023171786218881607,0.27063071727752686,0.47305813431739807,-0.03309161588549614,0.2702014446258545,0.4332180917263031,-0.04089043289422989,0.236853688955307,0.6011068820953369,-0.018807627260684967,0.23971182107925415,0.5326653718948364,-0.027106083929538727,0.2441464364528656,0.4899637699127197,-0.03524092584848404,0.246661975979805,0.4550757110118866,-0.04141242057085037,0.2105889767408371,0.6181252002716064,-0.025188729166984558,0.2132815420627594,0.5665900707244873,-0.032488975673913956,0.21843984723091125,0.5339269638061523,-0.03581613302230835,0.2229754775762558,0.5052375793457031,-0.0384930856525898,b
0.2219211459159851,0.7632101774215698,2.2559082424322696e-07,0.2634582817554474,0.7417439222335815,-0.017133045941591263,0.2958875000476837,0.6944432258605957,-0.024196794256567955,0.2940768301486969,0.6452142596244812,-0.030268171802163124,0.2649220824241638,0.6341097950935364,-0.03684016317129135,0.28078898787498474,0.6036803126335144,-0.012938106432557106,0.2878895103931427,0.5388829708099365,-0.024145647883415222,0.2885048985481262,0.49858689308166504,-0.03528337553143501,0.28788265585899353,0.46262121200561523,-0.044144559651613235,0.25635001063346863,0.5939080119132996,-0.01530599407851696,0.26410847902297974,0.5202964544296265,-0.024394726380705833,0.26668307185173035,0.47235307097435,-0.034797508269548416,0.26671555638313293,0.4320456385612488,-0.04312099516391754,0.23299601674079895,0.5995326638221741,-0.0197541993111372,0.23781467974185944,0.5315839648246765,-0.028421776369214058,0.24202020466327667,0.4888429641723633,-0.036991871893405914,0.24397006630897522,0.4522097706794739,-0.0436660535633564,0.2078094482421875,0.617432713508606,-0.026277322322130203,0.2113884836435318,0.5667306780815125,-0.033870991319417953,0.21596887707710266,0.5340719223022461,-0.037728145718574524,0.21928930282592773,0.5043318867683411,-0.04102718457579613,b
0.21958699822425842,0.7645598649978638,2.1635121072449692e-07,0.26092013716697693,0.7442439198493958,-0.01630842313170433,0.293173223733902,0.6941052079200745,-0.022489987313747406,0.296273797750473,0.6422238945960999,-0.02785261534154415,0.26888611912727356,0.6301496028900146,-0.033808283507823944,0.27501851320266724,0.6027922630310059,-0.010781903751194477,0.2814200222492218,0.5392975211143494,-0.021691784262657166,0.282500296831131,0.5000966787338257,-0.033050790429115295,0.2826305329799652,0.4650951623916626,-0.0421639010310173,0.25273504853248596,0.5942235589027405,-0.013656673021614552,0.2605127692222595,0.5195804238319397,-0.022724470123648643,0.2642211616039276,0.4720044732093811,-0.03320108726620674,0.2650149464607239,0.43171951174736023,-0.041610050946474075,0.23071067035198212,0.5999797582626343,-0.018797539174556732,0.23621617257595062,0.5296713709831238,-0.028056025505065918,0.24118857085704803,0.48563963174819946,-0.037077922374010086,0.2435581535100937,0.4481416940689087,-0.043877460062503815,0.2064795047044754,0.6170050501823425,-0.025961747393012047,0.2108190804719925,0.5617595314979553,-0.03461816534399986,0.21551275253295898,0.5268697142601013,-0.0393148735165596,0.21901819109916687,0.4950067400932312,-0.04315632954239845,b
0.2176470160484314,0.7662761211395264,2.0175215809103975e-07,0.2591530680656433,0.7448082566261292,-0.014230127446353436,0.2898297607898712,0.6920957565307617,-0.01932484284043312,0.2934751510620117,0.641478955745697,-0.02423294261097908,0.2670484483242035,0.6324589848518372,-0.029767921194434166,0.2703935503959656,0.6024295687675476,-0.0065840911120176315,0.27558010816574097,0.5412842035293579,-0.01712964102625847,0.2768581807613373,0.503899097442627,-0.02850492112338543,0.2780263125896454,0.47089746594429016,-0.03782864287495613,0.24859768152236938,0.5939593315124512,-0.010735707357525826,0.25573620200157166,0.5212790369987488,-0.02016160637140274,0.26099151372909546,0.4746711254119873,-0.030840406194329262,0.26451945304870605,0.43431395292282104,-0.039315156638622284,0.22704777121543884,0.6000525951385498,-0.017413048073649406,0.23201744258403778,0.5292483568191528,-0.027418917044997215,0.23843933641910553,0.4840478003025055,-0.03733978420495987,0.24336649477481842,0.4442519247531891,-0.04472561180591583,0.2039918452501297,0.617378294467926,-0.026009609922766685,0.2082315981388092,0.5617251992225647,-0.03527121618390083,0.2124972641468048,0.5257311463356018,-0.04089954122900963,0.21620632708072662,0.49192166328430176,-0.04559192806482315,b
0.21511004865169525,0.7666037678718567,1.9715618293503212e-07,0.25564154982566833,0.7443774938583374,-0.01388303842395544,0.2866092324256897,0.6888982653617859,-0.019074177369475365,0.29177165031433105,0.6373516321182251,-0.02401350624859333,0.26623407006263733,0.6298202872276306,-0.02952278032898903,0.2642573118209839,0.5992119908332825,-0.008221100084483624,0.2690284550189972,0.5346830487251282,-0.018746349960565567,0.26953521370887756,0.4946911931037903,-0.0296946931630373,0.26841625571250916,0.45953741669654846,-0.03870899975299835,0.244145467877388,0.593948245048523,-0.012510626576840878,0.251038521528244,0.5198062062263489,-0.021800046786665916,0.2541719973087311,0.4721866548061371,-0.032229870557785034,0.25365594029426575,0.4307708740234375,-0.04056105017662048,0.22422024607658386,0.6026663184165955,-0.018987691029906273,0.22964271903038025,0.532413125038147,-0.028621254488825798,0.23374837636947632,0.48887985944747925,-0.03764460235834122,0.23468664288520813,0.4498627185821533,-0.04453771188855171,0.20229139924049377,0.6217990517616272,-0.02732889913022518,0.20711256563663483,0.5675691366195679,-0.03654602915048599,0.21144074201583862,0.5328564643859863,-0.041757598519325256,0.21413975954055786,0.500022828578949,-0.04609650373458862,b
0.21577481925487518,0.7667437791824341,2.0718071880310163e-07,0.25611889362335205,0.7430780529975891,-0.013882217928767204,0.28614673018455505,0.6881343126296997,-0.019141562283039093,0.29028934240341187,0.6374559998512268,-0.024083536118268967,0.26551124453544617,0.6270685195922852,-0.029544265940785408,0.2641255557537079,0.600356936454773,-0.0086347796022892,0.26925548911094666,0.5350369215011597,-0.01940225064754486,0.2702192962169647,0.49502718448638916,-0.030093654990196228,0.2694631814956665,0.4602453112602234,-0.038647692650556564,0.24416081607341766,0.594907283782959,-0.012793660163879395,0.2516494691371918,0.5195538401603699,-0.0223715677857399,0.25472065806388855,0.47136545181274414,-0.032681845128536224,0.2541482448577881,0.43032240867614746,-0.04070543870329857,0.22419928014278412,0.6031474471092224,-0.01912146620452404,0.22984284162521362,0.532416582107544,-0.02912238985300064,0.2336793839931488,0.488511860370636,-0.03826102241873741,0.2344193458557129,0.4502132534980774,-0.045011043548583984,0.20192447304725647,0.6218984723091125,-0.02721860073506832,0.20742705464363098,0.567867636680603,-0.03653354570269585,0.2121475338935852,0.5333840847015381,-0.04163246601819992,0.21540409326553345,0.5014592409133911,-0.045761626213788986,b
0.21626925468444824,0.7667146921157837,1.9863634292960342e-07,0.25602346658706665,0.7425493001937866,-0.013475026935338974,0.2844718098640442,0.6878716945648193,-0.018811514601111412,0.28893452882766724,0.6386594772338867,-0.02385687083005905,0.26604899764060974,0.6272854804992676,-0.029395192861557007,0.2644363343715668,0.5999537706375122,-0.009647108614444733,0.2682766616344452,0.5336151719093323,-0.020754998549818993,0.2681203782558441,0.4925835430622101,-0.031398966908454895,0.26625555753707886,0.4565432071685791,-0.03989535942673683,0.24469000101089478,0.5949716567993164,-0.014017356559634209,0.2513590157032013,0.5184199213981628,-0.0238479133695364,0.2537572681903839,0.46982359886169434,-0.03382796794176102,0.25264859199523926,0.42806196212768555,-0.04156067222356796,0.22481143474578857,0.6036903262138367,-0.02044854499399662,0.2301652729511261,0.5313578844070435,-0.030449222773313522,0.23364996910095215,0.4875914454460144,-0.038998231291770935,0.23385562002658844,0.4490082263946533,-0.04532875493168831,0.2029150426387787,0.6231533288955688,-0.0286484993994236,0.20852822065353394,0.569078803062439,-0.03809218108654022,0.21303585171699524,0.5344127416610718,-0.04306803271174431,0.21581748127937317,0.5020836591720581,-0.047018446028232574,b
0.21597576141357422,0.7671090364456177,1.9191421074538084e-07,0.2563295364379883,0.7434576153755188,-0.012993918731808662,0.28548115491867065,0.6858032941818237,-0.01762976497411728,0.2900923192501068,0.6356005668640137,-0.022161012515425682,0.2655358612537384,0.6276329755783081,-0.02729228138923645,0.26387473940849304,0.5978373885154724,-0.007856767624616623,0.2672247290611267,0.5326812267303467,-0.018383795395493507,0.26750072836875916,0.4914461374282837,-0.028990134596824646,0.2660701870918274,0.4550575315952301,-0.03781624510884285,0.24449695646762848,0.5935966372489929,-0.012738723307847977,0.2511138617992401,0.5185242891311646,-0.022401880472898483,0.25417447090148926,0.46986639499664307,-0.032692380249500275,0.2535434067249298,0.42742040753364563,-0.04085605964064598,0.22489620745182037,0.6032835841178894,-0.019791187718510628,0.23033592104911804,0.5320227146148682,-0.03000546060502529,0.23418788611888885,0.4877767562866211,-0.03919915109872818,0.2346040904521942,0.44812098145484924,-0.04612530767917633,0.20316725969314575,0.6232773661613464,-0.028610406443476677,0.209117129445076,0.5689549446105957,-0.03833251819014549,0.2137201428413391,0.53401780128479,-0.043913982808589935,0.2165251225233078,0.5007597208023071,-0.048556894063949585,b
0.21475741267204285,0.7660358548164368,1.8200992712991138e-07,0.255543977022171,0.7431171536445618,-0.012904917821288109,0.28571265935897827,0.6857545375823975,-0.017372051253914833,0.2902972996234894,0.6353861689567566,-0.021738793700933456,0.26483336091041565,0.6279606223106384,-0.026746362447738647,0.2643442153930664,0.5981089472770691,-0.007494649849832058,0.2678070068359375,0.5340122580528259,-0.01781960390508175,0.26803067326545715,0.4933636784553528,-0.028400124981999397,0.2665122151374817,0.45719289779663086,-0.03727175295352936,0.24523088335990906,0.593556821346283,-0.01236383244395256,0.25205859541893005,0.5197306275367737,-0.022003132849931717,0.254896879196167,0.47122329473495483,-0.03239155560731888,0.2538423240184784,0.42867422103881836,-0.040704552084207535,0.22569653391838074,0.6028302907943726,-0.01940729096531868,0.23136349022388458,0.5324190855026245,-0.029806343838572502,0.23489752411842346,0.4886266589164734,-0.039115503430366516,0.23466168344020844,0.4493858218193054,-0.04608011990785599,0.20388029515743256,0.6221781969070435,-0.028188789263367653,0.21077664196491241,0.5673364400863647,-0.03807936981320381,0.215276300907135,0.5324392318725586,-0.043730154633522034,0.21765556931495667,0.4991500973701477,-0.048429086804389954,b
0.21488256752490997,0.7654807567596436,1.8633983245308627e-07,0.2559787929058075,0.7441122531890869,-0.01355905644595623,0.28695887327194214,0.6857686042785645,-0.017774585634469986,0.2909311354160309,0.6344193816184998,-0.02172955684363842,0.2645748257637024,0.6282200217247009,-0.026291009038686752,0.26476946473121643,0.5976864695549011,-0.007555985823273659,0.2686651945114136,0.5343629121780396,-0.017402278259396553,0.2689533829689026,0.4941357374191284,-0.02780315652489662,0.2676782011985779,0.45820432901382446,-0.03672275319695473,0.24488091468811035,0.592648983001709,-0.01200717780739069,0.25093188881874084,0.5189708471298218,-0.021354887634515762,0.2540164589881897,0.47085314989089966,-0.031863197684288025,0.25324851274490356,0.428588330745697,-0.04035741835832596,0.22507691383361816,0.6018757224082947,-0.018644962459802628,0.23016199469566345,0.5322443246841431,-0.029072919860482216,0.23342826962471008,0.48825758695602417,-0.0387275293469429,0.23282812535762787,0.44883474707603455,-0.0459359847009182,0.2036486715078354,0.6212133765220642,-0.02705369144678116,0.2101222574710846,0.5662103295326233,-0.03708245977759361,0.21470549702644348,0.5318153500556946,-0.04294421523809433,0.21692270040512085,0.4991707503795624,-0.04780309274792671,b
0.21528303623199463,0.7648056745529175,1.8210525354334095e-07,0.25638869404792786,0.7426199913024902,-0.013027878478169441,0.28681379556655884,0.6848244667053223,-0.017324600368738174,0.2909843921661377,0.6340677738189697,-0.02144453674554825,0.2651994228363037,0.6275275945663452,-0.02623969130218029,0.26523974537849426,0.597701370716095,-0.00791680347174406,0.2688544690608978,0.5340152978897095,-0.018047679215669632,0.26880723237991333,0.4935647249221802,-0.028505168855190277,0.2671875059604645,0.4575192332267761,-0.03738093003630638,0.2453138679265976,0.5928004384040833,-0.012635398656129837,0.2514328062534332,0.5187113881111145,-0.022201277315616608,0.2540668249130249,0.47053179144859314,-0.03266681730747223,0.25290459394454956,0.4281614124774933,-0.04105069488286972,0.2255164235830307,0.6021397709846497,-0.01942227967083454,0.23051699995994568,0.5320751667022705,-0.029808105900883675,0.23348823189735413,0.48841267824172974,-0.039138540625572205,0.23279216885566711,0.44908368587493896,-0.04611927270889282,0.2039598524570465,0.6217671632766724,-0.027917223051190376,0.20995581150054932,0.5672073364257812,-0.037749163806438446,0.2145000845193863,0.5328249931335449,-0.043337561190128326,0.21698974072933197,0.5000046491622925,-0.04798586666584015,b
0.2157594859600067,0.7654699087142944,1.8764384890346264e-07,0.2567373216152191,0.7422196269035339,-0.012979492545127869,0.2867061197757721,0.6848323345184326,-0.017686784267425537,0.2907088100910187,0.6339958906173706,-0.022235069423913956,0.2649664580821991,0.6260508298873901,-0.027481118217110634,0.26491600275039673,0.5979013442993164,-0.008608435280621052,0.2687397301197052,0.5333527326583862,-0.019236138090491295,0.26902449131011963,0.49255096912384033,-0.02994472347199917,0.2676779329776764,0.4559682011604309,-0.03890538215637207,0.24509111046791077,0.5937058329582214,-0.01354304514825344,0.25161418318748474,0.5193604826927185,-0.023431498557329178,0.25434181094169617,0.4710747003555298,-0.033995985984802246,0.25304704904556274,0.4282417297363281,-0.04243876039981842,0.22532102465629578,0.6033927798271179,-0.02051427587866783,0.2305929958820343,0.532978355884552,-0.030995622277259827,0.23385857045650482,0.4890560507774353,-0.04012363404035568,0.23340725898742676,0.4493385851383209,-0.04694654420018196,0.2036055028438568,0.6230483651161194,-0.029191195964813232,0.20981532335281372,0.5680316686630249,-0.039042335003614426,0.21505504846572876,0.5331355333328247,-0.04448998346924782,0.21826131641864777,0.49996885657310486,-0.0489952452480793,b
0.21377724409103394,0.7652695775032043,1.8712280791532976e-07,0.25530481338500977,0.7428281903266907,-0.012834815308451653,0.285664439201355,0.6851198673248291,-0.017212266102433205,0.2899024784564972,0.6343027353286743,-0.02143063209950924,0.26412126421928406,0.628230094909668,-0.026416094973683357,0.26451486349105835,0.5984959006309509,-0.008451388217508793,0.2683994770050049,0.5348705649375916,-0.018708061426877975,0.2688339650630951,0.4948104918003082,-0.029213402420282364,0.26774919033050537,0.45914357900619507,-0.03812019154429436,0.2445242553949356,0.5938795208930969,-0.013358698226511478,0.25098511576652527,0.5194829702377319,-0.02301872707903385,0.25381776690483093,0.4710196256637573,-0.0335349477827549,0.25294527411460876,0.42822930216789246,-0.04195299372076988,0.22457550466060638,0.6036270260810852,-0.020248930901288986,0.22980690002441406,0.5330407023429871,-0.030683957040309906,0.23308901488780975,0.48936891555786133,-0.03998968005180359,0.23298600316047668,0.4498744606971741,-0.04699355736374855,0.20262598991394043,0.6236511468887329,-0.02879616804420948,0.20856338739395142,0.5696171522140503,-0.03858185186982155,0.21366816759109497,0.5357499122619629,-0.044032081961631775,0.2169579267501831,0.5034549236297607,-0.04860672354698181,b
0.21394050121307373,0.7664756774902344,1.8629008025072835e-07,0.25563767552375793,0.7438795566558838,-0.012662502937018871,0.28523004055023193,0.6861476302146912,-0.01703641377389431,0.28888648748397827,0.6351569294929504,-0.021288452669978142,0.2635106146335602,0.6279222965240479,-0.026281656697392464,0.26396384835243225,0.5981851816177368,-0.008303984068334103,0.2681431472301483,0.5336952209472656,-0.018548794090747833,0.26846903562545776,0.49315136671066284,-0.029029715806245804,0.2672467827796936,0.45709627866744995,-0.03790545463562012,0.24405260384082794,0.5936562418937683,-0.01317589357495308,0.25063151121139526,0.5192612409591675,-0.022752955555915833,0.253376305103302,0.47100964188575745,-0.033308159559965134,0.25239771604537964,0.42842918634414673,-0.04175744205713272,0.22429481148719788,0.6032764911651611,-0.01999426819384098,0.22962762415409088,0.5326249003410339,-0.03026847541332245,0.23290736973285675,0.48900192975997925,-0.039528585970401764,0.23260657489299774,0.44970327615737915,-0.04649434983730316,0.20270252227783203,0.6232191920280457,-0.028458716347813606,0.20807647705078125,0.5689195990562439,-0.03822341561317444,0.21298427879810333,0.5343126058578491,-0.04374030604958534,0.21602773666381836,0.5017520189285278,-0.04829126223921776,b
0.21156930923461914,0.7669157981872559,1.8817821967331838e-07,0.25340887904167175,0.7444790601730347,-0.013504301197826862,0.28366807103157043,0.6870464086532593,-0.018333321437239647,0.28777962923049927,0.6354878544807434,-0.022959457710385323,0.2623758316040039,0.6278594732284546,-0.028288044035434723,0.26423871517181396,0.5982259511947632,-0.0080903060734272,0.26824238896369934,0.5337072610855103,-0.018451368436217308,0.26827913522720337,0.49293410778045654,-0.02926943451166153,0.2667245864868164,0.4564131200313568,-0.03841422125697136,0.24396947026252747,0.5937970280647278,-0.012764261104166508,0.2504504919052124,0.5197039246559143,-0.022468725219368935,0.2534979283809662,0.4714217483997345,-0.03335615620017052,0.25292742252349854,0.42895764112472534,-0.04215480014681816,0.22376716136932373,0.6033677458763123,-0.019572734832763672,0.2288435995578766,0.5335007309913635,-0.030094699934124947,0.23232166469097137,0.4889870285987854,-0.03985101357102394,0.23261597752571106,0.44943752884864807,-0.047203972935676575,0.20170597732067108,0.6227405071258545,-0.028137704357504845,0.2068967968225479,0.5680840611457825,-0.038055676966905594,0.21136251091957092,0.533257246017456,-0.04383903369307518,0.21405072510242462,0.5008871555328369,-0.04865483194589615,b
0.2112703025341034,0.7689158320426941,1.797655784230301e-07,0.2534545063972473,0.747482180595398,-0.013821454718708992,0.28427034616470337,0.690967321395874,-0.018864169716835022,0.28744420409202576,0.6393864154815674,-0.023641450330615044,0.2621120810508728,0.6315038204193115,-0.029235856607556343,0.2631978690624237,0.6012216806411743,-0.009059439413249493,0.267625629901886,0.5380126237869263,-0.01962704211473465,0.2680779993534088,0.4977107346057892,-0.030559241771697998,0.2672504782676697,0.4612162113189697,-0.03988293930888176,0.2424614578485489,0.5962554812431335,-0.013862529769539833,0.24867834150791168,0.5221178531646729,-0.023975038900971413,0.2521701753139496,0.4734775424003601,-0.035207174718379974,0.2521847188472748,0.42977792024612427,-0.04432668536901474,0.22194284200668335,0.6055243611335754,-0.020787028595805168,0.22677260637283325,0.5346705317497253,-0.03182434290647507,0.23093608021736145,0.4895429313182831,-0.04217264801263809,0.2317495346069336,0.44867274165153503,-0.04989827796816826,0.1997535079717636,0.624597430229187,-0.029459141194820404,0.20416779816150665,0.5676207542419434,-0.040143970400094986,0.20856112241744995,0.531225323677063,-0.04662379249930382,0.21127691864967346,0.49713921546936035,-0.05190589278936386,b
0.21091915667057037,0.7710356712341309,2.0201700579036697e-07,0.25360047817230225,0.7463577389717102,-0.01293084118515253,0.2827763855457306,0.6912511587142944,-0.017155596986413002,0.28208351135253906,0.6420368552207947,-0.02121557854115963,0.25651341676712036,0.6338817477226257,-0.02594711072742939,0.26144713163375854,0.6027010083198547,-0.0071530709974467754,0.26611611247062683,0.5383552312850952,-0.016861699521541595,0.2665790915489197,0.4984457790851593,-0.02724134922027588,0.26582521200180054,0.4630104899406433,-0.03573793172836304,0.23871153593063354,0.5963157415390015,-0.01149220671504736,0.24490584433078766,0.5218623876571655,-0.01970170997083187,0.24779142439365387,0.4736320972442627,-0.029739156365394592,0.24771800637245178,0.43236255645751953,-0.03788549825549126,0.21677222847938538,0.603771984577179,-0.017883310094475746,0.2211451232433319,0.5336059927940369,-0.026095813140273094,0.22551967203617096,0.4895307719707489,-0.034892864525318146,0.22714580595493317,0.45150601863861084,-0.04166799038648605,0.19317561388015747,0.622022807598114,-0.02605084516108036,0.19625192880630493,0.5664796233177185,-0.03361307457089424,0.20065811276435852,0.5314878225326538,-0.03791075944900513,0.20381157100200653,0.500169038772583,-0.0415964238345623,b
0.20896898210048676,0.7715904712677002,2.3429922180184803e-07,0.252061128616333,0.7472387552261353,-0.016465136781334877,0.2818392217159271,0.6920669674873352,-0.0208129920065403,0.2760733664035797,0.640899658203125,-0.024203205481171608,0.24746549129486084,0.6325856447219849,-0.02786717191338539,0.2639200985431671,0.6048909425735474,-0.006439268589019775,0.26783111691474915,0.5409912467002869,-0.01542612910270691,0.2680076062679291,0.501654863357544,-0.02563950978219509,0.2677806615829468,0.4670014977455139,-0.03405225649476051,0.2389492690563202,0.5957828164100647,-0.008444126695394516,0.24480867385864258,0.5220229029655457,-0.01592530682682991,0.24759458005428314,0.4730677306652069,-0.025966033339500427,0.2490430325269699,0.43268054723739624,-0.03400536999106407,0.21561309695243835,0.6012118458747864,-0.012977066449820995,0.21927765011787415,0.5318022966384888,-0.021115245297551155,0.22415870428085327,0.4871289134025574,-0.030097050592303276,0.22778679430484772,0.45046764612197876,-0.03677799180150032,0.19037003815174103,0.6187480688095093,-0.01960635744035244,0.19332334399223328,0.5648781657218933,-0.02694472298026085,0.19821596145629883,0.5312197208404541,-0.03073255531489849,0.20275993645191193,0.5013920068740845,-0.03395068272948265,b
0.20835140347480774,0.771004319190979,2.3078925437403086e-07,0.2514503598213196,0.7466297745704651,-0.016402455046772957,0.2813355326652527,0.6917628645896912,-0.02117280289530754,0.276817262172699,0.6411839127540588,-0.025082360953092575,0.2483399361371994,0.6332787275314331,-0.02943720482289791,0.2625073492527008,0.6044928431510925,-0.007734199520200491,0.26647141575813293,0.5403817892074585,-0.017287923023104668,0.2670813500881195,0.5010569095611572,-0.027811884880065918,0.2674597203731537,0.4663963317871094,-0.03648886829614639,0.23824308812618256,0.5964709520339966,-0.010119689628481865,0.24393348395824432,0.5223075747489929,-0.018372219055891037,0.2469426542520523,0.47312813997268677,-0.028986984863877296,0.24846845865249634,0.4326789975166321,-0.03750176727771759,0.21531647443771362,0.6028413772583008,-0.014939071610569954,0.21894988417625427,0.5330264568328857,-0.023914605379104614,0.2237333059310913,0.4878661334514618,-0.0337146632373333,0.22705969214439392,0.4508906602859497,-0.04100562632083893,0.1904543936252594,0.6208820343017578,-0.021786808967590332,0.1934880167245865,0.5671576261520386,-0.030048610642552376,0.1983632743358612,0.5334553122520447,-0.034736260771751404,0.2027423232793808,0.5035573840141296,-0.03866255655884743,b
0.20538486540317535,0.7746375799179077,2.495183366590936e-07,0.24957667291164398,0.7524128556251526,-0.018643906340003014,0.2807798981666565,0.6962877511978149,-0.023456737399101257,0.2718124985694885,0.6433857083320618,-0.02682121843099594,0.24100346863269806,0.6319043636322021,-0.030361047014594078,0.2641637921333313,0.6083747148513794,-0.008402063511312008,0.26879584789276123,0.5428112149238586,-0.01791974902153015,0.2689775228500366,0.5016704201698303,-0.028124982491135597,0.2685012221336365,0.4662104845046997,-0.036397919058799744,0.23830005526542664,0.5977859497070312,-0.009105665609240532,0.2448713481426239,0.523413896560669,-0.016910098493099213,0.24808339774608612,0.47377288341522217,-0.026917044073343277,0.24990683794021606,0.4337714910507202,-0.03475262597203255,0.21424050629138947,0.6025512218475342,-0.01249898411333561,0.21833233535289764,0.532713770866394,-0.020952189341187477,0.2239721119403839,0.4873542785644531,-0.030190203338861465,0.22799897193908691,0.45082205533981323,-0.036992378532886505,0.18806499242782593,0.6196289658546448,-0.01810462214052677,0.19180074334144592,0.5669348239898682,-0.025932779535651207,0.1978522390127182,0.5329801440238953,-0.030201615765690804,0.20344364643096924,0.5028862357139587,-0.03364291787147522,b
0.2017657458782196,0.7770973443984985,2.5733470465638675e-07,0.2441634088754654,0.7542251944541931,-0.01960635557770729,0.27524277567863464,0.7008341550827026,-0.026101477444171906,0.2610434889793396,0.6489362716674805,-0.031012438237667084,0.2289823442697525,0.6346895694732666,-0.03574099391698837,0.2649475038051605,0.6116675138473511,-0.009943163953721523,0.27027928829193115,0.5443569421768188,-0.020292693749070168,0.2705022096633911,0.5027471780776978,-0.030638527125120163,0.27003443241119385,0.4674530625343323,-0.038649022579193115,0.23766477406024933,0.5990701913833618,-0.010581583715975285,0.24492600560188293,0.5237628221511841,-0.018620828166604042,0.24841614067554474,0.47455984354019165,-0.028156787157058716,0.25061386823654175,0.4348524212837219,-0.035347193479537964,0.21268892288208008,0.6024840474128723,-0.013970838859677315,0.21729733049869537,0.532289445400238,-0.022007931023836136,0.22367478907108307,0.4878055155277252,-0.030241969972848892,0.22877296805381775,0.4509710967540741,-0.03626998886466026,0.18580663204193115,0.618852972984314,-0.019709376618266106,0.18974438309669495,0.5668662190437317,-0.02669227309525013,0.19631704688072205,0.5340777039527893,-0.029690055176615715,0.20264506340026855,0.5049843788146973,-0.03200077265501022,b
0.1989799588918686,0.7800239324569702,2.486016512648348e-07,0.2399011254310608,0.757230281829834,-0.02078992687165737,0.26727259159088135,0.7041158676147461,-0.027625223621726036,0.25119346380233765,0.6537418961524963,-0.03277280926704407,0.22051739692687988,0.6380892992019653,-0.03768438473343849,0.26015856862068176,0.6135705709457397,-0.010540804825723171,0.2657821476459503,0.5473222732543945,-0.021860817447304726,0.26591917872428894,0.5052677989006042,-0.03317863121628761,0.2651311159133911,0.46894943714141846,-0.041818585246801376,0.23400360345840454,0.6008065938949585,-0.010692821815609932,0.24144506454467773,0.5261935591697693,-0.019442345947027206,0.24456584453582764,0.47683799266815186,-0.029478011652827263,0.24662074446678162,0.43623068928718567,-0.03700120747089386,0.20942699909210205,0.6043019890785217,-0.013839512132108212,0.2145586758852005,0.5347739458084106,-0.021921150386333466,0.22114135324954987,0.49097949266433716,-0.030127450823783875,0.2264760285615921,0.45402249693870544,-0.03614526614546776,0.18262436985969543,0.6210862398147583,-0.019541412591934204,0.18605589866638184,0.5698509216308594,-0.02619042992591858,0.192348912358284,0.5369980335235596,-0.029172422364354134,0.1985829472541809,0.5071374177932739,-0.03149886429309845,b
0.19585123658180237,0.7819405198097229,2.495076785180572e-07,0.23458628356456757,0.7621715664863586,-0.023710079491138458,0.26217541098594666,0.7093849182128906,-0.03228280320763588,0.24477417767047882,0.6573447585105896,-0.0384700670838356,0.2131037563085556,0.6384775638580322,-0.044108796864748,0.2581721246242523,0.6178039908409119,-0.015848178416490555,0.26090386509895325,0.5467646718025208,-0.028467336669564247,0.2591898441314697,0.5025333166122437,-0.03988407924771309,0.25670355558395386,0.4648958146572113,-0.04833400249481201,0.23045596480369568,0.6037628054618835,-0.014821292832493782,0.23597848415374756,0.5252150297164917,-0.024819081649184227,0.23870083689689636,0.47521746158599854,-0.034909263253211975,0.24088150262832642,0.4349815249443054,-0.04220122471451759,0.20538009703159332,0.6060968637466431,-0.01681048423051834,0.2086612731218338,0.5342764854431152,-0.025594644248485565,0.21436162292957306,0.4901531934738159,-0.03355921059846878,0.21946623921394348,0.4535485506057739,-0.03932289779186249,0.17918547987937927,0.6216898560523987,-0.0215903352946043,0.1813662052154541,0.5689172148704529,-0.028674794360995293,0.1863817274570465,0.5358151197433472,-0.03166717663407326,0.1917729675769806,0.5056584477424622,-0.033874548971652985,b
0.19376495480537415,0.7838627099990845,2.2693545531637938e-07,0.23316091299057007,0.7603694200515747,-0.021212628111243248,0.25740885734558105,0.7061324119567871,-0.02875819429755211,0.23582427203655243,0.6575446128845215,-0.03450147435069084,0.2056453377008438,0.6395906209945679,-0.03976796567440033,0.25745922327041626,0.6182243227958679,-0.013144726864993572,0.26019367575645447,0.5481285452842712,-0.02539168857038021,0.2586929202079773,0.5035626888275146,-0.03662415221333504,0.256843626499176,0.465924471616745,-0.04513482376933098,0.22956879436969757,0.6044802665710449,-0.013391450978815556,0.23381155729293823,0.5269079804420471,-0.02344638854265213,0.23637716472148895,0.47634297609329224,-0.034151434898376465,0.23911122977733612,0.43555131554603577,-0.04208262637257576,0.20435084402561188,0.6072874665260315,-0.016526423394680023,0.20562565326690674,0.5359172224998474,-0.02594768814742565,0.2108781933784485,0.4912847876548767,-0.03526667505502701,0.21602998673915863,0.4546629786491394,-0.041989002376794815,0.17830228805541992,0.6234710216522217,-0.02214374952018261,0.17962755262851715,0.5705956816673279,-0.030156221240758896,0.1849956214427948,0.5378827452659607,-0.034266259521245956,0.1912788599729538,0.5087437033653259,-0.03735370934009552,b
0.19296416640281677,0.7811695337295532,2.3853041852817114e-07,0.2322951704263687,0.7604614496231079,-0.022950056940317154,0.25659555196762085,0.7082160115242004,-0.031265467405319214,0.23387038707733154,0.6583043336868286,-0.03734599053859711,0.20515185594558716,0.6380557417869568,-0.042830437421798706,0.25606417655944824,0.6185885667800903,-0.015287548303604126,0.2590330243110657,0.5496519207954407,-0.027497360482811928,0.2575148344039917,0.5058419108390808,-0.038749031722545624,0.2555296719074249,0.4680327773094177,-0.047355446964502335,0.22797362506389618,0.6037299633026123,-0.01463997270911932,0.2327810823917389,0.5263456106185913,-0.02457897737622261,0.23596981167793274,0.47589367628097534,-0.03522782400250435,0.23918616771697998,0.43397971987724304,-0.043365418910980225,0.20312422513961792,0.6054325699806213,-0.01698281429708004,0.2040267437696457,0.5359041690826416,-0.02639550343155861,0.2097499668598175,0.4920464754104614,-0.035891372710466385,0.215085968375206,0.45596426725387573,-0.042840808629989624,0.17788946628570557,0.6201745271682739,-0.021960871294140816,0.17928984761238098,0.5668824911117554,-0.029764283448457718,0.18552979826927185,0.5352230668067932,-0.03389643505215645,0.19256363809108734,0.5073959827423096,-0.0371798537671566,b
0.19227805733680725,0.7820690870285034,2.5086558252951363e-07,0.23166164755821228,0.7617940902709961,-0.023878389969468117,0.25529882311820984,0.708827018737793,-0.03243163600564003,0.23001164197921753,0.659831702709198,-0.038641780614852905,0.19965630769729614,0.6425180435180664,-0.04413975402712822,0.2551448345184326,0.617812991142273,-0.015230725519359112,0.2568759620189667,0.5488204956054688,-0.027601094916462898,0.2551729083061218,0.5047391653060913,-0.03908146545290947,0.2532682418823242,0.4668635129928589,-0.04780752211809158,0.22682924568653107,0.6032286882400513,-0.014321217313408852,0.2306964099407196,0.5261036157608032,-0.024389423429965973,0.23376718163490295,0.47527381777763367,-0.03515859693288803,0.23739787936210632,0.4332300126552582,-0.04315631836652756,0.2017616629600525,0.6056801080703735,-0.01653641276061535,0.2029077261686325,0.5362889766693115,-0.026006530970335007,0.20856301486492157,0.4916723668575287,-0.03539769724011421,0.21402791142463684,0.45439985394477844,-0.04207310453057289,0.17649024724960327,0.621674120426178,-0.021512961015105247,0.17797556519508362,0.5690011382102966,-0.029139716178178787,0.18339651823043823,0.536666989326477,-0.03293181583285332,0.18958516418933868,0.5074373483657837,-0.03585566580295563,b
0.1915714591741562,0.7800458669662476,2.5169214268316864e-07,0.23097001016139984,0.761677622795105,-0.02572495862841606,0.25363391637802124,0.7089701294898987,-0.03508349508047104,0.22767111659049988,0.6586047410964966,-0.04158169403672218,0.19874727725982666,0.6383075714111328,-0.04723706468939781,0.2549819052219391,0.6181312203407288,-0.018091905862092972,0.2566661834716797,0.548743486404419,-0.030957598239183426,0.2550640106201172,0.5046200752258301,-0.0424969419836998,0.2531498074531555,0.46663057804107666,-0.051289018243551254,0.22687891125679016,0.6030484437942505,-0.016184130683541298,0.23102805018424988,0.5252044200897217,-0.026950543746352196,0.2341899275779724,0.4748433828353882,-0.03805908188223839,0.2379559427499771,0.43262341618537903,-0.04631159454584122,0.2021341770887375,0.604867160320282,-0.01745440810918808,0.2029157429933548,0.5346676707267761,-0.027711527422070503,0.20885369181632996,0.4907814562320709,-0.03776922821998596,0.21482954919338226,0.45432382822036743,-0.04485592246055603,0.17718376219272614,0.6198970675468445,-0.021545082330703735,0.17884358763694763,0.56600022315979,-0.029769618064165115,0.18517789244651794,0.534457802772522,-0.03429810702800751,0.1925133466720581,0.5062553286552429,-0.03777012974023819,b
0.1925002485513687,0.7801649570465088,2.3673169380344916e-07,0.23202988505363464,0.760675311088562,-0.02444654516875744,0.2546873688697815,0.7062543034553528,-0.032863982021808624,0.22804313898086548,0.6568272709846497,-0.03866928815841675,0.1984826773405075,0.637371838092804,-0.04378237575292587,0.2554091513156891,0.6188787221908569,-0.01642591506242752,0.2571183443069458,0.5494951009750366,-0.028817003592848778,0.255856454372406,0.5054516792297363,-0.040134165436029434,0.25478595495224,0.46743136644363403,-0.04895025119185448,0.22762426733970642,0.6039227247238159,-0.015211409889161587,0.23165176808834076,0.5266957879066467,-0.025614913552999496,0.234822079539299,0.4758155941963196,-0.03710014000535011,0.23897261917591095,0.432949960231781,-0.0458943136036396,0.20287515223026276,0.605715274810791,-0.01710202358663082,0.20404060184955597,0.5362229943275452,-0.027265144512057304,0.2103331983089447,0.49081742763519287,-0.038155004382133484,0.21669916808605194,0.45285269618034363,-0.04606833681464195,0.1776217669248581,0.6205741763114929,-0.021680612117052078,0.1793060004711151,0.567540168762207,-0.03029722161591053,0.18545398116111755,0.5351203083992004,-0.03556811437010765,0.19262339174747467,0.5058495998382568,-0.039788611233234406,b
0.1931157261133194,0.7806018590927124,2.538350543090928e-07,0.23336417973041534,0.7593388557434082,-0.02417141944169998,0.25631237030029297,0.7061316967010498,-0.03268640488386154,0.22856681048870087,0.6582337021827698,-0.038646817207336426,0.19807136058807373,0.6400823593139648,-0.043933186680078506,0.2550906836986542,0.6195234656333923,-0.015844888985157013,0.25752606987953186,0.5500377416610718,-0.028218120336532593,0.25652748346328735,0.5057584643363953,-0.039584457874298096,0.2553047835826874,0.467146098613739,-0.048313792794942856,0.22724369168281555,0.6049095392227173,-0.01452042255550623,0.2319561243057251,0.5283910036087036,-0.024530984461307526,0.23525767028331757,0.47760409116744995,-0.03570054844021797,0.23904135823249817,0.4349914789199829,-0.044294483959674835,0.2024245411157608,0.6065998077392578,-0.01628139801323414,0.20378556847572327,0.5382863283157349,-0.025713101029396057,0.20966368913650513,0.4941661059856415,-0.03574071452021599,0.2152050882577896,0.4577290415763855,-0.043060462921857834,0.1771913468837738,0.6212157011032104,-0.020767783746123314,0.17886610329151154,0.5689424872398376,-0.02843795157968998,0.1849920004606247,0.5368247628211975,-0.032807428389787674,0.1920134723186493,0.5080123543739319,-0.036378201097249985,b
0.1930062472820282,0.7802318930625916,2.599715571705019e-07,0.23218996822834015,0.7586978077888489,-0.024813493713736534,0.2550756633281708,0.705816388130188,-0.03368863835930824,0.22817587852478027,0.6582767367362976,-0.03990216180682182,0.19779565930366516,0.6401400566101074,-0.04537070170044899,0.2539290189743042,0.6195605397224426,-0.016676319763064384,0.25635650753974915,0.550386905670166,-0.02924240753054619,0.25547248125076294,0.5066843628883362,-0.04068862274289131,0.2543572783470154,0.46797236800193787,-0.049442749470472336,0.22624415159225464,0.6050460934638977,-0.01511723268777132,0.23109358549118042,0.5290059447288513,-0.02532299980521202,0.234147310256958,0.4785389304161072,-0.036378297954797745,0.2377067357301712,0.43564093112945557,-0.04485044255852699,0.20163221657276154,0.6066312193870544,-0.016689132899045944,0.2039732038974762,0.5386946201324463,-0.02614705078303814,0.21002618968486786,0.49434471130371094,-0.035891782492399216,0.21572524309158325,0.45718634128570557,-0.0429827980697155,0.1765189915895462,0.6210419535636902,-0.021068302914500237,0.17873774468898773,0.5684014558792114,-0.028658220544457436,0.18483638763427734,0.5361042022705078,-0.0327792689204216,0.19168762862682343,0.506880521774292,-0.03612718731164932,b
0.19328033924102783,0.7815967798233032,2.53642639336249e-07,0.2320583015680313,0.7578913569450378,-0.023009244352579117,0.2541661560535431,0.704206109046936,-0.03127167001366615,0.2274324595928192,0.657562255859375,-0.03720653057098389,0.19724251329898834,0.6402279734611511,-0.042459867894649506,0.25343015789985657,0.6195306777954102,-0.015237867832183838,0.25593021512031555,0.5497991442680359,-0.027610784396529198,0.2549888789653778,0.5060237646102905,-0.03892658278346062,0.2535504996776581,0.4676416516304016,-0.04750565066933632,0.2256685048341751,0.6053221225738525,-0.014488662593066692,0.2301708161830902,0.5288161635398865,-0.02447974868118763,0.23300689458847046,0.4782681465148926,-0.03525219112634659,0.23606614768505096,0.43582862615585327,-0.04337676241993904,0.2010294646024704,0.6070526242256165,-0.0167301744222641,0.2027980089187622,0.5381001234054565,-0.025823606178164482,0.2088572084903717,0.4934495687484741,-0.03512011840939522,0.21444420516490936,0.4563359022140503,-0.04184029996395111,0.17620232701301575,0.6215121746063232,-0.02163059264421463,0.17773161828517914,0.5684223771095276,-0.028867207467556,0.18348528444766998,0.5358065366744995,-0.03249487280845642,0.18993203341960907,0.5067654848098755,-0.035376254469156265,b
0.19243396818637848,0.7813166379928589,2.461278825194313e-07,0.2314763367176056,0.7592989802360535,-0.024089282378554344,0.25403058528900146,0.7061598300933838,-0.03270044922828674,0.22774572670459747,0.6587287783622742,-0.03868360444903374,0.19805748760700226,0.6399139165878296,-0.043911587446928024,0.25396713614463806,0.6199451684951782,-0.01632537506520748,0.2560734152793884,0.550206184387207,-0.028864029794931412,0.2546457350254059,0.5062159299850464,-0.0403674878180027,0.25287488102912903,0.4679543077945709,-0.04911765456199646,0.2262466847896576,0.6050736308097839,-0.01500790473073721,0.23064929246902466,0.5282162427902222,-0.02502731792628765,0.2332814335823059,0.47764062881469727,-0.036064185202121735,0.23621919751167297,0.43533778190612793,-0.0444757416844368,0.2015773057937622,0.6064534187316895,-0.016740132123231888,0.20319756865501404,0.5372124910354614,-0.025948870927095413,0.20904555916786194,0.49259185791015625,-0.035777270793914795,0.21436160802841187,0.4559461772441864,-0.04294900223612785,0.17661693692207336,0.6209496259689331,-0.021183917298913002,0.1778305470943451,0.5678635835647583,-0.028729800134897232,0.18327708542346954,0.5354700684547424,-0.032916516065597534,0.18926741182804108,0.506882905960083,-0.03622763976454735,b
0.19197115302085876,0.7826091051101685,2.5096395006585226e-07,0.23082733154296875,0.759459376335144,-0.023972228169441223,0.2535437345504761,0.7056208848953247,-0.03261098638176918,0.22707325220108032,0.6587338447570801,-0.03877384588122368,0.19716714322566986,0.6412893533706665,-0.04424689710140228,0.25284790992736816,0.6197342872619629,-0.01617572456598282,0.25471237301826477,0.5501578450202942,-0.0289925467222929,0.25317904353141785,0.5060709118843079,-0.04065210744738579,0.25132277607917786,0.46739450097084045,-0.04945363849401474,0.224986270070076,0.6057264804840088,-0.01515692938119173,0.2294505387544632,0.5293328166007996,-0.025554247200489044,0.2320210337638855,0.4784153699874878,-0.03672521561384201,0.23489654064178467,0.4355362057685852,-0.04519286006689072,0.20019450783729553,0.6076949238777161,-0.01721281185746193,0.201825350522995,0.5391306281089783,-0.026771916076540947,0.20731793344020844,0.49453243613243103,-0.03645528852939606,0.21224389970302582,0.45755085349082947,-0.043421417474746704,0.175217404961586,0.6224262714385986,-0.02201104909181595,0.1776188760995865,0.5692334175109863,-0.02957378700375557,0.18365643918514252,0.5365015268325806,-0.033552385866642,0.1902308315038681,0.5070732831954956,-0.036742571741342545,b
0.1922396421432495,0.7818524837493896,2.497814648450003e-07,0.23109406232833862,0.7606728076934814,-0.0245716143399477,0.25286853313446045,0.707695722579956,-0.03346678614616394,0.22671718895435333,0.661051869392395,-0.03974379599094391,0.19827300310134888,0.6420184373855591,-0.045286230742931366,0.2527754008769989,0.61978679895401,-0.01737597957253456,0.25399765372276306,0.550611674785614,-0.030379854142665863,0.2521877884864807,0.5064061284065247,-0.04211450740695,0.2500460743904114,0.46772444248199463,-0.051074836403131485,0.22467216849327087,0.6057473421096802,-0.01615641452372074,0.22851788997650146,0.5288757681846619,-0.02683742716908455,0.2309640496969223,0.4780430197715759,-0.038133878260850906,0.2339261919260025,0.4351614713668823,-0.046711333096027374,0.19972537457942963,0.607824444770813,-0.018036093562841415,0.20070122182369232,0.5388708710670471,-0.02797962911427021,0.20605045557022095,0.4941699504852295,-0.03800798952579498,0.21125738322734833,0.45673897862434387,-0.04528405889868736,0.17465060949325562,0.6229265928268433,-0.022686777636408806,0.17595955729484558,0.5703902244567871,-0.030828267335891724,0.1813652366399765,0.5381902456283569,-0.03537073731422424,0.18758836388587952,0.5090159177780151,-0.03899255022406578,b
0.19267819821834564,0.7811343669891357,2.5581061890989076e-07,0.23158545792102814,0.7602906227111816,-0.025130383670330048,0.2538783550262451,0.7088267803192139,-0.034585658460855484,0.22749263048171997,0.6631285548210144,-0.041295286267995834,0.19875124096870422,0.6444754600524902,-0.0473196767270565,0.25226664543151855,0.6191364526748657,-0.018568046391010284,0.2533929944038391,0.5499820113182068,-0.03173673152923584,0.251554399728775,0.5059862732887268,-0.043511420488357544,0.2492816001176834,0.4670870900154114,-0.05247512087225914,0.22426514327526093,0.6050964593887329,-0.017160281538963318,0.22819042205810547,0.5285957455635071,-0.027825362980365753,0.23036430776119232,0.4779820442199707,-0.03913161903619766,0.2329486906528473,0.4349049925804138,-0.04781890660524368,0.19955144822597504,0.6071142554283142,-0.018841369077563286,0.2011113315820694,0.5386652946472168,-0.028714029118418694,0.20649218559265137,0.49386072158813477,-0.038810744881629944,0.2115209400653839,0.4561688303947449,-0.0461774580180645,0.17472361028194427,0.621955394744873,-0.02331443317234516,0.1763935536146164,0.5685625076293945,-0.03136799857020378,0.18215453624725342,0.5358668565750122,-0.0358651727437973,0.18873761594295502,0.506187379360199,-0.03948738053441048,b
0.19213014841079712,0.7827789187431335,2.5697181627037935e-07,0.2317393720149994,0.762006402015686,-0.02410241961479187,0.2543369233608246,0.7091116309165955,-0.03298432007431984,0.22818520665168762,0.6623537540435791,-0.03937636315822601,0.19812949001789093,0.6454670429229736,-0.04518110305070877,0.2527277171611786,0.6190829873085022,-0.017284538596868515,0.2532694339752197,0.549869954586029,-0.029882337898015976,0.2513519525527954,0.5058184266090393,-0.04139113798737526,0.24907715618610382,0.46687889099121094,-0.05029105767607689,0.2244674414396286,0.6053162813186646,-0.016467850655317307,0.22802287340164185,0.5282856225967407,-0.026941509917378426,0.23039229214191437,0.4769977033138275,-0.03815776854753494,0.2329326570034027,0.43392080068588257,-0.046662479639053345,0.19958865642547607,0.6079280376434326,-0.018644770607352257,0.2005961835384369,0.5383351445198059,-0.028592318296432495,0.20595549046993256,0.4927273988723755,-0.03879734128713608,0.2107977718114853,0.45473188161849976,-0.0461205430328846,0.17468014359474182,0.6232871413230896,-0.023497574031352997,0.17594724893569946,0.5694996118545532,-0.031731076538562775,0.18158558011054993,0.5363004803657532,-0.036287467926740646,0.18814779818058014,0.5064184069633484,-0.03987547382712364,b
0.19431042671203613,0.779496431350708,2.6234644678879704e-07,0.2327091097831726,0.7595361471176147,-0.026272043585777283,0.2547677457332611,0.7090932130813599,-0.036709025502204895,0.22695057094097137,0.6628977656364441,-0.044237639755010605,0.19747449457645416,0.6435853838920593,-0.05103692784905434,0.25275763869285583,0.6190608739852905,-0.020700279623270035,0.25325238704681396,0.5493966341018677,-0.03452853113412857,0.2509554624557495,0.5050007104873657,-0.04662306606769562,0.2483026683330536,0.4657779335975647,-0.055783648043870926,0.22404168546199799,0.6047614216804504,-0.018953997641801834,0.22711534798145294,0.5271153450012207,-0.030288036912679672,0.22911317646503448,0.47651469707489014,-0.041854988783597946,0.2318202704191208,0.4333442747592926,-0.050691451877355576,0.1991065889596939,0.6064962148666382,-0.020274346694350243,0.19968494772911072,0.5371460318565369,-0.030669821426272392,0.20465412735939026,0.4920717477798462,-0.04090726375579834,0.20954415202140808,0.4541586935520172,-0.04834325239062309,0.1745101511478424,0.6211881041526794,-0.02446325682103634,0.175668403506279,0.567743718624115,-0.03276992589235306,0.1810053437948227,0.5351483821868896,-0.03739159554243088,0.18700942397117615,0.5056045055389404,-0.04110760614275932,b
0.19522053003311157,0.7776310443878174,2.537133241276024e-07,0.2339209020137787,0.7571239471435547,-0.025702200829982758,0.2542372941970825,0.7064512372016907,-0.03585159406065941,0.22635215520858765,0.6624794006347656,-0.043173618614673615,0.19754502177238464,0.644839346408844,-0.04979616776108742,0.2532646358013153,0.6181965470314026,-0.020344730466604233,0.25308001041412354,0.5501400828361511,-0.03429262712597847,0.25044625997543335,0.506671667098999,-0.04645548760890961,0.24752172827720642,0.4679064154624939,-0.05566025897860527,0.22466887533664703,0.6041665077209473,-0.018862342461943626,0.2269379049539566,0.52769935131073,-0.030448660254478455,0.22856688499450684,0.4774784743785858,-0.04198016971349716,0.2310098260641098,0.43385595083236694,-0.05070866271853447,0.19962872564792633,0.6062139868736267,-0.020401518791913986,0.19933143258094788,0.5373083353042603,-0.031063023954629898,0.20382215082645416,0.49250683188438416,-0.04098282381892204,0.20853517949581146,0.45398497581481934,-0.04804810509085655,0.174786776304245,0.6212460994720459,-0.024752259254455566,0.17524394392967224,0.5679417848587036,-0.033153798431158066,0.1805473417043686,0.5354189276695251,-0.03748445212841034,0.18679890036582947,0.5057492852210999,-0.04089983180165291,b
0.19855710864067078,0.7744678258895874,2.663302325345285e-07,0.2360296994447708,0.7526495456695557,-0.024610837921500206,0.25686708092689514,0.7051794528961182,-0.034883420914411545,0.2298378050327301,0.6660709977149963,-0.04266422986984253,0.20133638381958008,0.6521677374839783,-0.04994896426796913,0.2536662220954895,0.6158633232116699,-0.01977812871336937,0.2531799376010895,0.5491847395896912,-0.033435482531785965,0.2503434419631958,0.5062660574913025,-0.04548873379826546,0.24695232510566711,0.46737241744995117,-0.0546991340816021,0.22490961849689484,0.6020470261573792,-0.019128093495965004,0.22684992849826813,0.5260797142982483,-0.03028768301010132,0.22783313691616058,0.4756447672843933,-0.04185979813337326,0.22953957319259644,0.43175065517425537,-0.0507466122508049,0.19978585839271545,0.6048406362533569,-0.021321693435311317,0.19947746396064758,0.5366091728210449,-0.03144967555999756,0.2034391164779663,0.491333544254303,-0.041541822254657745,0.2076011747121811,0.45231056213378906,-0.0488433800637722,0.17508085072040558,0.6212369203567505,-0.026228029280900955,0.17516767978668213,0.569160521030426,-0.03411448746919632,0.17997963726520538,0.5363606810569763,-0.03826730325818062,0.18571878969669342,0.50645512342453,-0.04163115471601486,b
0.19949668645858765,0.7716304063796997,2.581748503871495e-07,0.23810911178588867,0.7504901885986328,-0.0247642882168293,0.2608584463596344,0.7029845714569092,-0.0351477712392807,0.23558174073696136,0.6629595160484314,-0.042972665280103683,0.2060493379831314,0.649282693862915,-0.05048883706331253,0.2548896074295044,0.6136330962181091,-0.020589575171470642,0.25373023748397827,0.5474184155464172,-0.034314170479774475,0.25004857778549194,0.504798173904419,-0.04632485285401344,0.2458568513393402,0.46626824140548706,-0.05550472438335419,0.22575536370277405,0.6007837057113647,-0.01987042836844921,0.22679445147514343,0.5250946283340454,-0.03144094720482826,0.2270779013633728,0.4746789336204529,-0.04326764494180679,0.22796255350112915,0.4308398365974426,-0.05225105211138725,0.20053039491176605,0.6042249798774719,-0.021897489205002785,0.1996622383594513,0.5356327891349792,-0.03254549950361252,0.2029610574245453,0.48999303579330444,-0.04291354864835739,0.20634004473686218,0.45058804750442505,-0.05033298581838608,0.17594636976718903,0.6209292411804199,-0.026554865762591362,0.1752161830663681,0.5684620141983032,-0.03505828231573105,0.17927539348602295,0.5353054404258728,-0.03953962028026581,0.18410737812519073,0.5049928426742554,-0.043050672858953476,b
0.20295031368732452,0.7659279704093933,2.5325493879790884e-07,0.2409367561340332,0.7447672486305237,-0.025309739634394646,0.2637978196144104,0.7001938819885254,-0.03691998869180679,0.2381281703710556,0.6640926003456116,-0.04610281065106392,0.20775818824768066,0.6527276635169983,-0.055258456617593765,0.2537982165813446,0.6118947863578796,-0.023737553507089615,0.25221356749534607,0.5466910004615784,-0.038827359676361084,0.24719446897506714,0.5053585171699524,-0.05149662867188454,0.24133241176605225,0.467029333114624,-0.060977574437856674,0.22437147796154022,0.6000508666038513,-0.023120790719985962,0.22426947951316833,0.5261561870574951,-0.03569113090634346,0.22240200638771057,0.47674560546875,-0.047903887927532196,0.22073474526405334,0.43245652318000793,-0.057313285768032074,0.19935238361358643,0.604218065738678,-0.025074796751141548,0.19759048521518707,0.5379040837287903,-0.03591470047831535,0.19804738461971283,0.4941886067390442,-0.04547187685966492,0.19852475821971893,0.45471954345703125,-0.05244822055101395,0.17558908462524414,0.6215851902961731,-0.029764840379357338,0.17375344038009644,0.5702256560325623,-0.03779200091958046,0.17631679773330688,0.5376561284065247,-0.0415116623044014,0.17945243418216705,0.5072991847991943,-0.044620316475629807,b
0.20508335530757904,0.7643147706985474,2.723427030559833e-07,0.24216514825820923,0.7425921559333801,-0.024757077917456627,0.26359227299690247,0.696393609046936,-0.03584885969758034,0.23666022717952728,0.660885751247406,-0.0444413498044014,0.2051718682050705,0.6534010171890259,-0.052924368530511856,0.2543468475341797,0.6099191308021545,-0.0224431324750185,0.25176143646240234,0.5465478897094727,-0.036672793328762054,0.24693141877651215,0.5059585571289062,-0.04884376749396324,0.24139809608459473,0.46833378076553345,-0.05805004760622978,0.22518272697925568,0.5981814861297607,-0.021922579035162926,0.2244294434785843,0.5253845453262329,-0.03372738137841225,0.22264857590198517,0.4762001633644104,-0.045115530490875244,0.22111080586910248,0.4324900507926941,-0.05379209294915199,0.20033890008926392,0.6025936007499695,-0.02399403601884842,0.19761939346790314,0.5369030833244324,-0.03427516669034958,0.19830536842346191,0.49312227964401245,-0.04311079531908035,0.1990770846605301,0.45404699444770813,-0.049404077231884,0.17637309432029724,0.6199330687522888,-0.028768092393875122,0.17391005158424377,0.5678446292877197,-0.0362728014588356,0.17603397369384766,0.5345747470855713,-0.03937394544482231,0.17891569435596466,0.5036469101905823,-0.04194820672273636,b
0.20641596615314484,0.7605289220809937,2.7503827482178167e-07,0.24355505406856537,0.7414148449897766,-0.026171931996941566,0.2650282382965088,0.6963438987731934,-0.03802690654993057,0.23670394718647003,0.6606810688972473,-0.04706653207540512,0.20420613884925842,0.6512195467948914,-0.0559270903468132,0.2548520565032959,0.6103435158729553,-0.02484814077615738,0.25140130519866943,0.5486576557159424,-0.03994987532496452,0.24633371829986572,0.5088980197906494,-0.052456486970186234,0.24104280769824982,0.4713852107524872,-0.06186690181493759,0.2254309058189392,0.5980420708656311,-0.023846233263611794,0.22392351925373077,0.5250726938247681,-0.03659665584564209,0.22194942831993103,0.4760833978652954,-0.04825523495674133,0.22082331776618958,0.43188679218292236,-0.057086046785116196,0.20055226981639862,0.6018131971359253,-0.025481661781668663,0.19679948687553406,0.5363644361495972,-0.0368354395031929,0.19720131158828735,0.49359872937202454,-0.045774366706609726,0.1981644481420517,0.4551714360713959,-0.05199167877435684,0.17662973701953888,0.6183893084526062,-0.02988538146018982,0.1742580682039261,0.5667762160301208,-0.03800877183675766,0.17629870772361755,0.5343232154846191,-0.04125360772013664,0.1792207658290863,0.503787636756897,-0.043923165649175644,b
0.20819538831710815,0.7585514783859253,2.4659550490468973e-07,0.2453918159008026,0.739733874797821,-0.02565035969018936,0.26600682735443115,0.6941382884979248,-0.03695910796523094,0.23690876364707947,0.6596776843070984,-0.04563797637820244,0.20467498898506165,0.6528973579406738,-0.054171521216630936,0.254858136177063,0.6116600632667542,-0.023495247587561607,0.25077754259109497,0.549325704574585,-0.03802783414721489,0.2452145218849182,0.5097901225090027,-0.05019040405750275,0.23938480019569397,0.4739350378513336,-0.059327010065317154,0.22507056593894958,0.59975665807724,-0.02224314957857132,0.2215350717306137,0.5288528203964233,-0.034346744418144226,0.21803878247737885,0.4816276431083679,-0.04581349715590477,0.21551395952701569,0.4396202564239502,-0.05461478605866432,0.20031477510929108,0.6033268570899963,-0.023618752136826515,0.19599898159503937,0.5393650531768799,-0.03422263264656067,0.19546164572238922,0.4975970983505249,-0.04310861974954605,0.19534392654895782,0.4602709412574768,-0.04945512115955353,0.17689120769500732,0.6194537281990051,-0.027759473770856857,0.1733219176530838,0.5690720677375793,-0.03557348623871803,0.17391708493232727,0.537487268447876,-0.03897255286574364,0.17517323791980743,0.5082437992095947,-0.04176829382777214,b
0.20803099870681763,0.7581566572189331,2.719099825299054e-07,0.244823157787323,0.7392613291740417,-0.02487565204501152,0.26530328392982483,0.6938683986663818,-0.03575805202126503,0.2366030514240265,0.6595537662506104,-0.04405980557203293,0.20416095852851868,0.6546634435653687,-0.052185483276844025,0.25416773557662964,0.6114323735237122,-0.022394530475139618,0.2507645785808563,0.5500930547714233,-0.03652750328183174,0.24561387300491333,0.5109409689903259,-0.04853188246488571,0.2397882044315338,0.4755474328994751,-0.057427700608968735,0.22475852072238922,0.5995119214057922,-0.02133410982787609,0.22184479236602783,0.5286621451377869,-0.032749101519584656,0.2186734974384308,0.480537086725235,-0.04366779327392578,0.21623897552490234,0.43868738412857056,-0.05186174437403679,0.20010173320770264,0.6031510233879089,-0.022853489965200424,0.1952391415834427,0.5395207405090332,-0.03278234228491783,0.19475114345550537,0.4982227385044098,-0.04110247641801834,0.19470278918743134,0.462552547454834,-0.04686060547828674,0.1765838861465454,0.6196240186691284,-0.027088752016425133,0.1723109781742096,0.5698140859603882,-0.034192055463790894,0.1728687584400177,0.538918137550354,-0.03686302527785301,0.17418351769447327,0.5110375285148621,-0.03896930813789368,b
0.21109148859977722,0.7585764527320862,2.3383826430745103e-07,0.2460431456565857,0.7390767335891724,-0.025031065568327904,0.26785314083099365,0.6954704523086548,-0.036779776215553284,0.24130553007125854,0.662516176700592,-0.04611325263977051,0.20905059576034546,0.6565110683441162,-0.055514950305223465,0.25471770763397217,0.6128822565078735,-0.023418214172124863,0.25016021728515625,0.5532448887825012,-0.03848736733198166,0.2439645677804947,0.5160098671913147,-0.05132898688316345,0.2374277263879776,0.4813280403614044,-0.06095815822482109,0.22517111897468567,0.6026285886764526,-0.02287764474749565,0.2208198457956314,0.5339306592941284,-0.03558136150240898,0.21627205610275269,0.48806700110435486,-0.04784439504146576,0.2124459147453308,0.4464537501335144,-0.05726747587323189,0.20067204535007477,0.6078017950057983,-0.02483176998794079,0.19509467482566833,0.5451310276985168,-0.036200713366270065,0.19337472319602966,0.5046694278717041,-0.04537414014339447,0.19167423248291016,0.46838265657424927,-0.05186665058135986,0.17751049995422363,0.6253460645675659,-0.029423702508211136,0.17302340269088745,0.5754280686378479,-0.03792618587613106,0.1728389412164688,0.5446921586990356,-0.0413152240216732,0.17319445312023163,0.5166486501693726,-0.04400195553898811,b
0.21197392046451569,0.755499005317688,2.6658372576093825e-07,0.24634727835655212,0.7385729551315308,-0.026549063622951508,0.26828208565711975,0.6977866888046265,-0.039302896708250046,0.2418116182088852,0.6639620661735535,-0.04919508472084999,0.20905721187591553,0.6574609875679016,-0.05900907143950462,0.25470882654190063,0.6121811270713806,-0.025742365047335625,0.249909907579422,0.5544450283050537,-0.04118744283914566,0.24357329308986664,0.5175682306289673,-0.054180871695280075,0.23679949343204498,0.48286524415016174,-0.06391354650259018,0.22492143511772156,0.6012232899665833,-0.024504292756319046,0.22095973789691925,0.5335839986801147,-0.03729042038321495,0.21680904924869537,0.48852717876434326,-0.04931848496198654,0.21365095674991608,0.4475433826446533,-0.058508098125457764,0.20034977793693542,0.6058974266052246,-0.025803092867136,0.19406595826148987,0.5455909967422485,-0.03702741116285324,0.19232520461082458,0.5062684416770935,-0.0458897165954113,0.19124136865139008,0.4711272120475769,-0.05215201526880264,0.17747843265533447,0.6233909130096436,-0.02988814376294613,0.1729792356491089,0.5749523043632507,-0.038062795996665955,0.1728154420852661,0.5445896983146667,-0.04134637862443924,0.17354772984981537,0.5165018439292908,-0.04397829994559288,b
0.21278172731399536,0.7533208727836609,2.69196249291781e-07,0.24683091044425964,0.7365456819534302,-0.026255659759044647,0.26813578605651855,0.6955523490905762,-0.03884796425700188,0.2410106658935547,0.6640998125076294,-0.048586469143629074,0.2083451747894287,0.6605784296989441,-0.05836290121078491,0.25468337535858154,0.6138833165168762,-0.02602488547563553,0.24993343651294708,0.5575464367866516,-0.04153477028012276,0.2443556785583496,0.5209438800811768,-0.05438151955604553,0.23876942694187164,0.48686984181404114,-0.06396013498306274,0.22514836490154266,0.6025482416152954,-0.02497016452252865,0.2214846909046173,0.5346518754959106,-0.0380401536822319,0.21758361160755157,0.4893672466278076,-0.049981772899627686,0.21460449695587158,0.44905033707618713,-0.0589095763862133,0.20082616806030273,0.6067851781845093,-0.026400849223136902,0.19494616985321045,0.5452406406402588,-0.03786854073405266,0.1934819370508194,0.5051305294036865,-0.046822939068078995,0.19292080402374268,0.46984803676605225,-0.05301116406917572,0.17776775360107422,0.6237182021141052,-0.030540592968463898,0.17270004749298096,0.574813961982727,-0.0388147309422493,0.17271429300308228,0.5436046719551086,-0.042203132063150406,0.17429161071777344,0.5145364999771118,-0.04490359500050545,b
0.21394343674182892,0.7552124261856079,2.586143921234907e-07,0.24681413173675537,0.7390155792236328,-0.026371832937002182,0.26878243684768677,0.6992294192314148,-0.03926808014512062,0.24256488680839539,0.6677716970443726,-0.04938345029950142,0.20927894115447998,0.6612916588783264,-0.059526145458221436,0.2553335726261139,0.6170291304588318,-0.026129379868507385,0.2500461935997009,0.5605849027633667,-0.04224323481321335,0.24332991242408752,0.5241032838821411,-0.05558028444647789,0.2365882843732834,0.48991864919662476,-0.06537440419197083,0.22526709735393524,0.6061049699783325,-0.025199297815561295,0.2209404855966568,0.5386265516281128,-0.03877547010779381,0.21638146042823792,0.4934210479259491,-0.051148172467947006,0.21302887797355652,0.4528517723083496,-0.06036551669239998,0.20047983527183533,0.6104891896247864,-0.026802806183695793,0.19448430836200714,0.5490627288818359,-0.038846876472234726,0.19231180846691132,0.5093477964401245,-0.04785362631082535,0.19093599915504456,0.47439542412757874,-0.05397549644112587,0.17709150910377502,0.6274293661117554,-0.03109160251915455,0.1723373532295227,0.577904999256134,-0.039986494928598404,0.17194095253944397,0.5467960834503174,-0.04336050897836685,0.17298349738121033,0.5178331136703491,-0.04586000740528107,b
0.2137392908334732,0.7545647621154785,2.4671825826771965e-07,0.24692966043949127,0.7399413585662842,-0.02725307084619999,0.2696436047554016,0.7016780972480774,-0.04092659801244736,0.24411365389823914,0.6709865927696228,-0.05167361721396446,0.21081572771072388,0.6632859110832214,-0.06250330060720444,0.2549506425857544,0.6196286082267761,-0.028119079768657684,0.2495662122964859,0.5645369291305542,-0.04509036988019943,0.24245724081993103,0.5294047594070435,-0.05896039307117462,0.2353723794221878,0.49646425247192383,-0.06900891661643982,0.2246549129486084,0.6089045405387878,-0.026795649901032448,0.21937739849090576,0.5427140593528748,-0.04123494029045105,0.21375872194766998,0.49890822172164917,-0.054149527102708817,0.20950350165367126,0.45921531319618225,-0.06379864364862442,0.2000068724155426,0.613141655921936,-0.027980875223875046,0.19361594319343567,0.5529942512512207,-0.04059192165732384,0.19132962822914124,0.5140327215194702,-0.049879852682352066,0.1898198425769806,0.47942468523979187,-0.05628204718232155,0.17691761255264282,0.6297467350959778,-0.03188696503639221,0.17172351479530334,0.5815077424049377,-0.04116577282547951,0.1709478497505188,0.5504005551338196,-0.04495950788259506,0.17159393429756165,0.5210254192352295,-0.04783852770924568,b
0.21545091271400452,0.7538435459136963,2.741938089911855e-07,0.24800540506839752,0.7386416792869568,-0.027986787259578705,0.27046626806259155,0.7014132738113403,-0.04235206916928291,0.24394837021827698,0.6716732382774353,-0.05353965237736702,0.2101070135831833,0.6656112670898438,-0.0648636594414711,0.25404298305511475,0.6201598644256592,-0.03063485398888588,0.24869216978549957,0.5648949146270752,-0.048144999891519547,0.24139972031116486,0.5297629833221436,-0.06206369772553444,0.23337998986244202,0.49689871072769165,-0.07198430597782135,0.2244933545589447,0.6101393699645996,-0.02902960777282715,0.22017765045166016,0.5441957116127014,-0.043536003679037094,0.2149878442287445,0.5005158185958862,-0.056143712252378464,0.21035431325435638,0.46150824427604675,-0.06553679704666138,0.20021246373653412,0.6148173213005066,-0.02988172136247158,0.19338633120059967,0.5547863245010376,-0.042258650064468384,0.1908479928970337,0.5161314010620117,-0.05118811875581741,0.18896958231925964,0.48216238617897034,-0.05738500505685806,0.17693942785263062,0.6316334009170532,-0.03352084010839462,0.1711530089378357,0.5833287239074707,-0.04255601763725281,0.1703711450099945,0.5524746775627136,-0.04615703970193863,0.1709020882844925,0.5239281058311462,-0.04891219735145569,b
0.21494370698928833,0.7555323839187622,2.662361282546044e-07,0.24839535355567932,0.7403358817100525,-0.02781514637172222,0.2713690400123596,0.7022960186004639,-0.042155127972364426,0.24449120461940765,0.6728637218475342,-0.05339265242218971,0.210271954536438,0.6672875285148621,-0.06480556726455688,0.2553551495075226,0.621252715587616,-0.029923560097813606,0.24914437532424927,0.5673730373382568,-0.04786374047398567,0.24181707203388214,0.5322275757789612,-0.0623014010488987,0.23432035744190216,0.49994224309921265,-0.07256060093641281,0.22528362274169922,0.6112915873527527,-0.028447367250919342,0.22036366164684296,0.5464345812797546,-0.04330898076295853,0.21454575657844543,0.5028437376022339,-0.05630194768309593,0.20993416011333466,0.4637500047683716,-0.06595936417579651,0.20063337683677673,0.6161325573921204,-0.029525144025683403,0.19405311346054077,0.5563040971755981,-0.04236072301864624,0.19109691679477692,0.5175021886825562,-0.0517895445227623,0.18894198536872864,0.48363399505615234,-0.058282043784856796,0.1770300418138504,0.6332173943519592,-0.03332175314426422,0.17087312042713165,0.585591733455658,-0.04271605238318443,0.16947786509990692,0.5547065734863281,-0.04665014147758484,0.1693640500307083,0.5259144306182861,-0.04963693767786026,b
0.21577563881874084,0.7585980892181396,2.5440840545343235e-07,0.2484627664089203,0.7409527897834778,-0.0259578637778759,0.2719983458518982,0.7029608488082886,-0.03923709690570831,0.2463437020778656,0.6735000014305115,-0.04974675551056862,0.21286040544509888,0.6690146327018738,-0.06046527624130249,0.2539508640766144,0.6215946674346924,-0.026943981647491455,0.2475435882806778,0.5675672888755798,-0.04371649771928787,0.23936569690704346,0.5331339836120605,-0.05748685076832771,0.2307864874601364,0.5012125968933105,-0.06734765321016312,0.22415193915367126,0.6127777099609375,-0.026028262451291084,0.21776600182056427,0.5483052730560303,-0.03997839242219925,0.21161693334579468,0.5049734115600586,-0.0523519292473793,0.20642420649528503,0.4663543105125427,-0.061564624309539795,0.19967040419578552,0.6190946698188782,-0.0275341235101223,0.1916818469762802,0.5604883432388306,-0.039515603333711624,0.18862859904766083,0.522129237651825,-0.04832085222005844,0.18616695702075958,0.48819226026535034,-0.0544448047876358,0.1764012575149536,0.6380553245544434,-0.03167345002293587,0.17050114274024963,0.5912445783615112,-0.040424514561891556,0.16927090287208557,0.5613046288490295,-0.04379517212510109,0.16880515217781067,0.5334547162055969,-0.046374209225177765,b
0.2126178741455078,0.7603883147239685,2.7053840767621296e-07,0.24624434113502502,0.743179202079773,-0.02620699815452099,0.26956138014793396,0.7044395804405212,-0.03940141946077347,0.2440652996301651,0.6752188205718994,-0.04971320182085037,0.21098491549491882,0.6728162169456482,-0.06024788320064545,0.25264692306518555,0.623668909072876,-0.027393750846385956,0.2468714714050293,0.5692132711410522,-0.043936144560575485,0.23911303281784058,0.5343806743621826,-0.05745898187160492,0.23071251809597015,0.5020220279693604,-0.06719069927930832,0.22288459539413452,0.6141567230224609,-0.0263069961220026,0.21765461564064026,0.549240231513977,-0.03996335715055466,0.21192871034145355,0.5053144693374634,-0.05210340395569801,0.2070802003145218,0.46605074405670166,-0.061134662479162216,0.198557049036026,0.6200077533721924,-0.0276423878967762,0.19085898995399475,0.5612038373947144,-0.03931635618209839,0.1878300905227661,0.5228418707847595,-0.04806416854262352,0.18578685820102692,0.48909056186676025,-0.05413404852151871,0.17547404766082764,0.6384767293930054,-0.031644657254219055,0.16963031888008118,0.5916047096252441,-0.040113698691129684,0.16872522234916687,0.5611622333526611,-0.04345778003334999,0.16908250749111176,0.5327990651130676,-0.046052899211645126,b
0.212819442152977,0.7644001245498657,2.6993910751116346e-07,0.24565112590789795,0.7465047836303711,-0.02557333931326866,0.26848986744880676,0.7076748609542847,-0.03847557678818703,0.2434895932674408,0.678085446357727,-0.048684727400541306,0.21090908348560333,0.674341082572937,-0.059053972363471985,0.2520577311515808,0.6249602437019348,-0.026349980384111404,0.24695876240730286,0.5698164701461792,-0.04274648800492287,0.2398732453584671,0.5346517562866211,-0.05620737001299858,0.23209871351718903,0.5021038055419922,-0.06590017676353455,0.22254355251789093,0.6155752539634705,-0.02566087618470192,0.2177717089653015,0.5500328540802002,-0.03922293707728386,0.21236570179462433,0.5060240030288696,-0.05145253613591194,0.20750214159488678,0.46635666489601135,-0.06052883341908455,0.1981888860464096,0.6217027306556702,-0.027368370443582535,0.19084693491458893,0.5627284646034241,-0.03898810222744942,0.18813815712928772,0.5239341259002686,-0.047934435307979584,0.18600749969482422,0.4891347587108612,-0.05418804660439491,0.17479585111141205,0.6405490636825562,-0.03169519826769829,0.16934898495674133,0.5935218930244446,-0.040206898003816605,0.1689167022705078,0.5629244446754456,-0.04367266967892647,0.16952766478061676,0.534015953540802,-0.04635532945394516,b
0.21156716346740723,0.7667028307914734,2.6489539095564396e-07,0.244537815451622,0.7482393383979797,-0.024793842807412148,0.26689088344573975,0.7091655731201172,-0.0373128317296505,0.2419021725654602,0.6798916459083557,-0.047281913459300995,0.2099871188402176,0.675401508808136,-0.05738670378923416,0.2508552372455597,0.6262949705123901,-0.025223569944500923,0.24534979462623596,0.5704321265220642,-0.041267696768045425,0.23857854306697845,0.5346850156784058,-0.05434686318039894,0.23124952614307404,0.5017209053039551,-0.06372375041246414,0.2214435636997223,0.6170134544372559,-0.02472059056162834,0.21673069894313812,0.551081120967865,-0.03815270587801933,0.2116476148366928,0.5064775347709656,-0.0500287301838398,0.20723409950733185,0.4664672315120697,-0.05869186669588089,0.19730176031589508,0.6227216124534607,-0.026585077866911888,0.19008366763591766,0.5632004737854004,-0.03799155727028847,0.18762829899787903,0.5243095755577087,-0.04636889323592186,0.18598215281963348,0.48921334743499756,-0.052102796733379364,0.17428827285766602,0.6411217451095581,-0.03102714568376541,0.16842758655548096,0.593890905380249,-0.03920751437544823,0.1681578904390335,0.5633519291877747,-0.04217347875237465,0.1693057417869568,0.5343061089515686,-0.0444006621837616,b
0.21154774725437164,0.7672035694122314,2.690656799586577e-07,0.24468715488910675,0.7482707500457764,-0.024921270087361336,0.2669800817966461,0.7093309164047241,-0.03767376020550728,0.24145399034023285,0.6794828772544861,-0.04784921556711197,0.2089453786611557,0.6751620173454285,-0.05812417343258858,0.25082674622535706,0.6267501711845398,-0.02535945177078247,0.24550727009773254,0.5716556310653687,-0.04142037779092789,0.2389078438282013,0.5360518097877502,-0.05453210696578026,0.23200200498104095,0.5029014348983765,-0.06403382122516632,0.22134412825107574,0.6171425580978394,-0.024898484349250793,0.2163582742214203,0.5514838695526123,-0.03837909549474716,0.21141308546066284,0.5070682168006897,-0.0502813421189785,0.20731450617313385,0.46722492575645447,-0.05904083326458931,0.19701358675956726,0.6228569746017456,-0.026806946843862534,0.18954190611839294,0.5634751319885254,-0.038478653877973557,0.18725375831127167,0.5242192149162292,-0.0470203272998333,0.1857593059539795,0.48887813091278076,-0.0528671033680439,0.1738204061985016,0.641252338886261,-0.0312766395509243,0.16792979836463928,0.5940757989883423,-0.03973539173603058,0.16765178740024567,0.5633274912834167,-0.0428774431347847,0.16867442429065704,0.5341796278953552,-0.04523357003927231,b
0.2110433727502823,0.7680244445800781,2.674112806744233e-07,0.24431338906288147,0.7493733763694763,-0.02552623860538006,0.26617059111595154,0.710880696773529,-0.03867947310209274,0.23891256749629974,0.6825717687606812,-0.049181099981069565,0.2063022404909134,0.6776622533798218,-0.05984161049127579,0.2504298686981201,0.6267403364181519,-0.025983093306422234,0.24512094259262085,0.5711619257926941,-0.04246188700199127,0.23781514167785645,0.5354063510894775,-0.05599896237254143,0.22965042293071747,0.5025810599327087,-0.06577784568071365,0.2211105227470398,0.6176168322563171,-0.025345908477902412,0.2165919691324234,0.551909863948822,-0.039058852940797806,0.2111135572195053,0.5076029896736145,-0.05150260776281357,0.20611563324928284,0.46789753437042236,-0.060735709965229034,0.19684821367263794,0.6238446831703186,-0.027150746434926987,0.18995657563209534,0.56430584192276,-0.038920219987630844,0.18731531500816345,0.5250645875930786,-0.04792001470923424,0.18525464832782745,0.48990392684936523,-0.05422034487128258,0.17352616786956787,0.6427319645881653,-0.031550854444503784,0.16769738495349884,0.5958368182182312,-0.04014042019844055,0.16717103123664856,0.5650577545166016,-0.0435933880507946,0.16795165836811066,0.5357532501220703,-0.046268031001091,b
0.21046264469623566,0.768656849861145,2.717560505516303e-07,0.24364489316940308,0.7504186034202576,-0.026732126250863075,0.2653637230396271,0.7113909721374512,-0.04022165387868881,0.23771673440933228,0.6826598048210144,-0.050815366208553314,0.20513664186000824,0.6777229905128479,-0.061478108167648315,0.2503126263618469,0.6277291178703308,-0.02673584595322609,0.2447582483291626,0.572582483291626,-0.04349750652909279,0.23750090599060059,0.5370404720306396,-0.057494375854730606,0.2293728142976761,0.5041049122810364,-0.06759614497423172,0.22063395380973816,0.6180180311203003,-0.02553131990134716,0.21617388725280762,0.5523552894592285,-0.039317112416028976,0.2109869122505188,0.5079666376113892,-0.052053432911634445,0.2064056098461151,0.46802353858947754,-0.0615142397582531,0.19620417058467865,0.623628556728363,-0.026893241330981255,0.1895792931318283,0.5640348792076111,-0.038758959621191025,0.18702074885368347,0.524817168712616,-0.04801216349005699,0.18501590192317963,0.4900745153427124,-0.05440398305654526,0.17296813428401947,0.6420295834541321,-0.03096884861588478,0.1675453633069992,0.5946890711784363,-0.039521120488643646,0.16683316230773926,0.5642336010932922,-0.0429646261036396,0.1672344207763672,0.5357670187950134,-0.04558282345533371,b
0.21127763390541077,0.7709968686103821,2.734040833729523e-07,0.24477830529212952,0.7536073923110962,-0.026756679639220238,0.26696938276290894,0.7139872312545776,-0.040177714079618454,0.23960992693901062,0.6833844184875488,-0.05080413445830345,0.20639044046401978,0.6779143810272217,-0.061536189168691635,0.25056999921798706,0.6293935179710388,-0.02705632708966732,0.24465583264827728,0.5735548734664917,-0.043973781168460846,0.237626850605011,0.5374108552932739,-0.057955384254455566,0.23012183606624603,0.5040357112884521,-0.0680617019534111,0.2206708937883377,0.6198792457580566,-0.025974661111831665,0.21544581651687622,0.5534330606460571,-0.04012935981154442,0.2103460431098938,0.5084933638572693,-0.05296890065073967,0.20623673498630524,0.4682527482509613,-0.06243395432829857,0.19625575840473175,0.6256666779518127,-0.027425965294241905,0.18904748558998108,0.5653274059295654,-0.03970407322049141,0.18659861385822296,0.5254957675933838,-0.04898020625114441,0.18492549657821655,0.4904347062110901,-0.05529842525720596,0.17314237356185913,0.6440322399139404,-0.03159021958708763,0.16736440360546112,0.595893383026123,-0.04056161269545555,0.16659878194332123,0.5653314590454102,-0.04411668702960014,0.1670013666152954,0.5369927883148193,-0.04672439768910408,b
0.2126792073249817,0.7710167765617371,2.8900043957946764e-07,0.24612422287464142,0.7537848949432373,-0.02765810675919056,0.26846930384635925,0.7148393988609314,-0.041672781109809875,0.24005118012428284,0.6832765936851501,-0.05262820050120354,0.20567530393600464,0.6782182455062866,-0.06355345994234085,0.251541405916214,0.6301493644714355,-0.028183933347463608,0.24534353613853455,0.5747056007385254,-0.04477771371603012,0.23857738077640533,0.5385670065879822,-0.058338914066553116,0.2319866567850113,0.5047067999839783,-0.0682944655418396,0.22186699509620667,0.6196503043174744,-0.026710616424679756,0.21628741919994354,0.552850604057312,-0.04058154672384262,0.21151520311832428,0.5080792903900146,-0.05288300663232803,0.20806697010993958,0.46778786182403564,-0.06198081374168396,0.19758428633213043,0.6250471472740173,-0.02777768485248089,0.18919649720191956,0.5651283264160156,-0.03995119035243988,0.18679629266262054,0.5257520079612732,-0.04882282763719559,0.18562301993370056,0.4909178912639618,-0.05485648289322853,0.17453867197036743,0.6432071328163147,-0.031640294939279556,0.16780275106430054,0.5956014394760132,-0.04047203063964844,0.16697293519973755,0.5652436017990112,-0.043784741312265396,0.1675092577934265,0.5371018648147583,-0.046235520392656326,b
0.21498548984527588,0.7694088816642761,2.7622422749118414e-07,0.24932612478733063,0.7522132992744446,-0.028253477066755295,0.27126485109329224,0.7126792669296265,-0.04248843342065811,0.24150031805038452,0.6818098425865173,-0.05351319536566734,0.20587614178657532,0.6777389645576477,-0.06453613936901093,0.2552918791770935,0.6307303309440613,-0.028686262667179108,0.24969075620174408,0.5762406587600708,-0.045549798756837845,0.24275973439216614,0.540739893913269,-0.05955208092927933,0.23606905341148376,0.5070862770080566,-0.06989257782697678,0.22563645243644714,0.6193064451217651,-0.026937760412693024,0.22031070291996002,0.5527871251106262,-0.04093615710735321,0.2153368890285492,0.5085660815238953,-0.05337398499250412,0.21166159212589264,0.4686785340309143,-0.06267950683832169,0.20110958814620972,0.6237154006958008,-0.02780521847307682,0.1937335580587387,0.5628980994224548,-0.040219541639089584,0.19181805849075317,0.5226712226867676,-0.049463238567113876,0.19057805836200714,0.48738133907318115,-0.0558035671710968,0.17792202532291412,0.640961229801178,-0.03148489445447922,0.17193898558616638,0.5932599306106567,-0.04061596095561981,0.17083780467510223,0.562649130821228,-0.04424068704247475,0.1705407202243805,0.5346518754959106,-0.04697323590517044,b
0.21528056263923645,0.7695955634117126,2.692440546070429e-07,0.24973365664482117,0.7546849846839905,-0.027956251055002213,0.2749016284942627,0.7172536253929138,-0.04198781028389931,0.24943189322948456,0.6845501065254211,-0.052901070564985275,0.21459166705608368,0.6770288348197937,-0.06374500691890717,0.2603331208229065,0.6282678842544556,-0.027298828586935997,0.2555287778377533,0.5706666707992554,-0.04384452477097511,0.24813614785671234,0.5340896844863892,-0.0578620582818985,0.24011071026325226,0.5006166100502014,-0.06808611750602722,0.23012450337409973,0.6170868873596191,-0.025628386065363884,0.2261204719543457,0.5500543713569641,-0.039154842495918274,0.2205684334039688,0.5059359669685364,-0.05162538215517998,0.21587051451206207,0.46698465943336487,-0.06086772680282593,0.20466969907283783,0.6216498017311096,-0.026625744998455048,0.1995164155960083,0.5599323511123657,-0.038738030940294266,0.19810183346271515,0.5198990702629089,-0.04779994860291481,0.19677452743053436,0.4849774241447449,-0.05398957058787346,0.18022869527339935,0.6394528150558472,-0.030407432466745377,0.17619085311889648,0.5909965634346008,-0.03959837555885315,0.17581497132778168,0.5615273118019104,-0.04273255914449692,0.1759321391582489,0.5347431898117065,-0.04485781490802765,b
0.22040724754333496,0.7701643109321594,2.690294991225528e-07,0.25492262840270996,0.753774106502533,-0.025779517367482185,0.2796126902103424,0.7130722403526306,-0.037851229310035706,0.25445467233657837,0.6774923801422119,-0.04711476340889931,0.22076638042926788,0.6691633462905884,-0.05618727579712868,0.2647038996219635,0.6226789951324463,-0.022269058972597122,0.2610129714012146,0.5656649470329285,-0.03708033263683319,0.2557139992713928,0.528854250907898,-0.05001576244831085,0.2504538893699646,0.4959297776222229,-0.05944016948342323,0.23564614355564117,0.6112950444221497,-0.020930517464876175,0.23230348527431488,0.544662356376648,-0.032958757132291794,0.2282133847475052,0.500393807888031,-0.04446106776595116,0.22517555952072144,0.46237632632255554,-0.05279897153377533,0.21125784516334534,0.6158331632614136,-0.022303475067019463,0.2062377631664276,0.5553715229034424,-0.03312003239989281,0.20584233105182648,0.5153591632843018,-0.04158863052725792,0.20589198172092438,0.48109912872314453,-0.047142814844846725,0.18769697844982147,0.6340323686599731,-0.026357276365160942,0.1847662329673767,0.5857316255569458,-0.03439778462052345,0.18520788848400116,0.5554683208465576,-0.03710474446415901,0.18610039353370667,0.5280340313911438,-0.03875824809074402,b
0.22448550164699554,0.7695030570030212,2.957696949579258e-07,0.26228490471839905,0.7550097107887268,-0.024157511070370674,0.2899054288864136,0.7114259600639343,-0.03512023761868477,0.2715585231781006,0.6695728302001953,-0.043441854417324066,0.23917676508426666,0.6590428352355957,-0.051915135234594345,0.2801564037799835,0.620533287525177,-0.022531405091285706,0.2791628837585449,0.5571432709693909,-0.0370054729282856,0.2756969928741455,0.5168548822402954,-0.04946678504347801,0.2713887691497803,0.481377512216568,-0.05831014737486839,0.25195589661598206,0.6082803010940552,-0.021631287410855293,0.2535055875778198,0.5343387126922607,-0.03320935368537903,0.2530755400657654,0.4857509732246399,-0.04433659836649895,0.25237151980400085,0.4456777572631836,-0.05220752954483032,0.22645024955272675,0.6115341186523438,-0.023105982691049576,0.22590531408786774,0.5451228618621826,-0.03333981707692146,0.22727465629577637,0.502071738243103,-0.04202781990170479,0.22833473980426788,0.466969758272171,-0.04769402742385864,0.20052149891853333,0.6275045871734619,-0.027050258591771126,0.20135676860809326,0.5737741589546204,-0.034825075417757034,0.20383280515670776,0.5420126914978027,-0.03728156164288521,0.20648382604122162,0.51434725522995,-0.038666583597660065,b
0.22581149637699127,0.7730095386505127,2.6239882799927727e-07,0.2646039128303528,0.7530463933944702,-0.021397026255726814,0.29180076718330383,0.7057741284370422,-0.03034265525639057,0.27507665753364563,0.6621813774108887,-0.03744156286120415,0.24499593675136566,0.6511070132255554,-0.04450996220111847,0.2872467041015625,0.6161201000213623,-0.01725143752992153,0.2900758981704712,0.5494836568832397,-0.030441051349043846,0.28818178176879883,0.5063319206237793,-0.04231172800064087,0.284345805644989,0.469407856464386,-0.050923027098178864,0.25996455550193787,0.6039535999298096,-0.017944635823369026,0.2636790871620178,0.5297239422798157,-0.028579827398061752,0.2632949948310852,0.4795793890953064,-0.0394478365778923,0.2620224058628082,0.4380534291267395,-0.04727718234062195,0.23478130996227264,0.6069173216819763,-0.021147068589925766,0.23599624633789062,0.5388655662536621,-0.030859729275107384,0.23881563544273376,0.4935753047466278,-0.039705049246549606,0.2406599521636963,0.4560618996620178,-0.04561774060130119,0.20887228846549988,0.6220967769622803,-0.02673528902232647,0.21064293384552002,0.5677076578140259,-0.034487638622522354,0.2145477682352066,0.5336880683898926,-0.037389494478702545,0.21851125359535217,0.503878653049469,-0.039216216653585434,b
0.22793443500995636,0.7711940407752991,2.3586626696214807e-07,0.26744768023490906,0.7539440393447876,-0.02179408073425293,0.2959631085395813,0.7062691450119019,-0.03051118738949299,0.285782128572464,0.6596977710723877,-0.03735391050577164,0.2566893398761749,0.6431311964988708,-0.04416866600513458,0.29386934638023376,0.6149579286575317,-0.017175018787384033,0.29795119166374207,0.547340989112854,-0.030358795076608658,0.2976735830307007,0.5039616823196411,-0.04216763749718666,0.2965267598628998,0.46694982051849365,-0.05093228816986084,0.26701778173446655,0.602371335029602,-0.0173184834420681,0.2724899351596832,0.5281229615211487,-0.028422463685274124,0.27452901005744934,0.4783790111541748,-0.03965841978788376,0.2761330008506775,0.4379813075065613,-0.048028990626335144,0.2420404851436615,0.6047161817550659,-0.02009671926498413,0.24590858817100525,0.5368724465370178,-0.030336324125528336,0.25117313861846924,0.4913943409919739,-0.040097106248140335,0.25562435388565063,0.4543984532356262,-0.0469517819583416,0.21650296449661255,0.6188217997550964,-0.025327708572149277,0.21969293057918549,0.5650647878646851,-0.033929262310266495,0.22397123277187347,0.5313032865524292,-0.03833044320344925,0.22853489220142365,0.5022321939468384,-0.04149571806192398,b
0.2319030463695526,0.7743855118751526,2.590879830677295e-07,0.2728985548019409,0.7547789216041565,-0.021440837532281876,0.30259281396865845,0.7038366794586182,-0.0290693286806345,0.2914775013923645,0.6535497307777405,-0.0347224585711956,0.2616281807422638,0.6368755102157593,-0.04028300940990448,0.29993051290512085,0.6154493689537048,-0.015925761312246323,0.3065077066421509,0.5461791753768921,-0.027970224618911743,0.30761417746543884,0.5013166666030884,-0.039206989109516144,0.30777639150619507,0.46271535754203796,-0.047700557857751846,0.2729293704032898,0.6015435457229614,-0.01598168909549713,0.28097355365753174,0.5265504717826843,-0.02541639655828476,0.28512126207351685,0.47578245401382446,-0.03561613708734512,0.2884589731693268,0.43508508801460266,-0.04319481924176216,0.24773529171943665,0.6038017272949219,-0.018613748252391815,0.2529137432575226,0.5345836877822876,-0.027334289625287056,0.25984618067741394,0.48816996812820435,-0.036258142441511154,0.2657347321510315,0.4510352313518524,-0.042690958827733994,0.22143486142158508,0.6188004016876221,-0.023744357749819756,0.22520019114017487,0.5656639337539673,-0.031274233013391495,0.23135653138160706,0.532171368598938,-0.03471365571022034,0.2376043200492859,0.5039798617362976,-0.03721319139003754,b
0.23357050120830536,0.7775776982307434,2.2693170365073456e-07,0.27775928378105164,0.7605085372924805,-0.02230886183679104,0.3102136254310608,0.7050806283950806,-0.02876560017466545,0.3002783954143524,0.6475819945335388,-0.03294192627072334,0.2697175145149231,0.6267319917678833,-0.036844342947006226,0.3053671717643738,0.616295337677002,-0.013532078824937344,0.31182366609573364,0.5465219020843506,-0.024199320003390312,0.31187817454338074,0.5003596544265747,-0.03508854657411575,0.31078267097473145,0.4603739380836487,-0.043806493282318115,0.27778714895248413,0.6018776893615723,-0.012688541784882545,0.28563839197158813,0.5261173844337463,-0.020973315462470055,0.2899523079395294,0.4757841229438782,-0.031136395409703255,0.2929803729057312,0.4355953335762024,-0.0391324907541275,0.252276211977005,0.6033021211624146,-0.014641785994172096,0.25787606835365295,0.5337907671928406,-0.023149199783802032,0.2655707895755768,0.48792964220046997,-0.03210730850696564,0.2714443802833557,0.45152562856674194,-0.03880633786320686,0.2255086600780487,0.6166588664054871,-0.0191978570073843,0.23050664365291595,0.5619668960571289,-0.027161767706274986,0.23768344521522522,0.528606653213501,-0.03105892241001129,0.24451299011707306,0.5008361339569092,-0.03403973579406738,b
0.23505696654319763,0.7783732414245605,2.0813789092244406e-07,0.27799123525619507,0.7600637078285217,-0.021686401218175888,0.31020545959472656,0.7043870687484741,-0.02754121646285057,0.29849278926849365,0.6462447643280029,-0.031378597021102905,0.26821571588516235,0.6244896054267883,-0.03475167974829674,0.3053586781024933,0.6160265803337097,-0.010188838467001915,0.3110933005809784,0.5478504300117493,-0.01983352191746235,0.3111516833305359,0.5040841102600098,-0.030211996287107468,0.3108673095703125,0.46605733036994934,-0.03873295709490776,0.27728787064552307,0.6007913947105408,-0.009284495376050472,0.28346168994903564,0.5262388586997986,-0.01671186089515686,0.2870318591594696,0.4774751663208008,-0.026621846482157707,0.28995978832244873,0.4382065534591675,-0.034734975546598434,0.25188884139060974,0.6020733714103699,-0.011357283219695091,0.2565802335739136,0.5341395735740662,-0.0189096387475729,0.2634870707988739,0.49042338132858276,-0.02748146466910839,0.268799364566803,0.45516157150268555,-0.03421236574649811,0.2256418764591217,0.6157158613204956,-0.016108805313706398,0.22946807742118835,0.5624178647994995,-0.023190151900053024,0.23513956367969513,0.5287252068519592,-0.027032002806663513,0.24065956473350525,0.4994630217552185,-0.030295461416244507,b
0.23494717478752136,0.7797214388847351,2.1976039477067388e-07,0.27814847230911255,0.7638571262359619,-0.02105291746556759,0.311519980430603,0.7074691653251648,-0.026252930983901024,0.3055363893508911,0.6482910513877869,-0.02933930978178978,0.2773369550704956,0.6247445940971375,-0.03191911056637764,0.3073573112487793,0.6182631850242615,-0.010350794531404972,0.31542444229125977,0.5494222044944763,-0.019825618714094162,0.31606557965278625,0.5049009323120117,-0.030010350048542023,0.31565696001052856,0.4661572575569153,-0.038287945091724396,0.28023648262023926,0.602983832359314,-0.009560582228004932,0.2895585298538208,0.527190089225769,-0.016700133681297302,0.29499298334121704,0.4777681827545166,-0.02605333738029003,0.2987302839756012,0.43832170963287354,-0.03347586467862129,0.2549414336681366,0.6036007404327393,-0.011644380167126656,0.26172444224357605,0.5341987013816833,-0.0191790908575058,0.2702176570892334,0.4890918433666229,-0.027406837791204453,0.27657848596572876,0.45304763317108154,-0.033729188144207,0.2282712757587433,0.6163659691810608,-0.01632167212665081,0.23371106386184692,0.563591718673706,-0.023628434166312218,0.2404938042163849,0.5303795337677002,-0.027244683355093002,0.24707067012786865,0.5021041631698608,-0.030116161331534386,b
0.23792222142219543,0.7806087136268616,1.967342768693925e-07,0.2818998098373413,0.7644334435462952,-0.0189359150826931,0.31312164664268494,0.706470787525177,-0.022434409707784653,0.3065425455570221,0.6477583050727844,-0.024259241297841072,0.28073281049728394,0.6228199005126953,-0.025594668462872505,0.3089149594306946,0.6187947392463684,-0.006532818544656038,0.31646281480789185,0.5516524314880371,-0.01484863180667162,0.3176644444465637,0.5090386867523193,-0.024227619171142578,0.3183646500110626,0.4715733826160431,-0.0320931002497673,0.28205984830856323,0.6038443446159363,-0.006283535622060299,0.29015621542930603,0.5283697247505188,-0.012713182717561722,0.2960056960582733,0.4802616834640503,-0.02174833044409752,0.300644189119339,0.4411691129207611,-0.02914440631866455,0.2571430206298828,0.6048825979232788,-0.008957002311944962,0.26192015409469604,0.5360653400421143,-0.016483139246702194,0.2698360085487366,0.49294328689575195,-0.024983126670122147,0.2758883237838745,0.4584379494190216,-0.03146827965974808,0.2314607799053192,0.6176764369010925,-0.014043341390788555,0.23675376176834106,0.5649020075798035,-0.021606752648949623,0.24392172694206238,0.531980574131012,-0.025914739817380905,0.2512746751308441,0.5034677386283875,-0.029411649331450462,b
0.23952996730804443,0.7808322310447693,2.0421677504600666e-07,0.28217965364456177,0.7636648416519165,-0.019277602434158325,0.31434527039527893,0.703717827796936,-0.022953758016228676,0.30785778164863586,0.6429832577705383,-0.024940649047493935,0.2798556685447693,0.6180019974708557,-0.02634473703801632,0.30942097306251526,0.6185523867607117,-0.005250108428299427,0.3173643946647644,0.5529433488845825,-0.01306122075766325,0.31866106390953064,0.5111384987831116,-0.022270195186138153,0.3196558952331543,0.4747001528739929,-0.030128957703709602,0.282539963722229,0.6039357781410217,-0.005004295613616705,0.29072535037994385,0.5297891497612,-0.01100658718496561,0.2966300845146179,0.48251214623451233,-0.01975952461361885,0.3014947474002838,0.4439815282821655,-0.027080649510025978,0.2574867606163025,0.6054089665412903,-0.007883352227509022,0.26296466588974,0.5381612181663513,-0.015347452834248543,0.2710323631763458,0.4954220652580261,-0.023684853687882423,0.2772413194179535,0.46121764183044434,-0.03014121949672699,0.2314828634262085,0.6182107925415039,-0.013242465443909168,0.23690994083881378,0.5656538009643555,-0.020839978009462357,0.2431345283985138,0.5333449840545654,-0.02503068372607231,0.24927817285060883,0.5053263902664185,-0.028542721644043922,b
0.23982833325862885,0.7800287008285522,1.9388269834053062e-07,0.2831604480743408,0.762974739074707,-0.018614687025547028,0.3149816393852234,0.703025221824646,-0.021757490932941437,0.3079547584056854,0.6438701152801514,-0.023282574489712715,0.2812901437282562,0.619981050491333,-0.02414790168404579,0.3115200400352478,0.6187670826911926,-0.004818028304725885,0.319270521402359,0.552681565284729,-0.012131167575716972,0.3201259672641754,0.511009156703949,-0.020924286916851997,0.3204377293586731,0.47492310404777527,-0.028413010761141777,0.2843802571296692,0.6040171384811401,-0.0044166636653244495,0.2922290861606598,0.5305011868476868,-0.009931814856827259,0.2977670729160309,0.4837896227836609,-0.018099475651979446,0.30228081345558167,0.4462137818336487,-0.0248604454100132,0.2593405544757843,0.6049237251281738,-0.007081980817019939,0.2646700143814087,0.53775554895401,-0.013852529227733612,0.2731141149997711,0.4958959221839905,-0.02165789157152176,0.2796536386013031,0.46282950043678284,-0.027682442218065262,0.2336539775133133,0.6171219348907471,-0.012193985283374786,0.23913191258907318,0.5649925470352173,-0.01910407468676567,0.24541042745113373,0.5327359437942505,-0.022870482876896858,0.2516898810863495,0.5049701929092407,-0.02599540539085865,b
0.23955504596233368,0.7807148098945618,1.9777617410454695e-07,0.2828311324119568,0.7641831636428833,-0.01862839236855507,0.315261572599411,0.7037061452865601,-0.021490342915058136,0.3085814416408539,0.6441336870193481,-0.022718379274010658,0.28187984228134155,0.6202419400215149,-0.023281259462237358,0.3120506703853607,0.6199743747711182,-0.004082859959453344,0.3203049600124359,0.5548275709152222,-0.011218889616429806,0.3216588497161865,0.5134486556053162,-0.019926022738218307,0.3224341869354248,0.47748512029647827,-0.02734421379864216,0.2852940857410431,0.6046987175941467,-0.0036563272587955,0.2939535975456238,0.5316445827484131,-0.00890805758535862,0.3001165986061096,0.4855947196483612,-0.016821686178445816,0.30524927377700806,0.4481353759765625,-0.023342877626419067,0.26042282581329346,0.6050522327423096,-0.006342762149870396,0.266728013753891,0.5387728810310364,-0.012788272462785244,0.27605870366096497,0.49772554636001587,-0.019980672746896744,0.2835584878921509,0.4647473692893982,-0.025531131774187088,0.2346649020910263,0.6164798140525818,-0.011531132273375988,0.24145382642745972,0.5641754865646362,-0.01804070733487606,0.24951252341270447,0.5321035385131836,-0.021212637424468994,0.25791871547698975,0.5039988160133362,-0.023886386305093765,b
0.23896898329257965,0.7799565196037292,1.9174512999597937e-07,0.2824552655220032,0.7647931575775146,-0.017891691997647285,0.3156358003616333,0.7052281498908997,-0.020437924191355705,0.3114231824874878,0.6463257074356079,-0.021505562588572502,0.2848135828971863,0.6230869889259338,-0.021870499476790428,0.31298109889030457,0.6219631433486938,-0.003017163835465908,0.3229959011077881,0.5573235154151917,-0.009549285285174847,0.32499754428863525,0.5164021849632263,-0.01790221780538559,0.32617905735969543,0.48166775703430176,-0.025150582194328308,0.28684571385383606,0.6064053177833557,-0.00288317515514791,0.297219455242157,0.5338938236236572,-0.007597723510116339,0.30395156145095825,0.48843133449554443,-0.01521645113825798,0.30911362171173096,0.4522372782230377,-0.021610692143440247,0.2622075378894806,0.6059978604316711,-0.0058348095044493675,0.27093076705932617,0.5391464829444885,-0.011831828393042088,0.2805165648460388,0.49792277812957764,-0.01899566501379013,0.2878028154373169,0.464985191822052,-0.024710483849048615,0.236268550157547,0.6167175769805908,-0.011236260645091534,0.2437705397605896,0.5656589269638062,-0.017598358914256096,0.25147685408592224,0.5334499478340149,-0.020948665216565132,0.2591814696788788,0.5051276683807373,-0.023869622498750687,b
0.24075764417648315,0.7791402339935303,1.9577804266646126e-07,0.28472936153411865,0.7651417255401611,-0.018307292833924294,0.3178536891937256,0.7083526253700256,-0.020871121436357498,0.31451499462127686,0.6503295302391052,-0.021814439445734024,0.29223671555519104,0.6249761581420898,-0.02200004830956459,0.3148852586746216,0.6237718462944031,-0.003380528185516596,0.3254392445087433,0.5595765709877014,-0.01010827999562025,0.327627569437027,0.5195165872573853,-0.018406162038445473,0.32859668135643005,0.485013484954834,-0.025343069806694984,0.28923770785331726,0.6092365980148315,-0.002585145179182291,0.30092746019363403,0.5375552177429199,-0.007346480153501034,0.3077981173992157,0.49185672402381897,-0.014969018287956715,0.31289881467819214,0.45526549220085144,-0.02130003273487091,0.2649153470993042,0.6095842719078064,-0.004953568801283836,0.2738727927207947,0.5447070002555847,-0.011037311516702175,0.2824866771697998,0.5036565661430359,-0.018566841259598732,0.2887585163116455,0.4711254835128784,-0.024374203756451607,0.23908717930316925,0.6203737258911133,-0.009764758870005608,0.24680928885936737,0.5704889297485352,-0.01607799343764782,0.2539205551147461,0.5396363139152527,-0.01966908387839794,0.26082494854927063,0.5129965543746948,-0.02264784276485443,b
0.24087771773338318,0.7794811129570007,1.8946633417726844e-07,0.2854906916618347,0.7658016085624695,-0.017563577741384506,0.31945377588272095,0.7056401968002319,-0.019099324941635132,0.3165057599544525,0.6457322239875793,-0.019150124862790108,0.2917373776435852,0.623019278049469,-0.01840049773454666,0.3163825571537018,0.6251999139785767,-0.0011252383701503277,0.3265550434589386,0.5623188018798828,-0.007104143500328064,0.32878226041793823,0.5224924087524414,-0.015183034352958202,0.3297942578792572,0.48809969425201416,-0.02225937694311142,0.2910996377468109,0.6100536584854126,-0.0006358695100061595,0.3018956184387207,0.5394265055656433,-0.00512110348790884,0.3091842532157898,0.4931807219982147,-0.012715519405901432,0.3141745626926422,0.45591968297958374,-0.019121414050459862,0.2667185366153717,0.6100026369094849,-0.003377149812877178,0.2746579647064209,0.545715868473053,-0.009844884276390076,0.2832992970943451,0.5053020715713501,-0.017628302797675133,0.2890177071094513,0.4734309911727905,-0.023509249091148376,0.24099840223789215,0.6206835508346558,-0.008510450832545757,0.24822884798049927,0.5714409947395325,-0.015300936996936798,0.25455546379089355,0.5400336980819702,-0.019472647458314896,0.25993871688842773,0.5124188661575317,-0.022965379059314728,b
0.24271313846111298,0.7797980308532715,1.8799943291014642e-07,0.28779327869415283,0.7648593187332153,-0.01642916537821293,0.32079973816871643,0.703732967376709,-0.017479876056313515,0.3166493773460388,0.6447928547859192,-0.017308557406067848,0.2911464273929596,0.6222826242446899,-0.016437124460935593,0.3178655207157135,0.6254398226737976,1.0127798304893076e-05,0.3283255398273468,0.5627671480178833,-0.005504874046891928,0.33080872893333435,0.5231338739395142,-0.013225384056568146,0.3315125107765198,0.48901498317718506,-0.02014419622719288,0.2926953434944153,0.6103447079658508,-0.00021154151181690395,0.3038800358772278,0.5399054884910583,-0.004402976017445326,0.3114897906780243,0.4945666193962097,-0.01178702898323536,0.3165092170238495,0.45796576142311096,-0.01807885244488716,0.26838773488998413,0.6099672913551331,-0.003651485312730074,0.2771241366863251,0.5444313287734985,-0.010015473701059818,0.2862778604030609,0.5032860040664673,-0.01797988824546337,0.29229697585105896,0.4701420068740845,-0.02405991032719612,0.2426612675189972,0.620150625705719,-0.009359452873468399,0.2504826784133911,0.5692846775054932,-0.01624728925526142,0.25732237100601196,0.5366263389587402,-0.02062184363603592,0.2630857825279236,0.5077699422836304,-0.024357810616493225,b
0.2431534230709076,0.7807445526123047,1.8512120902869356e-07,0.2878161072731018,0.7664384245872498,-0.016910500824451447,0.321502685546875,0.7046853303909302,-0.01838616468012333,0.31874507665634155,0.6453291773796082,-0.018502263352274895,0.2930556833744049,0.6226046681404114,-0.017987048253417015,0.317842960357666,0.6243743896484375,-0.0015270879957824945,0.3276450037956238,0.5620326995849609,-0.007678194437175989,0.3296810984611511,0.5229432582855225,-0.01587892696261406,0.33022385835647583,0.48907408118247986,-0.02315867692232132,0.2925802171230316,0.6094353199005127,-0.0014629573561251163,0.3032790422439575,0.5398469567298889,-0.006142506841570139,0.3103068172931671,0.4950370192527771,-0.01390579529106617,0.31472039222717285,0.4585614502429962,-0.020527029410004616,0.2681494355201721,0.6097013354301453,-0.004502199124544859,0.27670711278915405,0.5444270968437195,-0.01098471600562334,0.28485754132270813,0.504733681678772,-0.018675655126571655,0.28971976041793823,0.4727749824523926,-0.02469007298350334,0.24214054644107819,0.6208999156951904,-0.009840328246355057,0.24990373849868774,0.5714178085327148,-0.016704650595784187,0.2569583058357239,0.5403618812561035,-0.02088073082268238,0.2629395127296448,0.5129462480545044,-0.024511268362402916,b
0.24370886385440826,0.780428409576416,1.8421653180666908e-07,0.28847721219062805,0.7648447155952454,-0.016361970454454422,0.3217781186103821,0.702909529209137,-0.017702767625451088,0.31864362955093384,0.643968403339386,-0.01783396489918232,0.2920348048210144,0.6209040284156799,-0.017428243532776833,0.31726083159446716,0.6242789626121521,-0.0009843292646110058,0.32747790217399597,0.5619863271713257,-0.00713733397424221,0.3295396864414215,0.5228713750839233,-0.015345027670264244,0.3299171030521393,0.4888495206832886,-0.02264215424656868,0.29209956526756287,0.6096309423446655,-0.0012998443562537432,0.30312350392341614,0.5396673679351807,-0.006112872622907162,0.31009915471076965,0.4945647120475769,-0.01401072833687067,0.31444457173347473,0.45779383182525635,-0.020753420889377594,0.267665833234787,0.6099685430526733,-0.004706482868641615,0.2764045000076294,0.544242799282074,-0.011319691315293312,0.2845350503921509,0.5037811994552612,-0.019263960421085358,0.2893325388431549,0.4710712432861328,-0.02551521174609661,0.24164769053459167,0.6210582256317139,-0.010346760042011738,0.24940244853496552,0.5712236166000366,-0.017354805022478104,0.25617969036102295,0.539480447769165,-0.02170073613524437,0.2618463635444641,0.5111690163612366,-0.025518963113427162,b
0.24305179715156555,0.7809575200080872,1.7514713590571773e-07,0.2880992293357849,0.7660528421401978,-0.016092510893940926,0.3216392695903778,0.7046606540679932,-0.017528144642710686,0.3187735676765442,0.6452930569648743,-0.017748409882187843,0.2927011549472809,0.621734619140625,-0.017439618706703186,0.3174465000629425,0.6246546506881714,-0.0014457000652328134,0.3275475800037384,0.5617846846580505,-0.007935634814202785,0.32924893498420715,0.5224242806434631,-0.01630634069442749,0.3289342522621155,0.48833876848220825,-0.0235899630934,0.2921757996082306,0.6096150279045105,-0.0017537703970447183,0.3031453788280487,0.5397036075592041,-0.006653775926679373,0.3099988102912903,0.4945775866508484,-0.014402998611330986,0.31408077478408813,0.45761969685554504,-0.020926957949995995,0.2676103711128235,0.6098052263259888,-0.005068086553364992,0.2757648229598999,0.5440548658370972,-0.01149723120033741,0.2840578258037567,0.5038329362869263,-0.018976062536239624,0.28907108306884766,0.4709305763244629,-0.02486114576458931,0.24138513207435608,0.6211560964584351,-0.010595903731882572,0.2488340437412262,0.5709461569786072,-0.01744697242975235,0.25543928146362305,0.5391172170639038,-0.02142906002700329,0.26086023449897766,0.5107411742210388,-0.024858515709638596,b
0.24272634088993073,0.7810333371162415,1.7140038721663586e-07,0.2878686487674713,0.7659801244735718,-0.016062073409557343,0.32154762744903564,0.7044957876205444,-0.017428932711482048,0.318150132894516,0.6452583074569702,-0.017571447417140007,0.2922342121601105,0.6215460300445557,-0.017187489196658134,0.31758347153663635,0.6247420310974121,-0.0012923721224069595,0.32765185832977295,0.5618902444839478,-0.007735739462077618,0.32934460043907166,0.5226184129714966,-0.01607983373105526,0.32905325293540955,0.488680899143219,-0.02333582006394863,0.29227492213249207,0.6096867322921753,-0.001602503121830523,0.30328369140625,0.5396596789360046,-0.006486676633358002,0.31007492542266846,0.49449506402015686,-0.014310406520962715,0.31410765647888184,0.4575929045677185,-0.0208754763007164,0.2677088975906372,0.609935998916626,-0.004919579718261957,0.2760988473892212,0.5439854264259338,-0.0113934725522995,0.28433653712272644,0.5035241842269897,-0.018986495211720467,0.28923848271369934,0.4703591465950012,-0.024934791028499603,0.2414112389087677,0.6214554905891418,-0.010427452623844147,0.24885433912277222,0.5711600184440613,-0.01732916571199894,0.2553539574146271,0.5392680764198303,-0.02133285626769066,0.260593056678772,0.5107842683792114,-0.024767499417066574,b
0.24282017350196838,0.7809276580810547,1.6966684768249252e-07,0.28847432136535645,0.7659037709236145,-0.015668300911784172,0.32155629992485046,0.702387809753418,-0.016494808718562126,0.31722182035446167,0.6430162787437439,-0.016164381057024002,0.29064515233039856,0.6213353276252747,-0.01534817274659872,0.3164377808570862,0.6246125102043152,-0.0008518443792127073,0.32550305128097534,0.5613752603530884,-0.006935016717761755,0.32718026638031006,0.5214766263961792,-0.014980755746364594,0.3273080587387085,0.48714083433151245,-0.022218210622668266,0.2912019193172455,0.6098687648773193,-0.0013218539534136653,0.30137842893600464,0.5396766662597656,-0.006128517910838127,0.30803313851356506,0.4942227005958557,-0.01394068356603384,0.31222400069236755,0.4571201205253601,-0.020607134327292442,0.2668018043041229,0.6101822257041931,-0.004763957113027573,0.2751200497150421,0.5436358451843262,-0.01130456943064928,0.2836044728755951,0.50322026014328,-0.019150584936141968,0.28879690170288086,0.47022461891174316,-0.0253908671438694,0.24102555215358734,0.6214585304260254,-0.010362784378230572,0.2485857456922531,0.571875810623169,-0.017341677099466324,0.25547081232070923,0.5402767658233643,-0.02170528657734394,0.2611370086669922,0.5120643973350525,-0.025580868124961853,b
0.24290776252746582,0.7804422974586487,1.8121885148048023e-07,0.288044273853302,0.7658458352088928,-0.01604541204869747,0.3208562135696411,0.7018164992332458,-0.016806725412607193,0.3173620402812958,0.6420144438743591,-0.01633107103407383,0.2906512916088104,0.6205781102180481,-0.015304586850106716,0.31557711958885193,0.6236143708229065,-0.0011328718392178416,0.32481566071510315,0.5598538517951965,-0.007014098577201366,0.32655930519104004,0.5194896459579468,-0.014873267151415348,0.32645243406295776,0.4846757650375366,-0.021957961842417717,0.2904001474380493,0.6091955304145813,-0.0013679828261956573,0.300703763961792,0.5386888980865479,-0.005793744698166847,0.3073149025440216,0.4930272102355957,-0.013222243636846542,0.31117165088653564,0.45595645904541016,-0.0196498055011034,0.26608002185821533,0.609570324420929,-0.004616586025804281,0.2741818130016327,0.5437521934509277,-0.010847874917089939,0.2821221351623535,0.5036090016365051,-0.018375391140580177,0.2865120470523834,0.4712977409362793,-0.024366777390241623,0.2404813915491104,0.6206018328666687,-0.010101842693984509,0.24801114201545715,0.5709136128425598,-0.016830500215291977,0.2545730769634247,0.5395078659057617,-0.020953768864274025,0.25969138741493225,0.511802077293396,-0.024642398580908775,b
0.24263128638267517,0.7806446552276611,1.777112714762552e-07,0.2879502475261688,0.7650483250617981,-0.016306960955262184,0.32142728567123413,0.701797604560852,-0.017384348437190056,0.317436546087265,0.6416260600090027,-0.01717720367014408,0.29001933336257935,0.6199250221252441,-0.01637345179915428,0.3154429793357849,0.6229380965232849,-0.0010263067670166492,0.32511207461357117,0.5592305064201355,-0.006802576594054699,0.32676267623901367,0.5191003084182739,-0.014640710316598415,0.3266336917877197,0.4846147894859314,-0.021714840084314346,0.2899603247642517,0.6086236834526062,-0.0009554986609145999,0.2997802793979645,0.5387077331542969,-0.005144155118614435,0.3058334290981293,0.49362844228744507,-0.012655546888709068,0.30915915966033936,0.45662474632263184,-0.019209399819374084,0.2657186985015869,0.6092060804367065,-0.0038635008968412876,0.27332624793052673,0.5439343452453613,-0.00971586350351572,0.28086113929748535,0.5035718083381653,-0.01719425991177559,0.28460803627967834,0.4708682894706726,-0.023258982226252556,0.24014928936958313,0.6206806898117065,-0.009022901766002178,0.24681344628334045,0.5711550712585449,-0.015433862805366516,0.2529233396053314,0.5395845174789429,-0.019436746835708618,0.25743481516838074,0.5117194652557373,-0.02303285151720047,b
0.24276664853096008,0.7802561521530151,1.821608179852774e-07,0.2881801426410675,0.7649053335189819,-0.01607552170753479,0.321247398853302,0.7003541588783264,-0.01656624861061573,0.31640586256980896,0.6401341557502747,-0.015801744535565376,0.28862249851226807,0.6191930174827576,-0.014396177604794502,0.31542181968688965,0.6214660406112671,0.00025393711985088885,0.32522499561309814,0.5581035614013672,-0.004937557503581047,0.32693395018577576,0.518798291683197,-0.012415544129908085,0.32662612199783325,0.48529738187789917,-0.019231492653489113,0.28978320956230164,0.6073195338249207,0.0003954310668632388,0.2997729480266571,0.5374536514282227,-0.0033392279874533415,0.3059585690498352,0.49253329634666443,-0.010578904300928116,0.30918484926223755,0.4561498165130615,-0.016854481771588326,0.2654595673084259,0.608100175857544,-0.0025345024187117815,0.2726154625415802,0.5428087711334229,-0.008218142203986645,0.28014180064201355,0.5030667185783386,-0.015674253925681114,0.2839029133319855,0.4711906313896179,-0.021613333374261856,0.2398623824119568,0.6197853684425354,-0.007699531968683004,0.24611377716064453,0.5702973008155823,-0.013971133157610893,0.25212526321411133,0.5390962362289429,-0.017951741814613342,0.2567264437675476,0.5115087032318115,-0.02151363529264927,b
0.24295282363891602,0.7808290719985962,1.825089412932357e-07,0.2882692813873291,0.7657307982444763,-0.01696307584643364,0.3214934468269348,0.7014644742012024,-0.017895009368658066,0.31644782423973083,0.6407603621482849,-0.017418306320905685,0.28889796137809753,0.6200504899024963,-0.01623576693236828,0.3158392906188965,0.6220250725746155,-0.0004245472664479166,0.3246820569038391,0.5584481954574585,-0.0059034209698438644,0.32592612504959106,0.5185436606407166,-0.013573193922638893,0.32561221718788147,0.4844633936882019,-0.02059386670589447,0.2899017632007599,0.6076766848564148,1.3538916391553357e-05,0.2994577884674072,0.53783118724823,-0.003981613554060459,0.3052513599395752,0.49279046058654785,-0.011376945301890373,0.3084830343723297,0.4562833607196808,-0.017736122012138367,0.2652943432331085,0.6085694432258606,-0.0026855403557419777,0.27303609251976013,0.5429396033287048,-0.008792211301624775,0.28020817041397095,0.5023279190063477,-0.016504915431141853,0.2836371064186096,0.4696202278137207,-0.022589486092329025,0.2394968867301941,0.6207302808761597,-0.007681590970605612,0.24646474421024323,0.5721134543418884,-0.01440129242837429,0.2522018551826477,0.5414426922798157,-0.018565354868769646,0.25625017285346985,0.5143269300460815,-0.02220236323773861,b
0.24189135432243347,0.7813165783882141,1.786248589041861e-07,0.2872854471206665,0.7669579982757568,-0.016873063519597054,0.32067787647247314,0.7035617232322693,-0.018077302724123,0.31661057472229004,0.6430779099464417,-0.01788344793021679,0.28951016068458557,0.620868444442749,-0.017060233280062675,0.31452053785324097,0.6231834292411804,-0.0015099162701517344,0.32388630509376526,0.5586537718772888,-0.0075535341165959835,0.3252723813056946,0.518548846244812,-0.015532135963439941,0.32485419511795044,0.48431485891342163,-0.022659292444586754,0.28878000378608704,0.6090153455734253,-0.0012645944952964783,0.2985917031764984,0.5386227965354919,-0.005739699583500624,0.30438047647476196,0.4934515058994293,-0.013437050394713879,0.30737727880477905,0.4570832848548889,-0.02002507634460926,0.26433616876602173,0.609769344329834,-0.004072353709489107,0.2723822593688965,0.5433381795883179,-0.010409279726445675,0.2801457345485687,0.5019229650497437,-0.01824447698891163,0.28416863083839417,0.46868664026260376,-0.02446608431637287,0.2387012243270874,0.6213681697845459,-0.009135143831372261,0.24606069922447205,0.5714845657348633,-0.01611058972775936,0.2525515854358673,0.5397893190383911,-0.02038872428238392,0.25750932097435,0.5121029615402222,-0.02408641204237938,b
0.24136166274547577,0.7805694937705994,1.8737827645054494e-07,0.2866530120372772,0.7670336961746216,-0.017547564581036568,0.32018721103668213,0.7040995955467224,-0.019122343510389328,0.3154081106185913,0.6431840658187866,-0.01920529641211033,0.2882932722568512,0.61995530128479,-0.01864265836775303,0.31499096751213074,0.6228303909301758,-0.002085467567667365,0.32402923703193665,0.5586684942245483,-0.008270476013422012,0.325366735458374,0.5186682343482971,-0.01629512570798397,0.32470396161079407,0.4842979311943054,-0.023440957069396973,0.28895169496536255,0.6084451675415039,-0.0017612796509638429,0.29882463812828064,0.5375373363494873,-0.006462584249675274,0.3048408627510071,0.49230968952178955,-0.014110597781836987,0.3080519437789917,0.45594531297683716,-0.020607344806194305,0.26422348618507385,0.6090325117111206,-0.0046192496083676815,0.2723088264465332,0.5426299571990967,-0.011392560787498951,0.28003165125846863,0.5008258819580078,-0.019445056095719337,0.28421011567115784,0.46701082587242126,-0.02570100873708725,0.23821568489074707,0.6202863454818726,-0.009785125032067299,0.24589867889881134,0.5696513056755066,-0.017168758437037468,0.2523537576198578,0.5375663042068481,-0.021712616086006165,0.2573344111442566,0.5091769695281982,-0.025560759007930756,b
0.24078325927257538,0.7813480496406555,1.7986030798056163e-07,0.28669029474258423,0.7669844627380371,-0.017259756103157997,0.3200092613697052,0.7048816680908203,-0.018760818988084793,0.3153460919857025,0.6444265842437744,-0.018783731386065483,0.29044008255004883,0.6208763718605042,-0.018214823678135872,0.31478479504585266,0.6234426498413086,-0.002210593083873391,0.3236601948738098,0.5594184398651123,-0.00861442182213068,0.32497331500053406,0.5196415781974792,-0.016899077221751213,0.32455727458000183,0.48518580198287964,-0.024201473221182823,0.2887836992740631,0.609082818031311,-0.001991820987313986,0.2985799312591553,0.5382555723190308,-0.006984693929553032,0.304697722196579,0.492939829826355,-0.015109840780496597,0.30825790762901306,0.4563159942626953,-0.02195362001657486,0.2640748620033264,0.6096931099891663,-0.0048734406009316444,0.2720906734466553,0.5432891249656677,-0.011829129420220852,0.2798345983028412,0.5010181069374084,-0.020347794517874718,0.28413575887680054,0.4669562876224518,-0.02688615582883358,0.23808619379997253,0.6210499405860901,-0.009988310746848583,0.24591049551963806,0.569830596446991,-0.017483210191130638,0.252642422914505,0.5371940732002258,-0.022262433543801308,0.25803589820861816,0.5086050629615784,-0.02623087540268898,b
0.2403414249420166,0.7808520793914795,1.8811535085205833e-07,0.28534865379333496,0.7673945426940918,-0.0181783065199852,0.3196972906589508,0.7055304050445557,-0.019951142370700836,0.31416529417037964,0.6447926163673401,-0.02007313072681427,0.28793877363204956,0.6218205094337463,-0.019572986289858818,0.31398898363113403,0.6225914359092712,-0.0028755255043506622,0.3226039409637451,0.5583829879760742,-0.00939068291336298,0.3239864110946655,0.5183645486831665,-0.017752712592482567,0.3238922655582428,0.48366791009902954,-0.0251067616045475,0.2879028618335724,0.6085845828056335,-0.0023486914578825235,0.2975558042526245,0.5379683375358582,-0.007358107715845108,0.30383485555648804,0.4922292232513428,-0.015552778728306293,0.30778947472572327,0.4554501175880432,-0.022490205243229866,0.263263463973999,0.6095249056816101,-0.0050200666300952435,0.27141499519348145,0.5438037514686584,-0.012056012637913227,0.2795722186565399,0.5019435882568359,-0.020669542253017426,0.2844944894313812,0.468248188495636,-0.027289103716611862,0.23736725747585297,0.6209808588027954,-0.010036162100732327,0.24507737159729004,0.5706226229667664,-0.017617493867874146,0.25160840153694153,0.5385958552360535,-0.022435415536165237,0.2567647695541382,0.5102522969245911,-0.02646017260849476,b
0.23998838663101196,0.7815746068954468,1.919134149375168e-07,0.2848953604698181,0.7667974233627319,-0.01744365692138672,0.3189365267753601,0.7047692537307739,-0.01916552148759365,0.3141699433326721,0.6445564031600952,-0.019386062398552895,0.28719794750213623,0.6223361492156982,-0.019019335508346558,0.31328895688056946,0.6219760179519653,-0.002101610880345106,0.3226882815361023,0.5583114624023438,-0.008243409916758537,0.32428380846977234,0.5188077092170715,-0.016406647861003876,0.3242132365703583,0.4845879077911377,-0.023671403527259827,0.2874065339565277,0.6080047488212585,-0.0019192033214494586,0.2975594103336334,0.5378322601318359,-0.006544757168740034,0.30390864610671997,0.4925210177898407,-0.014533614739775658,0.30776894092559814,0.4555208086967468,-0.021365178748965263,0.26291677355766296,0.6091602444648743,-0.004850571975111961,0.2712365984916687,0.5436197519302368,-0.011427474208176136,0.27934443950653076,0.5021031498908997,-0.019711537286639214,0.2840700149536133,0.46841365098953247,-0.026179568842053413,0.23724029958248138,0.6210578083992004,-0.010075705125927925,0.2450302690267563,0.5703206658363342,-0.017128417268395424,0.25191277265548706,0.5382044911384583,-0.021551361307501793,0.25750118494033813,0.5097863674163818,-0.025368159636855125,b
0.23933497071266174,0.7813670635223389,1.9549580088096263e-07,0.28473448753356934,0.766663134098053,-0.017729317769408226,0.31939592957496643,0.7039549946784973,-0.019365467131137848,0.3144330084323883,0.6429581642150879,-0.019446779042482376,0.28623101115226746,0.6217851042747498,-0.018868256360292435,0.3135271370410919,0.6214749217033386,-0.0017214989056810737,0.3231557607650757,0.5574425458908081,-0.007526421919465065,0.3248048424720764,0.5177246928215027,-0.015436914749443531,0.3245151937007904,0.48327741026878357,-0.022651156410574913,0.28758060932159424,0.6074302196502686,-0.001400819863192737,0.2978225648403168,0.5369148254394531,-0.005771107506006956,0.304154634475708,0.4916849136352539,-0.013570903800427914,0.30760490894317627,0.45481568574905396,-0.020321272313594818,0.2629737854003906,0.6085618734359741,-0.004270703997462988,0.2711538076400757,0.5426955223083496,-0.010891232639551163,0.2790074646472931,0.5009377002716064,-0.01928921788930893,0.2830919921398163,0.46699243783950806,-0.02587200328707695,0.23713535070419312,0.6203740835189819,-0.009457116946578026,0.2448204904794693,0.5698176622390747,-0.016677923500537872,0.251432329416275,0.5377539396286011,-0.021320035681128502,0.2563948333263397,0.5092864036560059,-0.025355525314807892,b
0.2398374229669571,0.781810998916626,1.9556557617761428e-07,0.2853579819202423,0.76674485206604,-0.017763836309313774,0.31958654522895813,0.7042570114135742,-0.01956772431731224,0.3145647346973419,0.6435874700546265,-0.019905291497707367,0.28690633177757263,0.6211163401603699,-0.0196083914488554,0.31315502524375916,0.6208972334861755,-0.0015602567000314593,0.3224833309650421,0.5572024583816528,-0.007800616789609194,0.3240394592285156,0.5175096392631531,-0.016090378165245056,0.3240758776664734,0.4832492768764496,-0.02346930094063282,0.287149578332901,0.6068448424339294,-0.0011422504903748631,0.29695621132850647,0.5365983843803406,-0.005816445220261812,0.3034459054470062,0.4911137819290161,-0.013801943510770798,0.3076474666595459,0.45413637161254883,-0.020633885636925697,0.2626010775566101,0.6080819368362427,-0.00395859032869339,0.27030953764915466,0.5421328544616699,-0.010557875968515873,0.2785812318325043,0.5008816123008728,-0.01870417408645153,0.283540815114975,0.46758705377578735,-0.02507833018898964,0.23699383437633514,0.6202532649040222,-0.00913479644805193,0.24388724565505981,0.5697699189186096,-0.016090229153633118,0.250620037317276,0.5378738045692444,-0.020474951714277267,0.25623589754104614,0.5096834301948547,-0.024300429970026016,b
0.2401682585477829,0.7820800542831421,1.914716420969853e-07,0.2855868339538574,0.7669267654418945,-0.017535101622343063,0.31941941380500793,0.7043320536613464,-0.019319860264658928,0.3143075704574585,0.6438176035881042,-0.019643509760499,0.28681880235671997,0.6215788125991821,-0.019316818565130234,0.3134908080101013,0.6211062073707581,-0.001753527787514031,0.3225513994693756,0.5571157932281494,-0.007912915199995041,0.32416459918022156,0.5176811218261719,-0.016056466847658157,0.3243311643600464,0.48368871212005615,-0.023338420316576958,0.28748762607574463,0.6070138812065125,-0.0014520655386149883,0.2971530854701996,0.5364540219306946,-0.00607683602720499,0.30353087186813354,0.49131616950035095,-0.013936720788478851,0.30764254927635193,0.4547494351863861,-0.02065202407538891,0.2628779411315918,0.6083459854125977,-0.004332671873271465,0.2702917456626892,0.5419377088546753,-0.010950709693133831,0.27823060750961304,0.5003743767738342,-0.019114581868052483,0.28293487429618835,0.4669325351715088,-0.025494135916233063,0.2370568811893463,0.620768129825592,-0.009528500027954578,0.24364568293094635,0.5699840784072876,-0.01660783775150776,0.24987898766994476,0.5378131866455078,-0.021069705486297607,0.25496891140937805,0.5094096064567566,-0.024924321100115776,b
