0.3929956555366516,0.992317795753479,-3.837524502614542e-07,0.4235307276248932,0.9793729782104492,-0.024329565465450287,0.44407716393470764,0.9471593499183655,-0.04049590602517128,0.44829297065734863,0.9172216057777405,-0.05506070330739021,0.4524170458316803,0.8927690982818604,-0.06833996623754501,0.4184967875480652,0.8736318349838257,-0.028723539784550667,0.40519917011260986,0.8689079880714417,-0.057576559484004974,0.4019857943058014,0.9116833209991455,-0.07555685192346573,0.4055795967578888,0.9439815878868103,-0.08349210023880005,0.3877772092819214,0.8802564740180969,-0.026299718767404556,0.37701356410980225,0.8913391828536987,-0.053119923919439316,0.3787500560283661,0.9421160817146301,-0.06081775575876236,0.38765648007392883,0.966072678565979,-0.061812661588191986,0.362231969833374,0.8934999704360962,-0.02714512310922146,0.3511769473552704,0.903518557548523,-0.052960105240345,0.35597771406173706,0.9492052793502808,-0.04882378876209259,0.36545276641845703,0.9671884179115295,-0.04085582122206688,0.33954426646232605,0.9095287919044495,-0.02985255792737007,0.3281709551811218,0.916502833366394,-0.04480814188718796,0.335678368806839,0.9519205093383789,-0.037962473928928375,0.3459131717681885,0.9666597843170166,-0.02909558266401291,a
0.4132583439350128,0.9850053191184998,-2.070083127136968e-07,0.4335923492908478,0.9664108753204346,-0.028075719252228737,0.44562575221061707,0.928979218006134,-0.041312530636787415,0.4462161660194397,0.8965995907783508,-0.05197237804532051,0.44796180725097656,0.8686282634735107,-0.059357691556215286,0.4311388432979584,0.8424689173698425,-0.014796128496527672,0.4087282121181488,0.8449997901916504,-0.042974185198545456,0.40513473749160767,0.8888922333717346,-0.06031816452741623,0.4087652564048767,0.9174396395683289,-0.06678692251443863,0.4013490080833435,0.8397289514541626,-0.008546441793441772,0.38251128792762756,0.85008704662323,-0.036582302302122116,0.38379573822021484,0.9017178416252136,-0.04453545808792114,0.3917085528373718,0.9282872676849365,-0.042690131813287735,0.37536823749542236,0.8505461812019348,-0.007419222500175238,0.35785025358200073,0.8581833839416504,-0.035084739327430725,0.3618415892124176,0.9041891098022461,-0.033402830362319946,0.37116479873657227,0.9281842708587646,-0.024225682020187378,0.35403019189834595,0.8689092993736267,-0.008610383607447147,0.3385588526725769,0.8697055578231812,-0.028057275339961052,0.3439103364944458,0.9041799902915955,-0.026410719379782677,0.353567898273468,0.9231257438659668,-0.018297970294952393,a
0.421733021736145,0.9559918642044067,-1.6670989566591743e-07,0.44296175241470337,0.927649736404419,-0.024649521335959435,0.4519655704498291,0.8804029822349548,-0.03419205918908119,0.4519474506378174,0.8396140933036804,-0.041184090077877045,0.4535561501979828,0.8054957389831543,-0.04527009651064873,0.4244859516620636,0.8232267498970032,-0.011846905574202538,0.4131353497505188,0.8105065226554871,-0.03644561767578125,0.41295677423477173,0.8533968925476074,-0.050362903624773026,0.41604357957839966,0.8799712061882019,-0.05473899096250534,0.3998010754585266,0.8239632844924927,-0.005121821537613869,0.38829582929611206,0.8158692121505737,-0.02991292253136635,0.39113011956214905,0.8624770045280457,-0.03645554184913635,0.3974037766456604,0.8870633244514465,-0.0342041477560997,0.37976667284965515,0.8333091139793396,-0.002954657655209303,0.36720603704452515,0.8251078724861145,-0.02699105255305767,0.3726058602333069,0.8658274412155151,-0.024126125499606133,0.3807898759841919,0.888424277305603,-0.015028468333184719,0.36382967233657837,0.848193883895874,-0.002729690633714199,0.3508441746234894,0.8424059152603149,-0.019096992909908295,0.3565394878387451,0.8707201480865479,-0.016857687383890152,0.3653072118759155,0.8874686360359192,-0.009273392148315907,a
0.43005457520484924,0.9214206337928772,-1.8754688824174082e-07,0.4503016173839569,0.8875261545181274,-0.01940835267305374,0.45796871185302734,0.8403440713882446,-0.02703619748353958,0.4571237862110138,0.8021266460418701,-0.03335167467594147,0.45831912755966187,0.7694374322891235,-0.03729895129799843,0.4309399425983429,0.7923574447631836,-0.005179892759770155,0.4186054766178131,0.7800987362861633,-0.026663269847631454,0.415784627199173,0.8162123560905457,-0.04068228229880333,0.4174005687236786,0.8401362895965576,-0.04561842605471611,0.40869903564453125,0.7945202589035034,-0.0002338426565984264,0.3974965810775757,0.789228081703186,-0.01916825771331787,0.39600178599357605,0.8260743618011475,-0.026398394256830215,0.398569256067276,0.8463091254234314,-0.026516728103160858,0.39039960503578186,0.8031971454620361,0.0005558841512538493,0.37974441051483154,0.7970016598701477,-0.017376327887177467,0.37833112478256226,0.8286134004592896,-0.016628747805953026,0.3819398283958435,0.847378671169281,-0.010952379554510117,0.375241756439209,0.8154171109199524,-0.0004574406484607607,0.36367911100387573,0.8069562911987305,-0.011511607095599174,0.36321982741355896,0.8283104300498962,-0.009404524229466915,0.36681708693504333,0.842980146408081,-0.0034112201537936926,a
0.4464662969112396,0.8881677985191345,1.6039419392654963e-07,0.4643780291080475,0.8444072008132935,-0.013109913095831871,0.46753132343292236,0.7928075194358826,-0.018167180940508842,0.4645543098449707,0.7518892884254456,-0.02269841358065605,0.468362420797348,0.7179999351501465,-0.02700033411383629,0.43903785943984985,0.7789527773857117,-0.004201942123472691,0.4329793155193329,0.7492853403091431,-0.01662326417863369,0.43306949734687805,0.7424768209457397,-0.027492733672261238,0.4342679977416992,0.739680290222168,-0.03369841352105141,0.417762815952301,0.7884657979011536,-0.0021835234947502613,0.4095170795917511,0.7643826603889465,-0.011438380926847458,0.4073275625705719,0.7541516423225403,-0.019773883745074272,0.405587375164032,0.7451868653297424,-0.02530714124441147,0.39953652024269104,0.8013347387313843,-0.0028245483990758657,0.3916536271572113,0.7781982421875,-0.011193395592272282,0.3881317675113678,0.7658449411392212,-0.013664652593433857,0.3857293725013733,0.7544445991516113,-0.01477330457419157,0.38474079966545105,0.8176543712615967,-0.0049346075393259525,0.3747095763683319,0.7940934896469116,-0.010292590595781803,0.3717166781425476,0.7819675803184509,-0.009869885630905628,0.3698482811450958,0.7709333300590515,-0.008718499913811684,a
0.4447176158428192,0.8578564524650574,2.3664763659780874e-07,0.46712061762809753,0.816392183303833,-0.01359525416046381,0.47630980610847473,0.7656037211418152,-0.018184911459684372,0.4751117527484894,0.723726212978363,-0.021844396367669106,0.4782080054283142,0.6895830631256104,-0.025532083585858345,0.45075589418411255,0.7581990361213684,-0.004035769496113062,0.45021042227745056,0.728406548500061,-0.013414718210697174,0.4509437382221222,0.7075359225273132,-0.02291722595691681,0.4519061744213104,0.6901465654373169,-0.029278181493282318,0.4294402003288269,0.7619386911392212,-0.001889495993964374,0.425993949174881,0.7322167754173279,-0.008466264232993126,0.423738032579422,0.7090228199958801,-0.016126465052366257,0.4227508306503296,0.6885894536972046,-0.02220732904970646,0.4101130962371826,0.7696546912193298,-0.0022269017063081264,0.40513554215431213,0.7393578886985779,-0.009479246102273464,0.40136539936065674,0.7169689536094666,-0.013835327699780464,0.39973190426826477,0.6989578008651733,-0.016727516427636147,0.3935879170894623,0.7824773192405701,-0.004073512274771929,0.3840983211994171,0.7548019289970398,-0.009923432022333145,0.3798026442527771,0.7364011406898499,-0.011310011148452759,0.377826988697052,0.721778392791748,-0.01189249288290739,a
0.44050899147987366,0.8400144577026367,2.0350405804947513e-07,0.46632423996925354,0.8104365468025208,-0.014821851626038551,0.47673705220222473,0.7612412571907043,-0.01876748725771904,0.4758608937263489,0.7204492688179016,-0.021019423380494118,0.47804123163223267,0.6879795789718628,-0.02355632558465004,0.45237109065055847,0.7456766366958618,-0.007859236560761929,0.4520251154899597,0.7185198068618774,-0.01612967625260353,0.4525826871395111,0.7004218101501465,-0.02405250445008278,0.45446619391441345,0.6852236390113831,-0.02955458126962185,0.43000027537345886,0.7481852173805237,-0.004586076829582453,0.42608407139778137,0.7220571041107178,-0.010358503088355064,0.42300134897232056,0.7020676136016846,-0.01670903153717518,0.42194727063179016,0.6838312149047852,-0.021982310339808464,0.41029092669487,0.7559494972229004,-0.0035579735413193703,0.40532344579696655,0.7281928062438965,-0.010177136398851871,0.4020421504974365,0.7091816067695618,-0.013465440832078457,0.4009053707122803,0.692996084690094,-0.015786398202180862,0.39339134097099304,0.7692041397094727,-0.003957325592637062,0.3849160373210907,0.743698000907898,-0.009782454930245876,0.38106533885002136,0.7270467281341553,-0.011076956056058407,0.37902212142944336,0.7134631276130676,-0.011604279279708862,a
0.44691747426986694,0.820426344871521,2.46291364192075e-07,0.47342440485954285,0.7842690348625183,-0.014255058951675892,0.4868856966495514,0.7332217693328857,-0.0168905071914196,0.48584550619125366,0.6906979084014893,-0.018089693039655685,0.48712989687919617,0.658623456954956,-0.01907828263938427,0.4541284739971161,0.7236472964286804,-0.002118881093338132,0.4495861232280731,0.6918451189994812,-0.007179010193794966,0.44637900590896606,0.6696091294288635,-0.013689234852790833,0.443871408700943,0.6507261991500854,-0.018640227615833282,0.4336886405944824,0.7272841334342957,0.001179748447611928,0.42527806758880615,0.6976706981658936,-0.0019383898470550776,0.4194090962409973,0.6750473380088806,-0.008414649404585361,0.414665162563324,0.6544920802116394,-0.013865342363715172,0.41680335998535156,0.7342146635055542,0.00225827400572598,0.408187597990036,0.7053108811378479,-0.0017811866709962487,0.4029129147529602,0.683834969997406,-0.005777055863291025,0.39863285422325134,0.6648842692375183,-0.008756252937018871,0.40353357791900635,0.7458384037017822,0.0016989934956654906,0.3950343728065491,0.7190743088722229,-0.002054105745628476,0.38972967863082886,0.7008991837501526,-0.0033319464419037104,0.38528186082839966,0.685232400894165,-0.004024873021990061,a
0.4476490020751953,0.8006796836853027,3.309818907837325e-07,0.47609803080558777,0.760952889919281,-0.01851480081677437,0.49375003576278687,0.7067400217056274,-0.025113599374890327,0.49772247672080994,0.6586716771125793,-0.02913771942257881,0.5010747909545898,0.6232346296310425,-0.033302854746580124,0.4749293327331543,0.7059674263000488,-0.015234067104756832,0.4740528166294098,0.6714390516281128,-0.026516586542129517,0.4728846848011017,0.6388031244277954,-0.03644215688109398,0.473164439201355,0.6125084161758423,-0.04295164346694946,0.44970279932022095,0.7083531022071838,-0.010810740292072296,0.44553524255752563,0.6746888160705566,-0.0197578314691782,0.4417726695537567,0.6397041082382202,-0.028339579701423645,0.44071313738822937,0.6111659407615662,-0.03485890477895737,0.4277668297290802,0.7129985094070435,-0.008280999027192593,0.42213305830955505,0.6808081865310669,-0.01716606132686138,0.41811951994895935,0.6482633948326111,-0.02215583436191082,0.4169521927833557,0.6236835718154907,-0.025207895785570145,0.4100629389286041,0.7226490378379822,-0.007474870420992374,0.40439367294311523,0.6904882192611694,-0.014520036056637764,0.399821937084198,0.6649057269096375,-0.016606878489255905,0.39711037278175354,0.6441981792449951,-0.017595762386918068,a
0.45371124148368835,0.7761388421058655,2.6184360990555433e-07,0.4851517975330353,0.7320400476455688,-0.01053630094975233,0.5041728615760803,0.6764230132102966,-0.010449650697410107,0.50739985704422,0.6309020519256592,-0.010539001785218716,0.5101413726806641,0.5947616696357727,-0.010545386001467705,0.47990867495536804,0.6649258732795715,0.01123205479234457,0.4804995059967041,0.6326026320457458,0.008579623885452747,0.4792267084121704,0.6092708110809326,0.0013483744114637375,0.4775884747505188,0.5895679593086243,-0.0044064512476325035,0.456986665725708,0.6653352379798889,0.01287104282528162,0.4542061686515808,0.6338028311729431,0.011984767392277718,0.45202764868736267,0.6110695004463196,0.004069013055413961,0.4505012035369873,0.593192994594574,-0.0024555267300456762,0.4366122782230377,0.6696662902832031,0.011925817467272282,0.4335719645023346,0.6386891007423401,0.010793311521410942,0.4319226145744324,0.6186426877975464,0.00820869766175747,0.4313126802444458,0.6038860082626343,0.00593004422262311,0.4185667634010315,0.6804043650627136,0.00926319882273674,0.41453638672828674,0.651936411857605,0.008972342126071453,0.4122011661529541,0.6341098546981812,0.010448756627738476,0.4105425179004669,0.6200345158576965,0.01155424490571022,a
0.46127599477767944,0.7482874393463135,2.1773870173547039e-07,0.494246244430542,0.7038967609405518,-0.008248481899499893,0.5129746198654175,0.6521981358528137,-0.008065441623330116,0.5164262652397156,0.60914146900177,-0.00854565855115652,0.519637942314148,0.5748668909072876,-0.008936306461691856,0.49040573835372925,0.6352217793464661,0.009634374640882015,0.492404967546463,0.6021918654441833,0.004919290542602539,0.49324387311935425,0.5838605761528015,-0.002360954647883773,0.49372485280036926,0.5692908763885498,-0.00724378926679492,0.4667492210865021,0.6357674598693848,0.010498907417058945,0.4639360308647156,0.6054117679595947,0.008291153237223625,0.4614344835281372,0.5879273414611816,0.0019006445072591305,0.45977839827537537,0.5719804763793945,-0.0029243510216474533,0.44514378905296326,0.6411265134811401,0.008938620798289776,0.4422089457511902,0.6110439300537109,0.0067169032990932465,0.4394521713256836,0.5946431756019592,0.00606962013989687,0.4384794235229492,0.5811462998390198,0.005624061916023493,0.4252474904060364,0.6522337198257446,0.005981095600873232,0.42058250308036804,0.6244447827339172,0.00516810268163681,0.4185166656970978,0.6087583899497986,0.00781827513128519,0.41701656579971313,0.5958715677261353,0.010320154018700123,a
0.46794793009757996,0.7146285772323608,1.7913602334829193e-07,0.5006453990936279,0.6768897175788879,-0.012024642899632454,0.5225776433944702,0.6209955811500549,-0.013441096991300583,0.5294713377952576,0.5712296962738037,-0.01408946979790926,0.534261167049408,0.5347994565963745,-0.013765598647296429,0.4997086524963379,0.6007637977600098,0.004920827690511942,0.5017998814582825,0.570446789264679,3.2092757464852184e-05,0.5023337602615356,0.5643824934959412,-0.00626376923173666,0.50447016954422,0.5536624789237976,-0.01064795907586813,0.4754457175731659,0.5972649455070496,0.008057598024606705,0.4739953875541687,0.5669839382171631,0.006642462220042944,0.473532110452652,0.5608439445495605,0.0033805137500166893,0.4756459891796112,0.548811674118042,0.0007665564771741629,0.4534393548965454,0.5989195108413696,0.008435693569481373,0.45212629437446594,0.5689340829849243,0.006601431407034397,0.4516485035419464,0.5663795471191406,0.010170104913413525,0.45360130071640015,0.5588655471801758,0.012618045322597027,0.43356603384017944,0.6056200265884399,0.0070813437923789024,0.4313961863517761,0.5768210887908936,0.007829437963664532,0.43222495913505554,0.5760583281517029,0.01414470560848713,0.4336869716644287,0.57526695728302,0.0192413367331028,a
0.4715702533721924,0.6846193671226501,-1.5583562884557978e-08,0.508125901222229,0.6469910740852356,-0.008547515608370304,0.5296392440795898,0.5935341715812683,-0.009161664173007011,0.5352484583854675,0.5485642552375793,-0.010671719908714294,0.5424588918685913,0.514598548412323,-0.010785306803882122,0.5082094073295593,0.5625262260437012,0.008531215600669384,0.5100089311599731,0.528663694858551,-0.0014873857144266367,0.5086746215820312,0.5456500053405762,-0.009013153612613678,0.509008526802063,0.5573135018348694,-0.012341431342065334,0.48266077041625977,0.561948299407959,0.008634071797132492,0.48143455386161804,0.5275889039039612,-0.00016141304513439536,0.47989028692245483,0.5523023009300232,-0.004658182617276907,0.48062798380851746,0.5656380653381348,-0.005210581701248884,0.4592607617378235,0.5676637291908264,0.005850404966622591,0.4578571617603302,0.5351812243461609,-0.0028612413443624973,0.457303524017334,0.5588961839675903,0.0007051735301502049,0.458474338054657,0.5719685554504395,0.00570072652772069,0.43717479705810547,0.5786811113357544,0.0019921744242310524,0.4359847605228424,0.5509569644927979,-0.001550515415146947,0.43802410364151,0.566691517829895,0.004655316937714815,0.4395727515220642,0.5781669616699219,0.011203285306692123,a
0.4735175669193268,0.6626061201095581,-1.8307753180124564e-07,0.5095698833465576,0.6377557516098022,-0.013435089029371738,0.5336122512817383,0.5827124118804932,-0.01599975675344467,0.5423151850700378,0.533650279045105,-0.01849036104977131,0.5517817735671997,0.4995013475418091,-0.017647992819547653,0.5161917209625244,0.5371840596199036,0.0031050057150423527,0.5173158049583435,0.49877965450286865,-0.01372129749506712,0.514447808265686,0.5387908816337585,-0.02090843953192234,0.5136145949363708,0.5578755140304565,-0.021973349153995514,0.4901905357837677,0.5365694761276245,0.004424640443176031,0.487632155418396,0.5006083846092224,-0.012021156959235668,0.48707258701324463,0.5460612773895264,-0.01320593897253275,0.48810458183288574,0.5623972415924072,-0.008640757761895657,0.4659433960914612,0.5427246689796448,0.0017154196975752711,0.4640098512172699,0.509549617767334,-0.01545299869030714,0.46503162384033203,0.5515762567520142,-0.00704295514151454,0.46589717268943787,0.5676328539848328,0.004173641558736563,0.44273149967193604,0.5533486008644104,-0.002263683592900634,0.44276151061058044,0.5256081223487854,-0.011130555532872677,0.44600388407707214,0.5553097724914551,-0.002774819964542985,0.4473744332790375,0.571635365486145,0.0072495779022574425,a
0.4748018980026245,0.6567121744155884,-2.1804179084483621e-07,0.510063111782074,0.6327633857727051,-0.013994358479976654,0.5343551635742188,0.5768926739692688,-0.01686784438788891,0.5453452467918396,0.5257846713066101,-0.019604520872235298,0.557242751121521,0.4925760328769684,-0.018012143671512604,0.5231636166572571,0.5320237874984741,0.002177582588046789,0.5207239985466003,0.4903087913990021,-0.015461337752640247,0.5168728232383728,0.5292953252792358,-0.022001618519425392,0.519422173500061,0.5458555817604065,-0.02282717637717724,0.49672847986221313,0.5295060873031616,0.003527835477143526,0.49216562509536743,0.4949362874031067,-0.01349402405321598,0.4917301833629608,0.539792537689209,-0.013122251257300377,0.4951915740966797,0.5488499999046326,-0.007858636789023876,0.47151315212249756,0.5345447659492493,0.0005404285620898008,0.46775904297828674,0.502714216709137,-0.016324006021022797,0.47000372409820557,0.5433512330055237,-0.006216119974851608,0.474059522151947,0.552418053150177,0.005467538721859455,0.4470231831073761,0.5427727699279785,-0.004065468441694975,0.44520801305770874,0.5196999907493591,-0.011148886755108833,0.44937801361083984,0.5470213890075684,-0.0019495959859341383,0.45230284333229065,0.557264506816864,0.007957695052027702,a
0.4744705259799957,0.6614225506782532,-2.2990236914210982e-07,0.5104079246520996,0.6341375112533569,-0.014713832177221775,0.5348386168479919,0.5779158473014832,-0.01783624291419983,0.5445447564125061,0.5265752673149109,-0.020770510658621788,0.5562986731529236,0.4922775626182556,-0.019053298979997635,0.5229986310005188,0.5321509838104248,0.002604415873065591,0.5206058025360107,0.48968762159347534,-0.015036514028906822,0.5160642266273499,0.5312092900276184,-0.022107815369963646,0.5182531476020813,0.5466679930686951,-0.0236574187874794,0.4967724680900574,0.5302435159683228,0.0040473854169249535,0.49239957332611084,0.4953295588493347,-0.013337758369743824,0.4919930100440979,0.5413870811462402,-0.013743988238275051,0.4951557219028473,0.5495878458023071,-0.00922540482133627,0.4717135429382324,0.535137951374054,0.001098883687518537,0.4674517512321472,0.5006336569786072,-0.016196705400943756,0.4700367748737335,0.5424157977104187,-0.006192030385136604,0.4739323556423187,0.5517259240150452,0.005439466796815395,0.4474642276763916,0.5428436994552612,-0.003589626168832183,0.4449721872806549,0.5180434584617615,-0.011192389763891697,0.4494190514087677,0.545579195022583,-0.002056501107290387,0.4521036744117737,0.5558765530586243,0.007911681197583675,a
0.4752442538738251,0.6565273404121399,-2.243651380240408e-07,0.5119898915290833,0.6290006637573242,-0.013051530346274376,0.5365616083145142,0.5762847661972046,-0.01600043475627899,0.5479778051376343,0.5271596312522888,-0.01949075423181057,0.5589811205863953,0.49203920364379883,-0.018957242369651794,0.5260008573532104,0.5292155742645264,0.0052351453341543674,0.5239683389663696,0.48623016476631165,-0.012753774411976337,0.51822829246521,0.5235711336135864,-0.020642798393964767,0.5199788212776184,0.5416452288627625,-0.022274216637015343,0.4997502565383911,0.5267379879951477,0.005877008195966482,0.49672842025756836,0.4909175634384155,-0.01161748357117176,0.4941669702529907,0.5339527726173401,-0.013188110664486885,0.49655377864837646,0.5439662933349609,-0.009237358346581459,0.4747053384780884,0.5312380790710449,0.002201326424255967,0.4724024534225464,0.4973018169403076,-0.014986886642873287,0.4728539288043976,0.5363684296607971,-0.006315680220723152,0.47572484612464905,0.546823263168335,0.004566127900034189,0.4503624737262726,0.5385881662368774,-0.0030070613138377666,0.4491833448410034,0.511899471282959,-0.010201193392276764,0.45247727632522583,0.5383788347244263,-0.0011923379497602582,0.45473310351371765,0.5502631664276123,0.008751610293984413,a
0.4753766357898712,0.6547839641571045,-2.484134711266961e-07,0.5119959115982056,0.6296071410179138,-0.014817940071225166,0.537652850151062,0.574593186378479,-0.018160387873649597,0.54836505651474,0.523015022277832,-0.021402819082140923,0.5619714856147766,0.48857706785202026,-0.020024841651320457,0.5278875827789307,0.5255833268165588,0.003433310892432928,0.5259411931037903,0.48258906602859497,-0.01495895441621542,0.5189239382743835,0.5245041251182556,-0.022381937131285667,0.5197180509567261,0.5417818427085876,-0.023890316486358643,0.5021733641624451,0.5223104357719421,0.004737536422908306,0.4992503821849823,0.48643359541893005,-0.013188743963837624,0.4960174560546875,0.5334363579750061,-0.01378849521279335,0.49862053990364075,0.5413974523544312,-0.009138314984738827,0.4773760735988617,0.5262594223022461,0.001513539464212954,0.4751559793949127,0.49114030599594116,-0.016922922804951668,0.4752143621444702,0.5339000225067139,-0.007357857655733824,0.47860395908355713,0.5428133606910706,0.004375884775072336,0.45288896560668945,0.5329371690750122,-0.0033632228150963783,0.45139700174331665,0.5062483549118042,-0.01197865977883339,0.45430830121040344,0.5355167984962463,-0.0029811779968440533,0.4567109942436218,0.5467374920845032,0.00719039048999548,a
0.47607722878456116,0.6529363393783569,-2.467097033331811e-07,0.5130454897880554,0.6261154413223267,-0.012736055068671703,0.5381742715835571,0.5714676380157471,-0.015335558913648129,0.5497940182685852,0.5207598805427551,-0.01841287687420845,0.563697874546051,0.4868805706501007,-0.01692224107682705,0.5287767052650452,0.5238972306251526,0.005289815831929445,0.5273781418800354,0.48152679204940796,-0.013033107854425907,0.5210589170455933,0.5221419334411621,-0.020373409613966942,0.5223300457000732,0.53920978307724,-0.021755728870630264,0.5035272240638733,0.52066570520401,0.005739192478358746,0.5006639957427979,0.48596617579460144,-0.012550784274935722,0.4980715215206146,0.5324773788452148,-0.013146025128662586,0.5013763904571533,0.5400447845458984,-0.008378727361559868,0.4789220988750458,0.5238181948661804,0.0017603888409212232,0.4762989282608032,0.4896091818809509,-0.016524218022823334,0.47652652859687805,0.5322498679161072,-0.0069406600669026375,0.4805983901023865,0.5410521030426025,0.004847221076488495,0.4545157849788666,0.5290467739105225,-0.0037533107679337263,0.4526233971118927,0.5031840205192566,-0.01176281739026308,0.4557141959667206,0.5316171050071716,-0.0027856393717229366,0.45877403020858765,0.5422224998474121,0.007314084097743034,a
0.47540098428726196,0.6518098711967468,-2.546203461406549e-07,0.5124073028564453,0.6264395117759705,-0.01321112085133791,0.5386819839477539,0.5702472925186157,-0.015349866822361946,0.551223635673523,0.5190948247909546,-0.01766100339591503,0.5651223063468933,0.48503756523132324,-0.015002678148448467,0.5291876196861267,0.5234308242797852,0.005413313861936331,0.5277209877967834,0.48049861192703247,-0.012688808143138885,0.5212931632995605,0.5224343538284302,-0.01970362849533558,0.5230510830879211,0.5383191108703613,-0.02091323584318161,0.5040413737297058,0.5196928381919861,0.006482380907982588,0.5005881786346436,0.48608434200286865,-0.011031282134354115,0.4980837106704712,0.5334389209747314,-0.010822637937963009,0.5025038719177246,0.5383450388908386,-0.0057174707762897015,0.4798973798751831,0.5224538445472717,0.002969991648569703,0.47691813111305237,0.48964834213256836,-0.014133228920400143,0.4769068956375122,0.532908022403717,-0.0035249507054686546,0.4823320508003235,0.539055585861206,0.008486232720315456,0.45625096559524536,0.5270074605941772,-0.0022643846459686756,0.453828364610672,0.5037016272544861,-0.00892134103924036,0.455895334482193,0.5328790545463562,0.0007397987064905465,0.45941558480262756,0.5418201088905334,0.010974072851240635,a
0.4741111099720001,0.650634229183197,-2.5318820462416625e-07,0.5105265378952026,0.6251648664474487,-0.013907884247601032,0.537568986415863,0.5706533193588257,-0.0169684998691082,0.5517893433570862,0.5198495984077454,-0.020165681838989258,0.5659962892532349,0.48558586835861206,-0.018284965306520462,0.529991090297699,0.5234825015068054,0.004122677259147167,0.5285820364952087,0.47944942116737366,-0.014719033613801003,0.5210303664207458,0.5218572020530701,-0.02172742784023285,0.5223526954650879,0.5384200811386108,-0.02272600680589676,0.5045204758644104,0.5196793675422668,0.005185561254620552,0.5010620355606079,0.48599910736083984,-0.012613305822014809,0.49761685729026794,0.5339561700820923,-0.011726533062756062,0.5024946928024292,0.5376307964324951,-0.0060826377011835575,0.4800017178058624,0.5219285488128662,0.0015317799989134073,0.47737058997154236,0.48933422565460205,-0.01598069816827774,0.476610004901886,0.5329527854919434,-0.0044875359162688255,0.4823414087295532,0.5381305813789368,0.008177975192666054,0.4560815691947937,0.5258843898773193,-0.003954106476157904,0.454005628824234,0.5027318000793457,-0.010815352201461792,0.4557721018791199,0.5325952768325806,-0.00045480462722480297,0.4592420756816864,0.5415497422218323,0.010364824905991554,a
0.47429677844047546,0.6528826951980591,-2.408994248526142e-07,0.5090101361274719,0.6283265948295593,-0.014957379549741745,0.5356729030609131,0.5732871294021606,-0.018726250156760216,0.5505664348602295,0.5220211744308472,-0.022399554029107094,0.5658673048019409,0.4884166121482849,-0.020843157544732094,0.5284496545791626,0.5227159261703491,0.002696539042517543,0.527008593082428,0.47915634512901306,-0.015775207430124283,0.5207273364067078,0.5223734378814697,-0.022595230489969254,0.5215782523155212,0.5381348133087158,-0.023682644590735435,0.5026319622993469,0.5191150903701782,0.004171110689640045,0.4991735517978668,0.48561128973960876,-0.013060072436928749,0.497409462928772,0.5348759293556213,-0.011827358976006508,0.5013878345489502,0.537683367729187,-0.006225293036550283,0.47783687710762024,0.5220625400543213,0.0009345787111669779,0.47512519359588623,0.48832961916923523,-0.016230003908276558,0.4760131239891052,0.532383382320404,-0.004638793878257275,0.4805968701839447,0.5373294353485107,0.00789804756641388,0.4538749158382416,0.5266915559768677,-0.004209627863019705,0.45142388343811035,0.5021528601646423,-0.011133811436593533,0.45464497804641724,0.5308696031570435,-0.0009279527002945542,0.45775750279426575,0.5391564965248108,0.009720398113131523,a
0.4737927317619324,0.652530312538147,-2.5996570229835925e-07,0.5078544020652771,0.6264820694923401,-0.013846118003129959,0.534162700176239,0.570041835308075,-0.016845406964421272,0.549461841583252,0.5202621817588806,-0.019775815308094025,0.5652463436126709,0.4878205955028534,-0.01734578050673008,0.5285696387290955,0.5218915939331055,0.0027963537722826004,0.527562141418457,0.4780624508857727,-0.01580110564827919,0.5207238793373108,0.5231165885925293,-0.022905215620994568,0.5212834477424622,0.5378085970878601,-0.024320751428604126,0.5031604766845703,0.5181683301925659,0.003732893383130431,0.5001972317695618,0.4847416877746582,-0.013770061545073986,0.4978165924549103,0.5341725945472717,-0.012944100424647331,0.501348078250885,0.5369356274604797,-0.007746994029730558,0.47842901945114136,0.5210676789283752,0.00012337729276623577,0.4762951731681824,0.4878012537956238,-0.016906900331377983,0.47658586502075195,0.5328307151794434,-0.005292914342135191,0.48130491375923157,0.5376614928245544,0.007115239277482033,0.4545269012451172,0.5254393815994263,-0.005300015211105347,0.4529564678668976,0.5017037987709045,-0.011750439181923866,0.4557083547115326,0.5316963791847229,-0.0011589196510612965,0.45886069536209106,0.5401082038879395,0.009597936645150185,a
0.47136959433555603,0.6527480483055115,-2.5978789608416264e-07,0.5081711411476135,0.6255042552947998,-0.012950225733220577,0.5339954495429993,0.5703315734863281,-0.015728646889328957,0.5477824211120605,0.5204147696495056,-0.018850652500987053,0.5645208954811096,0.4878222346305847,-0.017070047557353973,0.527225911617279,0.522385835647583,0.005062112584710121,0.5262897610664368,0.4799179434776306,-0.013086057268083096,0.5190902352333069,0.5226617455482483,-0.020581834018230438,0.5200003981590271,0.5378620028495789,-0.022400027140975,0.5022585988044739,0.5183967351913452,0.005607900209724903,0.49942126870155334,0.48446106910705566,-0.01207799930125475,0.4962601661682129,0.5321407318115234,-0.012405331246554852,0.5000076293945312,0.5372061729431152,-0.007900291122496128,0.4778258204460144,0.5207428336143494,0.0017144063021987677,0.4756767153739929,0.48677247762680054,-0.01582624576985836,0.4751679599285126,0.5306124687194824,-0.00542295491322875,0.4797767102718353,0.5376748442649841,0.0064215329475700855,0.4539217948913574,0.5245679616928101,-0.003830287605524063,0.4525323808193207,0.4994919002056122,-0.011011205613613129,0.4545900225639343,0.5291027426719666,-0.0011368346167728305,0.4575755000114441,0.5392084717750549,0.0093044089153409,a
0.4692004919052124,0.6517816185951233,-2.524216995425377e-07,0.5055854916572571,0.6261671185493469,-0.01524989865720272,0.5329352021217346,0.5715171694755554,-0.018781589344143867,0.5482974052429199,0.5206343531608582,-0.022187888622283936,0.5651179552078247,0.4871809482574463,-0.02034747041761875,0.5283289551734924,0.5227903127670288,0.004486531484872103,0.5268308520317078,0.47968387603759766,-0.014314830303192139,0.5178011655807495,0.5228967666625977,-0.021839601919054985,0.5186308026313782,0.5380444526672363,-0.023517904803156853,0.5030216574668884,0.5179787874221802,0.006056244485080242,0.5002275109291077,0.4839792251586914,-0.012257817201316357,0.4953591823577881,0.532131552696228,-0.012230427004396915,0.499553918838501,0.536139726638794,-0.007189525756984949,0.47811993956565857,0.5198708176612854,0.0027476034592837095,0.47584450244903564,0.4864085018634796,-0.015635700896382332,0.47393909096717834,0.5303313136100769,-0.0050031887367367744,0.4790472984313965,0.5361011028289795,0.007271045818924904,0.45395034551620483,0.5233517289161682,-0.002445350866764784,0.45207729935646057,0.49895453453063965,-0.010060346685349941,0.4532783627510071,0.5289862751960754,-0.00027519880677573383,0.4567405879497528,0.5382829904556274,0.010217836126685143,a
0.46873530745506287,0.6502079963684082,-2.455664400713431e-07,0.5047249794006348,0.6236220598220825,-0.013586926274001598,0.5325972437858582,0.5707262754440308,-0.016829779371619225,0.54877108335495,0.5210530757904053,-0.020255712792277336,0.5647312998771667,0.48794880509376526,-0.018609121441841125,0.526276707649231,0.5234935879707336,0.003830130212008953,0.5258026719093323,0.47898250818252563,-0.014518734067678452,0.5175417065620422,0.521854817867279,-0.0216120146214962,0.5180950164794922,0.5380340814590454,-0.022889530286192894,0.5009081959724426,0.5188308358192444,0.004694000817835331,0.4985129237174988,0.4841476380825043,-0.012329674325883389,0.49461907148361206,0.5320641994476318,-0.011607004329562187,0.4986925721168518,0.5362151265144348,-0.006542461458593607,0.4761978089809418,0.5204660296440125,0.0009902225574478507,0.4746008813381195,0.4859672486782074,-0.01582670398056507,0.47333070635795593,0.5291963219642639,-0.00466202711686492,0.47783908247947693,0.5352537631988525,0.007446992676705122,0.45203012228012085,0.523672878742218,-0.004490661434829235,0.450520783662796,0.49838733673095703,-0.010878906585276127,0.45248138904571533,0.5268487930297852,-0.0005678271991200745,0.4553290605545044,0.5362849831581116,0.010003571398556232,a
0.46782299876213074,0.648590087890625,-2.5204681719515065e-07,0.5048784613609314,0.6224741339683533,-0.014058539643883705,0.5328752398490906,0.5697044134140015,-0.01715955138206482,0.5490307211875916,0.5205867886543274,-0.02040529064834118,0.5651928186416626,0.4878459870815277,-0.018532220274209976,0.5267819762229919,0.5213843584060669,0.0051788692362606525,0.5263533592224121,0.4781261384487152,-0.013716869987547398,0.517586350440979,0.520079493522644,-0.021512407809495926,0.5178994536399841,0.5361871719360352,-0.02308317832648754,0.5017409920692444,0.5166551470756531,0.0063795470632612705,0.49915555119514465,0.48306119441986084,-0.011110816150903702,0.4946322739124298,0.5303024053573608,-0.011017224751412868,0.49890148639678955,0.5347254872322083,-0.00611346960067749,0.477304607629776,0.5179492235183716,0.0027859164401888847,0.4755038321018219,0.4847903847694397,-0.014363325200974941,0.47358712553977966,0.5276760458946228,-0.0037622617091983557,0.47829148173332214,0.5338349938392639,0.00820184126496315,0.45331865549087524,0.5207904577255249,-0.002667374210432172,0.4515399932861328,0.49638816714286804,-0.009212448261678219,0.4529668688774109,0.5254305601119995,0.0007211116026155651,0.4560985565185547,0.5349926948547363,0.011182092130184174,a
0.46678775548934937,0.646332323551178,-2.51290146024985e-07,0.5042955279350281,0.6227259635925293,-0.015193575993180275,0.5331228971481323,0.5705061554908752,-0.018934588879346848,0.5495968461036682,0.5206289291381836,-0.022631114348769188,0.5660255551338196,0.48746737837791443,-0.02129667066037655,0.5275797843933105,0.5212906002998352,0.003443890018388629,0.5273550748825073,0.4778030514717102,-0.016121121123433113,0.5182198286056519,0.5197423696517944,-0.024103112518787384,0.5185899138450623,0.5366419553756714,-0.02575349062681198,0.5025551319122314,0.5155949592590332,0.0048003895208239555,0.5004588961601257,0.48130011558532715,-0.013788638636469841,0.4952838122844696,0.528486430644989,-0.013792566023766994,0.4993688464164734,0.5342544913291931,-0.008718715980648994,0.4776868224143982,0.5163410902023315,0.0012981657637283206,0.47673657536506653,0.48286616802215576,-0.017356807366013527,0.4741721451282501,0.52585768699646,-0.006738561671227217,0.47865498065948486,0.5327175259590149,0.005641150753945112,0.45305007696151733,0.5189534425735474,-0.0040744598954916,0.45271846652030945,0.4938172399997711,-0.012018488720059395,0.45341789722442627,0.5233507752418518,-0.0022018873132765293,0.45582377910614014,0.5332835912704468,0.008436691015958786,a
0.46607232093811035,0.6460211277008057,-2.4146982013917295e-07,0.5035735368728638,0.6217148900032043,-0.014809132553637028,0.5325650572776794,0.5703355073928833,-0.018445193767547607,0.54898601770401,0.5204021334648132,-0.022128354758024216,0.5663652420043945,0.4881167411804199,-0.020781148225069046,0.527414083480835,0.5208947062492371,0.00455464655533433,0.5278750658035278,0.4779157340526581,-0.01414214912801981,0.5189757943153381,0.5198389291763306,-0.021805142983794212,0.5197384357452393,0.5355701446533203,-0.02350345253944397,0.502884030342102,0.5144858956336975,0.005934520624577999,0.5010591149330139,0.4809330701828003,-0.011871805414557457,0.4956088662147522,0.5278874039649963,-0.011946556158363819,0.4992196559906006,0.5326815843582153,-0.007214914076030254,0.47816887497901917,0.5148293972015381,0.002538315486162901,0.47766172885894775,0.4813523590564728,-0.015616269782185555,0.4751102328300476,0.5243484973907471,-0.005191484931856394,0.4791538417339325,0.5310667157173157,0.006875118240714073,0.4533187448978424,0.5167783498764038,-0.002650334034115076,0.4535238444805145,0.4911939203739166,-0.010300767607986927,0.4544658660888672,0.5204281806945801,-0.0005332846194505692,0.4567304849624634,0.5303096771240234,0.010005885735154152,a
0.4669245183467865,0.6447303295135498,-2.4819701138767414e-07,0.5031554698944092,0.6214216947555542,-0.01419574674218893,0.5324121713638306,0.5694569945335388,-0.01763717643916607,0.5497666597366333,0.5202189683914185,-0.021200217306613922,0.5672206878662109,0.4886276125907898,-0.019662823528051376,0.5278371572494507,0.5202861428260803,0.004292380064725876,0.5292651057243347,0.47729140520095825,-0.014545353129506111,0.5202454328536987,0.5202298164367676,-0.02223641611635685,0.520108699798584,0.5348858833312988,-0.024063531309366226,0.5037683844566345,0.5135645866394043,0.005239228252321482,0.5026125907897949,0.4799899458885193,-0.012858105823397636,0.4972364604473114,0.5280908346176147,-0.012936701066792011,0.4998342990875244,0.5316969156265259,-0.008251513354480267,0.47914814949035645,0.5136674046516418,0.0015204742085188627,0.47904515266418457,0.479728639125824,-0.01687866635620594,0.4766027331352234,0.5245323777198792,-0.006049961782991886,0.4799204468727112,0.5305424928665161,0.006234274711459875,0.4541464149951935,0.5154471397399902,-0.003930909559130669,0.45472249388694763,0.4913828372955322,-0.011742525734007359,0.45555487275123596,0.5218713879585266,-0.0017320303013548255,0.45725175738334656,0.5306633710861206,0.008880590088665485,a
0.4654046595096588,0.6447086930274963,-2.500996743037831e-07,0.5013258457183838,0.6229475140571594,-0.015291993506252766,0.5314746499061584,0.5706791281700134,-0.018869934603571892,0.5503760576248169,0.521607518196106,-0.022329432889819145,0.5684242248535156,0.4898914694786072,-0.02046971581876278,0.528589129447937,0.5206364393234253,0.0041754101403057575,0.5293434858322144,0.47632426023483276,-0.014950177632272243,0.5197054743766785,0.5192293524742126,-0.022538039833307266,0.5206206440925598,0.5349940061569214,-0.024069957435131073,0.5045167207717896,0.5136106610298157,0.005685814656317234,0.5032870173454285,0.478878378868103,-0.012850301340222359,0.49691155552864075,0.5270870923995972,-0.01250544749200344,0.5007708668708801,0.5316523909568787,-0.0071051050908863544,0.48001185059547424,0.5130930542945862,0.0022584896069020033,0.47996821999549866,0.4784458875656128,-0.016511430963873863,0.47628331184387207,0.5231994986534119,-0.0054160915315151215,0.48063501715660095,0.5299355387687683,0.007365199271589518,0.4556219279766083,0.5141007304191589,-0.0030744625255465508,0.4564463198184967,0.4891323745250702,-0.011078032664954662,0.4559589624404907,0.520194411277771,-0.0010814812267199159,0.4580673575401306,0.5298740267753601,0.009732441045343876,a
0.46595004200935364,0.6444609761238098,-2.535154521865479e-07,0.5032908916473389,0.6212540864944458,-0.01340167224407196,0.532459557056427,0.570240318775177,-0.01655208133161068,0.5500485897064209,0.5222843885421753,-0.019982190802693367,0.5681533217430115,0.49120453000068665,-0.01851058192551136,0.5283572673797607,0.5208322405815125,0.0045755463652312756,0.529906690120697,0.4772438406944275,-0.014443508349359035,0.5205816030502319,0.5193653106689453,-0.022548826411366463,0.5205329656600952,0.5362722277641296,-0.02445184998214245,0.5043150782585144,0.513926088809967,0.005279242992401123,0.5034359097480774,0.4792145788669586,-0.012780520133674145,0.4976598918437958,0.5268174409866333,-0.013097493909299374,0.5007556676864624,0.5332142114639282,-0.008532486855983734,0.4799259603023529,0.5130491256713867,0.0014132914366200566,0.4804772734642029,0.4770437479019165,-0.01699070632457733,0.4772375226020813,0.5221827626228333,-0.006437427829951048,0.48053377866744995,0.5313127636909485,0.005790609400719404,0.4552769362926483,0.5139716267585754,-0.0041157701052725315,0.4566256105899811,0.4878130257129669,-0.012352793477475643,0.4565141797065735,0.5190870761871338,-0.002614355878904462,0.4579080641269684,0.5303162932395935,0.00800436083227396,a
0.4656364917755127,0.6448197364807129,-2.5305286044385866e-07,0.5018931031227112,0.622674822807312,-0.014035101048648357,0.5319613218307495,0.5705462694168091,-0.017078271135687828,0.5503252744674683,0.5220152735710144,-0.020235208794474602,0.5687969923019409,0.4909721910953522,-0.01828465238213539,0.5277255177497864,0.5209964513778687,0.004726429935544729,0.5302762985229492,0.4763796925544739,-0.013983217068016529,0.5207036733627319,0.5195320248603821,-0.02174876444041729,0.5199358463287354,0.535706639289856,-0.023471560329198837,0.5040610432624817,0.5140127539634705,0.005776174832135439,0.504241406917572,0.47845515608787537,-0.012109436094760895,0.4982328712940216,0.5267168283462524,-0.012387719005346298,0.5005863904953003,0.5322118401527405,-0.0076906634494662285,0.4798440933227539,0.5132825970649719,0.0021754279732704163,0.4809842109680176,0.47725775837898254,-0.01613440550863743,0.4777980148792267,0.5223628282546997,-0.005667007062584162,0.4807121753692627,0.5303025245666504,0.00655977101996541,0.45537319779396057,0.5139492750167847,-0.003123379312455654,0.4573265016078949,0.48780545592308044,-0.011153328232467175,0.4575244188308716,0.5190735459327698,-0.0013041357742622495,0.4587528109550476,0.5298509001731873,0.00938870944082737,a
0.4664291739463806,0.6453447341918945,-2.611690206322237e-07,0.5028295516967773,0.6229557394981384,-0.013228990137577057,0.5319586992263794,0.5703735947608948,-0.016195757314562798,0.5499406456947327,0.5223179459571838,-0.01946648769080639,0.568299412727356,0.4915410280227661,-0.017848748713731766,0.5281710624694824,0.5208053588867188,0.0039243088103830814,0.5302292108535767,0.4762979745864868,-0.015053901821374893,0.5206591486930847,0.5191213488578796,-0.02277287282049656,0.5203397870063782,0.5364912152290344,-0.024333041161298752,0.5043338537216187,0.5139597654342651,0.004472584463655949,0.5042898654937744,0.4785292148590088,-0.013602878898382187,0.498129665851593,0.5264012217521667,-0.013472751714289188,0.5006687045097351,0.5333060026168823,-0.008479876443743706,0.4799456000328064,0.5133758783340454,0.0005052112974226475,0.48120835423469543,0.4765061140060425,-0.01799405924975872,0.4779389202594757,0.5217143893241882,-0.007198389153927565,0.4807242751121521,0.5313447713851929,0.0052920011803507805,0.455257773399353,0.5145260691642761,-0.005089744459837675,0.457478404045105,0.4874607026576996,-0.013545448891818523,0.45769768953323364,0.5189279317855835,-0.0036616690922528505,0.45873844623565674,0.5307847261428833,0.0071487221866846085,a
0.4658576548099518,0.6450510025024414,-2.660665643361426e-07,0.5022964477539062,0.6234240531921387,-0.013036665506660938,0.5321811437606812,0.5700039863586426,-0.015701452270150185,0.5506643652915955,0.5215970277786255,-0.018657341599464417,0.5693659782409668,0.49112361669540405,-0.016661647707223892,0.5278891324996948,0.520426869392395,0.004125607665628195,0.5311043858528137,0.47560369968414307,-0.014629501849412918,0.5217986702919006,0.519263744354248,-0.02212264947593212,0.5206208229064941,0.5356164574623108,-0.023567302152514458,0.5041507482528687,0.513410747051239,0.004657454323023558,0.5052233934402466,0.4784601926803589,-0.013111378997564316,0.4991728365421295,0.5269662737846375,-0.013024846091866493,0.5007883310317993,0.5320024490356445,-0.008142653852701187,0.479894757270813,0.5126891136169434,0.0007086883415468037,0.482074111700058,0.4765292704105377,-0.01767297089099884,0.4788162112236023,0.5225414037704468,-0.0069759138859808445,0.48104408383369446,0.5304897427558899,0.005365356802940369,0.4553171694278717,0.5136005282402039,-0.0048047141171991825,0.4585914611816406,0.48713257908821106,-0.013087727129459381,0.4586227238178253,0.5195387601852417,-0.0030526898335665464,0.45913130044937134,0.5308524966239929,0.007779669016599655,a
0.4663570821285248,0.6452272534370422,-2.6805480501934653e-07,0.5023979544639587,0.6234017610549927,-0.013416506350040436,0.532818615436554,0.570081889629364,-0.016296539455652237,0.5512313842773438,0.5215489864349365,-0.01940848119556904,0.5697021484375,0.4907854199409485,-0.01745549961924553,0.5289543867111206,0.5192632675170898,0.004077004734426737,0.5312564969062805,0.47474855184555054,-0.015091133303940296,0.5216948390007019,0.5187559127807617,-0.022835800424218178,0.5209169387817383,0.5355854034423828,-0.024366257712244987,0.5048874020576477,0.5122681260108948,0.00472932169213891,0.5053207278251648,0.47769132256507874,-0.013322914019227028,0.49908146262168884,0.5266540050506592,-0.013213069178164005,0.5012421607971191,0.5316576361656189,-0.008230147883296013,0.480541467666626,0.5116667747497559,0.0007980712107382715,0.4822741448879242,0.47594723105430603,-0.01774095743894577,0.4787505865097046,0.5219916105270386,-0.0069388337433338165,0.4814072847366333,0.5295934081077576,0.005499985534697771,0.4561254382133484,0.5127553343772888,-0.004765183664858341,0.45893746614456177,0.4869668781757355,-0.013029026798903942,0.458642840385437,0.5192825198173523,-0.0029319333843886852,0.459412157535553,0.5301576852798462,0.007978517562150955,a
0.4676772654056549,0.6462738513946533,-2.618971279844118e-07,0.5043746829032898,0.6225346326828003,-0.01176679227501154,0.533406674861908,0.5695140957832336,-0.01440828014165163,0.5515404939651489,0.5221415758132935,-0.017899170517921448,0.5694475173950195,0.4912126958370209,-0.01693219505250454,0.5291123986244202,0.5201804637908936,0.0046991934068500996,0.5322215557098389,0.4747564494609833,-0.014265275560319424,0.5233050584793091,0.5166162252426147,-0.02232213132083416,0.522242546081543,0.5352744460105896,-0.023968089371919632,0.5050817728042603,0.5136057138442993,0.004354724194854498,0.5062206983566284,0.47692713141441345,-0.013591236434876919,0.5001276135444641,0.5235333442687988,-0.014139744453132153,0.5014283061027527,0.5325164198875427,-0.009620215743780136,0.4806561768054962,0.5132442116737366,-0.0003186299873050302,0.4829414486885071,0.4753386378288269,-0.01849246397614479,0.4796939790248871,0.5195206999778748,-0.008329934440553188,0.48123544454574585,0.5310802459716797,0.003707601223140955,0.4558592438697815,0.5148202180862427,-0.006487736478447914,0.4591835141181946,0.48612165451049805,-0.01490969117730856,0.4597417414188385,0.5171610713005066,-0.005226431880146265,0.4603239893913269,0.5306358933448792,0.0054413266479969025,a
0.4673427939414978,0.6460139155387878,-2.7114600698041613e-07,0.504897952079773,0.6220865249633789,-0.011292899958789349,0.5344799757003784,0.5688107013702393,-0.013438916765153408,0.552643895149231,0.5218421220779419,-0.016521979123353958,0.570134699344635,0.49093934893608093,-0.01516775880008936,0.5290362238883972,0.5202720761299133,0.005339778494089842,0.5328555107116699,0.4744985103607178,-0.013583263382315636,0.5236384272575378,0.5166404247283936,-0.02169809490442276,0.5218347311019897,0.5360681414604187,-0.023245826363563538,0.5049364566802979,0.5138654112815857,0.004944479558616877,0.5067262649536133,0.47701236605644226,-0.012832573615014553,0.5004779696464539,0.5238260626792908,-0.013488075695931911,0.5012487173080444,0.5336533784866333,-0.008995666168630123,0.4805741608142853,0.5133283734321594,0.0002285519294673577,0.48360249400138855,0.47525033354759216,-0.017375849187374115,0.47994330525398254,0.5194696187973022,-0.007222460117191076,0.4805643558502197,0.5316365957260132,0.004740968346595764,0.4557574391365051,0.5146112442016602,-0.00597391277551651,0.4599355459213257,0.485983669757843,-0.013591261580586433,0.459887832403183,0.5165576338768005,-0.003741120919585228,0.45964372158050537,0.5298056602478027,0.006904696114361286,a
0.46724119782447815,0.6450840830802917,-2.7309042138767836e-07,0.5053532719612122,0.6205505728721619,-0.009865549392998219,0.5344204902648926,0.567561149597168,-0.011665628291666508,0.5526937246322632,0.5201340913772583,-0.014658753760159016,0.570643961429596,0.4895845353603363,-0.013453969731926918,0.5290113687515259,0.5203211307525635,0.005584819242358208,0.5327728986740112,0.4741499423980713,-0.012867337092757225,0.5243921279907227,0.5161234140396118,-0.02071058563888073,0.5225001573562622,0.5352161526679993,-0.0222155824303627,0.5051263570785522,0.5138500928878784,0.004509887658059597,0.5067690014839172,0.4770285189151764,-0.012569217942655087,0.5012960433959961,0.5239065885543823,-0.013009563088417053,0.5017490386962891,0.5327290892601013,-0.008762464858591557,0.4808162748813629,0.5130833387374878,-0.000644739018753171,0.48383140563964844,0.4740992486476898,-0.017924323678016663,0.4804408848285675,0.5192562341690063,-0.007478190120309591,0.4806225001811981,0.5311733484268188,0.00439362321048975,0.45577216148376465,0.5142688155174255,-0.007128196302801371,0.4605133533477783,0.4849174916744232,-0.014859821647405624,0.4602305293083191,0.516720175743103,-0.004762519616633654,0.45920705795288086,0.5305443406105042,0.005941781215369701,a
0.46726658940315247,0.6442810893058777,-2.682077990812104e-07,0.5049364566802979,0.6199108362197876,-0.009678328409790993,0.5340085029602051,0.565784752368927,-0.011081856675446033,0.5525476932525635,0.5189950466156006,-0.013598104007542133,0.5705645084381104,0.48970428109169006,-0.011780125088989735,0.529896080493927,0.519292414188385,0.005400398746132851,0.5326883792877197,0.47352364659309387,-0.012920760549604893,0.5243704915046692,0.5142213702201843,-0.02063886635005474,0.5228546261787415,0.5324352383613586,-0.022124353796243668,0.5055034756660461,0.5127223134040833,0.004372084513306618,0.5060580968856812,0.4767814874649048,-0.012569389306008816,0.5008997917175293,0.5231603384017944,-0.012793833389878273,0.5021724104881287,0.5308089852333069,-0.008433443494141102,0.4809183180332184,0.5118920207023621,-0.0007214113720692694,0.4830963611602783,0.47412562370300293,-0.01775355078279972,0.48011139035224915,0.5188682079315186,-0.0074391732923686504,0.48123228549957275,0.5295473337173462,0.004258910659700632,0.4559203088283539,0.5130309462547302,-0.007162554655224085,0.4599158465862274,0.48487457633018494,-0.014607865363359451,0.459921270608902,0.516186535358429,-0.004718950018286705,0.4596148133277893,0.5288450121879578,0.0057677775621414185,a
0.4656146764755249,0.6429086923599243,-2.698229764064308e-07,0.5038310885429382,0.6187537908554077,-0.010198190808296204,0.5335625410079956,0.5659531354904175,-0.011987820267677307,0.5523023009300232,0.5189655423164368,-0.014815852046012878,0.5703735947608948,0.4890356957912445,-0.013239707797765732,0.5290712714195251,0.5192544460296631,0.005385101307183504,0.5324065685272217,0.47318458557128906,-0.012850115075707436,0.5240579843521118,0.5147772431373596,-0.02031896635890007,0.5227214694023132,0.5328037142753601,-0.021672295406460762,0.505102276802063,0.5125101804733276,0.004443862941116095,0.506070077419281,0.4756105840206146,-0.01268516480922699,0.5008871555328369,0.5226832628250122,-0.012859637849032879,0.5020187497138977,0.5306214690208435,-0.00836927443742752,0.4808112382888794,0.5115796327590942,-0.0006242279196158051,0.48299047350883484,0.47344931960105896,-0.017803898081183434,0.47974497079849243,0.51860511302948,-0.007215993944555521,0.48069021105766296,0.529284656047821,0.004723636899143457,0.456044465303421,0.5124703049659729,-0.007084535900503397,0.4597088098526001,0.48413950204849243,-0.014472170732915401,0.459483802318573,0.515404999256134,-0.0043860310688614845,0.4590441584587097,0.5279920101165771,0.006224935874342918,a
0.4647674858570099,0.6437021493911743,-2.609803004816058e-07,0.5023547410964966,0.619452178478241,-0.010337195359170437,0.5323286652565002,0.5669165253639221,-0.012460965663194656,0.551999568939209,0.5193945169448853,-0.015655625611543655,0.5696320533752441,0.4880223274230957,-0.0146887032315135,0.5264347791671753,0.5200494527816772,0.004201161675155163,0.5312206149101257,0.4730260968208313,-0.013909824192523956,0.5231822729110718,0.513454020023346,-0.0214153490960598,0.5209091305732727,0.5329625606536865,-0.022728366777300835,0.5026954412460327,0.513587474822998,0.0032532524783164263,0.5050809979438782,0.47450482845306396,-0.013786799274384975,0.5002469420433044,0.5208064913749695,-0.014369930140674114,0.5003450512886047,0.5314981341362,-0.010157609358429909,0.47869253158569336,0.5128018856048584,-0.0016551284352317452,0.48220816254615784,0.4723053574562073,-0.01876113750040531,0.4798976182937622,0.5167072415351868,-0.00886816531419754,0.4798992872238159,0.5302314758300781,0.002719920128583908,0.45425957441329956,0.5139042735099792,-0.007920865900814533,0.45834940671920776,0.4825732707977295,-0.016024934127926826,0.4596596360206604,0.5128857493400574,-0.006649918854236603,0.4591948986053467,0.5275088548660278,0.003663809737190604,a
0.46438834071159363,0.6418015360832214,-2.714080835630739e-07,0.5023530125617981,0.617719829082489,-0.009623752906918526,0.5320552587509155,0.5648374557495117,-0.011263635940849781,0.5505557060241699,0.5186639428138733,-0.014100566506385803,0.5684057474136353,0.48934417963027954,-0.012710298411548138,0.5266402363777161,0.5191440582275391,0.005140914581716061,0.5307193398475647,0.47187861800193787,-0.012683792971074581,0.5219968557357788,0.5133214592933655,-0.01987585797905922,0.5199209451675415,0.5322323441505432,-0.020998220890760422,0.5028734803199768,0.5126665234565735,0.004014208447188139,0.504228413105011,0.47419947385787964,-0.012846093624830246,0.49916622042655945,0.5207643508911133,-0.013074370101094246,0.49996739625930786,0.5302996039390564,-0.008590545505285263,0.4791644513607025,0.5117269158363342,-0.0010829458478838205,0.4816693365573883,0.47276821732521057,-0.017586473375558853,0.4788288474082947,0.516899585723877,-0.007383130490779877,0.47947874665260315,0.5287272930145264,0.004244877491146326,0.45519545674324036,0.5125024318695068,-0.007514502853155136,0.45852693915367126,0.48260223865509033,-0.014428691938519478,0.458890438079834,0.5125261545181274,-0.004609858617186546,0.45865556597709656,0.5258528590202332,0.00574615178629756,a
0.46294307708740234,0.6413697004318237,-2.7145057401867234e-07,0.5021874308586121,0.6153413653373718,-0.008555227890610695,0.531417191028595,0.5649408102035522,-0.009979253634810448,0.5503488183021545,0.5191592574119568,-0.013020118698477745,0.5675503015518188,0.48858872056007385,-0.012206544168293476,0.5250391364097595,0.519305408000946,0.006945598870515823,0.5290886163711548,0.4729328155517578,-0.009827961213886738,0.5204355120658875,0.5133182406425476,-0.016849741339683533,0.5188024640083313,0.5321227312088013,-0.018195657059550285,0.5017074346542358,0.5126392841339111,0.005183786619454622,0.5032922029495239,0.4737463891506195,-0.010909110307693481,0.49757325649261475,0.5195100903511047,-0.011522768996655941,0.4979242980480194,0.5306384563446045,-0.007578191813081503,0.4780973494052887,0.5118025541305542,-0.0004156125069130212,0.48081156611442566,0.4714732766151428,-0.01664765551686287,0.47748494148254395,0.5150711536407471,-0.006918664090335369,0.4776112139225006,0.5288366079330444,0.004288328345865011,0.4539726972579956,0.5133042931556702,-0.007230064366012812,0.4568939507007599,0.4810048043727875,-0.014546765945851803,0.4573816657066345,0.5107017755508423,-0.005071575753390789,0.4571041166782379,0.5261895656585693,0.005035442300140858,a
0.4613382816314697,0.6407577991485596,-2.6945215836349234e-07,0.5002630949020386,0.6150849461555481,-0.00876745767891407,0.5304961204528809,0.5634610056877136,-0.01003928855061531,0.5483944416046143,0.5171302556991577,-0.01271068025380373,0.5661032795906067,0.48800191283226013,-0.011340470053255558,0.5241466164588928,0.5183524489402771,0.0061279116198420525,0.5282981395721436,0.471884161233902,-0.010594052262604237,0.5199516415596008,0.5137514472007751,-0.017286553978919983,0.5181712508201599,0.5309308767318726,-0.01850682683289051,0.5004806518554688,0.5115997791290283,0.00455542653799057,0.5023513436317444,0.4730658233165741,-0.011489113792777061,0.49700868129730225,0.5201406478881836,-0.011892994865775108,0.4968937933444977,0.5290015339851379,-0.00783810205757618,0.4767979383468628,0.5108110308647156,-0.0007779590669088066,0.47982046008110046,0.47100600600242615,-0.01722417213022709,0.4768270254135132,0.5157985091209412,-0.0073692952282726765,0.47674277424812317,0.5277498364448547,0.003964425530284643,0.4524480700492859,0.5120513439178467,-0.007273274473845959,0.45587605237960815,0.48093798756599426,-0.01466281060129404,0.45696261525154114,0.5112435817718506,-0.0050830845721066,0.4566466808319092,0.525456428527832,0.005133235827088356,a
0.4606839716434479,0.6404987573623657,-2.691182032776851e-07,0.4989570379257202,0.6164355874061584,-0.010233373381197453,0.5293265581130981,0.5645873546600342,-0.012103785760700703,0.5475181341171265,0.517521321773529,-0.01503132563084364,0.5648826360702515,0.48728227615356445,-0.01377697940915823,0.5237380862236023,0.5168671607971191,0.004901269916445017,0.5261317491531372,0.4724239408969879,-0.012487228959798813,0.5172185301780701,0.5146414637565613,-0.019310787320137024,0.5168056488037109,0.5316346883773804,-0.02059793472290039,0.5004503726959229,0.5098454356193542,0.003963824361562729,0.5003881454467773,0.47370588779449463,-0.013161109760403633,0.4950510263442993,0.5211785435676575,-0.013198018074035645,0.496913880109787,0.5298231244087219,-0.008628441952168941,0.4768168330192566,0.5087172985076904,-0.0009629677515476942,0.4774307906627655,0.47092515230178833,-0.01849099062383175,0.4745806157588959,0.5167986154556274,-0.008146651089191437,0.47672733664512634,0.5286208987236023,0.0037335953675210476,0.45263785123825073,0.509743869304657,-0.007208476308733225,0.4536519944667816,0.48081693053245544,-0.015474896878004074,0.4542766809463501,0.5128372311592102,-0.00597938010469079,0.45553451776504517,0.5269162654876709,0.004380221478641033,a
0.45997154712677,0.6405699253082275,-2.6302981837034167e-07,0.4980834424495697,0.6170345544815063,-0.0110898707062006,0.528452455997467,0.5654867887496948,-0.013384086079895496,0.5462908148765564,0.5174057483673096,-0.01659800484776497,0.5640777945518494,0.48644116520881653,-0.015628937631845474,0.5217648148536682,0.516631007194519,0.005240646190941334,0.5237703919410706,0.47192105650901794,-0.012945701368153095,0.5155489444732666,0.5136329531669617,-0.02067411318421364,0.5151155591011047,0.5323829650878906,-0.022207016125321388,0.4984835982322693,0.5104289650917053,0.004913568031042814,0.4980100691318512,0.4741746485233307,-0.012873352505266666,0.4932786226272583,0.5214131474494934,-0.013734380714595318,0.4949907660484314,0.5316004157066345,-0.009424273855984211,0.47507643699645996,0.5096095204353333,0.0004556929343380034,0.4758893549442291,0.4714584946632385,-0.017630232498049736,0.4735387861728668,0.5170533657073975,-0.007787072099745274,0.47529327869415283,0.5302008986473083,0.004102403298020363,0.45104292035102844,0.5108681917190552,-0.005382794886827469,0.45285263657569885,0.48168909549713135,-0.014256009832024574,0.4536573886871338,0.51373690366745,-0.005149289965629578,0.4544040262699127,0.5283710956573486,0.005267542786896229,a
0.45900315046310425,0.6409251093864441,-2.739398325957154e-07,0.49751031398773193,0.6180936098098755,-0.010679536499083042,0.5279730558395386,0.5657767057418823,-0.01229858584702015,0.5453139543533325,0.517643392086029,-0.014812223613262177,0.5626101493835449,0.48719117045402527,-0.012923832051455975,0.5216627717018127,0.5179261565208435,0.005323217716068029,0.5236912965774536,0.47156640887260437,-0.012583659030497074,0.5154149532318115,0.5141084790229797,-0.019846415147185326,0.5152137875556946,0.5324872732162476,-0.021108951419591904,0.4981928765773773,0.5116599798202515,0.004979347810149193,0.4984663724899292,0.4739721417427063,-0.012247755192220211,0.49348893761634827,0.5212574005126953,-0.012575026601552963,0.49526602029800415,0.5307524800300598,-0.008005807176232338,0.4748534858226776,0.5108497142791748,0.0005138671258464456,0.47611311078071594,0.47128912806510925,-0.017074596136808395,0.4731926918029785,0.5167977213859558,-0.007059941533952951,0.474997878074646,0.5295295119285583,0.004849680233746767,0.45113158226013184,0.5119044780731201,-0.00532735837623477,0.4525528848171234,0.4821959137916565,-0.013754884712398052,0.45326173305511475,0.5135919451713562,-0.004727615509182215,0.4543825685977936,0.5277196168899536,0.005505576264113188,a
0.4585338532924652,0.6437475085258484,-2.733839608026756e-07,0.49734801054000854,0.6203441023826599,-0.010469802655279636,0.5274447202682495,0.5686981678009033,-0.012778638862073421,0.5453495383262634,0.5197563767433167,-0.0160029586404562,0.5619162917137146,0.48709404468536377,-0.01526088546961546,0.5193673968315125,0.5195024609565735,0.0033409639727324247,0.523003876209259,0.47284039855003357,-0.01456617284566164,0.5154048800468445,0.5155120491981506,-0.022068003192543983,0.5140540599822998,0.5359714031219482,-0.023373398929834366,0.49555423855781555,0.5136212110519409,0.0026040084194391966,0.4966913163661957,0.4744654893875122,-0.014711737632751465,0.4926118552684784,0.5224570035934448,-0.015289087779819965,0.49300825595855713,0.5358648300170898,-0.01086000632494688,0.4719572067260742,0.5127426385879517,-0.001954776933416724,0.4744187891483307,0.47260910272598267,-0.019376106560230255,0.472806453704834,0.5180630683898926,-0.009441688656806946,0.47327661514282227,0.5338118672370911,0.0024820908438414335,0.44778886437416077,0.5141520500183105,-0.00780899403616786,0.45157715678215027,0.48178648948669434,-0.016588635742664337,0.45327433943748474,0.5137081742286682,-0.007297871168702841,0.4530634880065918,0.5308719277381897,0.003286949824541807,a
0.4586254358291626,0.6443548202514648,-2.565497823070473e-07,0.49709102511405945,0.6193203330039978,-0.009791405871510506,0.5262858271598816,0.5683111548423767,-0.011850097216665745,0.5448524951934814,0.5203256607055664,-0.015244431793689728,0.5615749955177307,0.48732054233551025,-0.014933178201317787,0.518619954586029,0.5205984115600586,0.005189334508031607,0.5222696661949158,0.473058819770813,-0.012737653218209743,0.5155346393585205,0.5124263167381287,-0.020747777074575424,0.5139693021774292,0.532923698425293,-0.022375404834747314,0.49510687589645386,0.51462322473526,0.004051472060382366,0.4964914321899414,0.47498077154159546,-0.013151053339242935,0.4921901226043701,0.5205419063568115,-0.014717381447553635,0.49237146973609924,0.5336183309555054,-0.011025037616491318,0.47142139077186584,0.5139570236206055,-0.0009390620980411768,0.47393256425857544,0.4732677936553955,-0.018047016113996506,0.4718148708343506,0.5165531635284424,-0.009037594310939312,0.4721717834472656,0.5316846370697021,0.002120102057233453,0.4470836818218231,0.5156559348106384,-0.007201256230473518,0.45081159472465515,0.4835076928138733,-0.015494856052100658,0.45224329829216003,0.5135778784751892,-0.006522194016724825,0.45215773582458496,0.5301243662834167,0.0036647345405071974,a
0.45861318707466125,0.6461300849914551,-2.6817045295501885e-07,0.4971391260623932,0.6205581426620483,-0.009872246533632278,0.5262969136238098,0.5681071877479553,-0.011817238293588161,0.543980598449707,0.5201255679130554,-0.014901301823556423,0.5603327751159668,0.48816725611686707,-0.013908653520047665,0.5189467668533325,0.5210851430892944,0.004347178619354963,0.5216318964958191,0.47401952743530273,-0.013431377708911896,0.5143283009529114,0.5164063572883606,-0.020741192623972893,0.5136111974716187,0.5351550579071045,-0.02201193757355213,0.4948601722717285,0.5151141285896301,0.0032440684735774994,0.49536973237991333,0.4761824905872345,-0.013786657713353634,0.49099001288414,0.5235989689826965,-0.01421904843300581,0.49179211258888245,0.5341580510139465,-0.009842933155596256,0.47084859013557434,0.5144725441932678,-0.0017115456284955144,0.47300592064857483,0.47436845302581787,-0.01880086585879326,0.47074034810066223,0.5194666385650635,-0.008650817908346653,0.4716087877750397,0.5329582095146179,0.003179803490638733,0.4463876187801361,0.5159273147583008,-0.007952792569994926,0.45023876428604126,0.48460277915000916,-0.015906544402241707,0.4511498212814331,0.5158792734146118,-0.006158679258078337,0.4509578049182892,0.5315240621566772,0.004496877081692219,a
0.4577949643135071,0.6467862129211426,-2.5511258172628004e-07,0.4966561496257782,0.6206113696098328,-0.009760119020938873,0.5262859463691711,0.568897008895874,-0.011874564923346043,0.543972909450531,0.5208152532577515,-0.015138329938054085,0.5596280694007874,0.48735836148262024,-0.014642049558460712,0.5173742175102234,0.5201718807220459,0.004963946063071489,0.5203432440757751,0.47508570551872253,-0.012747436761856079,0.5133480429649353,0.5153074860572815,-0.020705411210656166,0.5122895240783691,0.5350351333618164,-0.022433746606111526,0.49350813031196594,0.51410311460495,0.0038414974696934223,0.494610995054245,0.4765033721923828,-0.01269612368196249,0.4900285601615906,0.5225654244422913,-0.013754374347627163,0.49059218168258667,0.533841609954834,-0.009953123517334461,0.4695371985435486,0.5135995149612427,-0.001087895012460649,0.47210657596588135,0.47480612993240356,-0.017705781385302544,0.469796746969223,0.518966555595398,-0.008057519793510437,0.4703923463821411,0.5324802398681641,0.003239997662603855,0.4447154998779297,0.5155944228172302,-0.007290422450751066,0.4491475522518158,0.4856594204902649,-0.014991847798228264,0.45005834102630615,0.5166934132575989,-0.005278993397951126,0.4495241641998291,0.5315676927566528,0.005255310796201229,a
0.45795583724975586,0.6474668979644775,-2.594443344605679e-07,0.49683189392089844,0.6219955086708069,-0.009819060564041138,0.5258340835571289,0.5698839426040649,-0.01157688070088625,0.5428852438926697,0.5215555429458618,-0.014583580195903778,0.5582830905914307,0.48827382922172546,-0.013831022195518017,0.5173324942588806,0.5212599039077759,0.005058007780462503,0.5200241804122925,0.47418540716171265,-0.012278732843697071,0.5134180188179016,0.5144060254096985,-0.019807888194918633,0.5120271444320679,0.5351982712745667,-0.021170547232031822,0.4933561086654663,0.5155922770500183,0.004059258382767439,0.4944455623626709,0.47601714730262756,-0.012553026899695396,0.490349680185318,0.521559476852417,-0.01376108918339014,0.490591824054718,0.5346812009811401,-0.009861018508672714,0.4693966209888458,0.5156750679016113,-0.0007332707173191011,0.471787691116333,0.47465547919273376,-0.017324598506093025,0.4698460102081299,0.5176382660865784,-0.008345410227775574,0.4701976776123047,0.5328111052513123,0.0027030359487980604,0.4449063539505005,0.518466055393219,-0.006796229165047407,0.448534220457077,0.4858490228652954,-0.014824112877249718,0.44999876618385315,0.5151854157447815,-0.005970233120024204,0.44998377561569214,0.5312985777854919,0.004079912789165974,a
0.4579913914203644,0.6486867070198059,-2.65522658082773e-07,0.49648627638816833,0.6221380829811096,-0.009605125524103642,0.5248476266860962,0.5704360008239746,-0.011417403817176819,0.5421172976493835,0.5224332213401794,-0.014527593739330769,0.5578734278678894,0.48939698934555054,-0.013728030025959015,0.5168806910514832,0.5219841599464417,0.005703594069927931,0.5196875333786011,0.47507426142692566,-0.011671087704598904,0.5128689408302307,0.5161644220352173,-0.019169777631759644,0.5120193362236023,0.5367714166641235,-0.02052953839302063,0.49321576952934265,0.5165246725082397,0.004625766538083553,0.49388226866722107,0.47721853852272034,-0.012046435847878456,0.4900416433811188,0.5235995650291443,-0.012961046770215034,0.4909946024417877,0.5366451144218445,-0.008837554603815079,0.46959996223449707,0.5164996385574341,-0.00031429625232703984,0.47143495082855225,0.4759261906147003,-0.016692543402314186,0.46974092721939087,0.5194161534309387,-0.007110578939318657,0.4706711173057556,0.5344593524932861,0.004302931483834982,0.44546079635620117,0.5189221501350403,-0.006566149648278952,0.4485270380973816,0.4867211580276489,-0.013981141149997711,0.449950248003006,0.5165655016899109,-0.004535761196166277,0.45012903213500977,0.5325526595115662,0.00584770180284977,a
0.4569936990737915,0.6482128500938416,-2.7155545012647053e-07,0.49607253074645996,0.6231056451797485,-0.010707763954997063,0.5247296094894409,0.5708937644958496,-0.012800348922610283,0.5422711372375488,0.522525429725647,-0.015962794423103333,0.5582921504974365,0.48961085081100464,-0.015071813948452473,0.5177043676376343,0.5209990739822388,0.0054953997023403645,0.5199370980262756,0.47553956508636475,-0.012510128319263458,0.5121475458145142,0.5175210237503052,-0.020393481478095055,0.5109943151473999,0.5380016565322876,-0.02192399464547634,0.49353381991386414,0.5150623917579651,0.004868882708251476,0.49396005272865295,0.47665005922317505,-0.012697883881628513,0.48968517780303955,0.5238760709762573,-0.01380461361259222,0.49064382910728455,0.537016749382019,-0.009468509815633297,0.46942347288131714,0.5150209665298462,0.0001959692599484697,0.47108912467956543,0.4754287600517273,-0.01733686774969101,0.46903568506240845,0.5199304819107056,-0.008003021590411663,0.4698367118835449,0.5349045395851135,0.0036536797415465117,0.44505903124809265,0.517837643623352,-0.00584131944924593,0.4482269585132599,0.4864138066768646,-0.014202475547790527,0.4491586685180664,0.5171746611595154,-0.005098912864923477,0.4492238163948059,0.5329716205596924,0.005318693816661835,a
0.4581647217273712,0.647209644317627,-2.697824754704925e-07,0.4968968629837036,0.6219313740730286,-0.010973870754241943,0.5256439447402954,0.5708972215652466,-0.013428867794573307,0.5426108241081238,0.5229934453964233,-0.016875728964805603,0.5580378770828247,0.4897262156009674,-0.016127243638038635,0.5182279944419861,0.5214276313781738,0.004108807072043419,0.5196743607521057,0.4755716323852539,-0.01485750824213028,0.5118091702461243,0.5175256729125977,-0.022891411557793617,0.5110806822776794,0.5387073159217834,-0.024222418665885925,0.49426931142807007,0.5157181024551392,0.003643985837697983,0.4938444197177887,0.477589875459671,-0.014542772434651852,0.48945388197898865,0.5248844623565674,-0.015174305997788906,0.49147260189056396,0.5376788377761841,-0.010441353544592857,0.47052767872810364,0.5154933333396912,-0.0009283707477152348,0.47111186385154724,0.47591444849967957,-0.018900634720921516,0.4688890278339386,0.520622730255127,-0.008925123140215874,0.4708898365497589,0.5356752872467041,0.003260152880102396,0.44646307826042175,0.5178441405296326,-0.006918192841112614,0.4486332833766937,0.4869004786014557,-0.015380972996354103,0.44942954182624817,0.5173763036727905,-0.006038895342499018,0.45021286606788635,0.533042311668396,0.00462361890822649,a
0.4590994417667389,0.647881269454956,-2.5761264055290667e-07,0.4982503056526184,0.6233322620391846,-0.011559958569705486,0.5270129442214966,0.5721844434738159,-0.014204013161361217,0.5432971119880676,0.5238146185874939,-0.017830807715654373,0.5578742623329163,0.4895457625389099,-0.017617978155612946,0.5179524421691895,0.5207121968269348,0.004100402817130089,0.520011842250824,0.4753173887729645,-0.014537413604557514,0.5130948424339294,0.5161142349243164,-0.02287556603550911,0.5121682286262512,0.5383875370025635,-0.02448653057217598,0.4939413070678711,0.5150668621063232,0.0037577636539936066,0.4945293962955475,0.47663456201553345,-0.014610731974244118,0.4904434382915497,0.5232710242271423,-0.01619519479572773,0.49151477217674255,0.5385727286338806,-0.011927151121199131,0.47011229395866394,0.5150763988494873,-0.0006658690399490297,0.4715631902217865,0.47589290142059326,-0.018704960122704506,0.46992844343185425,0.519353449344635,-0.009869075380265713,0.4712173342704773,0.5357887744903564,0.001703459769487381,0.44594040513038635,0.5182256102561951,-0.006530057173222303,0.4489983916282654,0.4866846203804016,-0.015587594360113144,0.4503931999206543,0.5163719058036804,-0.007080243434756994,0.45081883668899536,0.5327609181404114,0.003140687244012952,a
0.45970189571380615,0.6488240957260132,-2.545617689975188e-07,0.4976702034473419,0.6240390539169312,-0.012318537570536137,0.5272765755653381,0.5720164179801941,-0.01505716796964407,0.5450951457023621,0.5244525671005249,-0.018703924492001534,0.5593969225883484,0.4896608591079712,-0.018320083618164062,0.5193837285041809,0.5202771425247192,0.005309276282787323,0.5215975046157837,0.47556865215301514,-0.013832775875926018,0.5139061808586121,0.5160722732543945,-0.022681890055537224,0.5126878619194031,0.5375774502754211,-0.024466879665851593,0.49553167819976807,0.5144515037536621,0.005309128202497959,0.4965372681617737,0.4766863286495209,-0.013470598496496677,0.4913513958454132,0.5233466029167175,-0.0154568487778306,0.49231988191604614,0.5376811027526855,-0.011135163716971874,0.47147634625434875,0.5146260857582092,0.0009694412583485246,0.47307729721069336,0.4764545261859894,-0.017118731513619423,0.47075700759887695,0.5199288725852966,-0.00824918132275343,0.47213539481163025,0.5352122783660889,0.0034714548382908106,0.4469777047634125,0.5177304744720459,-0.004948141518980265,0.44994860887527466,0.4881066679954529,-0.013460705056786537,0.45128804445266724,0.5177637934684753,-0.0046404204331338406,0.45220595598220825,0.532789409160614,0.005811579525470734,a
0.4597085118293762,0.6498101949691772,-2.604860469546111e-07,0.49824854731559753,0.6237177848815918,-0.010565574280917645,0.5277336835861206,0.5719493627548218,-0.012692595832049847,0.545285165309906,0.524768054485321,-0.01596580259501934,0.5594034790992737,0.4902746081352234,-0.015393051318824291,0.5194084048271179,0.5218325257301331,0.005240823142230511,0.5222961902618408,0.4765550494194031,-0.013152746483683586,0.5149555802345276,0.5171563029289246,-0.0216379314661026,0.5135300159454346,0.5383436679840088,-0.023409754037857056,0.49528664350509644,0.5159304738044739,0.004441497847437859,0.49656713008880615,0.4776167571544647,-0.013410022482275963,0.4916476011276245,0.5240497589111328,-0.015205705538392067,0.4921099841594696,0.5383061766624451,-0.011213123798370361,0.4712330400943756,0.5156234502792358,-0.000353112758602947,0.4731394648551941,0.47670212388038635,-0.017392108216881752,0.4708246886730194,0.5199553370475769,-0.008360473439097404,0.47172003984451294,0.5351566076278687,0.0029844914097338915,0.4468049705028534,0.5181623101234436,-0.006565694697201252,0.45005327463150024,0.488038569688797,-0.014323219656944275,0.4509749412536621,0.517796516418457,-0.005132034886628389,0.45126059651374817,0.5330952405929565,0.005264287814497948,a
0.4616256654262543,0.6485928297042847,-2.62233129433298e-07,0.5013883113861084,0.6225787401199341,-0.0107103968039155,0.5304635763168335,0.5701995491981506,-0.01279864925891161,0.5473193526268005,0.5230844616889954,-0.016179818660020828,0.5615741014480591,0.48971807956695557,-0.015805264934897423,0.52170729637146,0.5224834680557251,0.005425024311989546,0.524489164352417,0.4760421812534332,-0.013293108902871609,0.5170445442199707,0.5163859724998474,-0.021911365911364555,0.515265703201294,0.5378639101982117,-0.023661620914936066,0.4976164400577545,0.5166234970092773,0.0046119908802211285,0.4992396831512451,0.47662848234176636,-0.01405166182667017,0.49481865763664246,0.5225318074226379,-0.016365718096494675,0.49510419368743896,0.5376234650611877,-0.012410112656652927,0.47389861941337585,0.5164450407028198,-0.0002624327898956835,0.47608116269111633,0.476330429315567,-0.017918284982442856,0.47435441613197327,0.5186830163002014,-0.009539802558720112,0.4750264286994934,0.5342772006988525,0.00170120969414711,0.4497767984867096,0.5190975069999695,-0.0065380120649933815,0.4529685974121094,0.4875697195529938,-0.014743562787771225,0.45491623878479004,0.5165773630142212,-0.006141201592981815,0.4555107355117798,0.5323816537857056,0.003991132602095604,a
0.4643814265727997,0.6470507383346558,-2.2985558700838737e-07,0.5042023062705994,0.6193885207176208,-0.008707727305591106,0.5329822301864624,0.5693319439888,-0.01079526823014021,0.5499235987663269,0.5235655307769775,-0.014674450270831585,0.563742458820343,0.4893726110458374,-0.015795277431607246,0.5232595801353455,0.5218618512153625,0.005497598554939032,0.5267706513404846,0.47547587752342224,-0.01237573754042387,0.5211033225059509,0.5103272199630737,-0.02208445593714714,0.5189602971076965,0.5352969169616699,-0.02463383413851261,0.49943846464157104,0.5165231823921204,0.004010616801679134,0.500986635684967,0.4767763018608093,-0.013435986824333668,0.4971523582935333,0.5176964998245239,-0.0173419788479805,0.4969780445098877,0.5378867387771606,-0.01501636765897274,0.47560739517211914,0.5161330699920654,-0.0010234605288133025,0.4773083031177521,0.4758669137954712,-0.01669182814657688,0.4762837588787079,0.5138802528381348,-0.010128157213330269,0.47699669003486633,0.5338036417961121,-0.0007447567768394947,0.45123615860939026,0.5189480781555176,-0.007323478348553181,0.45425260066986084,0.4867274761199951,-0.014896869659423828,0.4568342864513397,0.5126414895057678,-0.0074142999947071075,0.4578680992126465,0.5304819345474243,0.001652262988500297,a
0.4657987058162689,0.6478438377380371,-2.2237601626784453e-07,0.5068039894104004,0.6187494397163391,-0.008666623383760452,0.5351616740226746,0.5690667629241943,-0.010502972640097141,0.5515035390853882,0.5233104825019836,-0.014190278016030788,0.5649389028549194,0.4889785945415497,-0.015082559548318386,0.5244916081428528,0.5226789116859436,0.006490681320428848,0.5286293625831604,0.4752008616924286,-0.011031141504645348,0.5238792896270752,0.5101178884506226,-0.020701659843325615,0.5215097665786743,0.5352893471717834,-0.023189937695860863,0.5003464818000793,0.5174741148948669,0.005071626510471106,0.50296550989151,0.47633928060531616,-0.011985212564468384,0.49962738156318665,0.5174813866615295,-0.016201497986912727,0.498652845621109,0.5386786460876465,-0.014079727232456207,0.47632068395614624,0.5173875093460083,5.397190398070961e-05,0.4795572757720947,0.4766347408294678,-0.014998633414506912,0.4787735641002655,0.513446569442749,-0.008999147452414036,0.478424072265625,0.5339559316635132,4.845473540626699e-06,0.451946496963501,0.5203654766082764,-0.00623837485909462,0.45618486404418945,0.4865627586841583,-0.013088096864521503,0.45913153886795044,0.5103331804275513,-0.005827801302075386,0.4595348536968231,0.527963399887085,0.0029992267955094576,a
0.4675361216068268,0.6477330327033997,-2.5162793804156536e-07,0.5073473453521729,0.6199950575828552,-0.009165980853140354,0.5359458327293396,0.5697921514511108,-0.011090013198554516,0.5531960725784302,0.5232130289077759,-0.014738510362803936,0.567445695400238,0.48876968026161194,-0.015017684549093246,0.5261760354042053,0.5215113162994385,0.006960121914744377,0.5302436947822571,0.47538986802101135,-0.01115919928997755,0.5238704681396484,0.5142824649810791,-0.020106526091694832,0.5219881534576416,0.5365527868270874,-0.02213214337825775,0.5023930072784424,0.5158492922782898,0.005521048326045275,0.5051624774932861,0.4772953987121582,-0.011646096594631672,0.5002856850624084,0.5213218331336975,-0.01433505304157734,0.49940454959869385,0.5366172194480896,-0.011255631223320961,0.4784568250179291,0.5156388282775879,0.00020059959206264466,0.48224157094955444,0.47678375244140625,-0.016133900731801987,0.4800087511539459,0.5174196362495422,-0.008228558115661144,0.4795624315738678,0.533551812171936,0.002193605527281761,0.45378556847572327,0.5183048248291016,-0.006393134128302336,0.4586723744869232,0.4860933721065521,-0.01376554649323225,0.4606621563434601,0.5138696432113647,-0.005018316209316254,0.4605710208415985,0.5304275751113892,0.004957627970725298,a
0.46853482723236084,0.6490732431411743,-2.3320468756082846e-07,0.5082938075065613,0.6210209131240845,-0.008656518533825874,0.5365240573883057,0.5724722743034363,-0.010739213787019253,0.5534116625785828,0.526028573513031,-0.01467791199684143,0.5672835111618042,0.49084168672561646,-0.015695447102189064,0.5254960656166077,0.5230290293693542,0.006312133278697729,0.531004786491394,0.4758839011192322,-0.011046121828258038,0.5264912843704224,0.5127304792404175,-0.020236164331436157,0.5235208868980408,0.5368727445602417,-0.022554708644747734,0.5026914477348328,0.517784059047699,0.0045844982378184795,0.5065709352493286,0.47656258940696716,-0.012001159600913525,0.5034571886062622,0.5193552374839783,-0.01554346363991499,0.5015733242034912,0.5388341546058655,-0.013164720498025417,0.47915011644363403,0.5177489519119263,-0.0007114740437828004,0.4831952452659607,0.4764852523803711,-0.015859775245189667,0.48268356919288635,0.5154455900192261,-0.008756312541663647,0.48170703649520874,0.534514307975769,0.0008583505405113101,0.45410028100013733,0.5209746956825256,-0.007260674610733986,0.4595720171928406,0.4877806603908539,-0.014232587069272995,0.46282535791397095,0.5137880444526672,-0.00602421211078763,0.4623236656188965,0.531243622303009,0.003375804051756859,a
0.4681256115436554,0.6471577286720276,-2.5424236582693993e-07,0.5090473294258118,0.6215882897377014,-0.009968622587621212,0.5382535457611084,0.5723647475242615,-0.01217200979590416,0.5556251406669617,0.5255233645439148,-0.015915293246507645,0.5688049793243408,0.48983317613601685,-0.016277924180030823,0.5297681093215942,0.523261547088623,0.006034759804606438,0.5328816175460815,0.47649621963500977,-0.012155438773334026,0.5264618396759033,0.5142873525619507,-0.020911723375320435,0.5247814059257507,0.5371491312980652,-0.022758344188332558,0.506222128868103,0.516936719417572,0.0050074574537575245,0.5081155300140381,0.4775361120700836,-0.012673437595367432,0.5035346150398254,0.5212756395339966,-0.015209312550723553,0.5038297772407532,0.537724494934082,-0.011691534891724586,0.4824983477592468,0.5159893035888672,4.5972326915943995e-05,0.4843945801258087,0.4767623841762543,-0.016628660261631012,0.48260319232940674,0.5174023509025574,-0.008763561956584454,0.4837164580821991,0.5343731641769409,0.0018484661122784019,0.45804649591445923,0.5180984139442444,-0.006276605185121298,0.4608253836631775,0.4869600832462311,-0.014120702631771564,0.46297192573547363,0.5149002075195312,-0.00580761581659317,0.46404126286506653,0.5315860509872437,0.004021266475319862,a
0.468693345785141,0.6459656357765198,-2.514800883091084e-07,0.5093552470207214,0.6207859516143799,-0.009842726401984692,0.5389119386672974,0.5717459917068481,-0.01184026338160038,0.5570239424705505,0.5248756408691406,-0.01525900885462761,0.5712493062019348,0.49024879932403564,-0.014935100451111794,0.5310789346694946,0.5237185955047607,0.0057817669585347176,0.53461092710495,0.47625434398651123,-0.012863080948591232,0.5277922749519348,0.5158377885818481,-0.02134688012301922,0.5260108709335327,0.5374946594238281,-0.022923853248357773,0.5073332786560059,0.5174403786659241,0.004794148728251457,0.5088930726051331,0.47816139459609985,-0.012925906106829643,0.5049118995666504,0.5235740542411804,-0.01480151154100895,0.5051660537719727,0.5373001098632812,-0.011120319366455078,0.48320651054382324,0.5163317918777466,-0.00018150152754969895,0.48581191897392273,0.47613197565078735,-0.017676159739494324,0.483952134847641,0.5193983912467957,-0.009024042636156082,0.4842267632484436,0.535200297832489,0.0021572152618318796,0.45821520686149597,0.5175679922103882,-0.006441659759730101,0.46217578649520874,0.4854399263858795,-0.014860563911497593,0.46383020281791687,0.5147795677185059,-0.006191348657011986,0.4635874629020691,0.5309363007545471,0.003942188341170549,a
0.47025763988494873,0.6473560333251953,-2.305742015096257e-07,0.5100982785224915,0.6223524808883667,-0.010187693871557713,0.5391578674316406,0.5743151903152466,-0.012919650413095951,0.5574891567230225,0.528311014175415,-0.017244679853320122,0.5713656544685364,0.49235135316848755,-0.018398907035589218,0.5304348468780518,0.5254178047180176,0.004695802927017212,0.5363019704818726,0.477154403924942,-0.01409177202731371,0.5304411053657532,0.5131693482398987,-0.023793689906597137,0.5273811221122742,0.5376584529876709,-0.02623443678021431,0.5072282552719116,0.5189133286476135,0.0034576058387756348,0.5103862881660461,0.47784698009490967,-0.014493371360003948,0.506219208240509,0.5206667184829712,-0.017917955294251442,0.5052118897438049,0.539421558380127,-0.015312370844185352,0.483381062746048,0.5176323056221008,-0.001640571397729218,0.4868481755256653,0.4765855669975281,-0.018373090773820877,0.4854424297809601,0.5165822505950928,-0.010962970554828644,0.48523765802383423,0.5358103513717651,-0.0008522259304299951,0.4587159752845764,0.5192638039588928,-0.008156261406838894,0.46314311027526855,0.48679912090301514,-0.01655654050409794,0.46544456481933594,0.5137102007865906,-0.008689599111676216,0.4653230607509613,0.5311845541000366,0.0007213802891783416,a
0.4708852171897888,0.6478822231292725,-2.4198712367251574e-07,0.5107525587081909,0.6224048137664795,-0.009634798392653465,0.5397928357124329,0.5730085968971252,-0.011949052102863789,0.5575205087661743,0.5266942977905273,-0.015823738649487495,0.5715610980987549,0.49170419573783875,-0.01629009284079075,0.531536877155304,0.5253365635871887,0.004814671818166971,0.5364739894866943,0.4775864779949188,-0.013616166077554226,0.530691385269165,0.5151959657669067,-0.02241349406540394,0.5282109975814819,0.5382443070411682,-0.024289751425385475,0.5078176856040955,0.5187523365020752,0.003359980182722211,0.5102055072784424,0.478295236825943,-0.014147598296403885,0.5062184929847717,0.5222883820533752,-0.016573434695601463,0.5055906772613525,0.5386321544647217,-0.013353468850255013,0.4838225543498993,0.5173800587654114,-0.0019148137653246522,0.48697948455810547,0.47691410779953003,-0.018436016514897346,0.48534610867500305,0.518003523349762,-0.01008374523371458,0.4852953553199768,0.5350605249404907,0.0005461371038109064,0.45913568139076233,0.5186558961868286,-0.008536492474377155,0.46343550086021423,0.48664671182632446,-0.0162704735994339,0.46492117643356323,0.514258861541748,-0.007546807173639536,0.4642815887928009,0.5304928421974182,0.0023385423701256514,a
0.47201642394065857,0.6480374336242676,-2.671549452770705e-07,0.5116630792617798,0.6233381032943726,-0.009831774048507214,0.5411457419395447,0.5734700560569763,-0.01208920031785965,0.5586736798286438,0.5258573293685913,-0.015719976276159286,0.573356032371521,0.49176284670829773,-0.015652621164917946,0.5332462787628174,0.5243093967437744,0.004464999306946993,0.5372474789619446,0.4778311252593994,-0.014111348427832127,0.5304243564605713,0.5181612968444824,-0.022529661655426025,0.5284268260002136,0.5397477746009827,-0.024208374321460724,0.5095313191413879,0.518265962600708,0.003127757692709565,0.5109933018684387,0.47897741198539734,-0.014649744145572186,0.506978452205658,0.5244885087013245,-0.016243228688836098,0.507215142250061,0.5392868518829346,-0.012339972890913486,0.4857856035232544,0.5175108909606934,-0.0020849641878157854,0.4878981113433838,0.47780242562294006,-0.01914786547422409,0.48631542921066284,0.5204558968544006,-0.009990553371608257,0.4869893491268158,0.5365033745765686,0.0013741727452725172,0.46142637729644775,0.5195616483688354,-0.00863573607057333,0.4647320508956909,0.48812177777290344,-0.016611140221357346,0.4663384258747101,0.5172148942947388,-0.007469506468623877,0.4663689136505127,0.5332172513008118,0.0028523150831460953,a
0.47451749444007874,0.650295615196228,-2.2751444817004085e-07,0.5134873986244202,0.624100387096405,-0.008122188039124012,0.5421392321586609,0.575528085231781,-0.009980113245546818,0.559583306312561,0.529627799987793,-0.013745365664362907,0.5736768245697021,0.4945642948150635,-0.014836660586297512,0.5322198867797852,0.5252918601036072,0.006598375272005796,0.5386926531791687,0.47939085960388184,-0.009752013720571995,0.5338506698608398,0.5147692561149597,-0.018942734226584435,0.5303295254707336,0.5386289358139038,-0.021630527451634407,0.5094224810600281,0.5191358327865601,0.004699889104813337,0.5135285258293152,0.47878775000572205,-0.010441669262945652,0.5102381706237793,0.5190571546554565,-0.014227046631276608,0.507754385471344,0.538314938545227,-0.012636936269700527,0.4859164357185364,0.5183988809585571,-0.0005892262561246753,0.49022987484931946,0.4781978130340576,-0.014673707075417042,0.48982152342796326,0.5152690410614014,-0.008307413198053837,0.4884016513824463,0.5342272520065308,0.00026143682771362364,0.461303174495697,0.5207381248474121,-0.007062521297484636,0.4666074514389038,0.48771849274635315,-0.013817746192216873,0.4701160788536072,0.5133397579193115,-0.0059789130464196205,0.46966469287872314,0.5311189293861389,0.002896207617595792,a
0.4738695025444031,0.6486826539039612,-2.7127464363729814e-07,0.5150420665740967,0.6238481998443604,-0.008746348321437836,0.5447254180908203,0.5719991326332092,-0.010095469653606415,0.5624507665634155,0.525214433670044,-0.013116582296788692,0.5778003931045532,0.4930339455604553,-0.01265278272330761,0.5363204479217529,0.5250495076179504,0.005743791349232197,0.5411822199821472,0.47874850034713745,-0.011617254465818405,0.5338524580001831,0.518808126449585,-0.01943826489150524,0.5312191843986511,0.5401155352592468,-0.02093973569571972,0.5124372839927673,0.5183660984039307,0.0041372221894562244,0.5152745246887207,0.4796311855316162,-0.012740680947899818,0.5100785493850708,0.5242943167686462,-0.014511706307530403,0.5091899037361145,0.5393247008323669,-0.01076947245746851,0.4885290861129761,0.5174733400344849,-0.0012032395461574197,0.49166440963745117,0.47854816913604736,-0.016771908849477768,0.48965877294540405,0.5188014507293701,-0.008381993509829044,0.4897000193595886,0.5341122150421143,0.002137524774298072,0.46409934759140015,0.5193374156951904,-0.007797124329954386,0.4679579734802246,0.4881925582885742,-0.014246456325054169,0.4702548086643219,0.515227198600769,-0.005310975946485996,0.4707385003566742,0.5307266712188721,0.00451886560767889,a
0.4751701354980469,0.6446276307106018,-2.441008462028549e-07,0.5169572830200195,0.6217188239097595,-0.009915364906191826,0.5475538969039917,0.5729988217353821,-0.011782989837229252,0.5655744671821594,0.5252673029899597,-0.015164833515882492,0.5812219977378845,0.49208131432533264,-0.015406815335154533,0.5381268858909607,0.523625910282135,0.006295177154242992,0.5449439883232117,0.476338267326355,-0.010956884361803532,0.538025975227356,0.5131874680519104,-0.019831648096442223,0.5340788960456848,0.5360410809516907,-0.022030897438526154,0.5144705772399902,0.5168695449829102,0.005365100223571062,0.5188528895378113,0.4757459759712219,-0.011334083043038845,0.5142413377761841,0.5171515345573425,-0.015041584149003029,0.5120194554328918,0.5345176458358765,-0.012754100374877453,0.4910479784011841,0.5159983038902283,0.0007030286360532045,0.4951271116733551,0.476746141910553,-0.0149918831884861,0.4931299090385437,0.514350950717926,-0.00870684813708067,0.4917966425418854,0.5312094688415527,0.00045453174971044064,0.4669898450374603,0.518308162689209,-0.0052423723973333836,0.4715600907802582,0.4855738878250122,-0.012577465735375881,0.47366732358932495,0.5111045241355896,-0.005115055479109287,0.4732133150100708,0.5277117490768433,0.00377928395755589,a
0.47768500447273254,0.6458489894866943,-2.3455902464775136e-07,0.517397403717041,0.6217225790023804,-0.01060189213603735,0.5476826429367065,0.5733786821365356,-0.013303758576512337,0.5666630268096924,0.5267200469970703,-0.01744798757135868,0.5819485187530518,0.49187207221984863,-0.018374206498265266,0.5396227836608887,0.5233778357505798,0.004402564838528633,0.5456825494766235,0.4750819802284241,-0.013726816512644291,0.5391562581062317,0.5117470026016235,-0.0231575146317482,0.5353701710700989,0.5362108945846558,-0.02560008130967617,0.5161046385765076,0.5168166756629944,0.003529194975271821,0.5198627710342407,0.47489774227142334,-0.013901167549192905,0.5153652429580688,0.5169339179992676,-0.017629124224185944,0.5136648416519165,0.5359703302383423,-0.015313834883272648,0.4922617971897125,0.5157901644706726,-0.001118146232329309,0.49617183208465576,0.4737275540828705,-0.017038393765687943,0.4943464696407318,0.5117276906967163,-0.010260434821248055,0.4934825003147125,0.5302417874336243,-0.0007939956849440932,0.46772056818008423,0.5177421569824219,-0.007201856933534145,0.4716342091560364,0.4846462309360504,-0.01487068459391594,0.4738684892654419,0.5093265771865845,-0.007444211281836033,0.4737800657749176,0.5257353186607361,0.001456427969969809,a
0.47846519947052,0.6453236937522888,-2.412116657524166e-07,0.5179052948951721,0.6211848258972168,-0.010977379977703094,0.5478581190109253,0.5726191997528076,-0.014180955477058887,0.5672964453697205,0.5262249112129211,-0.0187807809561491,0.5825382471084595,0.4911867082118988,-0.019925065338611603,0.5403779745101929,0.521385908126831,0.003664762945845723,0.5460437536239624,0.47357356548309326,-0.01530540268868208,0.5397261381149292,0.5123180150985718,-0.024828240275382996,0.5367087721824646,0.5360958576202393,-0.027213189750909805,0.5166254639625549,0.515093982219696,0.002689677057787776,0.519913911819458,0.47413963079452515,-0.015347948297858238,0.5154257416725159,0.5179800987243652,-0.01846848614513874,0.5140631794929504,0.5353166460990906,-0.015704751014709473,0.4924393892288208,0.5141808986663818,-0.0021825628355145454,0.4965073764324188,0.4723252058029175,-0.018852833658456802,0.494683176279068,0.5124706625938416,-0.010992757976055145,0.4939068853855133,0.5302987694740295,-0.0006866701878607273,0.4675837755203247,0.515956699848175,-0.008538534864783287,0.4719170928001404,0.4832272231578827,-0.016538459807634354,0.474264532327652,0.5095353722572327,-0.00836469978094101,0.47399720549583435,0.5259072780609131,0.0011816916521638632,a
0.4788910150527954,0.644999623298645,-2.335727629088069e-07,0.5199751257896423,0.6197143793106079,-0.009805242531001568,0.5501470565795898,0.5703355073928833,-0.012153607793152332,0.5689957737922668,0.5245188474655151,-0.01616011932492256,0.5836744904518127,0.49014270305633545,-0.017015725374221802,0.5419875383377075,0.5213700532913208,0.005136321764439344,0.5473233461380005,0.4742427170276642,-0.012740316800773144,0.5408132076263428,0.5103837847709656,-0.022120287641882896,0.5381932854652405,0.534398078918457,-0.024579474702477455,0.5176495909690857,0.5146895051002502,0.003918908070772886,0.5210787653923035,0.4741489291191101,-0.01332450844347477,0.5163956880569458,0.5152776837348938,-0.016892025247216225,0.5155820250511169,0.533957302570343,-0.014498185366392136,0.4931960105895996,0.5134961009025574,-0.0010416344739496708,0.497184693813324,0.4722168743610382,-0.016479115933179855,0.49533897638320923,0.5094962120056152,-0.009635881520807743,0.49519556760787964,0.5279972553253174,-0.00023488227452617139,0.46846458315849304,0.5154218077659607,-0.007417556829750538,0.4728015065193176,0.4829724431037903,-0.014337469823658466,0.4749917685985565,0.5070714354515076,-0.006650539580732584,0.4751616418361664,0.5234547257423401,0.0023344189394265413,a
0.47974926233291626,0.6422630548477173,-2.527459059820103e-07,0.5203874111175537,0.6191178560256958,-0.010609247721731663,0.5507025718688965,0.5693127512931824,-0.013467075303196907,0.5694425106048584,0.5225869417190552,-0.017647918313741684,0.5846964120864868,0.48871442675590515,-0.01824021153151989,0.5430231094360352,0.5206412672996521,0.0027042068541049957,0.5482488870620728,0.47191306948661804,-0.016196323558688164,0.5408877730369568,0.511962890625,-0.024971723556518555,0.5378798842430115,0.5353083610534668,-0.026864340528845787,0.5187519192695618,0.5144042372703552,0.0015780616085976362,0.5225127935409546,0.47247442603111267,-0.016666678711771965,0.51740962266922,0.5170552730560303,-0.01898248866200447,0.5161141753196716,0.5335831642150879,-0.015563485212624073,0.49433332681655884,0.513420581817627,-0.0033429479226469994,0.4989238977432251,0.47104668617248535,-0.020334383472800255,0.4966756999492645,0.511958122253418,-0.011773036792874336,0.4960320293903351,0.5290079116821289,-0.00089662877144292,0.4693952202796936,0.5151329636573792,-0.00967536959797144,0.4745257496833801,0.48265501856803894,-0.017717605456709862,0.4763547480106354,0.5100948214530945,-0.009126929566264153,0.4758267402648926,0.5263988375663757,0.0006933846161700785,a
0.47955405712127686,0.6421082615852356,-2.45431721168643e-07,0.5204062461853027,0.6186453104019165,-0.010663879103958607,0.5508546829223633,0.5691467523574829,-0.013436947017908096,0.5700416564941406,0.5219966173171997,-0.017513984814286232,0.5854704976081848,0.487407386302948,-0.01813257671892643,0.5430682897567749,0.5202217102050781,0.0033074815291911364,0.5483378171920776,0.4726731479167938,-0.015042394399642944,0.5412946343421936,0.5112228393554688,-0.023693419992923737,0.5388064980506897,0.5338186621665955,-0.02566564455628395,0.518970251083374,0.5136083960533142,0.002261184388771653,0.5222101807594299,0.47241029143333435,-0.015653928741812706,0.5174176692962646,0.5161399841308594,-0.018107229843735695,0.5166314840316772,0.5326745510101318,-0.014885913580656052,0.494550883769989,0.5121711492538452,-0.0025682717096060514,0.49852994084358215,0.4697401225566864,-0.019625434651970863,0.496591180562973,0.5107307434082031,-0.011398155242204666,0.4964104890823364,0.5285208225250244,-0.0007388954400084913,0.4695591628551483,0.513458788394928,-0.00880403257906437,0.4741971790790558,0.48058193922042847,-0.01746530272066593,0.47616228461265564,0.5086818337440491,-0.009248453192412853,0.47590371966362,0.5260505080223083,0.0004401789919938892,a
0.47990235686302185,0.6421098709106445,-2.420846954009903e-07,0.5212250351905823,0.6186988949775696,-0.009805181995034218,0.5510475635528564,0.5695545673370361,-0.011981815099716187,0.570061445236206,0.5228430032730103,-0.015663430094718933,0.5850315093994141,0.4880765378475189,-0.016125215217471123,0.5428318381309509,0.5202333331108093,0.004851822275668383,0.5491195321083069,0.4724145829677582,-0.012941082008183002,0.5421682596206665,0.5099009871482849,-0.021952256560325623,0.5388779640197754,0.5333883166313171,-0.02418256364762783,0.519023597240448,0.5133543610572815,0.0037209843285381794,0.5230833888053894,0.4723483920097351,-0.01336767990142107,0.5181030631065369,0.514928936958313,-0.016397852450609207,0.5167067050933838,0.5327677130699158,-0.01366998441517353,0.49485519528388977,0.5118235945701599,-0.001105129369534552,0.49938660860061646,0.4702867567539215,-0.0170546006411314,0.49717819690704346,0.5098950266838074,-0.009538778103888035,0.496416836977005,0.5284566879272461,0.0004619260726030916,0.47017380595207214,0.5134809613227844,-0.007284669671207666,0.4755766689777374,0.48122531175613403,-0.015056255273520947,0.47733864188194275,0.5080034732818604,-0.007049763109534979,0.47675007581710815,0.5252848863601685,0.002350486582145095,a
0.48093611001968384,0.6440707445144653,-2.4778273655101657e-07,0.5212876796722412,0.6196048855781555,-0.009373770095407963,0.551704466342926,0.5679653286933899,-0.010913481935858727,0.5709187388420105,0.5211455821990967,-0.013924040831625462,0.5861656665802002,0.48744359612464905,-0.013436753302812576,0.543095588684082,0.5191495418548584,0.0055446564219892025,0.548963725566864,0.47227948904037476,-0.011726460419595242,0.54208904504776,0.5115536451339722,-0.019954921677708626,0.5390806794166565,0.5330725908279419,-0.021746743470430374,0.5191251039505005,0.512407124042511,0.0043218499049544334,0.522977888584137,0.4727700352668762,-0.012085920199751854,0.5183829665184021,0.5168008208274841,-0.014328635297715664,0.5169342160224915,0.5316359400749207,-0.011226417496800423,0.4950087070465088,0.5111093521118164,-0.0006198606570251286,0.49942177534103394,0.4705156683921814,-0.016234993934631348,0.497383713722229,0.5115818381309509,-0.00816566962748766,0.49643033742904663,0.5279234051704407,0.0020654385443776846,0.47042664885520935,0.5123744010925293,-0.0068611460737884045,0.4757902920246124,0.48030656576156616,-0.014030511491000652,0.4773619472980499,0.5078237056732178,-0.005452259909361601,0.4762991666793823,0.5240560173988342,0.0042288703843951225,a
0.48122984170913696,0.6428326368331909,-2.5545557491568616e-07,0.5216041207313538,0.6193817853927612,-0.011014938354492188,0.5516055226325989,0.5690227746963501,-0.013403549790382385,0.5713860988616943,0.5218996405601501,-0.0169728584587574,0.5865886807441711,0.48728060722351074,-0.016703806817531586,0.5441501140594482,0.5182148814201355,0.004681143909692764,0.54872727394104,0.4716723561286926,-0.013592415489256382,0.5417940020561218,0.5124121308326721,-0.02201065793633461,0.5394924283027649,0.5341126918792725,-0.023762518540024757,0.5202422142028809,0.5116088390350342,0.004141411744058132,0.5229777693748474,0.47288423776626587,-0.013495782390236855,0.5183759927749634,0.518618106842041,-0.015534486621618271,0.5178665518760681,0.5328292846679688,-0.011953359469771385,0.4960904121398926,0.5105451941490173,-0.0004097827768418938,0.49955907464027405,0.4705713987350464,-0.017110511660575867,0.4975079894065857,0.5125868916511536,-0.008503791876137257,0.4973858892917633,0.5279747247695923,0.002368464134633541,0.4714268743991852,0.5119151473045349,-0.006428155116736889,0.4760354459285736,0.4809739291667938,-0.014099177904427052,0.4775753319263458,0.5090996026992798,-0.0054195537231862545,0.4771377444267273,0.5245220065116882,0.004503036383539438,a
0.48054584860801697,0.6447861194610596,-2.6986131729245244e-07,0.5206211805343628,0.6224621534347534,-0.011360379867255688,0.5521575212478638,0.5701747536659241,-0.013364747166633606,0.5715258121490479,0.5219076871871948,-0.01618785411119461,0.5867956876754761,0.4878159165382385,-0.014705794863402843,0.5456005930900574,0.5189834237098694,0.0043165613897144794,0.549091100692749,0.4733726680278778,-0.013378002680838108,0.5407639145851135,0.5158348679542542,-0.02084527350962162,0.5391955375671387,0.5344929099082947,-0.02228132262825966,0.5212427377700806,0.5118865966796875,0.003975012339651585,0.5227620601654053,0.4737357497215271,-0.013111941516399384,0.5177919864654541,0.5204211473464966,-0.013971639797091484,0.5183316469192505,0.531104564666748,-0.009745252318680286,0.49684011936187744,0.5104507803916931,-0.000422062847064808,0.499215304851532,0.470984548330307,-0.017143813893198967,0.49697837233543396,0.5148085355758667,-0.007609418593347073,0.4979741871356964,0.5278092622756958,0.0037957497406750917,0.47239264845848083,0.5111278295516968,-0.0063112699426710606,0.4756137430667877,0.48113781213760376,-0.01394287496805191,0.47665509581565857,0.5108381509780884,-0.0047670272178947926,0.4769213795661926,0.5249512195587158,0.0054620616137981415,a
0.4810725450515747,0.6456706523895264,-2.4253390051853785e-07,0.5214337706565857,0.6222625374794006,-0.011651543900370598,0.5519663691520691,0.5724842548370361,-0.014385188929736614,0.5712778568267822,0.5243996977806091,-0.0182026457041502,0.586306095123291,0.4887188673019409,-0.018298745155334473,0.5447096824645996,0.5210348963737488,0.00448400154709816,0.5490927696228027,0.4738479256629944,-0.013793183490633965,0.5419361591339111,0.5128767490386963,-0.022546494379639626,0.5394824147224426,0.5347230434417725,-0.02458098903298378,0.5204947590827942,0.514000654220581,0.004125646781176329,0.5229659080505371,0.4736216366291046,-0.013667523860931396,0.5186054706573486,0.5178531408309937,-0.016371404752135277,0.5181426405906677,0.5330151915550232,-0.013244417496025562,0.49615225195884705,0.5127043128013611,-0.00024641002528369427,0.49894416332244873,0.47152912616729736,-0.017260022461414337,0.49740445613861084,0.5125582814216614,-0.009435740299522877,0.49748238921165466,0.529025137424469,0.0010235188528895378,0.47154128551483154,0.5141407251358032,-0.006119337398558855,0.47522133588790894,0.48181605339050293,-0.014543154276907444,0.47732433676719666,0.5094531178474426,-0.006534930318593979,0.47740402817726135,0.5257480144500732,0.003071446903049946,a
0.4803091883659363,0.645523726940155,-2.6097995942109264e-07,0.5198132991790771,0.6241428852081299,-0.012004322372376919,0.5509466528892517,0.5729525089263916,-0.014811739325523376,0.5707538723945618,0.5242927074432373,-0.018397899344563484,0.5863795280456543,0.48889994621276855,-0.017909962683916092,0.5440938472747803,0.5201382040977478,0.003193712094798684,0.548809289932251,0.47342008352279663,-0.01526970136910677,0.5409161448478699,0.51495361328125,-0.023320509120821953,0.5385623574256897,0.535860538482666,-0.024829545989632607,0.5197767615318298,0.5132185220718384,0.002994571113958955,0.5220876336097717,0.4741666615009308,-0.01473016943782568,0.5170691013336182,0.5207151770591736,-0.01614629104733467,0.5168938040733337,0.5334636569023132,-0.012073318473994732,0.49542737007141113,0.5117752552032471,-0.001253521884791553,0.49846258759498596,0.4725055694580078,-0.018378103151917458,0.4961494207382202,0.5159159302711487,-0.009129451587796211,0.49653732776641846,0.5300515294075012,0.002260043052956462,0.4710176885128021,0.512638509273529,-0.007014240603893995,0.475085586309433,0.4824393093585968,-0.014965834096074104,0.4758608341217041,0.512100875377655,-0.005786078050732613,0.4752921164035797,0.5270141363143921,0.004579814616590738,a
0.4807250201702118,0.646457850933075,-2.453643332955835e-07,0.5206971168518066,0.6217975616455078,-0.009369895793497562,0.5507656931877136,0.5719029903411865,-0.011627282947301865,0.5700316429138184,0.5247097015380859,-0.015549499541521072,0.5853198766708374,0.48934686183929443,-0.016448523849248886,0.5424572229385376,0.5217636823654175,0.005239647813141346,0.5480040311813354,0.47440290451049805,-0.012254899367690086,0.5411523580551147,0.5108234882354736,-0.02139519713819027,0.5374953746795654,0.5344979166984558,-0.023781130090355873,0.5188291668891907,0.5150852799415588,0.0037241950631141663,0.5221458673477173,0.4733916223049164,-0.013007988221943378,0.517518937587738,0.5150662660598755,-0.016323082149028778,0.5161169767379761,0.5334994196891785,-0.01385912112891674,0.4949396848678589,0.513580858707428,-0.0014280533650889993,0.4986928403377533,0.47152072191238403,-0.016901368275284767,0.4967297911643982,0.5102648138999939,-0.009796633385121822,0.49609267711639404,0.5288659334182739,-0.0002255730505567044,0.4704536199569702,0.5151162147521973,-0.007905839942395687,0.47471675276756287,0.4817160964012146,-0.015318119898438454,0.47612059116363525,0.5080273747444153,-0.007333092391490936,0.4754451513290405,0.5254384279251099,0.0019136257469654083,a
0.4808292090892792,0.645697295665741,-2.5387330992998614e-07,0.5206348896026611,0.6220231056213379,-0.009734777733683586,0.5506927967071533,0.5713931918144226,-0.01187974214553833,0.5697678327560425,0.5239923596382141,-0.015465323813259602,0.5848026275634766,0.48921725153923035,-0.015676671639084816,0.5427107214927673,0.5212762355804443,0.004584111273288727,0.547726035118103,0.47360759973526,-0.01329615619033575,0.5406131148338318,0.5117710828781128,-0.02200222760438919,0.5372986197471619,0.534639835357666,-0.023942120373249054,0.5185878276824951,0.514764130115509,0.0034115046728402376,0.5212773084640503,0.4741884469985962,-0.013366789557039738,0.5165476202964783,0.517309308052063,-0.015759294852614403,0.515610933303833,0.5330810546875,-0.01262991689145565,0.4945247173309326,0.5135241150856018,-0.0015015858225524426,0.4979439079761505,0.4726394712924957,-0.017102891579270363,0.4958462119102478,0.5125957131385803,-0.009036445058882236,0.49562281370162964,0.5288530588150024,0.001184607739560306,0.4701383709907532,0.5150087475776672,-0.007756972685456276,0.4742887616157532,0.48257842659950256,-0.014690318144857883,0.47548654675483704,0.5096025466918945,-0.005921045318245888,0.47487276792526245,0.5256079435348511,0.0038524640258401632,a
0.48151037096977234,0.6474226117134094,-2.4783358298918756e-07,0.5205519795417786,0.6227692365646362,-0.009818262420594692,0.5503587126731873,0.5709403157234192,-0.011922516860067844,0.5688690543174744,0.5230925679206848,-0.015398411080241203,0.5839827060699463,0.4882861375808716,-0.015517361462116241,0.5412130951881409,0.5206049680709839,0.003886900609359145,0.5464003682136536,0.47408050298690796,-0.01325475238263607,0.5402908325195312,0.5132690072059631,-0.021359842270612717,0.5377407670021057,0.5348508954048157,-0.023268381133675575,0.5172010064125061,0.5144412517547607,0.0025550106074661016,0.5201954245567322,0.47392743825912476,-0.014016199856996536,0.5163437724113464,0.5177351832389832,-0.016306251287460327,0.5152910947799683,0.5334944128990173,-0.013333653099834919,0.4931187927722931,0.5137666463851929,-0.0023698024451732635,0.49651387333869934,0.47222816944122314,-0.018197525292634964,0.4953880310058594,0.513005793094635,-0.010173960588872433,0.4951513707637787,0.5298030972480774,-7.866948726586998e-05,0.4686567187309265,0.5157508254051208,-0.008606280200183392,0.4730037450790405,0.48292404413223267,-0.01633639819920063,0.47527092695236206,0.5107462406158447,-0.00791009422391653,0.47491776943206787,0.5276276469230652,0.0016167446738108993,a
0.4793849289417267,0.6465705633163452,-2.5702547645778395e-07,0.5195913314819336,0.622166633605957,-0.010395519435405731,0.5500516295433044,0.5708011984825134,-0.012443747371435165,0.5684415102005005,0.5229009389877319,-0.015714453533291817,0.583172082901001,0.4881473183631897,-0.015332232229411602,0.5420092940330505,0.5206652879714966,0.005070331506431103,0.5457857251167297,0.47483038902282715,-0.012303135357797146,0.5383572578430176,0.5136291980743408,-0.020262109115719795,0.5365087985992432,0.5352726578712463,-0.0219191312789917,0.517923891544342,0.5136152505874634,0.0042390585877001286,0.5190431475639343,0.4748263955116272,-0.012368432246148586,0.513904869556427,0.5181432366371155,-0.014040395617485046,0.5145041346549988,0.5328354239463806,-0.010395960882306099,0.4938000738620758,0.5123002529144287,-0.0005134369130246341,0.4955865144729614,0.47384583950042725,-0.016137929633259773,0.49302762746810913,0.5139082074165344,-0.007696378976106644,0.4942193925380707,0.5288904309272766,0.002712392946705222,0.4695659875869751,0.5138776302337646,-0.006723430473357439,0.4721563160419464,0.4839265048503876,-0.013501210138201714,0.4728275537490845,0.5114727020263672,-0.004764758050441742,0.47326773405075073,0.526566743850708,0.004895227029919624,a
0.4788225591182709,0.6497830152511597,-2.599099673261662e-07,0.5178642272949219,0.6266247630119324,-0.01146645937114954,0.5487088561058044,0.5741799473762512,-0.01396526675671339,0.5673651695251465,0.5254597663879395,-0.01742488704621792,0.5826781392097473,0.4902504086494446,-0.017210740596055984,0.5405320525169373,0.5218600034713745,0.004178944975137711,0.5450873374938965,0.4760184586048126,-0.013426034711301327,0.5379402041435242,0.5166565179824829,-0.021942974999547005,0.5353745818138123,0.5391086339950562,-0.0239883866161108,0.5166119933128357,0.5150486826896667,0.003668032819405198,0.5183860659599304,0.4762148857116699,-0.013225742615759373,0.5140477418899536,0.5213223695755005,-0.015379621647298336,0.5135424137115479,0.5372709035873413,-0.01200458686798811,0.4925258159637451,0.514114499092102,-0.000772980391047895,0.4952961802482605,0.4751664996147156,-0.016973813995718956,0.493549644947052,0.5167191624641418,-0.008557458408176899,0.4936496913433075,0.532825231552124,0.0020259402226656675,0.46797460317611694,0.5162513256072998,-0.006729508750140667,0.4722774922847748,0.48539718985557556,-0.014543656259775162,0.4731660485267639,0.514401912689209,-0.00576953636482358,0.47230762243270874,0.530585765838623,0.004179071635007858,a
0.4776606261730194,0.6520025134086609,-2.6795686380864936e-07,0.5177320241928101,0.628418505191803,-0.011227468028664589,0.5477811098098755,0.576485812664032,-0.01367261167615652,0.5665606260299683,0.5276365876197815,-0.01726502925157547,0.5819363594055176,0.4922025203704834,-0.01704389788210392,0.5403038263320923,0.525276243686676,0.004524325020611286,0.5455097556114197,0.47790443897247314,-0.013496572151780128,0.5377274751663208,0.5189539790153503,-0.021924704313278198,0.5348875522613525,0.5412430167198181,-0.02379036135971546,0.516167402267456,0.5184786319732666,0.0038195906672626734,0.518771767616272,0.4775204658508301,-0.013639348559081554,0.5138704180717468,0.5225925445556641,-0.015770724043250084,0.5135038495063782,0.5387747883796692,-0.012154274620115757,0.49201762676239014,0.5175096392631531,-0.0008870101883076131,0.4953390657901764,0.4764236807823181,-0.01739266887307167,0.4929107129573822,0.5177818536758423,-0.00894851703196764,0.49301642179489136,0.5344100594520569,0.0018792578484863043,0.46772500872612,0.5196669101715088,-0.007111347746104002,0.47198280692100525,0.48700323700904846,-0.01484287716448307,0.4730827808380127,0.5150294899940491,-0.006188167724758387,0.47292426228523254,0.5315317511558533,0.0037334770895540714,a
0.47666412591934204,0.653453528881073,-2.662278006937413e-07,0.517558753490448,0.6293438673019409,-0.010683025233447552,0.5477351546287537,0.5780385732650757,-0.012809362262487411,0.5666162967681885,0.5290293097496033,-0.016190096735954285,0.5816689133644104,0.4931813180446625,-0.01578323170542717,0.5404554605484009,0.5279443264007568,0.005361299496144056,0.5447071194648743,0.47960585355758667,-0.012380254454910755,0.5371049046516418,0.5196423530578613,-0.02066218852996826,0.5352439284324646,0.5418593287467957,-0.02241140976548195,0.516241729259491,0.521121621131897,0.0046897828578948975,0.5183193683624268,0.47939780354499817,-0.012609270401299,0.5132867693901062,0.5238807201385498,-0.014780175872147083,0.5131890177726746,0.540306806564331,-0.011241528205573559,0.49211445450782776,0.519645631313324,6.747125007677823e-05,0.4947349727153778,0.4770910441875458,-0.01624462567269802,0.4921168088912964,0.5184480547904968,-0.007833980955183506,0.4922957420349121,0.5361856818199158,0.0029440552461892366,0.4679771065711975,0.5210263729095459,-0.006022234447300434,0.47117549180984497,0.4876924455165863,-0.013607274740934372,0.47190025448799133,0.5153728723526001,-0.005102979950606823,0.47178202867507935,0.5324292182922363,0.004721947479993105,a
0.4771074652671814,0.6550386548042297,-2.6340569547755877e-07,0.5179311037063599,0.6296754479408264,-0.01010049507021904,0.5482990145683289,0.5775718688964844,-0.011843741871416569,0.5666999220848083,0.5288446545600891,-0.014905945397913456,0.5816279053688049,0.49396634101867676,-0.014179644174873829,0.5402159094810486,0.5288225412368774,0.005041223950684071,0.5444474816322327,0.48011863231658936,-0.012847954407334328,0.5371403098106384,0.520482063293457,-0.02096046321094036,0.5352020859718323,0.542096734046936,-0.022560428828001022,0.5157719850540161,0.5224201679229736,0.004087450914084911,0.5177989602088928,0.48093289136886597,-0.01330816000699997,0.5135164260864258,0.5255235433578491,-0.015415811911225319,0.5135447382926941,0.5405140519142151,-0.011939547955989838,0.4916447103023529,0.52144855260849,-0.0007327101775445044,0.4940049648284912,0.47862258553504944,-0.017381073907017708,0.4921460747718811,0.5203396677970886,-0.009242125786840916,0.4924907684326172,0.5372416377067566,0.0013766636839136481,0.4675357937812805,0.5232059359550476,-0.006915321573615074,0.4701351523399353,0.48905158042907715,-0.014996035024523735,0.4716786742210388,0.5168529748916626,-0.006835776846855879,0.47186943888664246,0.5338426828384399,0.0028283388819545507,a
0.47735562920570374,0.6529686450958252,-2.743693698903371e-07,0.5190362930297852,0.6285616159439087,-0.009582441300153732,0.5493204593658447,0.5759922862052917,-0.010993951931595802,0.5668621063232422,0.5270746350288391,-0.013717299327254295,0.581990122795105,0.49301913380622864,-0.012509754858911037,0.5404736399650574,0.527299702167511,0.0050927745178341866,0.5443510413169861,0.4788871109485626,-0.012832826934754848,0.5368639230728149,0.5208300352096558,-0.02045385353267193,0.5348502397537231,0.5423991084098816,-0.021685196086764336,0.5160483121871948,0.5209031701087952,0.0040135374292731285,0.5176876783370972,0.48085296154022217,-0.013205421157181263,0.513286828994751,0.5270411968231201,-0.014485570602118969,0.5133910179138184,0.5400822162628174,-0.010481216013431549,0.4919222295284271,0.5202270746231079,-0.0009144240757450461,0.4941391348838806,0.47932252287864685,-0.01756315864622593,0.4921294152736664,0.5225942134857178,-0.008469711989164352,0.4926987290382385,0.537185549736023,0.002708652289584279,0.4676402509212494,0.5222265124320984,-0.007133512292057276,0.4707915484905243,0.4899178147315979,-0.014743713662028313,0.47213369607925415,0.5188676118850708,-0.005776472855359316,0.4721837639808655,0.5341891050338745,0.004333085846155882,a
0.4774954617023468,0.6543064117431641,-2.6820214316103375e-07,0.5181178450584412,0.6290786266326904,-0.009755650535225868,0.5485321283340454,0.5770475268363953,-0.011445878073573112,0.566489040851593,0.5282114744186401,-0.014452395960688591,0.5816872715950012,0.4939667582511902,-0.013607175089418888,0.5393890738487244,0.5277968645095825,0.004791646730154753,0.5438603162765503,0.4796484708786011,-0.013193528167903423,0.5367945432662964,0.5208261013031006,-0.02119293622672558,0.5347100496292114,0.5420974493026733,-0.02273385412991047,0.5150428414344788,0.5215476751327515,0.0036730486899614334,0.5176146030426025,0.48037096858024597,-0.013704100623726845,0.5133302807807922,0.5260422825813293,-0.01554950512945652,0.5130219459533691,0.5402764678001404,-0.011961703188717365,0.4910041093826294,0.5206408500671387,-0.001238951226696372,0.49411413073539734,0.4775623381137848,-0.017958922311663628,0.49215275049209595,0.5207090377807617,-0.009197944775223732,0.492208331823349,0.5373365879058838,0.0017952627968043089,0.4666260778903961,0.5223489999771118,-0.0074632721953094006,0.46995437145233154,0.48858436942100525,-0.015462997369468212,0.4714299440383911,0.5170465707778931,-0.006859922781586647,0.4713776111602783,0.5333461761474609,0.0030574174597859383,a
0.477183073759079,0.6543006896972656,-2.65870994553552e-07,0.5182005763053894,0.6286999583244324,-0.00928329024463892,0.5479956269264221,0.5761520266532898,-0.010866387747228146,0.5659126043319702,0.5271885395050049,-0.013880396261811256,0.5810972452163696,0.4927481412887573,-0.013088916428387165,0.5389278531074524,0.5274571776390076,0.005372345447540283,0.5437616109848022,0.479312539100647,-0.011876165866851807,0.5367701649665833,0.5210293531417847,-0.01946146972477436,0.5342122912406921,0.5422173738479614,-0.020898034796118736,0.5146474242210388,0.5211860537528992,0.004056784324347973,0.5172575116157532,0.4803205132484436,-0.01240046788007021,0.5132848024368286,0.5260055661201477,-0.013963378965854645,0.5125846862792969,0.5397425293922424,-0.010399412363767624,0.49034368991851807,0.5208613872528076,-0.0009696581983007491,0.49348974227905273,0.4786505401134491,-0.016698425635695457,0.49214452505111694,0.5211753249168396,-0.007765259128063917,0.49189403653144836,0.5368641018867493,0.003049300517886877,0.4655894637107849,0.5232324600219727,-0.007283184677362442,0.46907249093055725,0.4898930490016937,-0.014391506090760231,0.4716411828994751,0.5174738168716431,-0.005462350323796272,0.47168976068496704,0.5330495238304138,0.004471041262149811,a
0.47695326805114746,0.6531434059143066,-2.6591806090436876e-07,0.5177620053291321,0.6285465955734253,-0.009769405238330364,0.5471620559692383,0.575817346572876,-0.011266866698861122,0.5653100609779358,0.5268449783325195,-0.014064455404877663,0.5808591842651367,0.4926529824733734,-0.012922665104269981,0.5393356084823608,0.5268594622612,0.0062476047314703465,0.5437982082366943,0.47977402806282043,-0.010855866596102715,0.5363507270812988,0.5211962461471558,-0.018423788249492645,0.5339805483818054,0.5417633652687073,-0.01988993212580681,0.5149336457252502,0.5203539729118347,0.005326823331415653,0.5173086524009705,0.48038649559020996,-0.011126949451863766,0.5129519104957581,0.526068389415741,-0.012601540423929691,0.5123571753501892,0.5389564037322998,-0.008905225433409214,0.49055102467536926,0.5198818445205688,0.0005403970135375857,0.49375876784324646,0.47875991463661194,-0.015140330418944359,0.4919866919517517,0.5212163329124451,-0.005983363837003708,0.49167120456695557,0.5357268452644348,0.004970951471477747,0.4657891094684601,0.5220414996147156,-0.005605521146208048,0.470206081867218,0.49004805088043213,-0.01221509836614132,0.4717898368835449,0.5179370045661926,-0.0029330644756555557,0.47123175859451294,0.532443642616272,0.007136778440326452,a
0.476949006319046,0.652630090713501,-2.6837741984309105e-07,0.5172808170318604,0.6286925673484802,-0.00988820381462574,0.5472521781921387,0.5760033130645752,-0.011282708495855331,0.5653765201568604,0.5275382995605469,-0.013777514919638634,0.580222487449646,0.4937721788883209,-0.012259458191692829,0.5391785502433777,0.5267976522445679,0.004950536414980888,0.5437007546424866,0.4796598553657532,-0.012045436538755894,0.5360906720161438,0.5220323204994202,-0.019218681380152702,0.5339134335517883,0.5417822003364563,-0.02048286236822605,0.5146988034248352,0.5200485587120056,0.0040952302515506744,0.5171439051628113,0.48042014241218567,-0.012133311480283737,0.5126129388809204,0.5264920592308044,-0.013120224699378014,0.5121616721153259,0.5378332138061523,-0.009223765693604946,0.49032801389694214,0.5194477438926697,-0.0005328422994352877,0.4935237765312195,0.4785531759262085,-0.016309430822730064,0.49150368571281433,0.5216092467308044,-0.006892222445458174,0.49133673310279846,0.5349110960960388,0.004155654925853014,0.46571511030197144,0.5214110016822815,-0.006477790884673595,0.4700104594230652,0.48961418867111206,-0.013342068530619144,0.471266508102417,0.5184653401374817,-0.003890599589794874,0.47063136100769043,0.5329102277755737,0.006300389766693115,a
0.47716814279556274,0.6499975919723511,-2.6499998284634785e-07,0.5183173418045044,0.6259547472000122,-0.009706780314445496,0.5487561821937561,0.5751349925994873,-0.011310361325740814,0.5660737156867981,0.526665449142456,-0.01407366432249546,0.580345869064331,0.49219048023223877,-0.012888439930975437,0.5390584468841553,0.5253572463989258,0.004769064486026764,0.5434287786483765,0.4781082272529602,-0.012434074655175209,0.5360829830169678,0.5207899212837219,-0.0196069348603487,0.533821702003479,0.5410500168800354,-0.020836783573031425,0.5147058367729187,0.5190629959106445,0.003725913353264332,0.5171941518783569,0.47968360781669617,-0.012387193739414215,0.5128538608551025,0.5262313485145569,-0.013244452886283398,0.5125309228897095,0.5370228290557861,-0.009403884410858154,0.49026796221733093,0.5189536809921265,-0.0010643068235367537,0.49357298016548157,0.47878628969192505,-0.017024865373969078,0.4916808605194092,0.5219944715499878,-0.007430444471538067,0.49167633056640625,0.5344148874282837,0.0036580937448889017,0.4651772975921631,0.5213561058044434,-0.0071167671121656895,0.4697110652923584,0.489951491355896,-0.014162151142954826,0.4714156985282898,0.5189118981361389,-0.004501721356064081,0.4707956314086914,0.5329527258872986,0.005811183713376522,a
0.4766790270805359,0.6511209011077881,-2.5482768251094967e-07,0.5165345072746277,0.6279109716415405,-0.011124955490231514,0.5470448136329651,0.5768002867698669,-0.013190075755119324,0.5656288266181946,0.5277543067932129,-0.01626409962773323,0.5799179673194885,0.4924321174621582,-0.015458744950592518,0.5378265380859375,0.5247516632080078,0.0050011686980724335,0.5431700348854065,0.47738146781921387,-0.012458384037017822,0.5362056493759155,0.5183095335960388,-0.020456872880458832,0.5331452488899231,0.53911954164505,-0.022147415205836296,0.5140628218650818,0.5184829235076904,0.004597433377057314,0.5171573162078857,0.4783184826374054,-0.01217357162386179,0.5130152702331543,0.523985743522644,-0.0142375398427248,0.5121047496795654,0.5367892980575562,-0.010878248140215874,0.49008023738861084,0.5181041955947876,0.0002772171574179083,0.4936319589614868,0.4767422080039978,-0.01619422622025013,0.4919874370098114,0.5195299983024597,-0.007670591119676828,0.49155575037002563,0.5342669486999512,0.0030683698132634163,0.4654264748096466,0.5203368067741394,-0.005461540538817644,0.4700435996055603,0.48793238401412964,-0.0134369982406497,0.4717508852481842,0.5167110562324524,-0.004744169767946005,0.4711891710758209,0.5321869254112244,0.005191090516746044,a
0.478181928396225,0.6519579887390137,-2.450221927574603e-07,0.5183091759681702,0.6266806125640869,-0.010083591565489769,0.547554612159729,0.5753290057182312,-0.012207425199449062,0.5654757022857666,0.5266614556312561,-0.015692828223109245,0.5794987678527832,0.4911808371543884,-0.015597212128341198,0.5380471348762512,0.525229811668396,0.004724612459540367,0.5430853962898254,0.47732362151145935,-0.012888191267848015,0.5370439887046814,0.5170606374740601,-0.021151559427380562,0.5342090725898743,0.5386847257614136,-0.022991355508565903,0.5138079524040222,0.5195448398590088,0.0036387769505381584,0.5171802639961243,0.47803449630737305,-0.013153549283742905,0.5139513611793518,0.5227965712547302,-0.015345212072134018,0.5131013989448547,0.5370866656303406,-0.012162672355771065,0.4895094633102417,0.5195005536079407,-0.0012067519128322601,0.49318385124206543,0.47637882828712463,-0.01723744161427021,0.4925198256969452,0.5178341269493103,-0.008775393478572369,0.49210232496261597,0.5335475206375122,0.0017713576089590788,0.4645710289478302,0.5221947431564331,-0.007408985868096352,0.4691111445426941,0.48804619908332825,-0.014964217320084572,0.47186723351478577,0.5152768492698669,-0.006224899552762508,0.4714186191558838,0.5311247110366821,0.003606799291446805,a
0.47875675559043884,0.6504359841346741,-2.35856091990172e-07,0.5182275176048279,0.6250707507133484,-0.009353878907859325,0.5464887022972107,0.5738163590431213,-0.011596370488405228,0.5643674731254578,0.5262399911880493,-0.015445079654455185,0.5784286856651306,0.4908970892429352,-0.016129394993185997,0.5370611548423767,0.5240877866744995,0.004268871620297432,0.5428231954574585,0.4759199023246765,-0.013463235460221767,0.5382061004638672,0.5139203071594238,-0.022454289719462395,0.5351252555847168,0.5371691584587097,-0.024787243455648422,0.5129789113998413,0.5184684991836548,0.0026487521827220917,0.5167945623397827,0.4768469035625458,-0.013791898265480995,0.514025866985321,0.5197563767433167,-0.01654544100165367,0.5124521851539612,0.5361208915710449,-0.014025995507836342,0.48846566677093506,0.5187323093414307,-0.002602936467155814,0.49296197295188904,0.47578561305999756,-0.01786806993186474,0.4923890233039856,0.5149659514427185,-0.010005438700318336,0.49138474464416504,0.5314805507659912,-0.0002227455988759175,0.46312645077705383,0.5219544768333435,-0.009179148823022842,0.46821829676628113,0.48809874057769775,-0.016266996040940285,0.4713975489139557,0.5137781500816345,-0.0077624237164855,0.4708528518676758,0.5296441912651062,0.0016232877969741821,a
0.47890505194664,0.6496322751045227,-2.4957836330941063e-07,0.5191681385040283,0.6229202151298523,-0.009350798092782497,0.5478466153144836,0.5717066526412964,-0.011355905793607235,0.5652300119400024,0.5235334038734436,-0.01491410844027996,0.5785346031188965,0.48759299516677856,-0.01498505100607872,0.5376157760620117,0.5228683352470398,0.0048428005538880825,0.5421109199523926,0.4741279184818268,-0.013263288885354996,0.5370562672615051,0.5137683153152466,-0.02196652442216873,0.5345042943954468,0.5362417101860046,-0.02395564131438732,0.5134397149085999,0.5174263715744019,0.003397249849513173,0.5163328647613525,0.47604548931121826,-0.013637014664709568,0.5134867429733276,0.5205799341201782,-0.016139231622219086,0.5124709010124207,0.5354515910148621,-0.013193648308515549,0.4891382157802582,0.5175207257270813,-0.001755676930770278,0.4925152659416199,0.4736607074737549,-0.01774158515036106,0.4920710623264313,0.5151299238204956,-0.00944507960230112,0.49174764752388,0.5315914750099182,0.00095772510394454,0.46395283937454224,0.5205318331718445,-0.008221782743930817,0.46754908561706543,0.486553430557251,-0.015751361846923828,0.4711705446243286,0.513535737991333,-0.007269372697919607,0.47168809175491333,0.529488205909729,0.0023706748615950346,a
0.4786151051521301,0.6471874117851257,-2.5387947744093253e-07,0.5184502601623535,0.621918797492981,-0.01001316774636507,0.5474141836166382,0.5707311034202576,-0.012296520173549652,0.5643718242645264,0.522847592830658,-0.015945425257086754,0.5775032639503479,0.4871145188808441,-0.015941431745886803,0.5380324721336365,0.5197816491127014,0.0044044991955161095,0.5419304966926575,0.47266489267349243,-0.014172821305692196,0.5367024540901184,0.5134215354919434,-0.022718628868460655,0.5343356728553772,0.5359383225440979,-0.02445662021636963,0.5140266418457031,0.5144271850585938,0.0031503550708293915,0.516391932964325,0.4747702479362488,-0.01448683813214302,0.5135785341262817,0.5208441615104675,-0.01653292402625084,0.5129318833351135,0.5349656939506531,-0.013027370907366276,0.4897179901599884,0.5147285461425781,-0.001947371638379991,0.49246931076049805,0.4734165668487549,-0.018986186012625694,0.49191996455192566,0.5163511633872986,-0.010241465643048286,0.49180424213409424,0.5315317511558533,0.0007288902997970581,0.46446600556373596,0.517839252948761,-0.008358867838978767,0.4684492349624634,0.4856233298778534,-0.016585130244493484,0.47130873799324036,0.5143864750862122,-0.007760539650917053,0.47116297483444214,0.5296744704246521,0.0022963809315115213,a
0.4781338572502136,0.648094654083252,-2.565827230682771e-07,0.5173944234848022,0.6238305568695068,-0.011363830417394638,0.5463283061981201,0.5720946788787842,-0.013915818184614182,0.5643677711486816,0.523296058177948,-0.017551204189658165,0.5780943036079407,0.48721933364868164,-0.017243999987840652,0.5379000902175903,0.5197490453720093,0.004444398917257786,0.5426097512245178,0.47230157256126404,-0.014314715750515461,0.5365608334541321,0.5140129327774048,-0.022969504818320274,0.5340893864631653,0.5360103845596313,-0.02480376325547695,0.5138587355613708,0.5137826204299927,0.003872041357681155,0.5164305567741394,0.47382447123527527,-0.013967243954539299,0.5130429267883301,0.5205007195472717,-0.01601576618850231,0.5124819874763489,0.5344999432563782,-0.012367157265543938,0.4894166886806488,0.5138801336288452,-0.0007714777602814138,0.4924134314060211,0.4728519916534424,-0.018021797761321068,0.4917387068271637,0.5158731341362,-0.009319772943854332,0.4918156564235687,0.5311400294303894,0.0017704706406220794,0.4642883241176605,0.5167959928512573,-0.006874300539493561,0.46821799874305725,0.48489123582839966,-0.015255591832101345,0.4713048040866852,0.5137503147125244,-0.006544796284288168,0.4716184437274933,0.5293411016464233,0.003561560297384858,a
0.4779719114303589,0.6488174796104431,-2.480923910752608e-07,0.5185703039169312,0.6226051449775696,-0.009800388477742672,0.5473552346229553,0.5712847709655762,-0.01165749505162239,0.5649147629737854,0.5232164859771729,-0.015091742388904095,0.5780247449874878,0.48647168278694153,-0.015001042746007442,0.5372639894485474,0.5209239721298218,0.006662801373749971,0.542387843132019,0.4731263220310211,-0.011296053417026997,0.5368102788925171,0.5124275088310242,-0.02012588270008564,0.5342384576797485,0.5352339744567871,-0.02217809483408928,0.5136252045631409,0.5149708390235901,0.005417275242507458,0.5168893933296204,0.474031537771225,-0.011784284375607967,0.5134172439575195,0.5189232230186462,-0.014564620330929756,0.5126829743385315,0.5347713828086853,-0.011545209214091301,0.4894503355026245,0.5146811008453369,0.00025757160619832575,0.4928455948829651,0.4725174903869629,-0.016197072342038155,0.4916985034942627,0.5144833922386169,-0.008142199367284775,0.4913390278816223,0.5314703583717346,0.0023409565910696983,0.46432924270629883,0.5173267722129822,-0.0062657189555466175,0.46890294551849365,0.48491039872169495,-0.014192755334079266,0.4713081419467926,0.5130544900894165,-0.005720757879316807,0.4710710048675537,0.5294455885887146,0.004058619495481253,a
0.47857993841171265,0.6498904228210449,-2.508304817183671e-07,0.5189887881278992,0.6240626573562622,-0.010069593787193298,0.5476305484771729,0.5725756883621216,-0.012181620113551617,0.5654070377349854,0.5242698192596436,-0.015781452879309654,0.5785393714904785,0.4876936376094818,-0.01592956855893135,0.5381036400794983,0.5221021771430969,0.0049803112633526325,0.5426687002182007,0.47384920716285706,-0.01319693773984909,0.5369811058044434,0.5130624175071716,-0.02207312546670437,0.5346002578735352,0.536228358745575,-0.02409064583480358,0.5140818357467651,0.5164732933044434,0.003782199462875724,0.5168414115905762,0.4741824269294739,-0.01396646536886692,0.5132825970649719,0.5187028646469116,-0.016800038516521454,0.5125400424003601,0.5365610718727112,-0.0136485006660223,0.48969000577926636,0.516078770160675,-0.0012384242145344615,0.4927671253681183,0.47236305475234985,-0.017835630103945732,0.49175548553466797,0.5136010646820068,-0.009932007640600204,0.4915480613708496,0.5323381423950195,0.0005996440886519849,0.46462875604629517,0.5185732245445251,-0.007649953477084637,0.46902573108673096,0.4846873879432678,-0.015781262889504433,0.4714509844779968,0.5121856331825256,-0.007580024190247059,0.47135794162750244,0.529655396938324,0.002110313856974244,a
0.47850438952445984,0.6491445899009705,-2.5020003135978186e-07,0.5194324254989624,0.6232309937477112,-0.009297630749642849,0.5484947562217712,0.5721559524536133,-0.01082270871847868,0.5654032230377197,0.523958146572113,-0.013875513337552547,0.5781021118164062,0.487906277179718,-0.01356312446296215,0.5379319190979004,0.5221632122993469,0.005850284360349178,0.542583167552948,0.47404468059539795,-0.011488824151456356,0.5369299650192261,0.5124186277389526,-0.020014332607388496,0.5344687104225159,0.5354074835777283,-0.0219863448292017,0.5141456127166748,0.5163744688034058,0.004597877152264118,0.5166711807250977,0.47491589188575745,-0.012018772773444653,0.5131509900093079,0.518621027469635,-0.014605604112148285,0.5125635862350464,0.5353739261627197,-0.011647684499621391,0.4899868667125702,0.516040027141571,-0.0003684409020934254,0.4929330348968506,0.4736477732658386,-0.015975316986441612,0.49168336391448975,0.5141249299049377,-0.008062271401286125,0.4913957118988037,0.5314033627510071,0.002068450441583991,0.46491241455078125,0.5187426209449768,-0.006650646682828665,0.46930772066116333,0.48579949140548706,-0.01387661974877119,0.4713859558105469,0.5126760601997375,-0.005486412905156612,0.47105029225349426,0.5289061069488525,0.004014149773865938,a
0.4787689745426178,0.6479626297950745,-2.529042433252471e-07,0.5195654630661011,0.6225276589393616,-0.009921897202730179,0.5488235354423523,0.5714052319526672,-0.011804776266217232,0.5652069449424744,0.5231086015701294,-0.01503797434270382,0.5780293345451355,0.48723816871643066,-0.014769009314477444,0.5384731888771057,0.5214425921440125,0.004695960320532322,0.5427899360656738,0.47421711683273315,-0.013077490031719208,0.5370028614997864,0.5139874815940857,-0.021359769627451897,0.5346800684928894,0.5362027287483215,-0.023119159042835236,0.5144237279891968,0.515773594379425,0.003540094941854477,0.5170751214027405,0.47492071986198425,-0.013659671880304813,0.5133548974990845,0.5198160409927368,-0.015873458236455917,0.5126181244850159,0.5354012250900269,-0.012534068897366524,0.4901147484779358,0.5154920220375061,-0.0013681468553841114,0.49324357509613037,0.47362902760505676,-0.017897292971611023,0.49197953939437866,0.5152897238731384,-0.009587601758539677,0.49166908860206604,0.5317034125328064,0.001035815104842186,0.4648889899253845,0.5179864168167114,-0.007584622595459223,0.46947377920150757,0.4851193428039551,-0.015527283772826195,0.4717276394367218,0.5130407810211182,-0.006937995553016663,0.47131040692329407,0.5291197299957275,0.0028846331406384706,a
0.47821271419525146,0.6480201482772827,-2.5866904707072536e-07,0.5187327265739441,0.6234086155891418,-0.010678675025701523,0.5483840703964233,0.5716491937637329,-0.01256867777556181,0.5653005838394165,0.5232588648796082,-0.015619860030710697,0.5786153078079224,0.4877055287361145,-0.014840398915112019,0.538385808467865,0.5203623175621033,0.005389859899878502,0.5428307056427002,0.47416770458221436,-0.012504423037171364,0.5363543629646301,0.5155154466629028,-0.020644107833504677,0.5338635444641113,0.5366911888122559,-0.02226906456053257,0.5146327018737793,0.5143897533416748,0.004701909143477678,0.5171762108802795,0.47481971979141235,-0.012623035348951817,0.5131502747535706,0.5210986137390137,-0.014621363021433353,0.5125382542610168,0.5349912047386169,-0.010955244302749634,0.49049124121665955,0.5141494870185852,5.525644519366324e-05,0.4933285117149353,0.4734404385089874,-0.016780493780970573,0.4918062686920166,0.5162248611450195,-0.008290356956422329,0.4915955662727356,0.5313173532485962,0.002633646596223116,0.46553897857666016,0.5165875554084778,-0.005961066111922264,0.4695380926132202,0.4849730432033539,-0.013862330466508865,0.4716123342514038,0.5134648680686951,-0.005156224127858877,0.47140008211135864,0.5286064147949219,0.004843473434448242,a
0.4785653054714203,0.6478014588356018,-2.6338958036831173e-07,0.5190390348434448,0.622681736946106,-0.009291740134358406,0.5485936999320984,0.570042073726654,-0.010308751836419106,0.5650730133056641,0.52210533618927,-0.01259730476886034,0.5780197381973267,0.4873468577861786,-0.011005082167685032,0.5386098623275757,0.5195200443267822,0.00594325689598918,0.542565643787384,0.473667174577713,-0.011443902738392353,0.5362278819084167,0.5153781771659851,-0.019037706777453423,0.5340478420257568,0.5361506342887878,-0.020282082259655,0.5145629048347473,0.5135970711708069,0.004925003740936518,0.5165776610374451,0.4749598801136017,-0.011562527157366276,0.5130064487457275,0.5216532349586487,-0.012833189219236374,0.5129879117012024,0.5344138741493225,-0.008850429207086563,0.49040675163269043,0.5134145021438599,9.769853932084516e-05,0.4928126931190491,0.4738285541534424,-0.015958374366164207,0.49147364497184753,0.5175643563270569,-0.006895204074680805,0.4917547404766083,0.5319461822509766,0.00418669730424881,0.4655807614326477,0.515842616558075,-0.005981634836643934,0.4696474075317383,0.48458990454673767,-0.013081347569823265,0.47139644622802734,0.5137186050415039,-0.003819192061200738,0.4711027443408966,0.5284073352813721,0.006435850635170937,a
0.4786874055862427,0.6468737125396729,-2.522849342767586e-07,0.5181755423545837,0.6221174597740173,-0.010184025391936302,0.547141969203949,0.5708841681480408,-0.012172561138868332,0.5643491148948669,0.5228745341300964,-0.015446185134351254,0.5776170492172241,0.48721760511398315,-0.014989678747951984,0.5380157232284546,0.5193959474563599,0.005014284048229456,0.5423606634140015,0.47287875413894653,-0.012744089588522911,0.5366886258125305,0.5135329961776733,-0.020798146724700928,0.5343093872070312,0.5347297191619873,-0.022377587854862213,0.514225423336029,0.5134870409965515,0.004008560441434383,0.5163442492485046,0.47396284341812134,-0.012801801785826683,0.5133214592933655,0.5194381475448608,-0.0145469531416893,0.5129300355911255,0.5330169200897217,-0.010961456224322319,0.4901125133037567,0.5134358406066895,-0.00085992127424106,0.49260881543159485,0.47312769293785095,-0.017061462625861168,0.4916965365409851,0.515498697757721,-0.008192382752895355,0.4916635751724243,0.5304041504859924,0.0026905217673629522,0.4653012454509735,0.5160604119300842,-0.0070962607860565186,0.4692191481590271,0.484363317489624,-0.01441577635705471,0.4712754487991333,0.5124772787094116,-0.0052705733105540276,0.4707466959953308,0.5274274945259094,0.004844781942665577,a
0.47769686579704285,0.6469698548316956,-2.5922713575710077e-07,0.5183141231536865,0.6224850416183472,-0.010234398767352104,0.5477815866470337,0.5703889727592468,-0.011910302564501762,0.5645858645439148,0.5218508243560791,-0.014775360003113747,0.5775236487388611,0.48640894889831543,-0.013899615034461021,0.5371670722961426,0.5198817253112793,0.004830359015613794,0.5422502160072327,0.47295743227005005,-0.012659012340009212,0.5361006259918213,0.513869047164917,-0.020590296015143394,0.5335414409637451,0.5353005528450012,-0.022178422659635544,0.5133416652679443,0.5139272212982178,0.004001636058092117,0.5160826444625854,0.47369757294654846,-0.01289462298154831,0.5122863054275513,0.5191379189491272,-0.014930139295756817,0.5115754008293152,0.5335016846656799,-0.01147626992315054,0.4893420934677124,0.5134737491607666,-0.0006190642598085105,0.4923616647720337,0.4726034700870514,-0.01662500388920307,0.49095484614372253,0.5146749019622803,-0.008102421648800373,0.4907410442829132,0.5300379395484924,0.0025235877837985754,0.4646349847316742,0.5156658887863159,-0.006612177472561598,0.46849435567855835,0.4844861924648285,-0.013866642490029335,0.47035861015319824,0.512466549873352,-0.0051035755313932896,0.47002938389778137,0.5274386405944824,0.004702036269009113,a
0.47715097665786743,0.6479085087776184,-2.712092452838988e-07,0.5177983641624451,0.6231421232223511,-0.010167785920202732,0.5478816032409668,0.5707128047943115,-0.011765366420149803,0.5643097758293152,0.521785318851471,-0.014539034105837345,0.5771002769470215,0.48601746559143066,-0.013475360348820686,0.5381795167922974,0.5203216671943665,0.0047115241177380085,0.5417332053184509,0.47281649708747864,-0.013068040832877159,0.5350481867790222,0.5143564939498901,-0.02098451741039753,0.5331519842147827,0.5359067916870117,-0.022513477131724358,0.5140552520751953,0.5144932866096497,0.0038174816872924566,0.5156424045562744,0.4740813970565796,-0.01332932710647583,0.511620044708252,0.5201332569122314,-0.015123707242310047,0.5114759206771851,0.534579336643219,-0.011462235823273659,0.4899694621562958,0.514052152633667,-0.0008942294516600668,0.49197450280189514,0.4724624752998352,-0.017438756301999092,0.49028480052948,0.5159656405448914,-0.00864335149526596,0.49047714471817017,0.5320578217506409,0.0022921059280633926,0.46525609493255615,0.5162817239761353,-0.006964439991861582,0.4679323434829712,0.48487070202827454,-0.014872687868773937,0.4696258008480072,0.5140658617019653,-0.006208253093063831,0.46982407569885254,0.5296251177787781,0.003686152631416917,a
0.47622138261795044,0.6511670351028442,-2.7424431436884333e-07,0.5172151923179626,0.6259845495223999,-0.009977221488952637,0.5470929145812988,0.5738145112991333,-0.011709073558449745,0.5623387098312378,0.5240449905395508,-0.014682425186038017,0.5753809809684753,0.4877532124519348,-0.014052283018827438,0.5372060537338257,0.522192656993866,0.0047732749953866005,0.5414681434631348,0.47481486201286316,-0.012776686809957027,0.5344509482383728,0.5158241987228394,-0.020947709679603577,0.5319113731384277,0.5381286144256592,-0.02267369255423546,0.5129014849662781,0.5162635445594788,0.003832393093034625,0.5153442025184631,0.4746816158294678,-0.01357918418943882,0.5113043189048767,0.5205302238464355,-0.01595386676490307,0.5107303857803345,0.5377875566482544,-0.01251313928514719,0.4889783561229706,0.515550434589386,-0.0007788354414515197,0.4912707805633545,0.47204625606536865,-0.017542269080877304,0.4898362457752228,0.5155008435249329,-0.009387626312673092,0.48988330364227295,0.5345893502235413,0.0013738460838794708,0.46449315547943115,0.5181438326835632,-0.0066768210381269455,0.46756526827812195,0.48426276445388794,-0.015361112542450428,0.4694182872772217,0.5136800408363342,-0.007264906540513039,0.46962660551071167,0.5318044424057007,0.0025088374968618155,a
0.47590091824531555,0.6499798893928528,-2.7622721177067433e-07,0.5167115330696106,0.6260662078857422,-0.010920124128460884,0.5466408729553223,0.573577344417572,-0.012805886566638947,0.5627665519714355,0.5241712927818298,-0.015716582536697388,0.5757127404212952,0.48787903785705566,-0.014657562598586082,0.5372857451438904,0.5212060809135437,0.004909860901534557,0.540496289730072,0.4739963710308075,-0.013648503459990025,0.5331552624702454,0.5159351229667664,-0.021861562505364418,0.5312459468841553,0.5382698178291321,-0.023321734741330147,0.513196587562561,0.515159547328949,0.004437918774783611,0.5142331719398499,0.4761049747467041,-0.013487959280610085,0.5098373293876648,0.5232313275337219,-0.015073426999151707,0.5105206966400146,0.5370924472808838,-0.010913691483438015,0.48924896121025085,0.5146061182022095,-7.790623203618452e-05,0.49066540598869324,0.47524335980415344,-0.01757265441119671,0.48865342140197754,0.5196630358695984,-0.008510486222803593,0.48967936635017395,0.5348025560379028,0.0029714133124798536,0.46490487456321716,0.5167800188064575,-0.0059934756718575954,0.4676922559738159,0.4861929714679718,-0.014392473734915257,0.4685705602169037,0.5168623328208923,-0.005418154411017895,0.46886974573135376,0.5323120951652527,0.004969888366758823,a
0.4758909344673157,0.6495686769485474,-2.645354584274173e-07,0.5160935521125793,0.6253402233123779,-0.011124392040073872,0.5456995368003845,0.5746160745620728,-0.013396667316555977,0.5626950263977051,0.5250433683395386,-0.016673779115080833,0.5758188366889954,0.4884642958641052,-0.01615414023399353,0.5369738936424255,0.5227248668670654,0.004432812798768282,0.5404378771781921,0.47528141736984253,-0.013225903734564781,0.5334352850914001,0.5159829258918762,-0.021369196474552155,0.5316004753112793,0.537872314453125,-0.023132506757974625,0.5127460956573486,0.5165241360664368,0.0040763677097857,0.5140308141708374,0.47600725293159485,-0.01312248595058918,0.5100092887878418,0.5214314460754395,-0.015125926584005356,0.5102267265319824,0.5366318821907043,-0.011613094247877598,0.488743394613266,0.5158753395080566,-0.0001505493128206581,0.4904261827468872,0.4745637774467468,-0.016779351979494095,0.48897597193717957,0.5169385671615601,-0.008312197402119637,0.48958563804626465,0.5335442423820496,0.002464959630742669,0.464396208524704,0.518157422542572,-0.005803757347166538,0.46702665090560913,0.4861234128475189,-0.01394796185195446,0.46864914894104004,0.5147120952606201,-0.00551301846280694,0.46887752413749695,0.5311337113380432,0.004330603405833244,a
0.4755585193634033,0.6508200764656067,-2.6865376412388287e-07,0.515405535697937,0.6273859739303589,-0.011640469543635845,0.5454292297363281,0.5751270651817322,-0.013675084337592125,0.5622223615646362,0.525490403175354,-0.016592316329479218,0.5754536986351013,0.4892771542072296,-0.01528609823435545,0.5365893244743347,0.5232251882553101,0.005000109784305096,0.5399802327156067,0.47544533014297485,-0.013361727818846703,0.5326933860778809,0.5176969170570374,-0.02140677161514759,0.5314026474952698,0.5386842489242554,-0.022879332304000854,0.5125468373298645,0.517061173915863,0.004916141740977764,0.5140979886054993,0.47719794511795044,-0.012947577983140945,0.509728193283081,0.5242310762405396,-0.01460089161992073,0.5104901194572449,0.5371105670928955,-0.010526745580136776,0.4886043667793274,0.5164117217063904,0.0007084785611368716,0.4905850291252136,0.47520163655281067,-0.016877779737114906,0.48860907554626465,0.5192391872406006,-0.00793538335710764,0.4897083342075348,0.534094512462616,0.0035181138664484024,0.46433424949645996,0.5181807279586792,-0.004957049619406462,0.46721455454826355,0.4867255687713623,-0.013457123190164566,0.4684716761112213,0.5163239240646362,-0.00474040349945426,0.4689992070198059,0.5316213369369507,0.00550756324082613,a
