0.5871017575263977,0.9947570562362671,-4.288124841878016e-07,0.5572689175605774,0.985072910785675,-0.009464618749916553,0.5342035889625549,0.9694480895996094,-0.018822893500328064,0.5222271680831909,0.9530402421951294,-0.028243012726306915,0.5145359039306641,0.9411378502845764,-0.03819428011775017,0.5448077917098999,0.9761117696762085,-0.02368723228573799,0.5383915901184082,0.9472236633300781,-0.037458062171936035,0.543986439704895,0.9203271269798279,-0.04800642654299736,0.5473109483718872,0.9064614176750183,-0.05488475412130356,0.5699588060379028,0.9755240082740784,-0.02508494257926941,0.5675277709960938,0.9431500434875488,-0.03291889280080795,0.56928551197052,0.9129120111465454,-0.03646261245012283,0.5682442784309387,0.9015682339668274,-0.041555941104888916,0.5936925411224365,0.9744728803634644,-0.0266896802932024,0.5909968614578247,0.9450619220733643,-0.03541501984000206,0.5892557501792908,0.9212458729743958,-0.037005919963121414,0.5853617191314697,0.9130467772483826,-0.0391962043941021,0.6151896715164185,0.9730813503265381,-0.029154079034924507,0.616294801235199,0.9528048634529114,-0.03617080673575401,0.6151676774024963,0.9406276941299438,-0.036009568721055984,0.610119104385376,0.936697244644165,-0.03658294305205345,e
0.5908294320106506,0.9381162524223328,-1.219559635501355e-07,0.5555800199508667,0.9263935089111328,-0.01862894929945469,0.5272772312164307,0.8995200991630554,-0.032479118555784225,0.5124707818031311,0.8745124340057373,-0.04593893885612488,0.505545437335968,0.8520151376724243,-0.05789094790816307,0.5552206039428711,0.8250407576560974,-0.01696956716477871,0.5581243634223938,0.7873438000679016,-0.036288708448410034,0.5574761629104614,0.8052717447280884,-0.050121553242206573,0.5567307472229004,0.8340762853622437,-0.05683444067835808,0.5798428058624268,0.8238869309425354,-0.016200708225369453,0.5851556062698364,0.7824960350990295,-0.033515844494104385,0.5833220481872559,0.8077626824378967,-0.04361008107662201,0.5831853151321411,0.8365940451622009,-0.047815851867198944,0.6024069786071777,0.8305226564407349,-0.01829414628446102,0.6076697707176208,0.792205274105072,-0.03277360647916794,0.6054909825325012,0.813596785068512,-0.03728358820080757,0.6044032573699951,0.8413977026939392,-0.03770122304558754,0.6240235567092896,0.8435072898864746,-0.0221351757645607,0.6277183294296265,0.8134152889251709,-0.0329207107424736,0.6251805424690247,0.825937032699585,-0.035715971142053604,0.6230716705322266,0.8470823764801025,-0.035483866930007935,e
0.5873011350631714,0.9149558544158936,9.66276481051409e-09,0.5541490316390991,0.9052670001983643,-0.016077307984232903,0.5270959138870239,0.8792610168457031,-0.029584713280200958,0.5122774839401245,0.8547268509864807,-0.042712848633527756,0.5035364031791687,0.8323910236358643,-0.05426352843642235,0.5532652735710144,0.812033474445343,-0.019660864025354385,0.5561227798461914,0.7645639181137085,-0.041553035378456116,0.5578914284706116,0.7741663455963135,-0.05696919187903404,0.5586315989494324,0.800652027130127,-0.06368523091077805,0.5784594416618347,0.8110079765319824,-0.021327344700694084,0.5858462452888489,0.7589156627655029,-0.04177563637495041,0.5853944420814514,0.7698240876197815,-0.052196960896253586,0.5830507278442383,0.7973089814186096,-0.0552792027592659,0.6007677316665649,0.8186018466949463,-0.025566300377249718,0.609438419342041,0.771034836769104,-0.041430938988924026,0.6083476543426514,0.7779310941696167,-0.04489217326045036,0.6045519113540649,0.8002877831459045,-0.04373759776353836,0.6207305788993835,0.8327708840370178,-0.0312188733369112,0.6297233700752258,0.7960128784179688,-0.042285770177841187,0.6310234665870667,0.7899301052093506,-0.04372832924127579,0.6281819343566895,0.7976002097129822,-0.041947849094867706,e
0.587203860282898,0.8945929408073425,1.6313965289782573e-08,0.5535610318183899,0.8863598704338074,-0.014393145218491554,0.5254872441291809,0.8619341850280762,-0.02663646824657917,0.5107258558273315,0.8369271159172058,-0.03878387436270714,0.5010998845100403,0.8130932450294495,-0.049721069633960724,0.5500678420066833,0.7927802205085754,-0.015963885933160782,0.5498406887054443,0.7467166185379028,-0.03603973239660263,0.550119161605835,0.7523449063301086,-0.05111999064683914,0.5512145757675171,0.7755963802337646,-0.05799557641148567,0.5749895572662354,0.7895432114601135,-0.018011966720223427,0.5794144868850708,0.7353492379188538,-0.03573157638311386,0.5794361233711243,0.7406290173530579,-0.046491120010614395,0.578165590763092,0.7647413015365601,-0.05056746304035187,0.5976725220680237,0.7954948544502258,-0.0224454328417778,0.6029257774353027,0.743667483329773,-0.03574666753411293,0.6026090979576111,0.7472373843193054,-0.03960893303155899,0.5998834371566772,0.7674922347068787,-0.039545800536870956,0.619347870349884,0.8091124892234802,-0.028239162638783455,0.6261342167854309,0.7692211866378784,-0.0374424047768116,0.6259059309959412,0.7639289498329163,-0.03853967413306236,0.6219476461410522,0.7726786732673645,-0.0370357520878315,e
0.5885213613510132,0.8745462894439697,2.1169457298242378e-08,0.5528490543365479,0.8676698207855225,-0.015209458768367767,0.5214290618896484,0.8413203954696655,-0.02711521089076996,0.5043783783912659,0.8139454126358032,-0.038725949823856354,0.5049729347229004,0.7963734269142151,-0.048894867300987244,0.5464398860931396,0.7709875106811523,-0.014950244687497616,0.5480921268463135,0.7261547446250916,-0.03328312933444977,0.5467830896377563,0.7291812896728516,-0.04670759662985802,0.5466928482055664,0.7524715065956116,-0.05294615402817726,0.5725809931755066,0.7661564946174622,-0.016566867008805275,0.5758192539215088,0.7126955986022949,-0.03340406343340874,0.5752043724060059,0.717292070388794,-0.0433344729244709,0.5746588706970215,0.7431321144104004,-0.046862635761499405,0.5965505242347717,0.7714570164680481,-0.02055186778306961,0.6006240248680115,0.7210896015167236,-0.03382512554526329,0.6005718111991882,0.7260749936103821,-0.0373893566429615,0.5991795659065247,0.7493749260902405,-0.036988917738199234,0.6186817288398743,0.7845225930213928,-0.0259444247931242,0.623101532459259,0.7447511553764343,-0.035224758088588715,0.6229814291000366,0.7444456219673157,-0.035895343869924545,0.6204473972320557,0.7598934769630432,-0.0339958518743515,e
0.5854274034500122,0.8589893579483032,3.024192452016905e-08,0.5511547327041626,0.8511387705802917,-0.01521505881100893,0.520417332649231,0.825860321521759,-0.02798740193247795,0.5029372572898865,0.7988155484199524,-0.04032021760940552,0.49999505281448364,0.7790257334709167,-0.05103712156414986,0.5440300703048706,0.751294732093811,-0.0167358610779047,0.5452778339385986,0.702924907207489,-0.03615793585777283,0.5460813045501709,0.7051292657852173,-0.050057023763656616,0.5468090772628784,0.7273804545402527,-0.05645584687590599,0.5702329874038696,0.7463018298149109,-0.01820852793753147,0.5736880898475647,0.69035804271698,-0.03519689291715622,0.5736686587333679,0.6952462792396545,-0.04395829513669014,0.5723509192466736,0.719953179359436,-0.046633508056402206,0.5940919518470764,0.7522769570350647,-0.022112565115094185,0.5987006425857544,0.7021679878234863,-0.035078078508377075,0.5986761450767517,0.7054296135902405,-0.03746463730931282,0.5955349802970886,0.7257518768310547,-0.03643239662051201,0.6161759495735168,0.7672885060310364,-0.02746189571917057,0.6238474249839783,0.7310364842414856,-0.0365472249686718,0.6232666969299316,0.7265051603317261,-0.03714761510491371,0.6180673837661743,0.7356476187705994,-0.03527253493666649,e
0.5839095711708069,0.8437076807022095,5.631003929806866e-08,0.5491979122161865,0.8362512588500977,-0.017741132527589798,0.5184563398361206,0.8110747337341309,-0.03221626952290535,0.49963295459747314,0.7851188778877258,-0.04609662666916847,0.4967322051525116,0.7638883590698242,-0.05826907977461815,0.5403779149055481,0.7327356934547424,-0.018196355551481247,0.5412092804908752,0.6826447248458862,-0.04017353057861328,0.5428168773651123,0.684865415096283,-0.05679508298635483,0.5442806482315063,0.7106136083602905,-0.06467153877019882,0.5671208500862122,0.7280212640762329,-0.019124219194054604,0.5697027444839478,0.67128586769104,-0.03851846978068352,0.5717974901199341,0.674310564994812,-0.05024382472038269,0.5722200274467468,0.7007741332054138,-0.05475936084985733,0.5921401977539062,0.7341444492340088,-0.022845836356282234,0.5967526435852051,0.681506872177124,-0.037720292806625366,0.5987600088119507,0.6840450763702393,-0.04181837663054466,0.5976461172103882,0.7063559293746948,-0.04157441109418869,0.6156314611434937,0.7488534450531006,-0.02824985608458519,0.6229198575019836,0.7089744806289673,-0.03910721838474274,0.6235449314117432,0.7033708691596985,-0.04078202322125435,0.6203283071517944,0.713791012763977,-0.03928319364786148,e
0.5839880108833313,0.8284847736358643,2.9891204178511543e-08,0.5484866499900818,0.819892942905426,-0.014475226402282715,0.5175613164901733,0.7945590615272522,-0.027048621326684952,0.49943986535072327,0.7697548866271973,-0.03955426812171936,0.4958842992782593,0.74824458360672,-0.050501611083745956,0.5386732220649719,0.7162728905677795,-0.016197049990296364,0.5392664670944214,0.6647260785102844,-0.0365900881588459,0.5410556793212891,0.6662154197692871,-0.05150674283504486,0.542557418346405,0.691311776638031,-0.05812591314315796,0.5650978088378906,0.7108598351478577,-0.018205631524324417,0.5685020685195923,0.6514688730239868,-0.036174558103084564,0.5694919228553772,0.6547505855560303,-0.04645653814077377,0.5681734681129456,0.6824952960014343,-0.04992331564426422,0.5898982882499695,0.7157959342002869,-0.022678770124912262,0.5935165286064148,0.6604112386703491,-0.03628519922494888,0.5940445065498352,0.6607469916343689,-0.04031695798039436,0.5918219089508057,0.6830970048904419,-0.04015247896313667,0.6131561398506165,0.7297078967094421,-0.02850627899169922,0.6204294562339783,0.6871277093887329,-0.03875306621193886,0.6210097074508667,0.6793004870414734,-0.04064393788576126,0.6175245046615601,0.688829779624939,-0.039340127259492874,e
0.5854287147521973,0.8115305304527283,5.110542744546365e-08,0.5487523674964905,0.804596483707428,-0.016939686611294746,0.5150334239006042,0.7771923542022705,-0.03038063272833824,0.49392664432525635,0.7486043572425842,-0.04369509592652321,0.49564599990844727,0.733927309513092,-0.05542680621147156,0.5392611622810364,0.6962195038795471,-0.01575407199561596,0.5387893319129944,0.643971860408783,-0.03676319867372513,0.5404951572418213,0.6449806690216064,-0.05292356014251709,0.541864812374115,0.6715037226676941,-0.060562822967767715,0.5659140944480896,0.6901745200157166,-0.017019253224134445,0.5687218904495239,0.6319296360015869,-0.0350334458053112,0.5696995258331299,0.6316612958908081,-0.04700388014316559,0.5693373084068298,0.6585623621940613,-0.05203257128596306,0.5907965302467346,0.695032000541687,-0.02109384350478649,0.5938937664031982,0.6391641497612,-0.03536614403128624,0.5948808789253235,0.6400060653686523,-0.04078485816717148,0.5941559672355652,0.6651474833488464,-0.04134294390678406,0.6138221621513367,0.7078481316566467,-0.02682182379066944,0.6181183457374573,0.6643059253692627,-0.0377928763628006,0.6187325716018677,0.6605991125106812,-0.040343742817640305,0.6171531081199646,0.6770278215408325,-0.0393030121922493,e
0.5842439532279968,0.795559287071228,1.5075029224931313e-08,0.5463422536849976,0.7869093418121338,-0.012516031041741371,0.5108648538589478,0.7588552832603455,-0.02334316447377205,0.4912364184856415,0.72970050573349,-0.03458588197827339,0.4946393370628357,0.7138205766677856,-0.04442648962140083,0.5373023748397827,0.6773701310157776,-0.010915426537394524,0.5357589721679688,0.6262408494949341,-0.02885090745985508,0.5378392934799194,0.6268671751022339,-0.04274673014879227,0.5403027534484863,0.6502487659454346,-0.049224935472011566,0.5642364025115967,0.6710793972015381,-0.013409941457211971,0.5655921697616577,0.6122832298278809,-0.02860702946782112,0.5689318776130676,0.6155626773834229,-0.0379611998796463,0.570387601852417,0.641544759273529,-0.04130449891090393,0.5897010564804077,0.6754241585731506,-0.01824645884335041,0.5913903117179871,0.6212751269340515,-0.029854534193873405,0.5948995351791382,0.6252762079238892,-0.03278689458966255,0.5952377915382385,0.6485123038291931,-0.0321517251431942,0.6135871410369873,0.6890832185745239,-0.024429721757769585,0.6189721822738647,0.6455104351043701,-0.03259177878499031,0.6200974583625793,0.6429989337921143,-0.032812055200338364,0.6177127957344055,0.6568180322647095,-0.030614186078310013,e
0.5849294662475586,0.7777178883552551,2.775037444280315e-08,0.545997679233551,0.7681212425231934,-0.014568141661584377,0.5118597745895386,0.7400211691856384,-0.026509085670113564,0.49149635434150696,0.712982714176178,-0.03890277072787285,0.49151840806007385,0.6965520977973938,-0.049933817237615585,0.5375362634658813,0.6582432985305786,-0.012381592765450478,0.5363665223121643,0.6048012971878052,-0.03221627324819565,0.537604570388794,0.604554295539856,-0.04805905371904373,0.538519561290741,0.6302995681762695,-0.055595070123672485,0.5638285875320435,0.6522066593170166,-0.01484600268304348,0.5644303560256958,0.5927771329879761,-0.03289457783102989,0.5668838024139404,0.593146562576294,-0.04660099372267723,0.5678510069847107,0.6202813982963562,-0.05286348611116409,0.5886344909667969,0.6556963920593262,-0.019893547520041466,0.5908002257347107,0.6004312634468079,-0.03454114496707916,0.5935429930686951,0.5987165570259094,-0.043157029896974564,0.5938381552696228,0.623431921005249,-0.0460263192653656,0.611526370048523,0.6668137311935425,-0.026237623766064644,0.6165751814842224,0.622275710105896,-0.03755977004766464,0.6186659932136536,0.6167960166931152,-0.04181508347392082,0.617824375629425,0.6324298977851868,-0.04225585237145424,e
0.5840981602668762,0.7583951950073242,6.66519923697706e-08,0.5447343587875366,0.7492148876190186,-0.014531056396663189,0.5101360082626343,0.7215962409973145,-0.026124082505702972,0.49050551652908325,0.6922506093978882,-0.03821016475558281,0.49427345395088196,0.6768043637275696,-0.048680976033210754,0.5350107550621033,0.6361871361732483,-0.009832045994699001,0.5336143970489502,0.5850655436515808,-0.029461011290550232,0.5350441932678223,0.5813720226287842,-0.04518767446279526,0.5371508598327637,0.6034197211265564,-0.05266060680150986,0.5625850558280945,0.6287445425987244,-0.011944115161895752,0.5611838102340698,0.5720992088317871,-0.029679829254746437,0.5634410977363586,0.5682557821273804,-0.04244840890169144,0.5659120678901672,0.5929222106933594,-0.04791092872619629,0.58819580078125,0.6319108009338379,-0.01691323146224022,0.5904095768928528,0.582843005657196,-0.0316944420337677,0.5923609137535095,0.5825604200363159,-0.03872927278280258,0.5926686525344849,0.606141984462738,-0.03998309001326561,0.6122989058494568,0.6436647176742554,-0.02338540367782116,0.6181832551956177,0.6022800207138062,-0.03443179279565811,0.6189560294151306,0.5958566069602966,-0.03800457715988159,0.6171702742576599,0.6087656617164612,-0.03759879991412163,e
0.584999144077301,0.7391339540481567,9.437808046186547e-08,0.544450581073761,0.7321563363075256,-0.015909867361187935,0.5104746222496033,0.7076270580291748,-0.028877904638648033,0.49104174971580505,0.6822972893714905,-0.042154740542173386,0.49310702085494995,0.660016655921936,-0.054012347012758255,0.5328822731971741,0.6179953217506409,-0.010127718560397625,0.5301856994628906,0.5673485994338989,-0.030553653836250305,0.5310468077659607,0.5587010979652405,-0.04849103093147278,0.533544659614563,0.5790591835975647,-0.05756985768675804,0.5596961975097656,0.6093965768814087,-0.011717064306139946,0.5576583743095398,0.551994264125824,-0.029664207249879837,0.5601111054420471,0.5436698198318481,-0.04553702473640442,0.5626450181007385,0.5675501823425293,-0.053816620260477066,0.5851727724075317,0.6118292212486267,-0.01627202518284321,0.5852293372154236,0.5596822500228882,-0.03057931363582611,0.5870175361633301,0.5525742173194885,-0.0409143790602684,0.5874389410018921,0.5749737024307251,-0.04536097124218941,0.6097803115844727,0.6238022446632385,-0.022363953292369843,0.6146315336227417,0.5803813934326172,-0.03419121354818344,0.6153073310852051,0.5710160732269287,-0.03997516259551048,0.6134321689605713,0.5841041803359985,-0.04155012220144272,e
0.5838100910186768,0.722839891910553,7.069660767911046e-08,0.5428495407104492,0.7155723571777344,-0.014378109015524387,0.50667804479599,0.6893197894096375,-0.025726279243826866,0.48766565322875977,0.6593713164329529,-0.0373009629547596,0.4914167821407318,0.6417319178581238,-0.04740215837955475,0.5304135680198669,0.5993499159812927,-0.008177570067346096,0.5280699729919434,0.549645185470581,-0.02670125477015972,0.5289819240570068,0.5413890480995178,-0.04270978644490242,0.5318008065223694,0.5608991980552673,-0.05050916224718094,0.5576444268226624,0.5906652808189392,-0.010015051811933517,0.5551788806915283,0.5344525575637817,-0.027032537385821342,0.5563138723373413,0.5281848907470703,-0.04051235318183899,0.5584585666656494,0.5535240173339844,-0.0464322604238987,0.5835703015327454,0.5921691656112671,-0.014690378680825233,0.5836113691329956,0.542225182056427,-0.028109000995755196,0.5839874744415283,0.5341311097145081,-0.036619555205106735,0.5844805240631104,0.5550470352172852,-0.03928482532501221,0.6082464456558228,0.6030333042144775,-0.020857004448771477,0.6125131845474243,0.5609675645828247,-0.03141792491078377,0.6116142868995667,0.5481496453285217,-0.03617759421467781,0.6094163060188293,0.5563082695007324,-0.03675529733300209,e
0.5839707851409912,0.7071929574012756,3.505164158923435e-08,0.5427685976028442,0.701950192451477,-0.014071350917220116,0.5051776766777039,0.6727089881896973,-0.02479756437242031,0.48479801416397095,0.6394227147102356,-0.03603285551071167,0.489704966545105,0.6255632042884827,-0.04582366719841957,0.5279766321182251,0.5802689790725708,-0.0060396743938326836,0.5250474214553833,0.528984546661377,-0.02432234212756157,0.5263400077819824,0.5241851806640625,-0.04017171636223793,0.5299116373062134,0.5465620160102844,-0.04804540425539017,0.5555902719497681,0.5711579918861389,-0.008298193104565144,0.5535171031951904,0.513952374458313,-0.02619851566851139,0.5553246140480042,0.5144084692001343,-0.04020192474126816,0.5584020018577576,0.5427048206329346,-0.0461551658809185,0.5813828110694885,0.5723865628242493,-0.013401463627815247,0.581825852394104,0.5220931768417358,-0.027359865605831146,0.5829409956932068,0.5209600329399109,-0.035776443779468536,0.5857470035552979,0.5453572273254395,-0.03811217099428177,0.6063880920410156,0.5826957821846008,-0.020023852586746216,0.6087374687194824,0.5398079752922058,-0.03010486625134945,0.6087659597396851,0.5312762260437012,-0.034335438162088394,0.6094861030578613,0.5425164103507996,-0.034638259559869766,e
0.5832041501998901,0.6934401988983154,1.332660914954431e-08,0.5426705479621887,0.686223030090332,-0.012906518764793873,0.5049421191215515,0.6573091149330139,-0.02333773486316204,0.48337045311927795,0.6243554353713989,-0.03459029644727707,0.48781684041023254,0.6102538704872131,-0.04436633363366127,0.5252236127853394,0.5640192031860352,-0.003921239171177149,0.5212570428848267,0.5134094953536987,-0.021314453333616257,0.5233410000801086,0.5089658498764038,-0.03691296651959419,0.5278383493423462,0.5307580828666687,-0.044837236404418945,0.5525243282318115,0.5553327202796936,-0.006822456605732441,0.550474226474762,0.4984204173088074,-0.02317725121974945,0.5535486340522766,0.5003067851066589,-0.03632153198122978,0.556911289691925,0.5277600288391113,-0.042100705206394196,0.5785679817199707,0.5565207600593567,-0.012550015933811665,0.578895628452301,0.5057255029678345,-0.02501772530376911,0.5802620649337769,0.5063231587409973,-0.032265953719615936,0.5819070339202881,0.5305005311965942,-0.03442172706127167,0.6039115190505981,0.5670027136802673,-0.019795160740613937,0.6055731177330017,0.5241034030914307,-0.028261244297027588,0.6055986881256104,0.5201908946037292,-0.03082088753581047,0.6053500771522522,0.534986138343811,-0.03041079267859459,e
0.5825477838516235,0.6804545521736145,2.957948197490623e-08,0.5416593551635742,0.6741106510162354,-0.01269571390002966,0.5043247938156128,0.6439543962478638,-0.022285303100943565,0.48335543274879456,0.6100926399230957,-0.032713402062654495,0.4878004789352417,0.5997728705406189,-0.041911911219358444,0.5246061682701111,0.5500056743621826,-0.003646264085546136,0.5213132500648499,0.4993029236793518,-0.02026396244764328,0.5225982069969177,0.49174636602401733,-0.03562404215335846,0.5263814330101013,0.5121458172798157,-0.04361001402139664,0.5523769855499268,0.5415271520614624,-0.006677653174847364,0.5496425032615662,0.48242998123168945,-0.02208423614501953,0.5519898533821106,0.48083236813545227,-0.035544708371162415,0.5549384355545044,0.5078521966934204,-0.041931454092264175,0.5783811211585999,0.5434280633926392,-0.012384086847305298,0.5781107544898987,0.4889492392539978,-0.02441965602338314,0.5792394876480103,0.4872470498085022,-0.03212308511137962,0.5814846754074097,0.5125229358673096,-0.03475228697061539,0.6035270690917969,0.5548362731933594,-0.01960022933781147,0.6039596199989319,0.5104687213897705,-0.02848448045551777,0.6041489243507385,0.5052626132965088,-0.03164169192314148,0.6046918034553528,0.5207812190055847,-0.03166820481419563,e
0.5823571681976318,0.6715559363365173,5.317496665213639e-09,0.5403113961219788,0.662804365158081,-0.012640598230063915,0.5025054216384888,0.6331495642662048,-0.0227975994348526,0.48037540912628174,0.6011369228363037,-0.03388490527868271,0.48705625534057617,0.5857183933258057,-0.04360092431306839,0.5239672660827637,0.5394283533096313,-0.002944392152130604,0.5189226269721985,0.4894445240497589,-0.020157573744654655,0.5187864899635315,0.48176199197769165,-0.03639481961727142,0.522478461265564,0.5011875629425049,-0.044915542006492615,0.5502874851226807,0.5311951637268066,-0.005972246639430523,0.5459992289543152,0.472190260887146,-0.0218650009483099,0.5468132495880127,0.47106748819351196,-0.035346344113349915,0.549039363861084,0.4989321827888489,-0.04158824682235718,0.5758922100067139,0.5321956276893616,-0.011856659315526485,0.5734851956367493,0.47666072845458984,-0.02356143854558468,0.5726219415664673,0.4731258749961853,-0.030835913494229317,0.574401319026947,0.4975443482398987,-0.033252935856580734,0.6016358137130737,0.5427942276000977,-0.019376233220100403,0.6013057827949524,0.4961740970611572,-0.027505166828632355,0.5997443795204163,0.4890897870063782,-0.03026851825416088,0.5989644527435303,0.5033724308013916,-0.030119143426418304,e
0.5834530591964722,0.6587740182876587,2.2153590961693226e-08,0.5415124297142029,0.6552526950836182,-0.0157786775380373,0.5018259882926941,0.6251974105834961,-0.0271703340113163,0.4783945083618164,0.5919860005378723,-0.03924687206745148,0.48590561747550964,0.5776345729827881,-0.04970909282565117,0.523445188999176,0.5285469889640808,-0.007399176247417927,0.5190554261207581,0.4729049801826477,-0.02673792839050293,0.5178694128990173,0.4677608609199524,-0.04327790439128876,0.5211219191551208,0.4906315803527832,-0.05165372043848038,0.5496128797531128,0.518242359161377,-0.009599847719073296,0.5455189347267151,0.45367464423179626,-0.027576874941587448,0.5440521240234375,0.4533190131187439,-0.04158410429954529,0.5458993911743164,0.4832666218280792,-0.047601763159036636,0.5752419233322144,0.5183460712432861,-0.014923946000635624,0.5717236995697021,0.45880118012428284,-0.028677280992269516,0.5694014430046082,0.456836462020874,-0.03705204278230667,0.5709046125411987,0.4837281405925751,-0.03957033529877663,0.6007876396179199,0.527397871017456,-0.022075889632105827,0.5991617441177368,0.479064404964447,-0.03209666907787323,0.5976048707962036,0.47427260875701904,-0.03620610386133194,0.5978891849517822,0.4926531910896301,-0.03656834736466408,e
0.5814907550811768,0.6526533365249634,-1.6925609358509064e-08,0.5391826629638672,0.6463929414749146,-0.01432222593575716,0.4992797076702118,0.6156304478645325,-0.02540622651576996,0.4752318263053894,0.5830515623092651,-0.037386856973171234,0.4848368465900421,0.567893922328949,-0.0477445162832737,0.5204101800918579,0.518817663192749,-0.007164940237998962,0.5165450572967529,0.46194255352020264,-0.026073656976222992,0.5171822309494019,0.4584736227989197,-0.04238436371088028,0.5204553604125977,0.4828818440437317,-0.05055529996752739,0.5470502376556396,0.5100172758102417,-0.009905816987156868,0.5439298152923584,0.4432063698768616,-0.027417847886681557,0.5448628664016724,0.4451114535331726,-0.04105395823717117,0.5467143654823303,0.4762263298034668,-0.04685724154114723,0.5730938911437988,0.5115174651145935,-0.015428365208208561,0.5710777044296265,0.450306236743927,-0.028105372563004494,0.5701468586921692,0.4483025372028351,-0.035283517092466354,0.571033239364624,0.47584855556488037,-0.037165138870477676,0.5989273190498352,0.5222076773643494,-0.022702954709529877,0.5981398224830627,0.47182366251945496,-0.03145618364214897,0.5958070755004883,0.4638439416885376,-0.03440944850444794,0.5936996936798096,0.48004788160324097,-0.03410650044679642,e
0.5836894512176514,0.644342303276062,3.0875476397795865e-08,0.5399110913276672,0.6403836011886597,-0.017175110056996346,0.49901819229125977,0.610011637210846,-0.029377559199929237,0.472690612077713,0.5755907893180847,-0.04248041659593582,0.4859499931335449,0.5608424544334412,-0.05412329360842705,0.5194332599639893,0.5119400024414062,-0.007422564551234245,0.5123469829559326,0.45820897817611694,-0.026859233155846596,0.5131632685661316,0.44879406690597534,-0.044967398047447205,0.5185768604278564,0.46930304169654846,-0.05523664131760597,0.5471105575561523,0.500525712966919,-0.009638547897338867,0.5426267385482788,0.4351694583892822,-0.02935311757028103,0.5438122749328613,0.43357622623443604,-0.04798128828406334,0.5474914312362671,0.46444422006607056,-0.05787617340683937,0.5734192132949829,0.5010485053062439,-0.014668122865259647,0.5710998773574829,0.4423213601112366,-0.02845856361091137,0.5699067711830139,0.44052183628082275,-0.03880242258310318,0.5717922449111938,0.4698578417301178,-0.04308892786502838,0.5995557308197021,0.5109012126922607,-0.021773656830191612,0.5972242951393127,0.46172115206718445,-0.031165804713964462,0.5950212478637695,0.4523484706878662,-0.03649384528398514,0.5944163203239441,0.4690967798233032,-0.03828603774309158,e
0.5808301568031311,0.6373127698898315,-7.694318959750035e-09,0.5381214022636414,0.6325395703315735,-0.015696370974183083,0.4988178014755249,0.6037889719009399,-0.027968762442469597,0.47418034076690674,0.5730752348899841,-0.041114870458841324,0.4839255213737488,0.5548432469367981,-0.052675504237413406,0.519490659236908,0.5033501386642456,-0.008257177658379078,0.5141025185585022,0.4471725523471832,-0.028574267402291298,0.5142653584480286,0.4420096278190613,-0.046472325921058655,0.5185592174530029,0.465006023645401,-0.0557364821434021,0.5461220741271973,0.4934051036834717,-0.010723433457314968,0.5433771014213562,0.4262516498565674,-0.029081445187330246,0.5425240993499756,0.42607933282852173,-0.04389074072241783,0.5438206195831299,0.4566533863544464,-0.05074342340230942,0.5721078515052795,0.4947887659072876,-0.016231849789619446,0.5704141855239868,0.43506601452827454,-0.029465937986969948,0.5671074390411377,0.43057960271835327,-0.03760797902941704,0.5674961805343628,0.45725396275520325,-0.04023408517241478,0.5982906222343445,0.5058720111846924,-0.023691607639193535,0.5985021591186523,0.45511394739151,-0.03312837705016136,0.594280481338501,0.4436008334159851,-0.037309322506189346,0.5910391807556152,0.457468181848526,-0.03791651874780655,e
0.5828639268875122,0.6330288052558899,2.5965329442101392e-08,0.5391053557395935,0.6265509724617004,-0.013935820199549198,0.499101459980011,0.5974075794219971,-0.02412264607846737,0.47477513551712036,0.5658635497093201,-0.035363152623176575,0.4823839068412781,0.550421953201294,-0.04518405348062515,0.5207070112228394,0.4987233281135559,-0.002797891851514578,0.5121050477027893,0.4467267096042633,-0.021309737116098404,0.5114155411720276,0.43621689081192017,-0.03910418972373009,0.5152589678764343,0.454023540019989,-0.048619482666254044,0.5463694334030151,0.4871269166469574,-0.005454688332974911,0.5410785675048828,0.4261479377746582,-0.02081117406487465,0.539762556552887,0.4148225486278534,-0.03547947481274605,0.54143226146698,0.4373934268951416,-0.04322463274002075,0.5719103217124939,0.48788192868232727,-0.011351637542247772,0.5676391124725342,0.4312712550163269,-0.023131249472498894,0.5647844076156616,0.41848456859588623,-0.03166858106851578,0.5644450187683105,0.4389813542366028,-0.03505909815430641,0.5975513458251953,0.49789750576019287,-0.01914265565574169,0.596402108669281,0.4505611062049866,-0.028776584193110466,0.593020498752594,0.43646013736724854,-0.033399797976017,0.5900903940200806,0.4476836621761322,-0.03432110697031021,e
0.5837936997413635,0.6214802265167236,-8.910880922030628e-09,0.5404369235038757,0.6192972660064697,-0.01567002385854721,0.5006309747695923,0.5907933115959167,-0.026621505618095398,0.4770658314228058,0.5599585771560669,-0.03840639069676399,0.48348355293273926,0.541205883026123,-0.04861640930175781,0.5190297961235046,0.4908258020877838,-0.005970716010779142,0.5123922824859619,0.4362524151802063,-0.024732882156968117,0.5144896507263184,0.43080031871795654,-0.04191799834370613,0.5205234885215759,0.4524800181388855,-0.05115755647420883,0.5448852181434631,0.4796561598777771,-0.008205495774745941,0.5386977195739746,0.4124431610107422,-0.02629801258444786,0.541827917098999,0.41494396328926086,-0.04255996271967888,0.5463216304779053,0.4449422359466553,-0.05053079500794411,0.5702082514762878,0.479853093624115,-0.013337286189198494,0.566095232963562,0.4192637801170349,-0.02734658680856228,0.5666307210922241,0.4179770052433014,-0.037426311522722244,0.5699682831764221,0.4458519518375397,-0.0413617305457592,0.5966532230377197,0.4891435503959656,-0.020175693556666374,0.594663143157959,0.4399508237838745,-0.030302705243229866,0.5934823155403137,0.43431931734085083,-0.03524355962872505,0.5937114953994751,0.4526268243789673,-0.036544885486364365,e
0.5843489170074463,0.6170299053192139,1.6561181315211115e-09,0.5401942133903503,0.613804042339325,-0.016452457755804062,0.500202476978302,0.5857497453689575,-0.029246537014842033,0.47469210624694824,0.5551760792732239,-0.043279387056827545,0.48400425910949707,0.537274181842804,-0.05575628578662872,0.5208677053451538,0.4858110845088959,-0.007300001103430986,0.5132870674133301,0.4309370219707489,-0.02787087857723236,0.5139609575271606,0.4234451949596405,-0.046260301023721695,0.5192542672157288,0.4450303316116333,-0.05605732277035713,0.5468713641166687,0.47451817989349365,-0.01009125541895628,0.5406441688537598,0.4079653024673462,-0.03007088601589203,0.5428553223609924,0.40836668014526367,-0.046783313155174255,0.5473917126655579,0.4393688142299652,-0.0547773540019989,0.5721890330314636,0.47470664978027344,-0.01590927690267563,0.5677970051765442,0.4153493642807007,-0.030334483832120895,0.5679845213890076,0.41553449630737305,-0.03844433277845383,0.5703674554824829,0.4446026384830475,-0.04068954288959503,0.5979655981063843,0.4837286174297333,-0.023769719526171684,0.5955600142478943,0.4329478442668915,-0.0335194393992424,0.59295254945755,0.4256508946418762,-0.03716067969799042,0.5908982753753662,0.44378289580345154,-0.03731577843427658,e
0.5839135050773621,0.6115946173667908,-4.088100880039747e-08,0.5410141944885254,0.6093075275421143,-0.014207112602889538,0.5008159875869751,0.5810214281082153,-0.025302834808826447,0.47585949301719666,0.5497775673866272,-0.03793223947286606,0.48576486110687256,0.5347102284431458,-0.049222931265830994,0.5201189517974854,0.47937625646591187,-0.004746372811496258,0.513201892375946,0.42355409264564514,-0.023147862404584885,0.515505850315094,0.4204522967338562,-0.0397510789334774,0.5222254395484924,0.44413477182388306,-0.04864725470542908,0.5458390116691589,0.4684692621231079,-0.008164939470589161,0.5395901203155518,0.40136364102363586,-0.02572154998779297,0.5431742668151855,0.4065365195274353,-0.0403856597840786,0.5483381152153015,0.4374893605709076,-0.047314923256635666,0.5712500810623169,0.46877434849739075,-0.014479191973805428,0.5662742853164673,0.40907782316207886,-0.027424581348896027,0.5674622654914856,0.4127224087715149,-0.03529553487896919,0.571087658405304,0.4414118528366089,-0.0378640852868557,0.5972042083740234,0.47831371426582336,-0.0226362906396389,0.5942273736000061,0.4267173707485199,-0.03127425163984299,0.592365026473999,0.42218923568725586,-0.03457002714276314,0.5921635627746582,0.44098737835884094,-0.03498396649956703,e
0.585767924785614,0.6103212237358093,-1.7650316763706542e-08,0.5421652793884277,0.6072806119918823,-0.01425560936331749,0.5013998746871948,0.5782251358032227,-0.025174465030431747,0.47525009512901306,0.5469756126403809,-0.037784550338983536,0.4858969748020172,0.5314034819602966,-0.04865336790680885,0.521854817867279,0.475694864988327,-0.003166441572830081,0.5140796899795532,0.4196774959564209,-0.021948175504803658,0.515031099319458,0.4138909876346588,-0.0385793000459671,0.5210436582565308,0.437696635723114,-0.04708230122923851,0.5473086833953857,0.46421685814857483,-0.006628675851970911,0.5407823920249939,0.39874908328056335,-0.023961691185832024,0.5427546501159668,0.3982623219490051,-0.03793254494667053,0.5474905967712402,0.42944467067718506,-0.044082075357437134,0.5723421573638916,0.46500152349472046,-0.013274723663926125,0.5665910840034485,0.404961496591568,-0.02586354874074459,0.5670859217643738,0.4043912887573242,-0.03142924606800079,0.5705041289329529,0.43322840332984924,-0.03201766684651375,0.5981428623199463,0.4744330942630768,-0.022026950493454933,0.5953938364982605,0.42264610528945923,-0.031297195702791214,0.5931445956230164,0.41636162996292114,-0.03376098349690437,0.5925204753875732,0.43589943647384644,-0.032794881612062454,e
0.5847022533416748,0.6042668223381042,-2.982395486128553e-08,0.5418302416801453,0.6023865938186646,-0.015325736254453659,0.5019339323043823,0.5747529864311218,-0.027299756184220314,0.4777083396911621,0.5435789823532104,-0.04078635200858116,0.4866993725299835,0.5268210172653198,-0.05274390056729317,0.5220728516578674,0.47138145565986633,-0.005761926993727684,0.5147441029548645,0.41518738865852356,-0.025286590680480003,0.5159090161323547,0.41020771861076355,-0.042744554579257965,0.521874725818634,0.4337540566921234,-0.05201821029186249,0.5476048588752747,0.4607498049736023,-0.00913408026099205,0.5413359999656677,0.3935011029243469,-0.02836148627102375,0.5447076559066772,0.3977411091327667,-0.04411587491631508,0.5500689148902893,0.4297713041305542,-0.05143111199140549,0.5722757577896118,0.4614282250404358,-0.015512517653405666,0.5673201680183411,0.401168555021286,-0.029322048649191856,0.5689547061920166,0.40334200859069824,-0.036790553480386734,0.5731119513511658,0.4322879910469055,-0.038798682391643524,0.5981284976005554,0.4709778428077698,-0.023934878408908844,0.5959290266036987,0.41917240619659424,-0.033184029161930084,0.5943707823753357,0.41325512528419495,-0.036446377635002136,0.5939165949821472,0.4317166209220886,-0.03655944764614105,e
0.5863316059112549,0.6045532822608948,4.2758254714669874e-09,0.5420672297477722,0.5997999906539917,-0.014872797764837742,0.5034409761428833,0.5726679563522339,-0.02654748223721981,0.47847628593444824,0.5438023805618286,-0.039755452424287796,0.48802512884140015,0.5263226628303528,-0.051282234489917755,0.5242104530334473,0.47071918845176697,-0.0032218024134635925,0.5161681771278381,0.4174806773662567,-0.022656330838799477,0.5153437852859497,0.4093335270881653,-0.04046952724456787,0.5191817879676819,0.4296577274799347,-0.04979440197348595,0.5491375923156738,0.4587683081626892,-0.00669716065749526,0.5429936647415161,0.3951796293258667,-0.024635015055537224,0.5432817339897156,0.3915613889694214,-0.039810340851545334,0.5464131236076355,0.42185789346694946,-0.04672415554523468,0.5739796161651611,0.4595968723297119,-0.013460361398756504,0.5688391923904419,0.4025779962539673,-0.02652631886303425,0.5681250691413879,0.39927423000335693,-0.033067796379327774,0.5697084665298462,0.42686817049980164,-0.034107472747564316,0.5993567705154419,0.46965542435646057,-0.02236814983189106,0.5970088243484497,0.4195506274700165,-0.031761229038238525,0.5944194197654724,0.4098660349845886,-0.03455512225627899,0.5925743579864502,0.4263312816619873,-0.033676933497190475,e
0.5870993733406067,0.6001085638999939,6.134504015875564e-10,0.5433870553970337,0.5983791351318359,-0.016004890203475952,0.5038725137710571,0.5706465244293213,-0.02826344035565853,0.4788223206996918,0.5403088927268982,-0.041951533406972885,0.48858240246772766,0.5236190557479858,-0.053764425218105316,0.5232303142547607,0.4674658477306366,-0.004968802444636822,0.5157440900802612,0.4114937484264374,-0.024439813569188118,0.5176023840904236,0.40556564927101135,-0.04189293831586838,0.5236915349960327,0.42907819151878357,-0.051055908203125,0.5484427213668823,0.4565163254737854,-0.007771461736410856,0.5426815152168274,0.3906395435333252,-0.026360074058175087,0.5461511015892029,0.39147135615348816,-0.04171166941523552,0.5510811805725098,0.4229617714881897,-0.04883521422743797,0.5729119181632996,0.457161009311676,-0.013793786987662315,0.5676745176315308,0.39658060669898987,-0.027004092931747437,0.5699050426483154,0.3972080945968628,-0.0333453044295311,0.5738394260406494,0.4263533353805542,-0.03454196825623512,0.5984907150268555,0.4661701023578644,-0.022018849849700928,0.595796525478363,0.4147579073905945,-0.03130174055695534,0.59531170129776,0.4093255400657654,-0.033991407603025436,0.5955758094787598,0.4288843870162964,-0.03338278457522392,e
0.5865039825439453,0.5988271832466125,-4.392848307332997e-10,0.5428582429885864,0.5955694913864136,-0.016458287835121155,0.50335693359375,0.5677522420883179,-0.029277000576257706,0.47765403985977173,0.5368849039077759,-0.043359290808439255,0.49051275849342346,0.5212228894233704,-0.05572177842259407,0.5241512060165405,0.4651976227760315,-0.0056037260219454765,0.51637864112854,0.41091734170913696,-0.025871464982628822,0.5170750021934509,0.40435612201690674,-0.04385126009583473,0.5223953127861023,0.42692452669143677,-0.05328501760959625,0.5499939918518066,0.4538697302341461,-0.008372736163437366,0.5435252785682678,0.3897271752357483,-0.028040291741490364,0.5465155243873596,0.3904902935028076,-0.04365856200456619,0.5513054132461548,0.42173659801483154,-0.05058958753943443,0.5750010013580322,0.45468664169311523,-0.014425113797187805,0.570828914642334,0.3972930312156677,-0.02868221141397953,0.5719939470291138,0.3972034156322479,-0.03546310216188431,0.5748233795166016,0.4253639876842499,-0.036477334797382355,0.6003668308258057,0.4645518958568573,-0.022644709795713425,0.5978379845619202,0.4144475758075714,-0.032160986214876175,0.5963099002838135,0.4070819914340973,-0.03503124415874481,0.5953680872917175,0.42416757345199585,-0.034375399351119995,e
0.5878977179527283,0.5987328886985779,3.773557466502098e-09,0.5435287356376648,0.5947524905204773,-0.01359429582953453,0.5029217004776001,0.5649130940437317,-0.024047359824180603,0.4766366481781006,0.5312762260437012,-0.036270033568143845,0.49044370651245117,0.5182160139083862,-0.0467953234910965,0.5231010317802429,0.46350008249282837,-0.0011981992283836007,0.5164515972137451,0.4107937514781952,-0.018857575953006744,0.5173512697219849,0.40199512243270874,-0.03533530235290527,0.5225343704223633,0.4224569797515869,-0.044375207275152206,0.5491064786911011,0.45195186138153076,-0.004860785789787769,0.5436505675315857,0.388475239276886,-0.022146044299006462,0.5462900400161743,0.38718387484550476,-0.03695071116089821,0.5507343411445618,0.417988121509552,-0.0438704751431942,0.5740947723388672,0.4531800150871277,-0.011538151651620865,0.5697026252746582,0.39591333270072937,-0.02353549376130104,0.57099848985672,0.39544057846069336,-0.02891107089817524,0.5739480257034302,0.4238845705986023,-0.029488440603017807,0.6000154614448547,0.46323707699775696,-0.020337389782071114,0.59738689661026,0.41324928402900696,-0.028592947870492935,0.5959342122077942,0.40579119324684143,-0.03080441802740097,0.5950214266777039,0.4235880970954895,-0.02989843674004078,e
0.5883973240852356,0.5959533452987671,-1.609737587671134e-08,0.5452815890312195,0.5937760472297668,-0.01469932310283184,0.5041599273681641,0.563828706741333,-0.02573283575475216,0.478027880191803,0.5299803018569946,-0.03851676359772682,0.49076658487319946,0.5159738659858704,-0.04962305352091789,0.5241119265556335,0.4627721607685089,-0.0034395272377878428,0.5161451101303101,0.40843498706817627,-0.02209818735718727,0.5174627304077148,0.4011828303337097,-0.03890904411673546,0.5232866406440735,0.4231710135936737,-0.04807096719741821,0.549706757068634,0.4512822926044464,-0.006956508383154869,0.5427843332290649,0.3861313462257385,-0.02589847519993782,0.5464732050895691,0.3880573511123657,-0.04134951904416084,0.5522276163101196,0.4203023910522461,-0.04848428815603256,0.574493408203125,0.45203807950019836,-0.013497352600097656,0.5692809820175171,0.39272478222846985,-0.026743682101368904,0.5714067220687866,0.39615604281425476,-0.03238600119948387,0.5750470161437988,0.425800621509552,-0.033017732203006744,0.6003037691116333,0.46085670590400696,-0.02219507098197937,0.5971173048019409,0.40959256887435913,-0.031067969277501106,0.5961713790893555,0.4062255620956421,-0.03336157649755478,0.5960323214530945,0.42746683955192566,-0.03261645883321762,e
0.5889666676521301,0.5965508222579956,-2.0778856413272706e-09,0.5447043180465698,0.593333899974823,-0.014650382101535797,0.5035644769668579,0.5633416771888733,-0.025596460327506065,0.4773781895637512,0.5302304029464722,-0.03818913921713829,0.49073079228401184,0.5155048966407776,-0.048976797610521317,0.5247461199760437,0.461572527885437,-0.00244515179656446,0.5175929665565491,0.4082922637462616,-0.02065056748688221,0.5180791616439819,0.4003686308860779,-0.03730129078030586,0.5228691101074219,0.4218316078186035,-0.046256083995103836,0.5503880977630615,0.44987380504608154,-0.005878619849681854,0.5438604354858398,0.3864116966724396,-0.023411255329847336,0.5458292365074158,0.38459470868110657,-0.0381789468228817,0.5503119230270386,0.41578537225723267,-0.04507924243807793,0.5754439830780029,0.45100975036621094,-0.012479366734623909,0.5702981352806091,0.3927175998687744,-0.025002162903547287,0.5711081624031067,0.39240774512290955,-0.030538279563188553,0.5736948251724243,0.42159777879714966,-0.03116895630955696,0.601283848285675,0.460533082485199,-0.02127828821539879,0.5981742739677429,0.40954864025115967,-0.030297206714749336,0.5964615941047668,0.4036042392253876,-0.03271796554327011,0.5954496264457703,0.4238494038581848,-0.031864915043115616,e
0.5883826613426208,0.5954488515853882,-8.922779848319351e-09,0.5447483658790588,0.5925045013427734,-0.014304248616099358,0.5035707950592041,0.562436580657959,-0.025312943384051323,0.47703641653060913,0.529066264629364,-0.03811275213956833,0.49037623405456543,0.5139473676681519,-0.04910796508193016,0.5238093137741089,0.460204541683197,-0.0021910679060965776,0.5167126655578613,0.4066481590270996,-0.0206979401409626,0.5176658034324646,0.3997442126274109,-0.037683967500925064,0.5228086709976196,0.4225771427154541,-0.04689167067408562,0.5497689247131348,0.4485936462879181,-0.00579841760918498,0.5438472628593445,0.3837907910346985,-0.02424982190132141,0.5464691519737244,0.38448095321655273,-0.03994643688201904,0.5509875416755676,0.4172237813472748,-0.04731804132461548,0.5747879147529602,0.4496518671512604,-0.0124541400000453,0.569760799407959,0.39113926887512207,-0.024983465671539307,0.5712683796882629,0.39267265796661377,-0.030875109136104584,0.5742233991622925,0.42269769310951233,-0.03179289028048515,0.6006309986114502,0.45923346281051636,-0.021284004673361778,0.5976405739784241,0.4084618091583252,-0.029667209833860397,0.5964341759681702,0.40278273820877075,-0.03208211436867714,0.5957929491996765,0.42283403873443604,-0.03143302723765373,e
0.5871145129203796,0.5940344333648682,-1.055300202779108e-08,0.5440685153007507,0.5910357236862183,-0.01503267977386713,0.5033531188964844,0.56076580286026,-0.0265659112483263,0.47714850306510925,0.5282371044158936,-0.03971148282289505,0.4897693991661072,0.5125806927680969,-0.05107202008366585,0.5236097574234009,0.4582097828388214,-0.0038295958656817675,0.5166447162628174,0.4043637812137604,-0.02326994761824608,0.517510712146759,0.3982580304145813,-0.040680184960365295,0.5226337909698486,0.42149800062179565,-0.04987769573926926,0.5493646860122681,0.4469641149044037,-0.007239260245114565,0.5433657765388489,0.38232946395874023,-0.0258454792201519,0.546113133430481,0.38245606422424316,-0.04087740182876587,0.550797164440155,0.41429224610328674,-0.047645505517721176,0.5745111107826233,0.4485492408275604,-0.01384303905069828,0.5699960589408875,0.3894321322441101,-0.027167916297912598,0.5716213583946228,0.39029568433761597,-0.0327082984149456,0.5744351744651794,0.4198091924190521,-0.033111926168203354,0.6002141237258911,0.4591565430164337,-0.022635633125901222,0.5980563163757324,0.40803879499435425,-0.03202465549111366,0.5966501235961914,0.4019653797149658,-0.034398920834064484,0.5954391360282898,0.42137807607650757,-0.033409517258405685,e
0.587276041507721,0.5932543277740479,-2.68517261758916e-08,0.5434368848800659,0.59028559923172,-0.01394655928015709,0.5025507211685181,0.5598772168159485,-0.024520741775631905,0.47639960050582886,0.5269465446472168,-0.03683459386229515,0.4891948997974396,0.5102226734161377,-0.04732487350702286,0.5239295959472656,0.4577190577983856,-0.0018258036579936743,0.5166724920272827,0.40343937277793884,-0.0206154752522707,0.5169969797134399,0.39783599972724915,-0.03782330080866814,0.5216773152351379,0.42127376794815063,-0.04701860994100571,0.5492514371871948,0.4462398290634155,-0.005385004915297031,0.5427440404891968,0.3810378313064575,-0.022719960659742355,0.5453009605407715,0.38108202815055847,-0.0373530387878418,0.5495511293411255,0.4124014377593994,-0.04430811479687691,0.5739569664001465,0.4474654495716095,-0.012145914137363434,0.5688073039054871,0.38834190368652344,-0.024612735956907272,0.5703272819519043,0.3889749348163605,-0.030209625139832497,0.5731326937675476,0.4182095527648926,-0.031075814738869667,0.5999161601066589,0.45748212933540344,-0.02103601023554802,0.5972170233726501,0.406136691570282,-0.029902495443820953,0.5957979559898376,0.4002074599266052,-0.03228580579161644,0.5945783853530884,0.419829398393631,-0.03162509575486183,e
0.5869605541229248,0.5949336290359497,-1.509426361678834e-08,0.5425211787223816,0.5893566012382507,-0.012965720146894455,0.5019071698188782,0.5580392479896545,-0.022833028808236122,0.4759322702884674,0.5248854160308838,-0.03442121669650078,0.48814716935157776,0.5100937485694885,-0.04434004798531532,0.5230116844177246,0.45652416348457336,-0.0005808175774291158,0.5168814063072205,0.40361160039901733,-0.018615204840898514,0.5171903371810913,0.39589887857437134,-0.03554854542016983,0.5209713578224182,0.4170527160167694,-0.04463174194097519,0.5489457845687866,0.44562333822250366,-0.004443139769136906,0.5431879162788391,0.3823431432247162,-0.021281255409121513,0.5459011793136597,0.38006117939949036,-0.03596772626042366,0.5498138070106506,0.4103049039840698,-0.04289355129003525,0.5742658376693726,0.44723597168922424,-0.011353335343301296,0.5703882575035095,0.38972795009613037,-0.023811358958482742,0.5717135667800903,0.38791143894195557,-0.02982008457183838,0.5738546252250671,0.41651466488838196,-0.030698100104928017,0.5999922752380371,0.4580169916152954,-0.02023613639175892,0.5974757671356201,0.40812209248542786,-0.029190026223659515,0.5962592363357544,0.3997459411621094,-0.03162654489278793,0.5951535105705261,0.41733720898628235,-0.030716190114617348,e
0.5874226689338684,0.5910643935203552,-2.0904582953562567e-08,0.5426315665245056,0.5884817242622375,-0.01445783767849207,0.5011880993843079,0.5573133230209351,-0.025357548147439957,0.4750056564807892,0.5233246684074402,-0.037932392209768295,0.48846155405044556,0.5079395174980164,-0.04863227158784866,0.5225349068641663,0.4552065432071686,-0.0022574211470782757,0.5158234238624573,0.400191992521286,-0.020996974781155586,0.5164850354194641,0.39425140619277954,-0.038188692182302475,0.5210955142974854,0.4176538288593292,-0.04747147858142853,0.5484403967857361,0.44430434703826904,-0.005535165313631296,0.5428879857063293,0.37936532497406006,-0.023850835859775543,0.5456050634384155,0.38095104694366455,-0.039031218737363815,0.5497019290924072,0.4134373962879181,-0.046064574271440506,0.5734687447547913,0.44525888562202454,-0.011968595907092094,0.5687751173973083,0.38591042160987854,-0.024602148681879044,0.5701563954353333,0.38740938901901245,-0.030324941501021385,0.5730594396591187,0.4172622859477997,-0.03115900047123432,0.5994834899902344,0.45469674468040466,-0.02057536505162716,0.5968111157417297,0.4039526581764221,-0.029115136712789536,0.5958518981933594,0.39848583936691284,-0.031492218375205994,0.5955986976623535,0.4179413616657257,-0.030808527022600174,e
0.5869026184082031,0.591359555721283,-1.05730837418605e-08,0.5421703457832336,0.5869386196136475,-0.01376759260892868,0.5006615519523621,0.556728720664978,-0.02427508495748043,0.47421765327453613,0.5228462815284729,-0.03661790117621422,0.4885931611061096,0.5093373656272888,-0.04726676270365715,0.5212879776954651,0.45452234148979187,-0.0013388347579166293,0.5147107839584351,0.3997131884098053,-0.020099500194191933,0.5159300565719604,0.3933795392513275,-0.03752598166465759,0.5211686491966248,0.4164251685142517,-0.04698510095477104,0.5476037859916687,0.4434196949005127,-0.005070492625236511,0.54212486743927,0.37800246477127075,-0.023690544068813324,0.5453177690505981,0.3791397213935852,-0.039480239152908325,0.5502366423606873,0.4113047122955322,-0.046878330409526825,0.5730353593826294,0.44438013434410095,-0.011874393559992313,0.5686364769935608,0.3854229152202606,-0.024878283962607384,0.5703979730606079,0.38731148838996887,-0.031104393303394318,0.5735730528831482,0.4170122444629669,-0.03207332640886307,0.5990011096000671,0.45399510860443115,-0.020764412358403206,0.5964300036430359,0.40247073769569397,-0.029234183952212334,0.5956250429153442,0.39655569195747375,-0.03152981027960777,0.5955419540405273,0.41570085287094116,-0.030754102393984795,e
0.5862287282943726,0.5915664434432983,-1.0477578804568566e-08,0.5415279269218445,0.5870705246925354,-0.014013734646141529,0.5000461339950562,0.5565223693847656,-0.02463328093290329,0.4730416536331177,0.5225960612297058,-0.03703170269727707,0.4874059855937958,0.5087910890579224,-0.04770990088582039,0.5211451053619385,0.4546869993209839,-0.001401729416102171,0.51494961977005,0.39965689182281494,-0.020697304978966713,0.5152472257614136,0.39302366971969604,-0.03858987241983414,0.5194048285484314,0.416314035654068,-0.04828832671046257,0.5476125478744507,0.44364672899246216,-0.005025575403124094,0.5418779850006104,0.3780325949192047,-0.02392992004752159,0.5445784330368042,0.3780592679977417,-0.040109552443027496,0.5490932464599609,0.4101882576942444,-0.04780090972781181,0.5730229616165161,0.4450991451740265,-0.011771171353757381,0.5693144202232361,0.3861098289489746,-0.02533450350165367,0.5707337260246277,0.38737213611602783,-0.03188858926296234,0.5734553933143616,0.41738781332969666,-0.03292646259069443,0.5991206765174866,0.4553822875022888,-0.020580442622303963,0.5965966582298279,0.4047084152698517,-0.029462052509188652,0.595780611038208,0.3977874517440796,-0.031996577978134155,0.5952242016792297,0.4161200523376465,-0.031290676444768906,e
0.5862215757369995,0.5920416712760925,-1.0744186873523631e-08,0.5414482355117798,0.5877589583396912,-0.013688626699149609,0.4992287755012512,0.5557916164398193,-0.023910121992230415,0.4719802141189575,0.5208002328872681,-0.036015309393405914,0.48704981803894043,0.5082297921180725,-0.046457383781671524,0.5204611420631409,0.4552712142467499,-0.0010380287421867251,0.5148550868034363,0.40010979771614075,-0.02044735476374626,0.5150149464607239,0.39272454380989075,-0.03834953159093857,0.5189148783683777,0.41585585474967957,-0.04806022346019745,0.5471166372299194,0.444647878408432,-0.004831747617572546,0.5416867733001709,0.3786028027534485,-0.024362195283174515,0.5442835688591003,0.37884172797203064,-0.040543463081121445,0.5484977960586548,0.41214877367019653,-0.04791433364152908,0.5725016593933105,0.44626596570014954,-0.01171790435910225,0.5692925453186035,0.38679441809654236,-0.025460978969931602,0.5709241032600403,0.3887692987918854,-0.03137221559882164,0.5734025835990906,0.4192425310611725,-0.03166680410504341,0.5984020829200745,0.4567282795906067,-0.020688239485025406,0.5950158834457397,0.4062538743019104,-0.02950439043343067,0.5947931408882141,0.3989068567752838,-0.03170786425471306,0.5947986245155334,0.4165290892124176,-0.03060157410800457,e
0.5861006379127502,0.5915030837059021,-1.0400978744939948e-08,0.5411653518676758,0.5889689326286316,-0.014531553722918034,0.4987488090991974,0.5577003359794617,-0.02563309296965599,0.4722428321838379,0.5232220888137817,-0.03866171836853027,0.48652005195617676,0.5096516609191895,-0.050036828964948654,0.5205421447753906,0.45601844787597656,-0.0028027694206684828,0.5134055018424988,0.40068528056144714,-0.02239695005118847,0.5141202211380005,0.39322805404663086,-0.0401100255548954,0.5188153982162476,0.4161435663700104,-0.04969364404678345,0.5470307469367981,0.44504228234291077,-0.0067819589748978615,0.5414869785308838,0.3777206242084503,-0.02721490152180195,0.5447178483009338,0.3799753785133362,-0.04360158368945122,0.5494993329048157,0.41437944769859314,-0.05086269974708557,0.5723655223846436,0.446288138628006,-0.01385180838406086,0.5682607889175415,0.3851999342441559,-0.028134843334555626,0.5701255202293396,0.38873034715652466,-0.03416653722524643,0.5727755427360535,0.4200195074081421,-0.034553661942481995,0.5981788635253906,0.4558846354484558,-0.02306138537824154,0.5954965949058533,0.4036470949649811,-0.032322417944669724,0.5949776768684387,0.398587167263031,-0.034681886434555054,0.5944193005561829,0.418939471244812,-0.03375089913606644,e
0.5859125852584839,0.5924574136734009,-2.2745076933006203e-08,0.5405624508857727,0.589596152305603,-0.01382962241768837,0.4980170726776123,0.5585074424743652,-0.024210935458540916,0.4721924066543579,0.524834156036377,-0.03652876988053322,0.48594731092453003,0.5092824101448059,-0.04726799204945564,0.5204249024391174,0.45679202675819397,-0.001581482239998877,0.5137438178062439,0.4018186032772064,-0.02029348909854889,0.5133897066116333,0.39374151825904846,-0.037551261484622955,0.5167890787124634,0.415299654006958,-0.04684349521994591,0.546421468257904,0.4457774758338928,-0.005649744998663664,0.5408256649971008,0.37905973196029663,-0.02468392252922058,0.5432871580123901,0.38040846586227417,-0.04064750671386719,0.5476065874099731,0.4136844277381897,-0.04782134294509888,0.5715854167938232,0.4468654990196228,-0.01277521625161171,0.5674024224281311,0.3869912028312683,-0.026309669017791748,0.5689046382904053,0.38864055275917053,-0.032944973558187485,0.5715571641921997,0.4191475212574005,-0.03389924764633179,0.5972549319267273,0.4567015767097473,-0.021949496120214462,0.5949875116348267,0.40457290410995483,-0.030984940007328987,0.5940021276473999,0.3987058997154236,-0.033642616122961044,0.5931224226951599,0.4190143942832947,-0.03298596665263176,e
0.5850985050201416,0.5932952165603638,-9.905767761608786e-09,0.5403077006340027,0.5902241468429565,-0.015172689221799374,0.498185396194458,0.5589553117752075,-0.02637075074017048,0.4720735549926758,0.5248514413833618,-0.03937923163175583,0.4857717752456665,0.5094887018203735,-0.05068345367908478,0.5202354192733765,0.4567682445049286,-0.002561532659456134,0.5130216479301453,0.4019239842891693,-0.022189661860466003,0.5133204460144043,0.3937261700630188,-0.040226202458143234,0.5176764726638794,0.41557472944259644,-0.050051551312208176,0.5463569760322571,0.4455215036869049,-0.006188275758177042,0.5407032370567322,0.3791636824607849,-0.026087677106261253,0.5434961915016174,0.38007932901382446,-0.042821004986763,0.5480362176895142,0.4131946563720703,-0.050550855696201324,0.5714500546455383,0.4465557634830475,-0.01301455870270729,0.5673320293426514,0.3869462311267853,-0.02694108709692955,0.5690261125564575,0.38906973600387573,-0.03365379571914673,0.5714765787124634,0.4197198152542114,-0.03470095247030258,0.5970690250396729,0.4561593532562256,-0.022068165242671967,0.5951773524284363,0.40495237708091736,-0.03134816884994507,0.5945079326629639,0.4004645347595215,-0.034148234874010086,0.5936563611030579,0.4217873811721802,-0.033590301871299744,e
0.5852085947990417,0.5934480428695679,-1.2988954800619013e-08,0.5404791235923767,0.5907837152481079,-0.015469260513782501,0.49843722581863403,0.5598217844963074,-0.027268530800938606,0.47157424688339233,0.5267775654792786,-0.04088223725557327,0.4848886728286743,0.5101263523101807,-0.05276528373360634,0.5198079943656921,0.4571986198425293,-0.00393766351044178,0.513012170791626,0.4008769989013672,-0.024666357785463333,0.5132268667221069,0.39359742403030396,-0.04315652698278427,0.5173441767692566,0.4172191917896271,-0.0529705248773098,0.5460081100463867,0.44611427187919617,-0.007644387893378735,0.5406360030174255,0.37820756435394287,-0.028498556464910507,0.5430985689163208,0.38041719794273376,-0.045425061136484146,0.547076940536499,0.41484546661376953,-0.05296101048588753,0.5713478326797485,0.44729921221733093,-0.014548438601195812,0.5677659511566162,0.38673681020736694,-0.029096299782395363,0.5692844390869141,0.38961824774742126,-0.03574199229478836,0.571404755115509,0.42099255323410034,-0.036458324640989304,0.5970299243927002,0.45734453201293945,-0.023673804476857185,0.5950647592544556,0.4052858352661133,-0.03313016891479492,0.5944609642028809,0.3998402953147888,-0.03576778247952461,0.5935752391815186,0.42027321457862854,-0.034915704280138016,e
0.585253119468689,0.594387412071228,-1.5051178081648686e-08,0.5405615568161011,0.5914996862411499,-0.015728307887911797,0.49826017022132874,0.5591486692428589,-0.02769574336707592,0.4701433479785919,0.5254173278808594,-0.0414779856801033,0.484361469745636,0.5095793008804321,-0.05337854474782944,0.5192875862121582,0.4574680030345917,-0.004008731804788113,0.5130202770233154,0.40091419219970703,-0.024566709995269775,0.5132177472114563,0.39347851276397705,-0.04282243549823761,0.5170759558677673,0.4174659550189972,-0.05267653614282608,0.5455098748207092,0.44637060165405273,-0.007637890055775642,0.5398292541503906,0.3788394629955292,-0.028746403753757477,0.5422949194908142,0.38144636154174805,-0.045744605362415314,0.5462512373924255,0.4167971611022949,-0.05340251326560974,0.5709620714187622,0.4477819800376892,-0.014454488642513752,0.5668708682060242,0.38658252358436584,-0.028692016378045082,0.5685639381408691,0.3895394504070282,-0.03466128185391426,0.5704101324081421,0.42127037048339844,-0.03511231392621994,0.5970112681388855,0.4577798843383789,-0.023603318259119987,0.5952057838439941,0.40521910786628723,-0.032853882759809494,0.5943812727928162,0.3999001979827881,-0.03537514805793762,0.5927057862281799,0.4210921823978424,-0.03457634896039963,e
0.5854485630989075,0.5951077938079834,-1.304206964647392e-08,0.5406047105789185,0.5927509665489197,-0.015060028992593288,0.4980376362800598,0.560393214225769,-0.026540063321590424,0.4701199531555176,0.5267876982688904,-0.03994779661297798,0.4841011166572571,0.5116846561431885,-0.05136952921748161,0.5191982984542847,0.45759350061416626,-0.003045462304726243,0.5133866667747498,0.40155088901519775,-0.023191673681139946,0.5132235288619995,0.39437273144721985,-0.04081933945417404,0.5167301297187805,0.41882896423339844,-0.05013976991176605,0.54555344581604,0.4461245536804199,-0.006924076937139034,0.540686309337616,0.37902548909187317,-0.027343986555933952,0.542382538318634,0.3807148337364197,-0.043042510747909546,0.545992910861969,0.41612595319747925,-0.04972507059574127,0.5708500146865845,0.44780418276786804,-0.01406955998390913,0.5671112537384033,0.3866521716117859,-0.02780092880129814,0.568537712097168,0.3895687460899353,-0.0321098230779171,0.570490300655365,0.4210379421710968,-0.0313367061316967,0.5967179536819458,0.45809853076934814,-0.023579729720950127,0.5949282646179199,0.40554946660995483,-0.03259514644742012,0.5941294431686401,0.4002700448036194,-0.03419293090701103,0.5927621126174927,0.42114192247390747,-0.03253236040472984,e
0.584183394908905,0.5958311557769775,-1.2199804722001772e-08,0.5393524169921875,0.5924419164657593,-0.014296483248472214,0.49767133593559265,0.5606862306594849,-0.025482740253210068,0.47059378027915955,0.5265693664550781,-0.03873731940984726,0.48434966802597046,0.5120155215263367,-0.05014880746603012,0.518869936466217,0.4576292634010315,-0.0018948815995827317,0.5128451585769653,0.402740478515625,-0.02162015810608864,0.5124387741088867,0.39493322372436523,-0.039256952702999115,0.5157132148742676,0.41782131791114807,-0.04869922995567322,0.5453808307647705,0.4466114342212677,-0.006115309428423643,0.5407845377922058,0.38004547357559204,-0.026446610689163208,0.542468786239624,0.38128340244293213,-0.04231759533286095,0.5461942553520203,0.41596630215644836,-0.049201302230358124,0.5706844329833984,0.4482787549495697,-0.013563456945121288,0.5672127604484558,0.38747403025627136,-0.027536911889910698,0.5683443546295166,0.39076152443885803,-0.032269977033138275,0.5703490376472473,0.42199721932411194,-0.031740184873342514,0.5967042446136475,0.45837265253067017,-0.023270517587661743,0.5950326323509216,0.405599445104599,-0.032427676022052765,0.593940258026123,0.40012842416763306,-0.034228693693876266,0.59246426820755,0.4206540584564209,-0.03275037929415703,e
0.5843997597694397,0.5957969427108765,-5.432938099403373e-09,0.5393126010894775,0.5916141867637634,-0.014692766591906548,0.497444748878479,0.5602084398269653,-0.025723250582814217,0.4709824323654175,0.525820791721344,-0.03860320523381233,0.484622985124588,0.5109894871711731,-0.04977867752313614,0.519445538520813,0.45758163928985596,-0.0022540392819792032,0.5129102468490601,0.40341266989707947,-0.021563878282904625,0.5126585960388184,0.3949761688709259,-0.03922566398978233,0.5163483619689941,0.4163833260536194,-0.04877956584095955,0.5456425547599792,0.4465809166431427,-0.00599477905780077,0.5406798124313354,0.3802827000617981,-0.025331836193799973,0.542538583278656,0.37982240319252014,-0.04142644256353378,0.5464391112327576,0.4126206636428833,-0.04880160465836525,0.5709403157234192,0.4480265974998474,-0.012933461926877499,0.5671993494033813,0.3879328966140747,-0.0267980694770813,0.568107008934021,0.38918405771255493,-0.03313235193490982,0.5703076124191284,0.4198097586631775,-0.03384988382458687,0.5969727635383606,0.4581747055053711,-0.022052032873034477,0.595395028591156,0.40613386034965515,-0.03167693316936493,0.5940185189247131,0.40014296770095825,-0.034547142684459686,0.5926212668418884,0.42069578170776367,-0.03387806564569473,e
0.5853176712989807,0.5956009030342102,-1.8742629670498445e-09,0.5403761267662048,0.5924949049949646,-0.015651915222406387,0.49743378162384033,0.5605320930480957,-0.027169065549969673,0.46993058919906616,0.5254143476486206,-0.04048404470086098,0.48446670174598694,0.5110867619514465,-0.052113745361566544,0.5191512703895569,0.45742642879486084,-0.0031817732378840446,0.5126653909683228,0.40270137786865234,-0.023066261783242226,0.5131271481513977,0.39404094219207764,-0.04134853556752205,0.517421543598175,0.41585883498191833,-0.051446106284856796,0.5458444952964783,0.44635388255119324,-0.006712822243571281,0.5409018397331238,0.37961921095848083,-0.026969393715262413,0.543449878692627,0.3806474506855011,-0.044105786830186844,0.5476323962211609,0.4142165780067444,-0.052186086773872375,0.5714079141616821,0.44786155223846436,-0.013444062322378159,0.5678091049194336,0.3876881003379822,-0.02756604552268982,0.5693122744560242,0.390159547328949,-0.034357115626335144,0.5715259909629822,0.42133334279060364,-0.03544672951102257,0.5973653197288513,0.4579322338104248,-0.022446826100349426,0.5956239104270935,0.40559571981430054,-0.0318235382437706,0.5945497751235962,0.40044328570365906,-0.0348212867975235,0.5932342410087585,0.4218783974647522,-0.03442160412669182,e
0.5846759676933289,0.595636248588562,-3.927734137931793e-09,0.5400304198265076,0.5923269987106323,-0.01597873866558075,0.4976486563682556,0.5611939430236816,-0.02779756858944893,0.4698014557361603,0.5270949602127075,-0.04131988435983658,0.4840826094150543,0.5116199851036072,-0.05309327319264412,0.5185216069221497,0.4582926630973816,-0.0038004990201443434,0.5120812654495239,0.40343183279037476,-0.023740999400615692,0.5122270584106445,0.39534643292427063,-0.04187224805355072,0.5163009166717529,0.41734999418258667,-0.05182711035013199,0.5450096130371094,0.44675058126449585,-0.007162352558225393,0.5398768782615662,0.380003422498703,-0.027039876207709312,0.5418580174446106,0.3807353973388672,-0.04375826194882393,0.5458347797393799,0.4140104353427887,-0.05167050287127495,0.5706747174263,0.4481664299964905,-0.013768973760306835,0.5665878057479858,0.38809734582901,-0.02775459550321102,0.5677194595336914,0.3899562954902649,-0.034397996962070465,0.5697880983352661,0.4208073318004608,-0.03548873960971832,0.5967847108840942,0.45825469493865967,-0.02266993746161461,0.5953497886657715,0.405453622341156,-0.03224729001522064,0.5940829515457153,0.40019023418426514,-0.03530501574277878,0.5925686955451965,0.4218863844871521,-0.03494596853852272,e
0.5838577747344971,0.5957348346710205,-2.156301981415254e-08,0.5394226312637329,0.5932683348655701,-0.015254330821335316,0.4966156482696533,0.5619843006134033,-0.026785431429743767,0.4698867201805115,0.5284488201141357,-0.040198616683483124,0.48311570286750793,0.511748194694519,-0.051991090178489685,0.5185204148292542,0.4586060345172882,-0.003926421981304884,0.5121394991874695,0.40253621339797974,-0.02382398024201393,0.512671947479248,0.39513424038887024,-0.04161512851715088,0.5167613625526428,0.41769346594810486,-0.05118860676884651,0.5446968674659729,0.44774961471557617,-0.007740870583802462,0.538765013217926,0.38005244731903076,-0.02777421660721302,0.5421451926231384,0.3828578591346741,-0.044184714555740356,0.5466687679290771,0.41651681065559387,-0.051633093506097794,0.5702516436576843,0.44889092445373535,-0.014692846685647964,0.5663228631019592,0.38757723569869995,-0.029084157198667526,0.5684149861335754,0.3911527991294861,-0.035911042243242264,0.5705483555793762,0.42287445068359375,-0.03696285933256149,0.5962018370628357,0.45884570479393005,-0.0238020196557045,0.5945940613746643,0.4057219922542572,-0.033508941531181335,0.5936891436576843,0.40146565437316895,-0.036429427564144135,0.592062771320343,0.4238174259662628,-0.03594246879220009,e
0.5843017101287842,0.5958816409111023,-2.1322861698536144e-08,0.5397108197212219,0.5934113264083862,-0.015329454094171524,0.4967721998691559,0.5618312358856201,-0.026871895417571068,0.46958673000335693,0.5275304913520813,-0.040304381400346756,0.4830656945705414,0.5111206769943237,-0.052105121314525604,0.5183122158050537,0.4586647152900696,-0.003670612582936883,0.5119773745536804,0.4029073715209961,-0.023423083126544952,0.5124099254608154,0.3949047327041626,-0.04121142998337746,0.516590416431427,0.4172545373439789,-0.05088838189840317,0.544657826423645,0.4476075768470764,-0.0075115323998034,0.5387783646583557,0.38017934560775757,-0.02774263545870781,0.5421109199523926,0.3830532729625702,-0.044432688504457474,0.5467900037765503,0.4169923663139343,-0.052088357508182526,0.5702794790267944,0.4487411677837372,-0.014477296732366085,0.5661846995353699,0.38767316937446594,-0.02890852652490139,0.5683245062828064,0.3914855122566223,-0.035813093185424805,0.5707593560218811,0.42337602376937866,-0.03694574534893036,0.5963784456253052,0.45866143703460693,-0.02361747808754444,0.5943936705589294,0.4055804908275604,-0.03331088647246361,0.5935225486755371,0.40141725540161133,-0.03630787134170532,0.5921570062637329,0.4239530563354492,-0.035922225564718246,e
0.5841668844223022,0.5961773991584778,-5.398817837232173e-09,0.5393107533454895,0.593341052532196,-0.015405400656163692,0.49652814865112305,0.5617192387580872,-0.026719776913523674,0.46924200654029846,0.5275121927261353,-0.03980753570795059,0.4829477071762085,0.5111100077629089,-0.05125939100980759,0.5180867314338684,0.4591006338596344,-0.003415127517655492,0.5117849707603455,0.40424269437789917,-0.02329815737903118,0.5118587017059326,0.39493227005004883,-0.041575945913791656,0.5159708857536316,0.416373610496521,-0.05163419246673584,0.5449514985084534,0.4478853642940521,-0.007168876938521862,0.5393150448799133,0.3811568319797516,-0.02766532637178898,0.541779637336731,0.3810616433620453,-0.04504265636205673,0.5462052226066589,0.4146266579627991,-0.053275108337402344,0.5708603262901306,0.4493314027786255,-0.014052147977054119,0.5670043230056763,0.38886693120002747,-0.028710920363664627,0.5686744451522827,0.39053261280059814,-0.03585648909211159,0.5711345076560974,0.42187654972076416,-0.037102729082107544,0.5971407294273376,0.4595893621444702,-0.023116689175367355,0.5946726202964783,0.40707463026046753,-0.03330642357468605,0.5939276218414307,0.40156781673431396,-0.036544617265462875,0.5930722951889038,0.4228546917438507,-0.0361662432551384,e
0.5840558409690857,0.5974984169006348,-2.3708022212076685e-09,0.5391726493835449,0.5944502949714661,-0.014381080865859985,0.49668750166893005,0.56183260679245,-0.024732330814003944,0.46956557035446167,0.5271401405334473,-0.03705810010433197,0.4833011031150818,0.5118944644927979,-0.04761302471160889,0.5182589292526245,0.45907697081565857,-0.0015456677647307515,0.5116574168205261,0.4041178822517395,-0.020773956552147865,0.5116024613380432,0.3951030373573303,-0.038458868861198425,0.5157099962234497,0.41713666915893555,-0.0480867475271225,0.5449086427688599,0.4477292001247406,-0.005414242390543222,0.5395567417144775,0.38171887397766113,-0.02487855963408947,0.541592001914978,0.3797833323478699,-0.04139000549912453,0.5459524393081665,0.4122377932071686,-0.04918372631072998,0.5704545974731445,0.44921189546585083,-0.012475493364036083,0.565763533115387,0.38834232091903687,-0.026168309152126312,0.5673400163650513,0.3894941806793213,-0.032081764191389084,0.5702017545700073,0.42018571496009827,-0.0326419323682785,0.5967972874641418,0.4588775932788849,-0.02175316773355007,0.5941287279129028,0.4063267111778259,-0.03173026815056801,0.5933874845504761,0.4011461138725281,-0.034593626856803894,0.5929182171821594,0.42266184091567993,-0.03385522589087486,e
0.5835288166999817,0.5973441004753113,-7.340712926406923e-09,0.5386013984680176,0.5945844650268555,-0.014079820364713669,0.49616897106170654,0.5617053508758545,-0.024289090186357498,0.46990126371383667,0.5272064805030823,-0.03649355471134186,0.4834536612033844,0.5123952627182007,-0.04694236069917679,0.5180854201316833,0.4584752321243286,-0.001752321608364582,0.5117182731628418,0.40327927470207214,-0.02111782319843769,0.511881947517395,0.39508652687072754,-0.038668062537908554,0.5161728858947754,0.4180891811847687,-0.04807278886437416,0.5448328852653503,0.4475896954536438,-0.0056910268031060696,0.5398654937744141,0.3812204897403717,-0.025395821779966354,0.5420528054237366,0.3796044588088989,-0.0416698232293129,0.5464824438095093,0.4125741422176361,-0.04913286119699478,0.570406973361969,0.4493881165981293,-0.012810826301574707,0.5663936138153076,0.38835033774375916,-0.026836572214961052,0.5680963397026062,0.38963639736175537,-0.032682210206985474,0.5709969997406006,0.42042022943496704,-0.03304186835885048,0.5967861413955688,0.45938584208488464,-0.022089418023824692,0.5947779417037964,0.40703028440475464,-0.03234849125146866,0.5940012335777283,0.4016256630420685,-0.035299014300107956,0.5932048559188843,0.42271557450294495,-0.03452061861753464,e
0.5832141041755676,0.5972743630409241,-1.0050762000446412e-08,0.5383124351501465,0.594025731086731,-0.01464169379323721,0.4963645339012146,0.5622175931930542,-0.025390202179551125,0.4698035418987274,0.5285513401031494,-0.037973783910274506,0.48291751742362976,0.5118142366409302,-0.04879264160990715,0.5186722874641418,0.458614319562912,-0.0025855472777038813,0.5123220682144165,0.4032057225704193,-0.02232692763209343,0.511897087097168,0.3953735828399658,-0.04025942459702492,0.5157464146614075,0.4184530973434448,-0.04986892640590668,0.5452234148979187,0.4474875330924988,-0.006266496144235134,0.5401753187179565,0.3812931478023529,-0.025548582896590233,0.5415564179420471,0.3792940378189087,-0.04194463789463043,0.5452654361724854,0.41167473793029785,-0.049743153154850006,0.5708111524581909,0.44926023483276367,-0.013172008097171783,0.567427933216095,0.3892083168029785,-0.027129612863063812,0.5682764053344727,0.3894113600254059,-0.03375963121652603,0.5704576969146729,0.4199581444263458,-0.03479764237999916,0.5971254110336304,0.4599202871322632,-0.022239267826080322,0.5955070853233337,0.40810465812683105,-0.03246982768177986,0.5939897894859314,0.40160900354385376,-0.035800714045763016,0.5924282670021057,0.42203962802886963,-0.035369038581848145,e
0.5833815336227417,0.5968981981277466,-1.896463652784064e-09,0.5388010144233704,0.5935957431793213,-0.01565362513065338,0.49695587158203125,0.5619542598724365,-0.027487020939588547,0.4695223569869995,0.5289311408996582,-0.041101064532995224,0.48285526037216187,0.5122827291488647,-0.052874255925416946,0.5188121795654297,0.45814117789268494,-0.004031297750771046,0.5129290223121643,0.40178433060646057,-0.024654965847730637,0.5126788020133972,0.39430463314056396,-0.043201886117458344,0.5162329077720642,0.4182126522064209,-0.05322999134659767,0.5452193021774292,0.4474751055240631,-0.007554198615252972,0.5403562784194946,0.3796192407608032,-0.028231287375092506,0.5420116186141968,0.3796045184135437,-0.04557947441935539,0.5453263521194458,0.41390442848205566,-0.05378858000040054,0.570719838142395,0.4492715001106262,-0.014298875816166401,0.56721431016922,0.38741031289100647,-0.028890546411275864,0.567939281463623,0.38895294070243835,-0.0359271764755249,0.5696166753768921,0.4208339750766754,-0.03715398907661438,0.5971501469612122,0.4599178433418274,-0.023276301100850105,0.5953618288040161,0.4075958728790283,-0.033540934324264526,0.5940878391265869,0.4015042185783386,-0.037053048610687256,0.592352032661438,0.42252230644226074,-0.03680334612727165,e
0.5845969319343567,0.5974236726760864,-1.7321074352594223e-08,0.5389506220817566,0.5942736864089966,-0.015083138830959797,0.4968865215778351,0.5619171261787415,-0.026610108092427254,0.4692956805229187,0.5286563038825989,-0.04011694714426994,0.4831281006336212,0.5120769143104553,-0.0517163909971714,0.5190504193305969,0.45897120237350464,-0.0030432012863457203,0.5129087567329407,0.40234559774398804,-0.02317589335143566,0.5125958323478699,0.39527496695518494,-0.04129927232861519,0.515954852104187,0.41979461908340454,-0.05113333463668823,0.5453144311904907,0.44799184799194336,-0.006966330576688051,0.5394970774650574,0.3802206814289093,-0.02743147872388363,0.5419424772262573,0.3814098536968231,-0.04466119036078453,0.5459808111190796,0.4162515103816986,-0.05282628908753395,0.5706335306167603,0.4496449828147888,-0.014058265835046768,0.5660794973373413,0.387129545211792,-0.02806962840259075,0.5681442022323608,0.38941672444343567,-0.03439905494451523,0.5706446766853333,0.4214659035205841,-0.035321008414030075,0.5971180200576782,0.4599186182022095,-0.02341734990477562,0.5949493646621704,0.40691912174224854,-0.033182382583618164,0.5940520167350769,0.40136638283729553,-0.036217983812093735,0.5924659371376038,0.4230235815048218,-0.0357942134141922,e
0.5838660597801208,0.5980033278465271,-2.151077715950578e-08,0.5388886332511902,0.5947665572166443,-0.014842256903648376,0.49724671244621277,0.5630382299423218,-0.02663707546889782,0.4704318642616272,0.5301375985145569,-0.040480926632881165,0.4833908677101135,0.5131912231445312,-0.052351150661706924,0.5192803144454956,0.45944705605506897,-0.003933599218726158,0.5131936073303223,0.401205837726593,-0.025082621723413467,0.5128351449966431,0.39503780007362366,-0.04335508495569229,0.5161755681037903,0.4210435450077057,-0.052817683666944504,0.5459902286529541,0.44868338108062744,-0.00809955969452858,0.5414855480194092,0.37944135069847107,-0.029389124363660812,0.5430852770805359,0.38139772415161133,-0.04561682417988777,0.5463361144065857,0.41757336258888245,-0.05254103243350983,0.5714040398597717,0.4504314661026001,-0.015514135360717773,0.567965567111969,0.3877605199813843,-0.029953038319945335,0.5693888068199158,0.3913336992263794,-0.03484572097659111,0.5711630582809448,0.4235854744911194,-0.03434025123715401,0.5975140929222107,0.4605558216571808,-0.025218112394213676,0.5955907106399536,0.4074552059173584,-0.03487103432416916,0.5946297645568848,0.4023676812648773,-0.03680431470274925,0.5928618907928467,0.42374831438064575,-0.03523876145482063,e
0.5838716626167297,0.5974907279014587,-2.0763494035236363e-08,0.539025068283081,0.5947099924087524,-0.01572897657752037,0.4971863329410553,0.5628727674484253,-0.028060182929039,0.4701201915740967,0.529932975769043,-0.04227073863148689,0.48390302062034607,0.5132251977920532,-0.05469619482755661,0.519581139087677,0.4595763385295868,-0.005434420425444841,0.5138104557991028,0.40101325511932373,-0.02663317508995533,0.5138199925422668,0.3949202299118042,-0.04513278231024742,0.5175500512123108,0.420956552028656,-0.05490405112504959,0.5464326739311218,0.4487270414829254,-0.009348433464765549,0.5418057441711426,0.3789137005805969,-0.030947955325245857,0.5435785055160522,0.38189783692359924,-0.04814630001783371,0.5469255447387695,0.4185769259929657,-0.05588991940021515,0.5719698071479797,0.45035579800605774,-0.01640976592898369,0.5688539147377014,0.3874244689941406,-0.03108685091137886,0.5702154040336609,0.39111781120300293,-0.03753085434436798,0.5724011659622192,0.42412421107292175,-0.03824134171009064,0.5979389548301697,0.4607773423194885,-0.025739993900060654,0.5955835580825806,0.4072765111923218,-0.03539903089404106,0.5948479771614075,0.4018603265285492,-0.03814353793859482,0.5938929915428162,0.4234340190887451,-0.03741312026977539,e
0.5841098427772522,0.5984567403793335,-2.87080794691974e-08,0.5391355752944946,0.5950477123260498,-0.01481866929680109,0.4971272647380829,0.5628577470779419,-0.026174673810601234,0.4702468514442444,0.5303284525871277,-0.039461683481931686,0.4830220937728882,0.5131714940071106,-0.05094155669212341,0.5197869539260864,0.45993319153785706,-0.004061151761561632,0.5138006210327148,0.4021719992160797,-0.02506057173013687,0.5137295722961426,0.3959875702857971,-0.04345649108290672,0.5176238417625427,0.4217180609703064,-0.053047552704811096,0.5464649796485901,0.44888073205947876,-0.008135191164910793,0.541212260723114,0.3799571990966797,-0.02946835570037365,0.543067216873169,0.3825327754020691,-0.04637237638235092,0.5468054413795471,0.41869810223579407,-0.053759947419166565,0.5720412135124207,0.45050790905952454,-0.015369389206171036,0.5689220428466797,0.38852018117904663,-0.030186600983142853,0.5702601075172424,0.39111244678497314,-0.03658071905374527,0.5724102854728699,0.42342519760131836,-0.037025727331638336,0.5981572866439819,0.4611949622631073,-0.024787135422229767,0.5965979695320129,0.40854397416114807,-0.03485170751810074,0.5956461429595947,0.4014512002468109,-0.03783761337399483,0.5942065715789795,0.4212557077407837,-0.03704817593097687,e
0.5846531391143799,0.5985461473464966,-3.19986241947845e-08,0.5395524501800537,0.5955647230148315,-0.015363257378339767,0.49748295545578003,0.5634795427322388,-0.027492299675941467,0.46974265575408936,0.5308647155761719,-0.04157200828194618,0.4828728139400482,0.5137407779693604,-0.05371355265378952,0.5199537873268127,0.45963501930236816,-0.0041729542426764965,0.5143758654594421,0.40121960639953613,-0.025311173871159554,0.5143224596977234,0.39619648456573486,-0.04365912824869156,0.5177481174468994,0.4228144586086273,-0.05321546271443367,0.5464065074920654,0.4488947093486786,-0.008066294714808464,0.5412021279335022,0.3799714148044586,-0.029170004650950432,0.5435824394226074,0.3839099705219269,-0.0455818809568882,0.5472447872161865,0.4202370047569275,-0.052696727216243744,0.5719286203384399,0.45054933428764343,-0.015238906256854534,0.568198025226593,0.387640118598938,-0.029837749898433685,0.5700849294662476,0.3913576006889343,-0.035664722323417664,0.57244473695755,0.42405635118484497,-0.03584066405892372,0.5982782244682312,0.46114516258239746,-0.024679023772478104,0.5966224670410156,0.40751388669013977,-0.03441961854696274,0.5957249402999878,0.40188339352607727,-0.03692950680851936,0.5941621661186218,0.4231627881526947,-0.0358988419175148,e
0.5854849219322205,0.5990558862686157,-2.8631570003767592e-08,0.5402891635894775,0.5957944989204407,-0.01488338690251112,0.49766314029693604,0.5631566643714905,-0.026393195614218712,0.4699268341064453,0.5291731357574463,-0.03988609090447426,0.4836769700050354,0.5132142901420593,-0.05159756913781166,0.5195077657699585,0.4602064788341522,-0.0033541505690664053,0.513733446598053,0.402521550655365,-0.023257344961166382,0.5137696862220764,0.39635470509529114,-0.04107898846268654,0.5173420906066895,0.42140060663223267,-0.050705939531326294,0.5462472438812256,0.44929221272468567,-0.007518295664340258,0.5405219793319702,0.38026875257492065,-0.028018344193696976,0.5428749322891235,0.38351789116859436,-0.04493973031640053,0.5467329025268555,0.4190538823604584,-0.05275210738182068,0.5720211267471313,0.4508321285247803,-0.014782828278839588,0.5676704049110413,0.3884715139865875,-0.028831899166107178,0.5694600939750671,0.3918449282646179,-0.03542460501194,0.5717787146568298,0.4241691529750824,-0.036496471613645554,0.5985554456710815,0.4610762596130371,-0.02424970082938671,0.5963613390922546,0.4074004590511322,-0.03358003497123718,0.5954771637916565,0.4017084538936615,-0.036466993391513824,0.5941000580787659,0.4228969216346741,-0.03609399497509003,e
0.5849863290786743,0.6006826162338257,-2.6450523549215177e-08,0.5393854379653931,0.5973336696624756,-0.014293835498392582,0.49667802453041077,0.5645244717597961,-0.0253364909440279,0.4693702161312103,0.5293797850608826,-0.03844553232192993,0.4843637943267822,0.5141528248786926,-0.049773890525102615,0.5190331339836121,0.46033450961112976,-0.0021147539373487234,0.5130884051322937,0.40371304750442505,-0.022054016590118408,0.5129271149635315,0.39647749066352844,-0.03998211398720741,0.5163879990577698,0.42062437534332275,-0.049588847905397415,0.5458926558494568,0.4493910074234009,-0.0063344440422952175,0.5403563976287842,0.3813198208808899,-0.026408439502120018,0.5426862835884094,0.3828073740005493,-0.042747948318719864,0.5466574430465698,0.41774362325668335,-0.050129249691963196,0.5717042088508606,0.45110806822776794,-0.013749143108725548,0.5679429769515991,0.3890986144542694,-0.027758438140153885,0.5693227648735046,0.39172208309173584,-0.03371291980147362,0.5714523792266846,0.4237997829914093,-0.03414090722799301,0.5984643697738647,0.4617055654525757,-0.023366179317235947,0.5966513156890869,0.40795186161994934,-0.03285279870033264,0.5954275727272034,0.40195125341415405,-0.035486698150634766,0.59369957447052,0.42303267121315,-0.03468402102589607,e
0.5850013494491577,0.6008552312850952,-2.1692237339721032e-08,0.5395093560218811,0.5977628231048584,-0.014577527530491352,0.49654659628868103,0.5646171569824219,-0.025624729692935944,0.4693860113620758,0.5289944410324097,-0.038651250302791595,0.48427414894104004,0.51405930519104,-0.04991035535931587,0.5191100239753723,0.4604233205318451,-0.002543892478570342,0.5130295753479004,0.4037681221961975,-0.022414520382881165,0.5130184888839722,0.3963555097579956,-0.04026983305811882,0.5165687203407288,0.4203310012817383,-0.04984051734209061,0.5458778142929077,0.4494938552379608,-0.006595940329134464,0.5405755043029785,0.3814062178134918,-0.026624126359820366,0.5428885221481323,0.38222411274909973,-0.042959753423929214,0.5468549728393555,0.4171401262283325,-0.05034549906849861,0.5716531872749329,0.4512893855571747,-0.013849192298948765,0.567807674407959,0.3892267942428589,-0.027905113995075226,0.5692082047462463,0.39110100269317627,-0.034057922661304474,0.5714109539985657,0.4230753481388092,-0.03462906926870346,0.5982973575592041,0.46183422207832336,-0.023315342143177986,0.5964460968971252,0.408325731754303,-0.033041343092918396,0.5953613519668579,0.4019851088523865,-0.03595791012048721,0.5938193798065186,0.42292556166648865,-0.035325389355421066,e
0.5842036604881287,0.602293074131012,-9.553931867856136e-09,0.5388236045837402,0.5974509716033936,-0.015361212193965912,0.4967355728149414,0.5642977952957153,-0.027131643146276474,0.46894943714141846,0.5292651653289795,-0.040734726935625076,0.483993262052536,0.5141558647155762,-0.052570782601833344,0.5189704298973083,0.46022534370422363,-0.003120866371318698,0.5127223134040833,0.4033645689487457,-0.023468131199479103,0.5130977630615234,0.3956263065338135,-0.041971173137426376,0.5170162320137024,0.4195016026496887,-0.05195344612002373,0.5460590720176697,0.4497346878051758,-0.006837193854153156,0.540728747844696,0.3816909193992615,-0.027251964434981346,0.5434350371360779,0.3818292021751404,-0.0444762296974659,0.5472556352615356,0.4165858328342438,-0.052500300109386444,0.5721547603607178,0.4517410397529602,-0.013773360289633274,0.5685716271400452,0.38983720541000366,-0.028081169351935387,0.5699622631072998,0.39043229818344116,-0.03523654490709305,0.5718792676925659,0.42250895500183105,-0.03646833077073097,0.5987896919250488,0.46247079968452454,-0.022940270602703094,0.5967068672180176,0.4092092514038086,-0.03280876949429512,0.5957807302474976,0.4021851420402527,-0.036202020943164825,0.594348669052124,0.4230247139930725,-0.035882364958524704,e
0.5842052698135376,0.6011227965354919,-9.854709048795485e-09,0.5390868186950684,0.5979297757148743,-0.015595800243318081,0.4969933331012726,0.5651830434799194,-0.02773754671216011,0.46925872564315796,0.530521810054779,-0.041784193366765976,0.4830551743507385,0.5140827894210815,-0.05404001474380493,0.5185979604721069,0.4601071774959564,-0.0038881246000528336,0.5119004249572754,0.40308210253715515,-0.024992061778903008,0.5127303600311279,0.3957543969154358,-0.044010262936353683,0.517524778842926,0.4202801287174225,-0.05430921912193298,0.5453159213066101,0.44930189847946167,-0.007750696036964655,0.5396650433540344,0.38018518686294556,-0.028843222185969353,0.5429602861404419,0.38126033544540405,-0.04637491703033447,0.5473830103874207,0.41647231578826904,-0.05461796745657921,0.5710798501968384,0.45136889815330505,-0.014857331290841103,0.5670310854911804,0.38831838965415955,-0.029517410323023796,0.5694025754928589,0.3905378580093384,-0.036179497838020325,0.5720951557159424,0.4228276014328003,-0.0371631421148777,0.5978230237960815,0.46219849586486816,-0.02424929291009903,0.5958544611930847,0.4080912470817566,-0.0343250036239624,0.595622181892395,0.40258556604385376,-0.037361565977334976,0.5947452783584595,0.42422351241111755,-0.03684867545962334,e
0.5836102366447449,0.6012459397315979,-1.7283889874875058e-08,0.5385922193527222,0.5968761444091797,-0.015557459555566311,0.4964791238307953,0.5642305612564087,-0.027878914028406143,0.4684589207172394,0.5296850204467773,-0.04211118444800377,0.4825071096420288,0.5131118297576904,-0.054641105234622955,0.5182585716247559,0.4604259431362152,-0.004092342685908079,0.5118287801742554,0.40330830216407776,-0.025165937840938568,0.5121675729751587,0.3954341411590576,-0.04420839995145798,0.5161697864532471,0.4192099869251251,-0.0546271987259388,0.5451613068580627,0.44970154762268066,-0.008145409636199474,0.5393813848495483,0.3802725374698639,-0.02966379188001156,0.5426986217498779,0.38301628828048706,-0.047446008771657944,0.5467977523803711,0.41910025477409363,-0.05573486536741257,0.5711402297019958,0.4516392648220062,-0.015357269905507565,0.56725013256073,0.3883494734764099,-0.030360745266079903,0.5692516565322876,0.3911798596382141,-0.0374201200902462,0.5712776184082031,0.424233078956604,-0.03858992084860802,0.5979185700416565,0.46254077553749084,-0.02479737251996994,0.5960907936096191,0.40832939743995667,-0.03483939915895462,0.5953413844108582,0.4022900462150574,-0.037999119609594345,0.593637228012085,0.4240068197250366,-0.03763097524642944,e
0.5841817855834961,0.6010795831680298,-7.288843750785645e-09,0.538780927658081,0.597019374370575,-0.016267079859972,0.4965337812900543,0.5652214884757996,-0.02894255891442299,0.4683564305305481,0.5307317972183228,-0.043331537395715714,0.4818461537361145,0.5132810473442078,-0.055946528911590576,0.5186896920204163,0.4604087471961975,-0.00502867391332984,0.5117865800857544,0.4030765891075134,-0.026388179510831833,0.5122666954994202,0.39500725269317627,-0.04556625708937645,0.5165632963180542,0.4187639057636261,-0.055958304554224014,0.5455763936042786,0.4493514895439148,-0.00872985552996397,0.5391610860824585,0.379985511302948,-0.030275052413344383,0.5424259305000305,0.38094186782836914,-0.048251379281282425,0.5467194318771362,0.41611647605895996,-0.05673670396208763,0.5716869235038757,0.4512195587158203,-0.015641070902347565,0.5675759315490723,0.38857021927833557,-0.030905770137906075,0.5695485472679138,0.38987135887145996,-0.03843105584383011,0.5715741515159607,0.42223963141441345,-0.03988129273056984,0.5985283851623535,0.46202030777931213,-0.02480321377515793,0.5966119766235352,0.4083014726638794,-0.035304583609104156,0.5957961678504944,0.4010176658630371,-0.03889075666666031,0.593959391117096,0.4216288626194,-0.038722407072782516,e
0.584455668926239,0.6020018458366394,-2.4417410315891175e-09,0.5390743613243103,0.5971555113792419,-0.016170525923371315,0.4964078366756439,0.5651134848594666,-0.028795797377824783,0.46794354915618896,0.5309156775474548,-0.043159544467926025,0.48223403096199036,0.5134627819061279,-0.05559452250599861,0.5180609226226807,0.4598536789417267,-0.004515640903264284,0.5114781856536865,0.4021453857421875,-0.025853922590613365,0.5115793347358704,0.39431965351104736,-0.04488320276141167,0.5154756307601929,0.418852299451828,-0.05504761263728142,0.544971227645874,0.4488401412963867,-0.008033054880797863,0.5391150116920471,0.3800576627254486,-0.02909264713525772,0.541447103023529,0.3797653913497925,-0.04628695920109749,0.5449920892715454,0.414851576089859,-0.054250944405794144,0.5712100267410278,0.45056602358818054,-0.014904376119375229,0.5663212537765503,0.3873491883277893,-0.029427658766508102,0.5679913759231567,0.3880664110183716,-0.03605663403868675,0.5697445869445801,0.41995441913604736,-0.037059981375932693,0.5981655716896057,0.46111762523651123,-0.024123352020978928,0.5962780714035034,0.40701353549957275,-0.034286998212337494,0.5955442786216736,0.40048059821128845,-0.03749336302280426,0.5937057137489319,0.4214916527271271,-0.0370602160692215,e
0.5841360688209534,0.600982129573822,-1.4097667033752259e-08,0.5387474298477173,0.5970304012298584,-0.015446679666638374,0.4957245886325836,0.565664529800415,-0.027264220640063286,0.46922701597213745,0.5310660600662231,-0.04081255942583084,0.4821011424064636,0.5131819844245911,-0.05249634012579918,0.5175480246543884,0.45894256234169006,-0.004713980946689844,0.5109840035438538,0.4006267786026001,-0.02533235400915146,0.5113288760185242,0.39335036277770996,-0.043424662202596664,0.5155743360519409,0.41780444979667664,-0.052841342985630035,0.5445193648338318,0.4480624198913574,-0.008279381319880486,0.5385366678237915,0.3785063922405243,-0.028476886451244354,0.5412577986717224,0.37902146577835083,-0.044498417526483536,0.5454912781715393,0.4131702780723572,-0.051686208695173264,0.5708644986152649,0.4491293728351593,-0.015114869922399521,0.5655208826065063,0.3854149580001831,-0.029658949002623558,0.5670542120933533,0.3869874179363251,-0.03603364899754524,0.5695043206214905,0.41860872507095337,-0.036840200424194336,0.5982250571250916,0.45880112051963806,-0.024153348058462143,0.5962544083595276,0.4038911461830139,-0.034575071185827255,0.5953396558761597,0.39797791838645935,-0.037650831043720245,0.5939685106277466,0.41913479566574097,-0.03708477318286896,e
0.5851380825042725,0.5998985767364502,-1.6365975241683373e-08,0.539455235004425,0.5971195697784424,-0.015816668048501015,0.49539464712142944,0.5642831921577454,-0.027345355600118637,0.46775951981544495,0.5289605855941772,-0.04064637050032616,0.4809371531009674,0.5128626823425293,-0.05210798606276512,0.5175027847290039,0.4567282497882843,-0.003161155618727207,0.5100924968719482,0.3984031081199646,-0.02346806600689888,0.5114380717277527,0.3915235698223114,-0.04189784452319145,0.5168135762214661,0.41603606939315796,-0.05179514363408089,0.5445958971977234,0.4453752338886261,-0.0066659580916166306,0.5379354953765869,0.3759945034980774,-0.02691657654941082,0.5415388345718384,0.37769320607185364,-0.04377026855945587,0.5464625954627991,0.41236644983291626,-0.051531486213207245,0.5707729458808899,0.4463534653186798,-0.013531981967389584,0.5656877160072327,0.3830789625644684,-0.02804364450275898,0.5680094361305237,0.3847247064113617,-0.03520980849862099,0.5712513327598572,0.41668376326560974,-0.03656214848160744,0.5976904630661011,0.4561278820037842,-0.022674279287457466,0.5955395698547363,0.40177121758461,-0.032962165772914886,0.5954062938690186,0.39650940895080566,-0.03649197518825531,0.5952971577644348,0.41833144426345825,-0.036352407187223434,e
0.5848297476768494,0.5998765230178833,-3.018654126663023e-08,0.5389673113822937,0.5969422459602356,-0.015524299815297127,0.49520546197891235,0.5629637241363525,-0.027407506480813026,0.46768030524253845,0.525924801826477,-0.04119596257805824,0.48241662979125977,0.5104836225509644,-0.053019896149635315,0.5169342160224915,0.45470738410949707,-0.0033842159900814295,0.5092750191688538,0.39469361305236816,-0.02411867119371891,0.5117272734642029,0.389413446187973,-0.04236457869410515,0.5178523063659668,0.4157480299472809,-0.051987119019031525,0.5444573163986206,0.44386062026023865,-0.007229030132293701,0.5372602939605713,0.3736484944820404,-0.028547385707497597,0.5424622893333435,0.37816712260246277,-0.04502679780125618,0.5484152436256409,0.4147445559501648,-0.052013881504535675,0.5707471966743469,0.4454195201396942,-0.014402622357010841,0.5650461912155151,0.38059115409851074,-0.02948899380862713,0.5685674548149109,0.3841964900493622,-0.0354074165225029,0.5725637078285217,0.4166952967643738,-0.03551457077264786,0.5980238914489746,0.4554394781589508,-0.02384450100362301,0.595512330532074,0.39978256821632385,-0.03399930149316788,0.5956711173057556,0.39472609758377075,-0.036590054631233215,0.5955445766448975,0.41591930389404297,-0.03559980168938637,e
0.5860216021537781,0.5991746187210083,-1.8783214983386642e-08,0.5395908355712891,0.5957369208335876,-0.01684168539941311,0.4960077106952667,0.5635455846786499,-0.0295425895601511,0.46808385848999023,0.5281428098678589,-0.04391002655029297,0.4810020923614502,0.5111086964607239,-0.056368473917245865,0.518101155757904,0.45381128787994385,-0.004781427793204784,0.5103996992111206,0.39350426197052,-0.026474032551050186,0.5124740600585938,0.38760802149772644,-0.04554351791739464,0.5186965465545654,0.4135575592517853,-0.05550491064786911,0.5455276966094971,0.4423094689846039,-0.008247214369475842,0.5379748344421387,0.3715558350086212,-0.02972188964486122,0.5431651473045349,0.37466514110565186,-0.04666706174612045,0.5492823123931885,0.40944239497184753,-0.05410793423652649,0.5719285607337952,0.4436197578907013,-0.015197502449154854,0.5674195885658264,0.37865686416625977,-0.030983254313468933,0.5708357095718384,0.3813195526599884,-0.03796589747071266,0.574631929397583,0.4135643243789673,-0.038735974580049515,0.5992424488067627,0.4543600380420685,-0.024459535256028175,0.5974911451339722,0.3989558815956116,-0.035237155854701996,0.5972357988357544,0.3930210769176483,-0.038360752165317535,0.596637487411499,0.41350847482681274,-0.037678543478250504,e
0.5870943665504456,0.5990766286849976,1.0964465779750299e-08,0.5403900146484375,0.5951927900314331,-0.01857852376997471,0.49623653292655945,0.5638118982315063,-0.032557256519794464,0.4665820002555847,0.5290585160255432,-0.04779432341456413,0.47886529564857483,0.5110633373260498,-0.061073023825883865,0.5181950330734253,0.450944185256958,-0.005490729585289955,0.5096515417098999,0.39147672057151794,-0.02825930342078209,0.5118183493614197,0.38286614418029785,-0.048839420080184937,0.5184782147407532,0.407022625207901,-0.05979868397116661,0.5462812781333923,0.4394860863685608,-0.00816262885928154,0.5382787585258484,0.368464857339859,-0.03048858605325222,0.5437554717063904,0.3691326677799225,-0.04874098673462868,0.5498103499412537,0.4036281704902649,-0.0569927878677845,0.5736516118049622,0.4407879114151001,-0.014477880671620369,0.5693426132202148,0.3765217661857605,-0.030938584357500076,0.5726151466369629,0.3772202730178833,-0.03908391669392586,0.5760246515274048,0.40928786993026733,-0.04046785458922386,0.6015607118606567,0.4518709182739258,-0.02319476008415222,0.5988867878913879,0.3968847990036011,-0.03431253135204315,0.5991251468658447,0.3897022306919098,-0.0378287099301815,0.599144697189331,0.4092486500740051,-0.0372728668153286,e
0.5865821242332458,0.599815845489502,-6.241100969361923e-10,0.5380727052688599,0.5954572558403015,-0.01819295808672905,0.4925798773765564,0.5625007152557373,-0.03248591348528862,0.4628913402557373,0.5257959365844727,-0.04824323207139969,0.4779587984085083,0.5087602734565735,-0.06185589358210564,0.5170438289642334,0.4494921863079071,-0.005964615382254124,0.509393036365509,0.38660305738449097,-0.029029864817857742,0.5111905336380005,0.3808593451976776,-0.0493282787501812,0.5168578624725342,0.4088510274887085,-0.05989597365260124,0.5461612939834595,0.43861645460128784,-0.009022848680615425,0.5397031307220459,0.36564719676971436,-0.031248128041625023,0.54405677318573,0.36704617738723755,-0.04884232208132744,0.5486133694648743,0.40360957384109497,-0.056647490710020065,0.5742954015731812,0.44031211733818054,-0.015759680420160294,0.5699428915977478,0.3739091455936432,-0.031466029584407806,0.5724915862083435,0.37451422214508057,-0.038491543382406235,0.5748110413551331,0.40769118070602417,-0.03932049870491028,0.6028748154640198,0.45112621784210205,-0.024991946294903755,0.6002443432807922,0.39444488286972046,-0.03543415665626526,0.6000637412071228,0.3868510127067566,-0.03834889084100723,0.5989233255386353,0.40704071521759033,-0.037467267364263535,e
0.586203932762146,0.6001178026199341,-1.657313397629423e-08,0.5375165939331055,0.5958132743835449,-0.017628224566578865,0.4922308623790741,0.5615537762641907,-0.03157403692603111,0.4627474248409271,0.5250673890113831,-0.04715418443083763,0.47743481397628784,0.5096390843391418,-0.060701776295900345,0.5175196528434753,0.449625700712204,-0.005887678824365139,0.5102172493934631,0.38593626022338867,-0.028991103172302246,0.5115158557891846,0.38065433502197266,-0.04926777631044388,0.5165191888809204,0.4095473289489746,-0.059762563556432724,0.546501874923706,0.43874451518058777,-0.009280272759497166,0.539985716342926,0.3655393123626709,-0.03145643696188927,0.5441044569015503,0.3673156201839447,-0.04904896765947342,0.5485504865646362,0.4047192633152008,-0.056877609342336655,0.5744805335998535,0.44062453508377075,-0.016291543841362,0.5704664587974548,0.3738552927970886,-0.03177843615412712,0.5725018978118896,0.3743913769721985,-0.03869697451591492,0.5743282437324524,0.4081188142299652,-0.039511147886514664,0.6028968095779419,0.4516223967075348,-0.025776781141757965,0.6004791259765625,0.3946283161640167,-0.03601165488362312,0.5998678207397461,0.3864448368549347,-0.038884468376636505,0.5981635451316833,0.4067099392414093,-0.03803486377000809,e
0.5864472985267639,0.6015344858169556,3.155109240537968e-08,0.5375654101371765,0.5965648293495178,-0.01890348456799984,0.4920852482318878,0.5640134215354919,-0.03315196931362152,0.46306413412094116,0.5282918214797974,-0.048580367118120193,0.47437772154808044,0.5100088119506836,-0.061984818428754807,0.5159299969673157,0.44882291555404663,-0.00606630090624094,0.5079380869865417,0.3882446885108948,-0.02893688902258873,0.5099291205406189,0.3767406940460205,-0.04964590445160866,0.5160999298095703,0.39942896366119385,-0.06064818426966667,0.5453184247016907,0.4372220039367676,-0.008995793759822845,0.5382350087165833,0.365017294883728,-0.03153308853507042,0.5434167385101318,0.3630927801132202,-0.04996522516012192,0.5490940809249878,0.3985302150249481,-0.058305248618125916,0.5739150047302246,0.43891942501068115,-0.015564887784421444,0.5705875754356384,0.37260550260543823,-0.032308440655469894,0.5738387107849121,0.37265732884407043,-0.04013330861926079,0.5765554904937744,0.40608784556388855,-0.041223328560590744,0.6027051210403442,0.45116621255874634,-0.02457895502448082,0.6006327867507935,0.39485281705856323,-0.03629450500011444,0.6007142066955566,0.3874911367893219,-0.03956177830696106,0.5998625755310059,0.40816763043403625,-0.03859192505478859,e
0.58757084608078,0.6030610799789429,2.9378245613997933e-08,0.5369201898574829,0.5982959866523743,-0.020070213824510574,0.4900338053703308,0.565553605556488,-0.035081472247838974,0.46002230048179626,0.5277478694915771,-0.05104446783661842,0.4733623266220093,0.509219765663147,-0.06482018530368805,0.51393061876297,0.44833362102508545,-0.006629195064306259,0.5066155791282654,0.3865002393722534,-0.028797773644328117,0.5085567831993103,0.3761737644672394,-0.048823751509189606,0.5141584873199463,0.39973050355911255,-0.05954403430223465,0.543785572052002,0.43672412633895874,-0.008957091718912125,0.5363778471946716,0.36312633752822876,-0.030859405174851418,0.5414407253265381,0.36275920271873474,-0.049030791968107224,0.5465195775032043,0.39855846762657166,-0.05732833966612816,0.5729131698608398,0.4382137060165405,-0.014978311024606228,0.5677235126495361,0.3710399568080902,-0.03117518685758114,0.5709997415542603,0.3705035150051117,-0.039491042494773865,0.5742394328117371,0.4039470851421356,-0.04113876819610596,0.6027368307113647,0.44969984889030457,-0.023521272465586662,0.5994940996170044,0.3922203779220581,-0.034966692328453064,0.5996217727661133,0.38418740034103394,-0.03878473490476608,0.5992112755775452,0.4047093391418457,-0.038419127464294434,e
0.5857745409011841,0.6052073836326599,1.2089674150672636e-08,0.5346301794052124,0.600720226764679,-0.017985889688134193,0.48616892099380493,0.5671922564506531,-0.0316079705953598,0.45677947998046875,0.5293592214584351,-0.04658900201320648,0.4685744047164917,0.5115150213241577,-0.059675101190805435,0.5120738744735718,0.4490622580051422,-0.006263311021029949,0.5044872760772705,0.38484227657318115,-0.02878587692975998,0.5060524344444275,0.3753606081008911,-0.04890908673405647,0.5111667513847351,0.4003601670265198,-0.05947933718562126,0.5426996946334839,0.4374053478240967,-0.009771294891834259,0.535514771938324,0.36150455474853516,-0.032037507742643356,0.5405140519142151,0.36093801259994507,-0.05010852962732315,0.546042263507843,0.3973122835159302,-0.05822788551449776,0.572483479976654,0.43862298130989075,-0.016797667369246483,0.5674653649330139,0.3693786561489105,-0.03357015177607536,0.5705503225326538,0.3693525791168213,-0.04180121049284935,0.5736888647079468,0.40320926904678345,-0.04325110837817192,0.6024624109268188,0.4498082399368286,-0.02611583098769188,0.5996859073638916,0.3909945785999298,-0.03803908824920654,0.5996319055557251,0.38354048132896423,-0.04158877208828926,0.5991512537002563,0.4048607349395752,-0.04089277982711792,e
0.5838642716407776,0.6080591082572937,2.8551188080427892e-08,0.5319774746894836,0.6029309034347534,-0.017720485106110573,0.48298346996307373,0.5688813328742981,-0.031057098880410194,0.4530426263809204,0.5304813385009766,-0.04584639519453049,0.46734365820884705,0.5111979246139526,-0.05853397771716118,0.5090532898902893,0.4481995701789856,-0.004630289506167173,0.5008358359336853,0.38488852977752686,-0.026780985295772552,0.5019567608833313,0.3729613423347473,-0.04709216579794884,0.5067639946937561,0.395423948764801,-0.058090221136808395,0.5402799248695374,0.43640100955963135,-0.008344070985913277,0.5324840545654297,0.3597159683704376,-0.031022798269987106,0.5373964309692383,0.3579523265361786,-0.04998725280165672,0.5429602265357971,0.3945465087890625,-0.0586613193154335,0.5704387426376343,0.4378245174884796,-0.015544630587100983,0.5649721622467041,0.3676246702671051,-0.032337531447410583,0.568041980266571,0.367004930973053,-0.040328122675418854,0.5708906054496765,0.40098148584365845,-0.04151977598667145,0.6012822389602661,0.44935059547424316,-0.025101451203227043,0.5988826155662537,0.389912486076355,-0.03710636869072914,0.5992003083229065,0.38101863861083984,-0.040731217712163925,0.5982782244682312,0.4012792408466339,-0.03997409716248512,e
0.5832332372665405,0.6103997230529785,2.959970757387964e-08,0.5305299162864685,0.6056559085845947,-0.018808823078870773,0.4803396463394165,0.5690181255340576,-0.032480426132678986,0.44973224401474,0.5289448499679565,-0.047602519392967224,0.46425095200538635,0.5092558860778809,-0.06064459681510925,0.5066286325454712,0.447380006313324,-0.004858938045799732,0.49795499444007874,0.38262084126472473,-0.027873016893863678,0.49972158670425415,0.37122929096221924,-0.04917333275079727,0.5054357051849365,0.3951794505119324,-0.06081945449113846,0.5384374856948853,0.4351806938648224,-0.008328650146722794,0.529380202293396,0.3569457530975342,-0.03166632726788521,0.535205602645874,0.35477185249328613,-0.052027590572834015,0.5416005253791809,0.39119210839271545,-0.061930835247039795,0.5691443681716919,0.4368061423301697,-0.015442565083503723,0.5634432435035706,0.36546364426612854,-0.03303639590740204,0.5672877430915833,0.3660023510456085,-0.04257425293326378,0.570267379283905,0.401281476020813,-0.04497195780277252,0.6005335450172424,0.4486536383628845,-0.024955613538622856,0.5981848239898682,0.3877685070037842,-0.03743842989206314,0.5988901853561401,0.38037052750587463,-0.041845522820949554,0.5979099869728088,0.4025329649448395,-0.041931912302970886,e
0.5818498730659485,0.6115349531173706,9.339080619952256e-09,0.528102457523346,0.6067375540733337,-0.018685802817344666,0.47657182812690735,0.5698780417442322,-0.032445382326841354,0.446086049079895,0.530177116394043,-0.04764344170689583,0.46030324697494507,0.511164128780365,-0.06072089448571205,0.5046111941337585,0.44579875469207764,-0.006213287357240915,0.4965442419052124,0.3785683512687683,-0.029581930488348007,0.498154878616333,0.36842483282089233,-0.050329580903053284,0.5034338235855103,0.3936408758163452,-0.06120884045958519,0.5368242859840393,0.43368837237358093,-0.00989099033176899,0.5290052890777588,0.3537086546421051,-0.033154960721731186,0.5339601635932922,0.35335618257522583,-0.05161673203110695,0.539642870426178,0.39151108264923096,-0.059664398431777954,0.5681179761886597,0.4353521764278412,-0.01728365756571293,0.56314617395401,0.36252692341804504,-0.03479274734854698,0.5657964944839478,0.36293327808380127,-0.04264819622039795,0.5683773756027222,0.3984278738498688,-0.04351358115673065,0.599980354309082,0.44747301936149597,-0.027120361104607582,0.5978773832321167,0.38502681255340576,-0.039695512503385544,0.5974329113960266,0.37699511647224426,-0.043213747441768646,0.5957434177398682,0.3993041217327118,-0.04221328720450401,e
0.5798869132995605,0.6126811504364014,-8.179155269738558e-11,0.5253362655639648,0.6086338758468628,-0.019576160237193108,0.47477617859840393,0.5726232528686523,-0.03412967920303345,0.4442310929298401,0.5338314175605774,-0.05015556141734123,0.45553848147392273,0.508983314037323,-0.0639379620552063,0.5026305317878723,0.4454175531864166,-0.007043540012091398,0.4939044713973999,0.3770221471786499,-0.03144579008221626,0.4944075047969818,0.36649298667907715,-0.05318180099129677,0.4996080696582794,0.392132043838501,-0.06467342376708984,0.5350211262702942,0.4331395626068115,-0.010908396914601326,0.526539146900177,0.3500460982322693,-0.035876691341400146,0.5306704640388489,0.3520567715167999,-0.05585469678044319,0.5360479354858398,0.39243924617767334,-0.06469361484050751,0.566381573677063,0.4344898760318756,-0.018547842279076576,0.5611449480056763,0.3594026565551758,-0.036718979477882385,0.5634982585906982,0.36164194345474243,-0.04540778324007988,0.5666952133178711,0.39842620491981506,-0.0468854121863842,0.5990170836448669,0.44652259349823,-0.028755079954862595,0.5968421101570129,0.3825938105583191,-0.04137328267097473,0.5960409641265869,0.37473487854003906,-0.04534874111413956,0.5945538282394409,0.39744359254837036,-0.04482738673686981,e
0.5793786644935608,0.6127088665962219,-2.2413413347521782e-08,0.5230219960212708,0.6084088087081909,-0.018287546932697296,0.4704832434654236,0.5731178522109985,-0.03232648968696594,0.43810975551605225,0.5364632606506348,-0.047938186675310135,0.4506509602069855,0.5107222199440002,-0.061038292944431305,0.4993335008621216,0.4446161687374115,-0.006700329948216677,0.4919978380203247,0.37121981382369995,-0.031693991273641586,0.4918850064277649,0.3647373616695404,-0.0535174198448658,0.4956629276275635,0.39472025632858276,-0.06456770747900009,0.5322506427764893,0.4321383535861969,-0.010393986478447914,0.5253005623817444,0.3476557433605194,-0.033089496195316315,0.5275846719741821,0.3470817804336548,-0.05109848454594612,0.5309568047523499,0.3866930603981018,-0.059212248772382736,0.5646001100540161,0.4337279200553894,-0.01802561990916729,0.5588676929473877,0.3569190502166748,-0.03468228504061699,0.5600297451019287,0.35618188977241516,-0.042201265692710876,0.5617738366127014,0.392656147480011,-0.0433737114071846,0.5981483459472656,0.44555899500846863,-0.02815464697778225,0.5967653393745422,0.3799836039543152,-0.04081372916698456,0.5950572490692139,0.3719325363636017,-0.044485904276371,0.5921014547348022,0.39569592475891113,-0.043632153421640396,e
0.5771597623825073,0.6142948865890503,1.176513464429263e-08,0.5215359330177307,0.6099929213523865,-0.020966779440641403,0.46931254863739014,0.5755358338356018,-0.03664352744817734,0.4365367889404297,0.5387966632843018,-0.05345555767416954,0.4470234513282776,0.50750333070755,-0.06774967908859253,0.49663808941841125,0.44365984201431274,-0.009514071978628635,0.48790982365608215,0.371442586183548,-0.03545353561639786,0.48878195881843567,0.36083996295928955,-0.05818222090601921,0.4943310618400574,0.38853222131729126,-0.06998195499181747,0.5300965309143066,0.4306461215019226,-0.012590666301548481,0.5209465026855469,0.3442264795303345,-0.037698086351156235,0.5258229970932007,0.342927485704422,-0.058051079511642456,0.5318986773490906,0.38310688734054565,-0.06739538908004761,0.563164472579956,0.43216246366500854,-0.019553612917661667,0.5563265681266785,0.35374027490615845,-0.03832114860415459,0.5599283576011658,0.3542633354663849,-0.04718437418341637,0.5635546445846558,0.39150911569595337,-0.04880378022789955,0.5973518490791321,0.4447309076786041,-0.029103459790349007,0.594863772392273,0.3782220482826233,-0.04344719275832176,0.5947391390800476,0.37016263604164124,-0.04799014702439308,0.5932747721672058,0.39373916387557983,-0.047456152737140656,e
0.5738316774368286,0.6138849258422852,3.1569435066103324e-08,0.5148959159851074,0.6093970537185669,-0.022153178229928017,0.4606735110282898,0.5735268592834473,-0.03891456499695778,0.4267624020576477,0.5349433422088623,-0.056717898696660995,0.43839189410209656,0.5022751688957214,-0.07158214598894119,0.48782724142074585,0.43701136112213135,-0.009935646317899227,0.47855669260025024,0.3637041449546814,-0.03688700124621391,0.4790942370891571,0.354436457157135,-0.0604647696018219,0.48441049456596375,0.38431230187416077,-0.07281354069709778,0.5232411623001099,0.4229981005191803,-0.013267646543681622,0.5143206119537354,0.3338475227355957,-0.03966966271400452,0.5173789262771606,0.3334428071975708,-0.06091192364692688,0.5224609971046448,0.3746088147163391,-0.07065951824188232,0.5580390691757202,0.42507123947143555,-0.020704632624983788,0.5514775514602661,0.34323549270629883,-0.04009144380688667,0.5544830560684204,0.3447015583515167,-0.048648156225681305,0.5579769015312195,0.3826600909233093,-0.049971308559179306,0.5940660238265991,0.43894466757774353,-0.03089069575071335,0.5918372273445129,0.37021222710609436,-0.04542449489235878,0.591187596321106,0.36283397674560547,-0.049560122191905975,0.5892499089241028,0.38719356060028076,-0.0486382357776165,e
0.5738418102264404,0.6168203949928284,1.0271517858484458e-08,0.5135370492935181,0.6107587814331055,-0.02158181741833687,0.45760393142700195,0.5738475918769836,-0.03904188424348831,0.42027947306632996,0.5341244339942932,-0.0581083744764328,0.43475016951560974,0.5028814077377319,-0.07396969199180603,0.485305517911911,0.43398070335388184,-0.008305514231324196,0.4762195348739624,0.3567274212837219,-0.03687545284628868,0.4762183427810669,0.34867823123931885,-0.06092341989278793,0.48169606924057007,0.3814963698387146,-0.07284137606620789,0.5211192965507507,0.4195689558982849,-0.012125328183174133,0.5118976831436157,0.3280254006385803,-0.03963812068104744,0.5152487754821777,0.3300277590751648,-0.05945923179388046,0.5208444595336914,0.3751204013824463,-0.0670563206076622,0.5568464994430542,0.42094936966896057,-0.020340627059340477,0.5492706894874573,0.3387795388698578,-0.039949093014001846,0.5518255829811096,0.341841459274292,-0.04598122835159302,0.5552505254745483,0.38179659843444824,-0.0445992685854435,0.5934416055679321,0.4343295097351074,-0.03149425983428955,0.5909531116485596,0.36372897028923035,-0.045329928398132324,0.5892337560653687,0.35561102628707886,-0.04776537045836449,0.5867300629615784,0.3800548315048218,-0.044937536120414734,e
0.5734435319900513,0.6164288520812988,1.777682179238127e-08,0.5111269354820251,0.6113452911376953,-0.023100702092051506,0.4531762897968292,0.5728725790977478,-0.0404621958732605,0.41431233286857605,0.5314912796020508,-0.0591675266623497,0.4290686249732971,0.4997757077217102,-0.07460123300552368,0.4811990559101105,0.43003445863723755,-0.007458254229277372,0.47122785449028015,0.3526981770992279,-0.035849589854478836,0.4713509678840637,0.3440715968608856,-0.06029124930500984,0.4770379066467285,0.3762754201889038,-0.0727367252111435,0.5177452564239502,0.4145262837409973,-0.010472415946424007,0.5079323649406433,0.3223189115524292,-0.03703974559903145,0.5110924243927002,0.32109335064888,-0.057186104357242584,0.5169340968132019,0.36420583724975586,-0.06564335525035858,0.5540920495986938,0.4157756567001343,-0.018200339749455452,0.5466582775115967,0.3311367630958557,-0.03801548480987549,0.5496143698692322,0.3320561349391937,-0.04487389326095581,0.5537705421447754,0.37168657779693604,-0.0442434623837471,0.5917491316795349,0.42972153425216675,-0.028987618163228035,0.5886080265045166,0.3584352135658264,-0.043674614280462265,0.5875016450881958,0.3493189811706543,-0.04692700877785683,0.5860457420349121,0.37349462509155273,-0.04472091794013977,e
0.5740514397621155,0.6179916858673096,-4.722280344537921e-09,0.5128142833709717,0.6130183339118958,-0.02565443515777588,0.4550970494747162,0.5744149088859558,-0.04502587020397186,0.41479986906051636,0.5348479151725769,-0.06572604179382324,0.4292376637458801,0.49777403473854065,-0.08309810608625412,0.4824308156967163,0.43188565969467163,-0.01090314518660307,0.47320690751075745,0.35013681650161743,-0.041874051094055176,0.4714406430721283,0.3414807915687561,-0.06796371936798096,0.47543084621429443,0.3752080500125885,-0.08113305270671844,0.5183790326118469,0.4159357249736786,-0.01340861339122057,0.5094522833824158,0.31942474842071533,-0.04230515658855438,0.5106601715087891,0.3207845687866211,-0.06366310268640518,0.5141842365264893,0.36778348684310913,-0.0726093202829361,0.5544853210449219,0.41694027185440063,-0.02085394784808159,0.5462437272071838,0.3296077847480774,-0.041763611137866974,0.547484815120697,0.33205553889274597,-0.04918621480464935,0.5499633550643921,0.37489715218544006,-0.04886290803551674,0.5920710563659668,0.4302995800971985,-0.03161687031388283,0.5885986089706421,0.3560298681259155,-0.04678253084421158,0.5857933759689331,0.34763455390930176,-0.05047060176730156,0.5821571350097656,0.3750764727592468,-0.048678115010261536,e
0.5714961290359497,0.6158806085586548,-1.3757357475441268e-09,0.5081471800804138,0.6104598641395569,-0.02232249453663826,0.4485462009906769,0.5690943002700806,-0.03917023539543152,0.40935418009757996,0.5252397656440735,-0.057694971561431885,0.42679789662361145,0.49464595317840576,-0.07303982973098755,0.47753486037254333,0.42474034428596497,-0.0057878559455275536,0.4675302803516388,0.34600162506103516,-0.033783771097660065,0.4670443534851074,0.33552682399749756,-0.05814666301012039,0.47314587235450745,0.3662930727005005,-0.07075657695531845,0.5148568749427795,0.4093623161315918,-0.009261295199394226,0.5058149695396423,0.31475305557250977,-0.03625176101922989,0.5086501836776733,0.3158543109893799,-0.05627155676484108,0.5143179297447205,0.3611624240875244,-0.06435635685920715,0.5514858961105347,0.41034671664237976,-0.017397407442331314,0.5429874658584595,0.3236415386199951,-0.0370529443025589,0.5451130270957947,0.32437679171562195,-0.043332524597644806,0.5493903756141663,0.3653087317943573,-0.042302146553993225,0.5898696184158325,0.4239097237586975,-0.028615890070796013,0.5867859125137329,0.3503136932849884,-0.0429568886756897,0.585157573223114,0.34210947155952454,-0.04574889689683914,0.5832091569900513,0.369063138961792,-0.043314654380083084,e
0.5720523595809937,0.615106463432312,3.150784166905396e-08,0.5072622895240784,0.6108142137527466,-0.023696638643741608,0.4460538625717163,0.5690500736236572,-0.04011991247534752,0.40552031993865967,0.5251424908638,-0.05791596695780754,0.4222327768802643,0.49185729026794434,-0.0726647824048996,0.47424352169036865,0.42128637433052063,-0.004842284135520458,0.4634283781051636,0.34356003999710083,-0.03200812265276909,0.46351194381713867,0.3309204876422882,-0.05692502483725548,0.47065940499305725,0.3580796718597412,-0.0703088566660881,0.512309193611145,0.40449652075767517,-0.0077963597141206264,0.501911461353302,0.3107753396034241,-0.033471882343292236,0.5046904683113098,0.3064661920070648,-0.055312663316726685,0.511668860912323,0.3477279543876648,-0.06550616770982742,0.549857497215271,0.40515974164009094,-0.015587478876113892,0.542039692401886,0.3194870948791504,-0.035364437848329544,0.543801486492157,0.3169406056404114,-0.045172061771154404,0.5491383075714111,0.35666054487228394,-0.046870458871126175,0.5887461304664612,0.4190952479839325,-0.026441270485520363,0.5842601656913757,0.34500306844711304,-0.0414695218205452,0.5828043222427368,0.334743857383728,-0.046391915529966354,0.5830902457237244,0.3608255088329315,-0.04568389430642128,e
0.5704016089439392,0.6117386817932129,-2.44051978626203e-09,0.50516676902771,0.6084736585617065,-0.024471258744597435,0.4432372450828552,0.5660552382469177,-0.04234357550740242,0.4023478627204895,0.5208544135093689,-0.06182130426168442,0.4171338677406311,0.48949024081230164,-0.07811134308576584,0.4695920944213867,0.4173040986061096,-0.008363062515854836,0.45806884765625,0.335549533367157,-0.03833277150988579,0.4591561257839203,0.32890284061431885,-0.06394456326961517,0.46693816781044006,0.362801730632782,-0.0774325355887413,0.5084268450737,0.39994949102401733,-0.012278690934181213,0.49759674072265625,0.2988556921482086,-0.042803358286619186,0.5010568499565125,0.3052006661891937,-0.06545492261648178,0.5086362957954407,0.3527607321739197,-0.07482108473777771,0.5465525388717651,0.4008840024471283,-0.02098986692726612,0.5382170677185059,0.309251606464386,-0.043447598814964294,0.5411871075630188,0.31606924533843994,-0.051792748272418976,0.5472782254219055,0.3591170012950897,-0.05173073709011078,0.5864726305007935,0.41524264216423035,-0.03282180428504944,0.5823268890380859,0.3387489914894104,-0.0483119897544384,0.5808138847351074,0.33267679810523987,-0.05208295211195946,0.580342173576355,0.3605233132839203,-0.050471220165491104,e
0.567402720451355,0.612479567527771,-3.068645781922896e-08,0.4998892843723297,0.6081002950668335,-0.024720732122659683,0.43750515580177307,0.5659605264663696,-0.04417884722352028,0.39610323309898376,0.5220681428909302,-0.06545164436101913,0.41232022643089294,0.48652946949005127,-0.08319686353206635,0.4663575291633606,0.41320499777793884,-0.00975547544658184,0.45494145154953003,0.326882004737854,-0.042518798261880875,0.4547540545463562,0.32231405377388,-0.06998061388731003,0.46119043231010437,0.3604414165019989,-0.08381907641887665,0.5054031610488892,0.39622461795806885,-0.013968418352305889,0.4936833381652832,0.29297953844070435,-0.04570801928639412,0.49763017892837524,0.30038589239120483,-0.06819267570972443,0.5049952864646912,0.35115835070610046,-0.07688920199871063,0.5443984866142273,0.39669933915138245,-0.023197205737233162,0.5340756773948669,0.30267903208732605,-0.045624617487192154,0.5371227860450745,0.3078474998474121,-0.05263306200504303,0.542348325252533,0.3525081276893616,-0.051414936780929565,0.5851758122444153,0.4102383255958557,-0.035776298493146896,0.5808951258659363,0.32963505387306213,-0.050866179168224335,0.5788750648498535,0.32199549674987793,-0.05349890515208244,0.5768536329269409,0.35076701641082764,-0.05076419562101364,e
0.5682551264762878,0.6128999590873718,-3.4209872712409606e-09,0.5001895427703857,0.6100704669952393,-0.02591256983578205,0.4355069398880005,0.567923367023468,-0.045131176710128784,0.39432603120803833,0.5221399068832397,-0.0662078708410263,0.4093208312988281,0.4852898418903351,-0.08403347432613373,0.46398329734802246,0.41190505027770996,-0.009396856650710106,0.45129090547561646,0.3246309757232666,-0.04201117157936096,0.4507685601711273,0.3157816529273987,-0.07002807408571243,0.4573742747306824,0.3514159619808197,-0.08440392464399338,0.5038648247718811,0.39394399523735046,-0.013469712808728218,0.4910721778869629,0.289753258228302,-0.045209046453237534,0.49394941329956055,0.29148179292678833,-0.06960674375295639,0.501373827457428,0.3403172194957733,-0.08030075579881668,0.5432373285293579,0.3941488564014435,-0.02269921638071537,0.5331728458404541,0.30062729120254517,-0.0461682453751564,0.5365517735481262,0.30598652362823486,-0.05536255985498428,0.5422518253326416,0.3517710268497467,-0.05570783093571663,0.5839917659759521,0.40728312730789185,-0.035315170884132385,0.5777710676193237,0.32583677768707275,-0.05149213597178459,0.5768226385116577,0.31889212131500244,-0.05520986393094063,0.5764431953430176,0.34937089681625366,-0.053388528525829315,e
0.5660018920898438,0.6116988062858582,-1.1438105573802204e-08,0.4973672926425934,0.6102895140647888,-0.026490019634366035,0.43273618817329407,0.5694916844367981,-0.046800754964351654,0.3914749324321747,0.524668276309967,-0.06880511343479156,0.4048905074596405,0.48464536666870117,-0.08742453902959824,0.46083927154541016,0.40840211510658264,-0.0119065772742033,0.44782328605651855,0.3199080526828766,-0.045733001083135605,0.4474135637283325,0.310943603515625,-0.07416283339262009,0.4550178647041321,0.347221314907074,-0.08856039494276047,0.5013437867164612,0.39032894372940063,-0.016078632324934006,0.4886684715747833,0.2826707363128662,-0.04931259527802467,0.49082237482070923,0.2869589626789093,-0.07346618175506592,0.498283326625824,0.3386465013027191,-0.0834181010723114,0.5414178371429443,0.39056915044784546,-0.02535911463201046,0.5309224724769592,0.29421067237854004,-0.049188241362571716,0.5329713821411133,0.30071043968200684,-0.057331234216690063,0.5388559699058533,0.34731537103652954,-0.05681908130645752,0.5831986665725708,0.4045495092868805,-0.038114190101623535,0.5771176218986511,0.3204419016838074,-0.05453037470579147,0.5748881101608276,0.3140525817871094,-0.05772656202316284,0.5738031268119812,0.3455486297607422,-0.0552971214056015,e
0.5647789239883423,0.6145280599594116,1.2343663868819021e-08,0.49466755986213684,0.609718382358551,-0.0269783828407526,0.4298430383205414,0.5695395469665527,-0.047877948731184006,0.38699284195899963,0.5250908136367798,-0.0704784244298935,0.40227028727531433,0.4819963276386261,-0.08939684927463531,0.45893287658691406,0.4086465537548065,-0.011765660718083382,0.4447422921657562,0.3185809254646301,-0.047095466405153275,0.44239363074302673,0.30894121527671814,-0.07665784657001495,0.44860175251960754,0.34464287757873535,-0.09132161736488342,0.4994763135910034,0.38917598128318787,-0.015473875217139721,0.48636558651924133,0.28316497802734375,-0.04763910174369812,0.48575207591056824,0.27972424030303955,-0.07110640406608582,0.4920101463794708,0.32812339067459106,-0.08092814683914185,0.540276825428009,0.38913145661354065,-0.024700159206986427,0.5291651487350464,0.29384785890579224,-0.04784122109413147,0.5296811461448669,0.29490089416503906,-0.0548139363527298,0.5337768197059631,0.3393624722957611,-0.0534324087202549,0.5826127529144287,0.4029785990715027,-0.03760287165641785,0.5770911574363708,0.3198801875114441,-0.05402623862028122,0.573438286781311,0.3083900511264801,-0.05681649595499039,0.5701188445091248,0.3353397250175476,-0.05365524813532829,e
0.5643355846405029,0.6151772737503052,-1.416468986548125e-08,0.4935295879840851,0.6132386922836304,-0.026858730241656303,0.4271562397480011,0.5720129013061523,-0.04793306067585945,0.38359731435775757,0.5268893837928772,-0.07079918682575226,0.399406373500824,0.4842902719974518,-0.08988574892282486,0.4568544030189514,0.40586602687835693,-0.01211140863597393,0.4423714876174927,0.3130567669868469,-0.04786067456007004,0.43939852714538574,0.3061005473136902,-0.07716752588748932,0.4458039700984955,0.34676802158355713,-0.09151715785264969,0.49780839681625366,0.38679057359695435,-0.016082432121038437,0.4847436547279358,0.2768634557723999,-0.04969761520624161,0.48416513204574585,0.27883774042129517,-0.07317181676626205,0.490352064371109,0.332133412361145,-0.08227314800024033,0.538724422454834,0.38673141598701477,-0.025560814887285233,0.5270803570747375,0.2872919738292694,-0.04912518709897995,0.527655303478241,0.2903065085411072,-0.05587195232510567,0.5333490967750549,0.3364787697792053,-0.05413612723350525,0.5815668106079102,0.4005764126777649,-0.0387251153588295,0.5749934315681458,0.3159651756286621,-0.055476728826761246,0.5725655555725098,0.30681514739990234,-0.058551471680402756,0.5719507932662964,0.33572328090667725,-0.05544926971197128,e
0.5629253387451172,0.6180264949798584,-2.8828264220237543e-08,0.48988044261932373,0.6167460680007935,-0.025500470772385597,0.4210990369319916,0.5750910043716431,-0.04563627019524574,0.3766173720359802,0.5300843119621277,-0.06794703751802444,0.39240890741348267,0.4879424273967743,-0.08660269528627396,0.4515816867351532,0.40720340609550476,-0.012377922423183918,0.4360724985599518,0.30979248881340027,-0.047970645129680634,0.4328787326812744,0.3052598237991333,-0.07796762138605118,0.4385526180267334,0.34934818744659424,-0.0930899828672409,0.49421781301498413,0.3868994414806366,-0.017306001856923103,0.4801012873649597,0.2738301157951355,-0.04987242445349693,0.4775038957595825,0.27320587635040283,-0.07522715628147125,0.4823974072933197,0.32686904072761536,-0.08699417859315872,0.5363948345184326,0.386628121137619,-0.02747209742665291,0.5227513313293457,0.28204360604286194,-0.04959022253751755,0.5211176872253418,0.2827126681804657,-0.0583898089826107,0.5251756310462952,0.3306097090244293,-0.059446513652801514,0.5807390809059143,0.39980563521385193,-0.0412379689514637,0.573733389377594,0.31178373098373413,-0.05765592306852341,0.5696306228637695,0.30097973346710205,-0.06223661080002785,0.5673458576202393,0.3315315544605255,-0.061057720333337784,e
0.5659564733505249,0.6277012825012207,1.969295393422499e-09,0.4917028546333313,0.6252250075340271,-0.027842648327350616,0.42093974351882935,0.5820843577384949,-0.04939712584018707,0.3732951581478119,0.534554123878479,-0.07303711771965027,0.3916122317314148,0.49078163504600525,-0.09277430921792984,0.45014798641204834,0.41100409626960754,-0.01159339863806963,0.434619277715683,0.3125852942466736,-0.04926465079188347,0.431427925825119,0.303949773311615,-0.08141162991523743,0.43725132942199707,0.34578442573547363,-0.09780041128396988,0.49356380105018616,0.389492392539978,-0.016492923721671104,0.4801531434059143,0.2742738723754883,-0.05206238105893135,0.47757139801979065,0.2720271348953247,-0.07901741564273834,0.4821191728115082,0.32851070165634155,-0.09081561863422394,0.5370304584503174,0.3890060484409332,-0.02714005671441555,0.5242567658424377,0.2839316725730896,-0.05115719512104988,0.5228582620620728,0.2834460139274597,-0.05974115431308746,0.5262357592582703,0.33271324634552,-0.05961085483431816,0.5823458433151245,0.4024791419506073,-0.04176483675837517,0.574195146560669,0.31390395760536194,-0.058852218091487885,0.5701574683189392,0.30174505710601807,-0.06298839300870895,0.5677183866500854,0.3318377137184143,-0.06084233522415161,e
0.5638917684555054,0.6312012672424316,-4.7500673616696076e-08,0.48962321877479553,0.6294286847114563,-0.025489894673228264,0.41887715458869934,0.5852187871932983,-0.045003630220890045,0.3748118281364441,0.5385903120040894,-0.0670032873749733,0.38896211981773376,0.49511346220970154,-0.08551767468452454,0.44936999678611755,0.411632239818573,-0.011493351310491562,0.4340483844280243,0.3100093603134155,-0.04845825210213661,0.43045541644096375,0.3040809631347656,-0.07975471019744873,0.4359348714351654,0.34859973192214966,-0.0953698605298996,0.49299415946006775,0.390468031167984,-0.017249038442969322,0.4792414605617523,0.2716441750526428,-0.051124364137649536,0.4762513339519501,0.27150893211364746,-0.07759543508291245,0.4814647138118744,0.32777339220046997,-0.08967078477144241,0.5362780094146729,0.3900536894798279,-0.02838827110826969,0.5233597755432129,0.2823118567466736,-0.052076127380132675,0.5214508175849915,0.28454267978668213,-0.06180834397673607,0.526099443435669,0.3351860046386719,-0.06287149339914322,0.5815369486808777,0.40401923656463623,-0.04312415421009064,0.5741718411445618,0.31263089179992676,-0.06034892424941063,0.5693367719650269,0.3024211525917053,-0.06488047540187836,0.5673561096191406,0.33500486612319946,-0.0633285790681839,e
0.5664779543876648,0.6369927525520325,-3.207890841849803e-08,0.490097314119339,0.6337429285049438,-0.026313818991184235,0.41807126998901367,0.588283360004425,-0.04562748223543167,0.37148308753967285,0.5424525737762451,-0.06770467758178711,0.38553711771965027,0.49741923809051514,-0.08625512570142746,0.4489414393901825,0.4137915074825287,-0.008310314267873764,0.43165791034698486,0.31424441933631897,-0.045183803886175156,0.4273790419101715,0.3048097491264343,-0.07784496247768402,0.4333360195159912,0.3465276062488556,-0.09484376013278961,0.4927067756652832,0.39108285307884216,-0.014086517505347729,0.4786636531352997,0.2748537063598633,-0.04855645075440407,0.4739832580089569,0.27101027965545654,-0.0776323676109314,0.4786943793296814,0.3265719413757324,-0.09187490493059158,0.536533772945404,0.39026761054992676,-0.025561701506376266,0.5240498781204224,0.2828952968120575,-0.04933285713195801,0.5216381549835205,0.2834063768386841,-0.06066801771521568,0.5257390141487122,0.3348592221736908,-0.06302991509437561,0.5820825695991516,0.40411177277565,-0.04089144617319107,0.5747937560081482,0.31292101740837097,-0.05859304592013359,0.5697664618492126,0.30208590626716614,-0.06437176465988159,0.5677682757377625,0.33611732721328735,-0.06379289925098419,e
0.5660099983215332,0.6394515633583069,-2.614695837621639e-08,0.4897459149360657,0.6344269514083862,-0.02629268355667591,0.4192255735397339,0.5900314450263977,-0.04618808254599571,0.37356528639793396,0.5443817377090454,-0.06869373470544815,0.3859158158302307,0.4998241066932678,-0.0875808373093605,0.44916021823883057,0.413600355386734,-0.008582927286624908,0.432203084230423,0.3143243193626404,-0.0450877882540226,0.42945894598960876,0.3044312000274658,-0.07686237245798111,0.43626901507377625,0.34461742639541626,-0.0929538682103157,0.4926459789276123,0.39143437147140503,-0.014092115685343742,0.4785904288291931,0.2745248079299927,-0.04729139804840088,0.4766559600830078,0.27110129594802856,-0.07414942234754562,0.48279786109924316,0.3257138133049011,-0.08663570135831833,0.5362679958343506,0.3908255100250244,-0.025328977033495903,0.5233722925186157,0.2835271954536438,-0.04887017607688904,0.5223133563995361,0.28421297669410706,-0.0585128553211689,0.5272266864776611,0.33506426215171814,-0.05934286490082741,0.5818911790847778,0.40496963262557983,-0.040372878313064575,0.5749112367630005,0.3126189112663269,-0.05786933749914169,0.5700976848602295,0.30168217420578003,-0.06234603002667427,0.568016529083252,0.3352130949497223,-0.06048023700714111,e
0.5662010908126831,0.6402271389961243,-8.05196336273184e-08,0.48949798941612244,0.6374837160110474,-0.02484825626015663,0.4176723062992096,0.5908911228179932,-0.04406147822737694,0.3725811839103699,0.5436127185821533,-0.06647033989429474,0.3867422342300415,0.5025315284729004,-0.08551637083292007,0.4484211206436157,0.4142500162124634,-0.008941911160945892,0.4323168694972992,0.3107016384601593,-0.04682651534676552,0.4284437596797943,0.30590102076530457,-0.07952728867530823,0.43493035435676575,0.3517150282859802,-0.09620016813278198,0.4929601550102234,0.3930715024471283,-0.01600339077413082,0.48038744926452637,0.2699664533138275,-0.05223139375448227,0.47582343220710754,0.2752395272254944,-0.08069026470184326,0.48038896918296814,0.3360009491443634,-0.09350867569446564,0.5366761684417725,0.3926839232444763,-0.0285560991615057,0.5254214406013489,0.28076356649398804,-0.052518829703330994,0.5223936438560486,0.287106454372406,-0.06272357702255249,0.5267331004142761,0.3408658802509308,-0.06393320113420486,0.5823540091514587,0.40696752071380615,-0.04490412771701813,0.5760168433189392,0.31264907121658325,-0.06101545691490173,0.5701355338096619,0.30310338735580444,-0.06529246270656586,0.5677071213722229,0.33691179752349854,-0.06380069255828857,e
0.5684956312179565,0.6418999433517456,-1.0393505789352275e-07,0.4909578263759613,0.6404458284378052,-0.02417253889143467,0.4179808497428894,0.5928891897201538,-0.04292115196585655,0.37197762727737427,0.5476244688034058,-0.0650126039981842,0.38487139344215393,0.5057919025421143,-0.08370472490787506,0.44865772128105164,0.41614997386932373,-0.008155619725584984,0.43293482065200806,0.30924952030181885,-0.04635767266154289,0.42910557985305786,0.3062073588371277,-0.07902777194976807,0.4355875849723816,0.355115681886673,-0.09530842304229736,0.49345946311950684,0.39424169063568115,-0.015442836098372936,0.4812418520450592,0.268991082906723,-0.05119849741458893,0.4759114384651184,0.2749074697494507,-0.07917666435241699,0.4797315299510956,0.337119996547699,-0.09147676080465317,0.5380241274833679,0.39316070079803467,-0.028281383216381073,0.5260258316993713,0.2803974747657776,-0.05133549124002457,0.5220673084259033,0.28604942560195923,-0.06111042946577072,0.5257810354232788,0.34010812640190125,-0.062104061245918274,0.5842632055282593,0.40694722533226013,-0.04490050673484802,0.5760813355445862,0.3130068778991699,-0.06022532656788826,0.5699113607406616,0.3032715916633606,-0.06399205327033997,0.5680707693099976,0.33706021308898926,-0.06213231012225151,e
0.5694316029548645,0.6444067358970642,-9.161265523971451e-08,0.4917415380477905,0.6423776745796204,-0.02692500315606594,0.4190275967121124,0.5962147116661072,-0.04796856269240379,0.3734302520751953,0.5506615042686462,-0.07194729894399643,0.3847687542438507,0.5055369138717651,-0.09227576851844788,0.4506371021270752,0.416456013917923,-0.011726622469723225,0.43632349371910095,0.3087131083011627,-0.05158113315701485,0.4304092526435852,0.3048662543296814,-0.08475460112094879,0.43444114923477173,0.353691428899765,-0.10113879293203354,0.4954870343208313,0.3951653242111206,-0.018392512574791908,0.48271703720092773,0.26848816871643066,-0.05623825266957283,0.47795358300209045,0.2755633592605591,-0.08469375222921371,0.4824349880218506,0.33814936876296997,-0.09680988639593124,0.5400335192680359,0.3944687843322754,-0.030771803110837936,0.5280249714851379,0.2802281975746155,-0.05585438758134842,0.5249478816986084,0.2864457368850708,-0.0653562843799591,0.5294325947761536,0.34102723002433777,-0.0655222088098526,0.5867757797241211,0.408754825592041,-0.047084029763936996,0.5786418914794922,0.3137683868408203,-0.0636385977268219,0.5729800462722778,0.30332475900650024,-0.06732019782066345,0.5711404085159302,0.3363237679004669,-0.06496050208806992,e
0.5717887878417969,0.648377537727356,-9.209215789951486e-08,0.4930816888809204,0.6458698511123657,-0.026928585022687912,0.41952601075172424,0.5986168384552002,-0.04772627726197243,0.3735920190811157,0.551712155342102,-0.07142408192157745,0.38523218035697937,0.5052435398101807,-0.0912649929523468,0.45142632722854614,0.4174326956272125,-0.010412266477942467,0.4379619061946869,0.3079017996788025,-0.04978558421134949,0.4325587749481201,0.30412226915359497,-0.08297216892242432,0.43637341260910034,0.3545644283294678,-0.09935182332992554,0.4970158338546753,0.3962603509426117,-0.016886498779058456,0.4837590456008911,0.2700498104095459,-0.05340823903679848,0.4801913797855377,0.27445361018180847,-0.08180730044841766,0.48460322618484497,0.33652013540267944,-0.09446927160024643,0.5423589944839478,0.39598411321640015,-0.02920563519001007,0.5301307439804077,0.28211742639541626,-0.05367827042937279,0.5287185907363892,0.28640878200531006,-0.0632992535829544,0.533003032207489,0.3410482406616211,-0.06397688388824463,0.5900455713272095,0.41022858023643494,-0.04546472430229187,0.5820156335830688,0.3136439323425293,-0.06209457665681839,0.5779353976249695,0.3049408793449402,-0.06566151231527328,0.5761077404022217,0.34115320444107056,-0.06338962912559509,e
0.5732912421226501,0.6511385440826416,-9.936986344882826e-08,0.4944494664669037,0.6486205458641052,-0.026009084656834602,0.4198632836341858,0.5998964905738831,-0.04609231278300285,0.37386083602905273,0.5517914891242981,-0.06919878721237183,0.3862239718437195,0.5071535706520081,-0.08859598636627197,0.4528614282608032,0.4180420935153961,-0.00927795097231865,0.4387800991535187,0.30869871377944946,-0.04837682843208313,0.43399643898010254,0.30523526668548584,-0.08151032030582428,0.4391348958015442,0.35474511981010437,-0.09798931330442429,0.499211847782135,0.3963267505168915,-0.016222937032580376,0.48579689860343933,0.26923155784606934,-0.052650146186351776,0.4828922748565674,0.2747323513031006,-0.08102883398532867,0.4885980486869812,0.33597519993782043,-0.09372621029615402,0.5447717308998108,0.3960094749927521,-0.028947077691555023,0.5325632095336914,0.2823973298072815,-0.05373835191130638,0.5313584208488464,0.28844332695007324,-0.06378805637359619,0.5366700887680054,0.34275177121162415,-0.06470930576324463,0.592456042766571,0.4108459949493408,-0.045496657490730286,0.5850250720977783,0.31404030323028564,-0.06238572672009468,0.5805160403251648,0.3050110340118408,-0.0663476437330246,0.5789899826049805,0.3402146100997925,-0.06445321440696716,e
0.5744926333427429,0.6534976363182068,-1.0339876865828046e-07,0.49522116780281067,0.6508282423019409,-0.026094337925314903,0.4214807152748108,0.6022003293037415,-0.04666541516780853,0.3754243552684784,0.5535702109336853,-0.07050389796495438,0.3868001401424408,0.5077579021453857,-0.09068294614553452,0.4541289210319519,0.41923636198043823,-0.00894077867269516,0.440684974193573,0.3106163740158081,-0.04814182594418526,0.4367942214012146,0.3060914874076843,-0.08158763498067856,0.4423598349094391,0.3545871675014496,-0.09860021620988846,0.5007231831550598,0.39763763546943665,-0.016527041792869568,0.4872761368751526,0.26986604928970337,-0.05399487540125847,0.4856068193912506,0.27735763788223267,-0.08341711014509201,0.4918576180934906,0.33998948335647583,-0.09682057797908783,0.5468720197677612,0.3978472054004669,-0.02984628826379776,0.5351794958114624,0.2825480103492737,-0.05525650829076767,0.5347233414649963,0.29058387875556946,-0.06519567966461182,0.5400155186653137,0.34631675481796265,-0.06605038046836853,0.5953083634376526,0.4133457839488983,-0.04704863950610161,0.588624119758606,0.31566673517227173,-0.06423744559288025,0.5846357345581055,0.30707401037216187,-0.06816922128200531,0.5832173824310303,0.34290164709091187,-0.06634529680013657,e
0.5755399465560913,0.652435839176178,-1.48940785038576e-07,0.4971122145652771,0.6511472463607788,-0.026827024295926094,0.4229956567287445,0.6027396321296692,-0.048010971397161484,0.377071738243103,0.5554527044296265,-0.07246678322553635,0.3856200873851776,0.5075527429580688,-0.09352625161409378,0.4550747871398926,0.4202081561088562,-0.01237021666020155,0.4411450922489166,0.3071703016757965,-0.05306363105773926,0.4382292330265045,0.3077954053878784,-0.08728443831205368,0.444684773683548,0.361092746257782,-0.10445118695497513,0.5017101764678955,0.3991062343120575,-0.019985264167189598,0.48981255292892456,0.26612159609794617,-0.05848773196339607,0.48756951093673706,0.28106147050857544,-0.08840817958116531,0.4923192262649536,0.3468800187110901,-0.1019643247127533,0.5479553937911987,0.3988759517669678,-0.03330013528466225,0.5368066430091858,0.27962884306907654,-0.058943528681993484,0.5355756282806396,0.2918323576450348,-0.0705895945429802,0.5406690835952759,0.34998053312301636,-0.07286575436592102,0.5964288711547852,0.41413551568984985,-0.05045076087117195,0.590366005897522,0.3139721751213074,-0.06697536259889603,0.5854922533035278,0.30774444341659546,-0.07146262377500534,0.5837579965591431,0.3456639349460602,-0.07059694826602936,e
0.5787099599838257,0.6582719087600708,-1.410705010584934e-07,0.4993884563446045,0.6553250551223755,-0.025380592793226242,0.4245552718639374,0.6064426898956299,-0.04522138461470604,0.37981313467025757,0.5573969483375549,-0.06849458813667297,0.3871188163757324,0.5093898177146912,-0.08842818439006805,0.456669420003891,0.42340385913848877,-0.010301917791366577,0.4417727291584015,0.31237173080444336,-0.0497775599360466,0.43914973735809326,0.3098994493484497,-0.08339116722345352,0.4461056590080261,0.3609720468521118,-0.10055632889270782,0.5036411881446838,0.4017406702041626,-0.018766004592180252,0.4904778301715851,0.2705058455467224,-0.057013384997844696,0.4886299967765808,0.28118008375167847,-0.08774594962596893,0.49363037943840027,0.34433209896087646,-0.10231061279773712,0.549858570098877,0.40193599462509155,-0.03281278908252716,0.5389968752861023,0.2828730344772339,-0.05888378992676735,0.5385191440582275,0.29295068979263306,-0.07122153788805008,0.5429978966712952,0.34959110617637634,-0.07418041676282883,0.598731517791748,0.41800883412361145,-0.05051432549953461,0.59351646900177,0.31874004006385803,-0.06815140694379807,0.5893515348434448,0.31043487787246704,-0.07363003492355347,0.5866438150405884,0.3462715446949005,-0.07353171706199646,e
0.5774218440055847,0.6594696640968323,-1.4374677448358852e-07,0.4998528063297272,0.6560053825378418,-0.026709580793976784,0.42550069093704224,0.6080131530761719,-0.04827374219894409,0.38200777769088745,0.5582412481307983,-0.07310886681079865,0.3870670199394226,0.5104873776435852,-0.09455976635217667,0.45764029026031494,0.4253822863101959,-0.015256696380674839,0.4417147934436798,0.3105149269104004,-0.056921835988759995,0.44188642501831055,0.31070297956466675,-0.09065469354391098,0.45099303126335144,0.36396828293800354,-0.10703935474157333,0.5042535066604614,0.4037882089614868,-0.02339649572968483,0.49012330174446106,0.2684515118598938,-0.06335677206516266,0.49163296818733215,0.2832629084587097,-0.09210215508937836,0.4988194406032562,0.3484502136707306,-0.1042351946234703,0.550727903842926,0.4028726816177368,-0.037192560732364655,0.538597047328949,0.2811610698699951,-0.06453526020050049,0.5402714610099792,0.29461073875427246,-0.07496520131826401,0.5457154512405396,0.3525412082672119,-0.07591655850410461,0.5988812446594238,0.4168664813041687,-0.054750073701143265,0.5931124091148376,0.3164671063423157,-0.07281727343797684,0.5897303223609924,0.31135937571525574,-0.07684546709060669,0.587882936000824,0.3497481048107147,-0.07524680346250534,e
0.5794456005096436,0.6586753129959106,-1.2979239727428649e-07,0.5008096694946289,0.6560665965080261,-0.029068410396575928,0.42622286081314087,0.6079728007316589,-0.05190219357609749,0.3802768886089325,0.5583688020706177,-0.07783696055412292,0.38864484429359436,0.511464536190033,-0.1004345566034317,0.4577754735946655,0.4249025285243988,-0.015294712968170643,0.44198545813560486,0.31218472123146057,-0.05759766325354576,0.4407157897949219,0.3106924295425415,-0.09305410832166672,0.4491942226886749,0.3624081611633301,-0.111286960542202,0.5046905279159546,0.402648001909256,-0.02310951240360737,0.4909664988517761,0.26860859990119934,-0.06502034515142441,0.49076634645462036,0.2824437618255615,-0.09702344983816147,0.4968274235725403,0.3480863571166992,-0.11171279847621918,0.5514115691184998,0.4021352231502533,-0.03676079213619232,0.5391898155212402,0.2815946638584137,-0.0650920644402504,0.541006326675415,0.2942664623260498,-0.07759930938482285,0.5466140508651733,0.3525278866291046,-0.08022895455360413,0.5998849868774414,0.4170924723148346,-0.05442630127072334,0.5933745503425598,0.3172314763069153,-0.0731128677725792,0.5908663272857666,0.31248483061790466,-0.07840350270271301,0.5896891355514526,0.35171014070510864,-0.07805934548377991,e
0.5787219405174255,0.6588567495346069,-1.3725285441523738e-07,0.49986502528190613,0.6554808616638184,-0.027993295341730118,0.4260522127151489,0.6074620485305786,-0.05064520239830017,0.3810760974884033,0.5583366751670837,-0.07659690827131271,0.3900008797645569,0.5116401314735413,-0.09909180551767349,0.45900750160217285,0.42473259568214417,-0.01484900526702404,0.44347187876701355,0.31019651889801025,-0.05774184316396713,0.4427362084388733,0.31070730090141296,-0.09285502135753632,0.4518700838088989,0.3646186292171478,-0.11025718599557877,0.506053626537323,0.40283405780792236,-0.022999191656708717,0.492800235748291,0.26713594794273376,-0.06433267146348953,0.49208205938339233,0.28234443068504333,-0.09469898790121078,0.4979531466960907,0.3485868573188782,-0.10790649056434631,0.5526031255722046,0.40237995982170105,-0.03702084720134735,0.5414251089096069,0.281221866607666,-0.0650051087141037,0.5424191355705261,0.2954941391944885,-0.07588303834199905,0.548311710357666,0.35357457399368286,-0.07695222645998001,0.6010350584983826,0.41759732365608215,-0.055002495646476746,0.5943621397018433,0.31690263748168945,-0.07281643152236938,0.5909939408302307,0.31258732080459595,-0.07662849128246307,0.5900439620018005,0.3509664237499237,-0.07490701973438263,e
0.5809777975082397,0.6578080058097839,-1.378464702384008e-07,0.5026679039001465,0.6566240787506104,-0.029365485534071922,0.4272293746471405,0.6083387732505798,-0.05280764028429985,0.37975525856018066,0.5565130114555359,-0.0793834999203682,0.393816202878952,0.5118996500968933,-0.10240806639194489,0.45945248007774353,0.42465803027153015,-0.01619534380733967,0.4436006247997284,0.30958086252212524,-0.059474654495716095,0.443180650472641,0.31061670184135437,-0.09474699199199677,0.45311784744262695,0.36478376388549805,-0.11254632472991943,0.5064882040023804,0.40227845311164856,-0.023741239681839943,0.4928203225135803,0.2662074565887451,-0.06579355895519257,0.49296432733535767,0.2825891375541687,-0.09639334678649902,0.49969422817230225,0.3486136198043823,-0.109792560338974,0.5532174110412598,0.401782751083374,-0.037195224314928055,0.5413817167282104,0.2805076837539673,-0.06509128212928772,0.5431243181228638,0.29612183570861816,-0.07554085552692413,0.5491799116134644,0.3541010618209839,-0.07649073749780655,0.6018716096878052,0.41682305932044983,-0.05480220913887024,0.5948028564453125,0.31570935249328613,-0.07217174768447876,0.59181809425354,0.3133057951927185,-0.0758921355009079,0.5909188389778137,0.35314518213272095,-0.0743594616651535,e
0.5804210901260376,0.6585097312927246,-1.316092976821892e-07,0.5021964907646179,0.656517505645752,-0.02903926558792591,0.426950067281723,0.607410192489624,-0.05200403928756714,0.380021333694458,0.5557388067245483,-0.07808952033519745,0.39271485805511475,0.5114837884902954,-0.10072707384824753,0.45939168334007263,0.42479777336120605,-0.015423786826431751,0.4435625970363617,0.3110440969467163,-0.05816230550408363,0.4429853558540344,0.3110731542110443,-0.09336399286985397,0.45278462767601013,0.3647235631942749,-0.1112709790468216,0.5067193508148193,0.4022464454174042,-0.023225300014019012,0.49302244186401367,0.2671513557434082,-0.06481332331895828,0.4927680194377899,0.281455397605896,-0.09599221497774124,0.49922019243240356,0.3468742072582245,-0.1101405993103981,0.5532662272453308,0.4017925560474396,-0.036907125264406204,0.5418843030929565,0.2812269628047943,-0.06477495282888412,0.5434543490409851,0.29449787735939026,-0.07609809935092926,0.5496594905853271,0.3518342971801758,-0.077860027551651,0.6018009185791016,0.4169544577598572,-0.054669152945280075,0.5945683717727661,0.31715381145477295,-0.07237087935209274,0.5920730233192444,0.3132503628730774,-0.07673618942499161,0.5917672514915466,0.352073609828949,-0.07579178363084793,e
0.5820213556289673,0.6579225063323975,-1.21456608326298e-07,0.5030085444450378,0.655358612537384,-0.029047448188066483,0.4285255968570709,0.606311023235321,-0.052158135920763016,0.3805941343307495,0.5565558671951294,-0.07847601175308228,0.3923341631889343,0.5105820298194885,-0.101457878947258,0.4606667160987854,0.4239616394042969,-0.014336726628243923,0.4445299506187439,0.31130367517471313,-0.05659348517656326,0.4447583258152008,0.3093636631965637,-0.09209737926721573,0.4547213017940521,0.3609388768672943,-0.11042184382677078,0.5073975324630737,0.4016436040401459,-0.021962735801935196,0.4929322302341461,0.26744937896728516,-0.06290623545646667,0.4940080940723419,0.28090015053749084,-0.09495718777179718,0.5007925629615784,0.34548714756965637,-0.11000017821788788,0.5536927580833435,0.40111419558525085,-0.035395197570323944,0.5421556830406189,0.28047770261764526,-0.06265271455049515,0.5439844131469727,0.2932169735431671,-0.07472328096628189,0.5497680902481079,0.35095253586769104,-0.07715968787670135,0.601971447467804,0.4165312647819519,-0.052896104753017426,0.5939466953277588,0.3165244460105896,-0.07005469501018524,0.5917487144470215,0.3118053078651428,-0.07459771633148193,0.5915775299072266,0.3504832983016968,-0.07389379292726517,e
0.5819272398948669,0.6569650769233704,-9.400060463349291e-08,0.5026262998580933,0.6541440486907959,-0.029502974823117256,0.42850300669670105,0.6052691340446472,-0.05254916846752167,0.3816344439983368,0.5552414655685425,-0.07861130684614182,0.39299628138542175,0.5114589929580688,-0.10140890628099442,0.46077924966812134,0.42350995540618896,-0.013691863976418972,0.44520464539527893,0.3133840560913086,-0.05468270555138588,0.44490331411361694,0.308177649974823,-0.08984899520874023,0.45386889576911926,0.35654374957084656,-0.10836154967546463,0.5072858333587646,0.4010619521141052,-0.02111491933465004,0.4928421080112457,0.26954197883605957,-0.061151277273893356,0.49398672580718994,0.279220849275589,-0.09356290847063065,0.5009012222290039,0.3422917425632477,-0.10935527086257935,0.5535370707511902,0.40058186650276184,-0.0343373641371727,0.541793704032898,0.28115081787109375,-0.06153109297156334,0.5438411831855774,0.29086434841156006,-0.07436701655387878,0.5496084094047546,0.34785276651382446,-0.07760646194219589,0.6018082499504089,0.41571876406669617,-0.051633674651384354,0.5939819812774658,0.31692612171173096,-0.06964219361543655,0.5921232104301453,0.31049174070358276,-0.07507245242595673,0.5919814705848694,0.3485872745513916,-0.07506421208381653,e
0.5816888213157654,0.6550483107566833,-1.0970750707883781e-07,0.5029491186141968,0.6524019241333008,-0.02903105691075325,0.4282069206237793,0.6039371490478516,-0.05176008492708206,0.3825642168521881,0.5540953874588013,-0.07743418216705322,0.3922717273235321,0.5082850456237793,-0.0999424159526825,0.4608645439147949,0.42289790511131287,-0.015452827326953411,0.44584065675735474,0.31079816818237305,-0.056844331324100494,0.44593262672424316,0.3068111538887024,-0.09181667119264603,0.45425719022750854,0.3564247488975525,-0.10992404073476791,0.5078274011611938,0.4013042449951172,-0.023063093423843384,0.4943455457687378,0.26710379123687744,-0.06372946500778198,0.4957751929759979,0.2798408269882202,-0.0960446298122406,0.5018389225006104,0.34499886631965637,-0.11139298230409622,0.5539541244506836,0.40062832832336426,-0.0362727977335453,0.5431990623474121,0.28048935532569885,-0.06380192190408707,0.5448404550552368,0.29145821928977966,-0.07722241431474686,0.5499501824378967,0.34983333945274353,-0.08067194372415543,0.6018772125244141,0.4152790307998657,-0.0534045584499836,0.5941560864448547,0.31598344445228577,-0.07120964676141739,0.5921878814697266,0.30933886766433716,-0.07678738981485367,0.5916262269020081,0.3474327027797699,-0.07690317183732986,e
0.5817972421646118,0.654588520526886,-1.1165054303319266e-07,0.5039054155349731,0.6523760557174683,-0.02900976873934269,0.42948079109191895,0.603919506072998,-0.051958754658699036,0.38263851404190063,0.55436772108078,-0.07792169600725174,0.3939162790775299,0.5091717839241028,-0.10076291859149933,0.4610806405544281,0.42255154252052307,-0.015304909087717533,0.445858895778656,0.31078869104385376,-0.05730513855814934,0.4451080560684204,0.3075319528579712,-0.09278637170791626,0.4539662003517151,0.35799118876457214,-0.11123652011156082,0.5083382725715637,0.40042123198509216,-0.023033175617456436,0.4944509267807007,0.2665795683860779,-0.06432637572288513,0.4945414960384369,0.27928608655929565,-0.09723510593175888,0.500577986240387,0.3437787592411041,-0.1129586324095726,0.5545520782470703,0.3999533951282501,-0.036378324031829834,0.5437954664230347,0.2804270088672638,-0.06433569639921188,0.5448989272117615,0.29225194454193115,-0.07798667252063751,0.5507669448852539,0.34979477524757385,-0.08147457987070084,0.6028791666030884,0.4156354069709778,-0.05362185835838318,0.5945793390274048,0.3167034685611725,-0.07137422263622284,0.5923210382461548,0.3106403052806854,-0.07691475003957748,0.5925829410552979,0.3479444682598114,-0.07698061317205429,e
0.583487868309021,0.6541115045547485,-1.0621979384950464e-07,0.5047419667243958,0.6520447731018066,-0.03084455244243145,0.43045774102211,0.6039427518844604,-0.054945968091487885,0.38206085562705994,0.5556391477584839,-0.081832654774189,0.3931509852409363,0.5076051354408264,-0.10534226149320602,0.4622146189212799,0.42255938053131104,-0.016442185267806053,0.44606369733810425,0.3103905916213989,-0.05929184332489967,0.4450056552886963,0.30822670459747314,-0.09563908725976944,0.45407459139823914,0.3594381511211395,-0.11460568010807037,0.5086599588394165,0.40044933557510376,-0.02318720705807209,0.4942637085914612,0.2669013738632202,-0.06434304267168045,0.4942648708820343,0.27923470735549927,-0.0977863222360611,0.500386655330658,0.3425598740577698,-0.11417645961046219,0.554597795009613,0.40001457929611206,-0.03577360138297081,0.5435739159584045,0.2798885107040405,-0.0633627325296402,0.5445607900619507,0.29106569290161133,-0.07729984819889069,0.5502278804779053,0.3485099673271179,-0.08125177770853043,0.6027035713195801,0.41563108563423157,-0.0524873249232769,0.5951247215270996,0.3163985013961792,-0.07013203948736191,0.5924814343452454,0.3099564015865326,-0.07607030868530273,0.5921906232833862,0.34725522994995117,-0.07654506713151932,e
0.5843111276626587,0.6557085514068604,-9.427287750440883e-08,0.5058009028434753,0.6523416638374329,-0.02903594635426998,0.4309614896774292,0.6033812761306763,-0.05156221240758896,0.38289740681648254,0.5530083179473877,-0.07711819559335709,0.3949939012527466,0.5098812580108643,-0.09942302852869034,0.46246138215065,0.42298784852027893,-0.01334217470139265,0.4461371600627899,0.31338122487068176,-0.05416824296116829,0.44596633315086365,0.3081539273262024,-0.08917181938886642,0.4555446207523346,0.35628873109817505,-0.10760348290205002,0.5089229345321655,0.4003773033618927,-0.02075386419892311,0.49373525381088257,0.26942840218544006,-0.06068938225507736,0.49413633346557617,0.27884066104888916,-0.09310411661863327,0.5008858442306519,0.34100452065467834,-0.10891559720039368,0.5547256469726562,0.3997407555580139,-0.0338982529938221,0.5430440306663513,0.28194940090179443,-0.060982249677181244,0.544421911239624,0.292005717754364,-0.07405240088701248,0.5499184131622314,0.34849345684051514,-0.07740004360675812,0.6025222539901733,0.4148566424846649,-0.05106990411877632,0.5946775674819946,0.31666281819343567,-0.06861396133899689,0.5922659635543823,0.30987852811813354,-0.07412136346101761,0.5916739702224731,0.34720781445503235,-0.07426184415817261,e
0.5838812589645386,0.6542673707008362,-8.908990167810771e-08,0.5052974224090576,0.6513751745223999,-0.03155083954334259,0.4313752353191376,0.6022040247917175,-0.05511252209544182,0.38328492641448975,0.5538169145584106,-0.08140069246292114,0.394954651594162,0.5085493326187134,-0.10455453395843506,0.46310144662857056,0.4231463372707367,-0.015310388058423996,0.44763314723968506,0.3134191036224365,-0.05711589753627777,0.44732746481895447,0.3084518313407898,-0.0936323031783104,0.45639100670814514,0.3574259281158447,-0.11320038139820099,0.5094637870788574,0.4008139967918396,-0.021840712055563927,0.4950118064880371,0.26894548535346985,-0.06322226673364639,0.49558162689208984,0.27929335832595825,-0.09892893582582474,0.5021387934684753,0.3429538607597351,-0.11718996614217758,0.5550377368927002,0.4001062512397766,-0.03412594273686409,0.5442347526550293,0.2823634147644043,-0.06232724338769913,0.5456718802452087,0.2921246886253357,-0.07891255617141724,0.5513748526573181,0.3506813049316406,-0.08469643443822861,0.6026625037193298,0.4150203764438629,-0.0504993237555027,0.5951642990112305,0.3168206810951233,-0.06870575994253159,0.5925354957580566,0.3086419105529785,-0.07630066573619843,0.5916047096252441,0.346496045589447,-0.07820642739534378,e
0.5839694738388062,0.6532783508300781,-7.030080695358265e-08,0.505600094795227,0.6512433290481567,-0.03256189078092575,0.4321748912334442,0.6025590896606445,-0.05698348581790924,0.3834230899810791,0.5542285442352295,-0.0839466005563736,0.39606040716171265,0.5099838376045227,-0.10759245604276657,0.4634396731853485,0.42251598834991455,-0.01575852744281292,0.448464572429657,0.3140684962272644,-0.05760560557246208,0.4475519359111786,0.30792486667633057,-0.0938967615365982,0.4564002454280853,0.3555428981781006,-0.11337391287088394,0.5096557140350342,0.3999652564525604,-0.02186671644449234,0.4953513741493225,0.2691414952278137,-0.0634332001209259,0.495941698551178,0.2795446515083313,-0.09825634956359863,0.5026336908340454,0.34310466051101685,-0.11564866453409195,0.5552371740341187,0.3992031514644623,-0.03387829661369324,0.5443848967552185,0.28192877769470215,-0.06213633343577385,0.5457476377487183,0.2920629382133484,-0.07726346701383591,0.5514894127845764,0.35010790824890137,-0.08182455599308014,0.6028169989585876,0.41414564847946167,-0.05013755336403847,0.5949645042419434,0.3165592849254608,-0.06830711662769318,0.5923810005187988,0.30888599157333374,-0.07516258209943771,0.591717004776001,0.34644603729248047,-0.0763111263513565,e
0.5823973417282104,0.6514810919761658,-8.119578609466771e-08,0.504862368106842,0.6494646072387695,-0.032081395387649536,0.4316096007823944,0.6013821959495544,-0.05668562278151512,0.38295990228652954,0.5545848608016968,-0.08387879282236099,0.3946975767612457,0.5085321068763733,-0.1078719049692154,0.46281760931015015,0.4225650727748871,-0.01705932430922985,0.44790562987327576,0.3131698966026306,-0.059517353773117065,0.4472275376319885,0.30880576372146606,-0.09620382636785507,0.4561270475387573,0.35801422595977783,-0.1159222200512886,0.5091366767883301,0.4001990556716919,-0.023513784632086754,0.49557796120643616,0.2681703567504883,-0.06538461148738861,0.4958456754684448,0.27970972657203674,-0.10063906759023666,0.5014904737472534,0.3436838388442993,-0.11858119815587997,0.5546821355819702,0.3994482755661011,-0.03572719171643257,0.5441266894340515,0.28142303228378296,-0.06370808184146881,0.5452471971511841,0.2920777201652527,-0.07897592335939407,0.5501728057861328,0.350005567073822,-0.08406742662191391,0.6021926999092102,0.41475579142570496,-0.052130620926618576,0.5945955514907837,0.3171587884426117,-0.06994200497865677,0.5922418832778931,0.3097783625125885,-0.07676147669553757,0.591327428817749,0.3467591404914856,-0.07823491096496582,e
0.5833119750022888,0.6520622372627258,-7.386140765675009e-08,0.5045286417007446,0.6495243310928345,-0.03146849572658539,0.43147751688957214,0.6019623279571533,-0.055571556091308594,0.38232800364494324,0.5539757609367371,-0.08235415816307068,0.39703527092933655,0.5088222026824951,-0.10592552274465561,0.4634511172771454,0.4223290681838989,-0.014339118264615536,0.4481571912765503,0.31532979011535645,-0.05566779896616936,0.4466349184513092,0.30802997946739197,-0.09196478128433228,0.45522603392601013,0.35373324155807495,-0.1117415502667427,0.5093076825141907,0.39960017800331116,-0.020789271220564842,0.4955892562866211,0.2694619297981262,-0.06186700239777565,0.4952438771724701,0.279529333114624,-0.096713587641716,0.5008701682090759,0.3426925837993622,-0.11433885246515274,0.5546841025352478,0.39878126978874207,-0.03304519131779671,0.54365074634552,0.28227847814559937,-0.06052088737487793,0.5438061356544495,0.29140084981918335,-0.07552546262741089,0.5488486289978027,0.3486071228981018,-0.08031623065471649,0.6024744510650635,0.4141260087490082,-0.049502894282341,0.5942150354385376,0.31761205196380615,-0.06705395132303238,0.5909193158149719,0.3086485266685486,-0.0739220380783081,0.589928150177002,0.34422141313552856,-0.07529973238706589,e
0.5822212100028992,0.6501959562301636,-8.700043707676741e-08,0.5034920573234558,0.6483674049377441,-0.03199029713869095,0.4303954541683197,0.6004142761230469,-0.05659004673361778,0.3815106451511383,0.5531033277511597,-0.08383691310882568,0.3966895639896393,0.5071426630020142,-0.10786028951406479,0.4628147482872009,0.4218798875808716,-0.01620185747742653,0.44801750779151917,0.31240636110305786,-0.058359552174806595,0.4475230574607849,0.30783653259277344,-0.09497150033712387,0.456250935792923,0.3565264046192169,-0.11481090635061264,0.5090482831001282,0.3999664783477783,-0.02243589423596859,0.4954475164413452,0.2678802013397217,-0.06431792676448822,0.4966685175895691,0.2813427150249481,-0.09984787553548813,0.5025990605354309,0.345561683177948,-0.11792673915624619,0.5544004440307617,0.39898422360420227,-0.03438246250152588,0.5434819459915161,0.28076332807540894,-0.06217857450246811,0.5443455576896667,0.29153716564178467,-0.07771898806095123,0.5494409203529358,0.3500574827194214,-0.08294308930635452,0.6021674275398254,0.41384556889533997,-0.0505131371319294,0.5944443345069885,0.31660860776901245,-0.06783732771873474,0.5915042161941528,0.307849645614624,-0.07493014633655548,0.5901753306388855,0.3438289165496826,-0.0766826793551445,e
0.5837663412094116,0.6505501866340637,-8.03818949179913e-08,0.5048143267631531,0.6490437984466553,-0.03139237314462662,0.43134987354278564,0.6020205020904541,-0.055367983877658844,0.38266485929489136,0.5538554787635803,-0.08199115842580795,0.3956311047077179,0.5066154599189758,-0.10523772239685059,0.46317800879478455,0.42196840047836304,-0.014703887514770031,0.44727736711502075,0.31415560841560364,-0.055927824229002,0.44656404852867126,0.30798161029815674,-0.0917457565665245,0.4558711349964142,0.3547547459602356,-0.11100609600543976,0.5090075731277466,0.39906740188598633,-0.02097841538488865,0.4951295852661133,0.2689235806465149,-0.06146244704723358,0.4953927993774414,0.27954310178756714,-0.09542001783847809,0.5014536380767822,0.34248602390289307,-0.1124313473701477,0.5542476177215576,0.3980976641178131,-0.0330657921731472,0.5430355668067932,0.2809354066848755,-0.059977851808071136,0.5435208082199097,0.2906530499458313,-0.07391918450593948,0.5485613346099854,0.3478868007659912,-0.0780743956565857,0.6019545793533325,0.4132201671600342,-0.049388572573661804,0.5939422845840454,0.3165333867073059,-0.06675446033477783,0.5907915830612183,0.30845826864242554,-0.07306227087974548,0.5897316932678223,0.3446907103061676,-0.07394275069236755,e
0.5820910334587097,0.6510729193687439,-8.362934522665455e-08,0.5039010047912598,0.6494864821434021,-0.030863994732499123,0.4305691719055176,0.6017628312110901,-0.054497938603162766,0.3824458718299866,0.5524816513061523,-0.08092708885669708,0.39585965871810913,0.5070082545280457,-0.10407686233520508,0.46285486221313477,0.42207178473472595,-0.014409338124096394,0.44778114557266235,0.31409400701522827,-0.05521832033991814,0.44663989543914795,0.3076358139514923,-0.09054423123598099,0.45510244369506836,0.35407203435897827,-0.10957422852516174,0.508787989616394,0.3996487855911255,-0.021187499165534973,0.4950529634952545,0.2680398225784302,-0.062062110751867294,0.4947968125343323,0.2796950936317444,-0.09569305181503296,0.5007692575454712,0.3435101807117462,-0.11225149035453796,0.554029107093811,0.39867669343948364,-0.03370225429534912,0.5428783893585205,0.28045088052749634,-0.060832731425762177,0.5429370403289795,0.2916150689125061,-0.0743226557970047,0.5480678677558899,0.349234938621521,-0.0780312791466713,0.601845383644104,0.41332995891571045,-0.05042382702231407,0.5932464003562927,0.3156092166900635,-0.0675242617726326,0.5898081660270691,0.3091202974319458,-0.0733080804347992,0.588913083076477,0.34662213921546936,-0.07387720048427582,e
0.5812839269638062,0.6509155035018921,-9.694581137864589e-08,0.5036647319793701,0.6480764150619507,-0.030145153403282166,0.4308238923549652,0.6008597612380981,-0.05379990115761757,0.3832365870475769,0.5527442097663879,-0.08031332492828369,0.3943953812122345,0.5082228779792786,-0.10361462831497192,0.462455689907074,0.4220286011695862,-0.015563571825623512,0.44666868448257446,0.3118911385536194,-0.05765099078416824,0.44614383578300476,0.30798637866973877,-0.09323595464229584,0.45554256439208984,0.3565758168697357,-0.11186522990465164,0.5087486505508423,0.4002882242202759,-0.02265745773911476,0.4958893358707428,0.2671525180339813,-0.06410655379295349,0.49490997195243835,0.2801012396812439,-0.09690020233392715,0.5000221729278564,0.34403979778289795,-0.11251424252986908,0.5542352795600891,0.39957576990127563,-0.03554442897439003,0.5436927676200867,0.2808994948863983,-0.0631726011633873,0.5433812737464905,0.29274535179138184,-0.0762634351849556,0.5481442809104919,0.34962403774261475,-0.07941722869873047,0.6019652485847473,0.41435524821281433,-0.05253537371754646,0.5936726927757263,0.31680822372436523,-0.06976302713155746,0.5902042388916016,0.31045520305633545,-0.07517238706350327,0.5893242955207825,0.34665700793266296,-0.07529139518737793,e
0.5805375576019287,0.649864137172699,-1.1689286338878446e-07,0.5030784606933594,0.6481007933616638,-0.028784379363059998,0.4297935962677002,0.600678563117981,-0.05175523832440376,0.3822866976261139,0.552126407623291,-0.077857106924057,0.3947717547416687,0.508341908454895,-0.10073342174291611,0.46161261200904846,0.4213743209838867,-0.01446836069226265,0.4456094205379486,0.3104925751686096,-0.05588734149932861,0.4453853964805603,0.3084045946598053,-0.09059960395097733,0.4552184045314789,0.358134925365448,-0.10860412567853928,0.5077619552612305,0.3994811773300171,-0.021934904158115387,0.49433568120002747,0.26688989996910095,-0.06238758563995361,0.4944588243961334,0.28153476119041443,-0.09372467547655106,0.500659167766571,0.34557411074638367,-0.10829643160104752,0.5532063841819763,0.3985334634780884,-0.035109743475914,0.5420874953269958,0.27989548444747925,-0.061945535242557526,0.5424960255622864,0.2935464680194855,-0.07370906323194504,0.5479769706726074,0.35058310627937317,-0.07601059228181839,0.600839376449585,0.4131256937980652,-0.05230339616537094,0.5926972031593323,0.31537145376205444,-0.0688258707523346,0.5891304612159729,0.3111937642097473,-0.07326226681470871,0.5884634256362915,0.34914806485176086,-0.07267981022596359,e
0.5802046656608582,0.6504356265068054,-1.1301101920935253e-07,0.5033608675003052,0.6483280658721924,-0.02967733144760132,0.4301491379737854,0.6010518074035645,-0.052646975964307785,0.3833940923213959,0.5531597137451172,-0.07838007062673569,0.3920215368270874,0.5059438943862915,-0.10070546716451645,0.4613933563232422,0.42258238792419434,-0.015835760161280632,0.4440666735172272,0.3114652931690216,-0.057370297610759735,0.4445347487926483,0.30887770652770996,-0.0919315442442894,0.4548887014389038,0.35853561758995056,-0.10953972488641739,0.5075404644012451,0.40027540922164917,-0.02257991023361683,0.49373263120651245,0.2679941952228546,-0.06267605721950531,0.49412107467651367,0.28068506717681885,-0.09367649257183075,0.5002902150154114,0.3438011109828949,-0.10801597684621811,0.5530001521110535,0.399233341217041,-0.03508690744638443,0.5415467023849487,0.2801229953765869,-0.06186821311712265,0.5426170229911804,0.29148805141448975,-0.07348743826150894,0.5479313135147095,0.3476044535636902,-0.07568813860416412,0.6003093123435974,0.41370970010757446,-0.051653794944286346,0.592440664768219,0.3158433139324188,-0.06878047436475754,0.589753270149231,0.31051105260849,-0.07331357896327972,0.5892926454544067,0.3478638827800751,-0.07257059216499329,e
0.5797709226608276,0.6488019824028015,-1.1673221678165646e-07,0.5018186569213867,0.647736132144928,-0.029221126809716225,0.42825770378112793,0.5992953777313232,-0.051674798130989075,0.38157379627227783,0.5516164302825928,-0.07712136954069138,0.39167550206184387,0.5043606758117676,-0.09943782538175583,0.46027418971061707,0.4223152995109558,-0.015160330571234226,0.4435909688472748,0.3113175630569458,-0.05689317733049393,0.4428081512451172,0.3078277111053467,-0.09228292107582092,0.45231014490127563,0.35716086626052856,-0.110622338950634,0.5063841342926025,0.4004574716091156,-0.02215109020471573,0.49330800771713257,0.26789841055870056,-0.06283395737409592,0.4922761917114258,0.28096699714660645,-0.09544152021408081,0.4978061318397522,0.34484073519706726,-0.1110435500741005,0.5517189502716064,0.39911943674087524,-0.034803908318281174,0.540732741355896,0.28005778789520264,-0.061494652181863785,0.5404663681983948,0.29218053817749023,-0.07458080351352692,0.5458412170410156,0.3493843078613281,-0.07801022380590439,0.5989683866500854,0.41314688324928284,-0.051469601690769196,0.590616762638092,0.31556153297424316,-0.06818126887083054,0.5865904092788696,0.3110933005809784,-0.07342853397130966,0.5860558748245239,0.3494871258735657,-0.07351432740688324,e
0.5784021615982056,0.6500265002250671,-1.0368135150429225e-07,0.5017534494400024,0.647934079170227,-0.029567226767539978,0.42826414108276367,0.5995385050773621,-0.05213756486773491,0.3817259669303894,0.55199134349823,-0.07750658690929413,0.39021918177604675,0.5042030215263367,-0.09939394146203995,0.4600900411605835,0.421406090259552,-0.016261499375104904,0.44291114807128906,0.30959099531173706,-0.058206286281347275,0.4427911341190338,0.30594244599342346,-0.09269692748785019,0.45288464426994324,0.35645508766174316,-0.11000508815050125,0.5066038966178894,0.39943620562553406,-0.02298019267618656,0.49308153986930847,0.26634281873703003,-0.06403505802154541,0.49265533685684204,0.27853256464004517,-0.09537781774997711,0.4989173710346222,0.3431776463985443,-0.10954871773719788,0.5517082214355469,0.39860910177230835,-0.03541439771652222,0.5408194065093994,0.27957671880722046,-0.0627039223909378,0.5412804484367371,0.29171860218048096,-0.07412232458591461,0.5470231771469116,0.3487234115600586,-0.07579111307859421,0.5986533164978027,0.41312962770462036,-0.0518958643078804,0.5905734896659851,0.3151630163192749,-0.06939911842346191,0.5873733758926392,0.3100334703922272,-0.07399953901767731,0.5870543122291565,0.3478702902793884,-0.07296793162822723,e
0.5774118900299072,0.6477301120758057,-1.019997313278509e-07,0.49898701906204224,0.6448147892951965,-0.029406076297163963,0.4265196919441223,0.5975099205970764,-0.0520087406039238,0.3811857998371124,0.5513694882392883,-0.07738985866308212,0.3868766129016876,0.5037770867347717,-0.0992046520113945,0.4581397473812103,0.4184522330760956,-0.01506095565855503,0.44234251976013184,0.3086727559566498,-0.056627605110406876,0.44020870327949524,0.30467987060546875,-0.09085439145565033,0.4484618008136749,0.353898286819458,-0.10784512013196945,0.5040896534919739,0.39664632081985474,-0.02171766571700573,0.4910663664340973,0.26613426208496094,-0.06235349178314209,0.48942768573760986,0.2793823182582855,-0.0921022966504097,0.49526911973953247,0.34449896216392517,-0.10474413633346558,0.549464225769043,0.3957478106021881,-0.034288570284843445,0.5382025241851807,0.2777864336967468,-0.06158772110939026,0.5377429723739624,0.29042720794677734,-0.07163622230291367,0.543631374835968,0.34734687209129333,-0.07202400267124176,0.5966448783874512,0.41021397709846497,-0.05096125230193138,0.5892935991287231,0.3131401836872101,-0.06863466650247574,0.5845543742179871,0.3064786195755005,-0.0725058764219284,0.583514392375946,0.3422389328479767,-0.07056762278079987,e
0.5758877396583557,0.6447829008102417,-1.120076262850489e-07,0.4979168474674225,0.6422222256660461,-0.028729932382702827,0.4249720573425293,0.5951846241950989,-0.0507555715739727,0.3797418177127838,0.5497724413871765,-0.07557282596826553,0.3864190876483917,0.5012327432632446,-0.09685833007097244,0.4579789936542511,0.41665253043174744,-0.015062483958899975,0.4436197280883789,0.3072754144668579,-0.05640002340078354,0.44008371233940125,0.30305707454681396,-0.09038196504116058,0.4464821517467499,0.35228702425956726,-0.10729893296957016,0.5039860010147095,0.39527755975723267,-0.021823333576321602,0.4911872148513794,0.2645106911659241,-0.06224063038825989,0.48922890424728394,0.27750539779663086,-0.09185094386339188,0.4947075843811035,0.34265145659446716,-0.1045735701918602,0.549177885055542,0.39443036913871765,-0.03434152156114578,0.5378523468971252,0.27645009756088257,-0.06143947318196297,0.5377439856529236,0.28943949937820435,-0.07111242413520813,0.543694019317627,0.34675589203834534,-0.0713714137673378,0.5961256623268127,0.40881991386413574,-0.05088316649198532,0.5884944200515747,0.3114597201347351,-0.06863381713628769,0.5842430591583252,0.30582550168037415,-0.07235020399093628,0.5832791924476624,0.34288710355758667,-0.07035274803638458,e
0.57635498046875,0.6440044045448303,-1.0553569751436953e-07,0.4987761676311493,0.6417466998100281,-0.02988743968307972,0.42564427852630615,0.5946507453918457,-0.052456147968769073,0.37944862246513367,0.5491978526115417,-0.07760735601186752,0.3872743248939514,0.5002601146697998,-0.09924745559692383,0.45806580781936646,0.41585224866867065,-0.015822291374206543,0.44330158829689026,0.30553966760635376,-0.05740596726536751,0.4403468668460846,0.3023219704627991,-0.09186915308237076,0.4471328854560852,0.3522876799106598,-0.10925639420747757,0.5041592717170715,0.3946308195590973,-0.022154442965984344,0.4917096495628357,0.26363110542297363,-0.06312546133995056,0.4896126389503479,0.27579450607299805,-0.09474829584360123,0.4948224127292633,0.3404080867767334,-0.10912544280290604,0.5489190220832825,0.394011914730072,-0.0342363566160202,0.5386467576026917,0.2770896852016449,-0.06189354509115219,0.538540244102478,0.28841882944107056,-0.07421040534973145,0.5445544719696045,0.3456255793571472,-0.07635556161403656,0.595626950263977,0.40875428915023804,-0.050319213420152664,0.587969958782196,0.31229740381240845,-0.06840210407972336,0.5845242738723755,0.30437272787094116,-0.07378735393285751,0.5840542316436768,0.33993929624557495,-0.07316353917121887,e
0.5768151879310608,0.6427828669548035,-8.714934551790066e-08,0.4987680912017822,0.6387677788734436,-0.030065961182117462,0.42668643593788147,0.5919304490089417,-0.05232931300997734,0.3808918595314026,0.5480992197990417,-0.07714094966650009,0.38574180006980896,0.4982401132583618,-0.09856441617012024,0.45858630537986755,0.41497743129730225,-0.01394034642726183,0.445626437664032,0.3082908093929291,-0.05419067293405533,0.4411192834377289,0.3012237548828125,-0.0883641466498375,0.44599348306655884,0.34668755531311035,-0.10593893378973007,0.504081130027771,0.39346426725387573,-0.020196979865431786,0.4925130009651184,0.26411229372024536,-0.059932954609394073,0.4893580377101898,0.2737049162387848,-0.09192042052745819,0.4939407706260681,0.3367510437965393,-0.10693957656621933,0.5487187504768372,0.39279136061668396,-0.03223077207803726,0.5396613478660583,0.2774771451950073,-0.05973055958747864,0.5385208129882812,0.2877916395664215,-0.0732477605342865,0.5435600876808167,0.34497368335723877,-0.07632920145988464,0.5952684879302979,0.40799134969711304,-0.04820609465241432,0.5883710384368896,0.3122571110725403,-0.06655118614435196,0.584397554397583,0.30410224199295044,-0.07257343828678131,0.5833802223205566,0.34019771218299866,-0.07250905781984329,e
0.575346052646637,0.6418415904045105,-8.500414594436734e-08,0.4978610575199127,0.6373919248580933,-0.02947736345231533,0.4262621998786926,0.5904923677444458,-0.051728732883930206,0.38093459606170654,0.5461844801902771,-0.0768125057220459,0.3864082396030426,0.4955477714538574,-0.09828618913888931,0.4585614502429962,0.41327211260795593,-0.012868576683104038,0.4454210102558136,0.30599552392959595,-0.05319086089730263,0.44149255752563477,0.3018111288547516,-0.0872713103890419,0.44660258293151855,0.3501558303833008,-0.10475104302167892,0.5039718747138977,0.3920103907585144,-0.019383441656827927,0.4928497076034546,0.2635813355445862,-0.058524154126644135,0.4893686771392822,0.2726055979728699,-0.089899443089962,0.49375486373901367,0.3346966803073883,-0.10482662171125412,0.5482317805290222,0.39188116788864136,-0.031808074563741684,0.5386238098144531,0.27697306871414185,-0.05841369554400444,0.5378333330154419,0.2890282869338989,-0.07011202722787857,0.5425745844841003,0.34541836380958557,-0.07229425758123398,0.5945450663566589,0.4069821834564209,-0.04830487072467804,0.5881220102310181,0.3115115761756897,-0.06579913944005966,0.5842020511627197,0.30487877130508423,-0.07068032026290894,0.5829563140869141,0.34099915623664856,-0.06997940689325333,e
0.5753697752952576,0.6406874656677246,-9.560249480955463e-08,0.4977076053619385,0.6361436247825623,-0.028197137638926506,0.4268280267715454,0.5879030227661133,-0.04958690330386162,0.38179028034210205,0.5449158549308777,-0.07405725866556168,0.3853635787963867,0.4947769343852997,-0.09521286934614182,0.4595891833305359,0.4119386672973633,-0.012781443074345589,0.445590078830719,0.30249273777008057,-0.053277622908353806,0.44219064712524414,0.2990003824234009,-0.0879841223359108,0.4485360383987427,0.34926384687423706,-0.10588599741458893,0.5050761103630066,0.39145195484161377,-0.019854022189974785,0.4948609471321106,0.26133090257644653,-0.059163495898246765,0.4895976483821869,0.27068907022476196,-0.09216126799583435,0.492605596780777,0.33410215377807617,-0.1084294319152832,0.5489410161972046,0.39158472418785095,-0.032604947686195374,0.5404537320137024,0.2755347490310669,-0.058603592216968536,0.5376052260398865,0.28669118881225586,-0.0722724050283432,0.5414806008338928,0.34373894333839417,-0.07620459049940109,0.5948866009712219,0.4066588878631592,-0.049262650310993195,0.5885211825370789,0.3117741346359253,-0.06609167903661728,0.5841625928878784,0.30382105708122253,-0.07201135158538818,0.5832454562187195,0.33876046538352966,-0.07240329682826996,e
0.5753024816513062,0.6401565670967102,-9.835290626369897e-08,0.4978170394897461,0.6359561681747437,-0.02822713740170002,0.42663875222206116,0.5878456234931946,-0.0497329942882061,0.38136738538742065,0.5442239046096802,-0.07439841330051422,0.38638606667518616,0.49500200152397156,-0.09570559114217758,0.45952996611595154,0.41190195083618164,-0.012564430013298988,0.44458115100860596,0.30258476734161377,-0.05333550646901131,0.4410560727119446,0.298745334148407,-0.08787236362695694,0.4484638273715973,0.34843194484710693,-0.10552556067705154,0.5050670504570007,0.391089528799057,-0.019694235175848007,0.4947936534881592,0.2608490586280823,-0.05955073982477188,0.4890725016593933,0.2712295949459076,-0.09160052984952927,0.492389053106308,0.33506229519844055,-0.10679708421230316,0.5489863753318787,0.39109620451927185,-0.03262536600232124,0.5406416654586792,0.27486729621887207,-0.05907594412565231,0.5376477837562561,0.28814730048179626,-0.07156048715114594,0.5420685410499573,0.3451947569847107,-0.0743396133184433,0.5949831008911133,0.4062878489494324,-0.04952345788478851,0.5887870788574219,0.31093308329582214,-0.06645045429468155,0.5842925310134888,0.30541306734085083,-0.07155986875295639,0.5838785171508789,0.3415621221065521,-0.07116375863552094,e
0.5737111568450928,0.6385817527770996,-1.2702849971901742e-07,0.4970415532588959,0.6347510814666748,-0.02890225499868393,0.42683184146881104,0.5851147174835205,-0.05081380531191826,0.38176876306533813,0.5430091619491577,-0.07578336447477341,0.3867892920970917,0.4935525059700012,-0.0976395532488823,0.46051025390625,0.40970247983932495,-0.01347564160823822,0.4464374780654907,0.30022668838500977,-0.05448922887444496,0.44057387113571167,0.29935750365257263,-0.08931875973939896,0.44745323061943054,0.34959807991981506,-0.10736458003520966,0.5059677362442017,0.3901820182800293,-0.02042124792933464,0.4968835115432739,0.25890928506851196,-0.060678109526634216,0.48818981647491455,0.2731141448020935,-0.09349852800369263,0.4903707802295685,0.3367988169193268,-0.10928016901016235,0.5498473048210144,0.39047566056251526,-0.03317795321345329,0.5427452921867371,0.2735959589481354,-0.06001488119363785,0.5363383889198303,0.2879979908466339,-0.07470162212848663,0.5402196049690247,0.34498918056488037,-0.07910337299108505,0.5961434245109558,0.406675785779953,-0.04983218386769295,0.5903946757316589,0.3106725215911865,-0.06646820157766342,0.5835756659507751,0.3047749400138855,-0.07279019802808762,0.5826494693756104,0.3399882912635803,-0.07368655502796173,e
0.5738899111747742,0.637025773525238,-1.5627257710093545e-07,0.4964544177055359,0.6323091387748718,-0.025804823264479637,0.42696693539619446,0.5810784101486206,-0.04620278254151344,0.38360893726348877,0.5393204689025879,-0.07033892720937729,0.3902006149291992,0.4922189712524414,-0.0912756621837616,0.4602753818035126,0.40791943669319153,-0.011472792364656925,0.44626396894454956,0.29626280069351196,-0.052318181842565536,0.4385821521282196,0.29984813928604126,-0.08642804622650146,0.4450667202472687,0.3538014590740204,-0.10383941233158112,0.5057705640792847,0.38890641927719116,-0.01995314657688141,0.4996395707130432,0.25693386793136597,-0.060636136680841446,0.4873846471309662,0.27411308884620667,-0.09254584461450577,0.4880153238773346,0.3396177291870117,-0.10731032490730286,0.5493104457855225,0.38976389169692993,-0.03407751023769379,0.5435672998428345,0.27254438400268555,-0.06009817495942116,0.5352873206138611,0.28958702087402344,-0.07301656901836395,0.538795530796051,0.34655630588531494,-0.0762382224202156,0.5952138900756836,0.4064170718193054,-0.05199308693408966,0.5910221934318542,0.31045979261398315,-0.06726367771625519,0.5829535722732544,0.3054802417755127,-0.07218196243047714,0.5815273523330688,0.34028029441833496,-0.0721222311258316,e
0.5732594728469849,0.6366353631019592,-1.83610524118194e-07,0.49755460023880005,0.6319335103034973,-0.02194211818277836,0.42820030450820923,0.5783262252807617,-0.039164427667856216,0.3878142833709717,0.5333672165870667,-0.06067131459712982,0.39217355847358704,0.48970478773117065,-0.07905565202236176,0.4588909149169922,0.40580910444259644,-0.007547205314040184,0.44531136751174927,0.29500436782836914,-0.04631737619638443,0.43897566199302673,0.29949620366096497,-0.07816237211227417,0.44583821296691895,0.35270074009895325,-0.09401185810565948,0.5043987035751343,0.3870171904563904,-0.01726497709751129,0.49780532717704773,0.2564510703086853,-0.056613098829984665,0.4859289526939392,0.2747381329536438,-0.08597957342863083,0.4872244596481323,0.33904850482940674,-0.09872367233037949,0.5478878617286682,0.3876689374446869,-0.03246629238128662,0.5415017604827881,0.2721734642982483,-0.05863041803240776,0.5324957370758057,0.292942613363266,-0.07007679343223572,0.5359012484550476,0.3495764136314392,-0.07185576856136322,0.5938813090324402,0.4035816490650177,-0.051076386123895645,0.5902228951454163,0.3079320788383484,-0.06661181151866913,0.5810170769691467,0.3031177818775177,-0.07093886286020279,0.5789434313774109,0.3365379571914673,-0.070218525826931,e
0.5711802244186401,0.6353673934936523,-2.2855145687117329e-07,0.49746060371398926,0.6295740604400635,-0.020431265234947205,0.43047893047332764,0.574590802192688,-0.03668883815407753,0.39189761877059937,0.5292356610298157,-0.057306498289108276,0.3945333957672119,0.486431360244751,-0.07503656297922134,0.4606965184211731,0.4043332040309906,-0.0063608502969145775,0.4478902816772461,0.29438215494155884,-0.0441100150346756,0.436929315328598,0.30177515745162964,-0.07475420832633972,0.44205763936042786,0.35456085205078125,-0.08987201005220413,0.5048699378967285,0.3857986032962799,-0.016582071781158447,0.4990561902523041,0.2554894685745239,-0.053475767374038696,0.4829270541667938,0.27560144662857056,-0.07997052371501923,0.483174204826355,0.3374330997467041,-0.09128513932228088,0.5477067828178406,0.38562166690826416,-0.032372087240219116,0.5430827140808105,0.2698529064655304,-0.05797076225280762,0.5278748869895935,0.2926532030105591,-0.06955017149448395,0.5291868448257446,0.3492010831832886,-0.07198609411716461,0.5927866697311401,0.40055838227272034,-0.051339756697416306,0.5889450311660767,0.30455729365348816,-0.06667798012495041,0.5758678317070007,0.30505555868148804,-0.07077927142381668,0.5734261274337769,0.3430044949054718,-0.07036709785461426,e
0.5707719326019287,0.6351014375686646,-2.454826812936517e-07,0.4982674717903137,0.6286592483520508,-0.021711202338337898,0.4322088360786438,0.5718262195587158,-0.039088744670152664,0.3929852843284607,0.5282858610153198,-0.060623858124017715,0.3995159864425659,0.4855501651763916,-0.07888774573802948,0.46309706568717957,0.404058575630188,-0.0069661750458180904,0.4502961039543152,0.29474717378616333,-0.04556794464588165,0.4342908263206482,0.307158499956131,-0.07612594217061996,0.4381057024002075,0.3607432544231415,-0.09113878756761551,0.5054236650466919,0.3860616087913513,-0.016596991568803787,0.49960219860076904,0.25625860691070557,-0.053577929735183716,0.47988560795783997,0.2791260778903961,-0.07829919457435608,0.4800560474395752,0.3391824960708618,-0.08801060914993286,0.5476431250572205,0.3854069113731384,-0.03211469575762749,0.5437355637550354,0.2692161500453949,-0.05786854401230812,0.5266419053077698,0.29176169633865356,-0.0680931881070137,0.5289906859397888,0.3465193212032318,-0.06927993893623352,0.5915588140487671,0.4001119136810303,-0.05105643346905708,0.5881835222244263,0.30591773986816406,-0.06607453525066376,0.5739996433258057,0.3059709966182709,-0.06951380521059036,0.5728710293769836,0.3419898748397827,-0.06839466840028763,e
0.5658771395683289,0.6354067325592041,-2.60486700653928e-07,0.49667176604270935,0.6248120069503784,-0.020462527871131897,0.43521788716316223,0.5664011836051941,-0.03744532912969589,0.399287611246109,0.5216102004051208,-0.05875428393483162,0.40086060762405396,0.4836636781692505,-0.0767609104514122,0.4642534852027893,0.4014616310596466,-0.004964420106261969,0.45093613862991333,0.2918904721736908,-0.04353831708431244,0.4330419600009918,0.3080884516239166,-0.07299918681383133,0.4375075697898865,0.3612510561943054,-0.08669664710760117,0.5044883489608765,0.38455328345298767,-0.015000738203525543,0.49888020753860474,0.2533840239048004,-0.05175400525331497,0.47501006722450256,0.2797987759113312,-0.07293128967285156,0.47480839490890503,0.3399905860424042,-0.07916539162397385,0.5456333160400391,0.3838194012641907,-0.0312504768371582,0.5411831140518188,0.2694040536880493,-0.0578804537653923,0.5179573893547058,0.2960938513278961,-0.06650247424840927,0.5189255475997925,0.3503468632698059,-0.06575660407543182,0.5883978605270386,0.39754462242126465,-0.050908446311950684,0.5845143795013428,0.30388230085372925,-0.06633894145488739,0.5647704601287842,0.30667468905448914,-0.0687866359949112,0.5618875026702881,0.34230202436447144,-0.06645426899194717,e
0.563078761100769,0.6302435994148254,-2.8399105644894007e-07,0.4958587884902954,0.6197569370269775,-0.018614578992128372,0.4368158280849457,0.5611847639083862,-0.03346766158938408,0.404427170753479,0.5150871872901917,-0.05313820019364357,0.40373489260673523,0.4832562804222107,-0.06921377032995224,0.46634581685066223,0.40124228596687317,0.001479874481447041,0.4528747498989105,0.2968478798866272,-0.03299571946263313,0.43097788095474243,0.312528133392334,-0.0591772124171257,0.434158593416214,0.3619994819164276,-0.07129915803670883,0.5021185874938965,0.3835003972053528,-0.00902808178216219,0.4941021800041199,0.2574690282344818,-0.042561765760183334,0.4668959975242615,0.28367379307746887,-0.060709938406944275,0.4677393436431885,0.34077709913253784,-0.06500842422246933,0.5392518043518066,0.3806785047054291,-0.02582966722548008,0.532354474067688,0.27020901441574097,-0.05078701674938202,0.5083263516426086,0.2982232868671417,-0.05747570842504501,0.5123234391212463,0.35096609592437744,-0.05539495125412941,0.5784095525741577,0.39119547605514526,-0.04606681689620018,0.5711301565170288,0.30116069316864014,-0.060017574578523636,0.5506935715675354,0.3104429841041565,-0.06066666916012764,0.5503056049346924,0.35186150670051575,-0.05707427114248276,e
0.5610615015029907,0.6259037256240845,-2.7215185127715813e-07,0.4953649640083313,0.6172971129417419,-0.01705564558506012,0.438215434551239,0.5556718111038208,-0.029858075082302094,0.4067608714103699,0.5061086416244507,-0.04749930649995804,0.4045068919658661,0.47964611649513245,-0.06125543266534805,0.4641898572444916,0.3994913101196289,0.005204165354371071,0.4511139988899231,0.29675209522247314,-0.026569155976176262,0.43046021461486816,0.3130800127983093,-0.05027889087796211,0.435323566198349,0.3626459240913391,-0.060940083116292953,0.4988965094089508,0.3816237449645996,-0.005094680469483137,0.49290597438812256,0.25658243894577026,-0.036627378314733505,0.46607446670532227,0.2816259264945984,-0.05249057337641716,0.46722713112831116,0.33832836151123047,-0.055008549243211746,0.5347288250923157,0.3790704309940338,-0.021600740030407906,0.5297151207923889,0.2692050337791443,-0.0450483001768589,0.5064874887466431,0.2964024543762207,-0.04954393208026886,0.5106050372123718,0.34803417325019836,-0.045780204236507416,0.572524905204773,0.38935723900794983,-0.04152367636561394,0.5671634078025818,0.29976579546928406,-0.05492107570171356,0.5477811694145203,0.3088812530040741,-0.05474473163485527,0.5476952195167542,0.3503422439098358,-0.05028434470295906,e
0.5582972168922424,0.6252734661102295,-2.7781871381193923e-07,0.4927334487438202,0.6165921688079834,-0.015029299072921276,0.43742504715919495,0.5516220331192017,-0.025104599073529243,0.4100075364112854,0.49777188897132874,-0.040021587163209915,0.40550512075424194,0.477910578250885,-0.05124343931674957,0.4653882682323456,0.3956753611564636,0.009960399940609932,0.45226287841796875,0.2951902747154236,-0.018264973536133766,0.43071094155311584,0.31185850501060486,-0.04010235145688057,0.4348982572555542,0.3598141670227051,-0.050213903188705444,0.49892309308052063,0.37877199053764343,-0.0005961698479950428,0.49349910020828247,0.2564159035682678,-0.02836768887937069,0.4645203649997711,0.2795485258102417,-0.042868196964263916,0.46381843090057373,0.3343825340270996,-0.04540308192372322,0.5335781574249268,0.37658774852752686,-0.017354074865579605,0.5299971103668213,0.2682359218597412,-0.03809821605682373,0.5022525191307068,0.2921716272830963,-0.043293893337249756,0.5023611187934875,0.3416535258293152,-0.04104188084602356,0.5705803632736206,0.3867296576499939,-0.03745323792099953,0.5647197961807251,0.2997104823589325,-0.04902960732579231,0.5433542132377625,0.30864983797073364,-0.049204520881175995,0.5412978529930115,0.3488987684249878,-0.045791253447532654,e
0.555962324142456,0.6242038011550903,-2.9368314358180214e-07,0.49057304859161377,0.6142963171005249,-0.014626291580498219,0.4367397427558899,0.5477861762046814,-0.024697890505194664,0.4105328619480133,0.49506062269210815,-0.03961506113409996,0.4096740484237671,0.4757991135120392,-0.05066164210438728,0.4651685357093811,0.39472663402557373,0.007719648070633411,0.4527623653411865,0.29325518012046814,-0.02149590477347374,0.42983925342559814,0.3130215108394623,-0.042634040117263794,0.4348486661911011,0.36349761486053467,-0.05175621062517166,0.49735933542251587,0.37959399819374084,-0.002517715562134981,0.4924304187297821,0.2570423483848572,-0.03086608089506626,0.46191632747650146,0.2830860912799835,-0.04319562762975693,0.4615086317062378,0.3387581706047058,-0.04352404549717903,0.5311478972434998,0.37884026765823364,-0.018901383504271507,0.5284870266914368,0.2673686742782593,-0.03980275243520737,0.4966208040714264,0.28879958391189575,-0.043237172067165375,0.49420827627182007,0.3379036784172058,-0.03940817713737488,0.567287266254425,0.3909677267074585,-0.03862717002630234,0.5648977756500244,0.30254000425338745,-0.05090528726577759,0.5404843688011169,0.3088626265525818,-0.05091618373990059,0.5355425477027893,0.3487735986709595,-0.046832289546728134,e
0.5533013343811035,0.6236165165901184,-2.8676646479652845e-07,0.48895561695098877,0.6136296391487122,-0.013843396678566933,0.43636447191238403,0.544945478439331,-0.023208025842905045,0.4119676947593689,0.48993727564811707,-0.03733140602707863,0.4151662588119507,0.47329801321029663,-0.04743567109107971,0.46494486927986145,0.39304596185684204,0.008186442777514458,0.45290377736091614,0.2931680679321289,-0.020767608657479286,0.4288586378097534,0.3120933771133423,-0.04127170890569687,0.4335276782512665,0.36180785298347473,-0.04987819120287895,0.4971390664577484,0.3790566027164459,-0.002310793148353696,0.49497342109680176,0.25731343030929565,-0.030402081087231636,0.46238353848457336,0.28114375472068787,-0.041110556572675705,0.4606779217720032,0.33611544966697693,-0.039900459349155426,0.5304198861122131,0.37948349118232727,-0.019000232219696045,0.531407356262207,0.268509179353714,-0.039633724838495255,0.49659454822540283,0.28539276123046875,-0.041216373443603516,0.492084801197052,0.33228665590286255,-0.03566594049334526,0.5651055574417114,0.3928067088127136,-0.03909929469227791,0.5638010501861572,0.3058193624019623,-0.051345329731702805,0.5376527309417725,0.30745071172714233,-0.05069812387228012,0.5315765142440796,0.3434857130050659,-0.0456165075302124,e
0.5490421652793884,0.6243177056312561,-2.658809705735621e-07,0.4853883981704712,0.6109732389450073,-0.01068330742418766,0.4361863434314728,0.5411662459373474,-0.018321411684155464,0.4142757058143616,0.48702505230903625,-0.030987052246928215,0.4142857789993286,0.47436994314193726,-0.03963863104581833,0.46505895256996155,0.390937864780426,0.01103006862103939,0.45585909485816956,0.2941223382949829,-0.016315767541527748,0.43140044808387756,0.31074216961860657,-0.0355922132730484,0.4341229200363159,0.35931190848350525,-0.043411239981651306,0.4963062107563019,0.3777870833873749,-0.0005429028533399105,0.4976860284805298,0.2583921551704407,-0.026671206578612328,0.46450111269950867,0.277448832988739,-0.035438377410173416,0.4604656398296356,0.3304973840713501,-0.03328629955649376,0.5282259583473206,0.37952518463134766,-0.018101047724485397,0.5328887104988098,0.27121540904045105,-0.03689619526267052,0.49735552072525024,0.2845494747161865,-0.036318860948085785,0.4896604120731354,0.3285812735557556,-0.029667193070054054,0.5617004036903381,0.3947349190711975,-0.038977038115262985,0.5645139813423157,0.30946844816207886,-0.04995992034673691,0.5383561849594116,0.3090561032295227,-0.04788176715373993,0.5296622514724731,0.3433196544647217,-0.04188914597034454,e
0.5483424663543701,0.6230688691139221,-2.712874049848324e-07,0.48492708802223206,0.61073237657547,-0.012014035135507584,0.43573176860809326,0.5401593446731567,-0.021041611209511757,0.41362786293029785,0.4859110713005066,-0.03477783873677254,0.41559332609176636,0.47559207677841187,-0.04419945552945137,0.465387761592865,0.39183223247528076,0.006747113540768623,0.45623254776000977,0.2904232144355774,-0.02169448882341385,0.43038350343704224,0.30993402004241943,-0.04085845127701759,0.4337397813796997,0.36078208684921265,-0.048539046198129654,0.4966913163661957,0.3799847960472107,-0.004323347005993128,0.49857527017593384,0.2574024796485901,-0.032610759139060974,0.4631213843822479,0.27987241744995117,-0.041260410100221634,0.4593265652656555,0.33399492502212524,-0.03846336901187897,0.5283308029174805,0.38215118646621704,-0.02128358744084835,0.5341768860816956,0.2713373303413391,-0.041036657989025116,0.49619928002357483,0.2857156991958618,-0.04032260552048683,0.4880572557449341,0.3302821218967438,-0.03331632912158966,0.5614994764328003,0.39735880494117737,-0.04161909222602844,0.5648903846740723,0.310003399848938,-0.05238879844546318,0.536576509475708,0.30833372473716736,-0.05033918097615242,0.526720404624939,0.34171706438064575,-0.04446987435221672,e
0.5487298965454102,0.6220253705978394,-2.680969259927224e-07,0.4855893850326538,0.6081658005714417,-0.009553007781505585,0.43755021691322327,0.5383074283599854,-0.017233317717909813,0.41609978675842285,0.48579636216163635,-0.030081886798143387,0.4153897166252136,0.4716758728027344,-0.03859185054898262,0.4668743908405304,0.3914777338504791,0.009672343730926514,0.45745849609375,0.2910613715648651,-0.01717577502131462,0.43058857321739197,0.3089416027069092,-0.03471844270825386,0.4334177076816559,0.35824665427207947,-0.04113570228219032,0.4970063269138336,0.37969473004341125,-0.0021538841538131237,0.4986896812915802,0.2573644518852234,-0.028639595955610275,0.46262219548225403,0.27867192029953003,-0.035627979785203934,0.4584396779537201,0.33086246252059937,-0.031705427914857864,0.5276216864585876,0.38166528940200806,-0.019678933545947075,0.5335490703582764,0.2705077826976776,-0.03850850462913513,0.49512216448783875,0.28454476594924927,-0.0364062562584877,0.4868258535861969,0.32854145765304565,-0.02827548421919346,0.5595492124557495,0.39679470658302307,-0.04033873975276947,0.562629222869873,0.3086886405944824,-0.05040134862065315,0.5340179204940796,0.30670350790023804,-0.04709400236606598,0.5244202613830566,0.34024766087532043,-0.04005696251988411,e
0.5484606027603149,0.6222906112670898,-2.850964051503979e-07,0.4854885935783386,0.6078903079032898,-0.008883550763130188,0.43790483474731445,0.535579264163971,-0.015163183212280273,0.41666585206985474,0.4834817945957184,-0.02642069011926651,0.41586583852767944,0.47018128633499146,-0.03308261185884476,0.46814998984336853,0.39078277349472046,0.010034731589257717,0.4593077600002289,0.28948304057121277,-0.016557080671191216,0.43187785148620605,0.3086344599723816,-0.03317388519644737,0.435103178024292,0.3590535521507263,-0.03888457268476486,0.49816545844078064,0.379747211933136,-0.0015632486902177334,0.5000577569007874,0.2571890950202942,-0.02872323803603649,0.46352577209472656,0.2790400981903076,-0.035090819001197815,0.4598119854927063,0.33148193359375,-0.030313851311802864,0.5286838412284851,0.38229310512542725,-0.018831193447113037,0.5346980094909668,0.2721373438835144,-0.03815818950533867,0.4957299828529358,0.2863849997520447,-0.03531489148736,0.4876376688480377,0.32950520515441895,-0.026303743943572044,0.5604383945465088,0.3976290225982666,-0.039144501090049744,0.5644197463989258,0.31011492013931274,-0.049727704375982285,0.5355987548828125,0.3085557520389557,-0.04649887606501579,0.5265944600105286,0.3420838415622711,-0.03922751545906067,e
0.5491310358047485,0.6238727569580078,-2.5837121597760415e-07,0.4853498339653015,0.6084652543067932,-0.0074655599892139435,0.43854641914367676,0.533608078956604,-0.012898465618491173,0.41794687509536743,0.47868943214416504,-0.023703908547759056,0.41854560375213623,0.4711386561393738,-0.030016273260116577,0.4693741202354431,0.3894667625427246,0.014047247357666492,0.46115976572036743,0.2915608286857605,-0.01077637355774641,0.43339529633522034,0.30750730633735657,-0.026494812220335007,0.43456971645355225,0.3556860089302063,-0.031745847314596176,0.49962371587753296,0.37878239154815674,0.0017944673309102654,0.5038505792617798,0.2582077383995056,-0.023182088509202003,0.46643710136413574,0.27576756477355957,-0.0279125664383173,0.4600295126438141,0.32652199268341064,-0.022137142717838287,0.5295426845550537,0.38223981857299805,-0.01625143550336361,0.5382196307182312,0.27415400743484497,-0.033982399851083755,0.4979519546031952,0.28494369983673096,-0.029398230835795403,0.486736923456192,0.3260723948478699,-0.01912691816687584,0.5598680973052979,0.3980194330215454,-0.037450507283210754,0.5640305876731873,0.3119692802429199,-0.04654639586806297,0.5344810485839844,0.308989554643631,-0.04197322577238083,0.5233783721923828,0.3409317135810852,-0.03368886560201645,e
0.547004759311676,0.6221771240234375,-2.6906130301540543e-07,0.4832167625427246,0.6033573746681213,-0.004145896527916193,0.43934065103530884,0.5322332978248596,-0.00826560240238905,0.42110341787338257,0.48082631826400757,-0.018297629430890083,0.41390031576156616,0.4701128602027893,-0.024297090247273445,0.4699370265007019,0.3901100158691406,0.01666306145489216,0.4632589817047119,0.29190462827682495,-0.0074495901353657246,0.43473702669143677,0.30550748109817505,-0.02232249639928341,0.4342457354068756,0.35080549120903015,-0.026542434468865395,0.49942800402641296,0.38014110922813416,0.0032858673948794603,0.5038386583328247,0.25841808319091797,-0.02055097557604313,0.46646595001220703,0.2774522304534912,-0.024319875985383987,0.45985984802246094,0.3269829750061035,-0.0176235344260931,0.5286908149719238,0.38281816244125366,-0.01560373604297638,0.5383445024490356,0.2740284204483032,-0.03301164135336876,0.4978180229663849,0.2865077257156372,-0.02835824526846409,0.48676350712776184,0.32807016372680664,-0.017725659534335136,0.5585776567459106,0.39821135997772217,-0.03723644092679024,0.5629578232765198,0.3114069402217865,-0.045642491430044174,0.5323604941368103,0.30883148312568665,-0.04034750536084175,0.5211140513420105,0.34090933203697205,-0.03140648826956749,e
0.5462278127670288,0.6227699518203735,-2.666933198725019e-07,0.4826229512691498,0.6034467220306396,-0.004967165179550648,0.4388465881347656,0.5319856405258179,-0.009809977374970913,0.42012298107147217,0.4782303273677826,-0.020383067429065704,0.4182289242744446,0.46953171491622925,-0.02664697915315628,0.4715022146701813,0.38971853256225586,0.0172245092689991,0.4655855894088745,0.2930086553096771,-0.006133838091045618,0.43549829721450806,0.30873918533325195,-0.021291742101311684,0.4351501762866974,0.3544299602508545,-0.026541894301772118,0.4998205900192261,0.3804863691329956,0.004215348977595568,0.5071914196014404,0.2611011862754822,-0.018001841381192207,0.46759361028671265,0.2768273651599884,-0.02185191959142685,0.45949479937553406,0.3236524164676666,-0.01660645566880703,0.5280175805091858,0.3834911584854126,-0.014553824439644814,0.5422131419181824,0.27757909893989563,-0.030164549127221107,0.4981098473072052,0.28397178649902344,-0.026901813223958015,0.48262470960617065,0.32129618525505066,-0.018704703077673912,0.5570790767669678,0.3985415995121002,-0.036295972764492035,0.5650545954704285,0.31524962186813354,-0.04362894594669342,0.53268963098526,0.30734407901763916,-0.039860304445028305,0.5172035098075867,0.33414942026138306,-0.03317032381892204,e
0.543152928352356,0.6216273307800293,-2.3165620177678647e-07,0.4814600646495819,0.6027710437774658,-0.006585604511201382,0.43827947974205017,0.5312923192977905,-0.012092741206288338,0.4199189841747284,0.47813931107521057,-0.02313642017543316,0.4154554009437561,0.4687073230743408,-0.03012646920979023,0.4696636199951172,0.39102089405059814,0.015782758593559265,0.46347901225090027,0.29637032747268677,-0.007929077371954918,0.435354620218277,0.30727341771125793,-0.023837191984057426,0.43431103229522705,0.3492017388343811,-0.029476819559931755,0.49833443760871887,0.3802405595779419,0.003428675467148423,0.5066747069358826,0.26282042264938354,-0.018611790612339973,0.4692932665348053,0.2750639319419861,-0.02323174476623535,0.46027833223342896,0.3218410313129425,-0.0183984637260437,0.5266759991645813,0.3824109137058258,-0.01471966877579689,0.5412125587463379,0.2774682641029358,-0.030226515606045723,0.4991404116153717,0.2820349335670471,-0.02726620063185692,0.4837200939655304,0.31930556893348694,-0.019054817035794258,0.5557398200035095,0.3966112434864044,-0.03598310053348541,0.5638429522514343,0.31432628631591797,-0.04375102370977402,0.5326358675956726,0.30481934547424316,-0.040287915617227554,0.5172011852264404,0.3306567072868347,-0.03347279876470566,e
0.5424549579620361,0.6220090389251709,-1.972688039586501e-07,0.4801286458969116,0.6036820411682129,-0.007325205020606518,0.4368361830711365,0.5323025584220886,-0.012962592765688896,0.4176899194717407,0.478865385055542,-0.0239633210003376,0.4174673557281494,0.4707320034503937,-0.030845914036035538,0.46679577231407166,0.39257100224494934,0.016305848956108093,0.46102726459503174,0.30074095726013184,-0.006583227775990963,0.43402400612831116,0.3070766031742096,-0.022498836740851402,0.432271808385849,0.34476882219314575,-0.028592154383659363,0.4960845708847046,0.3811922073364258,0.00421107979491353,0.5051969289779663,0.266105979681015,-0.017283285036683083,0.4695269763469696,0.2737538516521454,-0.02249099314212799,0.4602241814136505,0.3183506727218628,-0.018385183066129684,0.5250272750854492,0.38363632559776306,-0.013633414171636105,0.5400558710098267,0.2797055244445801,-0.02852744422852993,0.4995633661746979,0.28031453490257263,-0.02536436729133129,0.4837671220302582,0.3155513107776642,-0.017100809141993523,0.5545789003372192,0.3988003432750702,-0.034701377153396606,0.5632843971252441,0.31578466296195984,-0.0421149842441082,0.5329064726829529,0.3038724958896637,-0.03845781460404396,0.5167306065559387,0.3289940059185028,-0.031490884721279144,e
0.5413495898246765,0.6221154928207397,-2.0210849527302344e-07,0.4798497259616852,0.6058231592178345,-0.008234655484557152,0.43533089756965637,0.5328742861747742,-0.014168083667755127,0.4154577851295471,0.4790405333042145,-0.0251151155680418,0.4177480936050415,0.4713621437549591,-0.03184369578957558,0.4659627676010132,0.3931094706058502,0.013278434984385967,0.4598442614078522,0.3015049397945404,-0.011096366681158543,0.431363046169281,0.3101840019226074,-0.027433617040514946,0.42967042326927185,0.34875744581222534,-0.03377657011151314,0.4955085515975952,0.3821348249912262,0.0011903120903298259,0.5061081647872925,0.2649877667427063,-0.022984523326158524,0.4692252576351166,0.27516400814056396,-0.028564559295773506,0.4605834484100342,0.32064345479011536,-0.024110235273838043,0.5247604846954346,0.38517558574676514,-0.016648348420858383,0.5418232083320618,0.28003084659576416,-0.03403088450431824,0.5006636381149292,0.2843775749206543,-0.03074020892381668,0.4861222505569458,0.3207475244998932,-0.021814029663801193,0.5544633865356445,0.4008975028991699,-0.03769504278898239,0.5634247064590454,0.3184168338775635,-0.046642471104860306,0.5333017110824585,0.3102913796901703,-0.04302961379289627,0.5194759368896484,0.3375207483768463,-0.03584988787770271,e
0.5384359359741211,0.6243793964385986,-2.1364607505347522e-07,0.4776902496814728,0.6054059267044067,-0.006868290714919567,0.43596604466438293,0.5321719646453857,-0.012445170432329178,0.41771870851516724,0.47886934876441956,-0.023240992799401283,0.4140446186065674,0.4725835621356964,-0.030183948576450348,0.4654422998428345,0.3928682506084442,0.01573103852570057,0.46056637167930603,0.30343881249427795,-0.007899656891822815,0.4320427477359772,0.31111374497413635,-0.02512170374393463,0.4278911054134369,0.34821540117263794,-0.03237367793917656,0.49425941705703735,0.38183003664016724,0.002931189024820924,0.5051432847976685,0.26776909828186035,-0.019046541303396225,0.4681187868118286,0.27539241313934326,-0.02510201744735241,0.456950843334198,0.32028597593307495,-0.022077316418290138,0.5228886604309082,0.38487085700035095,-0.015647342428565025,0.5402185320854187,0.2810906171798706,-0.03121287003159523,0.4977923333644867,0.28133624792099,-0.029597293585538864,0.47983258962631226,0.31510597467422485,-0.022916723042726517,0.5520630478858948,0.40077969431877136,-0.03735934942960739,0.5609622001647949,0.31890055537223816,-0.045153625309467316,0.5298566222190857,0.3071747422218323,-0.04230659827589989,0.5128684043884277,0.33028319478034973,-0.03650295361876488,e
0.5408437252044678,0.625042200088501,-2.3390849435145356e-07,0.4777460992336273,0.6083623766899109,-0.005892306100577116,0.4340450167655945,0.5326760411262512,-0.009940865449607372,0.415637344121933,0.4779093563556671,-0.020015385001897812,0.41481518745422363,0.47236835956573486,-0.02595982886850834,0.4637979567050934,0.39314669370651245,0.019396070390939713,0.4579778015613556,0.30179867148399353,-0.003376852022483945,0.42966240644454956,0.3126775026321411,-0.018486306071281433,0.4284951686859131,0.3526279628276825,-0.023851387202739716,0.49238231778144836,0.38233858346939087,0.006307546515017748,0.5003401637077332,0.2660099267959595,-0.01599164307117462,0.46392080187797546,0.28202375769615173,-0.020401563495397568,0.4570014774799347,0.32786643505096436,-0.01482053380459547,0.5212693810462952,0.3846001923084259,-0.012638363055884838,0.5362743139266968,0.27860841155052185,-0.028922103345394135,0.4959104061126709,0.28835418820381165,-0.024698449298739433,0.4840054214000702,0.3274182379245758,-0.014772947877645493,0.5505117177963257,0.39971527457237244,-0.03474707528948784,0.5591887831687927,0.3134482204914093,-0.04204818233847618,0.5293616652488708,0.30643951892852783,-0.03714289143681526,0.5176913142204285,0.3350198268890381,-0.029016707092523575,e
0.5388336181640625,0.6270560026168823,-2.4605503767816117e-07,0.4770844578742981,0.6074581146240234,-0.004428479820489883,0.43494826555252075,0.5340765118598938,-0.00786600075662136,0.41735410690307617,0.4813835024833679,-0.016967037692666054,0.4123840630054474,0.4735417366027832,-0.022490089759230614,0.4650721549987793,0.39475613832473755,0.019483333453536034,0.45924365520477295,0.3053566515445709,-0.0023519827518612146,0.43067729473114014,0.3132951557636261,-0.018765926361083984,0.4278014898300171,0.3490227460861206,-0.025971246883273125,0.49327343702316284,0.3835449814796448,0.005957856308668852,0.5029957890510559,0.26879701018333435,-0.01445293240249157,0.4650154411792755,0.2781670093536377,-0.02064819261431694,0.4542612135410309,0.32218509912490845,-0.01842881180346012,0.5214048027992249,0.38581857085227966,-0.013187282718718052,0.538802444934845,0.2809423804283142,-0.027460068464279175,0.49435681104660034,0.2817639708518982,-0.02701478824019432,0.4754815995693207,0.31486210227012634,-0.021958492696285248,0.5502084493637085,0.4010382890701294,-0.0352625772356987,0.5587688684463501,0.319138765335083,-0.04228205978870392,0.5257057547569275,0.30657511949539185,-0.04035884141921997,0.5068833231925964,0.32804521918296814,-0.035968150943517685,e
0.5394536852836609,0.6248425841331482,-2.125749603010263e-07,0.47692641615867615,0.6077560782432556,-0.0063299499452114105,0.4333136975765228,0.5334224700927734,-0.010896408930420876,0.4151114225387573,0.4793621003627777,-0.02120962366461754,0.4141419529914856,0.47261181473731995,-0.027649467810988426,0.4629058241844177,0.3937591314315796,0.017591623589396477,0.45914146304130554,0.30210351943969727,-0.005068888422101736,0.4319012761116028,0.3102699816226959,-0.020599938929080963,0.4300382435321808,0.3482668399810791,-0.0264799352735281,0.4914975166320801,0.38294240832328796,0.004829606041312218,0.5016119480133057,0.2665751874446869,-0.01657642237842083,0.4660259783267975,0.2797768712043762,-0.021542293950915337,0.45810526609420776,0.3247963488101959,-0.017191678285598755,0.5204205513000488,0.38548731803894043,-0.013656694442033768,0.536523699760437,0.27984708547592163,-0.029443489387631416,0.49617186188697815,0.28706789016723633,-0.026811443269252777,0.4827352464199066,0.32509586215019226,-0.01874329149723053,0.5499219298362732,0.4009755253791809,-0.035194020718336105,0.5590097904205322,0.31533968448638916,-0.04275260493159294,0.5292080044746399,0.30772921442985535,-0.038889601826667786,0.5159037113189697,0.33614012598991394,-0.03197513893246651,e
0.5387434959411621,0.625962495803833,-2.405991210707725e-07,0.47628048062324524,0.6077768802642822,-0.004336753860116005,0.4338344931602478,0.532951831817627,-0.00812733918428421,0.415558397769928,0.47916680574417114,-0.01795906201004982,0.41456085443496704,0.4730139374732971,-0.023808671161532402,0.46623504161834717,0.39259979128837585,0.020904699340462685,0.46086564660072327,0.3017392158508301,-0.0010971053270623088,0.4307025074958801,0.3128845691680908,-0.016289981082081795,0.4286901354789734,0.35363519191741943,-0.022105731070041656,0.4940153658390045,0.38272666931152344,0.0071946801617741585,0.5040076971054077,0.26568830013275146,-0.013776533305644989,0.46502554416656494,0.2787037491798401,-0.018231457099318504,0.45590052008628845,0.32431119680404663,-0.013812289573252201,0.521820068359375,0.38560545444488525,-0.012361442670226097,0.5384979844093323,0.2794482111930847,-0.027659045532345772,0.4938527047634125,0.28513097763061523,-0.025213532149791718,0.47771352529525757,0.3220241069793701,-0.01771131157875061,0.5500041842460632,0.4005615711212158,-0.034862883388996124,0.557526171207428,0.31737270951271057,-0.04230774566531181,0.5243250727653503,0.3090747892856598,-0.03900497779250145,0.5086035132408142,0.3354555368423462,-0.03283410146832466,e
0.5409022569656372,0.6235082149505615,-2.6507123607188987e-07,0.47723427414894104,0.6066973209381104,-0.004267497453838587,0.4341381788253784,0.5348469614982605,-0.008480588905513287,0.41566202044487,0.48147493600845337,-0.018696019425988197,0.4143342971801758,0.47279083728790283,-0.024726208299398422,0.46805527806282043,0.3915031850337982,0.01950872503221035,0.46216484904289246,0.2980842888355255,-0.002955398987978697,0.430683434009552,0.31005048751831055,-0.017779884859919548,0.4293765127658844,0.352507084608078,-0.023176394402980804,0.4954061210155487,0.38168400526046753,0.005929655395448208,0.5037540793418884,0.26318472623825073,-0.016140544787049294,0.4628046452999115,0.2782402038574219,-0.020503265783190727,0.45418429374694824,0.32503968477249146,-0.01563827134668827,0.523001492023468,0.38423511385917664,-0.013387463986873627,0.5371420383453369,0.2779477834701538,-0.029521672055125237,0.4912489056587219,0.28494125604629517,-0.0272341538220644,0.4761461913585663,0.3231464624404907,-0.019559010863304138,0.5511456727981567,0.39886727929115295,-0.03554794192314148,0.5567991733551025,0.3153632879257202,-0.043702270835638046,0.5224741101264954,0.30709683895111084,-0.04083576798439026,0.5071110129356384,0.33418604731559753,-0.03477481007575989,e
0.5383812189102173,0.6234896183013916,-2.7207252628613787e-07,0.47613438963890076,0.6055787205696106,-0.0046365950256586075,0.4333049952983856,0.5307427644729614,-0.008292337879538536,0.4149506390094757,0.47670209407806396,-0.017824718728661537,0.41612836718559265,0.47241249680519104,-0.02297941781580448,0.46775203943252563,0.3890971839427948,0.01938178576529026,0.46342235803604126,0.29407307505607605,-0.003049961058422923,0.4319722652435303,0.3065890073776245,-0.016892626881599426,0.43100327253341675,0.3506821393966675,-0.02137940563261509,0.4953746497631073,0.38058048486709595,0.006323143374174833,0.5031508803367615,0.26208457350730896,-0.016152532771229744,0.4628411829471588,0.2781273126602173,-0.019086113199591637,0.4551469385623932,0.3260592818260193,-0.012591956183314323,0.5232993364334106,0.3837479054927826,-0.01259598694741726,0.5362327694892883,0.27702003717422485,-0.0292587298899889,0.49167194962501526,0.2860856056213379,-0.025233512744307518,0.4781753420829773,0.32637083530426025,-0.015724090859293938,0.5519704818725586,0.39787620306015015,-0.034436654299497604,0.5571921467781067,0.3134405314922333,-0.04360109567642212,0.523836612701416,0.3074703514575958,-0.040374211966991425,0.5100609064102173,0.3373934328556061,-0.03344482555985451,e
0.5407066345214844,0.6241646409034729,-2.7435012839305273e-07,0.4784930646419525,0.6068556308746338,-0.00654036458581686,0.4346049726009369,0.5343466401100159,-0.012314620427787304,0.4154726564884186,0.4804684817790985,-0.02349972352385521,0.4180352985858917,0.47086432576179504,-0.030207667499780655,0.4674755930900574,0.3908739984035492,0.014838472940027714,0.4638148546218872,0.29383963346481323,-0.009091505780816078,0.4326382279396057,0.30825042724609375,-0.02489749900996685,0.4311087727546692,0.3527798056602478,-0.03106401488184929,0.4950898587703705,0.3822947144508362,0.0023266456555575132,0.5038793683052063,0.26329395174980164,-0.02123909257352352,0.46328556537628174,0.2777009606361389,-0.026415441185235977,0.4542888104915619,0.324811726808548,-0.022267917171120644,0.5229025483131409,0.38611480593681335,-0.015915261581540108,0.53687983751297,0.2800827920436859,-0.03231522813439369,0.4917483627796173,0.28509873151779175,-0.030722931027412415,0.47522538900375366,0.3217456042766571,-0.02392631024122238,0.5517136454582214,0.4018278419971466,-0.03713909909129143,0.5587467551231384,0.31787145137786865,-0.0453098826110363,0.5249682664871216,0.30754977464675903,-0.04307873174548149,0.5074414014816284,0.3319728970527649,-0.03780485317111015,e
0.5401334166526794,0.6230374574661255,-2.5735229769452417e-07,0.47843876481056213,0.6050876379013062,-0.004695326089859009,0.4343542754650116,0.5327512621879578,-0.009297750890254974,0.41446536779403687,0.4793683886528015,-0.019714204594492912,0.4178721308708191,0.47250086069107056,-0.025650549679994583,0.46778374910354614,0.3903355300426483,0.018287815153598785,0.46373802423477173,0.29499202966690063,-0.0043560294434428215,0.43225058913230896,0.3084661364555359,-0.018810473382472992,0.4307413399219513,0.3524042069911957,-0.023822573944926262,0.49548467993736267,0.3807619512081146,0.00521608954295516,0.5033921599388123,0.262455016374588,-0.016821477562189102,0.4635244607925415,0.276438444852829,-0.02031957544386387,0.4554266035556793,0.32350802421569824,-0.014783980324864388,0.52354896068573,0.3836519420146942,-0.013600727543234825,0.536121666431427,0.2777635455131531,-0.02979050762951374,0.4915381669998169,0.28480279445648193,-0.02657715417444706,0.4765528440475464,0.32336097955703735,-0.01803974062204361,0.5523179173469543,0.3978639543056488,-0.03526151180267334,0.5580686330795288,0.3131304085254669,-0.04374966397881508,0.5248439311981201,0.30677157640457153,-0.04045364633202553,0.5094785094261169,0.3362767994403839,-0.03376774117350578,e
0.5425701141357422,0.6220541000366211,-2.6444993750374124e-07,0.4799523949623108,0.6067027449607849,-0.006603306625038385,0.4352981448173523,0.534914493560791,-0.011599254794418812,0.41577285528182983,0.4818699359893799,-0.022211262956261635,0.4175148606300354,0.4720439910888672,-0.028096524998545647,0.4672696888446808,0.3915400803089142,0.016873516142368317,0.4613204300403595,0.2954348921775818,-0.006662399508059025,0.4311809837818146,0.3096274435520172,-0.021375441923737526,0.43121302127838135,0.35516080260276794,-0.0261189267039299,0.4952421486377716,0.38098546862602234,0.00474521005526185,0.5008180737495422,0.2628571391105652,-0.01843932457268238,0.46210506558418274,0.2791818678379059,-0.022241249680519104,0.45559823513031006,0.3273318409919739,-0.016129717230796814,0.5236107707023621,0.3826717734336853,-0.013278251513838768,0.5338749289512634,0.2770358622074127,-0.030128121376037598,0.4913412928581238,0.2861299514770508,-0.026155373081564903,0.4792834520339966,0.3261004388332367,-0.01640291139483452,0.5527312755584717,0.3956599235534668,-0.03435831889510155,0.5573692321777344,0.31088894605636597,-0.04316437244415283,0.525534451007843,0.3057083189487457,-0.03931425139307976,0.5128278732299805,0.3366049826145172,-0.031615667045116425,e
0.5403245091438293,0.6228379011154175,-2.461735846281954e-07,0.4790213108062744,0.6071509122848511,-0.007909194566309452,0.4345396161079407,0.5344355702400208,-0.01424330286681652,0.4142630100250244,0.4809364080429077,-0.02602464146912098,0.41701316833496094,0.47421297430992126,-0.03317699953913689,0.467086523771286,0.39109793305397034,0.0144957909360528,0.46147421002388,0.29304414987564087,-0.009931053966283798,0.43068623542785645,0.3087198734283447,-0.025215143337845802,0.4311508238315582,0.3558036983013153,-0.030420327559113503,0.49524927139282227,0.3814767897129059,0.0025374973192811012,0.5011945366859436,0.2612088918685913,-0.02138565294444561,0.4615868628025055,0.2785625755786896,-0.025536833330988884,0.45500826835632324,0.3278549313545227,-0.019804982468485832,0.5237095952033997,0.38423240184783936,-0.015372865833342075,0.533688485622406,0.2764212489128113,-0.032749708741903305,0.4904254376888275,0.28716081380844116,-0.02921574003994465,0.4782370924949646,0.32867366075515747,-0.01999005489051342,0.5528788566589355,0.3978966474533081,-0.036435361951589584,0.5573940277099609,0.31222495436668396,-0.045869406312704086,0.5251597762107849,0.3078691065311432,-0.042585331946611404,0.5124085545539856,0.33927613496780396,-0.03548714518547058,e
0.5403531789779663,0.6233175992965698,-2.6024997623608215e-07,0.47908157110214233,0.6074821949005127,-0.008911374025046825,0.4342121481895447,0.536057710647583,-0.016587283462285995,0.4135211706161499,0.4834898114204407,-0.029408084228634834,0.4169124960899353,0.47383520007133484,-0.03745824471116066,0.4672161042690277,0.39267680048942566,0.010827605612576008,0.4617650806903839,0.29233527183532715,-0.014803833328187466,0.43067222833633423,0.30945050716400146,-0.030822085216641426,0.43094632029533386,0.356984406709671,-0.036607835441827774,0.4953354299068451,0.3833300471305847,-0.00104983476921916,0.5020450949668884,0.2611921429634094,-0.026328448206186295,0.4619876742362976,0.27873632311820984,-0.03126702085137367,0.45503056049346924,0.327114999294281,-0.02623651921749115,0.5236730575561523,0.386383056640625,-0.01875005103647709,0.5349549651145935,0.2773755192756653,-0.03654898330569267,0.49139493703842163,0.28622299432754517,-0.03362839296460152,0.4780624806880951,0.32540473341941833,-0.02516876347362995,0.5528079867362976,0.401241272687912,-0.03961128368973732,0.5585246086120605,0.3141418695449829,-0.048404622822999954,0.5260080099105835,0.307340145111084,-0.04501643776893616,0.5118016004562378,0.33583882451057434,-0.03829879313707352,e
0.5420015454292297,0.6242659687995911,-2.5831829475464474e-07,0.4798011779785156,0.6083319783210754,-0.008560397662222385,0.43455570936203003,0.5361155271530151,-0.014700975269079208,0.4147484302520752,0.48439788818359375,-0.025936366990208626,0.41367900371551514,0.4743077754974365,-0.032645486295223236,0.46559762954711914,0.39394694566726685,0.012442303821444511,0.45830315351486206,0.2955506443977356,-0.012569495476782322,0.429896742105484,0.31109166145324707,-0.028740666806697845,0.43046537041664124,0.3571862280368805,-0.03452201187610626,0.49451640248298645,0.38307884335517883,0.0007117762579582632,0.49970167875289917,0.26332807540893555,-0.023742906749248505,0.4622369408607483,0.27930372953414917,-0.029216626659035683,0.4553340971469879,0.32771605253219604,-0.024510513991117477,0.5234307050704956,0.38541552424430847,-0.01681884005665779,0.5338068008422852,0.27817583084106445,-0.034112948924303055,0.4927399754524231,0.28641217947006226,-0.03134218975901604,0.4802345931529999,0.32544079422950745,-0.022846728563308716,0.5531152486801147,0.40010035037994385,-0.03749452531337738,0.5585705041885376,0.31459054350852966,-0.046087656170129776,0.5278934240341187,0.3082942068576813,-0.04245955869555473,0.5148504376411438,0.33716022968292236,-0.03535303473472595,e
0.5427271127700806,0.6243008375167847,-2.178098554850294e-07,0.47973179817199707,0.6100768446922302,-0.00968860276043415,0.4335068464279175,0.5390910506248474,-0.016664477065205574,0.41338658332824707,0.4855344891548157,-0.028710704296827316,0.4129239320755005,0.47484448552131653,-0.03622687608003616,0.46367505192756653,0.3945961892604828,0.01219960767775774,0.45664501190185547,0.2982792556285858,-0.013301397673785686,0.4283226728439331,0.30997800827026367,-0.02987026982009411,0.42825475335121155,0.3530019521713257,-0.03569762781262398,0.49298250675201416,0.38272780179977417,0.0006942219915799797,0.4982764422893524,0.2633363902568817,-0.024132614955306053,0.46119385957717896,0.27802956104278564,-0.02959747053682804,0.45461487770080566,0.32743051648139954,-0.02436128444969654,0.5225387215614319,0.3845110535621643,-0.01672113873064518,0.5329304933547974,0.2771993577480316,-0.03438223898410797,0.49270522594451904,0.2860944867134094,-0.030544612556695938,0.4816381633281708,0.3270261883735657,-0.020668325945734978,0.5528889298439026,0.3986741006374359,-0.037505853921175,0.5580840110778809,0.3132174611091614,-0.04672495648264885,0.5282041430473328,0.3077618479728699,-0.04261387139558792,0.5168861150741577,0.3385210931301117,-0.03444796800613403,e
0.5406346917152405,0.622514009475708,-2.6205808012491616e-07,0.47727882862091064,0.6074520349502563,-0.008886786177754402,0.4312237799167633,0.53755784034729,-0.015946196392178535,0.41117119789123535,0.48720982670783997,-0.02811497449874878,0.40871673822402954,0.4738583266735077,-0.03578043356537819,0.4630829393863678,0.3946373164653778,0.01022527925670147,0.4547724723815918,0.2944141626358032,-0.016391238197684288,0.42653030157089233,0.3127124011516571,-0.03345097228884697,0.42847150564193726,0.36016035079956055,-0.03947892785072327,0.49241554737091064,0.3837985396385193,-0.0016443646745756269,0.4962867498397827,0.2615567445755005,-0.027961596846580505,0.45857828855514526,0.2822989821434021,-0.03440026566386223,0.4534432590007782,0.3330506980419159,-0.029859228059649467,0.521899938583374,0.3855077028274536,-0.019191592931747437,0.5314773321151733,0.27537214756011963,-0.03780249133706093,0.49005839228630066,0.2882423996925354,-0.03524076193571091,0.4794497787952423,0.33083808422088623,-0.02650504931807518,0.5523912906646729,0.3995289206504822,-0.039852075278759,0.5576768517494202,0.31286904215812683,-0.04941401258111,0.526134192943573,0.3095800280570984,-0.045863229781389236,0.5142062306404114,0.3415437340736389,-0.03843700513243675,e
0.5414736270904541,0.622134804725647,-2.3317645059250935e-07,0.4784267246723175,0.6094955801963806,-0.012733272276818752,0.43100249767303467,0.5449908971786499,-0.023059096187353134,0.4082335829734802,0.49820828437805176,-0.037946294993162155,0.40675657987594604,0.4802674651145935,-0.048005927354097366,0.4602895975112915,0.3972289264202118,0.004310755990445614,0.451017826795578,0.2936386168003082,-0.02531127817928791,0.4246067404747009,0.31220442056655884,-0.044344570487737656,0.42760229110717773,0.3627428114414215,-0.051276061683893204,0.49067288637161255,0.38542357087135315,-0.006706204265356064,0.4938660264015198,0.26177799701690674,-0.035706087946891785,0.4579956531524658,0.2820896804332733,-0.04414045810699463,0.45387002825737,0.3344825804233551,-0.040673110634088516,0.5210951566696167,0.38694486021995544,-0.023568641394376755,0.5289241671562195,0.2752823233604431,-0.0438230000436306,0.49076229333877563,0.2881212830543518,-0.04118247330188751,0.4826177954673767,0.3317507803440094,-0.03212851285934448,0.5521738529205322,0.40095067024230957,-0.04382961988449097,0.5558273792266846,0.31344038248062134,-0.055063195526599884,0.5281308889389038,0.3104555010795593,-0.051467519253492355,0.5198929309844971,0.3430068790912628,-0.043481290340423584,e
0.5426346659660339,0.622028112411499,-2.455205674323224e-07,0.4797184467315674,0.6092196702957153,-0.012079847976565361,0.4302241802215576,0.543388843536377,-0.02138254977762699,0.40696829557418823,0.49346232414245605,-0.03508240357041359,0.4078837037086487,0.47873982787132263,-0.04422077164053917,0.45947158336639404,0.3959498405456543,0.0057282052002847195,0.45066678524017334,0.2948714792728424,-0.022512013092637062,0.42450258135795593,0.31257450580596924,-0.04140257462859154,0.42679983377456665,0.3611212968826294,-0.04884042590856552,0.49020642042160034,0.38346102833747864,-0.005180082283914089,0.4927018880844116,0.26221755146980286,-0.03277486562728882,0.457271933555603,0.2807614207267761,-0.040868017822504044,0.45235568284988403,0.3322044014930725,-0.0378604419529438,0.5212706327438354,0.3850579857826233,-0.021925438195466995,0.5276975631713867,0.2763088047504425,-0.041069723665714264,0.4896894097328186,0.2872156500816345,-0.03929748758673668,0.4803619980812073,0.3287145495414734,-0.03159584477543831,0.5534024834632874,0.39973723888397217,-0.04203755035996437,0.5566091537475586,0.3143795132637024,-0.05245396867394447,0.5283992290496826,0.3119863271713257,-0.04938569664955139,0.5184749364852905,0.34423527121543884,-0.042497240006923676,e
0.542441189289093,0.6219131946563721,-2.421296301235998e-07,0.4801805317401886,0.6111745834350586,-0.012907139025628567,0.4294831156730652,0.5480942726135254,-0.022168731316924095,0.40559762716293335,0.5015484690666199,-0.03565777465701103,0.40228262543678284,0.48028644919395447,-0.04460378363728523,0.45915618538856506,0.396623432636261,0.004975315649062395,0.44983893632888794,0.29299306869506836,-0.023261085152626038,0.4239119589328766,0.3104214668273926,-0.04259864240884781,0.4260866343975067,0.3592449426651001,-0.0501614473760128,0.49003151059150696,0.3836216628551483,-0.005081624258309603,0.4890575110912323,0.26210498809814453,-0.03238324448466301,0.4548535645008087,0.28106534481048584,-0.04156747832894325,0.451071172952652,0.33400431275367737,-0.0394245944917202,0.5218313932418823,0.38485151529312134,-0.020994827151298523,0.5240628123283386,0.27466583251953125,-0.0403049997985363,0.4876953065395355,0.2867378294467926,-0.04025402292609215,0.4799378216266632,0.32993537187576294,-0.033805061131715775,0.5552190542221069,0.39925625920295715,-0.040145862847566605,0.557587206363678,0.3126019239425659,-0.0515042208135128,0.5297106504440308,0.3113163113594055,-0.0497296042740345,0.5196161270141602,0.34582406282424927,-0.0436679869890213,e
0.5398778915405273,0.6204177141189575,-2.7932878765568603e-07,0.4781555235385895,0.6100844144821167,-0.013961892575025558,0.42578238248825073,0.5497762560844421,-0.024563590064644814,0.4003550708293915,0.5061994791030884,-0.03946835547685623,0.39762118458747864,0.4825804531574249,-0.05008326843380928,0.45670560002326965,0.39622288942337036,0.0018277913331985474,0.444601446390152,0.2918035387992859,-0.02817652001976967,0.4200633764266968,0.3136937916278839,-0.048935871571302414,0.4239580035209656,0.36507347226142883,-0.05736386403441429,0.4888487458229065,0.3824765980243683,-0.0081233661621809,0.48485255241394043,0.2600230276584625,-0.03721419349312782,0.45251601934432983,0.2851320505142212,-0.048625148832798004,0.45098796486854553,0.3400427997112274,-0.047829240560531616,0.5218712687492371,0.382772296667099,-0.023728374391794205,0.5207099914550781,0.27222949266433716,-0.043613679707050323,0.4869481027126312,0.289020836353302,-0.044741470366716385,0.48195138573646545,0.3341796398162842,-0.03915909305214882,0.5566043257713318,0.39619529247283936,-0.04254794493317604,0.5579661726951599,0.30810680985450745,-0.053730547428131104,0.5317580699920654,0.3061656951904297,-0.052488088607788086,0.523059070110321,0.33842235803604126,-0.04704604670405388,e
0.5442401170730591,0.6194573640823364,-2.757394952368486e-07,0.47912392020225525,0.61296546459198,-0.016832180321216583,0.42518794536590576,0.5542619824409485,-0.02872476540505886,0.3969080150127411,0.5099506378173828,-0.045062653720378876,0.3989030718803406,0.48510587215423584,-0.0570262111723423,0.4548744261264801,0.3973086476325989,0.0026816348545253277,0.44141414761543274,0.29407310485839844,-0.028388744220137596,0.41837242245674133,0.3142828047275543,-0.050076574087142944,0.42399317026138306,0.3658849895000458,-0.05898391082882881,0.4877679944038391,0.3813799023628235,-0.006585861090570688,0.48295918107032776,0.2595619559288025,-0.036863382905721664,0.45145875215530396,0.28550758957862854,-0.049486055970191956,0.45121893286705017,0.34187522530555725,-0.04888980835676193,0.522371232509613,0.37991610169410706,-0.021979348734021187,0.519542932510376,0.270435631275177,-0.043720342218875885,0.48756542801856995,0.2902500629425049,-0.04591440036892891,0.48654860258102417,0.3390212059020996,-0.03998052328824997,0.5587261915206909,0.39136555790901184,-0.040844496339559555,0.5563867688179016,0.3030107021331787,-0.053282126784324646,0.5310725569725037,0.304138720035553,-0.05256109684705734,0.5264723896980286,0.3406481444835663,-0.046763647347688675,e
0.5493490695953369,0.6166496872901917,-2.7610420261225954e-07,0.4834692180156708,0.6154135465621948,-0.018906040117144585,0.42298901081085205,0.5605415105819702,-0.032336268573999405,0.39091745018959045,0.5169978737831116,-0.04996150732040405,0.39588648080825806,0.4896165132522583,-0.06365969032049179,0.45153307914733887,0.400221049785614,-0.0003930924867745489,0.4362691342830658,0.2964702844619751,-0.032746605575084686,0.41329067945480347,0.3148733973503113,-0.056212492287158966,0.41872456669807434,0.3654234707355499,-0.06687383353710175,0.4854058027267456,0.3818061649799347,-0.009632237255573273,0.47613760828971863,0.2582525312900543,-0.04250837862491608,0.44711121916770935,0.2867943048477173,-0.058576300740242004,0.44929951429367065,0.34431344270706177,-0.060787368565797806,0.52118980884552,0.37731683254241943,-0.024924110621213913,0.5129861235618591,0.26721423864364624,-0.049265939742326736,0.4876062572002411,0.2942357659339905,-0.05463028699159622,0.4930851459503174,0.3460473418235779,-0.051229722797870636,0.5592179894447327,0.38549426198005676,-0.043616101145744324,0.5507485270500183,0.2977728843688965,-0.05834252014756203,0.5299004912376404,0.3080756366252899,-0.05941254645586014,0.5312004089355469,0.3497994542121887,-0.05543966591358185,e
0.5508789420127869,0.6188266277313232,-2.3451893582659977e-07,0.48528817296028137,0.6172179579734802,-0.021573862060904503,0.4256405830383301,0.5655854344367981,-0.03848304599523544,0.3883967101573944,0.5230990648269653,-0.05941940099000931,0.3948613107204437,0.4911697804927826,-0.07622531801462173,0.4507381319999695,0.4002872705459595,-0.0012880570720881224,0.4350620210170746,0.29529935121536255,-0.03606467694044113,0.41359469294548035,0.31252437829971313,-0.06215423718094826,0.41892459988594055,0.3617156445980072,-0.07435505837202072,0.48536500334739685,0.38124439120292664,-0.009797658771276474,0.4779888391494751,0.25615108013153076,-0.04270516708493233,0.44843170046806335,0.2824830412864685,-0.05980299040675163,0.4481203258037567,0.3404563069343567,-0.06320555508136749,0.5222625732421875,0.3769798278808594,-0.02487177401781082,0.5151180624961853,0.26572930812835693,-0.04820678383111954,0.4858142137527466,0.2894604802131653,-0.05375737324357033,0.48613521456718445,0.3405420780181885,-0.050943274050951004,0.5614703893661499,0.38599684834480286,-0.043780602514743805,0.5524254441261292,0.29689034819602966,-0.05668141692876816,0.5293814539909363,0.30193591117858887,-0.0573086179792881,0.5268834233283997,0.3385956287384033,-0.05344527214765549,e
0.5535162687301636,0.6197950839996338,-2.1791673532334244e-07,0.48560208082199097,0.6173084378242493,-0.02225070632994175,0.42470765113830566,0.5681158304214478,-0.040154531598091125,0.3857101500034332,0.528679609298706,-0.06195233017206192,0.394538938999176,0.4929845929145813,-0.07983140647411346,0.449144572019577,0.4008605480194092,-0.002319834427908063,0.434434175491333,0.2967069447040558,-0.03803553804755211,0.41476067900657654,0.31014785170555115,-0.06596466898918152,0.41932880878448486,0.3569334149360657,-0.07950228452682495,0.4848966598510742,0.3815588355064392,-0.010582273826003075,0.477186918258667,0.2573814392089844,-0.04401794448494911,0.45036667585372925,0.28082674741744995,-0.06366667151451111,0.44993001222610474,0.3378625810146332,-0.06939702481031418,0.5230355858802795,0.37734881043434143,-0.02530563995242119,0.5157031416893005,0.2675400972366333,-0.04905764013528824,0.48913055658340454,0.290141224861145,-0.05686892941594124,0.4896429181098938,0.34129735827445984,-0.05589728429913521,0.5637137293815613,0.38750120997428894,-0.04378345236182213,0.5554022789001465,0.29800862073898315,-0.05686858668923378,0.5334826707839966,0.30004459619522095,-0.058707378804683685,0.5301883220672607,0.3339990973472595,-0.056065063923597336,e
0.5564623475074768,0.6186187267303467,-2.3081784661371785e-07,0.48669496178627014,0.6169959306716919,-0.021941766142845154,0.42358916997909546,0.5713940858840942,-0.04011433944106102,0.38445964455604553,0.5329110026359558,-0.06206544116139412,0.39451318979263306,0.49367430806159973,-0.08012696355581284,0.44942378997802734,0.4022715985774994,-0.0050179301761090755,0.43390896916389465,0.29716193675994873,-0.04185919836163521,0.41404423117637634,0.3139430582523346,-0.07031390070915222,0.41868704557418823,0.3641255795955658,-0.08383295685052872,0.48583436012268066,0.3822415769100189,-0.01324719563126564,0.4763711392879486,0.25766265392303467,-0.047051381319761276,0.4511418044567108,0.28156960010528564,-0.06632287800312042,0.45199522376060486,0.33905765414237976,-0.07181449979543686,0.5247254371643066,0.3777018189430237,-0.027769386768341064,0.5158240795135498,0.26755791902542114,-0.0512692928314209,0.49204111099243164,0.28919538855552673,-0.05814766883850098,0.49400851130485535,0.3400668501853943,-0.05669381469488144,0.5662122964859009,0.3876180052757263,-0.04602567479014397,0.557913064956665,0.29708072543144226,-0.0591534785926342,0.5374059677124023,0.2974686324596405,-0.06047223508358002,0.5342787504196167,0.33049893379211426,-0.05735384672880173,e
0.5584645867347717,0.616597592830658,-1.8836334447769332e-07,0.488548219203949,0.6145405173301697,-0.023044653236865997,0.425371378660202,0.572075605392456,-0.042814191430807114,0.3843103051185608,0.5353379845619202,-0.0661272257566452,0.3962276875972748,0.495140016078949,-0.08603610843420029,0.4481379985809326,0.4036155045032501,-0.007966858334839344,0.4318411350250244,0.29843729734420776,-0.04613430052995682,0.4153631627559662,0.31089577078819275,-0.07647441327571869,0.420636922121048,0.3599161207675934,-0.09121988713741302,0.48599186539649963,0.38284626603126526,-0.01573815941810608,0.47639405727386475,0.25769078731536865,-0.050740085542201996,0.45490628480911255,0.27758222818374634,-0.07272428274154663,0.4555087387561798,0.33505403995513916,-0.08041204512119293,0.5260467529296875,0.3781992197036743,-0.029615754261612892,0.5163768529891968,0.26904258131980896,-0.05373559147119522,0.4958041310310364,0.287921279668808,-0.06311893463134766,0.4971286952495575,0.33881399035453796,-0.06358544528484344,0.5690243244171143,0.38860535621643066,-0.047129154205322266,0.5616056323051453,0.2977181673049927,-0.0604964978992939,0.5434439182281494,0.29424941539764404,-0.06321481615304947,0.539203405380249,0.32478874921798706,-0.06144906207919121,e
0.5647123456001282,0.6165814995765686,-1.1094169849457103e-07,0.49409013986587524,0.615562915802002,-0.023538019508123398,0.42935657501220703,0.5746182203292847,-0.04317929223179817,0.3860688805580139,0.5372937917709351,-0.06622818857431412,0.3980001211166382,0.49801328778266907,-0.08566520363092422,0.4489332437515259,0.40370166301727295,-0.006748647894710302,0.4325280785560608,0.3019832670688629,-0.04379577562212944,0.41864460706710815,0.3056892454624176,-0.07397648692131042,0.4238899052143097,0.3506191372871399,-0.0888587161898613,0.4879801273345947,0.3810995817184448,-0.013927745632827282,0.47789594531059265,0.2608034908771515,-0.04836167395114899,0.45909297466278076,0.27144530415534973,-0.07113370299339294,0.46009525656700134,0.32688984274864197,-0.0797722339630127,0.5287163853645325,0.37674999237060547,-0.02712007239460945,0.5180992484092712,0.2710559368133545,-0.05060659348964691,0.5020690560340881,0.2863709628582001,-0.05821654200553894,0.5043907761573792,0.33635514974594116,-0.05736757814884186,0.5721651911735535,0.38788121938705444,-0.04408418387174606,0.5636309385299683,0.2987027168273926,-0.05765751749277115,0.5485349297523499,0.29259049892425537,-0.059565186500549316,0.5445373058319092,0.3219434916973114,-0.05675571411848068,e
0.5685365796089172,0.6155972480773926,-6.659485052296077e-08,0.49700799584388733,0.6169399619102478,-0.023440929129719734,0.42915716767311096,0.5763451457023621,-0.04271349310874939,0.384183406829834,0.5367962718009949,-0.06524869054555893,0.39801907539367676,0.4994478225708008,-0.08424486964941025,0.4505501687526703,0.40293774008750916,-0.005914345383644104,0.43498972058296204,0.3026152551174164,-0.041709013283252716,0.4227592647075653,0.3013717830181122,-0.07142297923564911,0.4282226264476776,0.3430803418159485,-0.08632346987724304,0.490473210811615,0.3796139657497406,-0.013031117618083954,0.4792860448360443,0.2597377598285675,-0.0462762787938118,0.46255895495414734,0.267314612865448,-0.06887857615947723,0.4654059112071991,0.3229077160358429,-0.07758717238903046,0.5317873358726501,0.37584102153778076,-0.026024095714092255,0.5204445123672485,0.26921042799949646,-0.047968968749046326,0.5050976276397705,0.2804117202758789,-0.05425463616847992,0.5075126886367798,0.3292495608329773,-0.052790526300668716,0.5759550929069519,0.3876497149467468,-0.042892877012491226,0.5666971206665039,0.2982217073440552,-0.05582638457417488,0.5522024035453796,0.29039430618286133,-0.057197608053684235,0.5481967329978943,0.3195931315422058,-0.05393948033452034,e
0.5729754567146301,0.614525318145752,-8.26930914854529e-08,0.5008289217948914,0.6161798238754272,-0.026277998462319374,0.43263182044029236,0.5762694478034973,-0.047597236931324005,0.3868250250816345,0.5369046926498413,-0.07186590135097504,0.39931681752204895,0.49841734766960144,-0.09269680827856064,0.4536326229572296,0.4021949768066406,-0.010128790512681007,0.4378335177898407,0.2979913055896759,-0.047949567437171936,0.4268834888935089,0.2987903356552124,-0.07892037183046341,0.43217429518699646,0.3442494869232178,-0.09436327964067459,0.4942755401134491,0.3795953392982483,-0.016444573178887367,0.48200440406799316,0.2568461298942566,-0.05206381529569626,0.46849510073661804,0.26815658807754517,-0.07651929557323456,0.4716929793357849,0.32672274112701416,-0.08612241595983505,0.5360974669456482,0.3756409287452698,-0.02866707742214203,0.5226197242736816,0.26602819561958313,-0.051998309791088104,0.5113986134529114,0.2778337895870209,-0.05971510708332062,0.51573246717453,0.32867133617401123,-0.05911938101053238,0.5806594491004944,0.3866044282913208,-0.04490245506167412,0.5698696970939636,0.29577764868736267,-0.05888126790523529,0.5586591958999634,0.29046037793159485,-0.06104530021548271,0.5570970773696899,0.3232491612434387,-0.058323051780462265,e
0.5802035331726074,0.6145620346069336,-5.3529074506286634e-08,0.508364200592041,0.6156252026557922,-0.02792207896709442,0.4387825131416321,0.5753177404403687,-0.05011308193206787,0.38794058561325073,0.5352357625961304,-0.07514814287424088,0.4038035273551941,0.5007866621017456,-0.09691309183835983,0.4566028118133545,0.40130549669265747,-0.009730632416903973,0.43978095054626465,0.3005862236022949,-0.04764571785926819,0.4319029748439789,0.2982074022293091,-0.07999865710735321,0.4387289881706238,0.3422533869743347,-0.09679782390594482,0.4977867901325226,0.37708818912506104,-0.015285488218069077,0.48422035574913025,0.2575984001159668,-0.05123693123459816,0.47381430864334106,0.26530635356903076,-0.07849382609128952,0.4777776896953583,0.32286685705184937,-0.09047367423772812,0.5401846170425415,0.3733140230178833,-0.02675243653357029,0.525641918182373,0.26703354716300964,-0.050187673419713974,0.5172891616821289,0.27599406242370605,-0.05999983847141266,0.5218749642372131,0.32702362537384033,-0.06095912680029869,0.5852393507957458,0.3851575255393982,-0.04234274476766586,0.5737596750259399,0.2959560751914978,-0.05632476881146431,0.5634738802909851,0.2868996858596802,-0.05991818755865097,0.5608470439910889,0.3172282576560974,-0.058473579585552216,e
0.5792427659034729,0.6124086976051331,-7.497528287103705e-08,0.5083990693092346,0.6155691146850586,-0.029370848089456558,0.43891552090644836,0.5763565301895142,-0.05271170660853386,0.38840556144714355,0.537331223487854,-0.07855155318975449,0.40076306462287903,0.4995899796485901,-0.10106873512268066,0.45600709319114685,0.40166932344436646,-0.013114985078573227,0.43973222374916077,0.2977805733680725,-0.05220648646354675,0.4327361583709717,0.2984599173069,-0.08492345362901688,0.44000348448753357,0.3449193835258484,-0.10160687565803528,0.4968436658382416,0.37742897868156433,-0.018017854541540146,0.4820529520511627,0.25564828515052795,-0.05410405993461609,0.4740155339241028,0.2673717141151428,-0.08038704097270966,0.4792764186859131,0.32572194933891296,-0.0917096808552742,0.539063036441803,0.3727457821369171,-0.0289094727486372,0.5241801738739014,0.2647441625595093,-0.052850477397441864,0.5174149870872498,0.277044415473938,-0.06258811801671982,0.5229519009590149,0.329037606716156,-0.06367228180170059,0.5837851166725159,0.3834916651248932,-0.04392701014876366,0.5726391673088074,0.2920185327529907,-0.05806279927492142,0.5633752942085266,0.2873120903968811,-0.061203211545944214,0.5618263483047485,0.32157546281814575,-0.059664905071258545,e
0.584479808807373,0.6129748821258545,-8.542055951465954e-09,0.5123770833015442,0.6141307353973389,-0.02899949811398983,0.4414687156677246,0.5750440359115601,-0.051352642476558685,0.3883780241012573,0.5336180925369263,-0.07648155838251114,0.4059258997440338,0.49709194898605347,-0.09811118245124817,0.46017906069755554,0.40092700719833374,-0.006913868244737387,0.44047048687934875,0.3068116009235382,-0.044156987220048904,0.4349793493747711,0.2983150780200958,-0.07684231549501419,0.44302353262901306,0.33761149644851685,-0.09421378374099731,0.5009666681289673,0.3744465410709381,-0.011904488317668438,0.48542076349258423,0.26193928718566895,-0.0475194938480854,0.47822991013526917,0.26123565435409546,-0.07551886141300201,0.4839634299278259,0.31591305136680603,-0.08830530941486359,0.543038547039032,0.3706188499927521,-0.023088738322257996,0.5266429781913757,0.26817619800567627,-0.046738602221012115,0.5216947197914124,0.2721768021583557,-0.05504349246621132,0.5265293717384338,0.32196348905563354,-0.054674360901117325,0.5877016186714172,0.38243260979652405,-0.038632094860076904,0.5748034715652466,0.2964508533477783,-0.05394752323627472,0.567896842956543,0.2855825424194336,-0.05723731964826584,0.5665951371192932,0.3155059814453125,-0.054921265691518784,e
0.5861424803733826,0.6115447282791138,2.4477122551047614e-08,0.5145299434661865,0.6142964959144592,-0.032191481441259384,0.4429073631763458,0.5734308362007141,-0.05662057176232338,0.3892960250377655,0.5281313061714172,-0.08332075923681259,0.4100157916545868,0.4961920976638794,-0.10678543895483017,0.4633055627346039,0.39976999163627625,-0.011060565710067749,0.4426417350769043,0.307317316532135,-0.04791833832859993,0.43959495425224304,0.29676374793052673,-0.08015824109315872,0.4492214024066925,0.3339307904243469,-0.09789571166038513,0.5058989524841309,0.37428417801856995,-0.015166684985160828,0.488836407661438,0.26071929931640625,-0.05291687697172165,0.4881734251976013,0.26362407207489014,-0.08240794390439987,0.4982551038265228,0.3184165358543396,-0.09607245773077011,0.5488536953926086,0.37121906876564026,-0.02518719807267189,0.5326945781707764,0.26739275455474854,-0.050778359174728394,0.5324475169181824,0.2770869731903076,-0.060006771236658096,0.5400556921958923,0.32818174362182617,-0.060050807893276215,0.5936322808265686,0.3826805353164673,-0.03958439826965332,0.5792794227600098,0.2946416139602661,-0.05550127848982811,0.575391948223114,0.2897801995277405,-0.058864105492830276,0.5771097540855408,0.3243255317211151,-0.05688563361763954,e
0.5961763858795166,0.6045296788215637,1.705321395206738e-08,0.5245432257652283,0.6097968816757202,-0.03322527930140495,0.45199552178382874,0.5703901052474976,-0.05764821544289589,0.4001639485359192,0.5206658244132996,-0.08402420580387115,0.42642152309417725,0.49588432908058167,-0.10750003159046173,0.4722653329372406,0.39782148599624634,-0.012663817964494228,0.45263609290122986,0.30626511573791504,-0.04880109056830406,0.4513862133026123,0.2920892834663391,-0.08037486672401428,0.46091943979263306,0.3260725140571594,-0.09814038127660751,0.5134997963905334,0.3723708391189575,-0.0162263885140419,0.494418740272522,0.2613708972930908,-0.0546952486038208,0.49998483061790466,0.2661716639995575,-0.08503984659910202,0.5127331018447876,0.31974178552627563,-0.09901547431945801,0.5557860732078552,0.36797481775283813,-0.025430597364902496,0.5405610203742981,0.2658933401107788,-0.05186815932393074,0.5452947020530701,0.27343225479125977,-0.06265556812286377,0.5537086129188538,0.3236437141895294,-0.06350331008434296,0.5995849370956421,0.3774608373641968,-0.038976337760686874,0.5862057209014893,0.2919190227985382,-0.05532010272145271,0.5867159366607666,0.28597718477249146,-0.05981215089559555,0.5901169180870056,0.31913870573043823,-0.05875642970204353,e
0.6000062227249146,0.6026498079299927,2.532726917081618e-08,0.5293787121772766,0.6070796251296997,-0.03310541436076164,0.4585948586463928,0.5696687698364258,-0.05777149274945259,0.4076297879219055,0.5245100259780884,-0.08433263003826141,0.4312509596347809,0.4949672222137451,-0.10805702209472656,0.47937145829200745,0.3964703381061554,-0.01334510650485754,0.4601742923259735,0.3052886426448822,-0.049456916749477386,0.4589388966560364,0.29317766427993774,-0.08163677901029587,0.46794426441192627,0.3292825520038605,-0.09958089888095856,0.5199404358863831,0.3713972866535187,-0.016983089968562126,0.5002054572105408,0.2615514397621155,-0.054618023335933685,0.5049473643302917,0.2631823420524597,-0.08611102402210236,0.5168560147285461,0.31591087579727173,-0.10152868926525116,0.5616282224655151,0.3674331605434418,-0.02620125189423561,0.5465894937515259,0.26627179980278015,-0.052931610494852066,0.5520290732383728,0.27249807119369507,-0.06644491106271744,0.5604034662246704,0.3236680328845978,-0.06940823793411255,0.6051759123802185,0.3777741491794586,-0.03954131156206131,0.5924743413925171,0.29128021001815796,-0.05701414868235588,0.5931758284568787,0.28482043743133545,-0.0632380023598671,0.5955504179000854,0.3193633258342743,-0.06348661333322525,e
0.6047863960266113,0.5994642972946167,1.6650099965431764e-08,0.5354920029640198,0.6043159365653992,-0.03144030272960663,0.46429309248924255,0.5679330825805664,-0.05519450083374977,0.4147230088710785,0.5220721364021301,-0.08084431290626526,0.43846243619918823,0.49396997690200806,-0.10391710698604584,0.484472393989563,0.39416539669036865,-0.013633742928504944,0.46655920147895813,0.30385729670524597,-0.04841313511133194,0.4658767580986023,0.2904819846153259,-0.07934623956680298,0.47418302297592163,0.32502055168151855,-0.09668487310409546,0.5254729390144348,0.36973607540130615,-0.017934996634721756,0.5073398947715759,0.2596913278102875,-0.05435517430305481,0.512968122959137,0.2623808979988098,-0.08457051217556,0.5239279866218567,0.3148587942123413,-0.0992974042892456,0.5676886439323425,0.3660212457180023,-0.02748931758105755,0.55320143699646,0.2649170160293579,-0.05364442616701126,0.5582109689712524,0.272006094455719,-0.06679722666740417,0.565078616142273,0.3228130638599396,-0.0698171854019165,0.6112036108970642,0.3765726387500763,-0.04089733958244324,0.5986164808273315,0.28972381353378296,-0.05790304020047188,0.5997163653373718,0.2842443585395813,-0.06350194662809372,0.6020848751068115,0.3188069760799408,-0.06355846673250198,e
0.607559084892273,0.5987302660942078,3.070959309070531e-08,0.5373493432998657,0.6028490662574768,-0.03135368973016739,0.4662427604198456,0.5615001916885376,-0.054824523627758026,0.4167543649673462,0.5136601328849792,-0.0802888497710228,0.44524121284484863,0.4903102219104767,-0.10316555947065353,0.4921461045742035,0.3911130130290985,-0.012864232994616032,0.4748379588127136,0.3004033863544464,-0.0476357564330101,0.47366243600845337,0.2860730290412903,-0.0791652724146843,0.4816318154335022,0.3216293454170227,-0.0972093865275383,0.5338250398635864,0.36786648631095886,-0.017056934535503387,0.5160669684410095,0.2597501277923584,-0.054265331476926804,0.5210534334182739,0.259266197681427,-0.08636346459388733,0.5322828888893127,0.31189656257629395,-0.10258708894252777,0.5751806497573853,0.36532166600227356,-0.026397915557026863,0.5619745850563049,0.2641028165817261,-0.05182109400629997,0.5664337873458862,0.267356276512146,-0.0652104988694191,0.5731698274612427,0.317544549703598,-0.0686124637722969,0.6176020503044128,0.37636932730674744,-0.0397479310631752,0.6055232286453247,0.2914801836013794,-0.055971380323171616,0.6062309145927429,0.28183794021606445,-0.062252722680568695,0.6080723404884338,0.3137783408164978,-0.06298715621232986,e
0.6102917790412903,0.5942344069480896,-1.684518124989154e-08,0.5418218970298767,0.6003542542457581,-0.03200189024209976,0.472214937210083,0.5601382255554199,-0.05628455802798271,0.42548978328704834,0.5137771368026733,-0.08209648728370667,0.44718942046165466,0.4863792061805725,-0.10504299402236938,0.4965555667877197,0.38823622465133667,-0.017656896263360977,0.47767871618270874,0.293398380279541,-0.05263460427522659,0.4804365336894989,0.28328144550323486,-0.08197449892759323,0.4907924234867096,0.3208712935447693,-0.09787002950906754,0.5374350547790527,0.36551588773727417,-0.02138221636414528,0.5200789570808411,0.2526226043701172,-0.057205408811569214,0.5301212668418884,0.2641623616218567,-0.08386647701263428,0.5413956642150879,0.31886523962020874,-0.09552586823701859,0.5789377689361572,0.3623984158039093,-0.03025042451918125,0.5634316802024841,0.2578693628311157,-0.054608095437288284,0.5705658793449402,0.2668995261192322,-0.06368454545736313,0.5782066583633423,0.31664443016052246,-0.06418890506029129,0.6213671565055847,0.37384992837905884,-0.04320349171757698,0.6097103357315063,0.286594957113266,-0.05857521668076515,0.6109741926193237,0.2811095118522644,-0.06204875931143761,0.6130930781364441,0.3139185309410095,-0.06065203994512558,e
0.6151900291442871,0.5950188636779785,-3.950399474206279e-08,0.5460477471351624,0.5972689986228943,-0.029115909710526466,0.47595569491386414,0.5575619339942932,-0.050666823983192444,0.4316280782222748,0.5126078724861145,-0.07398469746112823,0.4510240852832794,0.4872860908508301,-0.0949663519859314,0.5031813979148865,0.3883088231086731,-0.01458736788481474,0.4870586395263672,0.2918110489845276,-0.04869595170021057,0.487291544675827,0.2833644449710846,-0.07824765890836716,0.4952470660209656,0.3231096565723419,-0.09393180906772614,0.5447385907173157,0.3667474091053009,-0.01902577094733715,0.5278474688529968,0.256211519241333,-0.05269767716526985,0.5333293080329895,0.2592359185218811,-0.08056963980197906,0.5427984595298767,0.3098990321159363,-0.09423436969518661,0.585776686668396,0.3644310235977173,-0.028599949553608894,0.5744202733039856,0.2640279233455658,-0.05359622463583946,0.5785158276557922,0.26733705401420593,-0.06802695989608765,0.5852699279785156,0.31620264053344727,-0.07246074825525284,0.6276677846908569,0.3766733705997467,-0.04167387634515762,0.6168754696846008,0.29266878962516785,-0.05851248279213905,0.6161826848983765,0.2835661768913269,-0.06524981558322906,0.6174745559692383,0.31415754556655884,-0.06643363833427429,e
0.616081714630127,0.5943360924720764,-4.2337084948940173e-08,0.5479167103767395,0.5976725816726685,-0.028224457055330276,0.4788970351219177,0.5549889802932739,-0.04984070733189583,0.4344567060470581,0.5078692436218262,-0.07351747155189514,0.4547539949417114,0.4859832525253296,-0.09495483338832855,0.5059376955032349,0.38587886095046997,-0.014128216542303562,0.49054238200187683,0.29048681259155273,-0.04807397723197937,0.493417352437973,0.2811657190322876,-0.07753017544746399,0.5029816031455994,0.3211897909641266,-0.09360209852457047,0.5478456020355225,0.36516767740249634,-0.01955653913319111,0.5306291580200195,0.2534213364124298,-0.054926030337810516,0.5407853126525879,0.26162123680114746,-0.08352778106927872,0.5520744323730469,0.3153668940067291,-0.09733304381370544,0.588300347328186,0.36392122507095337,-0.0297841839492321,0.576255202293396,0.26124870777130127,-0.055412400513887405,0.5837370753288269,0.2702445089817047,-0.0682799443602562,0.5915781259536743,0.3212900757789612,-0.07160215079784393,0.6301457285881042,0.3768744468688965,-0.043466415256261826,0.6192682385444641,0.2907785177230835,-0.0600406676530838,0.6208623647689819,0.285030722618103,-0.06542414426803589,0.6229831576347351,0.31785422563552856,-0.06586470454931259,e
0.6198775172233582,0.591910183429718,-5.8478057951560913e-08,0.5507680773735046,0.5959849953651428,-0.028673289343714714,0.4809829294681549,0.5520729422569275,-0.051003534346818924,0.4351457357406616,0.504645049571991,-0.0755545049905777,0.46048882603645325,0.48316437005996704,-0.09753905981779099,0.5087825059890747,0.38506320118904114,-0.014169974252581596,0.492832213640213,0.2862536609172821,-0.04921611770987511,0.4973783493041992,0.28037840127944946,-0.07878565043210983,0.5089215636253357,0.32444414496421814,-0.09442949295043945,0.5502086877822876,0.364075243473053,-0.0190255306661129,0.5335049033164978,0.25096258521080017,-0.05389203503727913,0.5448819994926453,0.2627145051956177,-0.08057641983032227,0.5562974214553833,0.3187446892261505,-0.09252486377954483,0.590912401676178,0.3623519837856293,-0.0289742574095726,0.5767218470573425,0.2584913372993469,-0.05319928005337715,0.5849208831787109,0.2674283981323242,-0.06371919810771942,0.5934867262840271,0.3188466727733612,-0.06530845165252686,0.6329708099365234,0.3746872544288635,-0.042627446353435516,0.6204115748405457,0.2891387343406677,-0.057809557765722275,0.6222376823425293,0.2834535837173462,-0.06177731230854988,0.6250119209289551,0.3168763518333435,-0.06102212518453598,e
0.6201296448707581,0.5924389362335205,-2.916067387559451e-08,0.5509406924247742,0.5949804186820984,-0.029146593064069748,0.48252779245376587,0.5511385798454285,-0.05082392320036888,0.43800538778305054,0.5046873092651367,-0.07458681613206863,0.46217745542526245,0.48450249433517456,-0.09580276161432266,0.5120063424110413,0.3850705027580261,-0.013900523073971272,0.49599483609199524,0.28813740611076355,-0.049415621906518936,0.4991331994533539,0.27912306785583496,-0.07908982038497925,0.5099660754203796,0.32191088795661926,-0.09443125128746033,0.5539594292640686,0.36421290040016174,-0.018509812653064728,0.5390285849571228,0.2530880570411682,-0.05450581759214401,0.5473134517669678,0.2582792639732361,-0.0816636011004448,0.5583107471466064,0.31317904591560364,-0.09344546496868134,0.5950950384140015,0.3640122413635254,-0.02840396761894226,0.5846316814422607,0.26278072595596313,-0.05437852069735527,0.5911369919776917,0.2673569619655609,-0.06517928093671799,0.5982423424720764,0.317253053188324,-0.06600280106067657,0.6365278363227844,0.37783926725387573,-0.04199717193841934,0.625842273235321,0.2942056357860565,-0.05919954553246498,0.6272804141044617,0.2864273488521576,-0.06365735828876495,0.6293101906776428,0.3186836242675781,-0.062297120690345764,e
0.6187764406204224,0.5918523669242859,-2.3150313666064903e-08,0.5502241253852844,0.5973794460296631,-0.031060272827744484,0.4806065857410431,0.550630509853363,-0.05381966754794121,0.4369312524795532,0.4979715943336487,-0.07849620282649994,0.4682369828224182,0.4836390018463135,-0.10072752088308334,0.5119474530220032,0.3836042582988739,-0.015369312837719917,0.4969598948955536,0.28906741738319397,-0.050912171602249146,0.5014218688011169,0.2811426520347595,-0.08136259019374847,0.512966513633728,0.32372480630874634,-0.09825541824102402,0.5541020631790161,0.3612544536590576,-0.019391678273677826,0.5391651391983032,0.2506296634674072,-0.05639079213142395,0.5490754842758179,0.2595950961112976,-0.08480514585971832,0.5605223774909973,0.31617191433906555,-0.09791459888219833,0.594910204410553,0.3604971766471863,-0.028688225895166397,0.5819826722145081,0.25853830575942993,-0.05406422168016434,0.5902732014656067,0.26855358481407166,-0.0644657090306282,0.598536491394043,0.31944358348846436,-0.06575187295675278,0.6366289854049683,0.37368136644363403,-0.04203641042113304,0.6240768432617188,0.28925785422325134,-0.05845010653138161,0.6270795464515686,0.28647661209106445,-0.06313005089759827,0.6307479739189148,0.322414368391037,-0.06273828446865082,e
0.6202412843704224,0.5926310420036316,-3.2858896048537645e-08,0.5514174103736877,0.5976470708847046,-0.030041877180337906,0.4814196825027466,0.5501354932785034,-0.0521051362156868,0.4376647174358368,0.49690738320350647,-0.07622145861387253,0.46919381618499756,0.4854617714881897,-0.09799112379550934,0.511368453502655,0.38257086277008057,-0.013352394104003906,0.49716025590896606,0.288413941860199,-0.04744769632816315,0.5018813014030457,0.2800309956073761,-0.07681414484977722,0.5127837061882019,0.3213483691215515,-0.09321141242980957,0.5534749627113342,0.36046984791755676,-0.017730917781591415,0.5395806431770325,0.2493920922279358,-0.053765710443258286,0.5503557324409485,0.2609122395515442,-0.08135095983743668,0.5612804889678955,0.3175533711910248,-0.09374208003282547,0.5944124460220337,0.35979726910591125,-0.027301140129566193,0.5819584131240845,0.2585389018058777,-0.05209146440029144,0.5905486345291138,0.2696526050567627,-0.0625687912106514,0.5982319116592407,0.3202705681324005,-0.0638672411441803,0.6362608075141907,0.3734024167060852,-0.04079192876815796,0.6237843036651611,0.2890850305557251,-0.05630313605070114,0.6270805597305298,0.2861926555633545,-0.060735806822776794,0.6306269764900208,0.3214062452316284,-0.06035034731030464,e
0.6180708408355713,0.5894646048545837,-4.5562750017325016e-08,0.551603376865387,0.5942987203598022,-0.0315575897693634,0.4840628504753113,0.5512793660163879,-0.05570196360349655,0.44022536277770996,0.50238436460495,-0.08149637281894684,0.46897071599960327,0.4835970997810364,-0.10489515215158463,0.5140043497085571,0.3833880126476288,-0.019194627180695534,0.49893975257873535,0.28596293926239014,-0.05645430088043213,0.5034969449043274,0.2779614329338074,-0.08692410588264465,0.5154544711112976,0.3206775188446045,-0.10294052958488464,0.5551296472549438,0.3620181083679199,-0.022886261343955994,0.5406707525253296,0.2481713891029358,-0.06065911054611206,0.5514508485794067,0.2610764503479004,-0.08739755302667618,0.5624675750732422,0.31835001707077026,-0.09851030260324478,0.5957731604576111,0.36070364713668823,-0.031810179352760315,0.5842137932777405,0.25803133845329285,-0.058521293103694916,0.5922284126281738,0.26852142810821533,-0.06881166994571686,0.6003055572509766,0.3193235397338867,-0.06932646781206131,0.6371752619743347,0.37375298142433167,-0.04460303857922554,0.6260645985603333,0.2886393070220947,-0.06128843501210213,0.6285942792892456,0.2845821976661682,-0.06537086516618729,0.6317724585533142,0.3185006380081177,-0.06419077515602112,e
0.6168001890182495,0.5876359343528748,-1.0172768405425359e-08,0.5509210228919983,0.5923399329185486,-0.03232831880450249,0.48415088653564453,0.5498198866844177,-0.05700765550136566,0.44226425886154175,0.49834927916526794,-0.08310122042894363,0.47243744134902954,0.4838210940361023,-0.10702689737081528,0.5147075653076172,0.382915198802948,-0.021463938057422638,0.5000197887420654,0.28853803873062134,-0.059309620410203934,0.5058320760726929,0.2786480486392975,-0.09022113680839539,0.5179831385612488,0.3179537355899811,-0.10660991072654724,0.5560411810874939,0.3613566756248474,-0.024919796735048294,0.5437788963317871,0.24995604157447815,-0.06298144161701202,0.5546610355377197,0.26110050082206726,-0.08940929919481277,0.5649898648262024,0.3157235383987427,-0.1003163680434227,0.5965816974639893,0.36064451932907104,-0.03357212617993355,0.5887275338172913,0.26025110483169556,-0.06089659035205841,0.5966651439666748,0.2700228691101074,-0.0706372782588005,0.6022680401802063,0.31913697719573975,-0.07051081210374832,0.636257529258728,0.3751157224178314,-0.04611904174089432,0.629435658454895,0.2912970781326294,-0.06305203586816788,0.632445216178894,0.2858473062515259,-0.06662767380475998,0.6339361071586609,0.31706443428993225,-0.06490138918161392,e
0.6147510409355164,0.587887167930603,2.1984215337056412e-08,0.552078366279602,0.5907548666000366,-0.03339191898703575,0.48648878931999207,0.5492497086524963,-0.05911576375365257,0.4446272850036621,0.4988712966442108,-0.085847869515419,0.47421690821647644,0.4831688404083252,-0.11048509925603867,0.5152859687805176,0.3840606212615967,-0.023571258410811424,0.4998115599155426,0.2904895544052124,-0.06134208291769028,0.5074443221092224,0.2789027988910675,-0.09241695702075958,0.5214715003967285,0.3160504102706909,-0.10899563133716583,0.5559607148170471,0.36226195096969604,-0.026245178654789925,0.5444275736808777,0.2508329749107361,-0.063790462911129,0.5562247037887573,0.25998491048812866,-0.09028249979019165,0.5663411021232605,0.3138536214828491,-0.10137227177619934,0.5957819819450378,0.36163613200187683,-0.034032970666885376,0.5877713561058044,0.2621830105781555,-0.06077416241168976,0.5963010787963867,0.26978763937950134,-0.07095346599817276,0.601741373538971,0.3183594346046448,-0.0713445395231247,0.6347029209136963,0.3762206435203552,-0.04573643207550049,0.6278514862060547,0.29344847798347473,-0.06229959800839424,0.6318398118019104,0.28517720103263855,-0.0661722794175148,0.6338539123535156,0.3138645887374878,-0.0647820383310318,e
0.6116646528244019,0.5888071060180664,3.1854238358164366e-08,0.5508000254631042,0.589408814907074,-0.03515799716114998,0.4869319796562195,0.5489498972892761,-0.0624762699007988,0.4461408257484436,0.49898776412010193,-0.0903053879737854,0.4747602939605713,0.481301873922348,-0.11597809195518494,0.5164291262626648,0.385297030210495,-0.027747683227062225,0.5016075372695923,0.29053178429603577,-0.06678134202957153,0.5103142261505127,0.28086280822753906,-0.09781957417726517,0.5238552689552307,0.31898337602615356,-0.11393078416585922,0.557394802570343,0.36407458782196045,-0.02975718304514885,0.5463093519210815,0.2512739896774292,-0.06806831061840057,0.5593311190605164,0.26172080636024475,-0.09406375139951706,0.5686393976211548,0.3156304657459259,-0.10455322265625,0.5970940589904785,0.3631895184516907,-0.036897189915180206,0.5912454128265381,0.2625903785228729,-0.06515181809663773,0.6000421643257141,0.2707560062408447,-0.07559457421302795,0.6045817136764526,0.32021766901016235,-0.0756206065416336,0.6349366307258606,0.37788304686546326,-0.04789304733276367,0.6287807822227478,0.2959232032299042,-0.06531992554664612,0.6339285969734192,0.28635019063949585,-0.06921358406543732,0.6365674734115601,0.3132750988006592,-0.06752937287092209,e
0.6118081212043762,0.5857017040252686,2.3815184491127184e-08,0.5512228012084961,0.5874901413917542,-0.036180395632982254,0.48891735076904297,0.5493810176849365,-0.06382142007350922,0.44893890619277954,0.5007379651069641,-0.09189977496862411,0.4753475487232208,0.4799177050590515,-0.11788743734359741,0.5177173018455505,0.3851770758628845,-0.027273161336779594,0.5012292265892029,0.29284751415252686,-0.06406452506780624,0.509006679058075,0.28249454498291016,-0.09398634731769562,0.5224730372428894,0.31647399067878723,-0.11009883880615234,0.556704580783844,0.3624052107334137,-0.028325265273451805,0.5424577593803406,0.25087013840675354,-0.0631176009774208,0.5559467673301697,0.2602630853652954,-0.08816222101449966,0.5661371350288391,0.31011879444122314,-0.09945225715637207,0.5957238078117371,0.3596743643283844,-0.03462057188153267,0.5845452547073364,0.26010453701019287,-0.06060760095715523,0.594018280506134,0.26883482933044434,-0.07220587879419327,0.6002910137176514,0.31761565804481506,-0.07458598166704178,0.6342415809631348,0.3722034990787506,-0.044946517795324326,0.6272300481796265,0.28946352005004883,-0.061932582408189774,0.6311478614807129,0.2852919101715088,-0.06704593449831009,0.6334595680236816,0.31823259592056274,-0.06728626042604446,e
0.6121668219566345,0.5858319997787476,-8.558020958560064e-09,0.5519261360168457,0.5884844064712524,-0.03792674094438553,0.4897189140319824,0.5505437850952148,-0.06643538177013397,0.45150405168533325,0.49916550517082214,-0.09479277580976486,0.4791991412639618,0.4793287515640259,-0.12070255726575851,0.5178641080856323,0.38672032952308655,-0.02925405651330948,0.5027387738227844,0.29098907113075256,-0.06644514948129654,0.512119472026825,0.2871772348880768,-0.09589339792728424,0.5255916714668274,0.3245072662830353,-0.1115332543849945,0.5567015409469604,0.36387255787849426,-0.02926877699792385,0.5412636995315552,0.2511950135231018,-0.06377255916595459,0.5557715892791748,0.2647809386253357,-0.08688931167125702,0.5666400194168091,0.3136434555053711,-0.0967644676566124,0.5956160426139832,0.36104437708854675,-0.0347917340695858,0.5832331776618958,0.26192668080329895,-0.06123395264148712,0.5932064652442932,0.27331817150115967,-0.07163320481777191,0.599465012550354,0.32011088728904724,-0.07314164936542511,0.6337258219718933,0.3734631836414337,-0.04443870484828949,0.6270910501480103,0.2897437810897827,-0.061282362788915634,0.630605161190033,0.28819504380226135,-0.0652008131146431,0.6321253776550293,0.320590615272522,-0.06475510448217392,e
0.6125057339668274,0.5863598585128784,-9.57826795655592e-09,0.5522599816322327,0.5887256860733032,-0.0383911095559597,0.48956677317619324,0.5506867170333862,-0.0669766366481781,0.4523869752883911,0.49864983558654785,-0.09526803344488144,0.4811912775039673,0.4789339303970337,-0.12129902839660645,0.5188158750534058,0.3874216675758362,-0.03020857647061348,0.5036410093307495,0.29165413975715637,-0.0675264522433281,0.513323187828064,0.2877543866634369,-0.09721016883850098,0.5262014269828796,0.32411640882492065,-0.11321515589952469,0.5576511025428772,0.36480093002319336,-0.030338477343320847,0.5423056483268738,0.25082582235336304,-0.06567078083753586,0.5582592487335205,0.26530906558036804,-0.08994684368371964,0.5695939660072327,0.3138047456741333,-0.10064368695020676,0.596315860748291,0.3621952533721924,-0.03589508682489395,0.5849650502204895,0.26315975189208984,-0.06371928751468658,0.5964818000793457,0.2752031683921814,-0.07590962946414948,0.6029530763626099,0.32222604751586914,-0.07841546088457108,0.6339345574378967,0.3749789297580719,-0.045446187257766724,0.6280811429023743,0.29160112142562866,-0.06348627060651779,0.6329084634780884,0.2895146310329437,-0.06865078955888748,0.6346614360809326,0.3213904798030853,-0.0691208615899086,e
0.6117551922798157,0.5853672623634338,5.189362717317181e-09,0.5521559119224548,0.5884559154510498,-0.04152849316596985,0.4899495840072632,0.5483275651931763,-0.0714942142367363,0.4531834125518799,0.49562710523605347,-0.10074526816606522,0.4841274917125702,0.47680750489234924,-0.12760667502880096,0.5196434259414673,0.3873993754386902,-0.032951027154922485,0.5049030780792236,0.29188570380210876,-0.07131589204072952,0.5145225524902344,0.2883917987346649,-0.10160575807094574,0.5273284316062927,0.3254612684249878,-0.11800548434257507,0.5584505200386047,0.36367267370224,-0.03173777461051941,0.5424802899360657,0.2507162094116211,-0.06781808286905289,0.5586496591567993,0.26562073826789856,-0.09243093430995941,0.5706366300582886,0.314013808965683,-0.1034255176782608,0.5966321229934692,0.3607480227947235,-0.03621615469455719,0.5854591131210327,0.26190680265426636,-0.06453068554401398,0.5975216627120972,0.2762988805770874,-0.07641831040382385,0.6052204370498657,0.3238593339920044,-0.07869048416614532,0.6335593461990356,0.3738815486431122,-0.045014116913080215,0.6279277801513672,0.2904742360115051,-0.06313760578632355,0.6322829723358154,0.2904270887374878,-0.06829924881458282,0.6343062520027161,0.32396751642227173,-0.06886270642280579,e
0.6107712388038635,0.5856350064277649,1.8393153666806938e-09,0.5517059564590454,0.5876479148864746,-0.039513539522886276,0.49106717109680176,0.5476417541503906,-0.06870442628860474,0.4551386833190918,0.49455854296684265,-0.09747219830751419,0.48615363240242004,0.47720298171043396,-0.12393879890441895,0.5207720398902893,0.3855510652065277,-0.031335730105638504,0.5066115260124207,0.2916298508644104,-0.06918885558843613,0.5153883695602417,0.28590357303619385,-0.09896719455718994,0.5277154445648193,0.3215258717536926,-0.11503191292285919,0.5591360330581665,0.3621938228607178,-0.031090261414647102,0.5428728461265564,0.24926504492759705,-0.06719275563955307,0.5588114857673645,0.2642362713813782,-0.09123444557189941,0.5707693696022034,0.3127216696739197,-0.10148943215608597,0.5971400141716003,0.3598094582557678,-0.03633478656411171,0.5859531164169312,0.2621670365333557,-0.06450219452381134,0.5977762937545776,0.27711957693099976,-0.07566056400537491,0.6055930852890015,0.32407650351524353,-0.07726174592971802,0.6342986226081848,0.37393584847450256,-0.04575293883681297,0.6289770603179932,0.2913198173046112,-0.06354096531867981,0.6324995756149292,0.29179054498672485,-0.06819341331720352,0.6341565847396851,0.32468730211257935,-0.06826504319906235,e
0.6094746589660645,0.584942102432251,1.2330809262550702e-08,0.5514829754829407,0.5861249566078186,-0.041177086532115936,0.49186474084854126,0.5465465784072876,-0.071201853454113,0.45700615644454956,0.493158757686615,-0.10058075934648514,0.48801255226135254,0.47374558448791504,-0.12783540785312653,0.5215747952461243,0.3882054090499878,-0.03300560638308525,0.506974458694458,0.2960891127586365,-0.07128263264894485,0.5157501101493835,0.28936004638671875,-0.10154007375240326,0.5294337272644043,0.3226988911628723,-0.11809346079826355,0.5602335333824158,0.3635428547859192,-0.03196943551301956,0.5446740984916687,0.25107309222221375,-0.0678962767124176,0.5592200756072998,0.26408645510673523,-0.09192588180303574,0.5708454251289368,0.3114731013774872,-0.1025753766298294,0.5980761051177979,0.3601553738117218,-0.03658062964677811,0.5873568058013916,0.2613943815231323,-0.06498397886753082,0.5977410674095154,0.27520573139190674,-0.0763169452548027,0.6047157645225525,0.3224570155143738,-0.07823238521814346,0.6346431374549866,0.37354186177253723,-0.045534029603004456,0.6301953792572021,0.29111093282699585,-0.06392212957143784,0.6331989169120789,0.2910156548023224,-0.06895793974399567,0.6342278718948364,0.3245401978492737,-0.06940270215272903,e
0.6087085604667664,0.5828946828842163,-2.7514117286603357e-12,0.5511159300804138,0.5851728916168213,-0.040981587022542953,0.49139732122421265,0.5451844930648804,-0.07074368745088577,0.45878732204437256,0.49122926592826843,-0.09973106533288956,0.4911419451236725,0.4723955988883972,-0.1265079379081726,0.5232737064361572,0.387800931930542,-0.0347711555659771,0.5088359117507935,0.2934977412223816,-0.07253643125295639,0.5199132561683655,0.2902652323246002,-0.10167231410741806,0.5337539911270142,0.325452595949173,-0.11746601015329361,0.5611587166786194,0.36412978172302246,-0.03358106315135956,0.5443780422210693,0.25065138936042786,-0.06894859671592712,0.5619896054267883,0.2661498785018921,-0.09198953956365585,0.5745052099227905,0.3131381869316101,-0.10214447975158691,0.5979932546615601,0.3611709475517273,-0.037879154086112976,0.5872576832771301,0.26132071018218994,-0.06621220707893372,0.600020170211792,0.27802878618240356,-0.07718158513307571,0.6072186827659607,0.3254188895225525,-0.07898011803627014,0.633568525314331,0.37475869059562683,-0.04642427712678909,0.629761278629303,0.2915235161781311,-0.06500579416751862,0.634257435798645,0.29267051815986633,-0.07002769410610199,0.6353307962417603,0.3257719874382019,-0.07059237360954285,e
0.6066422462463379,0.5840258002281189,2.7621259945931342e-08,0.5497491359710693,0.5840578675270081,-0.040825728327035904,0.49127206206321716,0.5421091318130493,-0.07046151161193848,0.46232667565345764,0.488922119140625,-0.09924452006816864,0.4968816041946411,0.47445419430732727,-0.12621010839939117,0.5245731472969055,0.38787752389907837,-0.03543275222182274,0.5116435885429382,0.2953953146934509,-0.07512752711772919,0.522539496421814,0.2881852388381958,-0.10606393963098526,0.5373208522796631,0.3224875330924988,-0.1226973757147789,0.5631853342056274,0.36561065912246704,-0.034372877329587936,0.5493464469909668,0.25286996364593506,-0.07211875170469284,0.5658920407295227,0.2652781009674072,-0.09709098935127258,0.5782623291015625,0.3124600052833557,-0.10796517133712769,0.5996862649917603,0.36407026648521423,-0.03876948356628418,0.593770444393158,0.26471996307373047,-0.06934350728988647,0.605029284954071,0.2781772315502167,-0.08212583512067795,0.6112935543060303,0.32541441917419434,-0.08418025821447372,0.6341459155082703,0.3792819678783417,-0.04724069684743881,0.6315555572509766,0.29730135202407837,-0.06704075634479523,0.6363179683685303,0.29439544677734375,-0.07306428253650665,0.6377618908882141,0.3242051899433136,-0.07377177476882935,e
0.607939600944519,0.58342444896698,2.1559012353122853e-08,0.549681544303894,0.5856128334999084,-0.03885047510266304,0.4903852641582489,0.5426846742630005,-0.06677787005901337,0.4620172381401062,0.4879149794578552,-0.09452494233846664,0.4978359043598175,0.4745599925518036,-0.12025299668312073,0.5247122645378113,0.38827207684516907,-0.031634557992219925,0.5104219317436218,0.2932090163230896,-0.07004159688949585,0.5214493274688721,0.28844398260116577,-0.10046616941690445,0.5354280471801758,0.3252178430557251,-0.11686422675848007,0.5633123517036438,0.3652513325214386,-0.0309133417904377,0.5493946671485901,0.25231510400772095,-0.06637174636125565,0.5638928413391113,0.2618306279182434,-0.09084593504667282,0.5743094086647034,0.3089546859264374,-0.1021265834569931,0.5999080538749695,0.3629426658153534,-0.03570125252008438,0.5932029485702515,0.2623065412044525,-0.0634089931845665,0.6033632159233093,0.2767138183116913,-0.075068399310112,0.6081423163414001,0.32521727681159973,-0.07713695615530014,0.6347629427909851,0.3764013946056366,-0.04473675414919853,0.631706178188324,0.2944343686103821,-0.062913678586483,0.6354682445526123,0.29318153858184814,-0.06859482079744339,0.6359829306602478,0.3252798914909363,-0.0693625956773758,e
0.6064093112945557,0.5840646028518677,-1.7303355193121206e-08,0.5500021576881409,0.5841542482376099,-0.03930037468671799,0.49247410893440247,0.5432909727096558,-0.06775263696908951,0.4707384407520294,0.48981973528862,-0.09521858394145966,0.5082635879516602,0.47684842348098755,-0.12035167217254639,0.5269543528556824,0.39056065678596497,-0.03634117916226387,0.514824390411377,0.29380956292152405,-0.07359583675861359,0.5302044153213501,0.29567909240722656,-0.10140771418809891,0.5446003675460815,0.3309186100959778,-0.11642904579639435,0.564109206199646,0.36776208877563477,-0.035183947533369064,0.5495857000350952,0.25199592113494873,-0.06977762281894684,0.5700287222862244,0.2709102928638458,-0.09087006747722626,0.5822543501853943,0.31731802225112915,-0.09975644946098328,0.5994113683700562,0.3650857210159302,-0.03921268507838249,0.5928078889846802,0.2621428370475769,-0.06761325895786285,0.6067613363265991,0.281638503074646,-0.07743636518716812,0.6118686199188232,0.3291085958480835,-0.07806751877069473,0.6328962445259094,0.37947791814804077,-0.04729243367910385,0.63203364610672,0.2972608804702759,-0.06599783897399902,0.6370115876197815,0.29898032546043396,-0.07064636051654816,0.6355527639389038,0.3303951919078827,-0.07073728740215302,e
0.6077611446380615,0.5828022956848145,-2.944658028525282e-08,0.551115095615387,0.5826050043106079,-0.03995802626013756,0.4948022961616516,0.5411527752876282,-0.06881337612867355,0.47544148564338684,0.48809388279914856,-0.09670468419790268,0.5139693021774292,0.47618913650512695,-0.12218237668275833,0.5296594500541687,0.39109548926353455,-0.03754056990146637,0.5170912742614746,0.29427674412727356,-0.07411997020244598,0.5328994393348694,0.29712316393852234,-0.1014707013964653,0.5470378994941711,0.33138570189476013,-0.1166100725531578,0.5663115382194519,0.3683064877986908,-0.03625631704926491,0.5513820648193359,0.2522428631782532,-0.0701480284333229,0.5723288059234619,0.27197614312171936,-0.09096544235944748,0.5842386484146118,0.31777262687683105,-0.10031059384346008,0.6009881496429443,0.3648485839366913,-0.040134914219379425,0.5947389602661133,0.26086920499801636,-0.06785088032484055,0.6092037558555603,0.2830910384654999,-0.0773945227265358,0.61378014087677,0.3316163420677185,-0.0783538818359375,0.6337286829948425,0.3778343200683594,-0.048234812915325165,0.633661150932312,0.2941984534263611,-0.0662686675786972,0.638701856136322,0.2977822422981262,-0.07082437723875046,0.6365293264389038,0.3309800624847412,-0.07137902826070786,e
0.6077758073806763,0.5805522799491882,-2.4312525326308787e-08,0.5558071732521057,0.5755578279495239,-0.042069993913173676,0.5043489336967468,0.5355038642883301,-0.07293211668729782,0.4854543209075928,0.4879720211029053,-0.10199806094169617,0.5227039456367493,0.4706874489784241,-0.1286943405866623,0.5407925844192505,0.3873474597930908,-0.0429609976708889,0.5310359597206116,0.2900088429450989,-0.08297145366668701,0.5499422550201416,0.29443562030792236,-0.11250599473714828,0.5646665096282959,0.3288715183734894,-0.12829670310020447,0.5780112147331238,0.3678399920463562,-0.04089441895484924,0.5678356885910034,0.2522863745689392,-0.07796618342399597,0.5911254286766052,0.27504342794418335,-0.10039650648832321,0.602476179599762,0.3214506506919861,-0.11008227616548538,0.6120221614837646,0.36757758259773254,-0.04391529783606529,0.611160397529602,0.2661217153072357,-0.07436224818229675,0.6266485452651978,0.28737279772758484,-0.08454550802707672,0.6307244300842285,0.33334285020828247,-0.08502327650785446,0.6424470543861389,0.3844156861305237,-0.0510125458240509,0.6441941857337952,0.30315130949020386,-0.06983255594968796,0.6533088088035583,0.3025383949279785,-0.07356608659029007,0.6539463400840759,0.32866695523262024,-0.07299449294805527,e
0.6081169843673706,0.5799932479858398,9.570926273738678e-09,0.5538290739059448,0.5757743120193481,-0.04473721981048584,0.5040960311889648,0.5346493124961853,-0.07696189731359482,0.4877253770828247,0.48526081442832947,-0.10760229080915451,0.5255153775215149,0.4683917760848999,-0.1358700692653656,0.5400261878967285,0.38899245858192444,-0.042421936988830566,0.5305269956588745,0.29062700271606445,-0.08249614387750626,0.5478660464286804,0.2938874065876007,-0.11263219267129898,0.5624383687973022,0.32840704917907715,-0.12921316921710968,0.5759943723678589,0.36942780017852783,-0.03945021331310272,0.5654045939445496,0.252824991941452,-0.07680007070302963,0.5882221460342407,0.2749331295490265,-0.10070452094078064,0.5998883247375488,0.31992173194885254,-0.11177700012922287,0.609717071056366,0.3682038187980652,-0.04205184429883957,0.6083498597145081,0.26596760749816895,-0.07269180566072464,0.6240598559379578,0.28895631432533264,-0.08504576236009598,0.6289267539978027,0.3364402949810028,-0.08744993060827255,0.6409196257591248,0.3827229142189026,-0.0491238571703434,0.6440887451171875,0.2998431324958801,-0.0690549984574318,0.6496346592903137,0.3039114475250244,-0.07529055327177048,0.6473639607429504,0.3360307514667511,-0.0768841803073883,e
0.60797518491745,0.5806047916412354,2.3997564824185247e-08,0.5531648397445679,0.5763375759124756,-0.04423027113080025,0.5023174285888672,0.5344038009643555,-0.07602554559707642,0.48661401867866516,0.4823650121688843,-0.10635059326887131,0.5270176529884338,0.46752700209617615,-0.13427333533763885,0.5399857759475708,0.38837987184524536,-0.0401492565870285,0.5302209854125977,0.2922104597091675,-0.07905808836221695,0.5464915037155151,0.29520201683044434,-0.10844182223081589,0.5621965527534485,0.32842889428138733,-0.12483908981084824,0.5761359930038452,0.3679017424583435,-0.03706135228276253,0.5654930472373962,0.254239022731781,-0.07345125824213028,0.5875600576400757,0.27525216341018677,-0.09543977677822113,0.6004636883735657,0.31878337264060974,-0.10506391525268555,0.6103484630584717,0.36677685379981995,-0.0397089384496212,0.6067417860031128,0.2650725245475769,-0.06941147148609161,0.6226938962936401,0.288362056016922,-0.07930580526590347,0.6292332410812378,0.3344579339027405,-0.07996147125959396,0.6422916650772095,0.3815539479255676,-0.04698459804058075,0.6446511745452881,0.29904335737228394,-0.06664951145648956,0.650237500667572,0.3033600449562073,-0.07181397825479507,0.649204432964325,0.33442816138267517,-0.07233961671590805,e
0.6078416705131531,0.5803331732749939,2.5308329654194495e-08,0.5531144142150879,0.5765840411186218,-0.04425719380378723,0.5020367503166199,0.5333812236785889,-0.0760733038187027,0.48575371503829956,0.4818252623081207,-0.10652325302362442,0.5261304974555969,0.46787869930267334,-0.13470561802387238,0.5393391847610474,0.38936373591423035,-0.041063833981752396,0.5294870138168335,0.29356643557548523,-0.08039382845163345,0.5459061861038208,0.2958754599094391,-0.1099475622177124,0.5620575547218323,0.32844024896621704,-0.12652142345905304,0.5751847624778748,0.36865711212158203,-0.038241539150476456,0.5640848875045776,0.25444209575653076,-0.07549717277288437,0.5870803594589233,0.2768385410308838,-0.0981578677892685,0.6008910536766052,0.32125726342201233,-0.10815906524658203,0.6091307401657104,0.36718857288360596,-0.04104578122496605,0.6054382920265198,0.26355820894241333,-0.0718371793627739,0.6220521926879883,0.28828683495521545,-0.08242832869291306,0.6293184161186218,0.3361373245716095,-0.08334263414144516,0.6407974362373352,0.38169848918914795,-0.04837992042303085,0.6434149146080017,0.29788753390312195,-0.06898468732833862,0.6490116119384766,0.30119937658309937,-0.07488156110048294,0.6478334069252014,0.33235669136047363,-0.07588300108909607,e
0.6075688600540161,0.5792593359947205,2.7067887931053747e-09,0.5522743463516235,0.576885461807251,-0.04299958050251007,0.5000962615013123,0.5320315957069397,-0.07314731180667877,0.4849117398262024,0.47955530881881714,-0.10196088254451752,0.5248914957046509,0.4688088297843933,-0.12863726913928986,0.5379992723464966,0.38860589265823364,-0.04013738036155701,0.5291990637779236,0.292412668466568,-0.0777902603149414,0.5460561513900757,0.295932412147522,-0.10616955161094666,0.5613025426864624,0.3285326361656189,-0.1221969798207283,0.5740041732788086,0.36805614829063416,-0.037362709641456604,0.5633535385131836,0.2531605362892151,-0.07289759814739227,0.5860764384269714,0.27593135833740234,-0.09484551101922989,0.5987856388092041,0.3202029764652252,-0.10475237667560577,0.6083207130432129,0.36635822057724,-0.039991237223148346,0.6048077940940857,0.2625770568847656,-0.06972683221101761,0.6207758188247681,0.2870805263519287,-0.08096089214086533,0.6268723011016846,0.3352411687374115,-0.08260174095630646,0.6403904557228088,0.38043805956840515,-0.04700091481208801,0.6430187821388245,0.29582834243774414,-0.06719756871461868,0.6483080983161926,0.30005860328674316,-0.07363048195838928,0.6465653777122498,0.33274826407432556,-0.07526220381259918,e
0.6081414222717285,0.5774879455566406,1.3588297598232657e-08,0.552335798740387,0.5763825178146362,-0.04360423609614372,0.4993153214454651,0.5318288207054138,-0.07400859892368317,0.4843251407146454,0.47863078117370605,-0.10282070934772491,0.5241216421127319,0.46814095973968506,-0.1295960247516632,0.5372366905212402,0.3878422677516937,-0.04052629694342613,0.5289050936698914,0.2937166392803192,-0.07821899652481079,0.5436654090881348,0.29434293508529663,-0.10669786483049393,0.5577433705329895,0.32639938592910767,-0.12279927730560303,0.5746005177497864,0.366352379322052,-0.0377204567193985,0.5653530359268188,0.2533103823661804,-0.0735073909163475,0.5855302810668945,0.2739208936691284,-0.09558086097240448,0.5969383716583252,0.31792598962783813,-0.10557669401168823,0.609515368938446,0.3650464713573456,-0.04038040712475777,0.6074867248535156,0.26423364877700806,-0.07053882628679276,0.6211942434310913,0.28735220432281494,-0.08196766674518585,0.625969648361206,0.3348819613456726,-0.0837683379650116,0.6417387127876282,0.37980806827545166,-0.04739855229854584,0.6446404457092285,0.29683637619018555,-0.06777124851942062,0.6487236022949219,0.30035877227783203,-0.07404423505067825,0.6463486552238464,0.3322323262691498,-0.07557354122400284,e
0.6084610819816589,0.5776160955429077,2.079697480894538e-08,0.5523257255554199,0.576496958732605,-0.043751880526542664,0.4997711777687073,0.5318326354026794,-0.0743078663945198,0.4846801459789276,0.4789249897003174,-0.10329271852970123,0.5241439342498779,0.46834272146224976,-0.1302039921283722,0.5364519357681274,0.3879038393497467,-0.04012053832411766,0.5286559462547302,0.29354485869407654,-0.07807773351669312,0.543342113494873,0.29439443349838257,-0.1069018691778183,0.5570423603057861,0.32709893584251404,-0.12316186726093292,0.5738015174865723,0.36656320095062256,-0.037214506417512894,0.5647584795951843,0.25326991081237793,-0.07307740300893784,0.5852488875389099,0.27364596724510193,-0.09556405246257782,0.5965899229049683,0.31803423166275024,-0.10580754280090332,0.6089831590652466,0.3651224970817566,-0.039840664714574814,0.6070042252540588,0.26382359862327576,-0.06995046883821487,0.6209663152694702,0.2865210771560669,-0.0817841961979866,0.6256963014602661,0.3343932628631592,-0.0838441327214241,0.6415373682975769,0.37949955463409424,-0.046845875680446625,0.644405722618103,0.29658666253089905,-0.06723080575466156,0.6485072374343872,0.2996458411216736,-0.07381109148263931,0.6459983587265015,0.33161303400993347,-0.07554437965154648,e
0.6078054904937744,0.5758451223373413,4.47026327066169e-09,0.5516122579574585,0.5770090818405151,-0.0436200387775898,0.4969102740287781,0.5330170392990112,-0.07419639825820923,0.4768320322036743,0.477777898311615,-0.10323398560285568,0.5151436924934387,0.465116947889328,-0.13015753030776978,0.5348777174949646,0.3876902163028717,-0.04147500917315483,0.5255447030067444,0.2904271185398102,-0.07933758944272995,0.5411099791526794,0.29328352212905884,-0.1080184280872345,0.5562475323677063,0.327324241399765,-0.12416540831327438,0.5715163946151733,0.365630179643631,-0.03825874254107475,0.5602193474769592,0.2506839334964752,-0.07319632172584534,0.5823988914489746,0.2722857892513275,-0.09482784569263458,0.5954138040542603,0.31739822030067444,-0.10473043471574783,0.6067838072776794,0.3629022240638733,-0.04044821485877037,0.6012247204780579,0.2596343457698822,-0.0693945586681366,0.6167863011360168,0.28329482674598694,-0.08063425123691559,0.6236943006515503,0.3324814438819885,-0.08272869884967804,0.6398590207099915,0.37589406967163086,-0.04706491529941559,0.6417659521102905,0.29183536767959595,-0.0673646628856659,0.6467682123184204,0.29649826884269714,-0.07422664016485214,0.6456328630447388,0.33181431889533997,-0.07623622566461563,e
0.6083774566650391,0.5760500431060791,-5.846051198687974e-09,0.5513657331466675,0.5772720575332642,-0.041318681091070175,0.4962751865386963,0.5328346490859985,-0.07025284320116043,0.47512102127075195,0.47674036026000977,-0.09801582247018814,0.512495219707489,0.46346762776374817,-0.12370853871107101,0.533443033695221,0.3859378397464752,-0.037800393998622894,0.5245386362075806,0.29122260212898254,-0.07552022486925125,0.539138913154602,0.29162776470184326,-0.10429869592189789,0.5531414151191711,0.326280802488327,-0.12018094211816788,0.5716217160224915,0.3639441430568695,-0.03564605489373207,0.5616561770439148,0.2501729130744934,-0.07021002471446991,0.5803115367889404,0.2693030834197998,-0.09201754629611969,0.5905680656433105,0.3150804936885834,-0.10184431076049805,0.60750812292099,0.36224040389060974,-0.03884958475828171,0.6039775609970093,0.26112356781959534,-0.06739934533834457,0.6153777837753296,0.28269657492637634,-0.07849951833486557,0.6187264919281006,0.3312995433807373,-0.08034539967775345,0.6409010291099548,0.376909464597702,-0.046246238052845,0.6426234245300293,0.2947208881378174,-0.06542687863111496,0.6452816128730774,0.29766014218330383,-0.07136507332324982,0.642084538936615,0.3308398723602295,-0.07267828285694122,e
0.6093817353248596,0.5762581825256348,-1.5652897644713448e-08,0.552038848400116,0.5766230821609497,-0.03901331499218941,0.4957963228225708,0.5342050790786743,-0.06673617660999298,0.4729960560798645,0.4798595607280731,-0.09368394315242767,0.5093878507614136,0.46787533164024353,-0.11849478632211685,0.5326371788978577,0.38381215929985046,-0.03252319619059563,0.5224944949150085,0.2920616865158081,-0.06769834458827972,0.5354270339012146,0.2919587790966034,-0.09537028521299362,0.5498112440109253,0.32502391934394836,-0.11101369559764862,0.5701149106025696,0.361489862203598,-0.031244006007909775,0.5592555999755859,0.25178760290145874,-0.06370019912719727,0.5771262049674988,0.26945650577545166,-0.08434940129518509,0.5886285305023193,0.3134874999523163,-0.09366714954376221,0.6058540344238281,0.3597714900970459,-0.0353393480181694,0.6004963517189026,0.26187142729759216,-0.062195077538490295,0.6127431988716125,0.28319600224494934,-0.07240792363882065,0.6182662844657898,0.33001619577407837,-0.07410934567451477,0.6398292779922485,0.37490755319595337,-0.04357771575450897,0.6411623954772949,0.29455870389938354,-0.06194343417882919,0.6441518664360046,0.30103668570518494,-0.06709307432174683,0.6422911882400513,0.33625027537345886,-0.0679490864276886,e
0.6093349456787109,0.5770401358604431,2.382769892506076e-08,0.5527213215827942,0.5788246989250183,-0.040545880794525146,0.49626624584198,0.5368083119392395,-0.06883177161216736,0.4672424793243408,0.4823024868965149,-0.09617660194635391,0.49885299801826477,0.4652150869369507,-0.12152847647666931,0.5306642651557922,0.385990172624588,-0.033806443214416504,0.5209130644798279,0.2949204742908478,-0.07037627696990967,0.5322880744934082,0.28974342346191406,-0.09905735403299332,0.5453740358352661,0.3218429684638977,-0.11481358110904694,0.5687898993492126,0.3635832965373993,-0.03188863396644592,0.5578949451446533,0.25326141715049744,-0.06551191955804825,0.5735546350479126,0.26511284708976746,-0.08805166184902191,0.5837947130203247,0.3082074224948883,-0.09856025874614716,0.6049896478652954,0.3619043827056885,-0.035462792962789536,0.6003800630569458,0.264591783285141,-0.06358697265386581,0.6107290983200073,0.2821546792984009,-0.07559534907341003,0.6148319840431213,0.32906514406204224,-0.07821030169725418,0.6393852233886719,0.37641453742980957,-0.04313236102461815,0.6399065256118774,0.29567915201187134,-0.06239372119307518,0.6425507068634033,0.2987499237060547,-0.06861454993486404,0.6406810879707336,0.3330620527267456,-0.07002362608909607,e
0.60774827003479,0.5791429877281189,-3.6506801137647926e-08,0.5499591827392578,0.5788007378578186,-0.03653881698846817,0.4934562146663666,0.5379475355148315,-0.06334240734577179,0.4636600613594055,0.4848725497722626,-0.08994878828525543,0.49350839853286743,0.46536868810653687,-0.11434102058410645,0.5292221903800964,0.38401636481285095,-0.029237421229481697,0.520066499710083,0.29187217354774475,-0.06522011011838913,0.5321556925773621,0.29279565811157227,-0.09310165792703629,0.5450659990310669,0.3272593021392822,-0.10786349326372147,0.5677313208580017,0.36393433809280396,-0.029539596289396286,0.5569528937339783,0.25286826491355896,-0.06273583322763443,0.5735803842544556,0.2727851867675781,-0.08340511471033096,0.5842927098274231,0.3178410828113556,-0.0916709154844284,0.6046984791755676,0.36370164155960083,-0.03518172726035118,0.6009901165962219,0.26594460010528564,-0.06333272159099579,0.6113690137863159,0.2877877950668335,-0.07316972315311432,0.6158795952796936,0.3348451256752014,-0.07352891564369202,0.6396326422691345,0.380231648683548,-0.04454789683222771,0.6408031582832336,0.2976458966732025,-0.06291580945253372,0.6424814462661743,0.3012409210205078,-0.06666920334100723,0.6402637362480164,0.3339627981185913,-0.06581255048513412,e
0.6076303720474243,0.5837906002998352,1.8558823811076763e-08,0.5489312410354614,0.5827698707580566,-0.039699308574199677,0.49151939153671265,0.537756085395813,-0.06755772978067398,0.4610274136066437,0.4819972515106201,-0.09477623552083969,0.49187177419662476,0.4676821231842041,-0.1198582723736763,0.5263187885284424,0.38590025901794434,-0.02975611761212349,0.5170679092407227,0.2953666150569916,-0.06665223091840744,0.5286687016487122,0.2917855978012085,-0.09616575390100479,0.5418209433555603,0.3265860080718994,-0.11221803724765778,0.5660941004753113,0.3648114502429962,-0.028841786086559296,0.5565220713615417,0.2553369402885437,-0.06375858187675476,0.5713914632797241,0.2698829770088196,-0.08762692660093307,0.5812555551528931,0.3150594234466553,-0.0983283519744873,0.6032377481460571,0.3649095594882965,-0.03359637036919594,0.6002740859985352,0.2680615186691284,-0.06245110556483269,0.6096341013908386,0.2857550084590912,-0.07452905178070068,0.6134578585624695,0.3323468565940857,-0.07664193212985992,0.6383134126663208,0.3814619779586792,-0.04238205775618553,0.6389285922050476,0.29968833923339844,-0.061134450137615204,0.6410896182060242,0.3002035617828369,-0.06654481589794159,0.639289140701294,0.33143457770347595,-0.06718041002750397,e
0.6089395880699158,0.5827256441116333,-3.5789334162927844e-08,0.5511997938156128,0.5811268091201782,-0.035850632935762405,0.49098634719848633,0.5385358333587646,-0.062041983008384705,0.4556925296783447,0.48663508892059326,-0.08794407546520233,0.4829981327056885,0.4690679609775543,-0.11135183274745941,0.5246257781982422,0.38368067145347595,-0.02908034808933735,0.517435610294342,0.28918391466140747,-0.0640028640627861,0.5288743376731873,0.2928449809551239,-0.09055250138044357,0.5399302244186401,0.3312786817550659,-0.10435967147350311,0.5646193623542786,0.36316555738449097,-0.029469849541783333,0.557113766670227,0.2501050531864166,-0.06071847677230835,0.5714319348335266,0.2711842358112335,-0.07967554032802582,0.5788223743438721,0.3171103298664093,-0.08730144053697586,0.6026777029037476,0.36404484510421753,-0.03515985608100891,0.5995208024978638,0.2652775049209595,-0.06088057905435562,0.6078895926475525,0.2872358560562134,-0.06927434355020523,0.6101062297821045,0.3331945538520813,-0.06967505067586899,0.6384146213531494,0.38235488533973694,-0.04457465559244156,0.6401222348213196,0.2983624339103699,-0.06097395345568657,0.640772819519043,0.30316993594169617,-0.06350507587194443,0.6370634436607361,0.33637797832489014,-0.06246460601687431,e
0.6086405515670776,0.583774209022522,-6.131169527634484e-08,0.5506366491317749,0.5808114409446716,-0.03552989289164543,0.48987874388694763,0.5386500358581543,-0.061521515250205994,0.4531574249267578,0.4878402054309845,-0.0876227542757988,0.479292094707489,0.4659767746925354,-0.11147937923669815,0.5242360830307007,0.3856462240219116,-0.02717389166355133,0.5154260396957397,0.2924618422985077,-0.06336987763643265,0.5251392722129822,0.29268303513526917,-0.0918072834610939,0.5367331504821777,0.33009058237075806,-0.1068226620554924,0.5639863610267639,0.36576390266418457,-0.027954131364822388,0.55413419008255,0.2543468177318573,-0.06182354316115379,0.5689912438392639,0.2737176716327667,-0.08407535403966904,0.5787549614906311,0.32111042737960815,-0.0934995636343956,0.6020114421844482,0.3657321035861969,-0.03405736759305,0.5972575545310974,0.26886212825775146,-0.06137172132730484,0.606857419013977,0.28880801796913147,-0.07225671410560608,0.6109862327575684,0.3357473909854889,-0.07380830496549606,0.6384461522102356,0.3820594251155853,-0.04381739720702171,0.638303279876709,0.29848650097846985,-0.06076573207974434,0.6401364803314209,0.302101731300354,-0.06465181708335876,0.6379241943359375,0.3363173305988312,-0.06439203768968582,e
0.607067883014679,0.583229124546051,-1.1809794386863359e-07,0.5479698181152344,0.5810883045196533,-0.03114350512623787,0.48458725214004517,0.5385633707046509,-0.05458151176571846,0.4490482807159424,0.48659321665763855,-0.07871749997138977,0.4758327305316925,0.4675979018211365,-0.10026119649410248,0.5221939086914062,0.38389575481414795,-0.024999085813760757,0.5149846076965332,0.28571388125419617,-0.059612393379211426,0.5258671045303345,0.2948303520679474,-0.08578474819660187,0.5360931754112244,0.33708927035331726,-0.09900356829166412,0.5618430376052856,0.36531755328178406,-0.027363549917936325,0.552890956401825,0.2503492832183838,-0.05899454280734062,0.5681051015853882,0.27629682421684265,-0.07727889716625214,0.5770876407623291,0.3266509473323822,-0.08355718106031418,0.6000971794128418,0.3656984865665436,-0.034730564802885056,0.5945849418640137,0.2667345702648163,-0.059975046664476395,0.6043452024459839,0.29142823815345764,-0.06741884350776672,0.6081613302230835,0.3389584720134735,-0.0665307566523552,0.6369036436080933,0.3818615972995758,-0.04551313444972038,0.6376814246177673,0.29619166254997253,-0.06090431287884712,0.637901246547699,0.30255478620529175,-0.06255068629980087,0.6336941123008728,0.3380218744277954,-0.06047781929373741,e
0.6071739792823792,0.5847827792167664,-6.617607084535848e-08,0.5465221405029297,0.5813325643539429,-0.03460315987467766,0.48443204164505005,0.5401705503463745,-0.0612657405436039,0.4466056525707245,0.48878830671310425,-0.08831977099180222,0.4720900356769562,0.4638608396053314,-0.11296634376049042,0.520954966545105,0.38400182127952576,-0.026642020791769028,0.5137657523155212,0.2879331111907959,-0.06344711780548096,0.5231643915176392,0.29047995805740356,-0.09227047115564346,0.5338584184646606,0.33084022998809814,-0.10715914517641068,0.5617479085922241,0.36620259284973145,-0.028062792494893074,0.554163932800293,0.2538573741912842,-0.06201156973838806,0.5682108998298645,0.27463892102241516,-0.08412531018257141,0.5763726830482483,0.323159396648407,-0.09325847774744034,0.6004040241241455,0.36756905913352966,-0.03481679409742355,0.5971293449401855,0.270621657371521,-0.0611637644469738,0.6058447360992432,0.2894039750099182,-0.0717669427394867,0.608199954032898,0.3359179198741913,-0.07343097031116486,0.6373007893562317,0.3843001425266266,-0.04516959190368652,0.6376039981842041,0.30158042907714844,-0.06094260886311531,0.6392866373062134,0.3054354190826416,-0.06418720632791519,0.6361455917358398,0.3388432264328003,-0.06355505436658859,e
0.6058362722396851,0.5842633843421936,-9.447223447978104e-08,0.5440914630889893,0.5805380344390869,-0.03233722597360611,0.4829537272453308,0.5398657321929932,-0.05820154398679733,0.44432443380355835,0.48951852321624756,-0.0850074514746666,0.4678926169872284,0.4648202657699585,-0.10914082080125809,0.5199832320213318,0.38141268491744995,-0.024173032492399216,0.5127755999565125,0.2840472161769867,-0.060451898723840714,0.5217791795730591,0.2910616099834442,-0.08873219043016434,0.5308318734169006,0.334027498960495,-0.1031617745757103,0.5598592162132263,0.36449286341667175,-0.02668360434472561,0.5534073710441589,0.25117629766464233,-0.0592634454369545,0.5670236349105835,0.27616947889328003,-0.07976818829774857,0.5739389657974243,0.32557547092437744,-0.08784462511539459,0.5986211895942688,0.3665003180503845,-0.03450017794966698,0.5942304134368896,0.2694070339202881,-0.05937142297625542,0.6026183366775513,0.2909996509552002,-0.06816989928483963,0.604788601398468,0.3371126651763916,-0.06886865943670273,0.6360317468643188,0.38389551639556885,-0.04587903246283531,0.6371864080429077,0.29868432879447937,-0.060141824185848236,0.6373962163925171,0.3042954206466675,-0.06175478175282478,0.6327047348022461,0.33909446001052856,-0.060101620852947235,e
0.6060695052146912,0.581940770149231,-1.1432176449943654e-07,0.5446282029151917,0.579734206199646,-0.030112212523818016,0.4814260005950928,0.539320707321167,-0.05412363260984421,0.4433060884475708,0.4891645312309265,-0.07924962788820267,0.4658905267715454,0.46664950251579285,-0.10202296823263168,0.5185374617576599,0.38201186060905457,-0.02365843765437603,0.511061429977417,0.2841476798057556,-0.05886930599808693,0.51871657371521,0.2906745374202728,-0.08632959425449371,0.528083324432373,0.3335021734237671,-0.10035135596990585,0.5585155487060547,0.36457088589668274,-0.02697550319135189,0.550199568271637,0.25012892484664917,-0.05883895605802536,0.5622495412826538,0.2728573679924011,-0.07887843996286392,0.5700542330741882,0.32241642475128174,-0.08678226172924042,0.5974298119544983,0.3659631311893463,-0.03524329885840416,0.5918878316879272,0.2668217718601227,-0.059411514550447464,0.5996600985527039,0.2871714234352112,-0.06795171648263931,0.6026548147201538,0.33358505368232727,-0.06870508193969727,0.6352675557136536,0.3825010657310486,-0.046894919127225876,0.6348952651023865,0.2969007194042206,-0.06126273795962334,0.6357892155647278,0.3030450940132141,-0.06294260174036026,0.6329293251037598,0.33847159147262573,-0.06136856600642204,e
0.60476154088974,0.5817398428916931,-1.066101233959671e-07,0.5430962443351746,0.579652726650238,-0.03015643171966076,0.4803544878959656,0.5384697318077087,-0.054925527423620224,0.44139742851257324,0.4879750609397888,-0.08101638406515121,0.46410441398620605,0.4641980528831482,-0.10496054589748383,0.5179060697555542,0.38379693031311035,-0.025372108444571495,0.5107572078704834,0.2854674458503723,-0.0607634000480175,0.5163640379905701,0.2880606949329376,-0.08834978193044662,0.5244705677032471,0.3305565416812897,-0.10292835533618927,0.5581799745559692,0.3674218952655792,-0.02934911847114563,0.5517922043800354,0.2523016631603241,-0.06250982731580734,0.5618001222610474,0.274016797542572,-0.0839928612112999,0.5670835971832275,0.32501187920570374,-0.09334827959537506,0.596856951713562,0.3701690435409546,-0.03804097697138786,0.5913616418838501,0.26720091700553894,-0.06258291751146317,0.5991443395614624,0.28591206669807434,-0.07106766849756241,0.6013567447662354,0.333819717168808,-0.07234300673007965,0.6348626613616943,0.387178510427475,-0.05011991411447525,0.6340836882591248,0.3002985715866089,-0.06515523791313171,0.6367015242576599,0.30561912059783936,-0.06733325868844986,0.6344810724258423,0.34179216623306274,-0.066471166908741,e
0.6030372381210327,0.5820170044898987,-8.368472492747969e-08,0.5404475331306458,0.5807788372039795,-0.03126709535717964,0.47773128747940063,0.536792516708374,-0.056891415268182755,0.43861067295074463,0.48467856645584106,-0.08379645645618439,0.4651043713092804,0.4630110561847687,-0.10850304365158081,0.5171303749084473,0.3811696767807007,-0.024569794535636902,0.5116166472434998,0.284698486328125,-0.06134103611111641,0.5161992311477661,0.2861500382423401,-0.09031030535697937,0.5234308242797852,0.33018624782562256,-0.10554398596286774,0.5583742260932922,0.36604800820350647,-0.028561701998114586,0.5532031655311584,0.2511192560195923,-0.06415712833404541,0.5624851584434509,0.27335238456726074,-0.08784878253936768,0.5674894452095032,0.3262929320335388,-0.09781160950660706,0.5972420573234558,0.3700237572193146,-0.037424761801958084,0.5938971042633057,0.2699069380760193,-0.0631880834698677,0.6011112928390503,0.2870681881904602,-0.07303992658853531,0.6036436557769775,0.33468252420425415,-0.07441116869449615,0.6356062889099121,0.38758525252342224,-0.04973809793591499,0.6336684226989746,0.3017289936542511,-0.0643484815955162,0.6367126703262329,0.3042221963405609,-0.06683274358510971,0.6355344653129578,0.3384249806404114,-0.06585703790187836,e
0.6041820049285889,0.5832043886184692,-1.0188104937469689e-07,0.5409109592437744,0.5808809995651245,-0.029294632375240326,0.47771626710891724,0.5362269282341003,-0.05330038070678711,0.438943475484848,0.48445388674736023,-0.0788932517170906,0.46309638023376465,0.4617128074169159,-0.10234354436397552,0.5166602730751038,0.38147544860839844,-0.021548833698034286,0.510171115398407,0.285334050655365,-0.057408738881349564,0.5148589611053467,0.28677675127983093,-0.08602932840585709,0.5220734477043152,0.33059948682785034,-0.10109373927116394,0.5578418374061584,0.36620187759399414,-0.026341009885072708,0.5521554350852966,0.2522386312484741,-0.0614439994096756,0.5613065361976624,0.27334997057914734,-0.08554485440254211,0.5663034319877625,0.3264482915401459,-0.09572092443704605,0.5965696573257446,0.36985763907432556,-0.035900987684726715,0.5932205319404602,0.27130526304244995,-0.0614863783121109,0.6011138558387756,0.2872544825077057,-0.07242006063461304,0.604038655757904,0.3352050483226776,-0.07445263117551804,0.6344902515411377,0.3875168263912201,-0.04873783513903618,0.6319683790206909,0.30427128076553345,-0.06374223530292511,0.6357253789901733,0.3054681718349457,-0.06719068437814713,0.6353844404220581,0.3386838734149933,-0.06676138937473297,e
0.6027134656906128,0.5855767726898193,-1.1376987885114431e-07,0.5389308333396912,0.5814249515533447,-0.029349135234951973,0.4767080545425415,0.5363434553146362,-0.05315149948000908,0.43856656551361084,0.48559990525245667,-0.07842020690441132,0.4607757031917572,0.4629879593849182,-0.10142327845096588,0.5156429409980774,0.38208770751953125,-0.02167212776839733,0.5108175277709961,0.2847878038883209,-0.057418499141931534,0.515672504901886,0.2883554697036743,-0.08597945421934128,0.5222205519676208,0.33293795585632324,-0.10100068897008896,0.5574885010719299,0.36736080050468445,-0.026612471789121628,0.5526584386825562,0.25254714488983154,-0.06183597445487976,0.5615231394767761,0.27509206533432007,-0.08600276708602905,0.5655709505081177,0.3289581537246704,-0.0962321013212204,0.5966436266899109,0.3711546063423157,-0.036358706653118134,0.5947107076644897,0.27308785915374756,-0.06240694969892502,0.6018272042274475,0.2893918752670288,-0.07399272918701172,0.6040819883346558,0.33754345774650574,-0.07641817629337311,0.6350230574607849,0.3889389634132385,-0.0493217408657074,0.6334949731826782,0.3046637177467346,-0.06434393674135208,0.6363993287086487,0.305839478969574,-0.06787331402301788,0.6351321339607239,0.33925458788871765,-0.06761178374290466,e
0.6025422215461731,0.5853505730628967,-1.0328746213872364e-07,0.538396418094635,0.5806588530540466,-0.028736617416143417,0.47636693716049194,0.5353127717971802,-0.05275723338127136,0.43784600496292114,0.4851020574569702,-0.07851658761501312,0.4591432809829712,0.4626099765300751,-0.10196014493703842,0.5146774053573608,0.381423681974411,-0.021127494052052498,0.509929895401001,0.28478261828422546,-0.057382676750421524,0.5147265791893005,0.2886234521865845,-0.08581556379795074,0.5217229723930359,0.33431974053382874,-0.10040245205163956,0.5565223693847656,0.3667510747909546,-0.026359399780631065,0.5513572692871094,0.25329047441482544,-0.06160847470164299,0.5608137249946594,0.2754403054714203,-0.08467996120452881,0.5659007430076599,0.3294421434402466,-0.09395921975374222,0.5957165360450745,0.37108367681503296,-0.036519091576337814,0.5931863784790039,0.27305328845977783,-0.06261909753084183,0.6018717885017395,0.2914556860923767,-0.07236401736736298,0.605414628982544,0.3399755656719208,-0.07332867383956909,0.6341913938522339,0.38962674140930176,-0.049927856773138046,0.6330164074897766,0.3054490387439728,-0.06508560478687286,0.6360829472541809,0.3078776001930237,-0.06756550818681717,0.6348551511764526,0.34183067083358765,-0.0662679523229599,e
0.602687418460846,0.5871086120605469,-1.1632328522637181e-07,0.5381399989128113,0.5811823010444641,-0.028412921354174614,0.4757816791534424,0.5348469614982605,-0.052350692451000214,0.4354560971260071,0.4833343029022217,-0.0781712681055069,0.45944106578826904,0.4608570337295532,-0.10135268419981003,0.5151076912879944,0.3817138373851776,-0.01940310187637806,0.5112330913543701,0.2851754128932953,-0.055924125015735626,0.514776885509491,0.29134902358055115,-0.08466951549053192,0.5206491351127625,0.33890098333358765,-0.0995730459690094,0.5573520660400391,0.36760711669921875,-0.024840421974658966,0.5530331134796143,0.2536282539367676,-0.060017794370651245,0.5596612095832825,0.276797890663147,-0.0828612670302391,0.5628315806388855,0.3303150534629822,-0.09206738322973251,0.5965995788574219,0.37257033586502075,-0.035332102328538895,0.5957342386245728,0.27437126636505127,-0.06043748930096626,0.6007339954376221,0.2940025329589844,-0.06874243170022964,0.601567268371582,0.3419545888900757,-0.0689048022031784,0.6355879306793213,0.3915199339389801,-0.04923594743013382,0.6345847249031067,0.3075844347476959,-0.06275837868452072,0.6365217566490173,0.3108741044998169,-0.06402231007814407,0.6346558332443237,0.3439946174621582,-0.062081191688776016,e
0.6042109727859497,0.5912265777587891,-7.964168702301322e-08,0.5391176342964172,0.5849026441574097,-0.029369963333010674,0.47561439871788025,0.5359322428703308,-0.053006403148174286,0.4341617822647095,0.4815938472747803,-0.07840466499328613,0.4595056176185608,0.4599480926990509,-0.10113260895013809,0.5159170031547546,0.3820301294326782,-0.017680134624242783,0.5125710964202881,0.2868700325489044,-0.05374971404671669,0.5140894055366516,0.287021666765213,-0.082955002784729,0.5184304714202881,0.3317485451698303,-0.09845200181007385,0.5590772032737732,0.3677767217159271,-0.022655680775642395,0.5553193092346191,0.2561187744140625,-0.05798258259892464,0.5595192909240723,0.27223891019821167,-0.08220979571342468,0.5618407130241394,0.32522448897361755,-0.0926416739821434,0.5985784530639648,0.3737213611602783,-0.0328579843044281,0.597264289855957,0.2762435972690582,-0.05800106003880501,0.6012886166572571,0.29266056418418884,-0.06662757694721222,0.6021403670310974,0.3406100273132324,-0.06705421209335327,0.6376312375068665,0.3936383128166199,-0.04667288437485695,0.6349008083343506,0.3096325397491455,-0.06121371313929558,0.6364811658859253,0.31280434131622314,-0.06320080906152725,0.6350114941596985,0.3480589687824249,-0.06154036149382591,e
0.6043675541877747,0.5924361348152161,-7.088633680041312e-08,0.5387703776359558,0.5838311314582825,-0.029497675597667694,0.47637417912483215,0.5333303213119507,-0.053452350199222565,0.434211790561676,0.48128920793533325,-0.07932373136281967,0.45711344480514526,0.4602563977241516,-0.10254064947366714,0.5168381333351135,0.3835453689098358,-0.01868952065706253,0.5129972696304321,0.2854815721511841,-0.054392002522945404,0.5144755840301514,0.2861286699771881,-0.08300890773534775,0.5187450051307678,0.332274466753006,-0.09811705350875854,0.5600446462631226,0.3704410493373871,-0.023594193160533905,0.5575303435325623,0.2565067410469055,-0.058404408395290375,0.5609174966812134,0.27266401052474976,-0.08292196691036224,0.5622957348823547,0.32603394985198975,-0.09394114464521408,0.5997239947319031,0.37659966945648193,-0.03358003497123718,0.5982825756072998,0.27614647150039673,-0.05780262127518654,0.6013081073760986,0.2930545508861542,-0.0668049082159996,0.6014271974563599,0.34254854917526245,-0.06802383810281754,0.6389114856719971,0.39625605940818787,-0.047212209552526474,0.6372745037078857,0.31113165616989136,-0.06141900643706322,0.6380031108856201,0.31369614601135254,-0.063949815928936,0.635703444480896,0.3498576581478119,-0.06301026046276093,e
0.6036813259124756,0.5940065383911133,-5.5463914350184496e-08,0.5387780666351318,0.5836361646652222,-0.027497977018356323,0.47792431712150574,0.5325102210044861,-0.050337836146354675,0.435992568731308,0.4817288815975189,-0.0757644772529602,0.4575231671333313,0.45909518003463745,-0.09839828312397003,0.5183850526809692,0.38270458579063416,-0.015045062638819218,0.5150840878486633,0.28751659393310547,-0.050433214753866196,0.5154111385345459,0.2849588394165039,-0.07922752946615219,0.5189639925956726,0.3312148451805115,-0.09435981512069702,0.5611346364021301,0.3695375323295593,-0.020712556317448616,0.559593915939331,0.2578037977218628,-0.054960597306489944,0.5611556768417358,0.269085168838501,-0.07983042299747467,0.5617043375968933,0.3228124976158142,-0.09130094200372696,0.6004887223243713,0.37630805373191833,-0.031489692628383636,0.5995566844940186,0.276813805103302,-0.05472636967897415,0.6015821099281311,0.2921190857887268,-0.062370315194129944,0.6010484099388123,0.34213438630104065,-0.06274927407503128,0.6400172114372253,0.3964023292064667,-0.04597054794430733,0.6393890380859375,0.3123775124549866,-0.05989425256848335,0.6393962502479553,0.3135220408439636,-0.06200508773326874,0.6361573338508606,0.3496238589286804,-0.06051918491721153,e
0.604012668132782,0.5945091247558594,-7.244504018899534e-08,0.5391033887863159,0.5833944082260132,-0.025958742946386337,0.4791855216026306,0.5335092544555664,-0.04780672490596771,0.4395105540752411,0.48409879207611084,-0.07221989333629608,0.45710304379463196,0.4588944613933563,-0.09394703060388565,0.519835889339447,0.3825189471244812,-0.01440333016216755,0.5163860321044922,0.2866528034210205,-0.04854908213019371,0.5164363384246826,0.2855146527290344,-0.07636131346225739,0.5198004245758057,0.3306337296962738,-0.0907190814614296,0.5619500279426575,0.37008965015411377,-0.02042606845498085,0.561044454574585,0.25836917757987976,-0.05274286866188049,0.5618311166763306,0.2700141668319702,-0.07609733194112778,0.561614453792572,0.3230827748775482,-0.0865752324461937,0.6013859510421753,0.3769703209400177,-0.031441349536180496,0.6005314588546753,0.27720972895622253,-0.05388980731368065,0.6014735102653503,0.29043465852737427,-0.06202547624707222,0.6004872918128967,0.33930703997612,-0.06280983239412308,0.6406924724578857,0.3978467881679535,-0.04591631144285202,0.640825092792511,0.3131703734397888,-0.05955091491341591,0.6393030881881714,0.3116435408592224,-0.06176489591598511,0.6347406506538391,0.34551435708999634,-0.060295287519693375,e
0.6052061319351196,0.5957196354866028,-6.86744883182655e-08,0.5384735465049744,0.5847160816192627,-0.025216246023774147,0.4764542579650879,0.5345707535743713,-0.04680173844099045,0.4364790916442871,0.4822530448436737,-0.0710725262761116,0.45988136529922485,0.45820188522338867,-0.09267046302556992,0.520395815372467,0.38427525758743286,-0.013804640620946884,0.5166370868682861,0.28879112005233765,-0.048854053020477295,0.5169008374214172,0.2871941924095154,-0.0777578130364418,0.5201162099838257,0.33197349309921265,-0.09290353953838348,0.5625905990600586,0.3718012571334839,-0.02010314166545868,0.5614674687385559,0.2605896592140198,-0.05276340991258621,0.5623363256454468,0.2696787714958191,-0.07628481090068817,0.5616480708122253,0.3227512240409851,-0.08702664077281952,0.6020934581756592,0.3789808750152588,-0.03145032748579979,0.601333498954773,0.27784502506256104,-0.0536368153989315,0.602284848690033,0.2896624207496643,-0.060605116188526154,0.6004137396812439,0.3384174108505249,-0.06067344918847084,0.641602635383606,0.39997005462646484,-0.046325139701366425,0.6407920718193054,0.3157232701778412,-0.059789568185806274,0.6395851373672485,0.3146226108074188,-0.06137746572494507,0.6346337795257568,0.3486054539680481,-0.0594053715467453,e
0.6058971881866455,0.5950652360916138,-1.089923244990132e-07,0.5400931239128113,0.5856056809425354,-0.024510640650987625,0.47736459970474243,0.535536527633667,-0.04593600332736969,0.43743425607681274,0.48433607816696167,-0.07028721272945404,0.4590895175933838,0.46051421761512756,-0.09176507592201233,0.5211958885192871,0.38570818305015564,-0.015359724871814251,0.5183210372924805,0.2868925631046295,-0.051225628703832626,0.5159440636634827,0.28968346118927,-0.07894406467676163,0.5180492997169495,0.33854779601097107,-0.09269776195287704,0.5634500980377197,0.37346863746643066,-0.022027980536222458,0.5645976066589355,0.25864332914352417,-0.05566096305847168,0.5625293254852295,0.27488943934440613,-0.07658687978982925,0.5614213943481445,0.3295501470565796,-0.08468607068061829,0.6029228568077087,0.37981778383255005,-0.033740896731615067,0.6027842164039612,0.27737918496131897,-0.05623771250247955,0.6018747091293335,0.2970272898674011,-0.06051778793334961,0.600943922996521,0.3466425836086273,-0.058317411690950394,0.6421823501586914,0.3997233808040619,-0.049008697271347046,0.6429117321968079,0.31400173902511597,-0.06184298172593117,0.6397755742073059,0.3171776533126831,-0.06167897209525108,0.6351836919784546,0.352446973323822,-0.05833902582526207,e
0.6062941551208496,0.5983246564865112,-1.0797767657777513e-07,0.5399009585380554,0.5882129073143005,-0.02493574656546116,0.47796696424484253,0.5385973453521729,-0.04680114984512329,0.43758082389831543,0.4870348572731018,-0.07133524119853973,0.4601094722747803,0.4623582065105438,-0.09292621165513992,0.5210974812507629,0.38799333572387695,-0.016332067549228668,0.5176727771759033,0.28976210951805115,-0.05160513147711754,0.5169661641120911,0.2914504408836365,-0.07907802611589432,0.5199891328811646,0.33909761905670166,-0.09279792755842209,0.563076913356781,0.3752714991569519,-0.022658132016658783,0.5625813603401184,0.2615289092063904,-0.05569986253976822,0.5620272755622864,0.27687323093414307,-0.07659204304218292,0.561016321182251,0.3320105969905853,-0.08477161079645157,0.6028598546981812,0.3817984163761139,-0.03390050679445267,0.6029583811759949,0.2792205214500427,-0.05615328252315521,0.6026981472969055,0.2959132492542267,-0.06115605682134628,0.6013261079788208,0.34574630856513977,-0.059503693133592606,0.6423662900924683,0.4022453725337982,-0.048641204833984375,0.643042266368866,0.3156738579273224,-0.06157982721924782,0.6399883031845093,0.3171408474445343,-0.06187444552779198,0.6346502304077148,0.35257261991500854,-0.0588039867579937,e
0.6068747043609619,0.6020756959915161,-9.212863716356878e-08,0.5399613976478577,0.5925306081771851,-0.02525390312075615,0.47733786702156067,0.5427415370941162,-0.046836841851472855,0.4369819462299347,0.49128103256225586,-0.07116135209798813,0.45839816331863403,0.46394017338752747,-0.09266635030508041,0.521489679813385,0.3904358446598053,-0.01515184435993433,0.5180769562721252,0.2940637469291687,-0.05064097046852112,0.515925407409668,0.29297342896461487,-0.07925891876220703,0.5177004337310791,0.33879971504211426,-0.09397411346435547,0.5637505650520325,0.3773358464241028,-0.02172052673995495,0.5637466311454773,0.26418638229370117,-0.055459704250097275,0.5615438222885132,0.2760554552078247,-0.07859896123409271,0.5597238540649414,0.33018600940704346,-0.08869025111198425,0.6033391952514648,0.3842141330242157,-0.033269576728343964,0.6038919687271118,0.28120213747024536,-0.05627911537885666,0.6027400493621826,0.2967534363269806,-0.06272365152835846,0.6010899543762207,0.3470764756202698,-0.062143586575984955,0.642844021320343,0.4054735004901886,-0.04833758622407913,0.643245279788971,0.3187620937824249,-0.06218692287802696,0.6403087377548218,0.31901973485946655,-0.06345678120851517,0.6353937983512878,0.3538550138473511,-0.06109819933772087,e
0.6083464622497559,0.6060619950294495,-9.148516255663708e-08,0.5421083569526672,0.5982440710067749,-0.02551003359258175,0.47949451208114624,0.5469722747802734,-0.046340227127075195,0.4394000470638275,0.4978395700454712,-0.06990410387516022,0.4569023549556732,0.4685237407684326,-0.0908380001783371,0.5220686793327332,0.39466968178749084,-0.014789553359150887,0.5181838274002075,0.29901018738746643,-0.05013373866677284,0.5164284706115723,0.29611265659332275,-0.07902118563652039,0.5187457203865051,0.3408464193344116,-0.09394057840108871,0.5648826360702515,0.3811209201812744,-0.021583186462521553,0.5642668008804321,0.267633855342865,-0.05517537519335747,0.5620719194412231,0.27816659212112427,-0.07952629029750824,0.5607274174690247,0.33204907178878784,-0.0906195417046547,0.6046832799911499,0.3879656195640564,-0.03337272256612778,0.6058345437049866,0.2864741086959839,-0.056696560233831406,0.6042728424072266,0.3014802932739258,-0.06462115794420242,0.6026478409767151,0.35186710953712463,-0.06513627618551254,0.6442966461181641,0.4097188413143158,-0.048633549362421036,0.6444977521896362,0.32363882660865784,-0.06307253986597061,0.6416072249412537,0.3250988721847534,-0.06507892906665802,0.6373633742332458,0.361889123916626,-0.0633019432425499,e
0.6080469489097595,0.6074218153953552,-8.267737428013788e-08,0.5420771241188049,0.5969748497009277,-0.02425646409392357,0.4788759648799896,0.5451726913452148,-0.04481310397386551,0.43798109889030457,0.4945005178451538,-0.0683823823928833,0.4569423794746399,0.4655701220035553,-0.08925878256559372,0.5223538279533386,0.3950880169868469,-0.014628165401518345,0.5182940363883972,0.2973516583442688,-0.05021973326802254,0.518038809299469,0.29553574323654175,-0.07906005531549454,0.520870566368103,0.34208646416664124,-0.09375500679016113,0.5650189518928528,0.38283973932266235,-0.02168211154639721,0.5646279454231262,0.26825663447380066,-0.05529777705669403,0.5639766454696655,0.277982234954834,-0.07950977236032486,0.5626649260520935,0.3324984312057495,-0.09040145576000214,0.6049514412879944,0.39031654596328735,-0.033541396260261536,0.6062620282173157,0.287010133266449,-0.05644416809082031,0.6061180830001831,0.3007642924785614,-0.06359748542308807,0.6038827300071716,0.3517424464225769,-0.06341873109340668,0.6447328329086304,0.41172879934310913,-0.048814527690410614,0.6450473666191101,0.32574689388275146,-0.06295863538980484,0.6435286402702332,0.32492536306381226,-0.06460965424776077,0.638902485370636,0.36001819372177124,-0.06230859458446503,e
0.6075191497802734,0.6093448996543884,-8.877221091552201e-08,0.5415315628051758,0.5976755619049072,-0.02447347529232502,0.4793989658355713,0.5455697178840637,-0.04521557316184044,0.4389764070510864,0.4954030513763428,-0.06894082576036453,0.45742058753967285,0.46610942482948303,-0.08982523530721664,0.5234795808792114,0.3955601453781128,-0.01449833158403635,0.520624577999115,0.2967398762702942,-0.05059199780225754,0.5181134939193726,0.29563671350479126,-0.0795425996184349,0.519740104675293,0.34384793043136597,-0.09409240633249283,0.5661609172821045,0.3832041025161743,-0.021362315863370895,0.5679778456687927,0.26856130361557007,-0.05482504889369011,0.5640349388122559,0.2780120372772217,-0.07819554954767227,0.5610742568969727,0.333107054233551,-0.08852984011173248,0.6058056354522705,0.3906407952308655,-0.03322524204850197,0.6070530414581299,0.28768467903137207,-0.055500905960798264,0.6046236157417297,0.30191999673843384,-0.061552003026008606,0.6022178530693054,0.3522391617298126,-0.06087514013051987,0.6451549530029297,0.41222432255744934,-0.048634886741638184,0.6454737782478333,0.3261871039867401,-0.062245696783065796,0.6420239806175232,0.3270626366138458,-0.06317556649446487,0.6371539831161499,0.3632255792617798,-0.060447659343481064,e
0.6080740690231323,0.6101458072662354,-8.820423147426482e-08,0.5420648455619812,0.598725438117981,-0.02529822289943695,0.48035910725593567,0.5471886396408081,-0.04656580090522766,0.4395182728767395,0.49710720777511597,-0.07071097940206528,0.45754772424697876,0.4675080180168152,-0.09198495745658875,0.5242221355438232,0.3964531123638153,-0.015042792074382305,0.520779550075531,0.2978166937828064,-0.051770567893981934,0.5191546082496643,0.29656073451042175,-0.08140282332897186,0.52162766456604,0.34407946467399597,-0.09636352211236954,0.5664629936218262,0.3839162290096283,-0.021430708467960358,0.5669059753417969,0.27060967683792114,-0.05544586479663849,0.5643426179885864,0.28008830547332764,-0.07908059656620026,0.5622895359992981,0.33482253551483154,-0.08957217633724213,0.6061117053031921,0.39098575711250305,-0.03295128047466278,0.607306182384491,0.288179874420166,-0.05585750192403793,0.6060869097709656,0.3036259412765503,-0.062044817954301834,0.604180097579956,0.354148805141449,-0.06137734279036522,0.645654559135437,0.4121820628643036,-0.04808025434613228,0.6467313766479492,0.32586193084716797,-0.0622270293533802,0.6437023282051086,0.32835853099823,-0.06324611604213715,0.6388168931007385,0.36562517285346985,-0.06051450967788696,e
0.6078654527664185,0.6098527312278748,-8.254034611354655e-08,0.541934609413147,0.599041759967804,-0.024873744696378708,0.47849002480506897,0.5449473857879639,-0.04575099050998688,0.4368517994880676,0.49218514561653137,-0.06953771412372589,0.4593350291252136,0.4681429862976074,-0.09056878834962845,0.5229225158691406,0.39627933502197266,-0.015859905630350113,0.520537793636322,0.2979888916015625,-0.0524422824382782,0.5194469690322876,0.2977903187274933,-0.0818551778793335,0.5219273567199707,0.34649786353111267,-0.09695705026388168,0.56633061170578,0.3845881521701813,-0.022574054077267647,0.567933976650238,0.27081406116485596,-0.057605866342782974,0.5651501417160034,0.2807368338108063,-0.08201025426387787,0.5626095533370972,0.3369671106338501,-0.09287015348672867,0.6062630414962769,0.3928825557231903,-0.034175120294094086,0.6084314584732056,0.2887951135635376,-0.05723225325345993,0.6072350144386292,0.30342555046081543,-0.06343547254800797,0.6049292087554932,0.35441261529922485,-0.06261276453733444,0.6457592844963074,0.4148862361907959,-0.04935290664434433,0.6466431021690369,0.3282049000263214,-0.06333022564649582,0.6444018483161926,0.32805731892585754,-0.06473933905363083,0.6396250128746033,0.36349183320999146,-0.06230917200446129,e
0.6068018674850464,0.6085793972015381,-8.645596238920916e-08,0.5408075451850891,0.5980604887008667,-0.02521575801074505,0.4779113233089447,0.5446048974990845,-0.046577226370573044,0.43624022603034973,0.49231794476509094,-0.07091083377599716,0.45920535922050476,0.46907782554626465,-0.09235349297523499,0.5229154229164124,0.3956001400947571,-0.01572819985449314,0.5204818844795227,0.2976633906364441,-0.05188843235373497,0.5186351537704468,0.29818519949913025,-0.0804915800690651,0.5206852555274963,0.34669458866119385,-0.09514597803354263,0.5656963586807251,0.38420191407203674,-0.022350363433361053,0.5676433444023132,0.26964491605758667,-0.05684636905789375,0.5643178820610046,0.28264087438583374,-0.07992883771657944,0.5618035197257996,0.33861303329467773,-0.08979866653680801,0.605403482913971,0.3924235999584198,-0.033940915018320084,0.6074647307395935,0.28703343868255615,-0.05646281689405441,0.6051808595657349,0.3036189675331116,-0.06132600083947182,0.6024819016456604,0.35465484857559204,-0.059680309146642685,0.6450038552284241,0.41427457332611084,-0.04923052340745926,0.6463801860809326,0.32726019620895386,-0.0625109001994133,0.6431940197944641,0.32868054509162903,-0.06313613802194595,0.6378522515296936,0.364830881357193,-0.06029032543301582,e
0.6064872145652771,0.6073063611984253,-6.812295794134116e-08,0.5405538082122803,0.5964890718460083,-0.026347188279032707,0.47966504096984863,0.546946108341217,-0.04848445951938629,0.4388388693332672,0.49736660718917847,-0.07339104264974594,0.4558045268058777,0.4688764810562134,-0.09559652209281921,0.523050844669342,0.3967418372631073,-0.016588818281888962,0.5188896059989929,0.2995798587799072,-0.05324766784906387,0.51868736743927,0.297593355178833,-0.08278791606426239,0.5230166912078857,0.34339964389801025,-0.09788389503955841,0.5653727054595947,0.38440918922424316,-0.022960053756833076,0.56563401222229,0.2702244520187378,-0.05797106772661209,0.5634753704071045,0.2814127206802368,-0.08265134692192078,0.5621724724769592,0.3362016975879669,-0.09360336512327194,0.6047320365905762,0.3916679620742798,-0.03436363488435745,0.6069173812866211,0.2877047657966614,-0.05820643901824951,0.6051100492477417,0.30285146832466125,-0.06553555279970169,0.6033004522323608,0.3538655638694763,-0.06529787182807922,0.6442054510116577,0.41297632455825806,-0.04937969520688057,0.645494818687439,0.32658833265304565,-0.0641302689909935,0.6425883173942566,0.32624098658561707,-0.0661529153585434,0.638088583946228,0.36135435104370117,-0.06402846425771713,e
0.6054859757423401,0.6075857281684875,-8.665976025667987e-08,0.5394023060798645,0.596587061882019,-0.02474377118051052,0.4778760075569153,0.5457524061203003,-0.04601326957345009,0.4375109076499939,0.49490347504615784,-0.07025723159313202,0.45834967494010925,0.46903863549232483,-0.09183677285909653,0.5221700072288513,0.3961285650730133,-0.015046185813844204,0.5188085436820984,0.29844897985458374,-0.05167542025446892,0.5170177221298218,0.2984675168991089,-0.08123490959405899,0.5201605558395386,0.3455961346626282,-0.09637703746557236,0.5647992491722107,0.3845899999141693,-0.022008931264281273,0.5657296776771545,0.27041447162628174,-0.05737149342894554,0.5620176792144775,0.2825223207473755,-0.081710085272789,0.5598565936088562,0.33828791975975037,-0.09217251092195511,0.6042283773422241,0.3919777572154999,-0.033916082233190536,0.6061847805976868,0.2876242399215698,-0.057394858449697495,0.6038869619369507,0.3034421503543854,-0.06382874399423599,0.6022782921791077,0.35399919748306274,-0.0629001334309578,0.6437227725982666,0.4131768047809601,-0.04937046021223068,0.6440215110778809,0.32678258419036865,-0.06316638737916946,0.6410338878631592,0.3266359567642212,-0.06430037319660187,0.6370537281036377,0.3606056571006775,-0.061609938740730286,e
0.6041142344474792,0.6061899662017822,-9.862534255944411e-08,0.5388203263282776,0.5942274332046509,-0.023109884932637215,0.4770204424858093,0.5432538986206055,-0.043686266988515854,0.4373170733451843,0.4927234947681427,-0.06733515858650208,0.45739224553108215,0.4675758481025696,-0.0882100984454155,0.5212646722793579,0.39501845836639404,-0.015329277142882347,0.5176350474357605,0.29658055305480957,-0.05109294131398201,0.5163453817367554,0.29681816697120667,-0.07893504202365875,0.5195755958557129,0.3435789942741394,-0.09269209951162338,0.5637314319610596,0.3837469220161438,-0.022458704188466072,0.5647133588790894,0.26943546533584595,-0.056396156549453735,0.561626672744751,0.2839559316635132,-0.0774875208735466,0.5595700144767761,0.33986780047416687,-0.0854300707578659,0.6035215258598328,0.3910585045814514,-0.034343451261520386,0.6038766503334045,0.2858542799949646,-0.05635586753487587,0.6017200946807861,0.30329930782318115,-0.059469982981681824,0.5995733737945557,0.35324132442474365,-0.05630812421441078,0.6431524753570557,0.41182923316955566,-0.04972928389906883,0.6439428329467773,0.3246811032295227,-0.06250573694705963,0.6403010487556458,0.3251522481441498,-0.0616888627409935,0.6349101662635803,0.35888633131980896,-0.05744881182909012,e
0.6051149368286133,0.6072819232940674,-7.54234292799083e-08,0.5388011336326599,0.5950844287872314,-0.022791314870119095,0.4760187268257141,0.5430282354354858,-0.042215172201395035,0.43711578845977783,0.4908503592014313,-0.0645613744854927,0.4580652415752411,0.46861356496810913,-0.08420976996421814,0.521087646484375,0.3943280279636383,-0.012964158318936825,0.5169456005096436,0.29753121733665466,-0.04758571460843086,0.5161340236663818,0.2956773042678833,-0.07526635378599167,0.5188319683074951,0.34136834740638733,-0.08889925479888916,0.5635775923728943,0.382497102022171,-0.01990005373954773,0.5638549327850342,0.2708664536476135,-0.0520840585231781,0.5615522265434265,0.2789097726345062,-0.07334306836128235,0.5596231818199158,0.3331878185272217,-0.08169693499803543,0.6032603979110718,0.3899599611759186,-0.03172490373253822,0.6031619310379028,0.2869696021080017,-0.05309384688735008,0.6016228199005127,0.29676613211631775,-0.05757833272218704,0.5993677973747253,0.3451453447341919,-0.0553479939699173,0.6423534154891968,0.410652756690979,-0.04699994996190071,0.6413704752922058,0.32568174600601196,-0.06040439009666443,0.6386196613311768,0.32225605845451355,-0.060776326805353165,0.6336889863014221,0.35493284463882446,-0.057080648839473724,e
0.6031790971755981,0.6044837236404419,-6.992360113144969e-08,0.5377181768417358,0.5940920114517212,-0.02394762635231018,0.4754023253917694,0.5414564609527588,-0.04468588903546333,0.4363824725151062,0.49077868461608887,-0.0683278813958168,0.4556581974029541,0.46624240279197693,-0.08911919593811035,0.520222544670105,0.3937302827835083,-0.01583968661725521,0.516373336315155,0.2959969639778137,-0.05221124365925789,0.5149639248847961,0.29415184259414673,-0.08022457361221313,0.5174258947372437,0.3412286639213562,-0.09383703023195267,0.5630742311477661,0.3816080093383789,-0.02293286845088005,0.5651240944862366,0.26639533042907715,-0.057834114879369736,0.5617146492004395,0.2786104083061218,-0.07976425439119339,0.5593117475509644,0.33612456917762756,-0.08772338181734085,0.6023992896080017,0.38880571722984314,-0.03486492857336998,0.6038654446601868,0.2843378484249115,-0.05719885602593422,0.6004412770271301,0.2962609529495239,-0.060774948447942734,0.597281813621521,0.3456658124923706,-0.05755618214607239,0.6407291889190674,0.40926721692085266,-0.05037548393011093,0.6403557658195496,0.3250209093093872,-0.06353630125522614,0.6371593475341797,0.32115206122398376,-0.06322472542524338,0.6324799060821533,0.35313308238983154,-0.05891554057598114,e
0.6043711304664612,0.603893518447876,-6.138832731039656e-08,0.5386488437652588,0.5937546491622925,-0.024344241246581078,0.47740668058395386,0.5427752733230591,-0.04465588182210922,0.4382103681564331,0.4933025538921356,-0.06786452233791351,0.45327523350715637,0.46511778235435486,-0.0883532464504242,0.5196298956871033,0.39339396357536316,-0.013776067644357681,0.5143706798553467,0.2974400818347931,-0.048338666558265686,0.5150988698005676,0.2922348976135254,-0.07622973620891571,0.5191153287887573,0.3355635106563568,-0.09027715027332306,0.5614299774169922,0.38052454590797424,-0.020418435335159302,0.559973418712616,0.26722103357315063,-0.05368586257100105,0.5603267550468445,0.2761719226837158,-0.07719281315803528,0.5601947903633118,0.33131083846092224,-0.08710290491580963,0.6004464030265808,0.38699811697006226,-0.03185996785759926,0.5989545583724976,0.28351113200187683,-0.05381136015057564,0.5996178388595581,0.29510703682899475,-0.05955755338072777,0.598603367805481,0.345093309879303,-0.05829527601599693,0.6397560834884644,0.40664562582969666,-0.04681456834077835,0.637788712978363,0.32249075174331665,-0.060769014060497284,0.636378288269043,0.3196853995323181,-0.06206554174423218,0.6323823928833008,0.35340428352355957,-0.059162646532058716,e
0.6041062474250793,0.6040597558021545,-6.016559694899115e-08,0.5382550358772278,0.5940385460853577,-0.02387532778084278,0.47556671500205994,0.5404649376869202,-0.044046659022569656,0.4344237446784973,0.487844318151474,-0.06738212704658508,0.4550711214542389,0.4651755392551422,-0.08787758648395538,0.5187351703643799,0.3919084668159485,-0.012434710748493671,0.5134105682373047,0.29699650406837463,-0.046730536967515945,0.5142480731010437,0.2918744683265686,-0.074196457862854,0.5187879800796509,0.33493220806121826,-0.08835212886333466,0.5611488223075867,0.3789510428905487,-0.019504135474562645,0.5591071248054504,0.2665274143218994,-0.05349455773830414,0.5590909719467163,0.2768576145172119,-0.07609564810991287,0.5592063069343567,0.333152711391449,-0.08514338731765747,0.6004447937011719,0.3858203887939453,-0.03143768012523651,0.598922848701477,0.2822815775871277,-0.053204506635665894,0.5989929437637329,0.2964249849319458,-0.056413136422634125,0.5975452661514282,0.34658703207969666,-0.0532778725028038,0.6398969888687134,0.4055732190608978,-0.04707835987210274,0.6383887529373169,0.32027673721313477,-0.060167863965034485,0.6366603374481201,0.31909140944480896,-0.06006087735295296,0.6321187019348145,0.35371774435043335,-0.056245092302560806,e
0.6041430234909058,0.6030431985855103,-5.547041936893038e-08,0.5377762913703918,0.5926138758659363,-0.026151468977332115,0.47645580768585205,0.5421422123908997,-0.04842863976955414,0.4352632761001587,0.4909244775772095,-0.07349959760904312,0.45346006751060486,0.4632074534893036,-0.0956408753991127,0.5183919668197632,0.3919735550880432,-0.015922559425234795,0.5131211876869202,0.2954704761505127,-0.051930248737335205,0.5137866139411926,0.29027312994003296,-0.08093807846307755,0.5180732607841492,0.3332335948944092,-0.09604306519031525,0.5603965520858765,0.3795563876628876,-0.02225591614842415,0.5580103993415833,0.26526254415512085,-0.05750921368598938,0.5586315393447876,0.27666157484054565,-0.08169147372245789,0.5584874749183655,0.3322325646877289,-0.09211574494838715,0.5997413396835327,0.3865474462509155,-0.03348831087350845,0.5981703400611877,0.28113627433776855,-0.05652458220720291,0.5991310477256775,0.2965044677257538,-0.061308603733778,0.5979254245758057,0.3477814197540283,-0.05943473428487778,0.6400206685066223,0.4067714214324951,-0.04850561544299126,0.6392343044281006,0.31998127698898315,-0.06260371208190918,0.6374883055686951,0.31861987709999084,-0.06342677772045135,0.6321442723274231,0.35285916924476624,-0.06045595183968544,e
0.6039749979972839,0.60096275806427,-7.602770324410812e-08,0.5377771854400635,0.5905606746673584,-0.025031989440321922,0.47551727294921875,0.53946852684021,-0.046333227306604385,0.43364787101745605,0.488324373960495,-0.07047770917415619,0.45384854078292847,0.4623231887817383,-0.09172078222036362,0.5177212953567505,0.3917636573314667,-0.014749132096767426,0.5136553049087524,0.2964775860309601,-0.0501323826611042,0.5132113695144653,0.29227882623672485,-0.07861960679292679,0.516914963722229,0.335885226726532,-0.09344291687011719,0.559948742389679,0.3795337378978729,-0.021274229511618614,0.5579070448875427,0.26686471700668335,-0.055583514273166656,0.5570441484451294,0.27833300828933716,-0.07882461696863174,0.5560566186904907,0.3335847556591034,-0.08886972814798355,0.5992599129676819,0.3865903317928314,-0.03265288844704628,0.5989997982978821,0.28295814990997314,-0.055001888424158096,0.5989097356796265,0.2983645796775818,-0.05907181650400162,0.5970560908317566,0.3487868309020996,-0.056928932666778564,0.6393338441848755,0.40694960951805115,-0.04773712903261185,0.6391538381576538,0.3205660879611969,-0.06115645542740822,0.6368687748908997,0.32086479663848877,-0.061363957822322845,0.6313356161117554,0.3557804822921753,-0.058169715106487274,e
0.6037114262580872,0.6025402545928955,-5.5172797885916225e-08,0.5381583571434021,0.5915645360946655,-0.02504156529903412,0.47597989439964294,0.5411534905433655,-0.046630725264549255,0.4347083270549774,0.4903140664100647,-0.07119205594062805,0.4539923369884491,0.4619331955909729,-0.09258722513914108,0.5179768800735474,0.39109137654304504,-0.014135684818029404,0.5137889385223389,0.2959863841533661,-0.049484286457300186,0.513221025466919,0.2921183407306671,-0.07764563709497452,0.516282320022583,0.33730241656303406,-0.09203750640153885,0.5599439740180969,0.3790925145149231,-0.020667271688580513,0.5597440004348755,0.2664641737937927,-0.05452205240726471,0.5586023330688477,0.27610528469085693,-0.0774381160736084,0.5573940277099609,0.33088743686676025,-0.0872158333659172,0.5995075702667236,0.3868595361709595,-0.032162100076675415,0.5993051528930664,0.28250765800476074,-0.0544140487909317,0.5989929437637329,0.29652610421180725,-0.058464158326387405,0.5963265299797058,0.3471527695655823,-0.05620882287621498,0.6393082737922668,0.4081341624259949,-0.047374024987220764,0.6400399804115295,0.32290327548980713,-0.06122232973575592,0.6373642683029175,0.32144904136657715,-0.06167394295334816,0.6308048367500305,0.35605955123901367,-0.05833309143781662,e
0.6038408279418945,0.6037506461143494,-4.865773561846254e-08,0.5375974774360657,0.5929309725761414,-0.024909891188144684,0.47565943002700806,0.5416924953460693,-0.04638305678963661,0.4339276850223541,0.4903513491153717,-0.07076741009950638,0.4542860984802246,0.46316325664520264,-0.09194045513868332,0.5178076028823853,0.39166882634162903,-0.013147448189556599,0.5139409303665161,0.2973106801509857,-0.04776133969426155,0.5128260850906372,0.2929159998893738,-0.07578697055578232,0.5151494145393372,0.33692309260368347,-0.09036426991224289,0.559643566608429,0.3790375292301178,-0.01956157386302948,0.5586328506469727,0.26819631457328796,-0.052408408373594284,0.5574032068252563,0.2753657102584839,-0.0750257596373558,0.5557941198348999,0.32932454347610474,-0.08499056100845337,0.5989203453063965,0.3866892457008362,-0.030957723036408424,0.597538411617279,0.2827794551849365,-0.052136268466711044,0.5977816581726074,0.29579949378967285,-0.05537271127104759,0.5952421426773071,0.34564805030822754,-0.05299936980009079,0.6388036608695984,0.40794655680656433,-0.04615505784749985,0.6389091610908508,0.32285600900650024,-0.059616945683956146,0.6366948485374451,0.3227403163909912,-0.059596285223960876,0.6302395462989807,0.3584512174129486,-0.05606990307569504,e
0.6045050621032715,0.6014288067817688,-5.428918115057968e-08,0.5380590558052063,0.5919927358627319,-0.02542613260447979,0.4748031795024872,0.5413230657577515,-0.047254256904125214,0.4338981509208679,0.4889839291572571,-0.07200908660888672,0.4552450478076935,0.4641343653202057,-0.09371941536664963,0.517731249332428,0.39234593510627747,-0.015476751141250134,0.5137452483177185,0.29556262493133545,-0.05070944130420685,0.5132117867469788,0.29202839732170105,-0.07827088236808777,0.5161758661270142,0.3376186490058899,-0.09225118905305862,0.5600739121437073,0.37990084290504456,-0.02197636477649212,0.5596795678138733,0.26606014370918274,-0.05596865713596344,0.5590869784355164,0.27723634243011475,-0.07826731353998184,0.5584582090377808,0.33183807134628296,-0.08750949054956436,0.5996437668800354,0.3866470158100128,-0.033373404294252396,0.598970353603363,0.2829677164554596,-0.055610716342926025,0.5993787050247192,0.30003488063812256,-0.059106774628162384,0.5975501537322998,0.3506332039833069,-0.05647477135062218,0.6394761800765991,0.4061051607131958,-0.04849569499492645,0.6389603018760681,0.32078683376312256,-0.06195765361189842,0.6370944976806641,0.32386672496795654,-0.061662573367357254,0.6318462491035461,0.3611023426055908,-0.05792757496237755,e
0.6032184362411499,0.6029060482978821,-6.263156393515601e-08,0.5377198457717896,0.5928936004638672,-0.024959983304142952,0.4758557677268982,0.5424949526786804,-0.046646103262901306,0.43493252992630005,0.49162185192108154,-0.07145827263593674,0.4550012946128845,0.46367210149765015,-0.0932665690779686,0.5185344815254211,0.3921733498573303,-0.013606144115328789,0.5137643218040466,0.29640865325927734,-0.049115508794784546,0.5122380256652832,0.2929648458957672,-0.0774170532822609,0.5159143805503845,0.3382492661476135,-0.09186428040266037,0.560522198677063,0.37941813468933105,-0.020375560969114304,0.5603942275047302,0.26610684394836426,-0.053934261202812195,0.5577542185783386,0.27634096145629883,-0.07629269361495972,0.5567054152488708,0.3301210105419159,-0.08573076874017715,0.5998674631118774,0.3864663541316986,-0.032218120992183685,0.5990584492683411,0.2817809581756592,-0.054186273366212845,0.5973643660545349,0.29867827892303467,-0.05746781826019287,0.5954670310020447,0.3486712872982025,-0.054832253605127335,0.6397272944450378,0.40728744864463806,-0.04779096320271492,0.6390069723129272,0.32123100757598877,-0.06091686710715294,0.6351929903030396,0.32491815090179443,-0.060167282819747925,0.6297822594642639,0.36236661672592163,-0.056185584515333176,e
0.6038427948951721,0.6029586791992188,-6.386717643636075e-08,0.537512481212616,0.5932997465133667,-0.025438783690333366,0.47574806213378906,0.5424225330352783,-0.04696206375956535,0.43513327836990356,0.491885244846344,-0.07122909277677536,0.4542497396469116,0.463544100522995,-0.0925336480140686,0.5178159475326538,0.3935026526451111,-0.01488302182406187,0.512473464012146,0.2984068691730499,-0.050485219806432724,0.5132648944854736,0.29434338212013245,-0.07926543056964874,0.5175625681877136,0.338329553604126,-0.09403383731842041,0.5595875382423401,0.379993200302124,-0.021005453541874886,0.5568004250526428,0.2687811851501465,-0.05448801815509796,0.5580595135688782,0.27802664041519165,-0.07795161008834839,0.5585088133811951,0.3320102095603943,-0.08818742632865906,0.5990933179855347,0.3867354989051819,-0.032042574137449265,0.5973182916641235,0.2862197756767273,-0.0539402961730957,0.598499059677124,0.2990625202655792,-0.05877361074090004,0.596679151058197,0.34793055057525635,-0.05718708783388138,0.6389637589454651,0.4070250988006592,-0.04673650115728378,0.6381680369377136,0.3226434588432312,-0.06007303297519684,0.6362144947052002,0.322919636964798,-0.06027485430240631,0.630666971206665,0.35844171047210693,-0.05688256770372391,e
0.6022130846977234,0.6021155118942261,-5.063111530034803e-08,0.5365649461746216,0.5924837589263916,-0.026569880545139313,0.4741392135620117,0.5420237183570862,-0.04941089451313019,0.43332821130752563,0.4896222949028015,-0.07491015642881393,0.4551503658294678,0.46354255080223083,-0.09747445583343506,0.516979455947876,0.3940921425819397,-0.017721058800816536,0.5129131078720093,0.2971658706665039,-0.05480515584349632,0.5123004913330078,0.2941865921020508,-0.08365661650896072,0.5161317586898804,0.3395051062107086,-0.098259836435318,0.5592185258865356,0.3814878463745117,-0.023893043398857117,0.5581390261650085,0.26588815450668335,-0.06005478650331497,0.5567953586578369,0.2776834964752197,-0.08304746448993683,0.5562862157821655,0.3333973288536072,-0.09202474355697632,0.598954439163208,0.38844749331474304,-0.035030547529459,0.5971847772598267,0.28531014919281006,-0.05867616459727287,0.5972017049789429,0.30235081911087036,-0.062297429889440536,0.5956568121910095,0.35186707973480225,-0.059144530445337296,0.6388490796089172,0.40839022397994995,-0.049917202442884445,0.6376034617424011,0.3222355544567108,-0.06351857632398605,0.6353814005851746,0.3248664140701294,-0.06278973072767258,0.6303454041481018,0.36046987771987915,-0.058527518063783646,e
0.6026889085769653,0.6023638248443604,-4.489954719133493e-08,0.5364881157875061,0.5933380126953125,-0.026187455281615257,0.47474169731140137,0.5429804921150208,-0.048430997878313065,0.4328640401363373,0.49124807119369507,-0.07356888055801392,0.4551905393600464,0.4635077118873596,-0.095729760825634,0.516843855381012,0.3937656283378601,-0.01433555781841278,0.5101335644721985,0.2983430027961731,-0.05057023465633392,0.5113192796707153,0.2942924499511719,-0.07987318933010101,0.5171487331390381,0.33882516622543335,-0.09499555081129074,0.5577147603034973,0.37970179319381714,-0.020125366747379303,0.55355304479599,0.26937174797058105,-0.05377546697854996,0.5543767809867859,0.2762215733528137,-0.07684828341007233,0.5556982755661011,0.3291497826576233,-0.08694155514240265,0.5967169404029846,0.3861742317676544,-0.031112737953662872,0.5920742750167847,0.2849162817001343,-0.052938368171453476,0.5941223502159119,0.29982179403305054,-0.05616775155067444,0.594151496887207,0.34851300716400146,-0.05356399714946747,0.6366414427757263,0.40566372871398926,-0.04599546268582344,0.6339517831802368,0.3205842971801758,-0.05924453213810921,0.6327765583992004,0.325560599565506,-0.05836633965373039,0.6290121674537659,0.36393576860427856,-0.054226845502853394,e
0.6009342670440674,0.6007860898971558,-6.274122199556587e-08,0.5350185632705688,0.5914612412452698,-0.02495567500591278,0.47267770767211914,0.5401079058647156,-0.04702048748731613,0.43118414282798767,0.4877696931362152,-0.07232491672039032,0.45469754934310913,0.46380335092544556,-0.09458492696285248,0.515677809715271,0.3923667073249817,-0.015225797891616821,0.5103737711906433,0.29405128955841064,-0.05153467506170273,0.5108683705329895,0.2937214970588684,-0.07963097840547562,0.5150566101074219,0.34282034635543823,-0.09370862692594528,0.5574583411216736,0.3799949586391449,-0.021744336932897568,0.5565429925918579,0.2663377523422241,-0.05579249933362007,0.5566582083702087,0.27777180075645447,-0.07771092653274536,0.5568407773971558,0.3321377635002136,-0.08667361736297607,0.5967835187911987,0.3870335817337036,-0.03326943889260292,0.593928337097168,0.28399237990379333,-0.05505194887518883,0.5951714515686035,0.3016048073768616,-0.05706516653299332,0.5946482419967651,0.35105055570602417,-0.0533704049885273,0.6367351412773132,0.406064510345459,-0.04858366772532463,0.6344138383865356,0.3203393816947937,-0.06110628321766853,0.6328312158584595,0.3241039216518402,-0.05956024304032326,0.6287215948104858,0.36106014251708984,-0.0549238920211792,e
0.6026443243026733,0.6018387079238892,-6.805326080439045e-08,0.5364745855331421,0.5928703546524048,-0.025468071922659874,0.4742920994758606,0.542229413986206,-0.0468207523226738,0.43235141038894653,0.4899531602859497,-0.07122224569320679,0.4542456865310669,0.46266111731529236,-0.09260312467813492,0.5155861377716064,0.3941730260848999,-0.013029361143708229,0.5099489688873291,0.2978323698043823,-0.04873446747660637,0.5098862051963806,0.29602083563804626,-0.07733424007892609,0.5145735144615173,0.3422367572784424,-0.09194987267255783,0.5570081472396851,0.38073980808258057,-0.01896878518164158,0.5550183653831482,0.26894599199295044,-0.052584294229745865,0.5546154975891113,0.27888017892837524,-0.07562439143657684,0.555259644985199,0.332414835691452,-0.08551505953073502,0.5963348746299744,0.38679999113082886,-0.030069829896092415,0.5935562252998352,0.285625696182251,-0.05204583704471588,0.5940272212028503,0.30201858282089233,-0.05613994225859642,0.5937603116035461,0.35090410709381104,-0.05386378988623619,0.6364063024520874,0.4054301083087921,-0.04492998123168945,0.6342421174049377,0.3204086720943451,-0.05780227109789848,0.6320313215255737,0.32404619455337524,-0.057479377835989,0.6283911466598511,0.36092039942741394,-0.05378361791372299,e
0.6028265953063965,0.6043047904968262,-8.915676374954273e-08,0.5369139313697815,0.5941232442855835,-0.023488624021410942,0.47468599677085876,0.5426958799362183,-0.04420359805226326,0.43366390466690063,0.4927912950515747,-0.06842277944087982,0.45434480905532837,0.466681569814682,-0.08979078382253647,0.5171669721603394,0.394580215215683,-0.013109570369124413,0.5124367475509644,0.29592281579971313,-0.04910026118159294,0.5113706588745117,0.2958577871322632,-0.07756970822811127,0.5153059959411621,0.3451678454875946,-0.09200280904769897,0.5588933825492859,0.38303735852241516,-0.020640019327402115,0.5590091943740845,0.2678903043270111,-0.05469902604818344,0.5570303797721863,0.2809959053993225,-0.07766216993331909,0.556380569934845,0.33534663915634155,-0.08758138120174408,0.5980721116065979,0.3902829885482788,-0.033098552376031876,0.597584068775177,0.28469109535217285,-0.05513342097401619,0.5964270234107971,0.30339497327804565,-0.058554694056510925,0.5951952338218689,0.35371723771095276,-0.05608586594462395,0.6379704475402832,0.41022834181785583,-0.04919207841157913,0.637010931968689,0.32303187251091003,-0.06180810555815697,0.6339950561523438,0.3268425166606903,-0.060830358415842056,0.6301686763763428,0.36306318640708923,-0.05694066733121872,e
0.602968692779541,0.6041555404663086,-8.768652293156265e-08,0.5369982719421387,0.5930390357971191,-0.024192094802856445,0.475486695766449,0.5438768863677979,-0.04540263116359711,0.4346758723258972,0.4943848252296448,-0.06974171102046967,0.45345428586006165,0.46699994802474976,-0.09124252945184708,0.5173110961914062,0.3950544595718384,-0.0146123506128788,0.5121641159057617,0.29665082693099976,-0.05069876089692116,0.5127251744270325,0.2982803285121918,-0.07937315851449966,0.5180224180221558,0.3473122715950012,-0.09400385618209839,0.5588380694389343,0.3829834461212158,-0.02168974280357361,0.5592594146728516,0.2668715715408325,-0.055141620337963104,0.5577977895736694,0.28025388717651367,-0.07794923335313797,0.5565392971038818,0.3336474299430847,-0.08813873678445816,0.5981574058532715,0.39064863324165344,-0.033683206886053085,0.5981457233428955,0.28528714179992676,-0.05567102134227753,0.5971325635910034,0.305098295211792,-0.0593959279358387,0.5947510004043579,0.3543594181537628,-0.05747562274336815,0.6382350325584412,0.4119032323360443,-0.04926628619432449,0.6382279396057129,0.324920117855072,-0.06181115657091141,0.6349112391471863,0.33102378249168396,-0.06050063669681549,0.629956841468811,0.36708301305770874,-0.05667954310774803,e
0.6037986278533936,0.6052838563919067,-9.301857772925359e-08,0.537802517414093,0.5955589413642883,-0.024323370307683945,0.4756909906864166,0.5452820062637329,-0.04542851075530052,0.43453776836395264,0.4948546290397644,-0.06971531361341476,0.454140305519104,0.4682644009590149,-0.09098665416240692,0.5178553462028503,0.39469024538993835,-0.013685653917491436,0.5128273963928223,0.2981625199317932,-0.04977794364094734,0.5124196410179138,0.29904481768608093,-0.07847568392753601,0.5168216228485107,0.34803542494773865,-0.09310204535722733,0.5594319701194763,0.38244399428367615,-0.020710334181785583,0.5590503215789795,0.2691718637943268,-0.0548931285738945,0.5567765235900879,0.2822522521018982,-0.07794703543186188,0.5555294156074524,0.3364202380180359,-0.08797667920589447,0.5985751152038574,0.3901398479938507,-0.03275420144200325,0.5989395380020142,0.28648287057876587,-0.05502605810761452,0.5974510312080383,0.3056480884552002,-0.058352287858724594,0.5950810313224792,0.35528263449668884,-0.055834464728832245,0.6388076543807983,0.41122689843177795,-0.048480287194252014,0.6383432745933533,0.3253084123134613,-0.06100385636091232,0.6353418231010437,0.3293866813182831,-0.05976717546582222,0.6307606101036072,0.36375975608825684,-0.055755943059921265,e
0.6036068797111511,0.606568455696106,-8.172913368298396e-08,0.5384938716888428,0.5959470272064209,-0.022828368470072746,0.47616133093833923,0.5462310910224915,-0.04280756041407585,0.43565061688423157,0.49535220861434937,-0.06607323884963989,0.4527479410171509,0.4680640697479248,-0.08639582246541977,0.5184228420257568,0.3965275287628174,-0.012721293605864048,0.5122069716453552,0.3019337058067322,-0.04765157401561737,0.5130849480628967,0.30129802227020264,-0.0753018707036972,0.5186471343040466,0.347878098487854,-0.08917909115552902,0.5595275163650513,0.38369932770729065,-0.020140592008829117,0.5582523345947266,0.27111440896987915,-0.052423879504203796,0.5576131343841553,0.2807914614677429,-0.07390785962343216,0.5575113892555237,0.33225196599960327,-0.08314424008131027,0.5986199378967285,0.39128610491752625,-0.03244920074939728,0.5991779565811157,0.28784430027008057,-0.05395163968205452,0.5989086031913757,0.30607637763023376,-0.05617283284664154,0.5963190197944641,0.35450249910354614,-0.05296039581298828,0.6385594606399536,0.412563294172287,-0.048313263803720474,0.6391227841377258,0.3269883692264557,-0.06085425615310669,0.636681318283081,0.33078208565711975,-0.05896781012415886,0.6316182613372803,0.36466217041015625,-0.05435965210199356,e
0.6034667491912842,0.6080138683319092,-7.816956326678337e-08,0.5382322072982788,0.597295880317688,-0.024162767454981804,0.4762856960296631,0.5481203198432922,-0.04537612199783325,0.43548890948295593,0.4982883632183075,-0.06959788501262665,0.453395813703537,0.4690777063369751,-0.09092998504638672,0.5178892016410828,0.3990790843963623,-0.015163186006247997,0.5122716426849365,0.30304545164108276,-0.05141930654644966,0.5132904648780823,0.3021364212036133,-0.07999538630247116,0.5187801122665405,0.34840425848960876,-0.09438131004571915,0.5591768026351929,0.38652411103248596,-0.022260107100009918,0.5579786896705627,0.27283549308776855,-0.056329283863306046,0.5575901865959167,0.28397607803344727,-0.07892518490552902,0.5570568442344666,0.33684876561164856,-0.08854680508375168,0.5983015894889832,0.3938390016555786,-0.03424056991934776,0.5985707640647888,0.28884780406951904,-0.05690312758088112,0.5986753106117249,0.30672022700309753,-0.059978511184453964,0.5962392091751099,0.35572099685668945,-0.05709987133741379,0.6380783319473267,0.4149922728538513,-0.04978286847472191,0.6377754211425781,0.3283707797527313,-0.06299905478954315,0.6359497308731079,0.33193859457969666,-0.06155304238200188,0.6313713788986206,0.36620602011680603,-0.05712684988975525,e
0.6026794910430908,0.610001266002655,-6.161478438571066e-08,0.5383188724517822,0.5993614196777344,-0.025855854153633118,0.4768078029155731,0.5485390424728394,-0.0479157380759716,0.4355330467224121,0.498165488243103,-0.07291766256093979,0.45402052998542786,0.4703264832496643,-0.09496024250984192,0.5177540183067322,0.3992447853088379,-0.015681639313697815,0.5123580694198608,0.3023179769515991,-0.05234140157699585,0.5134677886962891,0.30137762427330017,-0.08108332008123398,0.5199295878410339,0.3479827344417572,-0.095698781311512,0.5596604347229004,0.38682660460472107,-0.022327888756990433,0.559640645980835,0.2706664204597473,-0.0572686642408371,0.5583077073097229,0.2831500768661499,-0.08031851798295975,0.5580595135688782,0.3358791768550873,-0.09013330191373825,0.5988979339599609,0.3942902386188507,-0.03404564410448074,0.5997427701950073,0.2882118821144104,-0.05752100422978401,0.598461389541626,0.3093133568763733,-0.06080314889550209,0.5962620973587036,0.35879987478256226,-0.05788732320070267,0.6386655569076538,0.4156333804130554,-0.04947473108768463,0.6385595202445984,0.327978253364563,-0.06288334727287292,0.6360616087913513,0.33397984504699707,-0.06147905811667442,0.6321165561676025,0.36996638774871826,-0.05716449394822121,e
0.6037625074386597,0.6090036630630493,-9.379328247405283e-08,0.5385892391204834,0.5989528894424438,-0.02573668397963047,0.47730162739753723,0.5485492944717407,-0.04748193547129631,0.43693628907203674,0.49966615438461304,-0.07208020985126495,0.4514749348163605,0.46847954392433167,-0.09374094754457474,0.517642617225647,0.3993123769760132,-0.0159669890999794,0.511725664138794,0.302700936794281,-0.05186767503619194,0.5143357515335083,0.3027053773403168,-0.07992897927761078,0.5213280320167542,0.3489813506603241,-0.09420820325613022,0.5589549541473389,0.3861832320690155,-0.022491566836833954,0.557144820690155,0.27210789918899536,-0.056569021195173264,0.5585388541221619,0.2877086400985718,-0.07913381606340408,0.5590316653251648,0.3401932120323181,-0.08898475021123886,0.5978488326072693,0.392743855714798,-0.034042924642562866,0.5981745719909668,0.2886047661304474,-0.0569961741566658,0.5991257429122925,0.3117101788520813,-0.060377299785614014,0.5969716906547546,0.36160388588905334,-0.05809146165847778,0.6375366449356079,0.41330745816230774,-0.04928117245435715,0.6381863355636597,0.32724666595458984,-0.06283855438232422,0.6367157697677612,0.3351935148239136,-0.06181255728006363,0.6322933435440063,0.37169620394706726,-0.05812487006187439,e
0.6040475368499756,0.6090199947357178,-7.85617899623503e-08,0.5391301512718201,0.599108099937439,-0.024918707087635994,0.4758160710334778,0.5487806797027588,-0.04609933868050575,0.4352569282054901,0.4982922077178955,-0.07000463455915451,0.452031672000885,0.4687187075614929,-0.0911242812871933,0.5167989134788513,0.4002716541290283,-0.016435012221336365,0.5113033056259155,0.3042669892311096,-0.05131616070866585,0.5145120620727539,0.30237752199172974,-0.0786789134144783,0.5210204124450684,0.3462879955768585,-0.09273777157068253,0.5585795640945435,0.3871828317642212,-0.02328002080321312,0.5568435788154602,0.2737797796726227,-0.056355755776166916,0.5588722229003906,0.28610682487487793,-0.07829884439706802,0.5595413446426392,0.3374730050563812,-0.08807230740785599,0.5980997085571289,0.3942190706729889,-0.034913625568151474,0.5976092219352722,0.2901726961135864,-0.05762800574302673,0.5991499423980713,0.3108466565608978,-0.06078339368104935,0.596965491771698,0.35980257391929626,-0.05845854431390762,0.6380926370620728,0.4155111312866211,-0.05006684362888336,0.6385980844497681,0.32753682136535645,-0.0636419877409935,0.6375557780265808,0.3344414532184601,-0.06216989830136299,0.6326942443847656,0.37110382318496704,-0.05821061506867409,e
0.6043887734413147,0.6085454225540161,-3.007774651564432e-08,0.5386189818382263,0.6009076833724976,-0.028342289850115776,0.4748085141181946,0.5500509142875671,-0.0511997789144516,0.4328489899635315,0.49827641248703003,-0.07642723619937897,0.45460081100463867,0.4701426327228546,-0.09879893064498901,0.5164799690246582,0.40085163712501526,-0.018197093158960342,0.5116997361183167,0.30719316005706787,-0.05480657517910004,0.5140970349311829,0.30152684450149536,-0.08420424163341522,0.519874632358551,0.3437061011791229,-0.09988204389810562,0.5589509606361389,0.3868236541748047,-0.023876046761870384,0.5574896335601807,0.2737264931201935,-0.06010502204298973,0.5590736865997314,0.2839201092720032,-0.0852430909872055,0.5593587160110474,0.3369312882423401,-0.09680075198411942,0.5985615253448486,0.39366036653518677,-0.034565094858407974,0.5985609889030457,0.2909393310546875,-0.05951526761054993,0.6004488468170166,0.3118632137775421,-0.064352847635746,0.5982578992843628,0.3630177676677704,-0.062458720058202744,0.6384440064430237,0.4145354628562927,-0.04905011132359505,0.6383123397827148,0.32827290892601013,-0.0641600489616394,0.6386977434158325,0.3342997431755066,-0.06416909396648407,0.6347126960754395,0.3716451823711395,-0.06087809428572655,e
0.6040158867835999,0.6085419654846191,-7.515404831792694e-08,0.5386245846748352,0.6005355715751648,-0.026881331577897072,0.4752478301525116,0.5502204895019531,-0.04894368723034859,0.4332621693611145,0.5005510449409485,-0.07358512282371521,0.45252692699432373,0.47288209199905396,-0.09554053097963333,0.5160395503044128,0.40112441778182983,-0.017399439588189125,0.5116254091262817,0.30574333667755127,-0.0538027361035347,0.5123507380485535,0.3024858236312866,-0.08294027298688889,0.5171599388122559,0.3464992940425873,-0.09832440316677094,0.5581140518188477,0.3886728882789612,-0.02376657724380493,0.5574182868003845,0.2737836241722107,-0.05928872525691986,0.55720055103302,0.28886669874191284,-0.08391286432743073,0.5568622350692749,0.3428608179092407,-0.09505321830511093,0.5974910855293274,0.3960670232772827,-0.035003308206796646,0.5989336371421814,0.2916329801082611,-0.059336721897125244,0.5984417796134949,0.31184065341949463,-0.0652679055929184,0.5963829755783081,0.3629380762577057,-0.06428569555282593,0.6371446251869202,0.41776221990585327,-0.04986517131328583,0.6368306875228882,0.3310818672180176,-0.06449776887893677,0.6350035667419434,0.3358754813671112,-0.06525997817516327,0.6312181353569031,0.3729577660560608,-0.06265442073345184,e
0.6034595966339111,0.6088975071907043,-7.413165548086909e-08,0.5382682681083679,0.600487470626831,-0.02487318031489849,0.4736218750476837,0.5491935014724731,-0.04593503102660179,0.43168026208877563,0.4980928897857666,-0.06986188888549805,0.45319101214408875,0.4746614396572113,-0.091095469892025,0.5133124589920044,0.40218639373779297,-0.014884183183312416,0.5087284445762634,0.3050021529197693,-0.05071471631526947,0.5093532800674438,0.30332043766975403,-0.07931075245141983,0.514515221118927,0.34966593980789185,-0.09433159232139587,0.5560421943664551,0.38909465074539185,-0.022181939333677292,0.555260181427002,0.27324461936950684,-0.05812671780586243,0.5550438761711121,0.2873780131340027,-0.08255249261856079,0.5563862919807434,0.3433348834514618,-0.09319175779819489,0.5954446792602539,0.3959534466266632,-0.03430107235908508,0.5932256579399109,0.2899702191352844,-0.05810065567493439,0.5941001772880554,0.3093462884426117,-0.06295055896043777,0.5948646664619446,0.35961973667144775,-0.06121047958731651,0.6351503133773804,0.41581931710243225,-0.04999344423413277,0.6303625106811523,0.32855719327926636,-0.06430411338806152,0.6309980750083923,0.33250001072883606,-0.06445199996232986,0.6317638158798218,0.3684404492378235,-0.06133652850985527,e
0.6032270193099976,0.608466625213623,-8.494048842067059e-08,0.5365813374519348,0.6004104614257812,-0.02332375757396221,0.47336679697036743,0.5511302351951599,-0.04316231608390808,0.43316909670829773,0.5035706758499146,-0.0661105290055275,0.4514208137989044,0.4756266474723816,-0.08632924407720566,0.5139604806900024,0.4015355110168457,-0.011957263574004173,0.5083750486373901,0.3072255551815033,-0.04666050896048546,0.5064236521720886,0.3027712106704712,-0.07454551756381989,0.511109471321106,0.3472517728805542,-0.08900687843561172,0.5558059811592102,0.38875260949134827,-0.01979941874742508,0.5534213781356812,0.27569302916526794,-0.05371318385004997,0.5517218112945557,0.28845906257629395,-0.07710804790258408,0.5537278056144714,0.341763436794281,-0.08713269233703613,0.5952765345573425,0.39580580592155457,-0.03245976194739342,0.5929258465766907,0.2952846884727478,-0.05557239055633545,0.591925859451294,0.3130328059196472,-0.060017574578523636,0.5927245616912842,0.3615524172782898,-0.058023851364851,0.6352578997612,0.41631194949150085,-0.04855513200163841,0.6322440505027771,0.33355945348739624,-0.0627720057964325,0.630094051361084,0.3393859267234802,-0.062296800315380096,0.6288995146751404,0.37688159942626953,-0.05846039205789566,e
0.6020382642745972,0.6070985794067383,-9.1439559923856e-08,0.5366124510765076,0.6006028056144714,-0.02624419331550598,0.47331365942955017,0.5488470792770386,-0.04732756316661835,0.4333345890045166,0.5028175711631775,-0.0708155408501625,0.45180922746658325,0.4744158685207367,-0.09160837531089783,0.513797402381897,0.4024721086025238,-0.019810518249869347,0.5071539878845215,0.3039228618144989,-0.05527548864483833,0.5073786377906799,0.3023190498352051,-0.08312580734491348,0.51350998878479,0.35056132078170776,-0.09762648493051529,0.5558344125747681,0.38981133699417114,-0.02639564499258995,0.5512832999229431,0.27801817655563354,-0.06093714386224747,0.5537935495376587,0.2906120717525482,-0.0863155797123909,0.5578373670578003,0.3461490273475647,-0.09857077151536942,0.5962179899215698,0.3963368237018585,-0.03750668838620186,0.5943717360496521,0.29339683055877686,-0.062233615666627884,0.5972642302513123,0.30573803186416626,-0.07068605720996857,0.5999049544334412,0.3584328591823578,-0.07185809314250946,0.636726438999176,0.41522902250289917,-0.052013810724020004,0.6371145844459534,0.3271143138408661,-0.06969916075468063,0.6386773586273193,0.32600313425064087,-0.07338618487119675,0.6388581395149231,0.3653324246406555,-0.07250450551509857,e
0.6021120548248291,0.6095033884048462,-8.429478981497596e-08,0.5358793139457703,0.6001876592636108,-0.02471507526934147,0.4738265872001648,0.5501181483268738,-0.046027734875679016,0.4348461925983429,0.5047358274459839,-0.06982903182506561,0.4500688910484314,0.47265347838401794,-0.09060236811637878,0.5139578580856323,0.40295952558517456,-0.018781285732984543,0.5095260143280029,0.3050794303417206,-0.05538654699921608,0.5084525346755981,0.3062132000923157,-0.08412996679544449,0.5130160450935364,0.35646891593933105,-0.09857240319252014,0.5563644170761108,0.391115665435791,-0.026012906804680824,0.5553150177001953,0.27797257900238037,-0.06085481122136116,0.5538665056228638,0.29006487131118774,-0.08596759289503098,0.5546186566352844,0.3454017639160156,-0.09769090265035629,0.5965210795402527,0.3977510333061218,-0.03780285641551018,0.59623122215271,0.2933962345123291,-0.06105980649590492,0.5956083536148071,0.3051333427429199,-0.06777936220169067,0.5954269170761108,0.355115681886673,-0.06791573762893677,0.6369377970695496,0.417167067527771,-0.05296558514237404,0.6385173797607422,0.32915276288986206,-0.06797197461128235,0.638139009475708,0.32485508918762207,-0.06955443322658539,0.6362519860267639,0.35710281133651733,-0.06734561920166016,e
0.6024746894836426,0.6108217239379883,-3.24587610123217e-08,0.5366111993789673,0.6038978099822998,-0.02630700170993805,0.4737893342971802,0.5497820377349854,-0.04744463413953781,0.4340027868747711,0.502968430519104,-0.07071530818939209,0.4512571692466736,0.4748557507991791,-0.09156356751918793,0.5138833522796631,0.40466853976249695,-0.019206497818231583,0.50906902551651,0.3098253607749939,-0.05651727691292763,0.51004958152771,0.3004966378211975,-0.08715347200632095,0.5154876112937927,0.34063634276390076,-0.10354200750589371,0.5561949610710144,0.3915255069732666,-0.02604493498802185,0.5534307956695557,0.2814787030220032,-0.06334546953439713,0.556433379650116,0.2876242399215698,-0.09076135605573654,0.5583889484405518,0.33961278200149536,-0.10396786779165268,0.5952016711235046,0.39723971486091614,-0.03756677359342575,0.5986652970314026,0.2924388647079468,-0.06429799646139145,0.6027036905288696,0.3020251989364624,-0.07311277836561203,0.602310299873352,0.351293683052063,-0.07412232458591461,0.6337215900421143,0.41669586300849915,-0.05240098387002945,0.6351040601730347,0.3312422037124634,-0.0712057426571846,0.6391504406929016,0.32890188694000244,-0.07464753836393356,0.6389580965042114,0.36285626888275146,-0.07338573783636093,e
0.6007700562477112,0.6113262176513672,-3.2867781385448325e-08,0.5354350209236145,0.6029539108276367,-0.026136722415685654,0.47342899441719055,0.5490652918815613,-0.048023857176303864,0.4311239719390869,0.5008543133735657,-0.07198157161474228,0.45168501138687134,0.47635069489479065,-0.09342260658740997,0.512660801410675,0.4030781388282776,-0.016781941056251526,0.5109124183654785,0.31121960282325745,-0.05230563506484032,0.5064306259155273,0.3028939962387085,-0.08234111219644547,0.5070396065711975,0.33906081318855286,-0.09895621240139008,0.5536415576934814,0.38984307646751404,-0.0234537310898304,0.5537024736404419,0.2818150818347931,-0.05789538100361824,0.5494133234024048,0.2864013612270355,-0.08263254165649414,0.5465826392173767,0.33694133162498474,-0.09433197975158691,0.5929132699966431,0.3959612250328064,-0.03495931252837181,0.5943997502326965,0.28995481133461,-0.05821510776877403,0.5917292833328247,0.298745334148407,-0.06392255425453186,0.5886157155036926,0.34564635157585144,-0.06357502192258835,0.6334961652755737,0.41618579626083374,-0.05007576942443848,0.632752001285553,0.32972174882888794,-0.06551038473844528,0.6307914853096008,0.3318237066268921,-0.066155344247818,0.6273759007453918,0.36783793568611145,-0.06334938853979111,e
0.6000645160675049,0.6122266054153442,7.311967209489012e-08,0.534608006477356,0.6001396179199219,-0.023855892941355705,0.47462475299835205,0.5514453649520874,-0.0428055115044117,0.43521127104759216,0.5063718557357788,-0.06243661046028137,0.44970202445983887,0.4782499372959137,-0.08048932254314423,0.5130854249000549,0.40557289123535156,-0.015320797450840473,0.5116313695907593,0.3156537413597107,-0.04170345887541771,0.5072001814842224,0.289824903011322,-0.06512283533811569,0.5058233737945557,0.2939353585243225,-0.07933104783296585,0.5534788370132446,0.3930436074733734,-0.02092195674777031,0.5521678924560547,0.2932184934616089,-0.04379519447684288,0.5491015315055847,0.2786967158317566,-0.05978073552250862,0.5448115468025208,0.2992713451385498,-0.06852585822343826,0.5931487679481506,0.3987429141998291,-0.03108886629343033,0.5943629741668701,0.30045652389526367,-0.0511757917702198,0.590353786945343,0.2932592034339905,-0.05711173266172409,0.5850726366043091,0.31887516379356384,-0.05872979387640953,0.6338198781013489,0.4209786653518677,-0.044187650084495544,0.6338253021240234,0.3408759534358978,-0.06081762537360191,0.6310321092605591,0.33573853969573975,-0.06229683756828308,0.6269180178642273,0.35799381136894226,-0.06072862073779106,e
0.6002202033996582,0.6143070459365845,8.256219530267117e-08,0.5339837074279785,0.6044496893882751,-0.02343674935400486,0.47318270802497864,0.5525014400482178,-0.04280829429626465,0.43333545327186584,0.5024628043174744,-0.06331048905849457,0.45533043146133423,0.47691264748573303,-0.08190181851387024,0.5139577984809875,0.40832167863845825,-0.015771154314279556,0.5147836208343506,0.3157010078430176,-0.04448435455560684,0.5082953572273254,0.29220324754714966,-0.06851277500391006,0.5060954689979553,0.3029923439025879,-0.08230116218328476,0.5547676682472229,0.3947886824607849,-0.021559588611125946,0.5554875135421753,0.28758180141448975,-0.04845620319247246,0.5499662160873413,0.2773415446281433,-0.0655110627412796,0.5450844764709473,0.307644784450531,-0.0732714831829071,0.5935285687446594,0.39872539043426514,-0.0319095104932785,0.5971236824989319,0.2922455668449402,-0.05198423191905022,0.5916511416435242,0.28616926074028015,-0.05696345120668411,0.5859736204147339,0.3159438967704773,-0.05705850198864937,0.6332376599311829,0.41724079847335815,-0.045334041118621826,0.6327072381973267,0.3323191702365875,-0.06047657132148743,0.6288068890571594,0.3255540430545807,-0.06201796606183052,0.6238653659820557,0.34855031967163086,-0.06022651121020317,e
0.6024815440177917,0.6186710000038147,1.0661234739473002e-07,0.5351617932319641,0.6055639982223511,-0.022839637473225594,0.47533419728279114,0.5546213388442993,-0.04184676334261894,0.4348044991493225,0.5069293975830078,-0.06228655204176903,0.45183759927749634,0.4799019396305084,-0.08064290136098862,0.5133406519889832,0.41057783365249634,-0.012575780972838402,0.5145890116691589,0.31966066360473633,-0.04227462783455849,0.5097283720970154,0.29232650995254517,-0.06778288632631302,0.5072810053825378,0.30339178442955017,-0.08182474225759506,0.5540025234222412,0.39728590846061707,-0.018210312351584435,0.5540594458580017,0.2949719727039337,-0.045103881508111954,0.5500975847244263,0.2768973708152771,-0.06350526213645935,0.5456205010414124,0.30520257353782654,-0.07187022268772125,0.5928394794464111,0.40141233801841736,-0.028613125905394554,0.5943997502326965,0.30198556184768677,-0.048706259578466415,0.5897868871688843,0.2896868586540222,-0.05374966934323311,0.5847693085670471,0.3173353970050812,-0.05307022109627724,0.6330546140670776,0.4195534884929657,-0.042184725403785706,0.6334072351455688,0.3379109501838684,-0.05804535374045372,0.6293705105781555,0.322099894285202,-0.06015780195593834,0.6242436170578003,0.33733195066452026,-0.05773145332932472,e
