0.5051952600479126,0.9871119856834412,-1.54734792090494e-07,0.5287298560142517,0.9519360661506653,-0.009014110080897808,0.5357145667076111,0.9026579260826111,-0.012193705886602402,0.5335065126419067,0.8656918406486511,-0.017346542328596115,0.5312947034835815,0.8389737606048584,-0.022335883229970932,0.5034310221672058,0.8733828663825989,-0.001157653285190463,0.4837532937526703,0.8318583965301514,-0.01666267216205597,0.47798076272010803,0.8254694938659668,-0.026548141613602638,0.4789358675479889,0.831449568271637,-0.030819479376077652,0.4821262061595917,0.8883286118507385,-0.002904342720285058,0.4744453430175781,0.8661754727363586,-0.024620428681373596,0.4867820143699646,0.898603081703186,-0.03280455619096756,0.4971669018268585,0.9259251952171326,-0.032148297876119614,0.4649898111820221,0.9081693291664124,-0.006710526533424854,0.45773956179618835,0.8962600231170654,-0.02881171554327011,0.4724920392036438,0.9308280944824219,-0.027147658169269562,0.48369044065475464,0.9565353989601135,-0.019025370478630066,0.4503454566001892,0.93202143907547,-0.011001384817063808,0.4435581564903259,0.9231146574020386,-0.025062547996640205,0.4567992091178894,0.9469966888427734,-0.020756298676133156,0.46756696701049805,0.9647634625434875,-0.01275782473385334,v
0.4921170473098755,0.9791659116744995,3.545028732787614e-07,0.5169282555580139,0.9592532515525818,-0.015162750147283077,0.5226214528083801,0.924748957157135,-0.020961986854672432,0.5111575722694397,0.9038273692131042,-0.027299892157316208,0.49406400322914124,0.8950813412666321,-0.033580489456653595,0.5209963321685791,0.863325297832489,-0.005727058742195368,0.5276808738708496,0.8272444009780884,-0.018403317779302597,0.5295377969741821,0.8008126616477966,-0.02744254469871521,0.5306634306907654,0.7801516056060791,-0.032339807599782944,0.4926055669784546,0.8604043126106262,-0.00620726402848959,0.4862808585166931,0.8136378526687622,-0.021359680220484734,0.47757068276405334,0.7876728773117065,-0.02912885695695877,0.47149941325187683,0.769332766532898,-0.03050561435520649,0.46802687644958496,0.872665286064148,-0.00901907030493021,0.4527484178543091,0.8553318381309509,-0.032843101769685745,0.46036210656166077,0.8940438628196716,-0.03517990931868553,0.47086089849472046,0.9238723516464233,-0.027963146567344666,0.44801753759384155,0.8946664333343506,-0.012525166384875774,0.4376702904701233,0.8870075941085815,-0.031723059713840485,0.446571409702301,0.9138392806053162,-0.029768066480755806,0.4584745168685913,0.9349121451377869,-0.022087493911385536,v
0.49269232153892517,0.985007643699646,2.6007290898633073e-07,0.5168354511260986,0.9669411182403564,-0.01878919079899788,0.5272024273872375,0.9372202157974243,-0.027830088511109352,0.5226878523826599,0.917963981628418,-0.036593057215213776,0.5136833786964417,0.9026849865913391,-0.04493962600827217,0.524320125579834,0.8689641952514648,-0.012562613934278488,0.5300266742706299,0.8296183347702026,-0.026454567909240723,0.5317022800445557,0.8012015223503113,-0.0359179824590683,0.5316001176834106,0.7797892689704895,-0.04139556735754013,0.4966600239276886,0.865622878074646,-0.013172122649848461,0.48811113834381104,0.8159821033477783,-0.02979298308491707,0.47726917266845703,0.7907424569129944,-0.03832971677184105,0.46687713265419006,0.773025631904602,-0.04033549875020981,0.47158679366111755,0.8777767419815063,-0.016203302890062332,0.4550771117210388,0.8563712239265442,-0.039380479604005814,0.46322154998779297,0.8925436735153198,-0.04157077148556709,0.47271233797073364,0.9193120002746582,-0.03537682443857193,0.45058178901672363,0.9001290202140808,-0.020527586340904236,0.4371565580368042,0.8876491785049438,-0.03926869481801987,0.4461986720561981,0.9135952591896057,-0.037891190499067307,0.4574238359928131,0.9330348968505859,-0.031378816813230515,v
0.4869173765182495,0.9573367834091187,4.027709508136468e-07,0.5096877217292786,0.9406822919845581,-0.019418977200984955,0.5201089978218079,0.9141517877578735,-0.030139943584799767,0.5066413283348083,0.9003535509109497,-0.0406324602663517,0.48826590180397034,0.8901078701019287,-0.05090419203042984,0.5197229981422424,0.8393158912658691,-0.013048886321485043,0.5271962881088257,0.7992293238639832,-0.028529828414320946,0.5305624008178711,0.7684988975524902,-0.04003708437085152,0.5319458842277527,0.7427603006362915,-0.046652719378471375,0.4917691946029663,0.8338651061058044,-0.013808679766952991,0.4843696355819702,0.7815669178962708,-0.03155127167701721,0.47343218326568604,0.7523410320281982,-0.04255882278084755,0.4636014401912689,0.7304249405860901,-0.04602191224694252,0.4664343297481537,0.844152569770813,-0.016734285280108452,0.45098674297332764,0.8250141143798828,-0.040843263268470764,0.45575839281082153,0.8620604276657104,-0.04418378323316574,0.4624483287334442,0.8893536925315857,-0.03815743327140808,0.44485533237457275,0.8659788966178894,-0.02093673124909401,0.43312206864356995,0.8551000952720642,-0.039739254862070084,0.44015252590179443,0.8836910724639893,-0.03731662780046463,0.45005184412002563,0.9057174921035767,-0.029472168534994125,v
0.4838712811470032,0.930800199508667,4.135791300541314e-07,0.508027195930481,0.9137551784515381,-0.019304534420371056,0.5176498889923096,0.8875926733016968,-0.030675962567329407,0.5027390122413635,0.8738225698471069,-0.04202204570174217,0.484192430973053,0.8610750436782837,-0.05321618542075157,0.5175536274909973,0.811639130115509,-0.015026913024485111,0.5271047353744507,0.7680884599685669,-0.031907130032777786,0.5318570733070374,0.7350771427154541,-0.044157832860946655,0.5339884161949158,0.7063964605331421,-0.05111159756779671,0.4888158440589905,0.8056859374046326,-0.016831174492836,0.4819190800189972,0.7484762668609619,-0.035439737141132355,0.46999281644821167,0.7132378816604614,-0.04691385477781296,0.4580098092556,0.6845437288284302,-0.05085890367627144,0.46383771300315857,0.8168491125106812,-0.020738650113344193,0.44763466715812683,0.7960963249206543,-0.04595618695020676,0.45574912428855896,0.8348912596702576,-0.04877948760986328,0.4637497365474701,0.8628239035606384,-0.041972413659095764,0.44294458627700806,0.8406742215156555,-0.025884808972477913,0.430916965007782,0.8222329616546631,-0.0440688394010067,0.4399171471595764,0.8501654863357544,-0.03961168974637985,0.4501075744628906,0.8729923367500305,-0.030301176011562347,v
0.4832881987094879,0.9047175645828247,4.1676378259580815e-07,0.5074023008346558,0.8848929405212402,-0.01806281879544258,0.517066240310669,0.8559443950653076,-0.028184976428747177,0.5009757876396179,0.8395072817802429,-0.038542650640010834,0.4804109036922455,0.826701283454895,-0.04847584664821625,0.5179418325424194,0.7774386405944824,-0.012929879128932953,0.5289368629455566,0.7289212346076965,-0.029376046732068062,0.5335844159126282,0.6949543952941895,-0.04067245498299599,0.53536057472229,0.6672256588935852,-0.04690628498792648,0.4890693128108978,0.7721637487411499,-0.014916133135557175,0.4819449186325073,0.7145692110061646,-0.03252243995666504,0.4709528982639313,0.6783193349838257,-0.043613251298666,0.4605678617954254,0.6477194428443909,-0.047762732952833176,0.4637663662433624,0.7851637005805969,-0.019081760197877884,0.449261873960495,0.7625566124916077,-0.043272268027067184,0.4574110209941864,0.7966632843017578,-0.046766869723796844,0.46629002690315247,0.8204185366630554,-0.04104394093155861,0.44254234433174133,0.8101654648780823,-0.02444855496287346,0.4319741427898407,0.7936897277832031,-0.042361918836832047,0.44028836488723755,0.8180631995201111,-0.039272017776966095,0.45065808296203613,0.836791455745697,-0.03124195523560047,v
0.4842042922973633,0.8792585134506226,4.470464602945867e-07,0.5081076622009277,0.8591054677963257,-0.0204037893563509,0.5173969268798828,0.8281513452529907,-0.031672973185777664,0.5029802918434143,0.8072594404220581,-0.042825546115636826,0.48430195450782776,0.7916893362998962,-0.05319962278008461,0.5187522172927856,0.7478809356689453,-0.015558021143078804,0.5305240750312805,0.6978771686553955,-0.03331446647644043,0.5362567901611328,0.6637309789657593,-0.045207735151052475,0.5397589206695557,0.6350902915000916,-0.05161280930042267,0.4896363615989685,0.7427688837051392,-0.01708318293094635,0.4808448851108551,0.6809537410736084,-0.03637199476361275,0.47013410925865173,0.6404205560684204,-0.04783233627676964,0.4609096050262451,0.6063432693481445,-0.05172126367688179,0.46416929364204407,0.7570093274116516,-0.020990299060940742,0.4502483904361725,0.7335458397865295,-0.04869334027171135,0.4578685164451599,0.7712103128433228,-0.05288571119308472,0.46625810861587524,0.7986627221107483,-0.04629705101251602,0.4435634911060333,0.783312976360321,-0.026146646589040756,0.43350014090538025,0.7693557143211365,-0.04748472198843956,0.44127678871154785,0.7958053350448608,-0.04544464871287346,0.450807124376297,0.8165625333786011,-0.03716731816530228,v
0.48390066623687744,0.8577803373336792,4.555577106657438e-07,0.5091378688812256,0.8342759609222412,-0.01802080310881138,0.5172687768936157,0.7992696166038513,-0.026856448501348495,0.49991515278816223,0.7780237197875977,-0.036080703139305115,0.47964856028556824,0.7654632925987244,-0.04462992399930954,0.5191925168037415,0.7222918272018433,-0.01256602630019188,0.5342444181442261,0.6666558980941772,-0.028751401230692863,0.541449785232544,0.6292836666107178,-0.03893391788005829,0.5462826490402222,0.5993381142616272,-0.043887946754693985,0.4908510446548462,0.7175633907318115,-0.014093122445046902,0.48397400975227356,0.6533879637718201,-0.031613048166036606,0.47528740763664246,0.6109267473220825,-0.0417918935418129,0.468150794506073,0.5764548778533936,-0.04471928998827934,0.4667454957962036,0.731441855430603,-0.017874211072921753,0.4512682557106018,0.7089385390281677,-0.04263701289892197,0.45553058385849,0.743576169013977,-0.04658050462603569,0.4620307385921478,0.7703344821929932,-0.04004974290728569,0.4478210508823395,0.7572261691093445,-0.022817406803369522,0.435994029045105,0.7434597015380859,-0.039969999343156815,0.4414065182209015,0.7662768959999084,-0.036907266825437546,0.44930872321128845,0.7855410575866699,-0.028452271595597267,v
0.48552992939949036,0.8401241898536682,4.584408372920734e-07,0.510759174823761,0.8178751468658447,-0.020253600552678108,0.5193630456924438,0.7808894515037537,-0.03006085567176342,0.5076910257339478,0.7557289600372314,-0.04001793637871742,0.4922657012939453,0.7388415932655334,-0.04908858612179756,0.5219686031341553,0.6994209289550781,-0.013717107474803925,0.5370978713035583,0.6423065066337585,-0.031085101887583733,0.5448562502861023,0.6038894057273865,-0.04214911535382271,0.5497971177101135,0.5721316933631897,-0.047583483159542084,0.4933815896511078,0.694580614566803,-0.015030116774141788,0.48622459173202515,0.62700355052948,-0.034214120358228683,0.4776615798473358,0.5832240581512451,-0.04477576166391373,0.4702826738357544,0.5472220182418823,-0.04745973274111748,0.4687087833881378,0.708548367023468,-0.018935013562440872,0.4526539146900177,0.6831086277961731,-0.04727434739470482,0.457522988319397,0.7229861617088318,-0.051167745143175125,0.46439826488494873,0.7532246708869934,-0.04332665726542473,0.44948557019233704,0.7346506714820862,-0.024088606238365173,0.4376029968261719,0.7162491679191589,-0.04479336366057396,0.44376811385154724,0.7442511916160583,-0.04171079769730568,0.45166993141174316,0.767916202545166,-0.03223920613527298,v
0.4837816655635834,0.8077829480171204,4.775789079758397e-07,0.5088582634925842,0.7819393873214722,-0.02065422758460045,0.5134199261665344,0.7403380274772644,-0.029658757150173187,0.4937502443790436,0.7056502103805542,-0.038459792733192444,0.47117680311203003,0.6831302046775818,-0.04608146473765373,0.5237038135528564,0.662337601184845,-0.012629074044525623,0.540754497051239,0.6016805768013,-0.03029441274702549,0.550055205821991,0.5597904920578003,-0.0412079282104969,0.555884838104248,0.5259672999382019,-0.04633154720067978,0.495805948972702,0.6568124890327454,-0.012623517774045467,0.49150821566581726,0.5911569595336914,-0.03210293874144554,0.4847681522369385,0.5470108389854431,-0.04242389649152756,0.4784373939037323,0.50948566198349,-0.04489242658019066,0.4721883237361908,0.6699793934822083,-0.015420623123645782,0.4554764926433563,0.6455420851707458,-0.04432849586009979,0.461581289768219,0.6837635040283203,-0.04881396144628525,0.46974819898605347,0.7130367159843445,-0.04122752696275711,0.45343491435050964,0.6948038339614868,-0.01946651004254818,0.4410974085330963,0.6759209632873535,-0.04061656817793846,0.4460602402687073,0.699836015701294,-0.0390155129134655,0.45337072014808655,0.7208426594734192,-0.030662141740322113,v
0.4851715564727783,0.8056783080101013,4.224434917432518e-07,0.5104200839996338,0.7799178957939148,-0.02150687575340271,0.5159280300140381,0.7370392084121704,-0.03060155175626278,0.4958209991455078,0.7033387422561646,-0.039354946464300156,0.473371297121048,0.6820846199989319,-0.046695176512002945,0.5228319764137268,0.6603614091873169,-0.013621910475194454,0.5397914052009583,0.6000665426254272,-0.03083333559334278,0.5491049885749817,0.5601334571838379,-0.04139777272939682,0.5548298358917236,0.5281501412391663,-0.04628736525774002,0.4950927793979645,0.6550251245498657,-0.014060772955417633,0.4880675673484802,0.5837512016296387,-0.033264391124248505,0.48105257749557495,0.5381078720092773,-0.04366996884346008,0.47450175881385803,0.5017119646072388,-0.04596702754497528,0.4715052545070648,0.6685351729393005,-0.017312297597527504,0.45528915524482727,0.6444070339202881,-0.04577034339308739,0.46200886368751526,0.683077871799469,-0.05082137510180473,0.4696842133998871,0.7125242352485657,-0.04360903054475784,0.4529670178890228,0.6929680705070496,-0.021959790959954262,0.44074904918670654,0.6756153702735901,-0.04232173413038254,0.44604218006134033,0.7002738118171692,-0.04084764048457146,0.45320990681648254,0.7211069464683533,-0.03282109275460243,v
0.4868333339691162,0.7922327518463135,4.558501984774921e-07,0.5105400681495667,0.7675382494926453,-0.022492852061986923,0.5149071216583252,0.7228356003761292,-0.03155577555298805,0.49485450983047485,0.6870449185371399,-0.040113963186740875,0.4722009003162384,0.6621728539466858,-0.04711373522877693,0.5239866971969604,0.6442292332649231,-0.012494867667555809,0.5403659343719482,0.5851163864135742,-0.030309701338410378,0.5496186017990112,0.5450450778007507,-0.041211437433958054,0.5556656718254089,0.5124549865722656,-0.04615062475204468,0.49647578597068787,0.6377747058868408,-0.01281378511339426,0.4893139600753784,0.5641593337059021,-0.032894864678382874,0.48276451230049133,0.5172449946403503,-0.04344886913895607,0.47686439752578735,0.47879135608673096,-0.045389581471681595,0.47278353571891785,0.6516953110694885,-0.016287149861454964,0.4554644227027893,0.6295783519744873,-0.04741044342517853,0.4619353711605072,0.6720831394195557,-0.05290469899773598,0.46928977966308594,0.7027848958969116,-0.04486691579222679,0.4539773166179657,0.6764510869979858,-0.021045496687293053,0.44130563735961914,0.6590412259101868,-0.04357633739709854,0.4470767080783844,0.6878575086593628,-0.041890621185302734,0.4543669819831848,0.7103232145309448,-0.033031560480594635,v
0.4866824746131897,0.7807245254516602,4.530605792751885e-07,0.5093831419944763,0.7541236281394958,-0.021362651139497757,0.5135773420333862,0.7095197439193726,-0.030446888878941536,0.49476709961891174,0.6719639897346497,-0.03947944939136505,0.47211384773254395,0.6470293998718262,-0.0469488725066185,0.5239432454109192,0.6297488212585449,-0.01225306373089552,0.5417014956474304,0.5676284432411194,-0.029958633705973625,0.5513295531272888,0.5266146659851074,-0.04052363336086273,0.5572690963745117,0.4936628043651581,-0.04510229080915451,0.4962541162967682,0.6250675916671753,-0.012981114909052849,0.48899978399276733,0.5503982305526733,-0.033492762595415115,0.4833448529243469,0.5018744468688965,-0.04449763521552086,0.4782381057739258,0.46206367015838623,-0.046758994460105896,0.47244158387184143,0.6397268176078796,-0.01661357656121254,0.45767390727996826,0.6171091794967651,-0.04740872234106064,0.46433016657829285,0.6589783430099487,-0.05292818322777748,0.4707186818122864,0.6899462938308716,-0.04498646408319473,0.4541170299053192,0.6644518375396729,-0.02146497741341591,0.44418904185295105,0.6476904153823853,-0.04295940697193146,0.4495273232460022,0.6747024655342102,-0.041048113256692886,0.4553237557411194,0.6969637870788574,-0.0321740098297596,v
0.4890678822994232,0.7707668542861938,4.3987336084683193e-07,0.5132153630256653,0.7420969605445862,-0.021070636808872223,0.516764760017395,0.6957428455352783,-0.030415773391723633,0.4943462610244751,0.6578629612922668,-0.03972698375582695,0.47049158811569214,0.632259726524353,-0.04752745479345322,0.5258706212043762,0.6179148554801941,-0.012962047941982746,0.5432620644569397,0.556850016117096,-0.03089265711605549,0.5525894165039062,0.5164545774459839,-0.04168962314724922,0.5584487318992615,0.48395779728889465,-0.04654904082417488,0.4973640441894531,0.6141670942306519,-0.01416525337845087,0.48943352699279785,0.5388365983963013,-0.035141535103321075,0.48423054814338684,0.49097540974617004,-0.046553272753953934,0.4795038402080536,0.4522697329521179,-0.04922311380505562,0.47306308150291443,0.6296139359474182,-0.018148250877857208,0.45999762415885925,0.607525646686554,-0.04949690029025078,0.46877190470695496,0.6489259600639343,-0.055082060396671295,0.47581684589385986,0.6799436211585999,-0.04725298658013344,0.45438048243522644,0.6546738743782043,-0.02329038456082344,0.4469622075557709,0.6350595951080322,-0.04508218169212341,0.454172283411026,0.6613022089004517,-0.043026428669691086,0.46064266562461853,0.68380206823349,-0.034151289612054825,v
0.4901011288166046,0.7648727297782898,4.558321791137132e-07,0.5132917761802673,0.7371487617492676,-0.023499077185988426,0.5182719826698303,0.6922410130500793,-0.03393019735813141,0.49990054965019226,0.6537590026855469,-0.04388660565018654,0.4755430817604065,0.6268256902694702,-0.0521756112575531,0.5270150899887085,0.6083780527114868,-0.013865640386939049,0.5437661409378052,0.547592043876648,-0.03161158412694931,0.5534578561782837,0.5078495144844055,-0.04282163828611374,0.5601131916046143,0.47540557384490967,-0.04820998013019562,0.49837401509284973,0.6051410436630249,-0.014242350123822689,0.489351749420166,0.5301287174224854,-0.034454286098480225,0.4842580258846283,0.48216044902801514,-0.04572606086730957,0.47967222332954407,0.44352805614471436,-0.04863728582859039,0.47356677055358887,0.6224297881126404,-0.017713183537125587,0.45963552594184875,0.598113477230072,-0.049381595104932785,0.46821433305740356,0.6406459808349609,-0.05521300435066223,0.4753207266330719,0.6725561022758484,-0.04761844128370285,0.45477813482284546,0.649681568145752,-0.02257860079407692,0.44595593214035034,0.6302710771560669,-0.04604948312044144,0.45271918177604675,0.6583161950111389,-0.04487915709614754,0.4590008556842804,0.6823614835739136,-0.036428052932024,v
0.48883727192878723,0.7609173059463501,4.4581835823009897e-07,0.5127682089805603,0.7317340970039368,-0.02179092727601528,0.5171586275100708,0.6854129433631897,-0.0315098837018013,0.4984528124332428,0.6459826827049255,-0.04112831503152847,0.475287526845932,0.6189166903495789,-0.04913447052240372,0.5274611115455627,0.6057418584823608,-0.012802688404917717,0.5450750589370728,0.5424323081970215,-0.03133826330304146,0.5546152591705322,0.5013870000839233,-0.04282025247812271,0.5610507726669312,0.46800798177719116,-0.04838282987475395,0.4995878040790558,0.6016684174537659,-0.013791513629257679,0.4928426444530487,0.5257022976875305,-0.03527252748608589,0.4870651960372925,0.47643399238586426,-0.04719917103648186,0.48213714361190796,0.43673446774482727,-0.05047227442264557,0.47520899772644043,0.6178608536720276,-0.017707712948322296,0.45916587114334106,0.5925417542457581,-0.049753930419683456,0.4664292633533478,0.6338663697242737,-0.05551660805940628,0.47407910227775574,0.665577232837677,-0.04790329188108444,0.45647817850112915,0.6445096731185913,-0.02287965826690197,0.44557756185531616,0.6272455453872681,-0.04690911993384361,0.4521663784980774,0.6562693119049072,-0.04606490582227707,0.4600388705730438,0.6812195777893066,-0.03769959509372711,v
0.49031850695610046,0.7565510272979736,4.4031526158505585e-07,0.5140374302864075,0.7249681949615479,-0.022222844883799553,0.5177268385887146,0.6773875951766968,-0.03156719729304314,0.498177170753479,0.6381822824478149,-0.040652599185705185,0.4749513864517212,0.6115791201591492,-0.048113126307725906,0.5282642841339111,0.597868025302887,-0.011400927789509296,0.5456064939498901,0.5369479656219482,-0.02887546271085739,0.5551342964172363,0.49695491790771484,-0.040185362100601196,0.5615233182907104,0.46398431062698364,-0.04599062725901604,0.5006311535835266,0.5948393940925598,-0.011942312121391296,0.4934234023094177,0.5205570459365845,-0.032280828803777695,0.4882265031337738,0.472179651260376,-0.04417239874601364,0.48381999135017395,0.43252599239349365,-0.04786825180053711,0.4766879677772522,0.6119190454483032,-0.015569089911878109,0.46140754222869873,0.5869246125221252,-0.04716050624847412,0.469025194644928,0.6277579069137573,-0.05368167906999588,0.47628921270370483,0.6592139601707458,-0.04686933010816574,0.45866021513938904,0.6391161680221558,-0.02051100879907608,0.4482613205909729,0.6211862564086914,-0.04489298537373543,0.455231636762619,0.6506364345550537,-0.04492904245853424,0.4631243050098419,0.6761864423751831,-0.037348903715610504,v
0.49178647994995117,0.753267765045166,4.467936776109127e-07,0.5161142945289612,0.7222068905830383,-0.022361837327480316,0.5200722813606262,0.6741648316383362,-0.03198334202170372,0.49918434023857117,0.634488046169281,-0.04135672375559807,0.47488126158714294,0.6075713038444519,-0.0491044856607914,0.5291419625282288,0.594883143901825,-0.011620874516665936,0.5460895299911499,0.5326031446456909,-0.02916795201599598,0.5557274222373962,0.49216267466545105,-0.040603045374155045,0.5623842477798462,0.4587918519973755,-0.04656585678458214,0.5011964440345764,0.5919451713562012,-0.012394211255013943,0.4943515360355377,0.5169056057929993,-0.032815322279930115,0.48906370997428894,0.46822693943977356,-0.04485364258289337,0.48426762223243713,0.42882654070854187,-0.04875272512435913,0.4768986105918884,0.6092925667762756,-0.016253720968961716,0.4611174762248993,0.5821524858474731,-0.048030778765678406,0.46906977891921997,0.6225174069404602,-0.05417824909090996,0.4765389561653137,0.654037594795227,-0.047145769000053406,0.4582752585411072,0.6370416879653931,-0.0214590672403574,0.44782257080078125,0.6158782839775085,-0.045982956886291504,0.45509734749794006,0.644716203212738,-0.045624639838933945,0.46290016174316406,0.670553982257843,-0.03779662027955055,v
0.49219685792922974,0.7524510025978088,4.5239363544169464e-07,0.5169675350189209,0.7200485467910767,-0.021899593994021416,0.5202381014823914,0.6718946695327759,-0.03170347958803177,0.4987852871417999,0.6328092813491821,-0.04147668182849884,0.4744148254394531,0.6048436164855957,-0.0495932400226593,0.5290402770042419,0.5930914282798767,-0.01155077014118433,0.546098530292511,0.5311121940612793,-0.029919853433966637,0.5558203458786011,0.49014580249786377,-0.04206657409667969,0.5626203417778015,0.45615506172180176,-0.04847868159413338,0.5010454058647156,0.5901420712471008,-0.012585114687681198,0.4944860637187958,0.5160229802131653,-0.03374771028757095,0.48959165811538696,0.46676185727119446,-0.04634803161025047,0.48530256748199463,0.42656272649765015,-0.05071159452199936,0.47660401463508606,0.6070131063461304,-0.016695933416485786,0.46065884828567505,0.5810648202896118,-0.04813079908490181,0.4692862331867218,0.620735228061676,-0.0541251003742218,0.47735682129859924,0.6516394019126892,-0.0473005548119545,0.45763346552848816,0.6342039704322815,-0.022225050255656242,0.44729113578796387,0.61509108543396,-0.04599414020776749,0.45511960983276367,0.6429333090782166,-0.04560534656047821,0.4637826085090637,0.6674111485481262,-0.038031648844480515,v
0.49236419796943665,0.7491914629936218,4.583531563184806e-07,0.5166866779327393,0.7178729772567749,-0.02281665988266468,0.520093560218811,0.6692821979522705,-0.03297647833824158,0.49906885623931885,0.6298022270202637,-0.04293832927942276,0.47400611639022827,0.6026900410652161,-0.05120062455534935,0.5294557809829712,0.5904097557067871,-0.012150264345109463,0.5467991828918457,0.5287387371063232,-0.03116697631776333,0.557012140750885,0.4880606532096863,-0.04362751916050911,0.5640661716461182,0.4545949697494507,-0.050153207033872604,0.5012471079826355,0.5877165198326111,-0.013105756603181362,0.4949135184288025,0.5129494667053223,-0.03473486751317978,0.48997339606285095,0.46448081731796265,-0.04713573306798935,0.4852833151817322,0.4248809814453125,-0.05114934965968132,0.4766373932361603,0.605167806148529,-0.017356790602207184,0.4607827663421631,0.5799031257629395,-0.04980689287185669,0.47063639760017395,0.620503306388855,-0.05586884915828705,0.47986266016960144,0.651207685470581,-0.04877961426973343,0.4574666917324066,0.6330035328865051,-0.02307388186454773,0.44741877913475037,0.6146706342697144,-0.04763111099600792,0.4561832547187805,0.6432811617851257,-0.04734339192509651,0.46555525064468384,0.6674069762229919,-0.039749786257743835,v
0.49223893880844116,0.7476343512535095,4.601814964644291e-07,0.5168133974075317,0.7169085741043091,-0.02279491536319256,0.5205605626106262,0.6697764992713928,-0.03328634798526764,0.499679297208786,0.6303052306175232,-0.04360184818506241,0.47519391775131226,0.6018415689468384,-0.05224418640136719,0.5298712849617004,0.5894618034362793,-0.012719365768134594,0.5471268892288208,0.5271173119544983,-0.031463347375392914,0.5569993257522583,0.4862898588180542,-0.043789613991975784,0.5638535618782043,0.4523800015449524,-0.05029033496975899,0.5019352436065674,0.5866745710372925,-0.013552905060350895,0.4958683252334595,0.5121634006500244,-0.03528621792793274,0.4911801815032959,0.4627160429954529,-0.04816662520170212,0.4869246780872345,0.42254602909088135,-0.05263812467455864,0.4775282144546509,0.6035720109939575,-0.01749297045171261,0.46179699897766113,0.578609049320221,-0.04976563900709152,0.4706050753593445,0.6194596290588379,-0.055793941020965576,0.4786921739578247,0.6509509682655334,-0.048805564641952515,0.4584583640098572,0.6307504177093506,-0.022858334705233574,0.4481445550918579,0.6119174957275391,-0.04740423336625099,0.4564605951309204,0.6415746212005615,-0.04684681445360184,0.465489000082016,0.6672446727752686,-0.03897852823138237,v
0.49221789836883545,0.7478265762329102,4.6175503598533396e-07,0.5178099274635315,0.71676105260849,-0.022951556369662285,0.5209560990333557,0.6666592359542847,-0.03284745290875435,0.4991072118282318,0.6267934441566467,-0.04241345822811127,0.4748685359954834,0.5982422232627869,-0.05017254874110222,0.5301007628440857,0.5885035395622253,-0.01245421264320612,0.5473748445510864,0.526299238204956,-0.03091513365507126,0.5572667121887207,0.48560434579849243,-0.04297250881791115,0.563781201839447,0.45203739404678345,-0.04936879873275757,0.501619815826416,0.5854238271713257,-0.01326671987771988,0.49530157446861267,0.5104049444198608,-0.03474642336368561,0.491007536649704,0.4613697826862335,-0.047532908618450165,0.4867435395717621,0.42137497663497925,-0.05192001536488533,0.476762592792511,0.6023099422454834,-0.017272597178816795,0.4611973166465759,0.5776408910751343,-0.04950019344687462,0.4710623621940613,0.619020938873291,-0.05592060089111328,0.47958487272262573,0.6502407193183899,-0.049181316047906876,0.457322359085083,0.6295244693756104,-0.02274448238313198,0.4480447471141815,0.6121374368667603,-0.047111425548791885,0.4567921757698059,0.6408044099807739,-0.04713166132569313,0.4656055271625519,0.6647326350212097,-0.03985990211367607,v
0.4932967722415924,0.7488674521446228,4.6665630293318827e-07,0.5187381505966187,0.7176365256309509,-0.022992927581071854,0.5217229723930359,0.6684710383415222,-0.03296865522861481,0.4998050332069397,0.6296555995941162,-0.04272450506687164,0.47572609782218933,0.6017143130302429,-0.05065028369426727,0.5305449366569519,0.587957501411438,-0.011766191571950912,0.547465443611145,0.525163471698761,-0.029706217348575592,0.5572556257247925,0.4842883348464966,-0.041506968438625336,0.5639083981513977,0.4504740238189697,-0.047796912491321564,0.5020575523376465,0.5851272940635681,-0.012576538138091564,0.49591541290283203,0.5102748870849609,-0.03357882425189018,0.4913235902786255,0.46106186509132385,-0.04627596214413643,0.48701709508895874,0.4211066961288452,-0.05072871968150139,0.4773595929145813,0.6022220253944397,-0.016640903428196907,0.461010217666626,0.5773231387138367,-0.04870893061161041,0.47030341625213623,0.6188803911209106,-0.05535392090678215,0.478774756193161,0.6507096290588379,-0.04879304766654968,0.4580032527446747,0.6298040747642517,-0.02219652198255062,0.447760671377182,0.6108866333961487,-0.04671574383974075,0.45650210976600647,0.6403367519378662,-0.04686233028769493,0.465744286775589,0.6656303405761719,-0.03962809965014458,v
0.4926333725452423,0.7485530972480774,4.720480717423925e-07,0.5186423659324646,0.7182406187057495,-0.023746242746710777,0.5221497416496277,0.6710174083709717,-0.034758973866701126,0.5007205009460449,0.6330862045288086,-0.04553621634840965,0.476347953081131,0.6041046977043152,-0.05453519523143768,0.5302062034606934,0.5879101753234863,-0.013610219582915306,0.5473393201828003,0.5252800583839417,-0.03237880766391754,0.5568901300430298,0.48433396220207214,-0.04479629173874855,0.5631846189498901,0.45009514689445496,-0.05149727687239647,0.501778244972229,0.5849205851554871,-0.014424149878323078,0.49580416083335876,0.5101917386054993,-0.03626713529229164,0.4911261200904846,0.46076148748397827,-0.0496196486055851,0.4865046739578247,0.4202178418636322,-0.05458340048789978,0.47710418701171875,0.6018001437187195,-0.018461257219314575,0.4607633352279663,0.57740318775177,-0.05098865181207657,0.4703306555747986,0.6189569234848022,-0.05784449353814125,0.478887677192688,0.6508586406707764,-0.05149538815021515,0.45774203538894653,0.6292417645454407,-0.024035584181547165,0.4477424919605255,0.610173225402832,-0.04851802438497543,0.45665112137794495,0.6393976807594299,-0.04856610298156738,0.4659918546676636,0.664720356464386,-0.041363995522260666,v
0.4934605658054352,0.7492819428443909,4.6781420337538293e-07,0.5194478631019592,0.7169373035430908,-0.022075137123465538,0.5221342444419861,0.6681023836135864,-0.03228657692670822,0.49963149428367615,0.6303595900535583,-0.04255802556872368,0.4745546877384186,0.6030235886573792,-0.05111183971166611,0.5292772054672241,0.587424635887146,-0.011961241252720356,0.546103298664093,0.5244331359863281,-0.030193224549293518,0.5562472939491272,0.483548641204834,-0.042207270860672,0.5632983446121216,0.4498061537742615,-0.04856065660715103,0.5009607076644897,0.5850508213043213,-0.013472769409418106,0.4945647716522217,0.5102507472038269,-0.034759242087602615,0.4902362525463104,0.46082451939582825,-0.04760148748755455,0.4861178696155548,0.42075327038764954,-0.05219656229019165,0.4763405919075012,0.6021320223808289,-0.018097465857863426,0.4608660340309143,0.5776829719543457,-0.0499873086810112,0.4708048701286316,0.6189864873886108,-0.05609454959630966,0.47928670048713684,0.650343656539917,-0.04929705336689949,0.4566915035247803,0.6296074390411377,-0.02415272407233715,0.4473212957382202,0.6080782413482666,-0.048029541969299316,0.4568386971950531,0.6376280188560486,-0.04715012013912201,0.46631401777267456,0.6633458733558655,-0.03928811475634575,v
0.4936804473400116,0.7488871812820435,4.721422897091543e-07,0.5185688138008118,0.717059850692749,-0.023061702027916908,0.5220786333084106,0.6702828407287598,-0.03409427031874657,0.5006346702575684,0.633821964263916,-0.045033421367406845,0.4757993519306183,0.6064396500587463,-0.05426880344748497,0.528916597366333,0.5879436135292053,-0.01325927022844553,0.5455986857414246,0.5255134701728821,-0.03195476159453392,0.5553081631660461,0.4849216341972351,-0.044469982385635376,0.5619990229606628,0.4511219263076782,-0.05112324655056,0.5005142688751221,0.5858391523361206,-0.014418664388358593,0.49421048164367676,0.5107091665267944,-0.03611192852258682,0.48949122428894043,0.4613165259361267,-0.04935256391763687,0.4849580228328705,0.42123305797576904,-0.05425192043185234,0.47584962844848633,0.6029331088066101,-0.01871662773191929,0.4603128135204315,0.5776901841163635,-0.050986405462026596,0.4699128270149231,0.6186773180961609,-0.05728037282824516,0.47823822498321533,0.6502776741981506,-0.05059283226728439,0.4561665654182434,0.6299200057983398,-0.024496812373399734,0.4466603994369507,0.6071643233299255,-0.04872000962495804,0.4557185173034668,0.6366071105003357,-0.047832027077674866,0.4648270010948181,0.6625592708587646,-0.03992568328976631,v
0.49356508255004883,0.7481405735015869,4.7306517103606893e-07,0.5180444121360779,0.718039870262146,-0.02397134155035019,0.5216858386993408,0.672572910785675,-0.03550836816430092,0.4995036721229553,0.6362596750259399,-0.04683413729071617,0.4750344753265381,0.6080155968666077,-0.056456729769706726,0.528393030166626,0.5888763070106506,-0.014473077841103077,0.5448631644248962,0.5264337658882141,-0.03367704153060913,0.5542782545089722,0.4854472279548645,-0.046529579907655716,0.5609304904937744,0.45136865973472595,-0.05336543545126915,0.5002646446228027,0.5865693688392639,-0.01526334136724472,0.4939889907836914,0.5116214156150818,-0.03750758618116379,0.48881039023399353,0.46226590871810913,-0.05125071108341217,0.4841318726539612,0.4217347502708435,-0.056427039206027985,0.4760974943637848,0.6036312580108643,-0.01919126696884632,0.4598887264728546,0.5786436200141907,-0.0517069436609745,0.4687211513519287,0.6192111968994141,-0.058289993554353714,0.476909339427948,0.6507082581520081,-0.0517754927277565,0.45708101987838745,0.6306079626083374,-0.02468818612396717,0.44695788621902466,0.6086006164550781,-0.04891024902462959,0.4555501639842987,0.6371088027954102,-0.04824734106659889,0.46463543176651,0.6624335050582886,-0.04049547389149666,v
0.4922710955142975,0.7492665648460388,4.857070052821655e-07,0.5168909430503845,0.7193989157676697,-0.024504099041223526,0.5201570391654968,0.6735814809799194,-0.03572937101125717,0.4982396364212036,0.6383036375045776,-0.04657113924622536,0.4740699231624603,0.6111751198768616,-0.055555347353219986,0.527775764465332,0.5901263952255249,-0.013910847716033459,0.5441934466362,0.5265780687332153,-0.03282427042722702,0.5538492202758789,0.48534736037254333,-0.04514554142951965,0.560468316078186,0.4517326354980469,-0.05146310105919838,0.4995163381099701,0.5877082943916321,-0.01416939590126276,0.4929885268211365,0.5121130347251892,-0.03622372820973396,0.487928181886673,0.4626774489879608,-0.049678243696689606,0.48347553610801697,0.42309826612472534,-0.054317306727170944,0.47536760568618774,0.6043925881385803,-0.0177307091653347,0.4601314067840576,0.5814096927642822,-0.05051035434007645,0.4686177670955658,0.622115969657898,-0.05767453834414482,0.47658783197402954,0.6530742645263672,-0.05112037435173988,0.45650413632392883,0.6308941841125488,-0.02285350114107132,0.44666847586631775,0.61180579662323,-0.04720212146639824,0.45518696308135986,0.6411488056182861,-0.04702058807015419,0.4642750322818756,0.6661982536315918,-0.03939170762896538,v
0.49236321449279785,0.7519699335098267,4.808479729945248e-07,0.5168010592460632,0.7218650579452515,-0.02323479950428009,0.5207396745681763,0.6761841773986816,-0.03390812873840332,0.499298095703125,0.641809344291687,-0.04453660920262337,0.47492873668670654,0.6147533655166626,-0.053340230137109756,0.5271205306053162,0.5907719135284424,-0.011936265043914318,0.5434339642524719,0.5280328392982483,-0.03017965704202652,0.5527809262275696,0.48690053820610046,-0.04230687394738197,0.5591819882392883,0.45297205448150635,-0.04861097037792206,0.4988000690937042,0.5885090231895447,-0.012836648151278496,0.492078572511673,0.5136975646018982,-0.033984262496232986,0.4874187707901001,0.46409061551094055,-0.04709229618310928,0.4834822714328766,0.4238426685333252,-0.051672182977199554,0.47467440366744995,0.60540372133255,-0.016990233212709427,0.45947274565696716,0.5825681686401367,-0.0489976704120636,0.4681769013404846,0.6236640214920044,-0.05594963580369949,0.4760311543941498,0.6550687551498413,-0.04945211485028267,0.4560513198375702,0.6322519183158875,-0.022679291665554047,0.44638118147850037,0.6156679391860962,-0.0466415099799633,0.45509883761405945,0.645292341709137,-0.04646923020482063,0.46425682306289673,0.6704068183898926,-0.03890347480773926,v
0.4929058253765106,0.7524146437644958,4.866080303145282e-07,0.517216682434082,0.7226369380950928,-0.025065813213586807,0.520172655582428,0.6764507293701172,-0.03724560886621475,0.4973428249359131,0.640770435333252,-0.049075063318014145,0.4720725417137146,0.614107072353363,-0.059091418981552124,0.5271160006523132,0.5926780104637146,-0.015212510712444782,0.5429095029830933,0.52970290184021,-0.03493456542491913,0.552404522895813,0.48825603723526,-0.04802241176366806,0.5594905614852905,0.45440495014190674,-0.05503487586975098,0.4988253116607666,0.5909216403961182,-0.015727806836366653,0.49177151918411255,0.5159121155738831,-0.0385507196187973,0.48700886964797974,0.4661543369293213,-0.052643392235040665,0.4831177890300751,0.4257197976112366,-0.058012478053569794,0.47452545166015625,0.6084423065185547,-0.01955769769847393,0.4595191478729248,0.5847331285476685,-0.0528012290596962,0.4685562252998352,0.6253777742385864,-0.059872470796108246,0.4767419695854187,0.6563546061515808,-0.053538285195827484,0.4553784132003784,0.635766327381134,-0.02504391223192215,0.4458318054676056,0.6168246269226074,-0.04972579702734947,0.45470738410949707,0.6455085277557373,-0.04964814335107803,0.4637247622013092,0.6701300144195557,-0.042325928807258606,v
0.49234139919281006,0.7527029514312744,4.867087568527495e-07,0.5168222784996033,0.72324138879776,-0.024601522833108902,0.5202467441558838,0.6782050728797913,-0.03657238557934761,0.4985802471637726,0.6430472731590271,-0.04828174412250519,0.47367358207702637,0.6159259080886841,-0.05820673704147339,0.5266726016998291,0.5928873419761658,-0.014844460412859917,0.5427737236022949,0.5309401154518127,-0.0345550999045372,0.5519718527793884,0.4899616837501526,-0.04774519428610802,0.5584867000579834,0.45599687099456787,-0.05488589406013489,0.4982226490974426,0.5906418561935425,-0.01564977690577507,0.4912155866622925,0.5165279507637024,-0.0381527803838253,0.48611584305763245,0.46726512908935547,-0.05192330852150917,0.48170366883277893,0.4266970157623291,-0.057140808552503586,0.4737556278705597,0.6083236932754517,-0.019758455455303192,0.458008348941803,0.5843353867530823,-0.052692580968141556,0.46717822551727295,0.6254119873046875,-0.05937180668115616,0.47574007511138916,0.6566896438598633,-0.05286669358611107,0.4546527564525604,0.6364706158638,-0.025528060272336006,0.44438278675079346,0.6185984015464783,-0.05015729367733002,0.45318520069122314,0.647143542766571,-0.05005177482962608,0.46252208948135376,0.6713477969169617,-0.042721912264823914,v
0.491572767496109,0.753870964050293,4.776086939273227e-07,0.5158241391181946,0.7241812944412231,-0.023474615067243576,0.5194828510284424,0.6802902817726135,-0.03484540805220604,0.4986744225025177,0.6450559496879578,-0.04620093107223511,0.47484666109085083,0.6173820495605469,-0.05585571005940437,0.5258304476737976,0.5936143398284912,-0.013398127630352974,0.5421648621559143,0.531851053237915,-0.032636113464832306,0.5514979958534241,0.4910118579864502,-0.04556368291378021,0.5580542087554932,0.45683860778808594,-0.05239219218492508,0.4975486397743225,0.591291606426239,-0.014424453489482403,0.49096980690956116,0.5174494981765747,-0.03657206520438194,0.48544973134994507,0.4679557681083679,-0.050286952406167984,0.48073309659957886,0.4273034632205963,-0.05530901253223419,0.47354304790496826,0.6086937189102173,-0.018616918474435806,0.45789414644241333,0.5858362913131714,-0.051388565450906754,0.46626603603363037,0.6269522905349731,-0.05815931037068367,0.4743751585483551,0.6590354442596436,-0.051472388207912445,0.45504918694496155,0.636719822883606,-0.02434409037232399,0.44488945603370667,0.617999792098999,-0.04893124848604202,0.4535384178161621,0.6469423770904541,-0.04850307106971741,0.4629586637020111,0.6726036071777344,-0.040620334446430206,v
0.49133625626564026,0.7537762522697449,4.798127406502317e-07,0.5162023901939392,0.7238175272941589,-0.023763542994856834,0.5196192860603333,0.6785017848014832,-0.03494739159941673,0.4977418780326843,0.6435451507568359,-0.045931003987789154,0.47281408309936523,0.6173967123031616,-0.055187832564115524,0.5259261727333069,0.5933208465576172,-0.013498827815055847,0.5419818758964539,0.5315120816230774,-0.032275762408971786,0.5512373447418213,0.49077001214027405,-0.044842611998319626,0.55787193775177,0.4568512737751007,-0.05164371430873871,0.49738141894340515,0.5910703539848328,-0.014330463483929634,0.4901885390281677,0.5173799991607666,-0.03597595542669296,0.48507827520370483,0.46812477707862854,-0.04940621554851532,0.4807586371898651,0.4278257489204407,-0.05445920675992966,0.4732086658477783,0.6087802648544312,-0.018376698717474937,0.45772111415863037,0.585064172744751,-0.050882164388895035,0.46688827872276306,0.6260856986045837,-0.057894445955753326,0.475214421749115,0.6578820943832397,-0.051623594015836716,0.4547291696071625,0.6371101140975952,-0.02397247962653637,0.4450143873691559,0.6191426515579224,-0.04891807585954666,0.4539985656738281,0.648488461971283,-0.04918571561574936,0.4632202386856079,0.6741865277290344,-0.04195567965507507,v
0.49123668670654297,0.7547905445098877,4.7362212285406713e-07,0.5160112380981445,0.7244792580604553,-0.022872377187013626,0.5196306705474854,0.6793786287307739,-0.03383028879761696,0.4986041188240051,0.6438729166984558,-0.04475216567516327,0.47394540905952454,0.6176553964614868,-0.05396217480301857,0.5254529118537903,0.5940472483634949,-0.01325267180800438,0.541745662689209,0.5319396257400513,-0.032002199441194534,0.5511175990104675,0.4909707307815552,-0.04454364627599716,0.5576789975166321,0.4567755460739136,-0.05123082548379898,0.4971262216567993,0.5916745662689209,-0.014456002041697502,0.4902209937572479,0.5179243087768555,-0.036016546189785004,0.48489269614219666,0.46816757321357727,-0.04925219714641571,0.48012685775756836,0.4276524782180786,-0.054139554500579834,0.4729625880718231,0.6090968251228333,-0.01873372308909893,0.4576500654220581,0.5851420164108276,-0.0506291389465332,0.46697139739990234,0.6255617141723633,-0.05694246664643288,0.47519221901893616,0.657183825969696,-0.05029800161719322,0.45420780777931213,0.637224018573761,-0.02452925220131874,0.4448292851448059,0.6177326440811157,-0.048648402094841,0.4537377953529358,0.646648645401001,-0.04803389310836792,0.46274667978286743,0.6724631786346436,-0.04021713137626648,v
0.491544634103775,0.7548438310623169,4.5916496560494124e-07,0.5177269577980042,0.7228755354881287,-0.021082155406475067,0.5207411646842957,0.675839364528656,-0.03091125190258026,0.4988801181316376,0.6397570967674255,-0.04102581366896629,0.4742967486381531,0.6142576932907104,-0.04956960305571556,0.5255153775215149,0.5925227999687195,-0.011373485438525677,0.5418828129768372,0.5307895541191101,-0.02922064997255802,0.5512644052505493,0.4900648593902588,-0.04133374243974686,0.5574840307235718,0.45584067702293396,-0.048054639250040054,0.4973602592945099,0.5905515551567078,-0.013263348489999771,0.4904937446117401,0.5178234577178955,-0.034060318022966385,0.4851037263870239,0.4686376452445984,-0.047278452664613724,0.47993093729019165,0.4279254078865051,-0.052578430622816086,0.47320204973220825,0.6085402965545654,-0.01803705468773842,0.4580132067203522,0.583487868309021,-0.04871049523353577,0.4680373966693878,0.6234843134880066,-0.05475271865725517,0.4765472114086151,0.6545822620391846,-0.04849914833903313,0.4542137682437897,0.6376644372940063,-0.024234646931290627,0.44460558891296387,0.6169005632400513,-0.047443680465221405,0.4540258049964905,0.6447845101356506,-0.046735361218452454,0.46335428953170776,0.6700574159622192,-0.039276547729969025,v
0.4923669695854187,0.7521535158157349,4.6322227831296914e-07,0.518584132194519,0.7195077538490295,-0.022151673212647438,0.5212554335594177,0.6713043451309204,-0.031759586185216904,0.49875757098197937,0.6364651322364807,-0.04136931523680687,0.47417616844177246,0.6136263012886047,-0.049432724714279175,0.526055097579956,0.589608371257782,-0.011260847561061382,0.5423294901847839,0.529149055480957,-0.028881054371595383,0.5517061352729797,0.48903658986091614,-0.04092669114470482,0.5577847957611084,0.45520395040512085,-0.04766455292701721,0.49778807163238525,0.5880568623542786,-0.012532930821180344,0.49063506722450256,0.5159061551094055,-0.03353043645620346,0.48544177412986755,0.467171847820282,-0.04708953946828842,0.48024100065231323,0.42585861682891846,-0.052546530961990356,0.47355255484580994,0.6062498092651367,-0.016863353550434113,0.4586341381072998,0.5820558667182922,-0.048463545739650726,0.4692153334617615,0.6233839392662048,-0.0555865615606308,0.47781628370285034,0.6546425819396973,-0.049706846475601196,0.45481324195861816,0.6349085569381714,-0.022588517516851425,0.44559407234191895,0.6137778759002686,-0.046217989176511765,0.4548291862010956,0.6419362425804138,-0.04606704041361809,0.463623970746994,0.6668163537979126,-0.039047785103321075,v
0.4929390847682953,0.7491438984870911,4.5806612547494296e-07,0.518047571182251,0.7181040644645691,-0.02176775597035885,0.5227985382080078,0.6728843450546265,-0.03255476802587509,0.5031164288520813,0.6368652582168579,-0.043419644236564636,0.4784717261791229,0.6111393570899963,-0.05271371454000473,0.5264819264411926,0.5887841582298279,-0.013296898454427719,0.5431227684020996,0.5275788307189941,-0.03162616863846779,0.5524107217788696,0.48746299743652344,-0.043988246470689774,0.5585190653800964,0.4540567398071289,-0.05066479369997978,0.4984544813632965,0.5869805216789246,-0.015036103315651417,0.4912573993206024,0.5137237310409546,-0.035746704787015915,0.48632481694221497,0.4652290940284729,-0.04856841638684273,0.4812609851360321,0.4250365197658539,-0.053555671125650406,0.4740908741950989,0.6046197414398193,-0.019627079367637634,0.4608582556247711,0.5800420045852661,-0.04959588497877121,0.4718189537525177,0.6194764971733093,-0.05497807636857033,0.48010146617889404,0.6493372917175293,-0.04852336645126343,0.45472124218940735,0.632848858833313,-0.02571093663573265,0.4464174211025238,0.6115190982818604,-0.04771661013364792,0.45600974559783936,0.6390435099601746,-0.045981138944625854,0.46453097462654114,0.6635617613792419,-0.03802494704723358,v
0.49379414319992065,0.7467789053916931,4.5666570258617867e-07,0.5186149477958679,0.7147724628448486,-0.022264277562499046,0.521947979927063,0.6668796539306641,-0.03307130187749863,0.5004167556762695,0.6298852562904358,-0.04374462366104126,0.47412192821502686,0.6054686307907104,-0.05280868709087372,0.527662992477417,0.5869618058204651,-0.014050005003809929,0.5440447330474854,0.5256659984588623,-0.03291012719273567,0.5533171892166138,0.48555630445480347,-0.04541608691215515,0.5595383644104004,0.4522062838077545,-0.05218005180358887,0.49942633509635925,0.5853030681610107,-0.015506860800087452,0.4918530285358429,0.5124182105064392,-0.03698355704545975,0.48717251420021057,0.4640558958053589,-0.04987679794430733,0.48271119594573975,0.42404019832611084,-0.0547456368803978,0.47503501176834106,0.6032257676124573,-0.01988064870238304,0.4616769552230835,0.5799222588539124,-0.0506814569234848,0.4732596278190613,0.6193442940711975,-0.056224528700113297,0.48223891854286194,0.6489359140396118,-0.049673307687044144,0.45589491724967957,0.6312050819396973,-0.025756241753697395,0.44781678915023804,0.6121460199356079,-0.04839640483260155,0.4578520953655243,0.6396090388298035,-0.047062162309885025,0.46696925163269043,0.6631543040275574,-0.039344266057014465,v
0.4934190511703491,0.7449598908424377,4.7454938112423406e-07,0.5185925960540771,0.71261066198349,-0.022350061684846878,0.5222458839416504,0.66559237241745,-0.0328868068754673,0.5012429356575012,0.6303507089614868,-0.04326869547367096,0.4750572144985199,0.6059629917144775,-0.05203787609934807,0.5282683372497559,0.5853956937789917,-0.013045844621956348,0.5452733039855957,0.5247119665145874,-0.03144598379731178,0.5543996095657349,0.48467716574668884,-0.04364438354969025,0.560230553150177,0.4512064456939697,-0.050158869475126266,0.49987587332725525,0.5835300087928772,-0.0142625467851758,0.4930150508880615,0.5102380514144897,-0.03539501875638962,0.48828861117362976,0.4612810015678406,-0.048082754015922546,0.4839089810848236,0.42144131660461426,-0.05261068046092987,0.4755277633666992,0.6011487245559692,-0.018510254099965096,0.46147462725639343,0.5791217684745789,-0.04970989003777504,0.47202643752098083,0.6188206076622009,-0.05594216659665108,0.4806845188140869,0.6488359570503235,-0.04947652295231819,0.45674368739128113,0.6285231709480286,-0.02420908957719803,0.44846901297569275,0.6121787428855896,-0.0475737638771534,0.4579930603504181,0.6406906247138977,-0.04697627201676369,0.46726083755493164,0.6647534966468811,-0.039468586444854736,v
0.49471810460090637,0.7474969029426575,4.659526950945292e-07,0.5204519629478455,0.7143559455871582,-0.020930642262101173,0.5234793424606323,0.6656342148780823,-0.030554920434951782,0.5019158720970154,0.6301385164260864,-0.04029769450426102,0.47699224948883057,0.6058775782585144,-0.04841213300824165,0.5288361310958862,0.585669219493866,-0.011962906457483768,0.5457173585891724,0.5242173671722412,-0.029630662873387337,0.5550227761268616,0.4840060770511627,-0.04129722714424133,0.5609103441238403,0.4502595067024231,-0.04755080118775368,0.5003656148910522,0.5837735533714294,-0.013672251254320145,0.4937562048435211,0.5112674236297607,-0.03421506658196449,0.48946282267570496,0.4624554514884949,-0.046725790947675705,0.4853500425815582,0.4223876893520355,-0.05130692943930626,0.4758804440498352,0.6015554666519165,-0.01822303980588913,0.46177244186401367,0.5796957015991211,-0.04845327511429787,0.4724067151546478,0.6199119687080383,-0.054292239248752594,0.48084092140197754,0.6505216360092163,-0.04783466458320618,0.4567568302154541,0.6295425295829773,-0.024190867319703102,0.44874218106269836,0.6128780841827393,-0.04670507088303566,0.45854514837265015,0.6411020755767822,-0.04586336761713028,0.4676884710788727,0.665125846862793,-0.038359951227903366,v
0.4952963888645172,0.7493175864219666,4.739362680084014e-07,0.521019697189331,0.7161270380020142,-0.020813487470149994,0.5243110656738281,0.6678922772407532,-0.030610572546720505,0.5029680132865906,0.633004903793335,-0.04064321890473366,0.47738078236579895,0.6092799305915833,-0.04905916377902031,0.5288794040679932,0.5866206884384155,-0.0116229597479105,0.5458710193634033,0.5247930288314819,-0.029344730079174042,0.5552793145179749,0.48451855778694153,-0.04119418188929558,0.5613364577293396,0.4507582187652588,-0.047589149326086044,0.5003390908241272,0.5845348834991455,-0.013731218874454498,0.4938923418521881,0.5112854242324829,-0.03418411687016487,0.48977354168891907,0.4620283544063568,-0.04668908193707466,0.4856359660625458,0.4217737317085266,-0.05136330798268318,0.4756574332714081,0.6022152304649353,-0.01874207891523838,0.46190425753593445,0.5787918567657471,-0.04897904396057129,0.4727036952972412,0.6189760565757751,-0.054502345621585846,0.4810068905353546,0.6496061086654663,-0.047871269285678864,0.45600518584251404,0.6302621364593506,-0.025192035362124443,0.44797155261039734,0.610674262046814,-0.047502145171165466,0.45791763067245483,0.6383733153343201,-0.04613794758915901,0.46695253252983093,0.6624308228492737,-0.03835748881101608,v
0.4962337613105774,0.7452586889266968,4.719725268387265e-07,0.5215917229652405,0.713460385799408,-0.02185002714395523,0.5252801179885864,0.6685621738433838,-0.03271617367863655,0.5050048828125,0.6351284980773926,-0.0437466986477375,0.48035240173339844,0.6117959022521973,-0.05314455181360245,0.5283603668212891,0.5849116444587708,-0.013448954559862614,0.5448614954948425,0.5238521099090576,-0.03146052733063698,0.5539321899414062,0.48384392261505127,-0.04351676627993584,0.5598689913749695,0.4502702057361603,-0.05007551610469818,0.5001352429389954,0.5837990045547485,-0.015374516136944294,0.49227336049079895,0.5103887319564819,-0.03598871827125549,0.48781388998031616,0.4617465138435364,-0.0485682412981987,0.483489990234375,0.4219239354133606,-0.053490135818719864,0.4756118953227997,0.6019485592842102,-0.020257290452718735,0.46217411756515503,0.5781269669532776,-0.050688259303569794,0.4735587537288666,0.6176106929779053,-0.05651949346065521,0.4820513129234314,0.6479169726371765,-0.050266120582818985,0.4560895562171936,0.6296986937522888,-0.026657605543732643,0.44858676195144653,0.6084200143814087,-0.04905406013131142,0.45867249369621277,0.6357365250587463,-0.04784846678376198,0.46734124422073364,0.6601269245147705,-0.04035643860697746,v
0.4977169334888458,0.7452234625816345,4.347951971794828e-07,0.5231134295463562,0.7098617553710938,-0.018423017114400864,0.5249048471450806,0.6608789563179016,-0.02774103544652462,0.5029582977294922,0.6263809204101562,-0.03794632479548454,0.47672516107559204,0.6064603924751282,-0.04688052833080292,0.5265129208564758,0.5835058093070984,-0.011594627983868122,0.5415111184120178,0.5213315486907959,-0.029046159237623215,0.5490444302558899,0.4806436002254486,-0.0405096560716629,0.5534218549728394,0.4462200105190277,-0.04697945713996887,0.4983047544956207,0.5837588310241699,-0.01510885450989008,0.4886941909790039,0.5123220682144165,-0.03600021079182625,0.4818895757198334,0.46427714824676514,-0.04902593418955803,0.4752824902534485,0.4236552119255066,-0.05443708971142769,0.47406524419784546,0.6032736897468567,-0.02106095664203167,0.46044620871543884,0.5803014636039734,-0.050975482910871506,0.47430261969566345,0.6189656257629395,-0.05642518028616905,0.48426389694213867,0.6483294367790222,-0.05024687945842743,0.4549444019794464,0.6327150464057922,-0.028245972469449043,0.44815921783447266,0.6123926639556885,-0.049705419689416885,0.4600992202758789,0.6374765634536743,-0.048132505267858505,0.4702146351337433,0.6601804494857788,-0.040688905864953995,v
0.4982863962650299,0.7421232461929321,4.4032339019395295e-07,0.5234634876251221,0.7058187127113342,-0.017070164903998375,0.5260116457939148,0.6595939993858337,-0.026288433000445366,0.5055616497993469,0.629525899887085,-0.0368327796459198,0.48064562678337097,0.6133770942687988,-0.04629899933934212,0.5249059200286865,0.5820761919021606,-0.011366521939635277,0.5389921069145203,0.5187129974365234,-0.028953546658158302,0.5465283989906311,0.4785115122795105,-0.04037608206272125,0.5508617162704468,0.4449924826622009,-0.04654311761260033,0.4968429207801819,0.5840793251991272,-0.01580319181084633,0.4852752089500427,0.5111874938011169,-0.03632994368672371,0.4776586592197418,0.46369680762290955,-0.04887835308909416,0.4702773094177246,0.424388587474823,-0.053916193544864655,0.47309356927871704,0.6046581864356995,-0.022584179416298866,0.46140462160110474,0.5805791020393372,-0.051881253719329834,0.476323664188385,0.617850124835968,-0.05689515918493271,0.4866766333580017,0.6464805006980896,-0.05048101395368576,0.45433905720710754,0.634462833404541,-0.03051580674946308,0.44883546233177185,0.611697256565094,-0.05109366029500961,0.46131840348243713,0.6359596252441406,-0.04851756617426872,0.4712710678577423,0.6586989760398865,-0.0404074490070343,v
0.49935948848724365,0.7377824783325195,4.216212232677208e-07,0.5248193740844727,0.6985325217247009,-0.013580821454524994,0.5287505388259888,0.6536611318588257,-0.022176284343004227,0.5101904273033142,0.6275079846382141,-0.0327361635863781,0.487424373626709,0.6157872676849365,-0.04258931055665016,0.5238609313964844,0.5795342922210693,-0.010561871342360973,0.5372111797332764,0.5168284177780151,-0.02741599828004837,0.5447276830673218,0.4767411947250366,-0.03865832835435867,0.5490434169769287,0.44404351711273193,-0.044784191995859146,0.4968366324901581,0.5836041569709778,-0.0165482759475708,0.4848959445953369,0.5109059810638428,-0.03563442453742027,0.4780227839946747,0.46335569024086,-0.04825768619775772,0.4713863730430603,0.4246023893356323,-0.05397230386734009,0.4739052355289459,0.6059744954109192,-0.02425462380051613,0.46654149889945984,0.5814123153686523,-0.05029093846678734,0.4823547303676605,0.6135984659194946,-0.05475597828626633,0.4924572706222534,0.6397640109062195,-0.049135539680719376,0.4558911919593811,0.6373739838600159,-0.03290022909641266,0.45342886447906494,0.6150854229927063,-0.0499877892434597,0.4670696556568146,0.6353871822357178,-0.04617586359381676,0.476887047290802,0.6561660170555115,-0.03804332762956619,v
0.5012920498847961,0.7333126664161682,3.96178563732974e-07,0.5282601714134216,0.6915386915206909,-0.011939986608922482,0.5344122052192688,0.6426499485969543,-0.019507257267832756,0.5178498029708862,0.6125218868255615,-0.029161857441067696,0.49637237191200256,0.5981525182723999,-0.03808283805847168,0.5248039364814758,0.5755201578140259,-0.009244170039892197,0.537975013256073,0.5143489837646484,-0.026106316596269608,0.5453660488128662,0.47498619556427,-0.03722057491540909,0.5496899485588074,0.4426012635231018,-0.04323785379528999,0.4983610212802887,0.5812451243400574,-0.016149071976542473,0.4855636656284332,0.5091137290000916,-0.03577480465173721,0.47871917486190796,0.46304214000701904,-0.04824715852737427,0.4718465805053711,0.424905389547348,-0.053573355078697205,0.4759913980960846,0.6047642827033997,-0.024636711925268173,0.47351574897766113,0.5796695351600647,-0.05190730094909668,0.4916711747646332,0.6121472120285034,-0.05574136599898338,0.5023640990257263,0.6373414397239685,-0.0492805540561676,0.4582963287830353,0.6370904445648193,-0.033791135996580124,0.46016737818717957,0.6135266423225403,-0.05137282982468605,0.475247859954834,0.6333066821098328,-0.04691687226295471,0.4846944510936737,0.6527020335197449,-0.03818877041339874,v
0.5038363337516785,0.7286469340324402,3.8980326166893065e-07,0.5320959687232971,0.6896177530288696,-0.009924868121743202,0.5438719987869263,0.6419639587402344,-0.01639034040272236,0.5340540409088135,0.6117970943450928,-0.025221629068255424,0.5113478302955627,0.6050736904144287,-0.033551279455423355,0.5242570042610168,0.5730871558189392,-0.00791296735405922,0.5384547710418701,0.5124121904373169,-0.023180551826953888,0.5455642938613892,0.4736699163913727,-0.03315816819667816,0.5495648980140686,0.44133442640304565,-0.0383828766644001,0.49817129969596863,0.5785595774650574,-0.015424393117427826,0.48519352078437805,0.5062689781188965,-0.033444613218307495,0.4788056015968323,0.46011289954185486,-0.04524752497673035,0.47200924158096313,0.42332541942596436,-0.050008922815322876,0.4767211973667145,0.6024145483970642,-0.024115482345223427,0.48223862051963806,0.577770471572876,-0.049852799624204636,0.502502977848053,0.6066386699676514,-0.054417531937360764,0.5133765339851379,0.6311837434768677,-0.048451706767082214,0.4612313210964203,0.6350255608558655,-0.033238280564546585,0.4698393642902374,0.6130169034004211,-0.04873276501893997,0.48668617010116577,0.6292721033096313,-0.04424919933080673,0.4965376555919647,0.6479433178901672,-0.03568108379840851,v
0.506153404712677,0.7237358689308167,3.9150589259406843e-07,0.535404622554779,0.6874988675117493,-0.01048403512686491,0.5509222149848938,0.6428255438804626,-0.018182629719376564,0.5472856163978577,0.6123577356338501,-0.028024187311530113,0.5253753066062927,0.6098862886428833,-0.03748438507318497,0.524757981300354,0.5692977905273438,-0.01088237576186657,0.538259744644165,0.5082745552062988,-0.025798695161938667,0.5444725155830383,0.46974945068359375,-0.0354415588080883,0.5480310320854187,0.43653517961502075,-0.040758226066827774,0.5001174211502075,0.5755358934402466,-0.018277034163475037,0.48722773790359497,0.5042693614959717,-0.03582810238003731,0.4810393154621124,0.4585348963737488,-0.04719962179660797,0.47468897700309753,0.4221177399158478,-0.05219048634171486,0.4798254072666168,0.6001957058906555,-0.026593348011374474,0.4890648126602173,0.5720171332359314,-0.0518595352768898,0.5108301639556885,0.5998741984367371,-0.056175924837589264,0.5224226713180542,0.6252444386482239,-0.050499044358730316,0.4658598303794861,0.6332685351371765,-0.035401470959186554,0.4771343469619751,0.6085524559020996,-0.05131056159734726,0.49525731801986694,0.624576210975647,-0.04740989953279495,0.5055314302444458,0.644454836845398,-0.03942165896296501,v
0.5076509118080139,0.72102290391922,3.721781069998542e-07,0.5374995470046997,0.6854816675186157,-0.011007962748408318,0.5552271008491516,0.6406389474868774,-0.018823953345417976,0.552996814250946,0.6070520877838135,-0.02852734923362732,0.5303797125816345,0.5986728668212891,-0.037607043981552124,0.5251634120941162,0.5687386393547058,-0.011319968849420547,0.5387178063392639,0.5068149566650391,-0.02632843144237995,0.5444528460502625,0.46847105026245117,-0.035881493240594864,0.5479515790939331,0.4357561767101288,-0.040873367339372635,0.5003722310066223,0.5747206807136536,-0.018190020695328712,0.4876968562602997,0.5029569268226624,-0.036235563457012177,0.48304298520088196,0.4561196565628052,-0.048264771699905396,0.4788917899131775,0.41999131441116333,-0.05336557328701019,0.4811670184135437,0.597992479801178,-0.025998832657933235,0.49562573432922363,0.5696895718574524,-0.05178411677479744,0.5210493206977844,0.592927873134613,-0.057498808950185776,0.5348926186561584,0.6156095266342163,-0.052600130438804626,0.4695928394794464,0.6297433376312256,-0.034206610172986984,0.4843566119670868,0.6025838851928711,-0.05014270544052124,0.5045604109764099,0.6157140135765076,-0.04694562032818794,0.5169872045516968,0.6349594593048096,-0.03937662020325661,v
0.508830726146698,0.7176409959793091,3.7914810491201933e-07,0.5380032658576965,0.6844168901443481,-0.011777421459555626,0.5581849217414856,0.6395379304885864,-0.020510561764240265,0.5629640221595764,0.6043519377708435,-0.030939482152462006,0.5435850024223328,0.6006245613098145,-0.040627371519804,0.5264409780502319,0.5672723054885864,-0.013217276893556118,0.5390214323997498,0.5055370330810547,-0.028229136019945145,0.5449020862579346,0.4670747220516205,-0.038030631840229034,0.5482303500175476,0.43329718708992004,-0.04346698522567749,0.5023975968360901,0.5720021724700928,-0.019930632784962654,0.4908296465873718,0.5003460049629211,-0.0378483347594738,0.4868893623352051,0.45446181297302246,-0.04955356568098068,0.48238787055015564,0.417458176612854,-0.05458156019449234,0.48351502418518066,0.5935424566268921,-0.027441976591944695,0.5014971494674683,0.5663592219352722,-0.052775733172893524,0.524665892124176,0.5932950973510742,-0.05716955289244652,0.534900426864624,0.6172029376029968,-0.05143623799085617,0.4722166657447815,0.6237216591835022,-0.0355796255171299,0.4887881278991699,0.5975986123085022,-0.0511099174618721,0.5093153715133667,0.6121615767478943,-0.04722898453474045,0.5204764008522034,0.6318106651306152,-0.03916782885789871,v
0.5095033645629883,0.7176091074943542,3.752859356609406e-07,0.5391415357589722,0.6853054761886597,-0.011361198499798775,0.5596988201141357,0.6428340673446655,-0.01963549107313156,0.5673589706420898,0.6088404059410095,-0.02967338263988495,0.552483081817627,0.5966981649398804,-0.03878038004040718,0.527345597743988,0.5663257241249084,-0.013010228052735329,0.53953617811203,0.5045521855354309,-0.027707822620868683,0.5449770092964172,0.46603745222091675,-0.037133846431970596,0.5476119518280029,0.43276447057724,-0.0421341247856617,0.5030437111854553,0.5707277655601501,-0.01967957429587841,0.4924103617668152,0.49912285804748535,-0.0377742275595665,0.48851484060287476,0.45289480686187744,-0.0499575100839138,0.4843147397041321,0.4162856340408325,-0.05514365807175636,0.4839280843734741,0.5914774537086487,-0.027127308771014214,0.5054993033409119,0.5667274594306946,-0.05280100181698799,0.5300092101097107,0.5912511944770813,-0.059045590460300446,0.5416564345359802,0.6134671568870544,-0.0545479953289032,0.47260981798171997,0.6210629343986511,-0.0350506566464901,0.4923928380012512,0.5979466438293457,-0.05114816501736641,0.5137021541595459,0.6112746000289917,-0.04898366332054138,0.5266703367233276,0.6296969652175903,-0.042038559913635254,v
0.5098122358322144,0.7154422402381897,3.730896480647061e-07,0.5401614904403687,0.67998206615448,-0.010247605852782726,0.5616098642349243,0.6390896439552307,-0.018685976043343544,0.5710318088531494,0.6062595248222351,-0.029162045568227768,0.5584223866462708,0.5928575992584229,-0.0385110080242157,0.5267848372459412,0.5657685399055481,-0.013440072536468506,0.5390328168869019,0.503123939037323,-0.02827419899404049,0.543973982334137,0.46452271938323975,-0.037364568561315536,0.545822262763977,0.4316224753856659,-0.0420648567378521,0.5029436945915222,0.5708767175674438,-0.02075847238302231,0.49391239881515503,0.4992866516113281,-0.039484232664108276,0.48996081948280334,0.45201224088668823,-0.05173620209097862,0.48587363958358765,0.4161284565925598,-0.056938979774713516,0.48523658514022827,0.5916248559951782,-0.028755763545632362,0.5104299783706665,0.5656300187110901,-0.054718632251024246,0.537245512008667,0.585570216178894,-0.06186869367957115,0.5516135692596436,0.6055992841720581,-0.05813247710466385,0.4763268828392029,0.620944619178772,-0.03709855675697327,0.4991123378276825,0.5969379544258118,-0.05315089598298073,0.5221017599105835,0.606543779373169,-0.05199279263615608,0.5375593304634094,0.6226276755332947,-0.04596009850502014,v
0.5121846795082092,0.7135488986968994,3.8557479342671286e-07,0.5416283011436462,0.6787439584732056,-0.010044494643807411,0.561892032623291,0.6385834813117981,-0.018580259755253792,0.5728829503059387,0.609035313129425,-0.029144804924726486,0.5668104887008667,0.5918875932693481,-0.0383848212659359,0.526393711566925,0.5626753568649292,-0.0134047856554389,0.5377795100212097,0.501649022102356,-0.028408139944076538,0.5420286059379578,0.46317967772483826,-0.03748321533203125,0.5432584285736084,0.4308606684207916,-0.04203866422176361,0.502507209777832,0.5688470602035522,-0.02102556638419628,0.49553290009498596,0.49693992733955383,-0.039856381714344025,0.49273836612701416,0.4495445191860199,-0.05151696130633354,0.4891054928302765,0.41350454092025757,-0.05605529248714447,0.4852522611618042,0.5900169610977173,-0.02946506440639496,0.5152049660682678,0.5623186230659485,-0.05599670112133026,0.5432790517807007,0.5840235948562622,-0.06234462931752205,0.5574874877929688,0.6054238677024841,-0.05766630172729492,0.47716057300567627,0.6194121837615967,-0.038233883678913116,0.5045692920684814,0.5944817066192627,-0.05445171520113945,0.5278855562210083,0.6040586233139038,-0.052828848361968994,0.5423519015312195,0.6191763877868652,-0.04626951739192009,v
0.5104016661643982,0.7150994539260864,3.89281609614045e-07,0.5410369634628296,0.678745687007904,-0.009002874605357647,0.5614741444587708,0.6384343504905701,-0.017392335459589958,0.5746570825576782,0.6107370853424072,-0.028064310550689697,0.5731279253959656,0.5887134671211243,-0.0372118279337883,0.5243682861328125,0.5625790953636169,-0.012370508164167404,0.5358676910400391,0.5003250241279602,-0.027091942727565765,0.5397833585739136,0.4613761007785797,-0.035720344632864,0.5405046939849854,0.42928075790405273,-0.039832793176174164,0.5005655288696289,0.5694032907485962,-0.020370658487081528,0.4960174262523651,0.49690526723861694,-0.03876158595085144,0.4940519332885742,0.4495973587036133,-0.0497291162610054,0.4909971058368683,0.4141339361667633,-0.05368904024362564,0.48438364267349243,0.5904993414878845,-0.029195090755820274,0.5189163684844971,0.5614547729492188,-0.054560642689466476,0.5457249879837036,0.5826988220214844,-0.0596756674349308,0.5583935379981995,0.6030688881874084,-0.05435803160071373,0.4787217676639557,0.6193118691444397,-0.03842364624142647,0.5093181729316711,0.5932864546775818,-0.05346539989113808,0.5329840183258057,0.6011453866958618,-0.051107749342918396,0.5474367737770081,0.6144142746925354,-0.044075578451156616,v
0.5110518336296082,0.7159276604652405,3.9258878814507625e-07,0.541598379611969,0.6789345741271973,-0.008978921920061111,0.5619117021560669,0.6379770040512085,-0.017489155754446983,0.575208842754364,0.6101949214935303,-0.028403736650943756,0.5735732316970825,0.5896836519241333,-0.037935853004455566,0.523745059967041,0.5631960034370422,-0.012525598518550396,0.5352038741111755,0.5006453394889832,-0.02747330628335476,0.5394386649131775,0.4616060256958008,-0.03630388155579567,0.5405132174491882,0.42909395694732666,-0.040572963654994965,0.5003020763397217,0.5702501535415649,-0.02065923810005188,0.49627935886383057,0.49738049507141113,-0.039256684482097626,0.4946567118167877,0.44976747035980225,-0.05033441632986069,0.49158400297164917,0.4137226641178131,-0.05438126623630524,0.48431143164634705,0.5911766290664673,-0.029649583622813225,0.5184954404830933,0.5609520673751831,-0.05567722022533417,0.546674370765686,0.5832087397575378,-0.0610131211578846,0.5602532625198364,0.6044320464134216,-0.05566786974668503,0.47858965396881104,0.6197323203086853,-0.03899543732404709,0.5089682936668396,0.593193531036377,-0.054521214216947556,0.532970130443573,0.602329671382904,-0.052285335958004,0.5475606322288513,0.61671382188797,-0.04531224071979523,v
0.5095142126083374,0.714084267616272,3.7725030210822297e-07,0.5417108535766602,0.6760541200637817,-0.007537040393799543,0.5614888072013855,0.6347129344940186,-0.015934133902192116,0.5749646425247192,0.6063627004623413,-0.026984969154000282,0.5725095272064209,0.5877873301506042,-0.03649695962667465,0.5248236656188965,0.559815526008606,-0.013062596321105957,0.532433807849884,0.496626615524292,-0.028662897646427155,0.5345342755317688,0.4576152265071869,-0.03730109706521034,0.5342774987220764,0.42587029933929443,-0.04124400019645691,0.5013092160224915,0.5677105784416199,-0.022082004696130753,0.4980161190032959,0.4960731267929077,-0.041741762310266495,0.49614065885543823,0.4481390714645386,-0.05270324647426605,0.4935241937637329,0.412706196308136,-0.05640944093465805,0.48610275983810425,0.5889032483100891,-0.03179660812020302,0.5241574048995972,0.5613661408424377,-0.05769236013293266,0.5516262650489807,0.5814201831817627,-0.06272967159748077,0.5658214092254639,0.6016956567764282,-0.057272087782621384,0.4823833405971527,0.61750328540802,-0.04187889024615288,0.5175109505653381,0.5949317812919617,-0.0565621592104435,0.5405771732330322,0.6040974855422974,-0.054359953850507736,0.5544479489326477,0.6180249452590942,-0.04757487401366234,v
0.5095381736755371,0.7132226228713989,3.764428413433052e-07,0.542195737361908,0.6749950051307678,-0.007175234612077475,0.5638010501861572,0.6317694783210754,-0.015948398038744926,0.5788280367851257,0.6020792722702026,-0.027526507154107094,0.5729899406433105,0.5854803323745728,-0.03745364025235176,0.5252735614776611,0.5577775835990906,-0.013549227267503738,0.5322946310043335,0.4940968155860901,-0.02951173298060894,0.5335970520973206,0.45533281564712524,-0.03808830678462982,0.531760036945343,0.42305228114128113,-0.04211811721324921,0.5014395713806152,0.5663939118385315,-0.02328605204820633,0.4999752640724182,0.49460992217063904,-0.044514209032058716,0.4982661306858063,0.44666945934295654,-0.05592875927686691,0.4941416382789612,0.41043490171432495,-0.05965214967727661,0.4859774708747864,0.5877724289894104,-0.03359004110097885,0.5268747210502625,0.5610129833221436,-0.06051734462380409,0.5534533262252808,0.5837174654006958,-0.064588762819767,0.5652776956558228,0.604835569858551,-0.058090128004550934,0.48239222168922424,0.6161213517189026,-0.04429323226213455,0.5203291177749634,0.5926703214645386,-0.059225138276815414,0.5425528287887573,0.6041765213012695,-0.05615520477294922,0.5536476969718933,0.6196048259735107,-0.04860346391797066,v
0.5110844373703003,0.704712986946106,3.9361285075756314e-07,0.5427035689353943,0.6694613099098206,-0.010150336660444736,0.5619124174118042,0.633150577545166,-0.019269682466983795,0.572298526763916,0.6077519655227661,-0.03059973195195198,0.5718998908996582,0.5904608368873596,-0.040404751896858215,0.5290164351463318,0.5566502213478088,-0.014038711786270142,0.5365124344825745,0.4951135516166687,-0.02935144118964672,0.5387376546859741,0.45752251148223877,-0.03766356781125069,0.5396062731742859,0.4264081120491028,-0.0411522276699543,0.5051604509353638,0.5621299147605896,-0.021261196583509445,0.501693069934845,0.4928150773048401,-0.04042721912264824,0.4997228682041168,0.44548946619033813,-0.05135425925254822,0.49809908866882324,0.41066813468933105,-0.05481227487325668,0.4878534972667694,0.5816852450370789,-0.029483187943696976,0.5226386189460754,0.5631816387176514,-0.05544150248169899,0.5502827763557434,0.5824878811836243,-0.062452949583530426,0.5660525560379028,0.6015172004699707,-0.05815787613391876,0.4799382984638214,0.6098337769508362,-0.03819109871983528,0.5114489793777466,0.595247745513916,-0.05277439206838608,0.5338531136512756,0.6032523512840271,-0.05193329229950905,0.5487858057022095,0.6151729226112366,-0.04620227962732315,v
0.5086302161216736,0.7028961777687073,3.873839773405052e-07,0.5397636294364929,0.671937108039856,-0.011300782673060894,0.5590729117393494,0.6371328234672546,-0.02001352421939373,0.5670333504676819,0.6111965179443359,-0.030766407027840614,0.5602565407752991,0.5941175222396851,-0.040515389293432236,0.5343119502067566,0.5590685606002808,-0.012101953849196434,0.547201931476593,0.5011069178581238,-0.027379877865314484,0.5526524186134338,0.4645179808139801,-0.03716692700982094,0.5556052923202515,0.43311017751693726,-0.042163483798503876,0.509575366973877,0.5617208480834961,-0.01905967853963375,0.5034044981002808,0.4913400411605835,-0.03720354661345482,0.4998796582221985,0.44551849365234375,-0.04930918663740158,0.4968745708465576,0.41052713990211487,-0.054286401718854904,0.48948824405670166,0.5809138417243958,-0.027186153456568718,0.5099172592163086,0.5577502846717834,-0.052986711263656616,0.5359178781509399,0.5808901190757751,-0.06025417894124985,0.5514752268791199,0.6033601760864258,-0.056532297283411026,0.47670066356658936,0.610120952129364,-0.03581139072775841,0.4966018497943878,0.5917514562606812,-0.05162948742508888,0.5181578993797302,0.6032502055168152,-0.0505313016474247,0.5337598323822021,0.6189776659011841,-0.04466433823108673,v
0.5092257261276245,0.701634407043457,4.2513531184340536e-07,0.5407381057739258,0.6701822280883789,-0.01232469268143177,0.5565215349197388,0.62872314453125,-0.020562298595905304,0.5478594303131104,0.6006107926368713,-0.030694779008626938,0.5273759365081787,0.5929884910583496,-0.040383800864219666,0.5410757064819336,0.5566006302833557,-0.010645009577274323,0.5578817129135132,0.4998379945755005,-0.026671327650547028,0.5663490891456604,0.4631405770778656,-0.03729124367237091,0.5717315673828125,0.4319540858268738,-0.043064508587121964,0.5153464674949646,0.5598601698875427,-0.01727941446006298,0.5084888935089111,0.48840928077697754,-0.036139726638793945,0.505522608757019,0.4419456720352173,-0.04825923591852188,0.5020114779472351,0.4041404128074646,-0.053379736840724945,0.4932406544685364,0.5807209014892578,-0.025299379602074623,0.49927079677581787,0.5529489517211914,-0.05241239443421364,0.5183877944946289,0.5844177603721619,-0.057371851056814194,0.5289365649223328,0.6113481521606445,-0.05161413922905922,0.476081907749176,0.6110605001449585,-0.03385431692004204,0.4867759048938751,0.5897337794303894,-0.051888059824705124,0.503355860710144,0.6091031432151794,-0.04877205565571785,0.512967050075531,0.6297694444656372,-0.040862083435058594,v
0.5103713870048523,0.7010585069656372,4.3705244934244547e-07,0.5386515855789185,0.671147346496582,-0.016239114105701447,0.5484559535980225,0.6285555362701416,-0.024548184126615524,0.5329117774963379,0.5984359383583069,-0.03391752392053604,0.5125620365142822,0.5802997946739197,-0.04214224964380264,0.5436412692070007,0.5551510453224182,-0.010124152526259422,0.5644603967666626,0.49857252836227417,-0.026899676769971848,0.5757901668548584,0.4610050916671753,-0.03768311068415642,0.5831618309020996,0.4310457408428192,-0.04295411333441734,0.5176905393600464,0.5574659705162048,-0.014058244414627552,0.509530246257782,0.48563942313194275,-0.03382715955376625,0.5065383911132812,0.4401271939277649,-0.04611886292695999,0.5040776133537292,0.40361326932907104,-0.050414491444826126,0.49544697999954224,0.5768973231315613,-0.020053118467330933,0.4943932592868805,0.557148814201355,-0.04876648262143135,0.5084360837936401,0.5919538736343384,-0.05419570580124855,0.5168520212173462,0.618521511554718,-0.04771518334746361,0.4778001606464386,0.6043550372123718,-0.026892948895692825,0.4818567931652069,0.5884138941764832,-0.04695666953921318,0.49424585700035095,0.6117457747459412,-0.044479768723249435,0.5022032856941223,0.6322653293609619,-0.03603437915444374,v
0.511358916759491,0.7065649032592773,4.6536877107428154e-07,0.5369386672973633,0.6777456402778625,-0.017491551116108894,0.5448349714279175,0.6378504633903503,-0.027767369523644447,0.5278143286705017,0.6138598918914795,-0.03923662751913071,0.5057440400123596,0.5964995622634888,-0.0495641715824604,0.5436117053031921,0.5570346713066101,-0.012032008729875088,0.5647017955780029,0.4997709393501282,-0.03079896979033947,0.5767422318458557,0.4618895649909973,-0.04287117347121239,0.5850490927696228,0.43139421939849854,-0.04912417754530907,0.5164588093757629,0.5584776401519775,-0.016506299376487732,0.5095445513725281,0.4881175756454468,-0.03827333822846413,0.5060264468193054,0.4422878623008728,-0.051987919956445694,0.5027942657470703,0.4036528170108795,-0.057368967682123184,0.4930907189846039,0.5781957507133484,-0.02330675534904003,0.4903562068939209,0.5585071444511414,-0.05423681065440178,0.5039435625076294,0.5968249440193176,-0.06013668701052666,0.5123886466026306,0.6236268877983093,-0.053795456886291504,0.47490498423576355,0.6072316765785217,-0.031106429174542427,0.4768666625022888,0.5929169654846191,-0.05302472785115242,0.4882522225379944,0.6188120245933533,-0.051148250699043274,0.4959965646266937,0.6389222741127014,-0.04303571581840515,v
0.511963963508606,0.7054202556610107,4.939427640238137e-07,0.5348828434944153,0.6775189638137817,-0.020276131108403206,0.5413532257080078,0.6377883553504944,-0.03125914931297302,0.5180889964103699,0.6096513271331787,-0.04265906661748886,0.4953310489654541,0.5867080688476562,-0.0525749996304512,0.5435740947723389,0.5559900999069214,-0.01387921441346407,0.5659608840942383,0.49882885813713074,-0.03385167196393013,0.5786505341529846,0.4610327184200287,-0.04592576250433922,0.587132453918457,0.43184077739715576,-0.051706984639167786,0.515121340751648,0.5569503307342529,-0.016924047842621803,0.5067204236984253,0.4840158224105835,-0.03959203511476517,0.5032378435134888,0.4396302103996277,-0.052247948944568634,0.5000258088111877,0.4032154679298401,-0.05583455041050911,0.4919414222240448,0.5770429372787476,-0.0227446760982275,0.48355230689048767,0.5629170536994934,-0.05468377843499184,0.4963425397872925,0.6010252237319946,-0.06037391349673271,0.5054146647453308,0.6255882382392883,-0.053146202117204666,0.4745837450027466,0.6065942049026489,-0.029782438650727272,0.47190552949905396,0.5993496775627136,-0.0524190254509449,0.482105016708374,0.6258294582366943,-0.05072613060474396,0.4902609884738922,0.643593966960907,-0.04220826178789139,v
0.5122859477996826,0.7065373659133911,4.909219342152937e-07,0.534768283367157,0.6792442798614502,-0.021700670942664146,0.5413544774055481,0.6393483877182007,-0.03295913711190224,0.5183956027030945,0.6100561022758484,-0.044220928102731705,0.49565771222114563,0.5865490436553955,-0.05386732518672943,0.5442179441452026,0.5567038655281067,-0.01520087942481041,0.5660059452056885,0.4989682137966156,-0.03532375767827034,0.578445553779602,0.4609609544277191,-0.04735470190644264,0.5869499444961548,0.4313368797302246,-0.05302102118730545,0.5153679847717285,0.5568743944168091,-0.01742042787373066,0.5070386528968811,0.48335176706314087,-0.040261656045913696,0.503512978553772,0.4383333921432495,-0.052635557949543,0.5004473328590393,0.4013674855232239,-0.055829621851444244,0.4918785095214844,0.5764151811599731,-0.0225371066480875,0.48365169763565063,0.5621863007545471,-0.05502975359559059,0.49642249941825867,0.6013049483299255,-0.060743436217308044,0.5055379271507263,0.6264432072639465,-0.05323582515120506,0.47458118200302124,0.6053911447525024,-0.02896219864487648,0.4722259044647217,0.5986630320549011,-0.05239510536193848,0.4824398159980774,0.6263948678970337,-0.05090847238898277,0.49029165506362915,0.6447678208351135,-0.0422588549554348,v
0.5105180144309998,0.7033714652061462,5.162960405868944e-07,0.5302314758300781,0.6820204257965088,-0.02667846344411373,0.5350743532180786,0.6480357050895691,-0.040393952280282974,0.5110107660293579,0.6183313727378845,-0.05319058522582054,0.4869328737258911,0.5919873714447021,-0.0642368420958519,0.5428524613380432,0.5584601163864136,-0.019848326221108437,0.5639558434486389,0.5008112788200378,-0.04160815477371216,0.5773397088050842,0.4626118540763855,-0.05457631126046181,0.586571455001831,0.43210873007774353,-0.060689304023981094,0.5144500136375427,0.555135190486908,-0.01934952288866043,0.5067970156669617,0.483122855424881,-0.04348089173436165,0.5023449063301086,0.4388398826122284,-0.056038666516542435,0.49834612011909485,0.4006873071193695,-0.059193626046180725,0.491277813911438,0.5719693303108215,-0.022230887785553932,0.47740626335144043,0.562442421913147,-0.05541379004716873,0.48752638697624207,0.6021488904953003,-0.06169632822275162,0.4971295893192291,0.626102089881897,-0.054433465003967285,0.4741651713848114,0.5983048677444458,-0.02686396799981594,0.4659266471862793,0.5954400300979614,-0.05060764402151108,0.47512900829315186,0.6237358450889587,-0.050159137696027756,0.485267698764801,0.6412996649742126,-0.0422191396355629,v
0.5095164775848389,0.7034009695053101,5.256388249108568e-07,0.5271409153938293,0.6825494766235352,-0.028248418122529984,0.5280649662017822,0.6459853649139404,-0.041789423674345016,0.5030186176300049,0.613487720489502,-0.053637802600860596,0.4811776876449585,0.5834219455718994,-0.0635046511888504,0.5400644540786743,0.56075119972229,-0.02063973993062973,0.5610572099685669,0.5029276609420776,-0.04162326082587242,0.5745449662208557,0.4639637768268585,-0.05434388294816017,0.584304928779602,0.4322628378868103,-0.06041887402534485,0.5131840705871582,0.5571845173835754,-0.018603308126330376,0.5063212513923645,0.48450517654418945,-0.041930362582206726,0.502082347869873,0.43969953060150146,-0.0542801097035408,0.49891436100006104,0.3996553421020508,-0.057507358491420746,0.4906309247016907,0.5723696947097778,-0.019962599501013756,0.47483497858047485,0.5607073307037354,-0.052351437509059906,0.48199698328971863,0.599801242351532,-0.05841481313109398,0.4902041554450989,0.6232390999794006,-0.05128170922398567,0.4740486741065979,0.5963866114616394,-0.023193027824163437,0.4632406234741211,0.5924193859100342,-0.04702914506196976,0.4717825949192047,0.6217896938323975,-0.04666653648018837,0.4821944832801819,0.6399099826812744,-0.03876681253314018,v
0.5100909471511841,0.7069647908210754,5.237844789007795e-07,0.5253942608833313,0.6803990006446838,-0.02564004436135292,0.5210739374160767,0.63861083984375,-0.03719892352819443,0.49390944838523865,0.6082496047019958,-0.047397974878549576,0.47199323773384094,0.5813987851142883,-0.055656395852565765,0.5388938784599304,0.5607900023460388,-0.01679452322423458,0.5582979321479797,0.50327068567276,-0.03669281303882599,0.5719166994094849,0.46407350897789,-0.04909522086381912,0.5816646814346313,0.43231335282325745,-0.054922301322221756,0.5126599073410034,0.5573558211326599,-0.015310564078390598,0.5062779188156128,0.4853045344352722,-0.03771613910794258,0.5025232434272766,0.43994051218032837,-0.04970765858888626,0.49995648860931396,0.3993654251098633,-0.05256282538175583,0.49062371253967285,0.5722764730453491,-0.017154278233647346,0.473393052816391,0.5607706904411316,-0.04799456521868706,0.47945404052734375,0.5985211133956909,-0.05420394241809845,0.48710379004478455,0.6210677027702332,-0.047200798988342285,0.47429773211479187,0.5959082245826721,-0.02072385512292385,0.46242231130599976,0.5919521450996399,-0.04282604530453682,0.470056414604187,0.6203953623771667,-0.042240630835294724,0.4799500107765198,0.6374894380569458,-0.034418985247612,v
0.509905219078064,0.7071937918663025,5.322122547113395e-07,0.5267952680587769,0.6802590489387512,-0.02744675800204277,0.5223576426506042,0.6393449902534485,-0.039890579879283905,0.4934931993484497,0.6081830263137817,-0.050560642033815384,0.4685288369655609,0.5813944935798645,-0.0595148429274559,0.5381613969802856,0.5598877668380737,-0.018262594938278198,0.5585756897926331,0.5037069320678711,-0.03715401515364647,0.571567714214325,0.4644009470939636,-0.04983031377196312,0.5812139511108398,0.4323328733444214,-0.05644841119647026,0.5119830369949341,0.5565049052238464,-0.01576264575123787,0.5086237788200378,0.4862936735153198,-0.036058515310287476,0.5051428079605103,0.43979018926620483,-0.047980498522520065,0.5020582675933838,0.39981454610824585,-0.05196954682469368,0.4890962839126587,0.5725438594818115,-0.016678007319569588,0.47362077236175537,0.5522640943527222,-0.04593499377369881,0.47820019721984863,0.5867754220962524,-0.052415620535612106,0.4832371473312378,0.6103911995887756,-0.04667710140347481,0.4717748165130615,0.5980008244514465,-0.019465507939457893,0.46221923828125,0.5839679837226868,-0.041359905153512955,0.4688774049282074,0.609774649143219,-0.04139615222811699,0.4765605628490448,0.6287744045257568,-0.03459705039858818,v
0.511512815952301,0.707205057144165,5.3787465503774e-07,0.5274134874343872,0.6800801157951355,-0.0268267709761858,0.5220813155174255,0.6380204558372498,-0.038884229958057404,0.4940670132637024,0.6059767007827759,-0.049166832119226456,0.4691725969314575,0.5793238878250122,-0.057639457285404205,0.5380839705467224,0.5587713122367859,-0.017619308084249496,0.558577835559845,0.50264972448349,-0.036472175270318985,0.5717729926109314,0.4634684920310974,-0.04908883944153786,0.5818571448326111,0.4321109354496002,-0.055583611130714417,0.5127794146537781,0.5551825165748596,-0.015408426523208618,0.5104632377624512,0.48540374636650085,-0.035586751997470856,0.5078328847885132,0.43923407793045044,-0.0473669059574604,0.5055832266807556,0.399712473154068,-0.05110296607017517,0.49024927616119385,0.5709863901138306,-0.0165722593665123,0.47488921880722046,0.5511144399642944,-0.045353200286626816,0.47916972637176514,0.585070013999939,-0.05136077105998993,0.48426610231399536,0.6080631613731384,-0.04535723105072975,0.4729723036289215,0.5963805913925171,-0.019600985571742058,0.46262553334236145,0.5835590362548828,-0.040896013379096985,0.46922817826271057,0.6090083718299866,-0.04046407714486122,0.47702136635780334,0.6271230578422546,-0.033343203365802765,v
0.5111876130104065,0.6992685794830322,5.416148951553623e-07,0.5303612351417542,0.6722959876060486,-0.02468561753630638,0.5267542600631714,0.6314213275909424,-0.035991426557302475,0.49773159623146057,0.600609540939331,-0.0461142435669899,0.4733882248401642,0.5735648274421692,-0.054666824638843536,0.5428979992866516,0.5560048222541809,-0.016774553805589676,0.5632389783859253,0.4985646903514862,-0.03511514887213707,0.5758979916572571,0.4597972631454468,-0.04711741954088211,0.5863164067268372,0.4286016821861267,-0.0533439926803112,0.5166817903518677,0.5509275794029236,-0.015566613525152206,0.5158044099807739,0.4813346266746521,-0.03456850349903107,0.5143665075302124,0.4346837103366852,-0.04606251046061516,0.51407390832901,0.39477866888046265,-0.05029834434390068,0.4931228756904602,0.5653854608535767,-0.017476465553045273,0.4800744950771332,0.5443075895309448,-0.0441502183675766,0.4827600121498108,0.5755612850189209,-0.04963678866624832,0.4863871932029724,0.597495973110199,-0.04438311979174614,0.47416165471076965,0.5894714593887329,-0.02119961380958557,0.46484819054603577,0.5766770243644714,-0.04083509370684624,0.47056666016578674,0.5998302102088928,-0.04016611725091934,0.4768624007701874,0.6171742677688599,-0.033598463982343674,v
0.5118635296821594,0.6941994428634644,5.213493636802013e-07,0.5314022302627563,0.6651483774185181,-0.024758460000157356,0.5286662578582764,0.6255446076393127,-0.036361124366521835,0.5001241564750671,0.5954320430755615,-0.04675564169883728,0.47730761766433716,0.568545937538147,-0.05555614084005356,0.545742392539978,0.552901029586792,-0.016566094011068344,0.5663279891014099,0.49726995825767517,-0.035403668880462646,0.5789881944656372,0.4591761827468872,-0.04780298471450806,0.5889905691146851,0.42865172028541565,-0.05400422587990761,0.5191801190376282,0.5486196279525757,-0.015359681099653244,0.5172035098075867,0.4791264533996582,-0.034627076238393784,0.5155284404754639,0.4339107573032379,-0.045656315982341766,0.5151069164276123,0.3957980275154114,-0.049121469259262085,0.4953943192958832,0.5629017353057861,-0.01747305877506733,0.4841575622558594,0.542654275894165,-0.044743336737155914,0.4883980453014374,0.5747871398925781,-0.05032361298799515,0.4929797053337097,0.5962110161781311,-0.04456551373004913,0.47628915309906006,0.585803210735321,-0.021352818235754967,0.4684116840362549,0.5731432437896729,-0.04114331305027008,0.4736630916595459,0.5967712998390198,-0.04037953540682793,0.47937530279159546,0.6135290265083313,-0.03346986696124077,v
0.5129915475845337,0.6937853097915649,5.127100166646414e-07,0.5321545600891113,0.6631305813789368,-0.022591782733798027,0.5296964049339294,0.6224402785301208,-0.03349633514881134,0.5017755627632141,0.5931347012519836,-0.04373466968536377,0.4791845977306366,0.5676928162574768,-0.05245884880423546,0.5465705990791321,0.5521612763404846,-0.014647835865616798,0.5670132040977478,0.49581795930862427,-0.033084895461797714,0.5796291828155518,0.45785099267959595,-0.04510829597711563,0.589637815952301,0.42841726541519165,-0.050935931503772736,0.5201604962348938,0.5486918091773987,-0.014438571408390999,0.5186461806297302,0.4791962504386902,-0.03367820754647255,0.5171759724617004,0.4335055947303772,-0.04480492323637009,0.5166464447975159,0.3958204686641693,-0.04826291650533676,0.496128112077713,0.5633826851844788,-0.017354151234030724,0.48470181226730347,0.5418460965156555,-0.04462640359997749,0.4898454248905182,0.5751923322677612,-0.05004909634590149,0.49490636587142944,0.5981096029281616,-0.044021423906087875,0.47606900334358215,0.5870528221130371,-0.021775146946310997,0.4688924551010132,0.5721296668052673,-0.04107091948390007,0.47431012988090515,0.5964028835296631,-0.03952668234705925,0.47999778389930725,0.6143122315406799,-0.032047249376773834,v
0.5150737166404724,0.7006325721740723,5.11575706241274e-07,0.5338116884231567,0.6708599328994751,-0.023433340713381767,0.5310389399528503,0.6234535574913025,-0.03288066014647484,0.5032187700271606,0.5883623361587524,-0.041267309337854385,0.47919732332229614,0.5622878074645996,-0.047757524996995926,0.5487733483314514,0.5511833429336548,-0.011149675585329533,0.5681081414222717,0.49279582500457764,-0.028094036504626274,0.5820745229721069,0.4538920223712921,-0.03935100883245468,0.5930628180503845,0.4240075945854187,-0.04469383507966995,0.5222770571708679,0.5480614900588989,-0.009689103811979294,0.5185571908950806,0.4774663746356964,-0.027904808521270752,0.5170725584030151,0.4316418766975403,-0.03877132758498192,0.5162118077278137,0.3940141201019287,-0.041645850986242294,0.4995470941066742,0.5638181567192078,-0.011595812626183033,0.48514747619628906,0.5430395007133484,-0.03852137550711632,0.49038949608802795,0.5759158730506897,-0.0446140393614769,0.495869517326355,0.5990767478942871,-0.03849034011363983,0.48186758160591125,0.588803231716156,-0.015101643279194832,0.4721001982688904,0.5741021037101746,-0.03413809463381767,0.4773375988006592,0.5980947017669678,-0.0331757627427578,0.4836081266403198,0.6159192323684692,-0.0258370041847229,v
0.517708957195282,0.69969642162323,4.640679662770708e-07,0.5377398133277893,0.6682186126708984,-0.022570272907614708,0.5361794829368591,0.6213815212249756,-0.03228864446282387,0.5107516050338745,0.5838064551353455,-0.04147879406809807,0.48822975158691406,0.5540832877159119,-0.048759281635284424,0.5506921410560608,0.545962929725647,-0.010755783878266811,0.5697404742240906,0.48778682947158813,-0.02841280773282051,0.5829187631607056,0.44948041439056396,-0.04021428897976875,0.5928149223327637,0.419455349445343,-0.04597261920571327,0.523781955242157,0.5434192419052124,-0.01027157623320818,0.5179588198661804,0.47356978058815,-0.02948269061744213,0.5132508277893066,0.42940449714660645,-0.040640734136104584,0.5089131593704224,0.3927733302116394,-0.04389612749218941,0.5009536743164062,0.5595906376838684,-0.013181112706661224,0.4842674136161804,0.5361782908439636,-0.04094444960355759,0.4901224672794342,0.5698318481445312,-0.04642549529671669,0.4967293441295624,0.5938687920570374,-0.04002248868346214,0.48333030939102173,0.5846534371376038,-0.017694847658276558,0.471995085477829,0.5632755160331726,-0.03702404350042343,0.4768364727497101,0.5851486921310425,-0.03563845530152321,0.48324835300445557,0.6031754016876221,-0.028204794973134995,v
0.5183975696563721,0.6971182227134705,4.31362451536188e-07,0.5401849150657654,0.6655474901199341,-0.02257142774760723,0.5396114587783813,0.6184900999069214,-0.03222781419754028,0.5154927968978882,0.5813249945640564,-0.04153158888220787,0.4913010001182556,0.5524880290031433,-0.04895961284637451,0.5502381920814514,0.5406916737556458,-0.010817225091159344,0.5675222277641296,0.4825081527233124,-0.02834557369351387,0.5779336094856262,0.4436110854148865,-0.03973481431603432,0.585533618927002,0.4133628010749817,-0.045474741607904434,0.5223886966705322,0.5387242436408997,-0.010908347554504871,0.5128622651100159,0.4702622890472412,-0.030627116560935974,0.5059861540794373,0.4273781478404999,-0.042082104831933975,0.5002184510231018,0.3913910388946533,-0.0456053763628006,0.49960723519325256,0.5569297075271606,-0.014405501075088978,0.48120564222335815,0.5344126224517822,-0.0433645099401474,0.49041277170181274,0.570349931716919,-0.049646057188510895,0.5002250671386719,0.5957351922988892,-0.04375634714961052,0.48275119066238403,0.5847647786140442,-0.019462373107671738,0.4716690182685852,0.5666232705116272,-0.03971007466316223,0.47719672322273254,0.5867276191711426,-0.03958095610141754,0.4846365749835968,0.6028885841369629,-0.03325378894805908,v
0.5217180252075195,0.6972666382789612,4.0450939309266687e-07,0.5454238653182983,0.6642709970474243,-0.019714413210749626,0.548623263835907,0.6207548975944519,-0.029174670577049255,0.5287927985191345,0.5871468782424927,-0.03914210572838783,0.5071152448654175,0.5608269572257996,-0.04739104211330414,0.5494928359985352,0.5365320444107056,-0.009588160552084446,0.5650978684425354,0.47846028208732605,-0.026439474895596504,0.5748234987258911,0.440723180770874,-0.03812564164400101,0.5816707611083984,0.41093653440475464,-0.04445210099220276,0.5218144059181213,0.5372961163520813,-0.011555396020412445,0.5095330476760864,0.4696138799190521,-0.029883259907364845,0.5032793283462524,0.42641395330429077,-0.04163371026515961,0.49733614921569824,0.39082270860671997,-0.04627372324466705,0.49953070282936096,0.5577651858329773,-0.016512639820575714,0.48588916659355164,0.5332028865814209,-0.04279964789748192,0.4985136091709137,0.5657418966293335,-0.048327092081308365,0.50820392370224,0.5907886028289795,-0.043276943266391754,0.4832989573478699,0.5884675979614258,-0.023029156029224396,0.4755331873893738,0.5699735879898071,-0.04170796647667885,0.48419708013534546,0.5892788171768188,-0.04091273993253708,0.4923039674758911,0.606681764125824,-0.03463181480765343,v
0.5241914391517639,0.6921827793121338,4.0665210576662503e-07,0.5471930503845215,0.6589952111244202,-0.017358826473355293,0.5512739419937134,0.6200935244560242,-0.027078820392489433,0.5381826758384705,0.5916785597801208,-0.03812645748257637,0.5235589742660522,0.5709406137466431,-0.0478905625641346,0.5475624799728394,0.533977746963501,-0.010183412581682205,0.5634968280792236,0.4751790761947632,-0.027215702459216118,0.5729759335517883,0.4380542039871216,-0.03931692987680435,0.5789163112640381,0.40869036316871643,-0.04613446071743965,0.5208835005760193,0.5361420512199402,-0.013934127055108547,0.5089503526687622,0.46772369742393494,-0.03264357149600983,0.5027214884757996,0.4244654178619385,-0.04567836970090866,0.496459424495697,0.38868528604507446,-0.051824748516082764,0.4988982677459717,0.5573447346687317,-0.02015765570104122,0.4898245930671692,0.5311592817306519,-0.045464612543582916,0.5049924254417419,0.5584235787391663,-0.051508836448192596,0.515693724155426,0.5817288160324097,-0.04754282906651497,0.48190516233444214,0.5881269574165344,-0.027757959440350533,0.47692734003067017,0.5643653869628906,-0.045247554779052734,0.4882246255874634,0.5797435641288757,-0.043882131576538086,0.4979192912578583,0.5967738628387451,-0.037656351923942566,v
0.5241789221763611,0.6867518424987793,3.890599771239067e-07,0.5471765995025635,0.6521316766738892,-0.015887655317783356,0.5510448813438416,0.611810564994812,-0.02474180981516838,0.538101315498352,0.5815314054489136,-0.034916408360004425,0.5221715569496155,0.5594150424003601,-0.043774817138910294,0.5466262102127075,0.5304980278015137,-0.010220814496278763,0.5614361763000488,0.4719763398170471,-0.026643287390470505,0.569943368434906,0.4347726106643677,-0.03776096925139427,0.5750508308410645,0.4049080014228821,-0.043673887848854065,0.5209540724754333,0.5331016778945923,-0.014159925282001495,0.5082719922065735,0.4658015966415405,-0.03269316256046295,0.5010075569152832,0.42349278926849365,-0.04475163295865059,0.49419087171554565,0.3885839581489563,-0.04993021488189697,0.499267578125,0.5537527203559875,-0.020191773772239685,0.49329477548599243,0.5316712260246277,-0.04584797844290733,0.5089150667190552,0.5624025464057922,-0.05042996257543564,0.5190658569335938,0.5872124433517456,-0.044983357191085815,0.48207733035087585,0.5832999348640442,-0.027384944260120392,0.4799216389656067,0.5614643692970276,-0.045242566615343094,0.4935576915740967,0.5806081891059875,-0.04264312982559204,0.5040588974952698,0.6001536250114441,-0.03504904732108116,v
0.5236706137657166,0.6824116706848145,3.652576481272263e-07,0.5473348498344421,0.6456403732299805,-0.012416969053447247,0.552780270576477,0.6000509858131409,-0.019240157678723335,0.5416247248649597,0.56658536195755,-0.02781771868467331,0.523368239402771,0.5482202172279358,-0.03544660657644272,0.5440097451210022,0.5277425050735474,-0.007401257753372192,0.5591014623641968,0.46866166591644287,-0.02210213430225849,0.5666379928588867,0.43152886629104614,-0.03186681866645813,0.5704658627510071,0.40220561623573303,-0.03697672858834267,0.5193249583244324,0.532203197479248,-0.012652786448597908,0.5060210824012756,0.46357762813568115,-0.03007446601986885,0.499185711145401,0.4207414984703064,-0.04137546196579933,0.491960346698761,0.38605737686157227,-0.04608656093478203,0.49855494499206543,0.5541175007820129,-0.01957727037370205,0.4950407147407532,0.5282679200172424,-0.044038932770490646,0.5123828649520874,0.556721031665802,-0.04810811206698418,0.5227609276771545,0.5803263783454895,-0.042565423995256424,0.4820479154586792,0.584149181842804,-0.02726738527417183,0.48281362652778625,0.5609608888626099,-0.04372333735227585,0.49673861265182495,0.5781059265136719,-0.04051116108894348,0.5059000849723816,0.5961952805519104,-0.03283880650997162,v
0.5215482115745544,0.6785374879837036,3.5386250374358497e-07,0.5479048490524292,0.644324004650116,-0.011556657031178474,0.5575047135353088,0.5983357429504395,-0.017936604097485542,0.5509828925132751,0.5635076761245728,-0.026135236024856567,0.5320467352867126,0.5477392077445984,-0.03364841639995575,0.5405706167221069,0.531144917011261,-0.008574682287871838,0.5541541576385498,0.47096043825149536,-0.02272048406302929,0.5618370175361633,0.4337838888168335,-0.032134294509887695,0.5661380887031555,0.40264272689819336,-0.03725174069404602,0.5173197388648987,0.535185694694519,-0.014071715995669365,0.5043445229530334,0.46362942457199097,-0.030643589794635773,0.49776026606559753,0.41939008235931396,-0.04148067161440849,0.4901816248893738,0.38457590341567993,-0.04639732837677002,0.4979351758956909,0.5563953518867493,-0.020931944251060486,0.4971686005592346,0.5238335728645325,-0.04471384733915329,0.5164551734924316,0.5488326549530029,-0.0485241524875164,0.5273104906082153,0.5727154612541199,-0.043289296329021454,0.4828254282474518,0.5856847763061523,-0.028464308008551598,0.4881080389022827,0.5578575134277344,-0.044424958527088165,0.5040321350097656,0.5726466774940491,-0.041267286986112595,0.5130314230918884,0.591643750667572,-0.03410908952355385,v
0.5208997130393982,0.6740755438804626,3.443321361373819e-07,0.5475236773490906,0.640129566192627,-0.00904767494648695,0.5583752989768982,0.5939891934394836,-0.014280942268669605,0.5555386543273926,0.5601201057434082,-0.021697357296943665,0.5378701686859131,0.548346996307373,-0.028634892776608467,0.5380640029907227,0.5275968909263611,-0.007451490964740515,0.550788938999176,0.46655505895614624,-0.02082012966275215,0.5578004717826843,0.42943859100341797,-0.029613720253109932,0.5611583590507507,0.3984207510948181,-0.034417808055877686,0.5157162547111511,0.532814085483551,-0.01417454145848751,0.5020871162414551,0.4604825973510742,-0.03009609505534172,0.4958397448062897,0.4163106679916382,-0.0405806228518486,0.48836880922317505,0.3821384310722351,-0.04525228589773178,0.4972418248653412,0.5545785427093506,-0.02198544517159462,0.49955809116363525,0.52078777551651,-0.04517775774002075,0.5196843147277832,0.5434654355049133,-0.04937482997775078,0.5304367542266846,0.5656987428665161,-0.044513262808322906,0.4834045171737671,0.58425372838974,-0.03019498847424984,0.4910445213317871,0.5555053353309631,-0.045651450753211975,0.5073611736297607,0.5690747499465942,-0.042528338730335236,0.5161091685295105,0.5876034498214722,-0.03548581153154373,v
0.5186951756477356,0.672639787197113,3.0961030006437795e-07,0.5454667210578918,0.6389027833938599,-0.007302531041204929,0.5577627420425415,0.5927630066871643,-0.012382268905639648,0.5596775412559509,0.5585428476333618,-0.020057426765561104,0.5452284812927246,0.5465457439422607,-0.027271095663309097,0.5351773500442505,0.5278499722480774,-0.007302671670913696,0.5466731786727905,0.4668886065483093,-0.020336514338850975,0.5528764128684998,0.43015220761299133,-0.028877241536974907,0.5559801459312439,0.39905649423599243,-0.0337064228951931,0.5135116577148438,0.5326763987541199,-0.01505430880934,0.500058114528656,0.4603182077407837,-0.031261470168828964,0.4943080246448517,0.41554689407348633,-0.042015716433525085,0.487338125705719,0.3807559013366699,-0.047031939029693604,0.4961092472076416,0.55306077003479,-0.02365432120859623,0.5030852556228638,0.5153813362121582,-0.04738451912999153,0.5273323059082031,0.5364788770675659,-0.05230662599205971,0.5403859615325928,0.5583531260490417,-0.04799078777432442,0.4843462407588959,0.5815313458442688,-0.03245871141552925,0.495371550321579,0.5493574738502502,-0.04819831997156143,0.5148751139640808,0.5598543882369995,-0.04612405598163605,0.5267565250396729,0.5767766237258911,-0.04004651680588722,v
0.518568217754364,0.6685589551925659,2.946283927940385e-07,0.5453236103057861,0.6352365016937256,-0.007762171793729067,0.5598422884941101,0.5876312255859375,-0.01290337834507227,0.5640735626220703,0.5506970286369324,-0.02036971226334572,0.5474076867103577,0.5413731932640076,-0.0272249486297369,0.5326416492462158,0.5217656493186951,-0.006780126132071018,0.5419321656227112,0.46203625202178955,-0.018961863592267036,0.5470154285430908,0.4261316955089569,-0.026927553117275238,0.548589825630188,0.39621850848197937,-0.03137459233403206,0.5117495656013489,0.5275243520736694,-0.014180422760546207,0.4972291886806488,0.45572739839553833,-0.029521184042096138,0.49170660972595215,0.4126806855201721,-0.0397147536277771,0.48449641466140747,0.3790053427219391,-0.04413357377052307,0.49524199962615967,0.5485981106758118,-0.02243281900882721,0.5045951008796692,0.5137207508087158,-0.0459800586104393,0.5293280482292175,0.5362988114356995,-0.05103722959756851,0.5420016646385193,0.5586095452308655,-0.04648912325501442,0.4841599464416504,0.577691912651062,-0.030862297862768173,0.4962596893310547,0.5480327606201172,-0.04645224288105965,0.5160831212997437,0.5605708360671997,-0.044371459633111954,0.5275714993476868,0.5787890553474426,-0.038042180240154266,v
0.5166853666305542,0.6665839552879333,3.0302274467430834e-07,0.5440177321434021,0.6331391930580139,-0.008184492588043213,0.5598281621932983,0.588675856590271,-0.01408052071928978,0.566461980342865,0.5546663403511047,-0.02231866680085659,0.5535935759544373,0.5431365370750427,-0.029803331941366196,0.5298886895179749,0.517838716506958,-0.007148114964365959,0.5381572246551514,0.4583093523979187,-0.019237134605646133,0.5419598817825317,0.42240217328071594,-0.02736787311732769,0.5426201820373535,0.3921757936477661,-0.032045356929302216,0.50905442237854,0.5237666964530945,-0.014643902890384197,0.4955398142337799,0.45343324542045593,-0.030101275071501732,0.49022814631462097,0.4103396534919739,-0.04083605483174324,0.483822226524353,0.3765988349914551,-0.04571811109781265,0.49313101172447205,0.5448741316795349,-0.023042012006044388,0.5079069137573242,0.5116655826568604,-0.046574916690588,0.5324687957763672,0.533227264881134,-0.05246599018573761,0.5447776913642883,0.5545129776000977,-0.048582371324300766,0.48350250720977783,0.5743646025657654,-0.0316951684653759,0.49822938442230225,0.5460331439971924,-0.04744713753461838,0.519393801689148,0.5562567114830017,-0.04630112648010254,0.5330100059509277,0.5724607706069946,-0.040637124329805374,v
0.5166840553283691,0.6669821739196777,2.9551918601100624e-07,0.5438597202301025,0.6297248601913452,-0.006346914917230606,0.5596850514411926,0.5841411352157593,-0.011730734258890152,0.5668830275535583,0.5503201484680176,-0.019739650189876556,0.5543938875198364,0.5384290218353271,-0.02687525562942028,0.5235899090766907,0.5161402225494385,-0.006291932892054319,0.5313740372657776,0.45711976289749146,-0.017927758395671844,0.5342815518379211,0.4212026298046112,-0.025637565180659294,0.5345907211303711,0.39142972230911255,-0.030074628069996834,0.5031810998916626,0.523999810218811,-0.014693611301481724,0.4922705292701721,0.454551637172699,-0.029765887185931206,0.4878103733062744,0.4103904962539673,-0.040076836943626404,0.48245757818222046,0.3776441216468811,-0.04475334286689758,0.48914259672164917,0.5463804602622986,-0.023860372602939606,0.5101106762886047,0.5116332173347473,-0.04643819481134415,0.5369284152984619,0.5288135409355164,-0.05250581353902817,0.5511221885681152,0.5482344627380371,-0.04923216626048088,0.48299282789230347,0.5765778422355652,-0.033190492540597916,0.502890944480896,0.5458430647850037,-0.04770002141594887,0.5248632431030273,0.5525299906730652,-0.04677861928939819,0.5395756959915161,0.5665792226791382,-0.04173136129975319,v
0.5150977969169617,0.6670444011688232,3.134003918603412e-07,0.5425247550010681,0.6294898986816406,-0.005615398287773132,0.5580376386642456,0.5851083993911743,-0.011692464351654053,0.5676910877227783,0.5546936392784119,-0.02069949544966221,0.5617852210998535,0.5404452681541443,-0.028696678578853607,0.5201807618141174,0.5159668326377869,-0.007811215706169605,0.5264111757278442,0.45493313670158386,-0.02032201550900936,0.5278996825218201,0.4187091588973999,-0.02789260633289814,0.5262543559074402,0.3884256184101105,-0.03195631131529808,0.4994358718395233,0.52474445104599,-0.016759008169174194,0.49095964431762695,0.45581746101379395,-0.033117905259132385,0.4865363538265228,0.41193944215774536,-0.043157655745744705,0.4802509546279907,0.3788965940475464,-0.04715506359934807,0.48589587211608887,0.5468789935112,-0.026350101456046104,0.5128841400146484,0.5112511515617371,-0.049932487308979034,0.5407031774520874,0.530515193939209,-0.05460956320166588,0.5546375513076782,0.5503391623497009,-0.04973522201180458,0.481495201587677,0.5761324167251587,-0.03605742007493973,0.5068939328193665,0.5464594960212708,-0.05032295733690262,0.5292540788650513,0.552527904510498,-0.04838192090392113,0.5430372953414917,0.5645544528961182,-0.04226931184530258,v
0.5129666924476624,0.6660308837890625,3.0362474490175373e-07,0.5410993695259094,0.6256046295166016,-0.004549700766801834,0.5568212270736694,0.5814865827560425,-0.010616657324135303,0.5670279264450073,0.5519800782203674,-0.019587846472859383,0.5622917413711548,0.5374119281768799,-0.027580738067626953,0.5186293125152588,0.5150720477104187,-0.009120558388531208,0.5230464935302734,0.45387962460517883,-0.02225186489522457,0.5218848586082458,0.4172815680503845,-0.02992202341556549,0.5181662440299988,0.38740766048431396,-0.03384215757250786,0.49807578325271606,0.5249557495117188,-0.018677420914173126,0.49077048897743225,0.45657896995544434,-0.035503894090652466,0.4853648543357849,0.41146790981292725,-0.04556755721569061,0.4790060222148895,0.37789851427078247,-0.0495276153087616,0.4852343499660492,0.5477179884910583,-0.028695521876215935,0.5137239694595337,0.5116962194442749,-0.05209233984351158,0.5419136881828308,0.5265130996704102,-0.05704055353999138,0.5577256679534912,0.543610155582428,-0.05252990126609802,0.48254477977752686,0.5771884322166443,-0.03874962776899338,0.5082693696022034,0.5477438569068909,-0.05268294736742973,0.5308531522750854,0.5489364862442017,-0.051255762577056885,0.5466776490211487,0.55661940574646,-0.0456550195813179,v
0.5098240375518799,0.663345992565155,3.12039531991104e-07,0.5394465923309326,0.6213226914405823,-0.0043550217524170876,0.5543022751808167,0.5788494348526001,-0.011290024034678936,0.5650684833526611,0.550516664981842,-0.021047893911600113,0.562637209892273,0.5280594229698181,-0.029556836932897568,0.5148311257362366,0.510262131690979,-0.010226658545434475,0.5199497938156128,0.4504722058773041,-0.02298140712082386,0.518661379814148,0.4139760136604309,-0.030575180426239967,0.5148149728775024,0.3839324116706848,-0.034804992377758026,0.49498578906059265,0.5214356184005737,-0.020308954641222954,0.4896526634693146,0.45348966121673584,-0.03688335046172142,0.48455455899238586,0.4093282222747803,-0.04658547416329384,0.47808459401130676,0.37646904587745667,-0.05065212771296501,0.48371970653533936,0.5453259944915771,-0.030783120542764664,0.5173017382621765,0.5078079700469971,-0.053823553025722504,0.5466889142990112,0.5206581950187683,-0.05814134329557419,0.5620728135108948,0.5365245938301086,-0.05385173484683037,0.48395195603370667,0.5753945708274841,-0.04132634773850441,0.5140934586524963,0.5418371558189392,-0.05553716421127319,0.5376123785972595,0.5426286458969116,-0.05387788265943527,0.5532674193382263,0.5502945184707642,-0.04836078733205795,v
0.509458601474762,0.6628180742263794,3.0810488738097774e-07,0.5402436256408691,0.619752049446106,-0.004748610779643059,0.5553902387619019,0.5779096484184265,-0.012284866534173489,0.5671089291572571,0.548594057559967,-0.02264919877052307,0.5650193095207214,0.525221049785614,-0.031352002173662186,0.5173282623291016,0.5087142586708069,-0.012204202823340893,0.5200501680374146,0.44927090406417847,-0.026649510487914085,0.5175380110740662,0.4123966693878174,-0.03472130745649338,0.5125041007995605,0.38196516036987305,-0.03907657787203789,0.4969472289085388,0.5210690498352051,-0.02252812497317791,0.49072614312171936,0.45465660095214844,-0.04184674844145775,0.48555997014045715,0.4097937047481537,-0.05178803205490112,0.4791218042373657,0.37572699785232544,-0.05535666644573212,0.48574718832969666,0.5452079176902771,-0.033269234001636505,0.5225196480751038,0.5108038187026978,-0.05776551738381386,0.5512241721153259,0.5242084264755249,-0.06080169975757599,0.5654469728469849,0.5399218797683716,-0.055050481110811234,0.4868243634700775,0.5748156309127808,-0.04423479735851288,0.5222173929214478,0.5447571277618408,-0.05816393718123436,0.5442725419998169,0.5481702089309692,-0.05529231205582619,0.5562196373939514,0.557076096534729,-0.04867640882730484,v
0.5068427324295044,0.6667061448097229,2.9739086926383607e-07,0.5381948947906494,0.6220384836196899,-0.003232776653021574,0.5537183284759521,0.5809205770492554,-0.010736092925071716,0.5661394000053406,0.5507209897041321,-0.021221891045570374,0.5651364326477051,0.5247671008110046,-0.029971938580274582,0.5127755403518677,0.5152179598808289,-0.012385706417262554,0.5157361626625061,0.45420607924461365,-0.027121620252728462,0.513102650642395,0.4166121482849121,-0.03528453782200813,0.507490336894989,0.3856492042541504,-0.03971974924206734,0.49413368105888367,0.5258585810661316,-0.02362414449453354,0.49183714389801025,0.456726998090744,-0.04396467283368111,0.4871769845485687,0.4109264612197876,-0.05434581637382507,0.48015668988227844,0.37667596340179443,-0.05811010301113129,0.4848659634590149,0.5487301349639893,-0.035003483295440674,0.5232686996459961,0.5138956308364868,-0.05968445912003517,0.5521309971809387,0.5263789892196655,-0.06257079541683197,0.5666532516479492,0.5412154793739319,-0.0567658469080925,0.4875853955745697,0.5777337551116943,-0.046438563615083694,0.5227335095405579,0.5467568039894104,-0.0600522980093956,0.5448612570762634,0.5495250225067139,-0.05671238154172897,0.5572213530540466,0.5583283305168152,-0.04984749108552933,v
0.5078971982002258,0.6662853360176086,3.124320642200473e-07,0.5383289456367493,0.6221208572387695,-0.0036504066083580256,0.5537382960319519,0.58194500207901,-0.011497031897306442,0.5660886764526367,0.5530426502227783,-0.02230389043688774,0.5667135119438171,0.5277630090713501,-0.03165905177593231,0.513229489326477,0.514353334903717,-0.012497999705374241,0.5166801810264587,0.4532043933868408,-0.027158478274941444,0.5143311619758606,0.41529422998428345,-0.035633452236652374,0.5091388821601868,0.3843141794204712,-0.04024919494986534,0.4943981468677521,0.5250791907310486,-0.023435093462467194,0.4925336539745331,0.45679083466529846,-0.04277677461504936,0.4874700605869293,0.41107213497161865,-0.05323678255081177,0.4803283214569092,0.37670883536338806,-0.05731115862727165,0.4846455454826355,0.548634946346283,-0.03455967828631401,0.5226750373840332,0.5141734480857849,-0.058899685740470886,0.5516809821128845,0.5261897444725037,-0.0626334473490715,0.5668455362319946,0.5412628650665283,-0.05756049230694771,0.48674875497817993,0.5786204934120178,-0.04571858048439026,0.5201325416564941,0.5481365919113159,-0.05966560170054436,0.5430471301078796,0.5496212840080261,-0.05700207129120827,0.5572629570960999,0.5575183629989624,-0.05060110613703728,v
0.5121278166770935,0.6621240377426147,3.187210211308411e-07,0.540732204914093,0.6218288540840149,-0.0046738265082240105,0.5554693341255188,0.5809834599494934,-0.011774144135415554,0.5656980872154236,0.5538296103477478,-0.02175762504339218,0.5673606991767883,0.5351151823997498,-0.030495259910821915,0.5165082216262817,0.5134618282318115,-0.010759909637272358,0.5197579860687256,0.45503032207489014,-0.02374374493956566,0.5191143155097961,0.42052072286605835,-0.031230410560965538,0.5163912773132324,0.3911614418029785,-0.03525376692414284,0.49643245339393616,0.5234870910644531,-0.02031455561518669,0.49139705300331116,0.45733407139778137,-0.03768645599484444,0.48644769191741943,0.41302013397216797,-0.048023730516433716,0.48043373227119446,0.37989678978919983,-0.05231272429227829,0.48425084352493286,0.5463791489601135,-0.03012310527265072,0.5154481530189514,0.5149406790733337,-0.05352272465825081,0.5432076454162598,0.5294210910797119,-0.05827435851097107,0.558400571346283,0.5461784601211548,-0.05397776514291763,0.48251214623451233,0.575897753238678,-0.03997666761279106,0.5117660164833069,0.5490239262580872,-0.0538652166724205,0.5341541171073914,0.5510534644126892,-0.0523405559360981,0.5486478209495544,0.5585700869560242,-0.04686852544546127,v
0.5138563513755798,0.6593831777572632,3.635303471583029e-07,0.5412223935127258,0.6243816018104553,-0.010542935691773891,0.5569841861724854,0.5847516059875488,-0.01917899213731289,0.5651447772979736,0.5549786686897278,-0.029565684497356415,0.5609838962554932,0.5395417809486389,-0.0386473685503006,0.5231022834777832,0.5157386660575867,-0.013607070781290531,0.5308901071548462,0.45507562160491943,-0.02803082950413227,0.532733678817749,0.4184759259223938,-0.03653983026742935,0.5315291881561279,0.38780343532562256,-0.04070969298481941,0.5008348226547241,0.522260844707489,-0.020128605887293816,0.49163469672203064,0.4546751379966736,-0.03804467245936394,0.4865225553512573,0.4107297360897064,-0.04882268235087395,0.4810168147087097,0.37789785861968994,-0.05268803611397743,0.48555436730384827,0.5424968600273132,-0.027518581598997116,0.5127671957015991,0.517392635345459,-0.052173975855112076,0.540702223777771,0.5340813994407654,-0.058326005935668945,0.5560858249664307,0.552107572555542,-0.05405236780643463,0.4792691171169281,0.5701688528060913,-0.0353972390294075,0.5038905739784241,0.5495368838310242,-0.04993676394224167,0.5255310535430908,0.5561075210571289,-0.04861527681350708,0.5397148132324219,0.5678305625915527,-0.04271722957491875,v
0.5125235915184021,0.6583303809165955,3.721274310919398e-07,0.5409247279167175,0.6240177750587463,-0.010367697104811668,0.5570994019508362,0.5842227935791016,-0.018414610996842384,0.560577929019928,0.5547800064086914,-0.02834152989089489,0.5483963489532471,0.5412904620170593,-0.037255026400089264,0.5274629592895508,0.5149324536323547,-0.0114740040153265,0.5396113395690918,0.45546919107437134,-0.02630799263715744,0.5439354777336121,0.41884753108024597,-0.035720475018024445,0.5456600785255432,0.38811635971069336,-0.04050495848059654,0.5040568113327026,0.5202479958534241,-0.01823808066546917,0.49282336235046387,0.45094791054725647,-0.03642311319708824,0.4871574640274048,0.4061981737613678,-0.04832496494054794,0.48221278190612793,0.3722396492958069,-0.05303589254617691,0.4871933162212372,0.5405097007751465,-0.025928432121872902,0.505898118019104,0.5136420726776123,-0.05094271898269653,0.5330782532691956,0.5308595299720764,-0.057620152831077576,0.5491164326667786,0.5489704608917236,-0.053712911903858185,0.47852396965026855,0.5689115524291992,-0.033991310745477676,0.49728843569755554,0.5465867519378662,-0.04916016757488251,0.5181675553321838,0.556016206741333,-0.04740407317876816,0.532443642616272,0.5704185366630554,-0.04111139103770256,v
0.5138915777206421,0.6609777212142944,3.699139199397905e-07,0.5420128107070923,0.6269710659980774,-0.01217016950249672,0.5532680153846741,0.5846591591835022,-0.019609441980719566,0.5456237196922302,0.5546531081199646,-0.02852568030357361,0.5284430384635925,0.5403065085411072,-0.036754023283720016,0.5338245630264282,0.5162397027015686,-0.011278234422206879,0.5475581884384155,0.45764803886413574,-0.025897884741425514,0.553625226020813,0.42039674520492554,-0.03548569232225418,0.5567958950996399,0.3893217444419861,-0.0404958613216877,0.5094367265701294,0.5219804048538208,-0.01672479882836342,0.49707701802253723,0.4527539014816284,-0.03419159725308418,0.4909008741378784,0.408234566450119,-0.04560500755906105,0.48479580879211426,0.3733322024345398,-0.05045833811163902,0.4903717637062073,0.5440109968185425,-0.0233645997941494,0.4976845383644104,0.5151692628860474,-0.048118434846401215,0.5196321606636047,0.5386326909065247,-0.05327200889587402,0.5320243239402771,0.5612432956695557,-0.04844563081860542,0.47719675302505493,0.5741537809371948,-0.030535800382494926,0.4862230718135834,0.5492156744003296,-0.04685977101325989,0.5037697553634644,0.5623201727867126,-0.04424750804901123,0.5150913000106812,0.5800425410270691,-0.03716510534286499,v
0.5108871459960938,0.6650955677032471,4.0322549921256723e-07,0.537629246711731,0.6307923793792725,-0.0124406348913908,0.5447425246238708,0.5847126245498657,-0.018730774521827698,0.5323460698127747,0.5546021461486816,-0.026590948924422264,0.5124685168266296,0.5429532527923584,-0.03361700847744942,0.535504937171936,0.5167819261550903,-0.0076020522974431515,0.5528936982154846,0.4579683542251587,-0.02260350063443184,0.5634031891822815,0.42018914222717285,-0.03254343196749687,0.5702465772628784,0.3902369439601898,-0.03752925619482994,0.5113725066184998,0.5208544135093689,-0.01233578473329544,0.49897730350494385,0.4520810842514038,-0.03008960373699665,0.4928789734840393,0.4080604314804077,-0.04181370884180069,0.4870221018791199,0.3736584484577179,-0.046390898525714874,0.49148476123809814,0.5411912798881531,-0.018661757931113243,0.49193698167800903,0.5200504660606384,-0.04395393282175064,0.508698046207428,0.5474206209182739,-0.049255356192588806,0.5182369947433472,0.5705883502960205,-0.04395478218793869,0.4765031337738037,0.5687596797943115,-0.025649061426520348,0.4819086790084839,0.5506600141525269,-0.04300274699926376,0.49656322598457336,0.5684877634048462,-0.0406787283718586,0.5059411525726318,0.5869773626327515,-0.03323143720626831,v
0.5101317167282104,0.6693819165229797,4.410667031606863e-07,0.532478392124176,0.6383600234985352,-0.016249872744083405,0.5381162762641907,0.5972439050674438,-0.025329817086458206,0.5234618186950684,0.5700245499610901,-0.03557371720671654,0.502930760383606,0.5538497567176819,-0.044501546770334244,0.5367068648338318,0.5218439698219299,-0.010251345112919807,0.5563938021659851,0.46399328112602234,-0.027882225811481476,0.5685732364654541,0.42644673585891724,-0.03907312825322151,0.5765372514724731,0.3979698717594147,-0.0443299226462841,0.511060357093811,0.5244764685630798,-0.014215225353837013,0.4991762042045593,0.452897846698761,-0.03442959487438202,0.49356478452682495,0.4086796045303345,-0.04666490852832794,0.48797327280044556,0.37359675765037537,-0.050661057233810425,0.4896670877933502,0.5445533394813538,-0.020402580499649048,0.48631027340888977,0.5263150930404663,-0.04849648475646973,0.501185417175293,0.5584859251976013,-0.053623635321855545,0.5099049210548401,0.581434428691864,-0.04712138697504997,0.4737672805786133,0.5722246766090393,-0.027553409337997437,0.47622859477996826,0.5568411350250244,-0.04619891196489334,0.4880889654159546,0.5785583853721619,-0.043153420090675354,0.4956144094467163,0.5961567163467407,-0.034602969884872437,v
0.5108399987220764,0.6755945682525635,4.5552533833870257e-07,0.5316240191459656,0.6438915729522705,-0.016189878806471825,0.5375714302062988,0.6024852395057678,-0.02507644146680832,0.5191807746887207,0.5773607492446899,-0.03503556177020073,0.4966611862182617,0.5628539323806763,-0.04371098428964615,0.5390280485153198,0.524613618850708,-0.009650583378970623,0.5591337084770203,0.46691417694091797,-0.027738815173506737,0.5721392035484314,0.42950475215911865,-0.0394524522125721,0.5811728239059448,0.4013434052467346,-0.045101482421159744,0.511843740940094,0.5256286263465881,-0.01349093671888113,0.4991549551486969,0.4535457193851471,-0.03386436030268669,0.4931427836418152,0.40913671255111694,-0.04635774716734886,0.48833686113357544,0.37354135513305664,-0.050426241010427475,0.4900984466075897,0.5450617671012878,-0.019625088199973106,0.4839748740196228,0.5299749374389648,-0.04705354943871498,0.49757179617881775,0.5619101524353027,-0.052244409918785095,0.5063539743423462,0.5844501256942749,-0.045982394367456436,0.4742007553577423,0.5732173919677734,-0.026847148314118385,0.47461917996406555,0.5625419616699219,-0.044757336378097534,0.4851159453392029,0.58575040102005,-0.04150500148534775,0.4926859438419342,0.6033456325531006,-0.03286160156130791,v
0.5067267417907715,0.6855757236480713,4.6998744096526934e-07,0.5274712443351746,0.6554049253463745,-0.02133980020880699,0.5307157635688782,0.6100367307662964,-0.030738141387701035,0.5068320035934448,0.5750192999839783,-0.03979519009590149,0.482883095741272,0.551285982131958,-0.04696718230843544,0.5382945537567139,0.5293225646018982,-0.010509799234569073,0.5595961213111877,0.47178933024406433,-0.028068527579307556,0.5734453201293945,0.43402063846588135,-0.039396967738866806,0.5834319591522217,0.4062309265136719,-0.04466193914413452,0.5103156566619873,0.5278136134147644,-0.0110660744830966,0.5007264614105225,0.45490527153015137,-0.030472710728645325,0.4963192343711853,0.41062939167022705,-0.04151531308889389,0.4924508035182953,0.37595194578170776,-0.04427892342209816,0.4879903793334961,0.5461707711219788,-0.014732482843101025,0.476809024810791,0.5295055508613586,-0.04249788448214531,0.48685526847839355,0.5635818243026733,-0.04758340120315552,0.49414896965026855,0.5870353579521179,-0.040662772953510284,0.4716307818889618,0.5733535885810852,-0.01988040655851364,0.4650704860687256,0.5590052604675293,-0.038541167974472046,0.4729185104370117,0.5825214385986328,-0.036037903279066086,0.47984567284584045,0.5997304916381836,-0.02759876661002636,v
0.5047240853309631,0.688356339931488,4.870553311775438e-07,0.5223526954650879,0.6601026058197021,-0.027001066133379936,0.5233617424964905,0.6159741878509521,-0.03836529329419136,0.4979689419269562,0.5795150399208069,-0.047816962003707886,0.47351905703544617,0.5524895787239075,-0.05503939464688301,0.5377339124679565,0.5344136357307434,-0.015405047684907913,0.559195876121521,0.4758550226688385,-0.03278657793998718,0.5738508701324463,0.437577486038208,-0.043614085763692856,0.5844146609306335,0.40897732973098755,-0.04850258305668831,0.5103448629379272,0.5306858420372009,-0.012522918172180653,0.502295970916748,0.45586347579956055,-0.03120909258723259,0.49841243028640747,0.4117621183395386,-0.041044168174266815,0.495243638753891,0.3784356713294983,-0.04284381493926048,0.48788735270500183,0.5469650626182556,-0.013269191607832909,0.4762210249900818,0.53005051612854,-0.04160730540752411,0.4844112992286682,0.564552366733551,-0.048053428530693054,0.49116307497024536,0.5884465575218201,-0.04171520844101906,0.4725152552127838,0.571286141872406,-0.015845520421862602,0.46535348892211914,0.5599216818809509,-0.03671788051724434,0.47317588329315186,0.5863929986953735,-0.036742083728313446,0.4808516502380371,0.6057771444320679,-0.029613330960273743,v
0.5008379817008972,0.687918484210968,5.062472041572619e-07,0.5187568068504333,0.6556774377822876,-0.02421117015182972,0.5173654556274414,0.6101239323616028,-0.03509601205587387,0.4883241057395935,0.5754939317703247,-0.04502732679247856,0.4635273516178131,0.5490247011184692,-0.052951276302337646,0.5354361534118652,0.5356106162071228,-0.012830983847379684,0.5580530166625977,0.47774961590766907,-0.03142309561371803,0.5732671022415161,0.43926897644996643,-0.04321117326617241,0.5846883654594421,0.4101312756538391,-0.04877636954188347,0.5080229043960571,0.5319774150848389,-0.011979414150118828,0.5028822422027588,0.45842310786247253,-0.03253335505723953,0.5003948211669922,0.41416817903518677,-0.04367085173726082,0.4987882077693939,0.37817150354385376,-0.046412065625190735,0.4845370352268219,0.5477617383003235,-0.014677610248327255,0.47116678953170776,0.531964898109436,-0.04479231685400009,0.47866159677505493,0.5684287548065186,-0.05128973722457886,0.485958069562912,0.5917559862136841,-0.04473906755447388,0.46653640270233154,0.5719090104103088,-0.018892653286457062,0.45757150650024414,0.5609416961669922,-0.040352195501327515,0.4646710753440857,0.5886501669883728,-0.03975844755768776,0.4727049469947815,0.6071264147758484,-0.03230532631278038,v
0.502600908279419,0.6940717101097107,5.26191684002697e-07,0.5180472731590271,0.6623764038085938,-0.028019756078720093,0.5133857131004333,0.616321861743927,-0.039972562342882156,0.48277798295021057,0.5827741026878357,-0.05001454055309296,0.45770561695098877,0.5563939213752747,-0.057871803641319275,0.5340605974197388,0.5357898473739624,-0.014044955372810364,0.5555790066719055,0.47884973883628845,-0.03154281899333,0.5702344179153442,0.44039201736450195,-0.04324120655655861,0.5814839601516724,0.4108177423477173,-0.048874322324991226,0.507602870464325,0.5325570702552795,-0.010728114284574986,0.5024335384368896,0.45970553159713745,-0.03025772050023079,0.500928521156311,0.4142419099807739,-0.041290391236543655,0.5007585883140564,0.37677860260009766,-0.043966829776763916,0.4849088788032532,0.5482923984527588,-0.011341096833348274,0.47023043036460876,0.5326027274131775,-0.04065302014350891,0.4766499102115631,0.5704187750816345,-0.04795254021883011,0.48368263244628906,0.5947704315185547,-0.04189835488796234,0.4679129123687744,0.5715819597244263,-0.013821291737258434,0.4561293125152588,0.5579642057418823,-0.03523515909910202,0.4628531336784363,0.5871454477310181,-0.03529379889369011,0.47150886058807373,0.6071826219558716,-0.028182532638311386,v
0.5023489594459534,0.693443775177002,5.150820356902841e-07,0.516604483127594,0.6605472564697266,-0.028706932440400124,0.5095613598823547,0.6169306039810181,-0.041237786412239075,0.4784289002418518,0.5835155248641968,-0.05171976611018181,0.4555995762348175,0.5537989735603333,-0.06003498286008835,0.5315926671028137,0.5372480750083923,-0.01636502332985401,0.5530827641487122,0.4802556037902832,-0.03512732312083244,0.5673285722732544,0.44135788083076477,-0.04810943827033043,0.5789016485214233,0.41151463985443115,-0.05483998730778694,0.506554126739502,0.5325571298599243,-0.012835852801799774,0.5030583143234253,0.46162116527557373,-0.032710473984479904,0.5012644529342651,0.4152541756629944,-0.04445652663707733,0.5014032125473022,0.3771446943283081,-0.04844675213098526,0.48464351892471313,0.5470544099807739,-0.013310062699019909,0.4701085388660431,0.5239936709403992,-0.04109952598810196,0.47385159134864807,0.555321991443634,-0.048081353306770325,0.4794197976589203,0.5768540501594543,-0.043307408690452576,0.46735939383506775,0.5697891116142273,-0.015949305146932602,0.4537256956100464,0.5531343817710876,-0.036927152425050735,0.4580145478248596,0.5775071978569031,-0.037820205092430115,0.46503695845603943,0.5951693654060364,-0.032065946608781815,v
0.5038692951202393,0.6945971846580505,5.081141125629074e-07,0.5143445134162903,0.664042592048645,-0.031059812754392624,0.5050594806671143,0.6193506717681885,-0.04280325770378113,0.4735340476036072,0.5873386859893799,-0.0517016164958477,0.4496678411960602,0.5603451728820801,-0.0581936277449131,0.5287376642227173,0.5395550727844238,-0.0159507617354393,0.5460268259048462,0.480072557926178,-0.0328967422246933,0.5587794780731201,0.4411173164844513,-0.044668857008218765,0.5691312551498413,0.4115874469280243,-0.05058308318257332,0.5037310719490051,0.5356911420822144,-0.010630120523273945,0.49968594312667847,0.4637816250324249,-0.028793133795261383,0.4982479512691498,0.41807621717453003,-0.03999750316143036,0.49849933385849,0.38083142042160034,-0.04352867975831032,0.48201343417167664,0.5503467321395874,-0.009681908413767815,0.4658341407775879,0.5260534286499023,-0.036846328526735306,0.468082457780838,0.5563923716545105,-0.04506765305995941,0.472755491733551,0.5762470960617065,-0.04088359326124191,0.4653385877609253,0.5722410678863525,-0.010993847623467445,0.4496588408946991,0.5511260628700256,-0.031097009778022766,0.452094703912735,0.573398768901825,-0.03246790170669556,0.457843542098999,0.5900197625160217,-0.02725539170205593,v
0.506651759147644,0.6916132569313049,5.19062552939431e-07,0.5169516801834106,0.6614423990249634,-0.03129921481013298,0.5054622888565063,0.6210737228393555,-0.04449549317359924,0.47244706749916077,0.592750608921051,-0.05504927039146423,0.4483805000782013,0.5650895237922668,-0.06313315033912659,0.526352047920227,0.5396812558174133,-0.018520191311836243,0.5414423942565918,0.4801841378211975,-0.03755435720086098,0.5532617568969727,0.44066715240478516,-0.05063660815358162,0.5632721185684204,0.4095968008041382,-0.05728090927004814,0.5015945434570312,0.5366664528846741,-0.01369126234203577,0.49439141154289246,0.4667661190032959,-0.03387941047549248,0.49079465866088867,0.4210485816001892,-0.04568072780966759,0.4898289442062378,0.3825368285179138,-0.04950038716197014,0.48004651069641113,0.5512617230415344,-0.01321314089000225,0.46222129464149475,0.530958890914917,-0.0415806919336319,0.46498116850852966,0.5622349977493286,-0.049101512879133224,0.4706287682056427,0.5817690491676331,-0.04437117651104927,0.463392049074173,0.57347172498703,-0.015119473449885845,0.4468086361885071,0.5585904717445374,-0.035750679671764374,0.45054754614830017,0.5817943215370178,-0.036793194711208344,0.4577801823616028,0.5973522663116455,-0.031244881451129913,v
0.5105016231536865,0.6871126294136047,5.096194968245982e-07,0.5189867615699768,0.6611282229423523,-0.03213399276137352,0.5053237080574036,0.621997594833374,-0.045424170792102814,0.47062674164772034,0.5950993299484253,-0.055500831454992294,0.4461163282394409,0.5685727596282959,-0.06305842846632004,0.5251114964485168,0.5398370027542114,-0.022066110745072365,0.5391836762428284,0.48190295696258545,-0.041619788855314255,0.5497511029243469,0.4419618844985962,-0.054660432040691376,0.5581929683685303,0.41020894050598145,-0.06117328628897667,0.5006589293479919,0.5369876623153687,-0.016928179189562798,0.49186116456985474,0.4663808345794678,-0.03736833482980728,0.4871797561645508,0.42082804441452026,-0.048965152353048325,0.4848884046077728,0.38179999589920044,-0.05245719477534294,0.4803151786327362,0.5521259903907776,-0.015858842059969902,0.4606914520263672,0.5324262380599976,-0.0441410057246685,0.4636668264865875,0.5626733303070068,-0.05140965059399605,0.4694526493549347,0.5805936455726624,-0.046514999121427536,0.46521326899528503,0.5754297971725464,-0.01718709245324135,0.4472886323928833,0.561109721660614,-0.037442028522491455,0.4513024389743805,0.5822716355323792,-0.03812731057405472,0.45859700441360474,0.5957573652267456,-0.032378874719142914,v
0.5109519958496094,0.6832528114318848,5.090803369967034e-07,0.5209245681762695,0.6584296226501465,-0.031538449227809906,0.5071204900741577,0.6223081350326538,-0.045574851334095,0.4723823368549347,0.5972837805747986,-0.056652527302503586,0.44738656282424927,0.5714700818061829,-0.06542527675628662,0.524668276309967,0.5392903685569763,-0.024090629070997238,0.5380387306213379,0.48085281252861023,-0.04438149183988571,0.5471188426017761,0.44046926498413086,-0.057812247425317764,0.5548418164253235,0.4074628949165344,-0.06472837924957275,0.4998977780342102,0.536658525466919,-0.019527198746800423,0.4893438220024109,0.46859443187713623,-0.04083975404500961,0.4825626611709595,0.4222511649131775,-0.05277499184012413,0.4787542521953583,0.38158750534057617,-0.05677270516753197,0.4793427288532257,0.552198588848114,-0.018722843378782272,0.45964929461479187,0.5339627861976624,-0.047040294855833054,0.46337828040122986,0.5635614395141602,-0.053459469228982925,0.4695909321308136,0.5814102292060852,-0.048389919102191925,0.4640125632286072,0.5766485333442688,-0.020306115970015526,0.44586747884750366,0.5643376708030701,-0.04056508466601372,0.450430303812027,0.5854525566101074,-0.04070765897631645,0.4583243727684021,0.5990626215934753,-0.03471657261252403,v
0.5110072493553162,0.6801525950431824,5.229887847235659e-07,0.5229718089103699,0.6566618084907532,-0.031245017424225807,0.5096998810768127,0.6236809492111206,-0.04602089151740074,0.4751821756362915,0.6000975966453552,-0.057949163019657135,0.4503163993358612,0.5735149383544922,-0.06763011962175369,0.525162935256958,0.5384925007820129,-0.025983422994613647,0.5385645627975464,0.47797295451164246,-0.04780039191246033,0.5470573902130127,0.43625080585479736,-0.06188778206706047,0.5543649196624756,0.40229544043540955,-0.06907825171947479,0.49899521470069885,0.5366977453231812,-0.02206111140549183,0.4868083894252777,0.46836990118026733,-0.04450080543756485,0.47683459520339966,0.42208462953567505,-0.05663615092635155,0.470398485660553,0.38124507665634155,-0.06061733141541481,0.4774884581565857,0.5527722239494324,-0.021801795810461044,0.4588366746902466,0.5360838174819946,-0.051061734557151794,0.4641578495502472,0.5675889253616333,-0.056813791394233704,0.47133418917655945,0.5857366919517517,-0.05111708864569664,0.46194010972976685,0.5781283378601074,-0.023895006626844406,0.4459332823753357,0.5696809887886047,-0.04507995769381523,0.4522305130958557,0.5923687815666199,-0.04491422697901726,0.4609390199184418,0.605742335319519,-0.0383882001042366,v
0.5086347460746765,0.6775779128074646,5.119989623381116e-07,0.5267524719238281,0.6496108174324036,-0.030129019170999527,0.5178012251853943,0.611409068107605,-0.043275006115436554,0.4841229319572449,0.5854654312133789,-0.053570523858070374,0.4590320289134979,0.5632385611534119,-0.062161415815353394,0.5298156142234802,0.5319309234619141,-0.02526801824569702,0.5404410362243652,0.4712072014808655,-0.0464836023747921,0.5487334728240967,0.43091171979904175,-0.060281507670879364,0.5555185079574585,0.39763346314430237,-0.06728514283895493,0.5003555417060852,0.5315911173820496,-0.021369680762290955,0.483608603477478,0.46448519825935364,-0.04324768856167793,0.4718441069126129,0.41890645027160645,-0.05529560148715973,0.46354350447654724,0.3802681565284729,-0.05900714173913002,0.4770410358905792,0.5500603318214417,-0.020870378240942955,0.4586697220802307,0.5370051860809326,-0.050038184970617294,0.4645812213420868,0.5706994533538818,-0.0553160086274147,0.4718622863292694,0.591380774974823,-0.04881449416279793,0.4610438346862793,0.5768044590950012,-0.022517355158925056,0.4467814266681671,0.5686689019203186,-0.043750979006290436,0.4526565968990326,0.5924516916275024,-0.0426626093685627,0.4598860740661621,0.6075276732444763,-0.03506191819906235,v
0.514035165309906,0.6784506440162659,5.115105068398407e-07,0.5337859988212585,0.6512660384178162,-0.026289625093340874,0.5309068560600281,0.6144099235534668,-0.039614394307136536,0.504172146320343,0.5910300016403198,-0.05205756053328514,0.47863417863845825,0.5700006484985352,-0.06311715394258499,0.5304418802261353,0.5295997262001038,-0.020703446120023727,0.5456340909004211,0.46701645851135254,-0.04156886041164398,0.5547235608100891,0.4250948429107666,-0.054947055876255035,0.5621311664581299,0.39114928245544434,-0.06193698197603226,0.5028465390205383,0.5305743217468262,-0.020094027742743492,0.4856068193912506,0.4606074094772339,-0.04354284331202507,0.4723971486091614,0.413709819316864,-0.057819634675979614,0.46251288056373596,0.3742874264717102,-0.06308475136756897,0.48142653703689575,0.5501535534858704,-0.02252800390124321,0.4622853696346283,0.5336264371871948,-0.05422859266400337,0.46823036670684814,0.569397509098053,-0.061717692762613297,0.4754176735877991,0.5939594507217407,-0.05621945112943649,0.46684736013412476,0.5778945088386536,-0.026597851887345314,0.44982340931892395,0.5692368745803833,-0.0493260882794857,0.4557517468929291,0.5932971239089966,-0.04956107586622238,0.46473073959350586,0.6098698973655701,-0.04278446361422539,v
0.5155184864997864,0.6722080111503601,5.190937031329668e-07,0.5364659428596497,0.6437073945999146,-0.02602189965546131,0.5346803069114685,0.6052476763725281,-0.0393071211874485,0.5060879588127136,0.577905535697937,-0.051995210349559784,0.4800725281238556,0.5537009835243225,-0.06302651017904282,0.5332349538803101,0.5201964974403381,-0.018045196309685707,0.549941897392273,0.4595538079738617,-0.03994141146540642,0.5607886910438538,0.419406920671463,-0.05393528938293457,0.5700196027755737,0.3871103823184967,-0.06099477410316467,0.5053426623344421,0.5221354365348816,-0.017823034897446632,0.4892676770687103,0.45207563042640686,-0.04181911423802376,0.4769907295703888,0.407535582780838,-0.05580012500286102,0.46789655089378357,0.36945340037345886,-0.06055063754320145,0.4844108819961548,0.5426551699638367,-0.020981639623641968,0.4667900800704956,0.5259743928909302,-0.053750623017549515,0.47468703985214233,0.5620841979980469,-0.06075185164809227,0.48354673385620117,0.5869734883308411,-0.05444183945655823,0.4709246754646301,0.5716897249221802,-0.025803254917263985,0.45587050914764404,0.5635834336280823,-0.04937544837594032,0.4633670151233673,0.5881426930427551,-0.049463607370853424,0.4731326997280121,0.6052794456481934,-0.04222320765256882,v
0.5192938446998596,0.6699123382568359,4.949050662617083e-07,0.5394440293312073,0.6369821429252625,-0.02014193683862686,0.5372931361198425,0.5964882373809814,-0.03096221201121807,0.5091622471809387,0.5735483765602112,-0.042498037219047546,0.4833146333694458,0.5547380447387695,-0.05249040573835373,0.5357422232627869,0.5146472454071045,-0.012659917585551739,0.5528571605682373,0.45380210876464844,-0.03346368297934532,0.5640575885772705,0.414750337600708,-0.04652554169297218,0.5729242563247681,0.38471171259880066,-0.052849192172288895,0.508027195930481,0.5179054141044617,-0.01536244060844183,0.49098333716392517,0.44697582721710205,-0.038297150284051895,0.4802410900592804,0.4018946588039398,-0.05146760120987892,0.47149500250816345,0.3650350272655487,-0.055640898644924164,0.48714157938957214,0.5401016473770142,-0.02103673666715622,0.4705738425254822,0.5258596539497375,-0.05210917815566063,0.4851396083831787,0.5596923232078552,-0.05788955092430115,0.4974144697189331,0.5826663970947266,-0.05105935037136078,0.47337591648101807,0.5713398456573486,-0.028067929670214653,0.4627942740917206,0.5627524852752686,-0.0491938553750515,0.47335684299468994,0.5862634778022766,-0.04721493273973465,0.483914315700531,0.6028396487236023,-0.03891441971063614,v
0.5184108018875122,0.662241518497467,4.687231864863861e-07,0.539476752281189,0.6319190263748169,-0.021775808185338974,0.5410090684890747,0.5943325161933899,-0.03344200551509857,0.5166700482368469,0.5699393153190613,-0.04521794989705086,0.4930848181247711,0.5499033331871033,-0.0553971566259861,0.5366997122764587,0.5104882121086121,-0.016307944431900978,0.5540446639060974,0.4486110210418701,-0.03649047389626503,0.5638118386268616,0.4086085259914398,-0.04881029576063156,0.5698762536048889,0.3778226971626282,-0.05464717745780945,0.5091844797134399,0.5150662064552307,-0.017783593386411667,0.49071571230888367,0.44444483518600464,-0.040491484105587006,0.4799090027809143,0.40123140811920166,-0.053661081939935684,0.4705861508846283,0.3664376437664032,-0.05798129737377167,0.48821595311164856,0.5373356938362122,-0.021937279030680656,0.47765815258026123,0.5272096991539001,-0.052065979689359665,0.4939607083797455,0.5575101971626282,-0.057968150824308395,0.5053156018257141,0.5776710510253906,-0.05164322629570961,0.47375214099884033,0.5663163661956787,-0.027565423399209976,0.4693376421928406,0.5585414171218872,-0.04772532731294632,0.48094356060028076,0.5803629159927368,-0.04576107859611511,0.49004602432250977,0.5960578322410583,-0.037708576768636703,v
0.5200600624084473,0.6583840847015381,4.314479440381547e-07,0.5429475903511047,0.6242536902427673,-0.01656862162053585,0.5459940433502197,0.5839375853538513,-0.025927303358912468,0.5259073972702026,0.5624767541885376,-0.03640904650092125,0.5042305588722229,0.5516316890716553,-0.04570509120821953,0.535040020942688,0.506048858165741,-0.012421680614352226,0.5505739450454712,0.443998247385025,-0.03000427782535553,0.5590208172798157,0.4040534496307373,-0.04089893773198128,0.5632967352867126,0.3731626868247986,-0.04629486799240112,0.5092487335205078,0.5139920115470886,-0.01650376245379448,0.49045881628990173,0.4445280432701111,-0.036678627133369446,0.48019930720329285,0.4010162949562073,-0.049147721379995346,0.4707713723182678,0.3659246861934662,-0.05389374494552612,0.4897765815258026,0.5387861132621765,-0.02265658974647522,0.4844051003456116,0.5225697159767151,-0.05042605474591255,0.5025243163108826,0.5508264899253845,-0.05586927756667137,0.5139281153678894,0.5716698169708252,-0.05003762245178223,0.4767308831214905,0.5701113343238831,-0.029830384999513626,0.47651928663253784,0.5552420616149902,-0.04826837778091431,0.4906182587146759,0.5739773511886597,-0.04552381858229637,0.5006242990493774,0.5900729298591614,-0.03750419244170189,v
0.5220880508422852,0.6509384512901306,4.290649826543813e-07,0.5469844341278076,0.6149271726608276,-0.014330249279737473,0.5528926849365234,0.5729284286499023,-0.023772086948156357,0.5372581481933594,0.5516482591629028,-0.03472423553466797,0.5169000029563904,0.5458731651306152,-0.04477345198392868,0.5344306826591492,0.5021258592605591,-0.014515438117086887,0.5470525026321411,0.44102516770362854,-0.032250452786684036,0.5544026494026184,0.4027332663536072,-0.04350951313972473,0.5583046674728394,0.37146034836769104,-0.04958432912826538,0.5090417265892029,0.5121089816093445,-0.020501596853137016,0.49026599526405334,0.4438791275024414,-0.04081074148416519,0.48045819997787476,0.4000919461250305,-0.05357427895069122,0.4705987274646759,0.36378902196884155,-0.05921493470668793,0.4898218810558319,0.5381641983985901,-0.028052208945155144,0.4887019693851471,0.5162065625190735,-0.055655140429735184,0.5106630325317383,0.5419820547103882,-0.06083318591117859,0.5236607193946838,0.5628615617752075,-0.05552932992577553,0.4773326814174652,0.5712246894836426,-0.03643710911273956,0.48309028148651123,0.5537086725234985,-0.054492343217134476,0.500321626663208,0.5688638091087341,-0.0518011711537838,0.5111563801765442,0.5840755701065063,-0.04451921954751015,v
0.5225285887718201,0.6496951580047607,4.285021191208216e-07,0.5469455718994141,0.6139221787452698,-0.015452586114406586,0.5525702834129333,0.5724345445632935,-0.025199880823493004,0.5371637344360352,0.5501145124435425,-0.03612112998962402,0.517184853553772,0.5408424139022827,-0.0460512600839138,0.5353868007659912,0.5025373697280884,-0.015569660812616348,0.5470630526542664,0.44173455238342285,-0.03383902832865715,0.5535613298416138,0.40299659967422485,-0.045424118638038635,0.5568772554397583,0.3716442584991455,-0.05151691660284996,0.5096303820610046,0.5121036171913147,-0.020779317244887352,0.49059799313545227,0.4443087577819824,-0.04175197333097458,0.4802590012550354,0.400287002325058,-0.05466914549469948,0.47057920694351196,0.36409232020378113,-0.060076601803302765,0.49019354581832886,0.537727415561676,-0.027619648724794388,0.48927465081214905,0.5155531764030457,-0.05575638636946678,0.51045823097229,0.541723370552063,-0.06079386919736862,0.5233800411224365,0.5626983046531677,-0.05509086698293686,0.4775501489639282,0.5704264640808105,-0.035347867757081985,0.4829757511615753,0.5525076985359192,-0.054055355489254,0.49993568658828735,0.5674315094947815,-0.05141352862119675,0.5112501382827759,0.5819978713989258,-0.043808866292238235,v
0.5212855339050293,0.6428585052490234,4.147128720433102e-07,0.5473334789276123,0.6115800142288208,-0.01292817946523428,0.557578444480896,0.574074387550354,-0.021863631904125214,0.5515524744987488,0.552455484867096,-0.0324648842215538,0.5361539721488953,0.546115517616272,-0.042035527527332306,0.5330707430839539,0.4954652488231659,-0.013286462984979153,0.5422753691673279,0.43364250659942627,-0.029530281201004982,0.5474567413330078,0.3955124616622925,-0.03969163820147514,0.5497435927391052,0.3648837208747864,-0.04508107900619507,0.507756769657135,0.5048362016677856,-0.019751733168959618,0.4873729348182678,0.4369136095046997,-0.03882216662168503,0.47728464007377625,0.3932896852493286,-0.051093943417072296,0.4676966369152069,0.3592744469642639,-0.05631934478878975,0.489542156457901,0.531227171421051,-0.02756916917860508,0.4940648078918457,0.5080230236053467,-0.05373737961053848,0.5163562297821045,0.5296607613563538,-0.059612758457660675,0.5291314125061035,0.5496055483818054,-0.054978933185338974,0.479330450296402,0.565116286277771,-0.03610822185873985,0.4899112582206726,0.5467690825462341,-0.05311001092195511,0.5084713697433472,0.5577638149261475,-0.05125680938363075,0.5203226208686829,0.5712196230888367,-0.044635891914367676,v
0.5187085866928101,0.6364749073982239,3.855858494716813e-07,0.5442508459091187,0.5998773574829102,-0.011133416555821896,0.5572656989097595,0.5643844604492188,-0.02055252715945244,0.5615313649177551,0.5416703224182129,-0.03177659586071968,0.555491030216217,0.5275560021400452,-0.0415058471262455,0.5279861688613892,0.489410936832428,-0.01528878416866064,0.5340747237205505,0.4267615079879761,-0.030731188133358955,0.5350186228752136,0.38809454441070557,-0.03953007236123085,0.533550500869751,0.35679537057876587,-0.04379502311348915,0.5029619932174683,0.4986721873283386,-0.02218105085194111,0.48660826683044434,0.4312381446361542,-0.042215391993522644,0.47700372338294983,0.38647621870040894,-0.05429847165942192,0.4681549668312073,0.3520449995994568,-0.05877820402383804,0.48623421788215637,0.5228984951972961,-0.029904991388320923,0.510650098323822,0.49875086545944214,-0.05656774342060089,0.5372066497802734,0.5147781372070312,-0.06356181204319,0.5516732931137085,0.5295847654342651,-0.05932505428791046,0.4804152846336365,0.5539899468421936,-0.03804999962449074,0.5043334364891052,0.5322272181510925,-0.054067324846982956,0.527258574962616,0.5367774963378906,-0.05321066826581955,0.5426015853881836,0.5451366901397705,-0.04725552722811699,v
0.5190982222557068,0.6357431411743164,3.493887561489828e-07,0.54465651512146,0.5984649658203125,-0.00789550319314003,0.5596835017204285,0.560096263885498,-0.015690866857767105,0.5689592361450195,0.5350823402404785,-0.025738652795553207,0.5672729015350342,0.5173538327217102,-0.034334227442741394,0.5236974358558655,0.4878948926925659,-0.013054011389613152,0.5256770849227905,0.4256562292575836,-0.026936622336506844,0.523922860622406,0.3879322111606598,-0.034636616706848145,0.5199648141860962,0.3574778437614441,-0.038275908678770065,0.5004989504814148,0.49879926443099976,-0.021257732063531876,0.4869033098220825,0.42991581559181213,-0.03932972997426987,0.4788624942302704,0.38449960947036743,-0.05021721124649048,0.4713602364063263,0.35147625207901,-0.05417724698781967,0.4862058758735657,0.5234466791152954,-0.030009929090738297,0.5165202021598816,0.4962511956691742,-0.05469045788049698,0.5437564849853516,0.5090933442115784,-0.0615236833691597,0.5583724975585938,0.5231573581695557,-0.057817716151475906,0.4832433760166168,0.5543118119239807,-0.03896846994757652,0.5128607153892517,0.5295276641845703,-0.053718358278274536,0.5365115404129028,0.5313276052474976,-0.05305977910757065,0.5523741245269775,0.5385082960128784,-0.04761270433664322,v
0.5155535936355591,0.6383810043334961,3.355844739871827e-07,0.5442165732383728,0.5958143472671509,-0.006919908802956343,0.5599642395973206,0.5556712746620178,-0.01591275818645954,0.5709955096244812,0.5289707183837891,-0.0273542869836092,0.5707091093063354,0.508786141872406,-0.037567514926195145,0.5212645530700684,0.48494330048561096,-0.016273457556962967,0.5202479958534241,0.4234219193458557,-0.032057639211416245,0.5164706110954285,0.386155903339386,-0.041293274611234665,0.5102047324180603,0.3546278774738312,-0.046527616679668427,0.4995056092739105,0.4980924129486084,-0.02639879286289215,0.4878651201725006,0.4300057291984558,-0.04693101346492767,0.4793943166732788,0.3842756748199463,-0.059063877910375595,0.47028204798698425,0.34964749217033386,-0.06427032500505447,0.48738181591033936,0.525122344493866,-0.0368812121450901,0.521954357624054,0.4937376081943512,-0.0634077712893486,0.5539287328720093,0.5019026398658752,-0.06998541206121445,0.5721668601036072,0.5128699541091919,-0.06653550267219543,0.4875693619251251,0.5579997897148132,-0.04750974476337433,0.5195963978767395,0.5273610949516296,-0.06332419812679291,0.5444924235343933,0.5256863236427307,-0.062423013150691986,0.5613937973976135,0.5299082398414612,-0.057262543588876724,v
0.5121640563011169,0.6368488669395447,2.9888821018175804e-07,0.5426744222640991,0.5896561741828918,-0.005042440257966518,0.5577710270881653,0.5507709980010986,-0.015511454083025455,0.5693090558052063,0.5232269763946533,-0.02866205945611,0.5754027366638184,0.49840590357780457,-0.04055894538760185,0.5172292590141296,0.48330605030059814,-0.01886415295302868,0.5114110112190247,0.4229584038257599,-0.0359448604285717,0.5020785927772522,0.3852893114089966,-0.04635706543922424,0.4908820688724518,0.35335424542427063,-0.05294918268918991,0.49822723865509033,0.49683359265327454,-0.03068988025188446,0.4919585585594177,0.4301541745662689,-0.05304689705371857,0.48224085569381714,0.38342413306236267,-0.06503445655107498,0.4711039364337921,0.34630268812179565,-0.07052493840456009,0.48863205313682556,0.523476243019104,-0.04255437105894089,0.526382327079773,0.48772677779197693,-0.06906959414482117,0.5562489032745361,0.4980003237724304,-0.07206303626298904,0.5725146532058716,0.5107138752937317,-0.06690328568220139,0.49114251136779785,0.5560489892959595,-0.05467881262302399,0.5247735977172852,0.5236145257949829,-0.07105650752782822,0.5492579340934753,0.517615795135498,-0.06903548538684845,0.5657677054405212,0.5169858932495117,-0.06337464600801468,v
0.5101795196533203,0.6381287574768066,1.0846689235677331e-07,0.543093740940094,0.5818355679512024,0.001160565298050642,0.556169331073761,0.5437625646591187,-0.010950989089906216,0.571958065032959,0.5155696272850037,-0.026711544021964073,0.5781137943267822,0.4891713559627533,-0.041707735508680344,0.4996604323387146,0.48845335841178894,-0.01824250817298889,0.4956217408180237,0.4269859790802002,-0.035073015838861465,0.4889104962348938,0.3829323649406433,-0.04611819609999657,0.48225557804107666,0.3506072163581848,-0.05437023937702179,0.4892898201942444,0.5049956440925598,-0.03057076595723629,0.5306993722915649,0.47117823362350464,-0.05160243809223175,0.5552340745925903,0.48523253202438354,-0.05584593489766121,0.5666792392730713,0.4978736937046051,-0.05678073316812515,0.4915616512298584,0.5300779342651367,-0.04250643774867058,0.5355659127235413,0.4925331175327301,-0.06027219817042351,0.5600376129150391,0.4997253119945526,-0.05312275514006615,0.5712450742721558,0.5114114880561829,-0.0461474172770977,0.5031554102897644,0.5570094585418701,-0.05488339066505432,0.5370481014251709,0.5226466059684753,-0.06582361459732056,0.5576855540275574,0.515465497970581,-0.059610653668642044,0.5700576305389404,0.5131307244300842,-0.053333841264247894,v
0.5096950531005859,0.6339529752731323,1.137993095312595e-07,0.541513204574585,0.5790665149688721,-0.00011535578960319981,0.5537588596343994,0.5397272706031799,-0.013087094761431217,0.568662703037262,0.5088179707527161,-0.029405491426587105,0.5786959528923035,0.4829283356666565,-0.04489154741168022,0.4965555965900421,0.49182403087615967,-0.02003399282693863,0.4935240149497986,0.4264548122882843,-0.036440152674913406,0.4872504472732544,0.38286855816841125,-0.04737419635057449,0.48099416494369507,0.35078370571136475,-0.0558936633169651,0.4891309142112732,0.5079770684242249,-0.031856194138526917,0.5338346362113953,0.4718191921710968,-0.05420338734984398,0.5578287839889526,0.4867337942123413,-0.058920592069625854,0.5679275393486023,0.49861153960227966,-0.06003899499773979,0.49498459696769714,0.5304387807846069,-0.043067801743745804,0.5414483547210693,0.49019870162010193,-0.05943470075726509,0.5622183680534363,0.4988548159599304,-0.049926888197660446,0.5699427723884583,0.5104354023933411,-0.04189436137676239,0.5092509984970093,0.5532631874084473,-0.05514512211084366,0.5441074967384338,0.5181514620780945,-0.06461609899997711,0.5620063543319702,0.5116105079650879,-0.05673925206065178,0.5713753700256348,0.5083884000778198,-0.04942028224468231,v
0.5082147717475891,0.6309603452682495,3.2885048995012767e-07,0.5394412279129028,0.5746560096740723,-5.330805288394913e-05,0.5507848262786865,0.5330333709716797,-0.009188145399093628,0.5634208917617798,0.49923568964004517,-0.021861886605620384,0.5753215551376343,0.4717373251914978,-0.0334356427192688,0.49288588762283325,0.49066925048828125,-0.013248253613710403,0.48153677582740784,0.4278371334075928,-0.02885119430720806,0.47165465354919434,0.3878266215324402,-0.03822619467973709,0.4617321193218231,0.3556157648563385,-0.04409054294228554,0.4908393919467926,0.5000463724136353,-0.025924673303961754,0.49298158288002014,0.429519385099411,-0.0466180145740509,0.4886176884174347,0.3828617036342621,-0.056914303451776505,0.48261091113090515,0.34450972080230713,-0.061634697020053864,0.49871891736984253,0.5201401114463806,-0.03838612884283066,0.5419516563415527,0.47174137830734253,-0.06080562621355057,0.564309298992157,0.4791421592235565,-0.060569778084754944,0.5742031931877136,0.49022936820983887,-0.05427666753530502,0.5156328082084656,0.5439573526382446,-0.050816990435123444,0.5485263466835022,0.5061995387077332,-0.06246344372630119,0.5644301772117615,0.4989005923271179,-0.05773453786969185,0.5717971324920654,0.49610623717308044,-0.05111374706029892,v
0.5077961683273315,0.6305779218673706,3.1533764399682696e-07,0.5398223400115967,0.5759984254837036,0.0004300517321098596,0.5511922240257263,0.5344390869140625,-0.007708113174885511,0.5632295608520508,0.5007074475288391,-0.019405819475650787,0.5748129487037659,0.47403663396835327,-0.03004770539700985,0.4932171702384949,0.4903709888458252,-0.01180453784763813,0.4824862480163574,0.42777153849601746,-0.02687397412955761,0.4726319909095764,0.38766342401504517,-0.035884831100702286,0.46257802844047546,0.3554943799972534,-0.04147771745920181,0.49122732877731323,0.4998314678668976,-0.024395234882831573,0.49229785799980164,0.42860281467437744,-0.04478536546230316,0.4880659878253937,0.3816143572330475,-0.05509563162922859,0.48245394229888916,0.34296298027038574,-0.05969208851456642,0.4992704391479492,0.5201023817062378,-0.03673860430717468,0.5430675745010376,0.4723496735095978,-0.0591651126742363,0.5645852088928223,0.48019400238990784,-0.059209585189819336,0.5736433267593384,0.49128955602645874,-0.05290699005126953,0.5162142515182495,0.5441951751708984,-0.04895782098174095,0.5493731498718262,0.5066409707069397,-0.06071123480796814,0.5653343796730042,0.49915432929992676,-0.056193333119153976,0.572685182094574,0.49581509828567505,-0.04961777105927467,v
0.5063589215278625,0.6345338821411133,3.249120936743566e-07,0.5313350558280945,0.5782347917556763,0.001158210914582014,0.5426816344261169,0.5280287861824036,-0.006017469335347414,0.5576266646385193,0.48986130952835083,-0.016733622178435326,0.573230504989624,0.46647995710372925,-0.025553584098815918,0.4851219654083252,0.4975615441799164,-0.01216697134077549,0.4719269275665283,0.4317915737628937,-0.027168067172169685,0.46008649468421936,0.3900046944618225,-0.03545107692480087,0.4460804760456085,0.35873448848724365,-0.04062395915389061,0.48869985342025757,0.5047043561935425,-0.024755332618951797,0.4921101927757263,0.4280339777469635,-0.0467241145670414,0.49019238352775574,0.38051748275756836,-0.05712749436497688,0.48402220010757446,0.3434271514415741,-0.06147366762161255,0.5021131038665771,0.5221032500267029,-0.036673594266176224,0.5472578406333923,0.4660515785217285,-0.05715208873152733,0.5657541751861572,0.4781119227409363,-0.05280052870512009,0.568628191947937,0.49305739998817444,-0.04360904544591904,0.5236437916755676,0.5420488715171814,-0.04873140528798103,0.5604268312454224,0.49730923771858215,-0.05554623156785965,0.5703027248382568,0.5020309090614319,-0.04617559537291527,0.5694990754127502,0.5117911100387573,-0.036777596920728683,v
0.5115516781806946,0.6332480311393738,2.998223180838977e-07,0.5279088616371155,0.5740591883659363,0.0036707199178636074,0.5375798344612122,0.5224727392196655,-0.0033985862974077463,0.5513633489608765,0.48397308588027954,-0.014415508136153221,0.5681167840957642,0.46205806732177734,-0.024065284058451653,0.4842648506164551,0.4962860941886902,-0.013022488914430141,0.46570879220962524,0.4308943450450897,-0.02920016273856163,0.45218631625175476,0.39093804359436035,-0.038379866629838943,0.4378560781478882,0.3612639904022217,-0.04393290355801582,0.48756662011146545,0.5048238039016724,-0.026561204344034195,0.4860883355140686,0.429589182138443,-0.04871803894639015,0.4832594096660614,0.3811613917350769,-0.05978217348456383,0.4778324365615845,0.34493356943130493,-0.0647134929895401,0.5009567737579346,0.5228719711303711,-0.03911866247653961,0.5395668148994446,0.46427804231643677,-0.05947909131646156,0.5626371502876282,0.4677331745624542,-0.05691638961434364,0.5718746185302734,0.4772200584411621,-0.04914126545190811,0.5221761465072632,0.5430059432983398,-0.05143992230296135,0.5542362928390503,0.49517878890037537,-0.05857834964990616,0.5681582093238831,0.489803284406662,-0.05074048787355423,0.5731180310249329,0.4911922216415405,-0.042439959943294525,v
0.513114333152771,0.6334620118141174,2.8090002501812705e-07,0.5274936556816101,0.5709643959999084,0.002665826817974448,0.5339245200157166,0.5207520723342896,-0.004643445368856192,0.5445536375045776,0.48352834582328796,-0.015390412881970406,0.557464599609375,0.4587079584598541,-0.02489504963159561,0.4809741973876953,0.4972730278968811,-0.014866607263684273,0.4606483578681946,0.4350050985813141,-0.03210071474313736,0.4442826807498932,0.3965136706829071,-0.04188257083296776,0.4279589056968689,0.3673367500305176,-0.04764173924922943,0.48354580998420715,0.5070827603340149,-0.028025081381201744,0.478858083486557,0.43298494815826416,-0.05101323872804642,0.47360819578170776,0.3869260847568512,-0.061561767011880875,0.4667499363422394,0.35188740491867065,-0.06582245230674744,0.4970550537109375,0.5251511335372925,-0.04040046036243439,0.5323510766029358,0.46624669432640076,-0.06266604363918304,0.556017279624939,0.46373289823532104,-0.06159878149628639,0.5672984719276428,0.46824589371681213,-0.05458919331431389,0.5185790657997131,0.5453474521636963,-0.052430786192417145,0.5468182563781738,0.4967401325702667,-0.06145746260881424,0.5610491633415222,0.48772162199020386,-0.05457613617181778,0.5679094195365906,0.4855234622955322,-0.046777594834566116,v
0.5156325697898865,0.6314162015914917,2.8043598376825685e-07,0.5391510128974915,0.5656164288520813,0.0018153594573959708,0.5441539883613586,0.5198878645896912,-0.008422235026955605,0.54833984375,0.48553013801574707,-0.02264493703842163,0.5550642013549805,0.45715463161468506,-0.035886745899915695,0.47979477047920227,0.4952097535133362,-0.017087073996663094,0.46329164505004883,0.43475621938705444,-0.03449734300374985,0.4484640955924988,0.39711490273475647,-0.045102667063474655,0.4331708550453186,0.3671601414680481,-0.052199311554431915,0.47977715730667114,0.5074183940887451,-0.03157804161310196,0.4681360423564911,0.43731367588043213,-0.05525936931371689,0.4561229646205902,0.39432549476623535,-0.06537316739559174,0.4429069757461548,0.3591541051864624,-0.0700974315404892,0.49178436398506165,0.5269458293914795,-0.045349590480327606,0.5290043950080872,0.46456393599510193,-0.06790696829557419,0.5530808568000793,0.4665014445781708,-0.06431691348552704,0.5631983876228333,0.475149542093277,-0.0565570704638958,0.513695478439331,0.5466519594192505,-0.05914418399333954,0.5430858135223389,0.4952671229839325,-0.06915638595819473,0.5570153594017029,0.49134692549705505,-0.06137079373002052,0.562859058380127,0.4945138096809387,-0.053456131368875504,v
0.5240261554718018,0.6228619813919067,2.9097083142914926e-07,0.5427226424217224,0.5627231597900391,-0.003933688160032034,0.5477145910263062,0.5172829031944275,-0.014283199794590473,0.5544851422309875,0.48370832204818726,-0.02754468098282814,0.5588805675506592,0.46633875370025635,-0.03967337682843208,0.4919639229774475,0.4757974147796631,-0.016970889642834663,0.47492510080337524,0.42467087507247925,-0.03355947881937027,0.45870110392570496,0.3915407061576843,-0.044735126197338104,0.4426976442337036,0.36440467834472656,-0.052591387182474136,0.4790721535682678,0.4952126145362854,-0.029099715873599052,0.4640617370605469,0.43828272819519043,-0.05044164881110191,0.4470212459564209,0.39656031131744385,-0.062373239547014236,0.4305289685726166,0.36288416385650635,-0.0687447190284729,0.478146493434906,0.5233770608901978,-0.04120001569390297,0.5087812542915344,0.47818028926849365,-0.0647302120923996,0.5397062301635742,0.4762474298477173,-0.066241554915905,0.5586580634117126,0.48294517397880554,-0.06161132827401161,0.48950183391571045,0.5528535842895508,-0.053936369717121124,0.5158535242080688,0.5129132270812988,-0.06825976073741913,0.5378146171569824,0.5011298656463623,-0.06584417074918747,0.5537542700767517,0.49745142459869385,-0.06085962429642677,v
0.5287628769874573,0.620054304599762,3.277556004377402e-07,0.5454083681106567,0.5687525272369385,-0.006586090195924044,0.5508020520210266,0.5237373113632202,-0.015465778298676014,0.5559558272361755,0.49363139271736145,-0.027055859565734863,0.5546857118606567,0.4817487895488739,-0.037359245121479034,0.4981496036052704,0.47613510489463806,-0.014814792200922966,0.4860668182373047,0.4179695248603821,-0.030049744993448257,0.4756689965724945,0.3842388093471527,-0.039260853081941605,0.46393242478370667,0.3574652075767517,-0.04501258581876755,0.4819384813308716,0.49689537286758423,-0.024923790246248245,0.4590721130371094,0.4396921992301941,-0.04573861509561539,0.4408952593803406,0.40053024888038635,-0.058286599814891815,0.423214316368103,0.3731444776058197,-0.06431654840707779,0.4770824909210205,0.5269693732261658,-0.03533725067973137,0.496074914932251,0.485870897769928,-0.06068847328424454,0.5276480317115784,0.48325589299201965,-0.06613289564847946,0.5470188856124878,0.4894331693649292,-0.06262262165546417,0.4846677780151367,0.5588722229003906,-0.046080347150564194,0.5053285956382751,0.5209172368049622,-0.061845600605010986,0.5290654897689819,0.5100288987159729,-0.06158137321472168,0.5459728240966797,0.5090721845626831,-0.057206470519304276,v
0.5330259203910828,0.6216080188751221,3.451498002959852e-07,0.5520638227462769,0.5771138072013855,-0.010674730874598026,0.5567458868026733,0.5315735936164856,-0.018418194726109505,0.5523843765258789,0.5022434592247009,-0.02785399556159973,0.5379221439361572,0.4929410517215729,-0.03617498278617859,0.5078854560852051,0.47833994030952454,-0.012278970330953598,0.4988873302936554,0.41992253065109253,-0.02610662579536438,0.49075138568878174,0.384829580783844,-0.03520490974187851,0.48219528794288635,0.35681214928627014,-0.04021197184920311,0.48815053701400757,0.4956449568271637,-0.018887436017394066,0.4577848017215729,0.43707114458084106,-0.035791195929050446,0.4398016333580017,0.39845287799835205,-0.04754478484392166,0.42526811361312866,0.36988112330436707,-0.05270380526781082,0.47925329208374023,0.5240069031715393,-0.026346983388066292,0.49105894565582275,0.48702865839004517,-0.050223272293806076,0.5189841985702515,0.4872174859046936,-0.05793427303433418,0.536775529384613,0.4945113956928253,-0.05555129051208496,0.4816129207611084,0.5556328296661377,-0.03424939885735512,0.4963296949863434,0.5233149528503418,-0.04962171986699104,0.5185561776161194,0.516364574432373,-0.049727439880371094,0.5368341207504272,0.5186182856559753,-0.04511266574263573,v
0.5336118340492249,0.6223142743110657,3.1999303473639884e-07,0.552668571472168,0.5781152248382568,-0.009918232448399067,0.5568785071372986,0.5313936471939087,-0.01676202192902565,0.5536155104637146,0.5001093149185181,-0.02544291317462921,0.5391825437545776,0.4916326105594635,-0.033039968460798264,0.5085816383361816,0.4789561927318573,-0.011434223502874374,0.49867817759513855,0.4196854829788208,-0.024937493726611137,0.49046120047569275,0.384554922580719,-0.03355374559760094,0.48156189918518066,0.356790155172348,-0.038161858916282654,0.4889868497848511,0.49579620361328125,-0.018094003200531006,0.4578567445278168,0.43724945187568665,-0.0349261537194252,0.4399591088294983,0.3983539938926697,-0.046401094645261765,0.42517152428627014,0.37010470032691956,-0.05126913636922836,0.4802105128765106,0.5237211585044861,-0.025577502325177193,0.4918708801269531,0.48857271671295166,-0.049461979418992996,0.5201030969619751,0.4900817275047302,-0.056897785514593124,0.5378055572509766,0.4985046088695526,-0.054108843207359314,0.482290655374527,0.5549513697624207,-0.03345157578587532,0.4961715340614319,0.5239541530609131,-0.04854118451476097,0.5178582072257996,0.5174480080604553,-0.048404328525066376,0.5353316068649292,0.5203617215156555,-0.04359452426433563,v
0.5313571095466614,0.6269266605377197,3.434055599882413e-07,0.5527879595756531,0.5825520157814026,-0.01418675109744072,0.5527245998382568,0.5311275720596313,-0.021281663328409195,0.536034107208252,0.4984396994113922,-0.02912869118154049,0.5128971338272095,0.4926602244377136,-0.03610885515809059,0.5154777765274048,0.47730985283851624,-0.012109456583857536,0.5109652876853943,0.4167833924293518,-0.026405401527881622,0.5066620707511902,0.37989768385887146,-0.035865508019924164,0.5012105703353882,0.35002565383911133,-0.041136182844638824,0.4934336245059967,0.4924035966396332,-0.01627097651362419,0.46199360489845276,0.4340425431728363,-0.0340137779712677,0.4438912272453308,0.3948667049407959,-0.04621588811278343,0.4281742572784424,0.3653533160686493,-0.05170290917158127,0.4816814064979553,0.5209624171257019,-0.02177979052066803,0.48250043392181396,0.4888283610343933,-0.046959731727838516,0.5116388201713562,0.49420616030693054,-0.0537114217877388,0.5311158895492554,0.5058585405349731,-0.05022379010915756,0.47811758518218994,0.5542559027671814,-0.02790088579058647,0.48273688554763794,0.5251126885414124,-0.04430730268359184,0.5023507475852966,0.5246703624725342,-0.04329980909824371,0.5172910094261169,0.5325502157211304,-0.03784564137458801,v
0.532535970211029,0.6315398216247559,3.4024083106487524e-07,0.5492633581161499,0.5856965780258179,-0.010742361657321453,0.5444822907447815,0.5348137021064758,-0.01624244824051857,0.5274763107299805,0.49898919463157654,-0.02312047779560089,0.506024181842804,0.48477160930633545,-0.029306553304195404,0.5235748887062073,0.4861612617969513,-0.009266338311135769,0.5252615809440613,0.42427223920822144,-0.024095626547932625,0.5256937742233276,0.3855912685394287,-0.034335047006607056,0.5240525603294373,0.35489097237586975,-0.0400494709610939,0.50002121925354,0.4963710308074951,-0.014777607284486294,0.4693608582019806,0.43159911036491394,-0.03192964941263199,0.4521608054637909,0.3898217976093292,-0.0431537926197052,0.43715789914131165,0.3585048317909241,-0.048329222947359085,0.4846848249435425,0.5218274593353271,-0.021479548886418343,0.47615259885787964,0.4891357421875,-0.044719722121953964,0.500144898891449,0.4990527033805847,-0.04910660162568092,0.517097532749176,0.5138641595840454,-0.044892240315675735,0.4761906862258911,0.5537924766540527,-0.028758158907294273,0.47479894757270813,0.5267220139503479,-0.04459604620933533,0.492500901222229,0.531350314617157,-0.0421159528195858,0.5063404440879822,0.5428090691566467,-0.035799723118543625,v
0.5280491709709167,0.6376994848251343,4.0533771539230656e-07,0.5460389852523804,0.6019267439842224,-0.018348265439271927,0.5435429811477661,0.5567178130149841,-0.026879072189331055,0.524986743927002,0.5245294570922852,-0.03553352504968643,0.5047847032546997,0.505804717540741,-0.042509548366069794,0.5314689874649048,0.484991192817688,-0.010933478362858295,0.5383901000022888,0.42331796884536743,-0.02753273770213127,0.5446656942367554,0.3850182890892029,-0.03911791369318962,0.5499267578125,0.35587137937545776,-0.04513619467616081,0.5057223439216614,0.49184927344322205,-0.0127921923995018,0.48011401295661926,0.4260861277580261,-0.030318694189190865,0.4661904275417328,0.3851347267627716,-0.04149283841252327,0.45503363013267517,0.3538891077041626,-0.045959338545799255,0.48722922801971436,0.5157609581947327,-0.01716664992272854,0.4759979248046875,0.48823216557502747,-0.04065225273370743,0.49506282806396484,0.5064521431922913,-0.04474654048681259,0.5088388919830322,0.5243759751319885,-0.03978586196899414,0.4750351011753082,0.5472578406333923,-0.023002825677394867,0.4695647954940796,0.5248452425003052,-0.03921449929475784,0.484127402305603,0.5352404713630676,-0.03659876063466072,0.495388001203537,0.5477628707885742,-0.029570065438747406,v
0.5200355052947998,0.6469086408615112,4.43744994527151e-07,0.5374035239219666,0.6130759716033936,-0.025084568187594414,0.5336989164352417,0.5643237829208374,-0.034769125282764435,0.5073863863945007,0.5270859003067017,-0.04288695752620697,0.4814225435256958,0.5017110705375671,-0.04877101257443428,0.5377649664878845,0.48809003829956055,-0.011776750907301903,0.5508167147636414,0.4256264269351959,-0.028621746227145195,0.5591813325881958,0.3868338465690613,-0.039883825927972794,0.5663946866989136,0.3576456308364868,-0.04543665051460266,0.5105834007263184,0.4911840856075287,-0.009042765013873577,0.4934045076370239,0.42381802201271057,-0.026973100379109383,0.4827319085597992,0.3839161992073059,-0.037060048431158066,0.4748508930206299,0.35280841588974,-0.03974984958767891,0.48992919921875,0.5122357606887817,-0.00983782485127449,0.473530650138855,0.4893249273300171,-0.03611025959253311,0.4840431809425354,0.5191234946250916,-0.040385518223047256,0.49354949593544006,0.5414911508560181,-0.03375096991658211,0.47580963373184204,0.5404912829399109,-0.012491260655224323,0.46457016468048096,0.5229459404945374,-0.031676214188337326,0.47197386622428894,0.5422096848487854,-0.030494937673211098,0.4794016182422638,0.5578545331954956,-0.023263847455382347,v
0.5185585618019104,0.6553473472595215,4.492683842727274e-07,0.5356670618057251,0.6212046146392822,-0.024895276874303818,0.5311075448989868,0.5705066919326782,-0.0344683974981308,0.503274142742157,0.529750406742096,-0.04258135333657265,0.4787016808986664,0.49964776635169983,-0.04841867461800575,0.5436820387840271,0.4948948621749878,-0.011028096079826355,0.560370147228241,0.4339698255062103,-0.02837636135518551,0.5724877119064331,0.394902765750885,-0.040092725306749344,0.5827489495277405,0.365544855594635,-0.04577578231692314,0.5161909461021423,0.49495697021484375,-0.008459486067295074,0.5049039125442505,0.42534419894218445,-0.02635969966650009,0.4986698627471924,0.38345521688461304,-0.03622620180249214,0.49397462606430054,0.35075685381889343,-0.03857927769422531,0.49427759647369385,0.5140541791915894,-0.009545527398586273,0.4762757122516632,0.4913437068462372,-0.0364079512655735,0.48441076278686523,0.5223647952079773,-0.04122165963053703,0.49260252714157104,0.5454849004745483,-0.03447753190994263,0.4786723852157593,0.5417027473449707,-0.012473903596401215,0.4654693603515625,0.5232275724411011,-0.032183896750211716,0.47133758664131165,0.5444880127906799,-0.03123759850859642,0.47837817668914795,0.5616591572761536,-0.023893287405371666,v
0.5202147960662842,0.6635150909423828,4.979479513167462e-07,0.5375480055809021,0.6279439926147461,-0.02589240111410618,0.5309621095657349,0.5757322907447815,-0.03553212061524391,0.5005722045898438,0.5361559391021729,-0.04357108473777771,0.4761550724506378,0.504195511341095,-0.04919065162539482,0.5470489859580994,0.5003575086593628,-0.010710573755204678,0.5668025612831116,0.4387413561344147,-0.02764328382909298,0.5804915428161621,0.39865386486053467,-0.03901637718081474,0.5914968252182007,0.3685947060585022,-0.04435097053647041,0.5196261405944824,0.4990270137786865,-0.007912073284387589,0.5129274725914001,0.4267845153808594,-0.02577388286590576,0.5097492337226868,0.3830210268497467,-0.035479456186294556,0.5073228478431702,0.3489326536655426,-0.03746800869703293,0.49692150950431824,0.5166336894035339,-0.009061598218977451,0.4780645966529846,0.4941890835762024,-0.036589689552783966,0.4853045344352722,0.5273202657699585,-0.04205642268061638,0.49316248297691345,0.550506591796875,-0.03532510995864868,0.47923415899276733,0.5425865650177002,-0.012098544277250767,0.4646681845188141,0.5234572291374207,-0.032387614250183105,0.4711800217628479,0.5479061603546143,-0.03178522735834122,0.4796280860900879,0.5655688643455505,-0.024503985419869423,v
0.5187538266181946,0.66942298412323,5.085135512672423e-07,0.5357384085655212,0.6319007873535156,-0.02773664891719818,0.529633104801178,0.5781511068344116,-0.037127841264009476,0.49907463788986206,0.5375142097473145,-0.044432058930397034,0.473929762840271,0.5050051808357239,-0.04932520538568497,0.5501962900161743,0.503699004650116,-0.010038763284683228,0.570311963558197,0.4413028061389923,-0.025231627747416496,0.5837044715881348,0.400799959897995,-0.03576438128948212,0.5947874188423157,0.369897723197937,-0.040754687041044235,0.5225608944892883,0.5011619925498962,-0.0058439322747290134,0.5184064507484436,0.4277338981628418,-0.021916143596172333,0.5165471434593201,0.3835495710372925,-0.031206196174025536,0.5155263543128967,0.3495562970638275,-0.033215828239917755,0.4988066554069519,0.5178346037864685,-0.0058437311090528965,0.4805416166782379,0.4913334548473358,-0.032491035759449005,0.48616570234298706,0.5245813131332397,-0.03879471868276596,0.49314212799072266,0.548662006855011,-0.03279663249850273,0.4801219403743744,0.541650652885437,-0.007840885780751705,0.46563223004341125,0.5169376134872437,-0.02787911705672741,0.47068819403648376,0.540846586227417,-0.027839412912726402,0.4780941605567932,0.5596317052841187,-0.021135784685611725,v
0.5194812417030334,0.6700969934463501,5.059901013737544e-07,0.5360135436058044,0.6321045756340027,-0.024803277105093002,0.5294405817985535,0.5786257982254028,-0.0339454784989357,0.5000625848770142,0.5397056937217712,-0.04177572950720787,0.4752088487148285,0.5084701776504517,-0.04741212725639343,0.5503853559494019,0.50645512342453,-0.009456588886678219,0.5707629919052124,0.445425420999527,-0.025786161422729492,0.5844272375106812,0.4053381383419037,-0.03695976734161377,0.5956120491027832,0.37470000982284546,-0.042394332587718964,0.5231245756149292,0.5025721192359924,-0.00719249714165926,0.5206894874572754,0.4295629560947418,-0.02431338280439377,0.5199586153030396,0.38451191782951355,-0.03383880481123924,0.5198745727539062,0.3488745093345642,-0.03612414747476578,0.49880853295326233,0.5181787610054016,-0.00890217162668705,0.4811233878135681,0.4902115762233734,-0.03487352281808853,0.486516535282135,0.5222894549369812,-0.040334783494472504,0.4929293692111969,0.5450368523597717,-0.034366168081760406,0.4792899787425995,0.5420821905136108,-0.012507236562669277,0.46576517820358276,0.5193508267402649,-0.031160183250904083,0.4706112742424011,0.5426957607269287,-0.03033534064888954,0.4775421619415283,0.5599743127822876,-0.023583916947245598,v
0.519081711769104,0.6719633340835571,5.106222715767217e-07,0.5352890491485596,0.635416567325592,-0.024532249197363853,0.5289848446846008,0.582637369632721,-0.033693935722112656,0.4999379515647888,0.5438194274902344,-0.041781794279813766,0.475386381149292,0.5116451382637024,-0.04771561175584793,0.5525922775268555,0.5111371278762817,-0.00987760815769434,0.5737460255622864,0.44812673330307007,-0.026185225695371628,0.5875142216682434,0.4071202874183655,-0.03709157556295395,0.599223792552948,0.3754410445690155,-0.04215092584490776,0.5253446698188782,0.5056461691856384,-0.00777370436117053,0.5234597325325012,0.43174487352371216,-0.024950871244072914,0.5229033827781677,0.3855428695678711,-0.03441666439175606,0.523921012878418,0.3491118550300598,-0.03658764064311981,0.5012310743331909,0.519149661064148,-0.009556792676448822,0.48418599367141724,0.4919854402542114,-0.035386838018894196,0.4872666597366333,0.5255130529403687,-0.040600501000881195,0.4925096035003662,0.5494577884674072,-0.03428294137120247,0.4817338287830353,0.5406460762023926,-0.013258903287351131,0.4670524597167969,0.5161260366439819,-0.031176410615444183,0.47077676653862,0.5392987132072449,-0.02975553274154663,0.4774705767631531,0.5577728748321533,-0.02254774607717991,v
0.5220397114753723,0.6753478646278381,5.217829652792716e-07,0.5388361215591431,0.6361324787139893,-0.027075761929154396,0.5305376648902893,0.5824040770530701,-0.035766229033470154,0.4987826645374298,0.5435726046562195,-0.042429227381944656,0.4751807153224945,0.511829674243927,-0.04652439430356026,0.5559252500534058,0.5129655003547668,-0.010816015303134918,0.5768449902534485,0.45067858695983887,-0.027605323120951653,0.591457724571228,0.41035720705986023,-0.03879574313759804,0.6038594245910645,0.37898796796798706,-0.04379165172576904,0.528367817401886,0.5081121921539307,-0.007258763536810875,0.5255911350250244,0.4331014156341553,-0.0248048547655344,0.5252994894981384,0.38580411672592163,-0.03472984954714775,0.5269895195960999,0.3475795090198517,-0.03695530444383621,0.5042330622673035,0.5215626358985901,-0.008010857738554478,0.48534220457077026,0.4959753453731537,-0.03525871783494949,0.48637330532073975,0.5295677781105042,-0.04205327481031418,0.4909013509750366,0.5532770156860352,-0.03604725003242493,0.4853534698486328,0.5430881381034851,-0.010807517915964127,0.46885865926742554,0.5198198556900024,-0.029634112492203712,0.4712105095386505,0.5423652529716492,-0.029111461713910103,0.4768998622894287,0.5604681968688965,-0.022208280861377716,v
0.5255182385444641,0.6726897954940796,5.1675033319043e-07,0.5409299731254578,0.6353732943534851,-0.027004262432456017,0.5320494174957275,0.5855014324188232,-0.03693925961852074,0.4995812177658081,0.5481374263763428,-0.04478539898991585,0.475124329328537,0.5173903703689575,-0.05027559772133827,0.5581283569335938,0.5143573880195618,-0.013852972537279129,0.5785800218582153,0.4541894495487213,-0.03072313405573368,0.5926026701927185,0.41391897201538086,-0.041925184428691864,0.6044219136238098,0.38167136907577515,-0.04720050096511841,0.5315172672271729,0.5080098509788513,-0.010178475640714169,0.5296360850334167,0.43476155400276184,-0.02753646858036518,0.5296137928962708,0.3884553909301758,-0.0370970293879509,0.5316583514213562,0.35065925121307373,-0.03940124437212944,0.5082393884658813,0.5204091668128967,-0.010492959059774876,0.48764434456825256,0.49465274810791016,-0.03706791624426842,0.4855685532093048,0.5272071957588196,-0.04384652152657509,0.48827865719795227,0.5509951710700989,-0.03833884745836258,0.4906615912914276,0.5407887697219849,-0.012831590138375759,0.47261324524879456,0.5200047492980957,-0.03135586902499199,0.47289180755615234,0.5414222478866577,-0.03158991411328316,0.4774170219898224,0.558859646320343,-0.025547245517373085,v
0.5269919037818909,0.6712813377380371,5.350198648557125e-07,0.5419923067092896,0.6367369890213013,-0.029183657839894295,0.5323773622512817,0.5884749889373779,-0.04009587690234184,0.4995930790901184,0.551389217376709,-0.04841107875108719,0.47613444924354553,0.5194987654685974,-0.054244592785835266,0.5584784746170044,0.5157482028007507,-0.016043178737163544,0.5793498158454895,0.45563995838165283,-0.03377242758870125,0.5935660600662231,0.41503453254699707,-0.04549780860543251,0.6052203178405762,0.38293442130088806,-0.050992365926504135,0.5319170355796814,0.5098162889480591,-0.01143760234117508,0.5305428504943848,0.436474472284317,-0.029888227581977844,0.531380832195282,0.3896574378013611,-0.039846863597631454,0.5339011549949646,0.35168564319610596,-0.04220400005578995,0.5084922909736633,0.5225763916969299,-0.0109837856143713,0.4890413284301758,0.498808354139328,-0.03851521760225296,0.48907849192619324,0.532465398311615,-0.045168034732341766,0.49294233322143555,0.5562295317649841,-0.039406053721904755,0.49018698930740356,0.5436890721321106,-0.01268578227609396,0.4721987545490265,0.5247536897659302,-0.032051630318164825,0.4746636152267456,0.5480038523674011,-0.032076891511678696,0.4811633229255676,0.5656774044036865,-0.02572743035852909,v
0.5263534188270569,0.6690652370452881,5.424303139989206e-07,0.5429064035415649,0.638088583946228,-0.029206642881035805,0.5349275469779968,0.5933219790458679,-0.04118579253554344,0.5025041699409485,0.5575854182243347,-0.050899144262075424,0.4773080348968506,0.5273746252059937,-0.05849399417638779,0.5603404641151428,0.5164117217063904,-0.016969438642263412,0.5798532366752625,0.457978755235672,-0.035481009632349014,0.5938268303871155,0.41766494512557983,-0.04809509590268135,0.6060479879379272,0.38522806763648987,-0.05458347871899605,0.5336862206459045,0.5088387131690979,-0.012822382152080536,0.5330392122268677,0.4374215304851532,-0.03212498873472214,0.5333947539329529,0.39014607667922974,-0.043321721255779266,0.5360211730003357,0.3515789210796356,-0.04693231359124184,0.5099735856056213,0.5212603807449341,-0.01267556194216013,0.4909788966178894,0.4960644841194153,-0.040268298238515854,0.4891062080860138,0.5281208157539368,-0.04722776263952255,0.49202656745910645,0.5518326759338379,-0.042288027703762054,0.49094703793525696,0.543283998966217,-0.014737056568264961,0.47295138239860535,0.5256642699241638,-0.0347660668194294,0.4741034209728241,0.5482270121574402,-0.035599108785390854,0.4797559976577759,0.5657391548156738,-0.030032718554139137,v
0.5298757553100586,0.670851469039917,5.324890253177728e-07,0.5447645783424377,0.6429476737976074,-0.03241654112935066,0.5360845923423767,0.5974736213684082,-0.045434851199388504,0.5044873952865601,0.559271514415741,-0.05517164245247841,0.47900334000587463,0.527768611907959,-0.06255078315734863,0.5617167949676514,0.5176340937614441,-0.02054557390511036,0.5807312726974487,0.4586620628833771,-0.03922496736049652,0.5946679711341858,0.4180004298686981,-0.051913339644670486,0.6065462827682495,0.385299950838089,-0.05830761045217514,0.535550594329834,0.5108312964439392,-0.014355435036122799,0.5336564779281616,0.4379841983318329,-0.03374816104769707,0.5340749621391296,0.39004629850387573,-0.04466111212968826,0.5364720225334167,0.3508029580116272,-0.047813065350055695,0.5127202868461609,0.5234265327453613,-0.012250094674527645,0.49254903197288513,0.49651065468788147,-0.03989703953266144,0.4902093708515167,0.5274583697319031,-0.046917445957660675,0.4928303360939026,0.550804078578949,-0.04170409217476845,0.4952647089958191,0.5451903343200684,-0.012556378729641438,0.4762205183506012,0.5248740315437317,-0.032539527863264084,0.4760037958621979,0.5464468598365784,-0.033414795994758606,0.4803222119808197,0.5641242265701294,-0.027671869844198227,v
0.5323153734207153,0.66774582862854,5.438068910734728e-07,0.5461552739143372,0.6368575096130371,-0.0292360782623291,0.5361576676368713,0.5918176174163818,-0.04167640209197998,0.5032469630241394,0.5585364699363708,-0.05161884427070618,0.4774430990219116,0.5299391150474548,-0.05951494723558426,0.5609892010688782,0.5153091549873352,-0.01938926987349987,0.5809726119041443,0.4577169418334961,-0.0382809117436409,0.5947228670120239,0.417854905128479,-0.051126014441251755,0.606410801410675,0.38570094108581543,-0.05773307383060455,0.535376250743866,0.5088260173797607,-0.014968891628086567,0.5332545638084412,0.4375648498535156,-0.03455502539873123,0.5340291857719421,0.3897339701652527,-0.045926619321107864,0.5367560386657715,0.3495824337005615,-0.04975238814949989,0.512782096862793,0.5214365124702454,-0.014313955791294575,0.49215054512023926,0.49675050377845764,-0.04103746637701988,0.490057110786438,0.5265972018241882,-0.04830129072070122,0.4926111698150635,0.5480120778083801,-0.04401877894997597,0.4951554536819458,0.5429437756538391,-0.015870997682213783,0.475802481174469,0.5262970924377441,-0.03498504310846329,0.47567135095596313,0.5474221706390381,-0.03603732958436012,0.480171263217926,0.5632330179214478,-0.03098316118121147,v
0.5315099954605103,0.6669867038726807,5.416684416559292e-07,0.5457136631011963,0.6382038593292236,-0.03030727617442608,0.536180853843689,0.5939562320709229,-0.04252690076828003,0.5031616687774658,0.5601261258125305,-0.05186200886964798,0.47743794322013855,0.5317659974098206,-0.05900909751653671,0.5617421865463257,0.5158504843711853,-0.019438400864601135,0.5807188749313354,0.45706531405448914,-0.03799794986844063,0.5946059226989746,0.41679084300994873,-0.05072177201509476,0.6068371534347534,0.38431817293167114,-0.05726703628897667,0.536240816116333,0.5089684128761292,-0.014224745333194733,0.5347661972045898,0.436913400888443,-0.033359549939632416,0.5345523953437805,0.3890645503997803,-0.04500262066721916,0.5365025997161865,0.34945470094680786,-0.04909644275903702,0.5139017701148987,0.5210224390029907,-0.012856160290539265,0.49304771423339844,0.4940114915370941,-0.039655912667512894,0.4896811544895172,0.5238860845565796,-0.047424908727407455,0.49156907200813293,0.5468378663063049,-0.04340958222746849,0.49645721912384033,0.542090892791748,-0.013720489107072353,0.4766344428062439,0.5229414105415344,-0.032960180193185806,0.4754112958908081,0.5435558557510376,-0.034269385039806366,0.4789387881755829,0.5603446960449219,-0.02937530167400837,v
