0.31575775146484375,0.7728130221366882,8.689730890409919e-08,0.3440782129764557,0.7509318590164185,-0.012987117283046246,0.3618793189525604,0.7021594643592834,-0.02115211822092533,0.36373746395111084,0.6594575643539429,-0.028454329818487167,0.3431943356990814,0.6379801630973816,-0.034550849348306656,0.3503776788711548,0.6362593173980713,-0.006303195375949144,0.35835692286491394,0.5794779062271118,-0.01534419134259224,0.3654080331325531,0.5395544767379761,-0.020877590402960777,0.36887413263320923,0.5069199204444885,-0.02577821910381317,0.32589051127433777,0.6313196420669556,-0.010143673047423363,0.33655431866645813,0.5907896757125854,-0.03110644966363907,0.3419257700443268,0.6164730191230774,-0.035908520221710205,0.34523963928222656,0.640082836151123,-0.03188953176140785,0.3005392253398895,0.635083794593811,-0.016861800104379654,0.29979294538497925,0.5788574814796448,-0.032920122146606445,0.29813188314437866,0.5368583798408508,-0.03978291153907776,0.2957916855812073,0.5001461505889893,-0.04189556837081909,0.2779305875301361,0.6514285802841187,-0.024464629590511322,0.25510239601135254,0.619361400604248,-0.0338728092610836,0.24022500216960907,0.5993905067443848,-0.035748180001974106,0.22599934041500092,0.5790035724639893,-0.036524441093206406,h
0.3129022419452667,0.7759794592857361,1.1123356102871185e-07,0.34455519914627075,0.7528815269470215,-0.015114628709852695,0.3646065294742584,0.6999998092651367,-0.023294920101761818,0.36379745602607727,0.6548356413841248,-0.03033383935689926,0.3415711224079132,0.633086085319519,-0.036107245832681656,0.34957218170166016,0.6362459659576416,-0.004767957609146833,0.35610446333885193,0.5772646069526672,-0.012605705298483372,0.36209002137184143,0.5385240912437439,-0.016948152333498,0.36558133363723755,0.5074114799499512,-0.021209077909588814,0.32397446036338806,0.6310688257217407,-0.007976209744811058,0.332120418548584,0.5859612226486206,-0.031517140567302704,0.33825212717056274,0.6162338852882385,-0.03721677139401436,0.34282276034355164,0.6480491757392883,-0.031763508915901184,0.29815036058425903,0.6344103217124939,-0.014251748099923134,0.2956985831260681,0.5795260667800903,-0.029906537383794785,0.29667770862579346,0.5367436408996582,-0.03770195320248604,0.2969104051589966,0.49829158186912537,-0.03989608958363533,0.274569571018219,0.650408923625946,-0.021806124597787857,0.25162678956985474,0.6208826303482056,-0.029956139624118805,0.23846696317195892,0.601428210735321,-0.03238607570528984,0.22567181289196014,0.5803425908088684,-0.033591147512197495,h
0.3107560873031616,0.776190996170044,8.850172861230021e-08,0.34381479024887085,0.7527346611022949,-0.014065379276871681,0.36504921317100525,0.6991857886314392,-0.02137334831058979,0.3643714487552643,0.6541435122489929,-0.02763884887099266,0.34122759103775024,0.6349256038665771,-0.03276903182268143,0.34804850816726685,0.6370808482170105,-0.006639090832322836,0.35556450486183167,0.5765010118484497,-0.015523853711783886,0.3623594641685486,0.5378462076187134,-0.02059849165380001,0.36692357063293457,0.5056134462356567,-0.02527264878153801,0.32324182987213135,0.6315577030181885,-0.00971019733697176,0.3316396176815033,0.589153528213501,-0.033726274967193604,0.33940133452415466,0.6168320178985596,-0.040286801755428314,0.34425508975982666,0.6472075581550598,-0.03600752726197243,0.29803621768951416,0.6349586844444275,-0.015568820759654045,0.29600954055786133,0.5784826874732971,-0.03198136016726494,0.29675769805908203,0.5359439253807068,-0.0410185270011425,0.2964484691619873,0.499192476272583,-0.04419520124793053,0.275001585483551,0.6501875519752502,-0.02251182496547699,0.2530602812767029,0.6208317279815674,-0.03172265365719795,0.23978982865810394,0.6012853384017944,-0.03568001836538315,0.22675903141498566,0.581054151058197,-0.03796315938234329,h
0.310183584690094,0.7753013372421265,1.242680980340083e-07,0.3433975875377655,0.7524297833442688,-0.015027418732643127,0.3642213046550751,0.6987677812576294,-0.02282663621008396,0.3629257082939148,0.6531833410263062,-0.02955719828605652,0.3401903212070465,0.6319999694824219,-0.03504253923892975,0.3476220667362213,0.6372239589691162,-0.006596256047487259,0.35489845275878906,0.575061559677124,-0.015043349005281925,0.3624587953090668,0.5363394021987915,-0.01970917358994484,0.36754217743873596,0.5045924186706543,-0.02402481995522976,0.3229600489139557,0.6318817138671875,-0.0092310206964612,0.33119913935661316,0.5868349671363831,-0.03305419534444809,0.3389770984649658,0.61313796043396,-0.039495255798101425,0.34392690658569336,0.6437976360321045,-0.03493303060531616,0.2979089021682739,0.6355487108230591,-0.014709189534187317,0.2954176962375641,0.5786635875701904,-0.030627992004156113,0.29615023732185364,0.5361478328704834,-0.0391651876270771,0.2958650290966034,0.5000898241996765,-0.04192320629954338,0.2748938500881195,0.651198148727417,-0.021455198526382446,0.2535810172557831,0.6212496161460876,-0.030362946912646294,0.24050308763980865,0.6014651656150818,-0.0340723879635334,0.22744271159172058,0.581332266330719,-0.036093275994062424,h
0.31080642342567444,0.7755493521690369,1.2417164896305621e-07,0.3442343473434448,0.7518011331558228,-0.014824637211859226,0.3647741675376892,0.6972296237945557,-0.022522879764437675,0.36276909708976746,0.6512887477874756,-0.02933439053595066,0.3387305438518524,0.6306847333908081,-0.03509734943509102,0.34859874844551086,0.6356379389762878,-0.004938601050525904,0.35600537061691284,0.5744717717170715,-0.012374358251690865,0.36270371079444885,0.5360494256019592,-0.01662970520555973,0.36672133207321167,0.5044819116592407,-0.02101888507604599,0.3233797550201416,0.631131112575531,-0.007949474267661572,0.32961881160736084,0.5833030343055725,-0.030876878648996353,0.33650869131088257,0.6097094416618347,-0.03750941529870033,0.34135180711746216,0.6410086750984192,-0.03333592414855957,0.29803547263145447,0.6356668472290039,-0.013761648908257484,0.2949507236480713,0.5793378949165344,-0.02848682552576065,0.29602164030075073,0.5373387932777405,-0.03639952465891838,0.296052485704422,0.5019120573997498,-0.03906763717532158,0.2748869061470032,0.6524783372879028,-0.020985674113035202,0.2532682716846466,0.6221634745597839,-0.029127415269613266,0.24021515250205994,0.601960301399231,-0.03251207619905472,0.22723336517810822,0.5815330743789673,-0.034527793526649475,h
0.31019237637519836,0.7755305767059326,1.1549128231536088e-07,0.3433886170387268,0.7526791095733643,-0.014916965737938881,0.36421722173690796,0.6969370245933533,-0.022300442680716515,0.36223384737968445,0.6502776741981506,-0.028747981414198875,0.3372271955013275,0.6310957074165344,-0.0340677946805954,0.34847450256347656,0.6354271173477173,-0.004130522254854441,0.3559674918651581,0.5742752552032471,-0.01092352531850338,0.3624632656574249,0.5364815592765808,-0.014674919657409191,0.3663407564163208,0.5049018263816833,-0.01887975074350834,0.3232540488243103,0.6307929754257202,-0.007230456918478012,0.3287721872329712,0.5831598043441772,-0.030112361535429955,0.33581334352493286,0.6103797554969788,-0.0367312990128994,0.34101828932762146,0.6422184109687805,-0.03243077173829079,0.2979064881801605,0.6353052258491516,-0.013180043548345566,0.2946540117263794,0.5785958766937256,-0.027909310534596443,0.29548585414886475,0.5360843539237976,-0.036037787795066833,0.29538214206695557,0.4999489188194275,-0.03880816698074341,0.2746316194534302,0.6522712111473083,-0.020564576610922813,0.25291481614112854,0.6214759945869446,-0.028592029586434364,0.23955819010734558,0.6014613509178162,-0.03206709027290344,0.226162850856781,0.5810993909835815,-0.034225575625896454,h
0.31046393513679504,0.7759902477264404,1.0770696690087789e-07,0.343848317861557,0.7522318959236145,-0.014470820315182209,0.3644731044769287,0.6975409388542175,-0.022138087078928947,0.3625996708869934,0.6511793732643127,-0.02892667055130005,0.3380511403083801,0.6316636800765991,-0.034640002995729446,0.34871208667755127,0.6359879970550537,-0.0047112079337239265,0.3561924695968628,0.5750902891159058,-0.012004813179373741,0.36227497458457947,0.5371207594871521,-0.015985315665602684,0.3658054769039154,0.5054545402526855,-0.02029600739479065,0.32324475049972534,0.6308596730232239,-0.008105287328362465,0.3296680152416229,0.5832444429397583,-0.03132762014865875,0.3363319933414459,0.6111621856689453,-0.0378728061914444,0.3411925435066223,0.6428835391998291,-0.03352127969264984,0.2976427972316742,0.6352965235710144,-0.01425222959369421,0.29502350091934204,0.5780879259109497,-0.029379690065979958,0.29590293765068054,0.535700261592865,-0.03741036355495453,0.29595932364463806,0.49959877133369446,-0.04011717811226845,0.27418357133865356,0.6522990465164185,-0.021725084632635117,0.25214144587516785,0.6218088865280151,-0.030015556141734123,0.23882025480270386,0.6019953489303589,-0.03335987776517868,0.22565829753875732,0.5817348957061768,-0.03539694473147392,h
0.31055471301078796,0.777973473072052,1.083483951447306e-07,0.34425705671310425,0.7539539337158203,-0.0139750512316823,0.3645327389240265,0.6979961395263672,-0.020960457623004913,0.36253613233566284,0.6513792872428894,-0.027040893211960793,0.3385130763053894,0.6321489214897156,-0.032013848423957825,0.3480931222438812,0.6364400386810303,-0.0035981065593659878,0.3556773066520691,0.5757485628128052,-0.010738913901150227,0.3618510663509369,0.5375182628631592,-0.014784949831664562,0.36544132232666016,0.5059609413146973,-0.019046418368816376,0.3227987289428711,0.631183922290802,-0.006948024500161409,0.3294532597064972,0.5812973976135254,-0.0296904519200325,0.3362885117530823,0.6087349653244019,-0.03596742823719978,0.3413132429122925,0.6411113142967224,-0.03125418722629547,0.29731446504592896,0.6355015635490417,-0.013051209039986134,0.2945827841758728,0.5779162645339966,-0.027772510424256325,0.2960873544216156,0.5356705784797668,-0.03559986501932144,0.2968740463256836,0.499848872423172,-0.03798465058207512,0.27396056056022644,0.6525835394859314,-0.02044660970568657,0.2517986297607422,0.6221094727516174,-0.028307106345891953,0.2386438548564911,0.6019237637519836,-0.03135453537106514,0.22569230198860168,0.5815563797950745,-0.03307510167360306,h
0.3103351294994354,0.7763680219650269,1.097323618637347e-07,0.34412363171577454,0.7517528533935547,-0.01374141313135624,0.3644028902053833,0.6967070698738098,-0.02067444659769535,0.36238837242126465,0.6511070728302002,-0.026850968599319458,0.33823302388191223,0.6329018473625183,-0.031984973698854446,0.3477678596973419,0.6345351338386536,-0.0035665181931108236,0.35594066977500916,0.5743839740753174,-0.01055880170315504,0.36207377910614014,0.5365338325500488,-0.014392582699656487,0.3657340705394745,0.5056982040405273,-0.018424851819872856,0.32252824306488037,0.6297935247421265,-0.006726692896336317,0.3282839059829712,0.5821033716201782,-0.02919795922935009,0.3349292278289795,0.6085046529769897,-0.035446133464574814,0.3402941823005676,0.6390630006790161,-0.030903946608304977,0.29694628715515137,0.6339328289031982,-0.012612294405698776,0.2937591075897217,0.5779646039009094,-0.027088705450296402,0.29540228843688965,0.536605715751648,-0.034892018884420395,0.29664409160614014,0.5013463497161865,-0.03736826777458191,0.2736990451812744,0.6503130793571472,-0.019796032458543777,0.2513749301433563,0.6213786602020264,-0.027758825570344925,0.23826992511749268,0.6020625829696655,-0.031079817563295364,0.22588488459587097,0.5821808576583862,-0.03292497619986534,h
0.31043627858161926,0.7767865061759949,1.0583816134612789e-07,0.3440714180469513,0.7519171237945557,-0.013641107827425003,0.3647250831127167,0.6968875527381897,-0.020288681611418724,0.36300668120384216,0.6508231163024902,-0.026182301342487335,0.3385140895843506,0.6323415637016296,-0.031089268624782562,0.34808817505836487,0.6349482536315918,-0.003565798979252577,0.3557155430316925,0.574266254901886,-0.010428032837808132,0.36197376251220703,0.5363134145736694,-0.014269289560616016,0.3658679127693176,0.5051249265670776,-0.018329598009586334,0.32276302576065063,0.6301491856575012,-0.006744653917849064,0.32806137204170227,0.5825780034065247,-0.02858547680079937,0.3343106806278229,0.6076558232307434,-0.0348287895321846,0.33931615948677063,0.6371491551399231,-0.030679641291499138,0.296954870223999,0.6345124840736389,-0.01263352669775486,0.2941364645957947,0.578503429889679,-0.026845822110772133,0.29508164525032043,0.5371336340904236,-0.034741345793008804,0.2954695522785187,0.5021294951438904,-0.037515949457883835,0.273144006729126,0.6510472893714905,-0.01981441304087639,0.2516036331653595,0.621584951877594,-0.027843615040183067,0.23864111304283142,0.6018861532211304,-0.03132893890142441,0.22624409198760986,0.5818584561347961,-0.03339635580778122,h
0.3104110658168793,0.7770730257034302,1.057935321568948e-07,0.34422117471694946,0.7525169849395752,-0.014919311739504337,0.3652358651161194,0.6969026327133179,-0.022066235542297363,0.3628007173538208,0.6506307125091553,-0.028180819004774094,0.33741483092308044,0.6331615447998047,-0.03325684368610382,0.3490356206893921,0.6339245438575745,-0.004088013898581266,0.356825590133667,0.5736979842185974,-0.011043569073081017,0.36238566040992737,0.5358304977416992,-0.0150109538808465,0.3660583794116974,0.504285454750061,-0.01930554397404194,0.3230849802494049,0.629595160484314,-0.006867821794003248,0.3283858895301819,0.5802994966506958,-0.02918378636240959,0.33409029245376587,0.6076551675796509,-0.035498641431331635,0.33924832940101624,0.6392906904220581,-0.031121350824832916,0.2970438003540039,0.6345853209495544,-0.012481928803026676,0.2940864861011505,0.5788059830665588,-0.02655409462749958,0.2955840528011322,0.5377772450447083,-0.034256305545568466,0.29658371210098267,0.5027693510055542,-0.03683850169181824,0.27329573035240173,0.6520342826843262,-0.0195742417126894,0.25180086493492126,0.6226500272750854,-0.02716287598013878,0.23898527026176453,0.6026679873466492,-0.030497759580612183,0.22659821808338165,0.5819397568702698,-0.032542500644922256,h
0.30961230397224426,0.7760707139968872,9.681493651214623e-08,0.3440544307231903,0.7509565353393555,-0.014685995876789093,0.3656638264656067,0.6950010657310486,-0.021347904577851295,0.36259734630584717,0.6489496827125549,-0.026940055191516876,0.33672651648521423,0.6329976916313171,-0.031563837081193924,0.34875383973121643,0.6328994035720825,-0.004204881843179464,0.3570583462715149,0.5725454688072205,-0.0108191492035985,0.3621636927127838,0.5350804924964905,-0.014657826162874699,0.36559680104255676,0.5036154389381409,-0.01903514191508293,0.32265621423721313,0.6287984251976013,-0.00696913804858923,0.327017605304718,0.5800262093544006,-0.029044711962342262,0.3324127495288849,0.605390727519989,-0.03587067127227783,0.33739224076271057,0.6354506015777588,-0.03223729506134987,0.29666560888290405,0.6344297528266907,-0.012439195066690445,0.29396000504493713,0.5777221322059631,-0.026926835998892784,0.2955414056777954,0.5367259979248047,-0.0353340208530426,0.2966741919517517,0.5019004344940186,-0.03850158676505089,0.2731580436229706,0.6522829532623291,-0.019272606819868088,0.2519185543060303,0.6229033470153809,-0.027860136702656746,0.23912179470062256,0.6031807661056519,-0.03202169016003609,0.22688639163970947,0.5825600624084473,-0.03460663557052612,h
0.3089026212692261,0.7770450115203857,8.786820870909651e-08,0.34363457560539246,0.7522574067115784,-0.014600076712667942,0.3650279641151428,0.696426272392273,-0.021290943026542664,0.36277541518211365,0.6494381427764893,-0.027014831081032753,0.33711478114128113,0.6317160129547119,-0.03170749172568321,0.3484048843383789,0.6351901888847351,-0.0040754033252596855,0.3563971519470215,0.5740638971328735,-0.010489602573215961,0.36138519644737244,0.5365464687347412,-0.014132210053503513,0.3647480905056,0.5047491788864136,-0.01847989298403263,0.32272523641586304,0.6302865147590637,-0.007034044712781906,0.3274288475513458,0.5831922292709351,-0.028862107545137405,0.3328268527984619,0.6079676151275635,-0.035426657646894455,0.3376152515411377,0.6370927691459656,-0.031829945743083954,0.296846866607666,0.6349867582321167,-0.012757228687405586,0.29424765706062317,0.5776815414428711,-0.027506472542881966,0.29555949568748474,0.5356003046035767,-0.03603506088256836,0.29622745513916016,0.5002114772796631,-0.03936934471130371,0.2733185589313507,0.651893138885498,-0.019828686490654945,0.25152820348739624,0.6213573217391968,-0.028747426345944405,0.23809441924095154,0.6020419001579285,-0.03296086564660072,0.22492831945419312,0.5825942158699036,-0.03563122823834419,h
0.3090721666812897,0.7775482535362244,1.0547763196200322e-07,0.3441433906555176,0.7535303831100464,-0.014616387896239758,0.36587750911712646,0.696254551410675,-0.020896637812256813,0.36346203088760376,0.6496205925941467,-0.026094231754541397,0.33766454458236694,0.6344643831253052,-0.03029818646609783,0.3479100465774536,0.6351597309112549,-0.0037183230742812157,0.3561416268348694,0.5742003321647644,-0.009877268224954605,0.36163318157196045,0.5366748571395874,-0.013411766849458218,0.36496028304100037,0.5048296451568604,-0.01769399084150791,0.32255131006240845,0.6306143999099731,-0.00649479404091835,0.328145831823349,0.5815300345420837,-0.028779039159417152,0.33411216735839844,0.6073799729347229,-0.03575233742594719,0.3390248119831085,0.6384884715080261,-0.03202115371823311,0.2968082129955292,0.6353563070297241,-0.011951609514653683,0.29404908418655396,0.5785253047943115,-0.026473570615053177,0.29527872800827026,0.5368355512619019,-0.0351719856262207,0.2958788275718689,0.5015280246734619,-0.038428518921136856,0.2731136679649353,0.6521729826927185,-0.018773052841424942,0.25183698534965515,0.6222410202026367,-0.026973724365234375,0.2387493997812271,0.6025854349136353,-0.031035050749778748,0.22592636942863464,0.5822815299034119,-0.03365582227706909,h
0.3102518916130066,0.777193009853363,1.0580632903156584e-07,0.3441566228866577,0.7527391314506531,-0.013811408542096615,0.3655794858932495,0.6960932016372681,-0.0201836246997118,0.3628559112548828,0.6501843333244324,-0.025713711977005005,0.33751001954078674,0.6341671943664551,-0.030274005606770515,0.3481159210205078,0.634345531463623,-0.0032662139274179935,0.3560158908367157,0.5735653042793274,-0.009502948261797428,0.3616768419742584,0.5363413095474243,-0.013045570813119411,0.3648873567581177,0.5050963759422302,-0.017280634492635727,0.3224763572216034,0.6301375031471252,-0.0066117714159190655,0.3285447359085083,0.5806072950363159,-0.029040805995464325,0.33484795689582825,0.6063933968544006,-0.036077648401260376,0.33954429626464844,0.6369563341140747,-0.0324270986020565,0.29676854610443115,0.6354585289955139,-0.012579340487718582,0.29419639706611633,0.5780535340309143,-0.027235090732574463,0.2950074076652527,0.5361100435256958,-0.03581619635224342,0.29524075984954834,0.5005689859390259,-0.03904983773827553,0.2729716897010803,0.653051495552063,-0.01982961967587471,0.2510251998901367,0.6220114231109619,-0.0283079631626606,0.23735740780830383,0.602340579032898,-0.03233484551310539,0.22437134385108948,0.5818932056427002,-0.03489697352051735,h
0.30931755900382996,0.7774273157119751,8.565234566049185e-08,0.3436829447746277,0.7530508637428284,-0.013447371311485767,0.3646787405014038,0.6967096328735352,-0.01946781761944294,0.36303824186325073,0.6506295800209045,-0.024574410170316696,0.3382735848426819,0.6341813206672668,-0.02864355593919754,0.3474324345588684,0.6364910006523132,-0.004675584379583597,0.35541248321533203,0.5744256973266602,-0.011781829409301281,0.3612654507160187,0.5366736650466919,-0.01573967933654785,0.365106463432312,0.5043786764144897,-0.02006976120173931,0.3222225606441498,0.6317472457885742,-0.007922393269836903,0.3289812505245209,0.584905743598938,-0.030649924650788307,0.3358455300331116,0.610137403011322,-0.03747333213686943,0.34107083082199097,0.6397132873535156,-0.03379195183515549,0.2965063452720642,0.6363208889961243,-0.013755607418715954,0.2941228449344635,0.579606831073761,-0.028868595138192177,0.2957576811313629,0.5373522043228149,-0.037654805928468704,0.29668062925338745,0.5016348361968994,-0.040963299572467804,0.272800475358963,0.6525984406471252,-0.020773183554410934,0.2510679364204407,0.6222510933876038,-0.029480645433068275,0.23787711560726166,0.6023147106170654,-0.03361928090453148,0.22511808574199677,0.5820966362953186,-0.03617534041404724,h
0.3095785677433014,0.7768159508705139,9.557969349316409e-08,0.3432583212852478,0.7525043487548828,-0.013751070015132427,0.3640865683555603,0.6964913010597229,-0.020293543115258217,0.36274757981300354,0.650784432888031,-0.025979861617088318,0.33800008893013,0.6340464949607849,-0.030622471123933792,0.34760555624961853,0.6344635486602783,-0.003934729844331741,0.3554691970348358,0.5732522010803223,-0.010811097919940948,0.36143219470977783,0.5357499718666077,-0.014677608385682106,0.3650422990322113,0.504139244556427,-0.018962839618325233,0.3220585882663727,0.6299518346786499,-0.007276400923728943,0.32832983136177063,0.5828184485435486,-0.030385859310626984,0.33513152599334717,0.6104414463043213,-0.03718544915318489,0.3403531610965729,0.6419317126274109,-0.033037178218364716,0.2963868975639343,0.6348944306373596,-0.01327467616647482,0.2936355471611023,0.579308271408081,-0.027950141578912735,0.2952948212623596,0.537209153175354,-0.036237895488739014,0.2961816191673279,0.5009003281593323,-0.039143845438957214,0.27289971709251404,0.6522654294967651,-0.0205853134393692,0.2510586380958557,0.6225910186767578,-0.028549280017614365,0.23778364062309265,0.6027522683143616,-0.03207891434431076,0.22493043541908264,0.5819869041442871,-0.03422524780035019,h
0.3086581826210022,0.7770769596099854,1.0180377074675562e-07,0.3433755040168762,0.752123236656189,-0.01452685333788395,0.3648124933242798,0.6964444518089294,-0.021293357014656067,0.3620830178260803,0.6506293416023254,-0.02701929211616516,0.3370310664176941,0.6329464912414551,-0.031774863600730896,0.3480023443698883,0.6348304748535156,-0.00464689452201128,0.3560030162334442,0.5734448432922363,-0.0116643151268363,0.36166641116142273,0.5356703400611877,-0.015812166035175323,0.3654395639896393,0.5036126375198364,-0.020299728959798813,0.3221864700317383,0.630206286907196,-0.0074718487448990345,0.32795989513397217,0.5812023282051086,-0.029715387150645256,0.3339197039604187,0.606255054473877,-0.03655198961496353,0.33905431628227234,0.636333167552948,-0.03291193023324013,0.29611581563949585,0.6349859833717346,-0.01300059724599123,0.2931630611419678,0.5790286064147949,-0.027253229171037674,0.2949506938457489,0.5373474359512329,-0.03564678877592087,0.2961927652359009,0.5020734071731567,-0.03886548429727554,0.2724444270133972,0.651877760887146,-0.01990453526377678,0.25083351135253906,0.6222607493400574,-0.027928244322538376,0.23799660801887512,0.6020185947418213,-0.03180732950568199,0.22567635774612427,0.5813359022140503,-0.03428865969181061,h
0.3090992271900177,0.7767626047134399,9.157248115343464e-08,0.34294819831848145,0.7521265149116516,-0.014598282054066658,0.3639715909957886,0.6964607834815979,-0.021336063742637634,0.3618505299091339,0.650765597820282,-0.02700325846672058,0.33671969175338745,0.6328842639923096,-0.031593888998031616,0.34784698486328125,0.6345687508583069,-0.005169163923710585,0.3558311462402344,0.572817862033844,-0.012255513109266758,0.36150360107421875,0.5352466106414795,-0.016373809427022934,0.3657289147377014,0.5031663179397583,-0.02088933438062668,0.32232558727264404,0.629866898059845,-0.008020053617656231,0.3289445638656616,0.5831618309020996,-0.030611511319875717,0.3341847062110901,0.6087582111358643,-0.03741012513637543,0.338504433631897,0.6385656595230103,-0.03382379561662674,0.2964116632938385,0.6349021196365356,-0.013607287779450417,0.29431086778640747,0.5777362585067749,-0.0286712646484375,0.29549118876457214,0.5357707738876343,-0.03747045248746872,0.2961447536945343,0.5002433061599731,-0.04092935845255852,0.27264273166656494,0.652069628238678,-0.020495440810918808,0.2507750689983368,0.6215367317199707,-0.029426271095871925,0.23738685250282288,0.6014825105667114,-0.03377319127321243,0.2246076762676239,0.5807569026947021,-0.03654363378882408,h
0.3093380928039551,0.7769901752471924,8.056245803800266e-08,0.3431152403354645,0.7523196935653687,-0.01432933658361435,0.3638851046562195,0.6963598728179932,-0.020723197609186172,0.36151090264320374,0.650670051574707,-0.02603708580136299,0.3369145691394806,0.6323475241661072,-0.03026786632835865,0.3477393686771393,0.6339908242225647,-0.004616082645952702,0.35566940903663635,0.5729118585586548,-0.011785190552473068,0.3611580431461334,0.5355563759803772,-0.015907395631074905,0.36494287848472595,0.5035566091537476,-0.0203655157238245,0.32214030623435974,0.6294212341308594,-0.0075181289575994015,0.32697734236717224,0.5811057090759277,-0.030055398121476173,0.332355797290802,0.6073856353759766,-0.03673328086733818,0.3371953070163727,0.6377696394920349,-0.03294594585895538,0.29614242911338806,0.6344115734100342,-0.013177401386201382,0.2934155762195587,0.5773036479949951,-0.027885202318429947,0.2950729727745056,0.5357861518859863,-0.03615165874361992,0.2963615357875824,0.5002924203872681,-0.039178188890218735,0.2723549008369446,0.6513732075691223,-0.02017027512192726,0.25046786665916443,0.6207382678985596,-0.028600770980119705,0.2375113070011139,0.6005033850669861,-0.032545655965805054,0.22529950737953186,0.5795112252235413,-0.03498024493455887,h
0.3084392845630646,0.7758515477180481,9.201729511687518e-08,0.3423621356487274,0.751330554485321,-0.014838967472314835,0.3638055622577667,0.6953022480010986,-0.021434033289551735,0.3607648015022278,0.6495272517204285,-0.026903407648205757,0.3357004225254059,0.6321556568145752,-0.0313628651201725,0.34720247983932495,0.6327758431434631,-0.00460099708288908,0.35540956258773804,0.572034478187561,-0.011700876988470554,0.36096981167793274,0.5345122814178467,-0.015908215194940567,0.3648820221424103,0.5027682781219482,-0.020419085398316383,0.3214801251888275,0.628369152545929,-0.007240280508995056,0.32583892345428467,0.5800914168357849,-0.029583049938082695,0.3313542902469635,0.6052801609039307,-0.03640718758106232,0.3366265296936035,0.6354016065597534,-0.03274640440940857,0.29558682441711426,0.633445143699646,-0.012681284919381142,0.2930222451686859,0.576827883720398,-0.02718569152057171,0.29471176862716675,0.5356881022453308,-0.035502780228853226,0.29610273241996765,0.5007893443107605,-0.038575541228055954,0.2719913721084595,0.650627851486206,-0.019536927342414856,0.25072282552719116,0.6209306120872498,-0.02797190099954605,0.23796811699867249,0.601081907749176,-0.032040998339653015,0.2259122133255005,0.5804558992385864,-0.034535001963377,h
0.30426111817359924,0.7686258554458618,7.478683983208612e-08,0.33734241127967834,0.7420709729194641,-0.012355612590909004,0.35966452956199646,0.6888852119445801,-0.01774822361767292,0.356599897146225,0.6431713104248047,-0.02262546308338642,0.3303970694541931,0.6262794733047485,-0.02683614194393158,0.3432067930698395,0.629780113697052,-0.0035307807847857475,0.3529329299926758,0.5693432688713074,-0.010018115863204002,0.35782548785209656,0.5319190621376038,-0.014250194653868675,0.3617510497570038,0.4996989071369171,-0.018745681270956993,0.31811168789863586,0.6249895691871643,-0.006421619560569525,0.3204452395439148,0.5799121260643005,-0.024532020092010498,0.3219415545463562,0.5937979817390442,-0.03156709671020508,0.32398751378059387,0.6114023923873901,-0.030217627063393593,0.29292118549346924,0.63014817237854,-0.011504673399031162,0.2905600368976593,0.573775589466095,-0.02586512453854084,0.2915061116218567,0.5339764356613159,-0.03433150425553322,0.29235920310020447,0.4998725354671478,-0.03793634846806526,0.2698436379432678,0.6463360786437988,-0.01749308966100216,0.24838118255138397,0.6152432560920715,-0.028115497902035713,0.23558296263217926,0.5958021879196167,-0.032577622681856155,0.2240467220544815,0.5769118070602417,-0.03486457094550133,h
0.30305537581443787,0.7675842642784119,6.287842779784114e-08,0.3352391719818115,0.7415018677711487,-0.012454593554139137,0.3576798439025879,0.6873388886451721,-0.017810598015785217,0.3558824360370636,0.6413512825965881,-0.022467661648988724,0.32894790172576904,0.6250199675559998,-0.026423722505569458,0.34329289197921753,0.6271583437919617,-0.004513427149504423,0.3519940972328186,0.5669362545013428,-0.010951835662126541,0.3570733964443207,0.530012845993042,-0.015126053243875504,0.3609234690666199,0.49755609035491943,-0.019592294469475746,0.31740304827690125,0.623055636882782,-0.007317028008401394,0.3204554319381714,0.5820470452308655,-0.025426199659705162,0.3230900764465332,0.5985744595527649,-0.03214678540825844,0.3247615396976471,0.6178415417671204,-0.03070850670337677,0.2917402386665344,0.6290059089660645,-0.012368242256343365,0.28974267840385437,0.5737628936767578,-0.02693207561969757,0.28965330123901367,0.5332043766975403,-0.03606749325990677,0.2884722948074341,0.4981473684310913,-0.04024752229452133,0.26855355501174927,0.6463680863380432,-0.018223168328404427,0.24791064858436584,0.6143991351127625,-0.028518779203295708,0.23478803038597107,0.5951382517814636,-0.0330183245241642,0.22211706638336182,0.5762023329734802,-0.035618856549263,h
0.30111274123191833,0.7659172415733337,4.606485504154989e-08,0.3341923952102661,0.7395555377006531,-0.012404290959239006,0.35651007294654846,0.6863193511962891,-0.01796935312449932,0.35518935322761536,0.6413768529891968,-0.02287174016237259,0.3284634053707123,0.6247272491455078,-0.02707112953066826,0.3415829539299011,0.6258777976036072,-0.005048258695751429,0.3504636287689209,0.5658919811248779,-0.012441009283065796,0.35533908009529114,0.5293458104133606,-0.017232593148946762,0.35965949296951294,0.49696141481399536,-0.02198673225939274,0.3166586756706238,0.6217795610427856,-0.008029286749660969,0.320661336183548,0.5814592838287354,-0.02715306170284748,0.3228771388530731,0.6004317998886108,-0.03374563902616501,0.3248363137245178,0.6221596002578735,-0.031997814774513245,0.2909596562385559,0.6276727914810181,-0.013376644812524319,0.2895982563495636,0.5719257593154907,-0.028279928490519524,0.2888990640640259,0.5323488712310791,-0.03695042058825493,0.2875383794307709,0.49870675802230835,-0.040711455047130585,0.2673739790916443,0.6450424194335938,-0.019581357017159462,0.24671892821788788,0.6127568483352661,-0.029783425852656364,0.2338569164276123,0.5924468636512756,-0.03421517461538315,0.22146397829055786,0.5726003646850586,-0.03679603710770607,h
0.2996344566345215,0.7634961605072021,8.404411033779979e-08,0.33254456520080566,0.7365120649337769,-0.013040644116699696,0.3549705445766449,0.6844978928565979,-0.019544366747140884,0.3525713086128235,0.6398018002510071,-0.0254875048995018,0.3265842795372009,0.6217114329338074,-0.03068341314792633,0.3397459089756012,0.6243901252746582,-0.004367755260318518,0.34864646196365356,0.5646787285804749,-0.011724691838026047,0.35404038429260254,0.5274496674537659,-0.016551503911614418,0.35820841789245605,0.4957224428653717,-0.021282825618982315,0.31489938497543335,0.6197367906570435,-0.007603503298014402,0.3194013833999634,0.5756350159645081,-0.027359511703252792,0.32306957244873047,0.5948270559310913,-0.03411221504211426,0.325968861579895,0.6183735728263855,-0.03188350424170494,0.2894922196865082,0.6249627470970154,-0.013324187137186527,0.2877644896507263,0.5681642293930054,-0.027904998511075974,0.28747686743736267,0.5278207063674927,-0.036288075149059296,0.2868148684501648,0.49441689252853394,-0.03974022716283798,0.2663472294807434,0.6420202255249023,-0.02010335773229599,0.2452276051044464,0.6102181077003479,-0.029718730598688126,0.2321149706840515,0.5899894833564758,-0.03374805301427841,0.21968621015548706,0.5707117915153503,-0.036034539341926575,h
0.2986668646335602,0.7625800967216492,5.978031936137995e-08,0.33156514167785645,0.7346811890602112,-0.011500603519380093,0.35296812653541565,0.6810983419418335,-0.01691998727619648,0.35121506452560425,0.6368299722671509,-0.02209172584116459,0.32441967725753784,0.6205538511276245,-0.026586277410387993,0.3383481204509735,0.6231095194816589,-0.0027051097713410854,0.34687042236328125,0.5642772912979126,-0.008996238932013512,0.3521246314048767,0.5277058482170105,-0.013033255003392696,0.355964720249176,0.49605655670166016,-0.01733688823878765,0.31312137842178345,0.6182971000671387,-0.006291478872299194,0.3173975944519043,0.5776486396789551,-0.02485964260995388,0.3203619122505188,0.5974075794219971,-0.0312464889138937,0.3220083713531494,0.6198906302452087,-0.029044130817055702,0.28740596771240234,0.623155951499939,-0.01222413219511509,0.2862034738063812,0.5674030184745789,-0.026514379307627678,0.2873460352420807,0.5271739959716797,-0.03504857420921326,0.2873530089855194,0.4932325482368469,-0.038675423711538315,0.2640979588031769,0.6393419504165649,-0.018977656960487366,0.24331384897232056,0.607417106628418,-0.028486985713243484,0.2307596504688263,0.5879406332969666,-0.03233401104807854,0.2187485694885254,0.5696681141853333,-0.03451819717884064,h
0.29627615213394165,0.7589561939239502,5.967163474451809e-08,0.32900410890579224,0.7312307953834534,-0.012487219646573067,0.3508652448654175,0.679256796836853,-0.018855944275856018,0.34810754656791687,0.6349592804908752,-0.024775905534625053,0.3214678466320038,0.6169610023498535,-0.029938453808426857,0.3370337188243866,0.620286226272583,-0.003657168010249734,0.3453972339630127,0.5621998906135559,-0.010533882305026054,0.35010385513305664,0.5258082151412964,-0.014544354751706123,0.3537934422492981,0.49487799406051636,-0.018646594136953354,0.3119944930076599,0.6159837245941162,-0.006836302112787962,0.31673142313957214,0.5764654874801636,-0.02574331685900688,0.31974223256111145,0.5993337035179138,-0.031194893643260002,0.322370320558548,0.6236342191696167,-0.028060544282197952,0.28645628690719604,0.6214438676834106,-0.01256784237921238,0.28548958897590637,0.5662932395935059,-0.02682417444884777,0.2860615849494934,0.5273081660270691,-0.03427852690219879,0.2860579490661621,0.49425622820854187,-0.037092309445142746,0.26302945613861084,0.6384139657020569,-0.019272778183221817,0.24240629374980927,0.6073118448257446,-0.02890540100634098,0.23027002811431885,0.5874210000038147,-0.03247863054275513,0.21886056661605835,0.5682376623153687,-0.034303925931453705,h
0.2935580015182495,0.7586193084716797,7.363625087464243e-08,0.32581037282943726,0.7322020530700684,-0.012482939288020134,0.3477700352668762,0.6803864240646362,-0.019264614209532738,0.3462931215763092,0.6359269618988037,-0.02564423531293869,0.320464551448822,0.6174176335334778,-0.031154107302427292,0.33659443259239197,0.620848536491394,-0.003957245033234358,0.3440365195274353,0.5607765316963196,-0.011170187965035439,0.3496406674385071,0.5239026546478271,-0.015458773821592331,0.35378482937812805,0.4930434823036194,-0.019672932103276253,0.3109937012195587,0.6161184310913086,-0.0074703870341181755,0.31561902165412903,0.5733323097229004,-0.027607856318354607,0.3191361427307129,0.5965896248817444,-0.033490609377622604,0.32168900966644287,0.6220596432685852,-0.030206959694623947,0.28511643409729004,0.6209927201271057,-0.013522544875741005,0.283852219581604,0.5665212273597717,-0.02755369432270527,0.28398603200912476,0.5255801677703857,-0.0348312146961689,0.28337129950523376,0.4907704293727875,-0.03748859465122223,0.26120489835739136,0.6374812126159668,-0.020685017108917236,0.24140223860740662,0.6054295897483826,-0.02925911173224449,0.22889946401119232,0.5844590663909912,-0.03225947916507721,0.21682152152061462,0.5643318295478821,-0.03385315462946892,h
0.29266557097435,0.7557092905044556,4.8455454759732675e-08,0.32370856404304504,0.7276827692985535,-0.01119808666408062,0.3449450731277466,0.6765766143798828,-0.01713159680366516,0.3422674536705017,0.6334808468818665,-0.022908540442585945,0.317132830619812,0.6139600276947021,-0.02804194577038288,0.33409300446510315,0.6187282800674438,-0.004387107212096453,0.3417971730232239,0.5585271120071411,-0.011302808299660683,0.3464087247848511,0.5224915146827698,-0.015175686217844486,0.3493923842906952,0.4915112257003784,-0.01913258619606495,0.30944958329200745,0.6144686937332153,-0.008213404566049576,0.3140922486782074,0.5758984088897705,-0.026970000937581062,0.31725576519966125,0.5948184728622437,-0.03301313892006874,0.31869086623191833,0.6152424216270447,-0.030846664682030678,0.2840954065322876,0.6198984384536743,-0.014326678588986397,0.28350475430488586,0.5646735429763794,-0.029533211141824722,0.28298524022102356,0.5247653722763062,-0.038201335817575455,0.28095340728759766,0.49054378271102905,-0.0418892577290535,0.2602596879005432,0.6360810995101929,-0.021087031811475754,0.24060043692588806,0.6027653217315674,-0.03188551962375641,0.2278832495212555,0.5825933814048767,-0.036174822598695755,0.21524164080619812,0.5631914138793945,-0.03846624866127968,h
0.2900950312614441,0.7530918121337891,4.527025510014937e-08,0.32063475251197815,0.7256419062614441,-0.011500068008899689,0.3414302170276642,0.6757737398147583,-0.017108367756009102,0.33833664655685425,0.6329790949821472,-0.02227693609893322,0.31431809067726135,0.6119548082351685,-0.026838593184947968,0.3317001163959503,0.6166795492172241,-0.005963813979178667,0.3397350311279297,0.5570014715194702,-0.013133879750967026,0.34413930773735046,0.5209689140319824,-0.01737154833972454,0.34741562604904175,0.4903700649738312,-0.021412091329693794,0.3072645962238312,0.6117424964904785,-0.008731703273952007,0.3104233741760254,0.5755939483642578,-0.024174466729164124,0.3118595480918884,0.5877490639686584,-0.028987865895032883,0.3134446144104004,0.6012163758277893,-0.02750515751540661,0.2819734513759613,0.6171245574951172,-0.013748487457633018,0.2817690372467041,0.5622957944869995,-0.027754371985793114,0.28156018257141113,0.5240912437438965,-0.03523203358054161,0.2807539105415344,0.49088457226753235,-0.03864627704024315,0.25803497433662415,0.633346438407898,-0.019390730187296867,0.23838379979133606,0.6008257865905762,-0.03062722273170948,0.22607380151748657,0.5808397531509399,-0.034604839980602264,0.21452085673809052,0.5614993572235107,-0.036479853093624115,h
0.28609853982925415,0.7494887709617615,2.8547857411354016e-08,0.31781381368637085,0.7219274044036865,-0.011953492648899555,0.33907994627952576,0.672001838684082,-0.01676693931221962,0.33491820096969604,0.6290261149406433,-0.0209603663533926,0.31054699420928955,0.6091985106468201,-0.02458411268889904,0.3291233777999878,0.6155732274055481,-0.004845392890274525,0.3389798700809479,0.5573403835296631,-0.01139384787529707,0.34321174025535583,0.5214722156524658,-0.015831785276532173,0.34625622630119324,0.48930421471595764,-0.020404232665896416,0.30417537689208984,0.6108906269073486,-0.007298587821424007,0.30446410179138184,0.5715184211730957,-0.023181045427918434,0.3031708002090454,0.5820251703262329,-0.029663925990462303,0.3024909198284149,0.595247745513916,-0.029281362891197205,0.278983473777771,0.6159980297088623,-0.011914670467376709,0.27823010087013245,0.5612016320228577,-0.026073506101965904,0.2783010005950928,0.5217283964157104,-0.03485687077045441,0.27732792496681213,0.4871631860733032,-0.03905210644006729,0.2555900812149048,0.6311113238334656,-0.017195766791701317,0.23607929050922394,0.5981475710868835,-0.02838468924164772,0.2238975614309311,0.5782088041305542,-0.032999586313962936,0.21236464381217957,0.5594693422317505,-0.03539334982633591,h
0.2849523723125458,0.7493431568145752,3.8960180859248794e-08,0.31687507033348083,0.7209700345993042,-0.011347291059792042,0.3351595401763916,0.6691334843635559,-0.015543090179562569,0.33047905564308167,0.6255218982696533,-0.019253401085734367,0.3072753846645355,0.6058659553527832,-0.022285452112555504,0.3265089690685272,0.6136304140090942,-0.00257335533387959,0.33735787868499756,0.5573083162307739,-0.0092417411506176,0.34222412109375,0.5205877423286438,-0.014211867935955524,0.3455544710159302,0.48787087202072144,-0.019108949229121208,0.3019120395183563,0.6078526973724365,-0.00528183626011014,0.3019701838493347,0.5663425326347351,-0.022270847111940384,0.30138957500457764,0.5804522633552551,-0.02904018945991993,0.3013513386249542,0.5988030433654785,-0.027798429131507874,0.27677014470100403,0.611836850643158,-0.010218766517937183,0.27501198649406433,0.5575422048568726,-0.023939598351716995,0.2753044366836548,0.518165111541748,-0.032639432698488235,0.27458351850509644,0.48494434356689453,-0.03634577989578247,0.25354117155075073,0.6273269653320312,-0.01591854728758335,0.23315930366516113,0.5956821441650391,-0.025409484282135963,0.221000075340271,0.5760838389396667,-0.029319262132048607,0.20951128005981445,0.5584784150123596,-0.03132764995098114,h
0.28111737966537476,0.7480615377426147,5.84128692082686e-08,0.31215089559555054,0.7200139164924622,-0.011878658086061478,0.3308301866054535,0.6687955856323242,-0.01613260805606842,0.32570722699165344,0.6254070997238159,-0.019536972045898438,0.30301517248153687,0.6057102680206299,-0.02219843491911888,0.32277941703796387,0.6123656630516052,-0.004231490194797516,0.33468955755233765,0.5561624765396118,-0.011420962400734425,0.33974525332450867,0.5194962024688721,-0.01669231615960598,0.3431306779384613,0.4868313670158386,-0.021637065336108208,0.29812756180763245,0.6064826846122742,-0.006444699130952358,0.2998892366886139,0.5651867389678955,-0.02255232259631157,0.3009336292743683,0.5756307244300842,-0.029096968472003937,0.3025461435317993,0.5904207825660706,-0.028280382975935936,0.2728169560432434,0.6108730435371399,-0.010866322554647923,0.2715994417667389,0.5570515990257263,-0.024250555783510208,0.2722589671611786,0.5182368159294128,-0.032666731625795364,0.27272671461105347,0.48435115814208984,-0.03640716150403023,0.24964162707328796,0.6269825100898743,-0.016103006899356842,0.22954785823822021,0.5956752300262451,-0.025909006595611572,0.2182101607322693,0.5752768516540527,-0.02992081269621849,0.20814895629882812,0.5561553239822388,-0.0319063663482666,h
0.2767023742198944,0.7463588118553162,5.6257153602246035e-08,0.3092266023159027,0.7198094725608826,-0.014624789357185364,0.3271758258342743,0.6698136925697327,-0.02017280086874962,0.3217369019985199,0.625091016292572,-0.024192944169044495,0.30002015829086304,0.6031736135482788,-0.02733650803565979,0.32166287302970886,0.6108372807502747,-0.005759917665272951,0.3322967290878296,0.556325376033783,-0.01377115584909916,0.3367874026298523,0.5196546316146851,-0.019593507051467896,0.3394791781902313,0.4872370958328247,-0.024860940873622894,0.2960795760154724,0.605078935623169,-0.0070698680356144905,0.2967390716075897,0.55683434009552,-0.025248399004340172,0.2966168522834778,0.5742844939231873,-0.03200700506567955,0.29747477173805237,0.5978683233261108,-0.030072715133428574,0.2700801491737366,0.6096746325492859,-0.010949425399303436,0.2685442864894867,0.5541601777076721,-0.02479437179863453,0.2685082256793976,0.515868067741394,-0.03328336030244827,0.2680819630622864,0.48311787843704224,-0.03661128878593445,0.24650180339813232,0.6258201599121094,-0.01590701937675476,0.22782301902770996,0.5954155921936035,-0.024823445826768875,0.21745406091213226,0.5749258399009705,-0.02861163392663002,0.2076151967048645,0.555647075176239,-0.03057221695780754,h
0.27435195446014404,0.7431766390800476,4.2967773339341875e-08,0.3059159815311432,0.7178292274475098,-0.011656254529953003,0.32466772198677063,0.6658275127410889,-0.015050560235977173,0.3196251094341278,0.6214266419410706,-0.017554759979248047,0.2963421940803528,0.6016666293144226,-0.019560692831873894,0.3165897727012634,0.6066519021987915,-0.0028550580609589815,0.32855844497680664,0.5522317290306091,-0.009100928902626038,0.33371832966804504,0.5160676836967468,-0.013902021571993828,0.3366391360759735,0.4838338792324066,-0.01868419349193573,0.2921193838119507,0.6011035442352295,-0.00457357382401824,0.29188379645347595,0.5603699088096619,-0.019458364695310593,0.2907598614692688,0.5719338655471802,-0.02574748359620571,0.29058998823165894,0.5869747400283813,-0.025066502392292023,0.2669794261455536,0.606113851070404,-0.008499238640069962,0.2660124599933624,0.5513070225715637,-0.021898021921515465,0.26622042059898376,0.5134751796722412,-0.03080405481159687,0.26581862568855286,0.4803324341773987,-0.03491728752851486,0.24383485317230225,0.6221448183059692,-0.013038584031164646,0.22476989030838013,0.5912150144577026,-0.02345925197005272,0.2138063907623291,0.5718141198158264,-0.027991371229290962,0.20371586084365845,0.5532088279724121,-0.030297480523586273,h
0.2714676260948181,0.7459987998008728,5.624763232958685e-08,0.3035120368003845,0.7187250256538391,-0.013247332535684109,0.32218676805496216,0.6655929088592529,-0.018094751983880997,0.31731677055358887,0.6190944910049438,-0.021794799715280533,0.293213814496994,0.6007918119430542,-0.02484428882598877,0.3148876428604126,0.6095824837684631,-0.004995699040591717,0.325423002243042,0.5539426803588867,-0.012913410551846027,0.3303261995315552,0.5170561075210571,-0.018788134679198265,0.33384865522384644,0.48427221179008484,-0.024097716435790062,0.29077523946762085,0.6043391227722168,-0.006755433045327663,0.2915220856666565,0.5595180988311768,-0.023936279118061066,0.2909839153289795,0.5704192519187927,-0.03100094385445118,0.2915862202644348,0.5859578847885132,-0.03014017455279827,0.2657269239425659,0.6096149682998657,-0.010812132619321346,0.264062762260437,0.5545127987861633,-0.026124700903892517,0.2642214298248291,0.5146375894546509,-0.035593967884778976,0.2637692987918854,0.48011407256126404,-0.03946618735790253,0.24253538250923157,0.6260539293289185,-0.015565137378871441,0.22362938523292542,0.5933102965354919,-0.02646940015256405,0.21326008439064026,0.572282612323761,-0.030822468921542168,0.20340585708618164,0.5528064966201782,-0.032934337854385376,h
0.2682437002658844,0.7424182891845703,5.104730860239215e-08,0.29997751116752625,0.7168283462524414,-0.012578354217112064,0.31953734159469604,0.6648879647254944,-0.017024969682097435,0.31451842188835144,0.6192468404769897,-0.02059617079794407,0.29053887724876404,0.6004481315612793,-0.023616604506969452,0.31120559573173523,0.6079187393188477,-0.004246059339493513,0.32148027420043945,0.5511635541915894,-0.011023465543985367,0.3263859748840332,0.5149197578430176,-0.015669556334614754,0.32940444350242615,0.4828783869743347,-0.020350277423858643,0.28712910413742065,0.6030329465866089,-0.006053030025213957,0.2858716547489166,0.5596734285354614,-0.02257298305630684,0.28484493494033813,0.5690619945526123,-0.029728399589657784,0.2849067747592926,0.5830633044242859,-0.029351860284805298,0.26280972361564636,0.6084586977958679,-0.010035507380962372,0.261074423789978,0.5535213351249695,-0.025555921718478203,0.26132410764694214,0.5134932994842529,-0.035543542355298996,0.260902464389801,0.4792488217353821,-0.03992992639541626,0.2406598925590515,0.6241326928138733,-0.014564341865479946,0.22275236248970032,0.5920203328132629,-0.02663944847881794,0.2119702398777008,0.5723249912261963,-0.03194352984428406,0.20150886476039886,0.5543903112411499,-0.034599669277668,h
0.26388978958129883,0.7424349188804626,5.426201710179157e-08,0.296188622713089,0.7168045043945312,-0.012550030834972858,0.3161783814430237,0.6635398864746094,-0.016826795414090157,0.31150954961776733,0.6161409020423889,-0.020194541662931442,0.28731390833854675,0.5970425009727478,-0.02285492978990078,0.3081583082675934,0.6085732579231262,-0.0031933861318975687,0.31940075755119324,0.5517194867134094,-0.009559545665979385,0.3238312005996704,0.5145946741104126,-0.01411100197583437,0.3262590765953064,0.48260802030563354,-0.01873532496392727,0.28409650921821594,0.6022806763648987,-0.005124729126691818,0.28382712602615356,0.5558545589447021,-0.021114271134138107,0.2823030650615692,0.5634400248527527,-0.028019171208143234,0.281708687543869,0.5770111680030823,-0.02724052406847477,0.26001936197280884,0.6065382957458496,-0.009225105866789818,0.2590262293815613,0.5501456260681152,-0.024112461134791374,0.2600277364253998,0.5098039507865906,-0.03356342390179634,0.2603055238723755,0.47592276334762573,-0.03750980645418167,0.2377939522266388,0.6217348575592041,-0.013936049304902554,0.21941040456295013,0.5896040201187134,-0.025427065789699554,0.20866581797599792,0.5701102018356323,-0.030079437419772148,0.1986280381679535,0.5528803467750549,-0.032208673655986786,h
0.2610490918159485,0.7400156855583191,6.626689241784334e-08,0.2947336435317993,0.7160281538963318,-0.014686490409076214,0.3147144317626953,0.6626737117767334,-0.01942233368754387,0.3094954788684845,0.6149439811706543,-0.022957026958465576,0.28453025221824646,0.5972300171852112,-0.02570674940943718,0.30609041452407837,0.6079824566841125,-0.004000325687229633,0.31671473383903503,0.5516114234924316,-0.010257712565362453,0.32085421681404114,0.514388918876648,-0.014794329181313515,0.3233298659324646,0.4822729825973511,-0.01961512304842472,0.28223752975463867,0.6016212701797485,-0.004941641818732023,0.2821231186389923,0.5567579865455627,-0.022150617092847824,0.280998170375824,0.566261351108551,-0.02942172810435295,0.2810899019241333,0.5824057459831238,-0.028517862781882286,0.2578244209289551,0.6053040027618408,-0.008337758481502533,0.2557978928089142,0.549379289150238,-0.023606088012456894,0.2561246454715729,0.5096715688705444,-0.03366822376847267,0.25602445006370544,0.4767642021179199,-0.03794371709227562,0.2353796362876892,0.6196867823600769,-0.012660653330385685,0.21715712547302246,0.5884073972702026,-0.02440849505364895,0.20665761828422546,0.5685554146766663,-0.03029201179742813,0.19695696234703064,0.5505334138870239,-0.03343897685408592,h
0.2597741186618805,0.7398310303688049,3.782323076961802e-08,0.2929011881351471,0.7162858247756958,-0.014151123352348804,0.3117074966430664,0.6624478101730347,-0.01870703138411045,0.30653050541877747,0.6145987510681152,-0.021975453943014145,0.28201085329055786,0.596802294254303,-0.02444334141910076,0.3044123351573944,0.6063933372497559,-0.004681786522269249,0.31462112069129944,0.5494497418403625,-0.011323872953653336,0.31870684027671814,0.5125828981399536,-0.016115840524435043,0.320952445268631,0.47975224256515503,-0.02104596421122551,0.2797895669937134,0.6009782552719116,-0.0057419678196311,0.27811869978904724,0.5564815402030945,-0.022884758189320564,0.2747649550437927,0.568954586982727,-0.02983821928501129,0.27279043197631836,0.5858286619186401,-0.028774235397577286,0.25515568256378174,0.6059107780456543,-0.00913996435701847,0.2539098560810089,0.5503313541412354,-0.024150922894477844,0.2540062367916107,0.5113946199417114,-0.033617664128541946,0.25326576828956604,0.47714948654174805,-0.03755457326769829,0.23266050219535828,0.6217077374458313,-0.013339667581021786,0.21587933599948883,0.5893878936767578,-0.024148039519786835,0.20607325434684753,0.569882333278656,-0.02880100905895233,0.19652126729488373,0.551276445388794,-0.03120296262204647,h
0.25628527998924255,0.7390571236610413,5.046850048984197e-08,0.2893540859222412,0.7163611650466919,-0.013645757921040058,0.30829691886901855,0.6626214385032654,-0.017835766077041626,0.3049773871898651,0.6142246723175049,-0.020883509889245033,0.28129205107688904,0.5960928201675415,-0.023090338334441185,0.3012649416923523,0.6077445149421692,-0.004477538168430328,0.31203144788742065,0.5502532720565796,-0.010928370989859104,0.31656721234321594,0.5128495097160339,-0.015414945781230927,0.31936219334602356,0.48036664724349976,-0.019998634234070778,0.27791324257850647,0.6005441546440125,-0.0052367146126925945,0.2753593623638153,0.5542365908622742,-0.02067675068974495,0.2729915380477905,0.560875415802002,-0.026710007339715958,0.27213671803474426,0.5742204189300537,-0.02555239014327526,0.25424179434776306,0.6039381623268127,-0.00829544197767973,0.2518339157104492,0.5471819639205933,-0.02251087687909603,0.2523537576198578,0.507140576839447,-0.03150362893939018,0.2522924840450287,0.4737985134124756,-0.035333503037691116,0.23262527585029602,0.6180668473243713,-0.012166352942585945,0.21498261392116547,0.5870351791381836,-0.022693714126944542,0.20415842533111572,0.5680859088897705,-0.027308326214551926,0.19367192685604095,0.5515628457069397,-0.02970985136926174,h
0.25302568078041077,0.7371789813041687,5.058288721215831e-08,0.2862461507320404,0.7141448259353638,-0.013914337381720543,0.3056012690067291,0.660764217376709,-0.01800702139735222,0.301090806722641,0.6128737926483154,-0.020793408155441284,0.2777644395828247,0.5948780179023743,-0.02276122011244297,0.2983064353466034,0.6066827178001404,-0.004860466346144676,0.3098841905593872,0.5492786169052124,-0.010418008081614971,0.3142024874687195,0.5120566487312317,-0.014154773205518723,0.31638169288635254,0.479631245136261,-0.01835116371512413,0.27393820881843567,0.6001728177070618,-0.005336612928658724,0.27062931656837463,0.55293869972229,-0.01996505632996559,0.26784881949424744,0.5603131651878357,-0.02597646601498127,0.26627302169799805,0.5744333863258362,-0.024844584986567497,0.2504318356513977,0.6042203903198242,-0.007955689914524555,0.24888677895069122,0.5477252006530762,-0.020990407094359398,0.2500883936882019,0.5077255964279175,-0.02976572886109352,0.2504161298274994,0.4736096262931824,-0.03372567147016525,0.22911153733730316,0.61922687292099,-0.01144217886030674,0.21284346282482147,0.5878544449806213,-0.02125830017030239,0.20242096483707428,0.5689195990562439,-0.025641001760959625,0.1922263205051422,0.5520382523536682,-0.027974942699074745,h
0.25143903493881226,0.7363817691802979,6.477786484992976e-08,0.2842656970024109,0.7113831639289856,-0.01268648449331522,0.303043007850647,0.6576349139213562,-0.01597510278224945,0.29776814579963684,0.6115076541900635,-0.018344342708587646,0.2735902965068817,0.5940811038017273,-0.020056597888469696,0.2944766879081726,0.6046678423881531,-0.0025414330884814262,0.30622225999832153,0.5473412871360779,-0.007336174137890339,0.31091052293777466,0.5100899934768677,-0.011004766449332237,0.3130188584327698,0.47798869013786316,-0.015201459638774395,0.270566463470459,0.5983352661132812,-0.0035966814029961824,0.2681419253349304,0.5541364550590515,-0.017494328320026398,0.2658314108848572,0.5582866072654724,-0.024105744436383247,0.26396897435188293,0.5691484808921814,-0.023764686658978462,0.24729131162166595,0.6022241115570068,-0.00670989602804184,0.24518999457359314,0.5468918681144714,-0.019536525011062622,0.2467215657234192,0.5070850849151611,-0.028657374903559685,0.24703529477119446,0.4735061526298523,-0.03295499086380005,0.2260611653327942,0.6169299483299255,-0.010621710680425167,0.20897094905376434,0.5869143605232239,-0.021034449338912964,0.19869905710220337,0.5685551762580872,-0.02572430670261383,0.18890593945980072,0.5525098443031311,-0.02808796800673008,h
0.2491050362586975,0.7365120649337769,3.978598428489022e-08,0.28146180510520935,0.7145481705665588,-0.014466378837823868,0.2993234097957611,0.6604601144790649,-0.01921752467751503,0.29597967863082886,0.6113971471786499,-0.0228741355240345,0.27103063464164734,0.5932137370109558,-0.025613633915781975,0.2934788167476654,0.6039727926254272,-0.0033052002545446157,0.30288296937942505,0.5471248626708984,-0.009179849177598953,0.3074403405189514,0.510769248008728,-0.013422934338450432,0.3093084394931793,0.4785255789756775,-0.01811295561492443,0.2698744237422943,0.597902774810791,-0.00421685166656971,0.26810044050216675,0.5565690994262695,-0.0218534916639328,0.26671749353408813,0.5728498697280884,-0.028505662456154823,0.265653133392334,0.5927739143371582,-0.026689626276493073,0.24572166800498962,0.6019032597541809,-0.0076601034961640835,0.24284237623214722,0.5474973320960999,-0.022774256765842438,0.24303188920021057,0.5079318881034851,-0.03228584676980972,0.24189303815364838,0.47358232736587524,-0.036102503538131714,0.22392277419567108,0.6168686747550964,-0.012014300562441349,0.20720092952251434,0.5865947604179382,-0.022300899028778076,0.19683882594108582,0.5684097409248352,-0.026829062029719353,0.18604683876037598,0.5516782402992249,-0.029266197234392166,h
0.24740633368492126,0.7360216975212097,7.033266768985413e-08,0.27898621559143066,0.7119121551513672,-0.01505426038056612,0.29618626832962036,0.6588348150253296,-0.019783267751336098,0.2926234304904938,0.6109399795532227,-0.023207705467939377,0.2686452865600586,0.5905249118804932,-0.025739595293998718,0.2908543050289154,0.6038757562637329,-0.004819113295525312,0.30102911591529846,0.5462970733642578,-0.010241509415209293,0.30478590726852417,0.5090054869651794,-0.014198766089975834,0.30657294392585754,0.4768575429916382,-0.018611345440149307,0.26706355810165405,0.5977206230163574,-0.005081013776361942,0.26198798418045044,0.5513501167297363,-0.019069181755185127,0.2589326798915863,0.5558266639709473,-0.0252951979637146,0.2575376331806183,0.5675994157791138,-0.024800581857562065,0.24356220662593842,0.6024706959724426,-0.007670600898563862,0.23978783190250397,0.5464044809341431,-0.02024858444929123,0.23945246636867523,0.5065056085586548,-0.028865832835435867,0.23871029913425446,0.4725494980812073,-0.03301408886909485,0.22201591730117798,0.6184569001197815,-0.011353427544236183,0.20503485202789307,0.5875148773193359,-0.02103736624121666,0.19490495324134827,0.5678104758262634,-0.025461141020059586,0.18524792790412903,0.5504966974258423,-0.027930136770009995,h
0.2456282377243042,0.7383042573928833,6.021255671839754e-08,0.2764301300048828,0.7128505706787109,-0.014365939423441887,0.2934117317199707,0.6591942310333252,-0.019758624956011772,0.29017964005470276,0.6105016469955444,-0.023942897096276283,0.2658337652683258,0.5919844508171082,-0.027315130457282066,0.2880595326423645,0.6041626334190369,-0.005845794454216957,0.29783961176872253,0.5459940433502197,-0.011706098914146423,0.3020854592323303,0.5084798336029053,-0.015390871092677116,0.304166704416275,0.47691765427589417,-0.019459838047623634,0.264456570148468,0.5974932312965393,-0.006380551960319281,0.2615067660808563,0.5537887811660767,-0.020964741706848145,0.25856879353523254,0.5640204548835754,-0.025814790278673172,0.25702497363090515,0.5779449343681335,-0.023812899366021156,0.24112661182880402,0.6019975543022156,-0.009241881780326366,0.23807694017887115,0.5455213189125061,-0.02231910079717636,0.2380875200033188,0.5061060190200806,-0.03007403016090393,0.23701439797878265,0.47200605273246765,-0.033457301557064056,0.2198607623577118,0.6181191802024841,-0.013078524731099606,0.20231612026691437,0.5876143574714661,-0.02316436544060707,0.19158703088760376,0.5686014294624329,-0.0272285807877779,0.18107616901397705,0.5517578125,-0.02933553420007229,h
0.24455875158309937,0.7376477718353271,8.225085679214317e-08,0.27518704533576965,0.7116438746452332,-0.014905042946338654,0.29217270016670227,0.6593654155731201,-0.020550576969981194,0.2893771231174469,0.6127908229827881,-0.025039691478013992,0.2653314471244812,0.5931279063224792,-0.028620891273021698,0.2869611382484436,0.6025202870368958,-0.004567228257656097,0.2975594401359558,0.5450905561447144,-0.010387672111392021,0.3013099133968353,0.5073138475418091,-0.014619402587413788,0.30329766869544983,0.4755277633666992,-0.019098911434412003,0.26301416754722595,0.5959746241569519,-0.005152156110852957,0.2575376331806183,0.548811137676239,-0.019892971962690353,0.25488996505737305,0.5580652952194214,-0.025537004694342613,0.25482895970344543,0.5738196969032288,-0.02381671406328678,0.23931770026683807,0.6002891659736633,-0.008175414055585861,0.23507846891880035,0.5427916049957275,-0.020101532340049744,0.23550795018672943,0.5038244724273682,-0.027643248438835144,0.23584763705730438,0.4704926013946533,-0.030844630673527718,0.21814191341400146,0.6168774962425232,-0.012456682510674,0.20061667263507843,0.587470531463623,-0.02098282054066658,0.19013270735740662,0.5677892565727234,-0.02463521435856819,0.18039526045322418,0.5502009391784668,-0.0265180803835392,h
0.24295726418495178,0.7376939654350281,8.602876988561547e-08,0.27315935492515564,0.7086598873138428,-0.01507162768393755,0.2890194356441498,0.6594665050506592,-0.021782083436846733,0.2867624759674072,0.6107972860336304,-0.027141811326146126,0.26505839824676514,0.5909815430641174,-0.031472641974687576,0.28432220220565796,0.6067773103713989,-0.011122750118374825,0.2961612641811371,0.5452327132225037,-0.018075162544846535,0.2999589741230011,0.5061002373695374,-0.020744767040014267,0.3025761544704437,0.4759495258331299,-0.023417847231030464,0.2603909969329834,0.599042534828186,-0.010386265814304352,0.2523370683193207,0.5498157143592834,-0.019949713721871376,0.24685867130756378,0.5468546748161316,-0.020387304946780205,0.24603989720344543,0.5454453825950623,-0.017424501478672028,0.2388746440410614,0.602615237236023,-0.011974664404988289,0.23478694260120392,0.5439871549606323,-0.02100549079477787,0.2355600893497467,0.5059517025947571,-0.023868350312113762,0.23619568347930908,0.4724445343017578,-0.025215987116098404,0.2180107831954956,0.6185766458511353,-0.015103856101632118,0.19927959144115448,0.5882580280303955,-0.02422141656279564,0.18834003806114197,0.5667086839675903,-0.027376661077141762,0.17929264903068542,0.5477045774459839,-0.02874336764216423,h
0.24108080565929413,0.7363706827163696,5.5410335875194505e-08,0.27274954319000244,0.7107556462287903,-0.0144510418176651,0.28897514939308167,0.6569726467132568,-0.01895454153418541,0.28442099690437317,0.6102098822593689,-0.022099239751696587,0.26032277941703796,0.5916053056716919,-0.02432175911962986,0.2839459478855133,0.6028721928596497,-0.006086943671107292,0.2936868965625763,0.5426139831542969,-0.01195690967142582,0.2976875305175781,0.5048628449440002,-0.01599796861410141,0.30005884170532227,0.4727180004119873,-0.020292770117521286,0.2598504424095154,0.5964145660400391,-0.006292118690907955,0.25357183814048767,0.5503854155540466,-0.020783519372344017,0.24965138733386993,0.5552264451980591,-0.02640734426677227,0.2482118010520935,0.5665856599807739,-0.02521069161593914,0.23652569949626923,0.6009237170219421,-0.00875056628137827,0.2321021556854248,0.5440310835838318,-0.02117919921875,0.2323492020368576,0.5042644143104553,-0.02901555970311165,0.2322673499584198,0.4703272581100464,-0.032524142414331436,0.21598514914512634,0.6165875196456909,-0.012324950657784939,0.1981213539838791,0.5870640277862549,-0.022097887471318245,0.18792523443698883,0.5662701725959778,-0.026563677936792374,0.1789291799068451,0.547558605670929,-0.028858959674835205,h
0.23924097418785095,0.7362503409385681,7.721228456603058e-08,0.27037379145622253,0.7102308869361877,-0.01654830202460289,0.2867416739463806,0.657394289970398,-0.022921690717339516,0.2822211980819702,0.6090754270553589,-0.02770954556763172,0.2587251663208008,0.5890513062477112,-0.03134620934724808,0.282007098197937,0.6018058061599731,-0.007340653799474239,0.2925540804862976,0.5417921543121338,-0.013103865087032318,0.2965025305747986,0.5038937926292419,-0.01605720818042755,0.29877522587776184,0.47300541400909424,-0.019517574459314346,0.2580675482749939,0.595612645149231,-0.006976446136832237,0.2517911195755005,0.5479223728179932,-0.02204846404492855,0.24906358122825623,0.5582960844039917,-0.026195986196398735,0.24947118759155273,0.572453498840332,-0.023066360503435135,0.23532840609550476,0.5999961495399475,-0.009178423322737217,0.23100394010543823,0.5425161123275757,-0.021196236833930016,0.23196135461330414,0.503560483455658,-0.027576424181461334,0.23217380046844482,0.4689987897872925,-0.02996758744120598,0.21451739966869354,0.616446316242218,-0.01290338858962059,0.19670505821704865,0.5879964828491211,-0.022287920117378235,0.18634207546710968,0.567531943321228,-0.026483815163373947,0.1768278181552887,0.5481398105621338,-0.028581982478499413,h
0.23853349685668945,0.7356674671173096,9.550220880782945e-08,0.2688947916030884,0.7070621252059937,-0.016077343374490738,0.28441810607910156,0.6557523012161255,-0.02290983311831951,0.2796671986579895,0.6058193445205688,-0.02814580500125885,0.2564999461174011,0.5850582122802734,-0.03243285045027733,0.2798668146133423,0.6059661507606506,-0.011473415419459343,0.29049184918403625,0.5429410338401794,-0.017768751829862595,0.2943525016307831,0.5045905709266663,-0.019912155345082283,0.2967602014541626,0.47394609451293945,-0.022579926997423172,0.25633153319358826,0.5984374284744263,-0.010279190726578236,0.2495442032814026,0.5466940402984619,-0.019636183977127075,0.2453508824110031,0.5442402362823486,-0.020092017948627472,0.24520941078662872,0.5429226160049438,-0.01756703108549118,0.23470884561538696,0.6026222705841064,-0.01147844921797514,0.23057612776756287,0.5417308211326599,-0.02121933177113533,0.23042625188827515,0.5038495659828186,-0.02532576210796833,0.22996363043785095,0.4693278670310974,-0.027879655361175537,0.21403063833713531,0.618571937084198,-0.014148694463074207,0.19638417661190033,0.5896596908569336,-0.024270392954349518,0.18547323346138,0.5683693885803223,-0.028922731056809425,0.17593419551849365,0.5485000014305115,-0.03187040612101555,h
0.23693008720874786,0.7346027493476868,8.599947420862009e-08,0.26809829473495483,0.7089918851852417,-0.016092507168650627,0.2851853668689728,0.6551394462585449,-0.021392129361629486,0.27912789583206177,0.605917751789093,-0.025197193026542664,0.25428450107574463,0.585218608379364,-0.02815227210521698,0.28006041049957275,0.6045279502868652,-0.006562194786965847,0.28956177830696106,0.5438430309295654,-0.012111634947359562,0.2934516966342926,0.5054773688316345,-0.015684407204389572,0.2959839105606079,0.47342491149902344,-0.01989336498081684,0.25628843903541565,0.5971848368644714,-0.006041443441063166,0.24881364405155182,0.546995997428894,-0.019267132505774498,0.2456107884645462,0.5469070076942444,-0.024773957207798958,0.24524126946926117,0.553740382194519,-0.02432674914598465,0.23357145488262177,0.6014907360076904,-0.007926980964839458,0.22864653170108795,0.5426492094993591,-0.02066201902925968,0.22861668467521667,0.5021389722824097,-0.029481887817382812,0.22814743220806122,0.4675182104110718,-0.034121785312891006,0.21318918466567993,0.6169253587722778,-0.010993721894919872,0.19635868072509766,0.5885106325149536,-0.02238142117857933,0.185404971241951,0.5685727596282959,-0.02849661372601986,0.1748611479997635,0.5508227944374084,-0.032167948782444,h
0.23807457089424133,0.7351440191268921,6.124836460230654e-08,0.27034303545951843,0.708899736404419,-0.016178179532289505,0.2854834198951721,0.6536804437637329,-0.02092345803976059,0.2771625816822052,0.6059311032295227,-0.023780418559908867,0.252442330121994,0.5868725776672363,-0.02555179037153721,0.28087976574897766,0.6031302809715271,-0.005331667140126228,0.289638876914978,0.5432800650596619,-0.011403203010559082,0.2926236391067505,0.5053173303604126,-0.015524684451520443,0.29486167430877686,0.47266608476638794,-0.019922632724046707,0.2567615807056427,0.5969655513763428,-0.004967367276549339,0.25164830684661865,0.5463371276855469,-0.02264779806137085,0.2478228658437729,0.5590834617614746,-0.029405714944005013,0.24705658853054047,0.5799275636672974,-0.027173060923814774,0.23288914561271667,0.6014769673347473,-0.007100022863596678,0.22814629971981049,0.5434235334396362,-0.020839950069785118,0.22758036851882935,0.5029144287109375,-0.03018723987042904,0.22705352306365967,0.4680665135383606,-0.03394893556833267,0.21147169172763824,0.6175947189331055,-0.010393833741545677,0.19527368247509003,0.5888317823410034,-0.01961006410419941,0.18550914525985718,0.5687572956085205,-0.024434350430965424,0.17631861567497253,0.5497465133666992,-0.02711520902812481,h
0.2365819662809372,0.737535297870636,7.406322310998803e-08,0.26821693778038025,0.7088489532470703,-0.016328683122992516,0.2833636999130249,0.6562415361404419,-0.02284601703286171,0.27717649936676025,0.6051124334335327,-0.027582138776779175,0.253303200006485,0.5865926146507263,-0.031318727880716324,0.27945926785469055,0.6067666411399841,-0.010756322182714939,0.28869691491127014,0.5436919927597046,-0.017652997747063637,0.29236969351768494,0.5042777061462402,-0.020465390756726265,0.29456084966659546,0.47360944747924805,-0.023382220417261124,0.25567004084587097,0.5996050834655762,-0.009503505192697048,0.25025129318237305,0.5491392612457275,-0.02222101204097271,0.24607348442077637,0.5560546517372131,-0.024020614102482796,0.24641284346580505,0.5633960366249084,-0.02048463374376297,0.23322856426239014,0.6033066511154175,-0.010729352943599224,0.22838866710662842,0.5431773662567139,-0.022091859951615334,0.2270684540271759,0.504736065864563,-0.027746422216296196,0.22591063380241394,0.4699247479438782,-0.030288884416222572,0.2120017558336258,0.6190429329872131,-0.013330109417438507,0.19472773373126984,0.5895188450813293,-0.02288191393017769,0.1843646764755249,0.5686767101287842,-0.02736569195985794,0.17517390847206116,0.5499879717826843,-0.029971735551953316,h
0.23668572306632996,0.7374274134635925,6.313149469860946e-08,0.26866742968559265,0.7094616889953613,-0.01644829288125038,0.28373849391937256,0.6563900709152222,-0.0224628746509552,0.2770947217941284,0.6069099307060242,-0.026618750765919685,0.25350210070610046,0.5880686044692993,-0.029661329463124275,0.2809330224990845,0.605163037776947,-0.008451631292700768,0.28904205560684204,0.54366135597229,-0.014872383326292038,0.2920342981815338,0.5049734115600586,-0.017967985942959785,0.29406121373176575,0.4741324484348297,-0.02136312611401081,0.2565457820892334,0.5985440015792847,-0.007639756891876459,0.2515520453453064,0.547627866268158,-0.022237390279769897,0.24860087037086487,0.5587392449378967,-0.025406870990991592,0.24969451129436493,0.5729320645332336,-0.021857192739844322,0.23329676687717438,0.6031110882759094,-0.009464113973081112,0.22822202742099762,0.5423498153686523,-0.02168826386332512,0.22709625959396362,0.5036382675170898,-0.02860676310956478,0.22645998001098633,0.4688887596130371,-0.031571876257658005,0.21203196048736572,0.6194337606430054,-0.012656984850764275,0.19459983706474304,0.59051913022995,-0.022307632490992546,0.18439213931560516,0.569663941860199,-0.02733035385608673,0.17556515336036682,0.5497173070907593,-0.0303347185254097,h
0.2353389859199524,0.7406141757965088,4.476828152633061e-08,0.2672114670276642,0.708809494972229,-0.017230428755283356,0.2825789153575897,0.6591086983680725,-0.024267448112368584,0.27544230222702026,0.6062575578689575,-0.029150931164622307,0.2523374557495117,0.5876498222351074,-0.032624151557683945,0.2802639901638031,0.6084089279174805,-0.01101754978299141,0.28865793347358704,0.5452423095703125,-0.018918976187705994,0.2915460169315338,0.5052880048751831,-0.022023115307092667,0.2935711145401001,0.4754922389984131,-0.024677058681845665,0.2561703324317932,0.6008280515670776,-0.009110746905207634,0.2537012994289398,0.5519145131111145,-0.02082151733338833,0.25064897537231445,0.567325234413147,-0.01993926428258419,0.25287115573883057,0.578118622303009,-0.014097125269472599,0.23379063606262207,0.6033300757408142,-0.010267202742397785,0.22890932857990265,0.5430982708930969,-0.020461851730942726,0.22785684466362,0.5068418383598328,-0.024652760475873947,0.22688865661621094,0.4717252254486084,-0.026138706132769585,0.21189431846141815,0.619361400604248,-0.013115952722728252,0.19356580078601837,0.5889850854873657,-0.020752685144543648,0.18374593555927277,0.5689598321914673,-0.024013007059693336,0.1746731549501419,0.5512861013412476,-0.025945333763957024,h
0.23673029243946075,0.7402183413505554,4.4544922417344424e-08,0.26870834827423096,0.711596667766571,-0.01743907481431961,0.2834233045578003,0.6593524217605591,-0.02379414066672325,0.27678120136260986,0.609539270401001,-0.02795461192727089,0.2530662715435028,0.5912949442863464,-0.030585380271077156,0.28176388144493103,0.6042590737342834,-0.0074091386049985886,0.28880926966667175,0.5429880619049072,-0.014812001027166843,0.2916679382324219,0.5041523575782776,-0.01914498768746853,0.29299283027648926,0.47352948784828186,-0.023136774078011513,0.25646644830703735,0.5978067517280579,-0.006628078408539295,0.25355064868927,0.5487146377563477,-0.023740753531455994,0.25145262479782104,0.571013867855072,-0.02711232751607895,0.25276821851730347,0.5953094363212585,-0.022194046527147293,0.2323693484067917,0.6017649173736572,-0.00892113521695137,0.22755040228366852,0.543947696685791,-0.020923228934407234,0.22703927755355835,0.5057437419891357,-0.027401028200984,0.22630822658538818,0.47034788131713867,-0.029566476121544838,0.2098841667175293,0.6187571883201599,-0.012892359867691994,0.19316983222961426,0.5887120962142944,-0.019373945891857147,0.1842583417892456,0.5686033964157104,-0.02198401652276516,0.17572996020317078,0.5492722392082214,-0.023563606664538383,h
0.23700127005577087,0.7411953806877136,4.505534434429137e-08,0.2683679759502411,0.7120717167854309,-0.016075486317276955,0.28305190801620483,0.6591136455535889,-0.022119153290987015,0.27765733003616333,0.609298586845398,-0.0264189001172781,0.2543790936470032,0.5907233953475952,-0.029300488531589508,0.2809150218963623,0.6055840849876404,-0.006445176899433136,0.28880155086517334,0.5446257591247559,-0.01357197668403387,0.29201045632362366,0.5061973333358765,-0.01744031347334385,0.2935922145843506,0.4754135310649872,-0.02109636925160885,0.25650477409362793,0.5991505980491638,-0.005894926376640797,0.2533647119998932,0.5499721765518188,-0.02221749909222126,0.25266459584236145,0.569652259349823,-0.024981310591101646,0.2550009787082672,0.5911857485771179,-0.019943350926041603,0.2329595386981964,0.603166401386261,-0.008275707252323627,0.22748540341854095,0.5434913635253906,-0.02024870365858078,0.22650741040706635,0.5052964091300964,-0.026000769808888435,0.2257426530122757,0.47051364183425903,-0.027643591165542603,0.21067684888839722,0.6196914315223694,-0.012220623902976513,0.19288671016693115,0.5898729562759399,-0.01950176991522312,0.18320763111114502,0.5687699913978577,-0.02266041375696659,0.1747378408908844,0.5482615828514099,-0.024437550455331802,h
0.23655842244625092,0.739583432674408,3.709769913484706e-08,0.2682865262031555,0.7129096388816833,-0.0165784303098917,0.2833709120750427,0.6588132381439209,-0.022362252697348595,0.2776910066604614,0.6099611520767212,-0.02610664628446102,0.2536589801311493,0.5916539430618286,-0.028431903570890427,0.2812356650829315,0.6043015718460083,-0.006458618678152561,0.2885291278362274,0.5436051487922668,-0.01317132543772459,0.29163360595703125,0.50578373670578,-0.01723507046699524,0.29358211159706116,0.47406893968582153,-0.021433435380458832,0.2568049132823944,0.5979872941970825,-0.005983095616102219,0.25192591547966003,0.5491386651992798,-0.02383200265467167,0.251041054725647,0.5688470602035522,-0.028446434065699577,0.2528362274169922,0.5936444997787476,-0.02446114830672741,0.2329321652650833,0.6024488210678101,-0.008324352093040943,0.22709758579730988,0.5439547896385193,-0.021592583507299423,0.22692033648490906,0.5044444799423218,-0.029171746224164963,0.22671166062355042,0.4694801867008209,-0.03184327855706215,0.2109859585762024,0.6189882755279541,-0.012074633501470089,0.1928064525127411,0.5895766615867615,-0.02017020434141159,0.18287475407123566,0.568783164024353,-0.024196887388825417,0.17367848753929138,0.5483382940292358,-0.026603277772665024,h
0.23631952702999115,0.7403073310852051,4.10165625908121e-08,0.26791781187057495,0.7117196321487427,-0.01763993315398693,0.28260481357574463,0.6600221991539001,-0.024180863052606583,0.2754749655723572,0.6106075048446655,-0.028545966371893883,0.2519204318523407,0.590743362903595,-0.031503841280937195,0.2817714810371399,0.6052682399749756,-0.008402535691857338,0.28877249360084534,0.5445389151573181,-0.01591247133910656,0.29148736596107483,0.5063406825065613,-0.02016535960137844,0.29320499300956726,0.47538843750953674,-0.024146126583218575,0.25707173347473145,0.5988062620162964,-0.007146457675844431,0.25346869230270386,0.551214337348938,-0.023390095680952072,0.25185471773147583,0.570242166519165,-0.026721982285380363,0.253938764333725,0.5906251072883606,-0.022453423589468002,0.2332621067762375,0.603432834148407,-0.008878644555807114,0.2279098480939865,0.5449279546737671,-0.021545812487602234,0.22667577862739563,0.5070749521255493,-0.02833303064107895,0.2257668524980545,0.4720480442047119,-0.03075502999126911,0.21087746322155,0.620649516582489,-0.012153703719377518,0.1936047077178955,0.5908783078193665,-0.020375346764922142,0.18408825993537903,0.5704445838928223,-0.02414168417453766,0.17539560794830322,0.5507985353469849,-0.026295941323041916,h
0.23554500937461853,0.7421344518661499,5.557538429457054e-08,0.26679447293281555,0.7124156951904297,-0.017027080059051514,0.28220418095588684,0.6606459617614746,-0.023766761645674706,0.27476975321769714,0.6109333634376526,-0.028646418824791908,0.2508016526699066,0.5904904007911682,-0.0322038009762764,0.28049761056900024,0.6073037981987,-0.007831759750843048,0.2888375222682953,0.5458983182907104,-0.01486964151263237,0.29206767678260803,0.5070618987083435,-0.018656479194760323,0.29396143555641174,0.47595781087875366,-0.02231442928314209,0.2561459541320801,0.6006837487220764,-0.006879005115479231,0.2531144917011261,0.5542426705360413,-0.022655952721834183,0.25086456537246704,0.5704648494720459,-0.02581789344549179,0.2522313594818115,0.5880393385887146,-0.021595271304249763,0.23270468413829803,0.6050370931625366,-0.008781742304563522,0.22750592231750488,0.5469940900802612,-0.021559959277510643,0.22689083218574524,0.5083833932876587,-0.02809124067425728,0.22632543742656708,0.47300273180007935,-0.03033139929175377,0.21079114079475403,0.6218732595443726,-0.012125068344175816,0.19326432049274445,0.5917209386825562,-0.020821083337068558,0.18347933888435364,0.5714287757873535,-0.024351390078663826,0.17444005608558655,0.552490770816803,-0.026145324110984802,h
0.2356976419687271,0.7421428561210632,7.72347874544721e-08,0.2669857442378998,0.7130134701728821,-0.017006704583764076,0.2824072539806366,0.6606159210205078,-0.023523598909378052,0.2756491005420685,0.6110414862632751,-0.028198158368468285,0.25131914019584656,0.591456413269043,-0.03157886490225792,0.2798575758934021,0.6084050536155701,-0.007888388819992542,0.28809791803359985,0.5461066961288452,-0.014338413253426552,0.29143527150154114,0.5070763230323792,-0.01768600009381771,0.2932344675064087,0.4760066270828247,-0.021183418110013008,0.2558209300041199,0.6016337275505066,-0.007013442926108837,0.25279873609542847,0.553514301776886,-0.021540647372603416,0.2512170076370239,0.5651610493659973,-0.02456831745803356,0.2529296875,0.579663872718811,-0.02085794135928154,0.23243731260299683,0.6058716773986816,-0.008958883583545685,0.22735810279846191,0.546501874923706,-0.021431414410471916,0.2267581969499588,0.5076109766960144,-0.02849174477159977,0.22604498267173767,0.47263118624687195,-0.031421687453985214,0.2107623964548111,0.6225227117538452,-0.012342242524027824,0.19365721940994263,0.5932141542434692,-0.021575460210442543,0.18355165421962738,0.572727620601654,-0.025998907163739204,0.1739969700574875,0.5539017915725708,-0.028594445437192917,h
0.23549529910087585,0.741492748260498,5.654799295484736e-08,0.266384094953537,0.7139053344726562,-0.017932303249835968,0.2824081778526306,0.6610385179519653,-0.02485915645956993,0.27463242411613464,0.6114981770515442,-0.02965518645942211,0.25001299381256104,0.5910412669181824,-0.03311063349246979,0.2810545563697815,0.6067093014717102,-0.008684305474162102,0.2885682284832001,0.545226514339447,-0.015295078977942467,0.2914600670337677,0.5070871710777283,-0.018752094358205795,0.2935062348842621,0.47607651352882385,-0.02248188480734825,0.2562659978866577,0.6002317667007446,-0.0074944994412362576,0.2519405484199524,0.5520700812339783,-0.023317920044064522,0.24900716543197632,0.5677366256713867,-0.026896949857473373,0.24996647238731384,0.5862541794776917,-0.02303578332066536,0.23289774358272552,0.6053310632705688,-0.00915276724845171,0.22824060916900635,0.5455087423324585,-0.02206573262810707,0.2273303121328354,0.507038414478302,-0.029152611270546913,0.22672048211097717,0.47197598218917847,-0.03190763667225838,0.21156096458435059,0.6227900981903076,-0.012276727706193924,0.1944085955619812,0.5941062569618225,-0.021725062280893326,0.18393170833587646,0.5738241076469421,-0.02629251219332218,0.17456717789173126,0.5537660717964172,-0.02892095223069191,h
0.2358352690935135,0.7434730529785156,5.255156665384675e-08,0.2671907842159271,0.7137199640274048,-0.01787111535668373,0.28173884749412537,0.6626517176628113,-0.024300048127770424,0.27386242151260376,0.6139705777168274,-0.028503408655524254,0.2503920793533325,0.5930131673812866,-0.03115936927497387,0.281142920255661,0.605400025844574,-0.006533839739859104,0.28847283124923706,0.5440329313278198,-0.013503249734640121,0.2916019856929779,0.505885124206543,-0.01801159605383873,0.293510377407074,0.47478681802749634,-0.022178269922733307,0.25619277358055115,0.5992291569709778,-0.0053963493555784225,0.2535821795463562,0.5531483292579651,-0.021831629797816277,0.2513112723827362,0.5746381282806396,-0.02574707567691803,0.2528110146522522,0.5974908471107483,-0.02145995944738388,0.23224343359470367,0.6041670441627502,-0.007421786431223154,0.2270059585571289,0.5474099516868591,-0.01971437595784664,0.2259913980960846,0.5089287757873535,-0.027195828035473824,0.22503232955932617,0.47266578674316406,-0.02997078374028206,0.21020300686359406,0.6224204301834106,-0.011033820919692516,0.19382090866565704,0.5924956798553467,-0.017942190170288086,0.18459555506706238,0.5728198289871216,-0.02084449864923954,0.17569071054458618,0.5541325807571411,-0.02251177839934826,h
0.23539696633815765,0.7419230937957764,6.207842062622149e-08,0.2671293318271637,0.7145435810089111,-0.015876537188887596,0.28336799144744873,0.6608051061630249,-0.021285613998770714,0.2759813666343689,0.6115105748176575,-0.024975594133138657,0.25104525685310364,0.59242844581604,-0.027481816709041595,0.2803255617618561,0.6066309213638306,-0.006341286934912205,0.28815293312072754,0.5446971654891968,-0.01222517341375351,0.29165059328079224,0.5065963268280029,-0.015844307839870453,0.29364731907844543,0.474597692489624,-0.019857048988342285,0.25645995140075684,0.6004845499992371,-0.005949040409177542,0.252685546875,0.554374635219574,-0.021138930693268776,0.2515365183353424,0.5649569630622864,-0.025632521137595177,0.2528722286224365,0.5796864628791809,-0.0230349600315094,0.232924684882164,0.6057082414627075,-0.008195249363780022,0.22697576880455017,0.5476194024085999,-0.021879767999053,0.22656336426734924,0.5072106122970581,-0.03047991916537285,0.22594699263572693,0.4710898995399475,-0.03427007421851158,0.2117944061756134,0.6224762201309204,-0.011560107581317425,0.19414888322353363,0.5930007100105286,-0.021577909588813782,0.1837184727191925,0.5728781819343567,-0.026493528857827187,0.17376022040843964,0.5539888143539429,-0.029401294887065887,h
0.23625537753105164,0.740921139717102,5.450322504430005e-08,0.2681383490562439,0.7151842713356018,-0.01621335558593273,0.2842528223991394,0.6598393321037292,-0.021497251465916634,0.2752446234226227,0.6119070053100586,-0.025079157203435898,0.2494267374277115,0.5933089256286621,-0.02750195562839508,0.2811712324619293,0.6037991642951965,-0.004392361734062433,0.2877516746520996,0.5435473918914795,-0.010667945258319378,0.29079702496528625,0.5061103701591492,-0.01527677197009325,0.29259151220321655,0.4739448130130768,-0.02007828839123249,0.25659897923469543,0.5983481407165527,-0.00452094990760088,0.25362709164619446,0.5528443455696106,-0.02285439893603325,0.2523604929447174,0.5709120631217957,-0.029255026951432228,0.2529321014881134,0.594497561454773,-0.026639124378561974,0.23227988183498383,0.6041464805603027,-0.007460310589522123,0.22701554000377655,0.5475612282752991,-0.021890094503760338,0.2264927625656128,0.5071437358856201,-0.03148679807782173,0.22579294443130493,0.47118598222732544,-0.03546466305851936,0.21038953959941864,0.621805727481842,-0.011581012979149818,0.19443204998970032,0.5928549766540527,-0.02053973078727722,0.18515236675739288,0.5726442933082581,-0.025049611926078796,0.17596228420734406,0.55270916223526,-0.027821481227874756,h
0.23683306574821472,0.7413297891616821,7.523190248548417e-08,0.2678569555282593,0.7142773866653442,-0.0166208166629076,0.28345444798469543,0.6616480946540833,-0.02308478020131588,0.27830174565315247,0.6125328540802002,-0.027908235788345337,0.2544437348842621,0.590904176235199,-0.03155612573027611,0.2807503044605255,0.6063817739486694,-0.005749391857534647,0.28849393129348755,0.5450560450553894,-0.011954517103731632,0.292010098695755,0.5070379972457886,-0.016065774485468864,0.2939845025539398,0.4751140773296356,-0.02033703401684761,0.2568134069442749,0.6005350351333618,-0.005604865960776806,0.25404852628707886,0.5531064867973328,-0.02296813577413559,0.2538157105445862,0.5694831609725952,-0.028235362842679024,0.2555740475654602,0.5911510586738586,-0.024925431236624718,0.23311060667037964,0.6057034134864807,-0.008222432807087898,0.22759728133678436,0.5483322143554688,-0.021551942452788353,0.2271747887134552,0.5079027414321899,-0.029668541625142097,0.2264261543750763,0.471902072429657,-0.0328017883002758,0.2116442769765854,0.6228724122047424,-0.012204945087432861,0.19489243626594543,0.5939838886260986,-0.020580457523465157,0.18520021438598633,0.5733500123023987,-0.024533800780773163,0.1758555769920349,0.5535915493965149,-0.026860008016228676,h
0.23810996115207672,0.7387188076972961,6.83959129332834e-08,0.26936954259872437,0.7127296328544617,-0.014570677652955055,0.28536951541900635,0.6583542227745056,-0.019106270745396614,0.2788872718811035,0.6102085709571838,-0.022227812558412552,0.25407955050468445,0.5910252928733826,-0.024423647671937943,0.2812959849834442,0.6068747043609619,-0.005389176309108734,0.28936293721199036,0.5455588102340698,-0.01081581600010395,0.29252195358276367,0.5074605345726013,-0.014417517930269241,0.2945284843444824,0.4748844504356384,-0.01864301599562168,0.2577420175075531,0.6007344722747803,-0.005885383114218712,0.2535414397716522,0.5515159964561462,-0.021141929551959038,0.25188353657722473,0.5570982694625854,-0.027063772082328796,0.25227123498916626,0.570574164390564,-0.025736913084983826,0.23413945734500885,0.6060228943824768,-0.008675174787640572,0.2286900132894516,0.5478326678276062,-0.022275777533650398,0.22800828516483307,0.5068080425262451,-0.03174253925681114,0.22716358304023743,0.4714334309101105,-0.036262065172195435,0.2130029797554016,0.6223507523536682,-0.012429734691977501,0.1955876350402832,0.5928775668144226,-0.022898642346262932,0.18486638367176056,0.5720828771591187,-0.028532600030303,0.17468002438545227,0.5528345108032227,-0.03197665885090828,h
0.23978692293167114,0.7382017374038696,7.930903933583977e-08,0.27075305581092834,0.7093451619148254,-0.01485193707048893,0.28623253107070923,0.657213568687439,-0.02004721760749817,0.27983948588371277,0.6092529892921448,-0.023720253258943558,0.25589659810066223,0.5909486413002014,-0.026433447375893593,0.28132426738739014,0.6056764125823975,-0.007074862718582153,0.29032421112060547,0.5455638766288757,-0.01309155859053135,0.2934075891971588,0.507341206073761,-0.01653321646153927,0.2950519323348999,0.47604793310165405,-0.02018200233578682,0.2578029930591583,0.5992333292961121,-0.0066949413157999516,0.25434350967407227,0.550069272518158,-0.019875215366482735,0.2520727813243866,0.5549963712692261,-0.023997945711016655,0.25244462490081787,0.5651688575744629,-0.022013040259480476,0.23478645086288452,0.6040810346603394,-0.008611499331891537,0.23013895750045776,0.5464470982551575,-0.020117564126849174,0.22893311083316803,0.507323682308197,-0.02752896584570408,0.2276323437690735,0.47348451614379883,-0.031102420762181282,0.21330206096172333,0.6207519769668579,-0.011692637577652931,0.1956726312637329,0.5911437273025513,-0.02071237750351429,0.1848423331975937,0.5709679126739502,-0.025247465819120407,0.17518416047096252,0.5528206825256348,-0.02790088951587677,h
0.24346096813678741,0.7365739345550537,6.46217017674644e-08,0.2735205292701721,0.7087222337722778,-0.01492629386484623,0.28809496760368347,0.6571945548057556,-0.020337766036391258,0.2813509404659271,0.6116872429847717,-0.024031534790992737,0.25753408670425415,0.5933408141136169,-0.026560481637716293,0.28343459963798523,0.6051746606826782,-0.008640208281576633,0.2917695641517639,0.5451570749282837,-0.014852927066385746,0.2944072484970093,0.5083722472190857,-0.01799730956554413,0.29581379890441895,0.4778151512145996,-0.02133144810795784,0.25964948534965515,0.5987861156463623,-0.008251634426414967,0.2558427155017853,0.5523892045021057,-0.021422335878014565,0.2548257112503052,0.560318112373352,-0.024435903877019882,0.25585320591926575,0.573675274848938,-0.02161087840795517,0.23645031452178955,0.6040647029876709,-0.010206586681306362,0.2316497564315796,0.545850396156311,-0.021433182060718536,0.230322927236557,0.508738100528717,-0.027450816705822945,0.22869957983493805,0.47635164856910706,-0.030073417350649834,0.21520638465881348,0.6212421655654907,-0.013349488377571106,0.1978318840265274,0.5918118953704834,-0.021891966462135315,0.18746556341648102,0.5717078447341919,-0.025593945756554604,0.17800238728523254,0.5527379512786865,-0.027673272415995598,h
0.24535630643367767,0.7347033023834229,6.999547963459918e-08,0.2752234637737274,0.7078161835670471,-0.014421370811760426,0.29135754704475403,0.6543436050415039,-0.01892375387251377,0.28381121158599854,0.6097642183303833,-0.021818237379193306,0.2586256265640259,0.5919179320335388,-0.023696472868323326,0.28645849227905273,0.60051029920578,-0.004212069325149059,0.29371678829193115,0.5442480444908142,-0.009806773625314236,0.29615604877471924,0.5085723400115967,-0.014205550774931908,0.29781466722488403,0.4769149422645569,-0.018933288753032684,0.2628646492958069,0.5940998196601868,-0.004609718918800354,0.2613394558429718,0.548615574836731,-0.018781866878271103,0.26097971200942993,0.5584766864776611,-0.02452072501182556,0.261952668428421,0.5764045715332031,-0.0232546404004097,0.23881089687347412,0.5995030403137207,-0.0074688890017569065,0.23462219536304474,0.5435785055160522,-0.019659435376524925,0.2332790046930313,0.5058417916297913,-0.028553640469908714,0.23210524022579193,0.47340500354766846,-0.03287218138575554,0.2173597514629364,0.61659836769104,-0.01133494358509779,0.1998777836561203,0.5893060564994812,-0.02016216516494751,0.18913966417312622,0.5706613063812256,-0.024751389399170876,0.17886313796043396,0.5530077219009399,-0.027635522186756134,h
0.24699680507183075,0.7345944046974182,6.151910980634057e-08,0.27624839544296265,0.7090596556663513,-0.014964221976697445,0.29283416271209717,0.6548247337341309,-0.018972614780068398,0.2867370843887329,0.608768105506897,-0.021343549713492393,0.26132211089134216,0.591787576675415,-0.022771481424570084,0.28798508644104004,0.6008359789848328,-0.0046333204954862595,0.2961868643760681,0.5437018871307373,-0.009145880118012428,0.29857224225997925,0.5078190565109253,-0.01300082914531231,0.30004218220710754,0.4758644104003906,-0.01760614849627018,0.26346200704574585,0.5938989520072937,-0.004706424195319414,0.2573419511318207,0.547437846660614,-0.01676073484122753,0.25432467460632324,0.5513057708740234,-0.022403325885534286,0.25355660915374756,0.5636862516403198,-0.02193305641412735,0.23970329761505127,0.5989075899124146,-0.007072062231600285,0.2351316660642624,0.5424265265464783,-0.01793978177011013,0.23495155572891235,0.5044558048248291,-0.02621791511774063,0.234749436378479,0.4721609950065613,-0.030531151220202446,0.21869313716888428,0.615505039691925,-0.010626610368490219,0.20060321688652039,0.5873411893844604,-0.01953447051346302,0.18963828682899475,0.5691777467727661,-0.023965217173099518,0.17965863645076752,0.5531732439994812,-0.02656661532819271,h
0.24944917857646942,0.7327814698219299,7.529008883011556e-08,0.27936995029449463,0.7080568671226501,-0.015054316259920597,0.29586541652679443,0.6535681486129761,-0.019687682390213013,0.2891799807548523,0.6077846884727478,-0.022907914593815804,0.2627672255039215,0.5918033123016357,-0.025066090747714043,0.29110297560691833,0.6011047959327698,-0.004142128862440586,0.29817312955856323,0.542733371257782,-0.008582226932048798,0.3012780249118805,0.5068759322166443,-0.01204848662018776,0.303210586309433,0.4755590260028839,-0.01632017455995083,0.26708725094795227,0.5942915081977844,-0.004292724654078484,0.2633359432220459,0.5529224276542664,-0.01748095266520977,0.26381105184555054,0.561983048915863,-0.02245546318590641,0.26509204506874084,0.5788345336914062,-0.020806116983294487,0.24332241714000702,0.5990586876869202,-0.006898051127791405,0.2378399521112442,0.5445020794868469,-0.017821261659264565,0.23761089146137238,0.505884051322937,-0.025510968640446663,0.2370479255914688,0.47325101494789124,-0.029275797307491302,0.22198158502578735,0.6156846880912781,-0.010783807374536991,0.2037632316350937,0.587983250617981,-0.018741615116596222,0.1927548050880432,0.5695396661758423,-0.022492479532957077,0.18225231766700745,0.5532959699630737,-0.024785667657852173,h
0.2484852373600006,0.7334978580474854,6.672789254480449e-08,0.27867835760116577,0.7095463275909424,-0.015382983721792698,0.29685157537460327,0.6560866236686707,-0.019992100074887276,0.2915423512458801,0.6085239052772522,-0.023032231256365776,0.26646313071250916,0.5900583863258362,-0.025217613205313683,0.2919994294643402,0.6025360822677612,-0.004638167098164558,0.3004312515258789,0.5453376770019531,-0.009471910074353218,0.30334407091140747,0.5088729858398438,-0.013539324514567852,0.3057294487953186,0.47693535685539246,-0.0183151513338089,0.26840317249298096,0.5953214764595032,-0.004540919791907072,0.26440727710723877,0.5483485460281372,-0.017117489129304886,0.26157423853874207,0.5519035458564758,-0.02293943613767624,0.26100021600723267,0.5647435188293457,-0.022548280656337738,0.24512875080108643,0.600330650806427,-0.006765161175280809,0.24189506471157074,0.5438550710678101,-0.018059123307466507,0.2413700819015503,0.5044856071472168,-0.026484206318855286,0.240789994597435,0.47177112102508545,-0.030944593250751495,0.22398962080478668,0.6170473098754883,-0.010176120325922966,0.20679490268230438,0.5888919234275818,-0.019326617941260338,0.19603556394577026,0.5696595311164856,-0.024031763896346092,0.18601758778095245,0.5526036024093628,-0.02695525996387005,h
0.24963665008544922,0.7321173548698425,7.352368669444331e-08,0.280805379152298,0.7095732688903809,-0.016589365899562836,0.29967403411865234,0.6554794907569885,-0.022101599723100662,0.2943233251571655,0.6053308248519897,-0.02601088210940361,0.26862481236457825,0.5859558582305908,-0.02899392880499363,0.2959721088409424,0.6034460663795471,-0.0048551419749855995,0.30407607555389404,0.5455840229988098,-0.00976388156414032,0.3069993257522583,0.5083577632904053,-0.01356218010187149,0.3082672953605652,0.4766617715358734,-0.018089288845658302,0.27164098620414734,0.5959804654121399,-0.004084839019924402,0.2664400637149811,0.5496925115585327,-0.017183363437652588,0.2642357647418976,0.5559664368629456,-0.022647041827440262,0.2637529671192169,0.5687451958656311,-0.02150624990463257,0.24844391644001007,0.5995696187019348,-0.005796417593955994,0.2448417693376541,0.5436664819717407,-0.01687377691268921,0.24585027992725372,0.5051658153533936,-0.024730226024985313,0.24586918950080872,0.4718363285064697,-0.028694389387965202,0.22728751599788666,0.6147457957267761,-0.008939295075833797,0.2108267843723297,0.5878997445106506,-0.017782488837838173,0.2001306414604187,0.5696121454238892,-0.022312477231025696,0.1895955204963684,0.5531274080276489,-0.025036508217453957,h
0.24906423687934875,0.7338728308677673,9.084167373885066e-08,0.28053775429725647,0.7091604471206665,-0.01676069386303425,0.29824593663215637,0.6555619835853577,-0.02331380359828472,0.2930302917957306,0.6062031388282776,-0.028396420180797577,0.2678460478782654,0.5851036310195923,-0.03232046961784363,0.2938356399536133,0.6044248342514038,-0.004050411283969879,0.3032606542110443,0.5462484955787659,-0.009261692874133587,0.30722546577453613,0.5089923739433289,-0.012641388922929764,0.30921921133995056,0.47715434432029724,-0.016662096604704857,0.27058568596839905,0.5978258848190308,-0.003680852008983493,0.26940271258354187,0.5525290369987488,-0.019785571843385696,0.2676593065261841,0.5685034990310669,-0.025092270225286484,0.26710253953933716,0.5890616178512573,-0.022093521431088448,0.24776725471019745,0.6009840965270996,-0.006011585239320993,0.24462376534938812,0.5456291437149048,-0.018071668222546577,0.24534831941127777,0.5059553384780884,-0.02584380842745304,0.24475477635860443,0.47166943550109863,-0.029029063880443573,0.22654898464679718,0.6161862015724182,-0.009802461601793766,0.2101535201072693,0.588485836982727,-0.017464518547058105,0.1997254341840744,0.5698691010475159,-0.0210781991481781,0.18902024626731873,0.5526294112205505,-0.02323719672858715,h
0.25045669078826904,0.7316839098930359,8.37062756886553e-08,0.281940221786499,0.7077387571334839,-0.016798650845885277,0.2991943955421448,0.6538347601890564,-0.02245793305337429,0.2939109802246094,0.6057327389717102,-0.02646561525762081,0.2686144709587097,0.5867066383361816,-0.029422463849186897,0.2953932583332062,0.6033931374549866,-0.005970447789877653,0.3050266206264496,0.5450150966644287,-0.011141834780573845,0.3084966540336609,0.5076190233230591,-0.01457138266414404,0.3106032609939575,0.4762493968009949,-0.018710393458604813,0.27139243483543396,0.5965523719787598,-0.005070785991847515,0.26549896597862244,0.549053430557251,-0.019720911979675293,0.261921226978302,0.5565596222877502,-0.02531539835035801,0.2609649896621704,0.5714378952980042,-0.02365034446120262,0.24840982258319855,0.6004291772842407,-0.006641276180744171,0.24416254460811615,0.5433854460716248,-0.018489249050617218,0.24477379024028778,0.5040410161018372,-0.02665005996823311,0.24490082263946533,0.4707576632499695,-0.030499855056405067,0.22780238091945648,0.6157058477401733,-0.009630517102777958,0.21172255277633667,0.5886458158493042,-0.018717128783464432,0.20123770833015442,0.5692011117935181,-0.023713471367955208,0.19127285480499268,0.5515422224998474,-0.02671245113015175,h
0.24958831071853638,0.7326227426528931,7.956242598083918e-08,0.28142687678337097,0.7088233828544617,-0.01596059650182724,0.29954788088798523,0.6548277139663696,-0.02125747874379158,0.2941567897796631,0.6049824357032776,-0.025050129741430283,0.2688065469264984,0.5864022374153137,-0.027947671711444855,0.2952006757259369,0.6054403185844421,-0.005527057684957981,0.3051028549671173,0.5463061928749084,-0.010709117166697979,0.30935508012771606,0.5084862112998962,-0.01425367221236229,0.31168732047080994,0.4765127897262573,-0.01836230978369713,0.27163875102996826,0.5979982614517212,-0.004893950652331114,0.2688230276107788,0.5520691275596619,-0.01910383440554142,0.2661685347557068,0.5602583289146423,-0.024271482601761818,0.2652340531349182,0.5751040577888489,-0.022371342405676842,0.24857614934444427,0.6011309027671814,-0.006658992264419794,0.24542708694934845,0.5459170341491699,-0.018550051376223564,0.24624520540237427,0.5058616399765015,-0.026917409151792526,0.24598181247711182,0.4719851613044739,-0.03092135861515999,0.22750961780548096,0.6154058575630188,-0.009676872752606869,0.2123282253742218,0.5882453322410583,-0.018263451755046844,0.2023092657327652,0.5697200298309326,-0.022673137485980988,0.19218523800373077,0.5536693334579468,-0.0253921952098608,h
0.2519468367099762,0.7308894395828247,6.250206041613637e-08,0.2833109200000763,0.7073513269424438,-0.014612890779972076,0.3011360466480255,0.6531249284744263,-0.018667271360754967,0.29508814215660095,0.605029284954071,-0.021143469959497452,0.27026504278182983,0.5874043703079224,-0.022750427946448326,0.29677924513816833,0.6035082340240479,-0.0056466334499418736,0.30625662207603455,0.5451605916023254,-0.010809117928147316,0.30991026759147644,0.5079673528671265,-0.014460972510278225,0.3123615086078644,0.4759206175804138,-0.018710646778345108,0.27315276861190796,0.5963597297668457,-0.005440148524940014,0.2684936225414276,0.5482980012893677,-0.018857140094041824,0.26554074883461,0.5535193681716919,-0.02431839145720005,0.26466962695121765,0.5674676895141602,-0.023203937336802483,0.2502457797527313,0.6002033352851868,-0.007393501698970795,0.24668757617473602,0.544008731842041,-0.018733283504843712,0.2471289336681366,0.5044407248497009,-0.027202190831303596,0.24734434485435486,0.47106242179870605,-0.03156798705458641,0.22926634550094604,0.6152937412261963,-0.010462790727615356,0.21362297236919403,0.5877020359039307,-0.01899898052215576,0.20332874357700348,0.5691255331039429,-0.023612961173057556,0.1935100257396698,0.5525924563407898,-0.02657420001924038,h
0.2547597289085388,0.7303253412246704,6.112421857551453e-08,0.2857069969177246,0.7050018310546875,-0.013693666085600853,0.30309784412384033,0.6522632837295532,-0.018478378653526306,0.2990565896034241,0.6045717597007751,-0.021885724738240242,0.27485764026641846,0.586694061756134,-0.02441818080842495,0.2973063886165619,0.6037773489952087,-0.006469425745308399,0.30733785033226013,0.5468047261238098,-0.01188134029507637,0.31074413657188416,0.5099115967750549,-0.014992758631706238,0.31299665570259094,0.47874152660369873,-0.01869365945458412,0.27411583065986633,0.5967327952384949,-0.0062564765103161335,0.27116110920906067,0.5500995516777039,-0.018555689603090286,0.2686987817287445,0.5554050207138062,-0.022096026688814163,0.2683494985103607,0.566525936126709,-0.020006457343697548,0.2516881823539734,0.6005858182907104,-0.00813126377761364,0.24967986345291138,0.5433263778686523,-0.019000111147761345,0.25103598833084106,0.5057706832885742,-0.025547556579113007,0.25164082646369934,0.4739132523536682,-0.028766946867108345,0.2311316281557083,0.6159439086914062,-0.01107905711978674,0.21439003944396973,0.5889356136322021,-0.019978053867816925,0.20369262993335724,0.569430947303772,-0.024456704035401344,0.19373930990695953,0.5516746044158936,-0.027224328368902206,h
0.25910142064094543,0.7292131185531616,7.486440978254905e-08,0.28920382261276245,0.7049253582954407,-0.013328822329640388,0.305012047290802,0.652066171169281,-0.01768631674349308,0.3010977804660797,0.6057044863700867,-0.020856037735939026,0.27833154797554016,0.5867733359336853,-0.02317110262811184,0.2992595434188843,0.6043516993522644,-0.005338408052921295,0.30894097685813904,0.5482655763626099,-0.011176875792443752,0.3136637508869171,0.512004554271698,-0.015227201394736767,0.31618422269821167,0.48080524802207947,-0.019436821341514587,0.277618408203125,0.5967884063720703,-0.0055899047292768955,0.2757929861545563,0.5524147152900696,-0.018704168498516083,0.27610069513320923,0.5575171113014221,-0.023331306874752045,0.27639442682266235,0.5707427859306335,-0.02182181552052498,0.2555001676082611,0.5996943712234497,-0.008058751933276653,0.25183770060539246,0.5444878339767456,-0.019187865778803825,0.2521227300167084,0.5062237977981567,-0.026585591956973076,0.2516571283340454,0.47465023398399353,-0.030186014249920845,0.23504602909088135,0.6137267351150513,-0.011601622216403484,0.21814686059951782,0.5860357880592346,-0.020063595846295357,0.20772211253643036,0.5662972927093506,-0.02443048357963562,0.1977207213640213,0.5492006540298462,-0.027119804173707962,h
0.26326343417167664,0.7247891426086426,1.1446012138094375e-07,0.29389065504074097,0.7000166773796082,-0.01206488162279129,0.30832651257514954,0.6463504433631897,-0.015458283014595509,0.3031245470046997,0.6018727421760559,-0.017711587250232697,0.27935609221458435,0.586414098739624,-0.019234461709856987,0.3018224537372589,0.6019110679626465,-0.005962721537798643,0.31167060136795044,0.5477060079574585,-0.011069751344621181,0.316266804933548,0.5131118893623352,-0.01428546104580164,0.3179004490375519,0.4837952256202698,-0.01810038834810257,0.2811031937599182,0.59414142370224,-0.006503612268716097,0.2828367352485657,0.5515068769454956,-0.01627293787896633,0.2854725122451782,0.5469412803649902,-0.020014945417642593,0.28720712661743164,0.5487709641456604,-0.019997593015432358,0.25954827666282654,0.5978171825408936,-0.009073911234736443,0.25696220993995667,0.5417590141296387,-0.020728375762701035,0.2563021183013916,0.503589928150177,-0.02901574596762657,0.2554878890514374,0.4703933596611023,-0.034016016870737076,0.23978745937347412,0.6123061776161194,-0.01226066704839468,0.22290636599063873,0.5848626494407654,-0.023600153625011444,0.21234114468097687,0.5665585994720459,-0.0294108297675848,0.2022744119167328,0.5505566596984863,-0.03317607566714287,h
0.26480019092559814,0.7246971726417542,8.247332772270966e-08,0.29468369483947754,0.7031453847885132,-0.013750651851296425,0.31138086318969727,0.6482074856758118,-0.01746116578578949,0.3078530728816986,0.6027255058288574,-0.019577598199248314,0.28359255194664,0.586781919002533,-0.020725147798657417,0.3059272766113281,0.6025585532188416,-0.005877470597624779,0.31515464186668396,0.547339141368866,-0.010501858778297901,0.3199339509010315,0.512699544429779,-0.0135581586509943,0.32203373312950134,0.483386367559433,-0.017229221761226654,0.28450214862823486,0.5949909687042236,-0.005846776068210602,0.28438928723335266,0.5538321137428284,-0.01766485907137394,0.285636305809021,0.5581451058387756,-0.021783675998449326,0.2861623466014862,0.5698413848876953,-0.020293496549129486,0.2626737356185913,0.5981758832931519,-0.008022647351026535,0.2597985863685608,0.5444727540016174,-0.019162816926836967,0.25990545749664307,0.5070199370384216,-0.02706020139157772,0.2591428756713867,0.4753400683403015,-0.03116091527044773,0.24272982776165009,0.6121306419372559,-0.011138595640659332,0.22639256715774536,0.5859367251396179,-0.020468713715672493,0.2157745361328125,0.5671146512031555,-0.025304308161139488,0.20540376007556915,0.5499599575996399,-0.028296561911702156,h
0.2668844759464264,0.7244160771369934,1.0878709133521625e-07,0.2967125475406647,0.7027026414871216,-0.01467140018939972,0.3148001432418823,0.6498790979385376,-0.019931891933083534,0.3107077181339264,0.6053733825683594,-0.023817725479602814,0.28699249029159546,0.5868249535560608,-0.02675323188304901,0.30937275290489197,0.6005845069885254,-0.003708203323185444,0.31982532143592834,0.5478054285049438,-0.0088259968906641,0.32418349385261536,0.5133845210075378,-0.013021884486079216,0.3259446620941162,0.4843124747276306,-0.017583848908543587,0.28699323534965515,0.5939807295799255,-0.004448340740054846,0.2876051068305969,0.5509680509567261,-0.020713992416858673,0.29042452573776245,0.563967764377594,-0.027219096198678017,0.29236388206481934,0.5867560505867004,-0.02518926002085209,0.26434171199798584,0.5971256494522095,-0.007533047813922167,0.2621488571166992,0.5443755388259888,-0.019289102405309677,0.26447078585624695,0.5076996684074402,-0.027051668614149094,0.2660633623600006,0.47745221853256226,-0.030214998871088028,0.2437412589788437,0.6124595999717712,-0.011879652738571167,0.2285154163837433,0.586663544178009,-0.01926836557686329,0.21918386220932007,0.5684912204742432,-0.022596854716539383,0.20989082753658295,0.5515714883804321,-0.024507787078619003,h
0.2692677676677704,0.7242453694343567,1.226625840899942e-07,0.2989049553871155,0.7025163769721985,-0.01523259375244379,0.3180729150772095,0.6509496569633484,-0.02071216143667698,0.3124450445175171,0.6046172380447388,-0.024940162897109985,0.2881782352924347,0.5840903520584106,-0.028216667473316193,0.3132871687412262,0.6018416881561279,-0.003567475825548172,0.32241952419281006,0.548231840133667,-0.008285042829811573,0.3271767795085907,0.512800931930542,-0.011317888274788857,0.3291870057582855,0.4843282103538513,-0.014864050783216953,0.29109513759613037,0.5939744114875793,-0.0035886268597096205,0.29450634121894836,0.5546426177024841,-0.016684895381331444,0.2977074980735779,0.5639609098434448,-0.020968640223145485,0.2998921573162079,0.5800065994262695,-0.018748754635453224,0.268045037984848,0.5961958169937134,-0.006303134374320507,0.26694902777671814,0.5431444048881531,-0.018406078219413757,0.26767802238464355,0.507369875907898,-0.026277361437678337,0.2671714127063751,0.477106511592865,-0.029872186481952667,0.24645845592021942,0.6096045970916748,-0.010158691555261612,0.23241570591926575,0.5822555422782898,-0.019836070016026497,0.2231111228466034,0.5644814968109131,-0.024382444098591805,0.21308961510658264,0.5484499335289001,-0.02703448012471199,h
0.2684880793094635,0.7254560589790344,5.656387003227792e-08,0.29978615045547485,0.704439640045166,-0.015341624617576599,0.318428099155426,0.6524378061294556,-0.02039412222802639,0.3156997859477997,0.6041464805603027,-0.02370278909802437,0.29241517186164856,0.5848506093025208,-0.02595135197043419,0.313646137714386,0.6047118902206421,-0.005691311322152615,0.3254450261592865,0.5509172081947327,-0.011465579271316528,0.33024874329566956,0.5158290266990662,-0.015484203584492207,0.33330532908439636,0.4850316047668457,-0.019823096692562103,0.29057005047798157,0.5974105596542358,-0.0052521186880767345,0.2906319200992584,0.5523049235343933,-0.020248275250196457,0.28819742798805237,0.5634264945983887,-0.02560960315167904,0.2866549789905548,0.5800781846046448,-0.02356264926493168,0.2680235207080841,0.6001637578010559,-0.007143998518586159,0.26854121685028076,0.5457186102867126,-0.0194376353174448,0.27064216136932373,0.5075877904891968,-0.02726888842880726,0.2715463936328888,0.474741667509079,-0.03054342232644558,0.2471647560596466,0.6136823892593384,-0.010157695971429348,0.2332005798816681,0.585079550743103,-0.018621692433953285,0.22413665056228638,0.5663176774978638,-0.022476596757769585,0.21495321393013,0.549412190914154,-0.024633316323161125,h
0.2697714567184448,0.7263732552528381,6.098669302900817e-08,0.30202358961105347,0.704710841178894,-0.01490710861980915,0.32050445675849915,0.6523520946502686,-0.019114254042506218,0.3181951940059662,0.603351891040802,-0.021487433463335037,0.29565316438674927,0.5841525793075562,-0.022797515615820885,0.3161380887031555,0.6060711741447449,-0.0055945455096662045,0.3270079791545868,0.5516436100006104,-0.011297152377665043,0.3321664333343506,0.5165309906005859,-0.015244337730109692,0.33530789613723755,0.4853302836418152,-0.01951751299202442,0.2932893633842468,0.5977829694747925,-0.005162517074495554,0.29382678866386414,0.5529289245605469,-0.01975151337683201,0.29310640692710876,0.5637382864952087,-0.024751661345362663,0.29278725385665894,0.5800946354866028,-0.022706307470798492,0.2701166272163391,0.599694013595581,-0.007089392282068729,0.26981258392333984,0.5461670160293579,-0.019791673868894577,0.27111580967903137,0.5090248584747314,-0.02816941775381565,0.27131015062332153,0.47624945640563965,-0.03183317929506302,0.24860043823719025,0.6119545102119446,-0.010012775659561157,0.23459923267364502,0.5840299725532532,-0.019183116033673286,0.22572407126426697,0.5656644701957703,-0.023712988942861557,0.21663258969783783,0.5481624603271484,-0.0263831689953804,h
0.2703927755355835,0.726768434047699,7.919849309701021e-08,0.30240756273269653,0.7035029530525208,-0.015409298241138458,0.3208470940589905,0.6542336940765381,-0.020417485386133194,0.3181426525115967,0.606776773929596,-0.023601463064551353,0.29662594199180603,0.5852590799331665,-0.025767026469111443,0.3168410062789917,0.604826033115387,-0.006747846491634846,0.32717442512512207,0.549043595790863,-0.013242998160421848,0.3319457769393921,0.5135869383811951,-0.017527220770716667,0.33491718769073486,0.48252731561660767,-0.021626105532050133,0.29417410492897034,0.5974035263061523,-0.0060668038204312325,0.29557088017463684,0.5535099506378174,-0.020490702241659164,0.29435718059539795,0.5637038350105286,-0.025240514427423477,0.2942425310611725,0.5786554217338562,-0.023172836750745773,0.2704657018184662,0.6001065373420715,-0.007842608727514744,0.2705002427101135,0.5476049780845642,-0.020255036652088165,0.271536260843277,0.5102230310440063,-0.02829308994114399,0.27191969752311707,0.4772944450378418,-0.03179585933685303,0.24789848923683167,0.6130596995353699,-0.010672453790903091,0.2341904640197754,0.5831876993179321,-0.01922629214823246,0.22626404464244843,0.5643643140792847,-0.023015150800347328,0.2185298204421997,0.5470851063728333,-0.025112362578511238,h
0.26958245038986206,0.7269749045372009,6.053684842299845e-08,0.30230167508125305,0.7035403251647949,-0.01507545541971922,0.32072514295578003,0.6532062888145447,-0.019928228110074997,0.31869080662727356,0.605046272277832,-0.02310316264629364,0.29714441299438477,0.583778440952301,-0.02526300586760044,0.3162873387336731,0.6048493385314941,-0.00585964834317565,0.3271663188934326,0.5492098331451416,-0.012409424409270287,0.3325554132461548,0.5137960314750671,-0.01667635142803192,0.33587539196014404,0.4826084077358246,-0.020753514021635056,0.2933182418346405,0.5977268218994141,-0.005390317179262638,0.2936389744281769,0.5531302094459534,-0.020990805700421333,0.29223355650901794,0.5669599175453186,-0.025690756738185883,0.29172638058662415,0.5855254530906677,-0.022922828793525696,0.2697073519229889,0.6004002690315247,-0.007426000665873289,0.2693012058734894,0.547950267791748,-0.020078953355550766,0.27076366543769836,0.5097120404243469,-0.027774415910243988,0.27118605375289917,0.47622817754745483,-0.03077823854982853,0.24745525419712067,0.6132689118385315,-0.010548834688961506,0.2338964194059372,0.5838392376899719,-0.018342090770602226,0.22620898485183716,0.5646544694900513,-0.02162351831793785,0.21854892373085022,0.5467081069946289,-0.023457495495676994,h
0.2716625928878784,0.7267094850540161,5.572517380869613e-08,0.3045153319835663,0.7026738524436951,-0.014508373104035854,0.3214528262615204,0.6527068614959717,-0.019083689898252487,0.3187413811683655,0.605499267578125,-0.021924860775470734,0.2980821132659912,0.5849115252494812,-0.023641284555196762,0.3164501190185547,0.6057398915290833,-0.006069964729249477,0.32762348651885986,0.5505569577217102,-0.012765748426318169,0.3331318199634552,0.5153005719184875,-0.016630733385682106,0.3363087773323059,0.48506051301956177,-0.020223835483193398,0.2934776544570923,0.5985061526298523,-0.005676437634974718,0.29397472739219666,0.5535759329795837,-0.021273020654916763,0.2937512695789337,0.5686317682266235,-0.02522270567715168,0.29426875710487366,0.5880278944969177,-0.02173703908920288,0.2701619565486908,0.6010535359382629,-0.007755961734801531,0.26952072978019714,0.5478382110595703,-0.020428458228707314,0.2712116241455078,0.510570228099823,-0.02746865339577198,0.2720320522785187,0.477805495262146,-0.02991148643195629,0.24830840528011322,0.6138825416564941,-0.010864436626434326,0.23410332202911377,0.584868311882019,-0.018719015643000603,0.2265777289867401,0.5663013458251953,-0.02177966758608818,0.21939484775066376,0.5486494302749634,-0.02333194389939308,h
0.2728426456451416,0.7239922285079956,3.531886250129901e-08,0.3054378926753998,0.7021127343177795,-0.013161556795239449,0.32474642992019653,0.6504302024841309,-0.01679876819252968,0.3207528591156006,0.6033226847648621,-0.018903085961937904,0.2977258563041687,0.5851405262947083,-0.020229846239089966,0.31877240538597107,0.6050872802734375,-0.00608650129288435,0.32947951555252075,0.5506557822227478,-0.012082135304808617,0.3346218764781952,0.5159908533096313,-0.016019774600863457,0.33757495880126953,0.4847480058670044,-0.020271549001336098,0.29572567343711853,0.5976781845092773,-0.0064086695201694965,0.29551398754119873,0.5561479926109314,-0.02133372239768505,0.29498618841171265,0.5675485134124756,-0.02652195282280445,0.294475793838501,0.5836207270622253,-0.024961991235613823,0.27237892150878906,0.6002184152603149,-0.008778544142842293,0.2715347111225128,0.5476345419883728,-0.022048063576221466,0.27353671193122864,0.5110998153686523,-0.030089421197772026,0.27434679865837097,0.47903361916542053,-0.033619292080402374,0.2508421242237091,0.6125161647796631,-0.011852744035422802,0.23617331683635712,0.5839746594429016,-0.021349921822547913,0.22777846455574036,0.5660520195960999,-0.025365931913256645,0.21924176812171936,0.5490005016326904,-0.02761157788336277,h
0.2752109467983246,0.7262459397315979,5.290342386388147e-08,0.30703669786453247,0.702415406703949,-0.01276456844061613,0.32595211267471313,0.6516666412353516,-0.016732024028897285,0.3214865028858185,0.6056808829307556,-0.019371265545487404,0.2996027171611786,0.5849171876907349,-0.02110704407095909,0.3198896646499634,0.6064907908439636,-0.005358013790100813,0.3309932053089142,0.5517584085464478,-0.01166914589703083,0.33650001883506775,0.5164122581481934,-0.015518109314143658,0.3397354185581207,0.48570942878723145,-0.01932086981832981,0.29688262939453125,0.5994797945022583,-0.005916460417211056,0.2980928122997284,0.5582297444343567,-0.020802102982997894,0.29836297035217285,0.570008397102356,-0.025389131158590317,0.2984963357448578,0.5871267318725586,-0.023069625720381737,0.2735782563686371,0.6021760702133179,-0.008640835992991924,0.2734374403953552,0.5497955679893494,-0.021720273420214653,0.27511027455329895,0.5127295255661011,-0.029394280165433884,0.27573251724243164,0.48094284534454346,-0.03250107541680336,0.25177890062332153,0.6149648427963257,-0.012074003927409649,0.23707468807697296,0.5861836671829224,-0.021330013871192932,0.2286631017923355,0.5678507685661316,-0.025042058899998665,0.22028914093971252,0.5507476329803467,-0.02693340554833412,h
0.2763739824295044,0.7255746722221375,5.2583384757554086e-08,0.3085422217845917,0.7031345367431641,-0.01329569611698389,0.3266754448413849,0.6515864729881287,-0.016928117722272873,0.3229508399963379,0.6044750809669495,-0.019111085683107376,0.30148687958717346,0.5840973854064941,-0.020271701738238335,0.3227936327457428,0.6043850183486938,-0.0027442662976682186,0.33346131443977356,0.5528362393379211,-0.008255924098193645,0.3386082053184509,0.5177859663963318,-0.011675450950860977,0.34159064292907715,0.4874550998210907,-0.015336050651967525,0.29961177706718445,0.5975779294967651,-0.0032298092264682055,0.3005758225917816,0.5541500449180603,-0.018560457974672318,0.30175745487213135,0.5716231465339661,-0.02268018014729023,0.30336278676986694,0.5943639278411865,-0.01918937638401985,0.2756297290325165,0.6006706953048706,-0.006211034022271633,0.27535077929496765,0.5490084886550903,-0.019080359488725662,0.2770102918148041,0.5129701495170593,-0.026405349373817444,0.27810150384902954,0.48145756125450134,-0.028927452862262726,0.25297811627388,0.6141221523284912,-0.010079637169837952,0.23818011581897736,0.58599454164505,-0.018374748528003693,0.23002922534942627,0.5676445364952087,-0.021762097254395485,0.2220296412706375,0.5495762825012207,-0.02356848120689392,h
0.2763618528842926,0.7251193523406982,4.812730125536291e-08,0.308210164308548,0.702704906463623,-0.013963710516691208,0.3273167908191681,0.6526266932487488,-0.018176477402448654,0.32405731081962585,0.605563223361969,-0.020892808213829994,0.3022097945213318,0.5838689208030701,-0.02264307253062725,0.3233215808868408,0.6056480407714844,-0.0038576789665967226,0.3338601291179657,0.5529978275299072,-0.009633948095142841,0.3387214243412018,0.5180354714393616,-0.013483264483511448,0.3416142463684082,0.4871666729450226,-0.017528854310512543,0.2998664081096649,0.5984450578689575,-0.0039987508207559586,0.3008628189563751,0.5565255284309387,-0.01919197104871273,0.30024805665016174,0.5716983675956726,-0.024009278044104576,0.3003283143043518,0.5909770131111145,-0.021500423550605774,0.27590832114219666,0.6008068323135376,-0.006546511314809322,0.2759847640991211,0.5492743253707886,-0.01932239532470703,0.27756765484809875,0.513186514377594,-0.02674971893429756,0.27851080894470215,0.4815555214881897,-0.02957937866449356,0.25312307476997375,0.6131569743156433,-0.010039983317255974,0.23852811753749847,0.584110677242279,-0.01874650828540325,0.23030985891819,0.5659613609313965,-0.022265812382102013,0.22248253226280212,0.5483981966972351,-0.024061456322669983,h
0.276183545589447,0.7254160642623901,5.6979132523338194e-08,0.30849340558052063,0.7030457854270935,-0.014943634159862995,0.32836002111434937,0.6528481245040894,-0.01944768987596035,0.32398128509521484,0.6052939891815186,-0.022223282605409622,0.302160382270813,0.5832131505012512,-0.023944636806845665,0.32330435514450073,0.6062524318695068,-0.004640949424356222,0.33348947763442993,0.5535270571708679,-0.01085902564227581,0.3385124206542969,0.5183732509613037,-0.015030516311526299,0.3420153260231018,0.48729968070983887,-0.01934427209198475,0.29984790086746216,0.5990883708000183,-0.004621367435902357,0.3008524775505066,0.5560522675514221,-0.02052992396056652,0.30016911029815674,0.5707818865776062,-0.0258784219622612,0.3001822233200073,0.5905682444572449,-0.023617688566446304,0.2760279178619385,0.6016244888305664,-0.00712840911000967,0.276397705078125,0.5494483113288879,-0.02067623659968376,0.27783867716789246,0.5126644968986511,-0.028821930289268494,0.278581440448761,0.4805904030799866,-0.03204665333032608,0.2532545030117035,0.6141700744628906,-0.010639378800988197,0.23881639540195465,0.5848619341850281,-0.02001999132335186,0.23032990097999573,0.5664551854133606,-0.024131782352924347,0.22200778126716614,0.5484940409660339,-0.02636772021651268,h
0.2759205400943756,0.7251691222190857,8.065698864356818e-08,0.3083423972129822,0.7035905122756958,-0.015318903140723705,0.3276366889476776,0.6530425548553467,-0.019951436668634415,0.3251299560070038,0.604956865310669,-0.02285057120025158,0.30381542444229126,0.5822933316230774,-0.02466682530939579,0.32246842980384827,0.60589200258255,-0.004319753963500261,0.333608478307724,0.5526058673858643,-0.010227242484688759,0.3387943506240845,0.5170023441314697,-0.014183532446622849,0.3422006070613861,0.48617231845855713,-0.018256692215800285,0.29920831322669983,0.5983576774597168,-0.00400770315900445,0.3008137345314026,0.553405225276947,-0.01977250538766384,0.30077460408210754,0.5679044723510742,-0.024772722274065018,0.30155879259109497,0.5883411169052124,-0.021916739642620087,0.2756160497665405,0.6002336740493774,-0.006281896959990263,0.2759741544723511,0.5477105975151062,-0.01890946738421917,0.27778828144073486,0.5115520358085632,-0.026525944471359253,0.2791268229484558,0.48029953241348267,-0.02935192547738552,0.2535800337791443,0.6123691201210022,-0.0097409188747406,0.23927956819534302,0.5843326449394226,-0.01827947422862053,0.23101532459259033,0.5662689805030823,-0.022146563977003098,0.2232934683561325,0.5484952926635742,-0.024201590567827225,h
0.27494657039642334,0.7251468300819397,7.217936826009463e-08,0.3079683482646942,0.7035983204841614,-0.015790674835443497,0.32685142755508423,0.652558445930481,-0.020237697288393974,0.3242954611778259,0.6039599776268005,-0.02273581363260746,0.30347734689712524,0.5815876126289368,-0.024002648890018463,0.3215469717979431,0.6075102686882019,-0.005520847626030445,0.33279746770858765,0.5535287261009216,-0.011951185762882233,0.3380286693572998,0.5174307823181152,-0.016070164740085602,0.341403603553772,0.4857567548751831,-0.020153934136033058,0.2985292673110962,0.5994317531585693,-0.004796041175723076,0.2991723418235779,0.5533803701400757,-0.02070309966802597,0.2990061640739441,0.5669218897819519,-0.025512443855404854,0.299661248922348,0.5864941477775574,-0.022532761096954346,0.2751900553703308,0.6006929874420166,-0.006670914590358734,0.27492132782936096,0.5479285717010498,-0.01961733214557171,0.2769092321395874,0.5111585855484009,-0.027147339656949043,0.27825769782066345,0.47903504967689514,-0.029776055365800858,0.2535255253314972,0.6119493842124939,-0.00973559357225895,0.24048754572868347,0.5837259292602539,-0.017925335094332695,0.23311637341976166,0.5662330985069275,-0.0213305726647377,0.2256583273410797,0.5494967699050903,-0.02307024411857128,h
0.27557727694511414,0.7245250344276428,8.000645834727038e-08,0.30731672048568726,0.7015970349311829,-0.014866468496620655,0.32555925846099854,0.6510004997253418,-0.01931062340736389,0.32376667857170105,0.604343831539154,-0.022188600152730942,0.3029770255088806,0.5812588334083557,-0.023915253579616547,0.3214281499385834,0.6055868268013,-0.003954489249736071,0.3327968418598175,0.5524356365203857,-0.010292195715010166,0.33805540204048157,0.5172877907752991,-0.014686433598399162,0.34122970700263977,0.48637354373931885,-0.01892215758562088,0.2983013987541199,0.5979560613632202,-0.0038357756566256285,0.2991364896297455,0.5539220571517944,-0.020204775035381317,0.2989557087421417,0.567927360534668,-0.025634679943323135,0.29925352334976196,0.5874890685081482,-0.02298569865524769,0.2745630443096161,0.5998901128768921,-0.00626259995624423,0.2747167944908142,0.5478796362876892,-0.01925015076994896,0.27620986104011536,0.511620044708252,-0.026635009795427322,0.2771579623222351,0.47978901863098145,-0.02908223681151867,0.2522909939289093,0.6120906472206116,-0.009809140115976334,0.2396940290927887,0.5839070081710815,-0.017970174551010132,0.2328038513660431,0.5658464431762695,-0.021106427535414696,0.22623059153556824,0.548147439956665,-0.02254168689250946,h
0.27287739515304565,0.7232070565223694,7.403337320965875e-08,0.3041011691093445,0.7001140117645264,-0.014521288685500622,0.32194939255714417,0.6507088541984558,-0.01854785531759262,0.3197033405303955,0.6053081154823303,-0.020983505994081497,0.3010299503803253,0.5804734826087952,-0.022279396653175354,0.3191807270050049,0.6031797528266907,-0.0038270880468189716,0.33132269978523254,0.5510073304176331,-0.01002002414315939,0.33632901310920715,0.5162283778190613,-0.014397894032299519,0.3396150767803192,0.48529326915740967,-0.01855158992111683,0.29640933871269226,0.5960656404495239,-0.0035654918756335974,0.29722970724105835,0.5504505634307861,-0.01923973113298416,0.2967285215854645,0.5632222294807434,-0.024809543043375015,0.29704323410987854,0.5833743810653687,-0.02250482514500618,0.27287769317626953,0.5985089540481567,-0.005773309618234634,0.27238908410072327,0.5464269518852234,-0.01792675442993641,0.2724602222442627,0.5105660557746887,-0.02516171708703041,0.27240481972694397,0.47994035482406616,-0.027586253359913826,0.25080952048301697,0.6118659377098083,-0.009092087857425213,0.2372022271156311,0.5818467140197754,-0.016423434019088745,0.2299037128686905,0.5624442100524902,-0.01945498213171959,0.2234765589237213,0.5435857772827148,-0.020894762128591537,h
0.2725633382797241,0.7228808403015137,5.8825921911420664e-08,0.3040723204612732,0.6996217966079712,-0.0131057845428586,0.321390300989151,0.6483542919158936,-0.016416694968938828,0.31920844316482544,0.6025676727294922,-0.01817106083035469,0.30004388093948364,0.5798863172531128,-0.018714996054768562,0.31761234998703003,0.6035781502723694,-0.0038730925880372524,0.32963162660598755,0.5515080094337463,-0.010338694788515568,0.3347512185573578,0.5167275071144104,-0.014492136426270008,0.3378264605998993,0.48580509424209595,-0.01831505261361599,0.2949109971523285,0.5965183973312378,-0.004209424369037151,0.2962892949581146,0.5509566068649292,-0.020521609112620354,0.297493577003479,0.5671382546424866,-0.02522943541407585,0.29877954721450806,0.5901557803153992,-0.021778946742415428,0.2712654173374176,0.5987800359725952,-0.006902103312313557,0.2704635560512543,0.5480592250823975,-0.01929466985166073,0.27170732617378235,0.5118660926818848,-0.02614341676235199,0.2724577784538269,0.48041486740112305,-0.028061384335160255,0.24888737499713898,0.6118278503417969,-0.010544048622250557,0.23523813486099243,0.5828577280044556,-0.017128724604845047,0.228167325258255,0.5635092258453369,-0.019432317465543747,0.22135765850543976,0.5441312193870544,-0.02047061175107956,h
0.27016928791999817,0.7230510115623474,8.801050199735982e-08,0.3016263544559479,0.7008183598518372,-0.014120832085609436,0.3189692795276642,0.6485459208488464,-0.018052728846669197,0.3162080943584442,0.6033489108085632,-0.020297909155488014,0.29533863067626953,0.5826382040977478,-0.021184731274843216,0.31612837314605713,0.6007100939750671,-0.002129549626260996,0.32667943835258484,0.5484930276870728,-0.007398802787065506,0.3320724070072174,0.5149232745170593,-0.011221271939575672,0.3345400094985962,0.4856366813182831,-0.014917769469320774,0.2926609218120575,0.5938928723335266,-0.002106728497892618,0.2946603298187256,0.5483869910240173,-0.017678041011095047,0.2962072193622589,0.5676994323730469,-0.022527221590280533,0.29702073335647583,0.5940742492675781,-0.01877611130475998,0.26886439323425293,0.596604585647583,-0.004580394364893436,0.26794469356536865,0.547148585319519,-0.015533176250755787,0.2692767381668091,0.5105641484260559,-0.022225724533200264,0.2693599462509155,0.4790545105934143,-0.024154845625162125,0.24647590517997742,0.6108222007751465,-0.00821052584797144,0.23401954770088196,0.5826095342636108,-0.013047216460108757,0.22692495584487915,0.5638790726661682,-0.014331930316984653,0.21967780590057373,0.5457711815834045,-0.01485789380967617,h
0.27084335684776306,0.7239028811454773,7.969799042939485e-08,0.3025241494178772,0.7005037665367126,-0.012963933870196342,0.3200443983078003,0.6471209526062012,-0.016832584515213966,0.3173612356185913,0.6020054817199707,-0.019255442544817924,0.29591068625450134,0.5827420353889465,-0.020518356934189796,0.31666985154151917,0.6000736355781555,-0.0015203437069430947,0.3268948793411255,0.5483156442642212,-0.006539050489664078,0.33197999000549316,0.5156951546669006,-0.010331645607948303,0.3341362476348877,0.48663556575775146,-0.014207767322659492,0.2931656539440155,0.5936903357505798,-0.0022227801382541656,0.2954838275909424,0.5464652180671692,-0.01790802925825119,0.2970474362373352,0.5661431550979614,-0.023025039583444595,0.29765400290489197,0.5935134291648865,-0.019583845511078835,0.26921164989471436,0.5965160131454468,-0.00524827279150486,0.2675511837005615,0.5473921298980713,-0.01568518951535225,0.2693858742713928,0.5104121565818787,-0.022283989936113358,0.26984402537345886,0.4788362383842468,-0.024455808103084564,0.24696309864521027,0.6108676791191101,-0.009378835558891296,0.23340776562690735,0.5829984545707703,-0.013337280601263046,0.22603286802768707,0.5639604330062866,-0.014325487427413464,0.21844366192817688,0.5456762313842773,-0.01501591969281435,h
0.2678861916065216,0.7251838445663452,7.898920273419208e-08,0.2986114025115967,0.6999427080154419,-0.011192978359758854,0.3147813379764557,0.6477051973342896,-0.014653741382062435,0.3108210861682892,0.603169322013855,-0.017469337210059166,0.29100561141967773,0.5817953944206238,-0.01926017552614212,0.31069520115852356,0.6018920540809631,0.00045544462045654655,0.32317134737968445,0.551358699798584,-0.004659898579120636,0.32893553376197815,0.5171992182731628,-0.008785337209701538,0.3313799500465393,0.4884181022644043,-0.012810904532670975,0.28875330090522766,0.5955048203468323,-0.0010663386201485991,0.2919645309448242,0.5519253611564636,-0.015962889418005943,0.2940139174461365,0.5651416182518005,-0.021676477044820786,0.2946091890335083,0.5861137509346008,-0.01930927112698555,0.2664477825164795,0.5981127023696899,-0.0048310160636901855,0.2669225335121155,0.5452768206596375,-0.015991350635886192,0.2687002420425415,0.5083239078521729,-0.023215677589178085,0.2691630721092224,0.47779327630996704,-0.02583399973809719,0.24497875571250916,0.6120886206626892,-0.009456240572035313,0.2305460125207901,0.5819298028945923,-0.015647253021597862,0.22161948680877686,0.562908411026001,-0.017795275896787643,0.2131071388721466,0.5460219383239746,-0.01879040151834488,h
0.2653736472129822,0.7234142422676086,9.092305219837726e-08,0.2962794303894043,0.6986860036849976,-0.01099985558539629,0.31129568815231323,0.6464282274246216,-0.014387001283466816,0.30810827016830444,0.6014218330383301,-0.017313573509454727,0.28777360916137695,0.5808066129684448,-0.019360944628715515,0.30691391229629517,0.6020494699478149,-0.0005034074420109391,0.31795305013656616,0.5505470037460327,-0.00511905224993825,0.323245644569397,0.5159517526626587,-0.008326401934027672,0.3253227770328522,0.48783716559410095,-0.011652423068881035,0.28509658575057983,0.5954847931861877,-0.0016118624480441213,0.28418856859207153,0.5536049008369446,-0.013763709925115108,0.2847244441509247,0.5592274069786072,-0.017922786995768547,0.2848118543624878,0.5716519951820374,-0.015682701021432877,0.26308566331863403,0.5976786017417908,-0.004951999057084322,0.26102083921432495,0.5455085039138794,-0.015030236914753914,0.2623080313205719,0.5083874464035034,-0.021374819800257683,0.26284605264663696,0.4776681363582611,-0.023911956697702408,0.2421567142009735,0.6109261512756348,-0.009214270859956741,0.22588509321212769,0.5819644927978516,-0.016107555478811264,0.21640507876873016,0.5628622770309448,-0.01888028346002102,0.20818069577217102,0.5463792085647583,-0.020220933482050896,h
0.26323190331459045,0.7256475687026978,1.0861796084782327e-07,0.29345306754112244,0.7015733122825623,-0.013775289058685303,0.309373140335083,0.6466268301010132,-0.016603723168373108,0.3048887252807617,0.6013233661651611,-0.018160611391067505,0.28341609239578247,0.5827706456184387,-0.018727906048297882,0.3041065037250519,0.6018622517585754,-0.0024259204510599375,0.3151012361049652,0.5482049584388733,-0.005884820595383644,0.3189055323600769,0.513279139995575,-0.008917142637073994,0.320993572473526,0.4842853248119354,-0.012615051120519638,0.28076866269111633,0.5956735610961914,-0.0024902408476918936,0.2737458348274231,0.5446619391441345,-0.013315128162503242,0.27063459157943726,0.5410206317901611,-0.01901177316904068,0.26917383074760437,0.5507537722587585,-0.018668148666620255,0.2587955892086029,0.6001471877098083,-0.004665720742195845,0.2564670443534851,0.5460906624794006,-0.013228991068899632,0.2584328055381775,0.5081491470336914,-0.01995384693145752,0.26026982069015503,0.47881975769996643,-0.02326536551117897,0.23789779841899872,0.6158861517906189,-0.00821156706660986,0.22376637160778046,0.5859963893890381,-0.015234697610139847,0.21514761447906494,0.5641803741455078,-0.018958507105708122,0.20793206989765167,0.5450701117515564,-0.021086322143673897,h
0.25774091482162476,0.7250164747238159,1.0492588131683078e-07,0.2885565757751465,0.7005030512809753,-0.013844895176589489,0.30494600534439087,0.6478633880615234,-0.01774558797478676,0.30105066299438477,0.602119505405426,-0.020481394603848457,0.27899467945098877,0.5816819667816162,-0.022315066307783127,0.2974969744682312,0.6037235856056213,-0.003239014185965061,0.3106718063354492,0.5496015548706055,-0.007934021763503551,0.31526893377304077,0.5139406323432922,-0.011534282006323338,0.3179508447647095,0.48386281728744507,-0.015601275488734245,0.2754409909248352,0.5972487330436707,-0.003577511990442872,0.27086153626441956,0.5459401607513428,-0.01673118956387043,0.26847338676452637,0.5459665656089783,-0.02307676523923874,0.26761069893836975,0.558269739151001,-0.022576574236154556,0.25429946184158325,0.6002745032310486,-0.006044264882802963,0.25223061442375183,0.5435429811477661,-0.016900742426514626,0.254141628742218,0.5056198835372925,-0.024459583684802055,0.25590866804122925,0.47597336769104004,-0.02788364514708519,0.23538729548454285,0.6137731671333313,-0.009693942032754421,0.22073975205421448,0.5848819017410278,-0.01829950511455536,0.21190610527992249,0.5645641684532166,-0.022713344544172287,0.20430229604244232,0.5467648506164551,-0.02517068013548851,h
0.25442105531692505,0.7238979935646057,1.2091793166746356e-07,0.2850746810436249,0.7009642720222473,-0.014457202516496181,0.30113276839256287,0.6491237878799438,-0.018885957077145576,0.2966172993183136,0.6040034890174866,-0.021914824843406677,0.2744672894477844,0.5839641690254211,-0.02422761358320713,0.2949862778186798,0.6008575558662415,-0.00633606594055891,0.3078516125679016,0.5465171337127686,-0.012563505209982395,0.31219586730003357,0.5103232860565186,-0.016964398324489594,0.3143753111362457,0.48031216859817505,-0.02124074287712574,0.271939218044281,0.5940826535224915,-0.0064691160805523396,0.26763200759887695,0.5471903681755066,-0.020189281553030014,0.2655797004699707,0.5449377298355103,-0.02661987766623497,0.26524433493614197,0.5524322986602783,-0.026603292673826218,0.2493169605731964,0.5981234312057495,-0.008681142702698708,0.24699833989143372,0.5444480776786804,-0.020650573074817657,0.2473384290933609,0.5063489079475403,-0.028502298519015312,0.2483479082584381,0.4743567109107971,-0.03214699774980545,0.22877323627471924,0.6133471131324768,-0.011927656829357147,0.21493902802467346,0.5846913456916809,-0.021339280530810356,0.20743533968925476,0.5646325945854187,-0.02544468082487583,0.20138411223888397,0.5464563369750977,-0.027498513460159302,h
0.251626193523407,0.7294589877128601,7.908863608463435e-08,0.28104981780052185,0.7050037980079651,-0.014161459170281887,0.2981953024864197,0.6490688920021057,-0.019379165023565292,0.29471462965011597,0.6019601225852966,-0.023585377261042595,0.2700077295303345,0.5827778577804565,-0.0268623735755682,0.2924799919128418,0.6024066805839539,-0.0023883236572146416,0.30335769057273865,0.5469649434089661,-0.007708260789513588,0.30813565850257874,0.5105587244033813,-0.01152557972818613,0.3102746605873108,0.4799369275569916,-0.015639878809452057,0.2693958580493927,0.5970036387443542,-0.0033852909691631794,0.2663533687591553,0.5538990497589111,-0.020360661670565605,0.2641107738018036,0.5690953731536865,-0.026426080614328384,0.2628847360610962,0.5902801156044006,-0.023797649890184402,0.24674417078495026,0.600950300693512,-0.006811672355979681,0.24401584267616272,0.54707270860672,-0.019748948514461517,0.2444194257259369,0.5087923407554626,-0.026865273714065552,0.24421420693397522,0.4761708378791809,-0.029101207852363586,0.22644445300102234,0.6160922050476074,-0.011328729800879955,0.21197344362735748,0.5865839123725891,-0.01900891587138176,0.20431235432624817,0.5661390423774719,-0.02154042385518551,0.19728663563728333,0.5466985106468201,-0.022689079865813255,h
0.24948497116565704,0.7272970080375671,1.0320909638039666e-07,0.27904242277145386,0.7023481130599976,-0.014681728556752205,0.29400569200515747,0.6471922993659973,-0.019338874146342278,0.29007014632225037,0.6017279624938965,-0.02281189151108265,0.26678454875946045,0.5822873115539551,-0.025053557008504868,0.28853991627693176,0.6022124290466309,-0.0031420572195202112,0.298942506313324,0.54474276304245,-0.008275706321001053,0.30293235182762146,0.5085912942886353,-0.011548565700650215,0.3053106963634491,0.47819435596466064,-0.015254528261721134,0.2663920223712921,0.5972042679786682,-0.0038048233836889267,0.26252132654190063,0.5495209097862244,-0.02034449763596058,0.26030656695365906,0.5578253269195557,-0.0268480833619833,0.2595136761665344,0.5756295323371887,-0.0247296541929245,0.2444029599428177,0.6012844443321228,-0.006884177681058645,0.24054083228111267,0.5462270379066467,-0.02000689134001732,0.2407887578010559,0.5068775415420532,-0.028352022171020508,0.24086648225784302,0.47385719418525696,-0.03141698241233826,0.22455473244190216,0.6153411269187927,-0.011137118563055992,0.21013879776000977,0.5865111947059631,-0.02000296488404274,0.20083430409431458,0.5664737224578857,-0.024159440770745277,0.1923093944787979,0.5475316047668457,-0.026311185210943222,h
0.245868980884552,0.7266980409622192,9.867238759397878e-08,0.2762150764465332,0.7005268335342407,-0.013861269690096378,0.2915482223033905,0.6463549137115479,-0.01821507327258587,0.2879927456378937,0.6009320020675659,-0.021514125168323517,0.26473772525787354,0.5818085670471191,-0.023866787552833557,0.2855289578437805,0.5989546179771423,-0.001338847097940743,0.2962331771850586,0.542853832244873,-0.006177358329296112,0.30032309889793396,0.5060983300209045,-0.010153630748391151,0.3021949529647827,0.475501149892807,-0.01432662270963192,0.2627425491809845,0.5936875343322754,-0.0020157662220299244,0.25897085666656494,0.5455083847045898,-0.017351053655147552,0.256423681974411,0.5555643439292908,-0.02375446818768978,0.2555323839187622,0.5754422545433044,-0.021779784932732582,0.24001312255859375,0.5975545048713684,-0.0050362395122647285,0.2362533062696457,0.5422631502151489,-0.01606697589159012,0.23542775213718414,0.5036112070083618,-0.02362249791622162,0.23465277254581451,0.47238409519195557,-0.026545606553554535,0.21967558562755585,0.6125999093055725,-0.009268171153962612,0.20434920489788055,0.5844776034355164,-0.015751095488667488,0.19550347328186035,0.5646095871925354,-0.018565230071544647,0.18798203766345978,0.5465939044952393,-0.020046470686793327,h
0.24196825921535492,0.7258532047271729,8.461439193752085e-08,0.27245032787323,0.7008457779884338,-0.01570446603000164,0.2886156737804413,0.6460713744163513,-0.020795684307813644,0.28423741459846497,0.598742663860321,-0.02461792342364788,0.25985467433929443,0.5788183808326721,-0.02742793783545494,0.2826792299747467,0.5983134508132935,-0.0033685872331261635,0.2924829423427582,0.540522038936615,-0.008685609325766563,0.29643556475639343,0.5039031505584717,-0.012621156871318817,0.2984311282634735,0.47276633977890015,-0.016920335590839386,0.2592495381832123,0.5930936932563782,-0.003634603228420019,0.2529270052909851,0.5462599396705627,-0.020097319036722183,0.24994324147701263,0.5558555722236633,-0.027012385427951813,0.24879032373428345,0.5737273693084717,-0.025434579700231552,0.23677437007427216,0.5973957180976868,-0.006399801466614008,0.23248973488807678,0.5416116714477539,-0.019225729629397392,0.23183588683605194,0.5025185346603394,-0.02741195447742939,0.23105117678642273,0.4699811339378357,-0.030529096722602844,0.2170441448688507,0.6126012802124023,-0.010457802563905716,0.20214080810546875,0.58360356092453,-0.019344862550497055,0.19315868616104126,0.563236653804779,-0.02333858422935009,0.1847088485956192,0.544679582118988,-0.02529769390821457,h
0.2421427071094513,0.7265989184379578,7.922707112584249e-08,0.27297061681747437,0.7002723217010498,-0.016215598210692406,0.28847476840019226,0.6453341245651245,-0.02166799269616604,0.2833079695701599,0.5972469449043274,-0.02542760595679283,0.2586347162723541,0.5783216953277588,-0.02806731127202511,0.28335878252983093,0.5985610485076904,-0.005560571327805519,0.29213014245033264,0.5399252772331238,-0.011157254688441753,0.2951917052268982,0.502799928188324,-0.01467319205403328,0.2968956530094147,0.47137323021888733,-0.01850663311779499,0.2598474621772766,0.5928460359573364,-0.005002266261726618,0.2536243200302124,0.5438271164894104,-0.02098904363811016,0.25121647119522095,0.5548959374427795,-0.026234710589051247,0.25133755803108215,0.5734531879425049,-0.023461321368813515,0.23698082566261292,0.5968595743179321,-0.006986045744270086,0.23110169172286987,0.541259229183197,-0.019366102293133736,0.2302168607711792,0.5018479824066162,-0.026891255751252174,0.22924983501434326,0.46842488646507263,-0.029645832255482674,0.21670791506767273,0.6115800142288208,-0.010315700434148312,0.20066942274570465,0.582503080368042,-0.018605349585413933,0.19157764315605164,0.5614794492721558,-0.02270531840622425,0.18323923647403717,0.5415523052215576,-0.024998070672154427,h
0.240285262465477,0.7275397777557373,9.283991886377407e-08,0.2713989019393921,0.7024034261703491,-0.0176182072609663,0.2880355715751648,0.645285427570343,-0.022959263995289803,0.2818257212638855,0.5972599387168884,-0.026470579206943512,0.2561114728450775,0.578184962272644,-0.028552837669849396,0.2828875184059143,0.5964773893356323,-0.0024727745912969112,0.29157644510269165,0.5375642776489258,-0.007463270332664251,0.29423537850379944,0.5005571842193604,-0.011625387705862522,0.2957633137702942,0.4682775139808655,-0.016220880672335625,0.25909334421157837,0.5914260149002075,-0.001709973905235529,0.254485547542572,0.5427089929580688,-0.019286345690488815,0.2512820065021515,0.5567371249198914,-0.026296332478523254,0.25074073672294617,0.5792227983474731,-0.023879071697592735,0.23553283512592316,0.595404326915741,-0.0037927182856947184,0.2307112216949463,0.5400123000144958,-0.01623627543449402,0.23013441264629364,0.5004909634590149,-0.024374011904001236,0.22957681119441986,0.46690505743026733,-0.0271682720631361,0.21482610702514648,0.6100687980651855,-0.007482866290956736,0.20028702914714813,0.5805345773696899,-0.014471045695245266,0.19157180190086365,0.5598011612892151,-0.017820758745074272,0.18339847028255463,0.5398465394973755,-0.01963798515498638,h
0.2408030480146408,0.7283207774162292,8.909890425456979e-08,0.2718607187271118,0.7028054594993591,-0.017406277358531952,0.2878052592277527,0.6450217962265015,-0.02315974235534668,0.28217124938964844,0.5969083905220032,-0.027204429730772972,0.25667375326156616,0.5778928995132446,-0.02977118268609047,0.2832337021827698,0.5961041450500488,-0.0024472069926559925,0.2911851108074188,0.5369060039520264,-0.007558399811387062,0.2938063442707062,0.5001323223114014,-0.011383670382201672,0.29533761739730835,0.4686471223831177,-0.01564524509012699,0.25942060351371765,0.5910764336585999,-0.0020909616723656654,0.25662386417388916,0.5429378151893616,-0.02032238245010376,0.25494837760925293,0.5612646341323853,-0.026286276057362556,0.25527477264404297,0.5869751572608948,-0.022611401975154877,0.23578964173793793,0.5951642990112305,-0.004704162012785673,0.2310737669467926,0.539182722568512,-0.016901275143027306,0.23064273595809937,0.49973058700561523,-0.024139517918229103,0.23009544610977173,0.4655824899673462,-0.026353972032666206,0.21484825015068054,0.6107093691825867,-0.009006941691040993,0.200121209025383,0.5819328427314758,-0.015143731608986855,0.19150686264038086,0.5611650347709656,-0.017820371314883232,0.18319714069366455,0.5406169891357422,-0.019388550892472267,h
0.2389654517173767,0.7277238368988037,7.686635683512577e-08,0.2706016004085541,0.7014564275741577,-0.016824645921587944,0.2863239049911499,0.644035279750824,-0.022450489923357964,0.281320184469223,0.5958958864212036,-0.026436781510710716,0.25634464621543884,0.5761479735374451,-0.029007501900196075,0.2813270092010498,0.5977639555931091,-0.0031354851089417934,0.29092809557914734,0.5384021997451782,-0.008304732851684093,0.29348331689834595,0.5007469058036804,-0.011750008910894394,0.2951195240020752,0.4688553810119629,-0.015712402760982513,0.2578190267086029,0.5923182368278503,-0.0028494957368820906,0.25349727272987366,0.5408433675765991,-0.02110561542212963,0.2511609196662903,0.5580745935440063,-0.026900209486484528,0.25162214040756226,0.583851158618927,-0.023138878867030144,0.23465871810913086,0.5955826044082642,-0.005334753077477217,0.2296868860721588,0.5378260612487793,-0.017348969355225563,0.22943533957004547,0.49842891097068787,-0.02399882860481739,0.22904682159423828,0.4653480052947998,-0.025847170501947403,0.2143019735813141,0.6100346446037292,-0.009489022195339203,0.19903209805488586,0.5802518129348755,-0.015718795359134674,0.19012948870658875,0.5585201978683472,-0.018540970981121063,0.1815187931060791,0.5374873280525208,-0.02015567198395729,h
0.23780441284179688,0.726650059223175,7.163303195056869e-08,0.2681600749492645,0.6996203660964966,-0.014693892560899258,0.28352758288383484,0.6435627937316895,-0.019418984651565552,0.2786894142627716,0.5957515239715576,-0.022717272862792015,0.2542622983455658,0.5762761235237122,-0.0249678585678339,0.27836874127388,0.5973220467567444,-0.005514862015843391,0.28846389055252075,0.5375100374221802,-0.01154648419469595,0.292111873626709,0.5001029968261719,-0.01566055230796337,0.2942858040332794,0.4675005078315735,-0.019944073632359505,0.25543212890625,0.5912845730781555,-0.0057310485281050205,0.2499009221792221,0.5400342345237732,-0.021866295486688614,0.24653925001621246,0.5466820001602173,-0.028172528371214867,0.24528710544109344,0.5618872046470642,-0.026625698432326317,0.23285289108753204,0.5951775908470154,-0.008186767809092999,0.2281510829925537,0.5376566052436829,-0.020780233666300774,0.228094220161438,0.4976806044578552,-0.028564099222421646,0.2277263104915619,0.4641501307487488,-0.03168579190969467,0.2128101885318756,0.6097705960273743,-0.011829834431409836,0.19820499420166016,0.5784042477607727,-0.0203010905534029,0.18937748670578003,0.5561540722846985,-0.02435735985636711,0.1810789704322815,0.5354964733123779,-0.026672884821891785,h
0.23693639039993286,0.7235084772109985,7.360584675097925e-08,0.26695165038108826,0.6959794759750366,-0.014731093309819698,0.28169527649879456,0.6400095224380493,-0.019222434610128403,0.276215523481369,0.5939001441001892,-0.02228814922273159,0.25143083930015564,0.5747296810150146,-0.02432965114712715,0.27706968784332275,0.594150722026825,-0.004757916089147329,0.2878187298774719,0.5359736084938049,-0.010096187703311443,0.29048845171928406,0.4988858997821808,-0.013862527906894684,0.2918914556503296,0.46743929386138916,-0.018040629103779793,0.25335150957107544,0.5891209244728088,-0.005015225149691105,0.24613960087299347,0.5386227965354919,-0.0206704530864954,0.24259503185749054,0.5442438125610352,-0.027363920584321022,0.2417178601026535,0.5602807998657227,-0.02628999389708042,0.23035366833209991,0.5936437249183655,-0.007504284847527742,0.22595690190792084,0.5365658402442932,-0.019522402435541153,0.2263311743736267,0.497514545917511,-0.027251919731497765,0.22688141465187073,0.46525537967681885,-0.030493538826704025,0.20975123345851898,0.6086497902870178,-0.01121470332145691,0.19533593952655792,0.5777697563171387,-0.01958492398262024,0.1866064965724945,0.5560317635536194,-0.023610884323716164,0.1790395975112915,0.5357453227043152,-0.02586793527007103,h
0.23535247147083282,0.7233420610427856,9.361534836216379e-08,0.264728844165802,0.6941821575164795,-0.01541778352111578,0.27994677424430847,0.6407527327537537,-0.020794890820980072,0.27302417159080505,0.5942664742469788,-0.024854393675923347,0.24812622368335724,0.5745618343353271,-0.02789778634905815,0.2762397229671478,0.5927360653877258,-0.00481160543859005,0.28501442074775696,0.5339897871017456,-0.011028571985661983,0.2875034213066101,0.4966352880001068,-0.015697404742240906,0.2883506417274475,0.46531957387924194,-0.02023528516292572,0.25272300839424133,0.5874921083450317,-0.004884554073214531,0.24619324505329132,0.5385488271713257,-0.01953439600765705,0.24374569952487946,0.5423285961151123,-0.02595820091664791,0.24374224245548248,0.5552480220794678,-0.025191042572259903,0.22970330715179443,0.5926911234855652,-0.007382123731076717,0.2242869734764099,0.5362808704376221,-0.01936202682554722,0.22260597348213196,0.4965851902961731,-0.027154667302966118,0.22132937610149384,0.4639433026313782,-0.030519412830471992,0.20849762856960297,0.6092186570167542,-0.01117024663835764,0.19337692856788635,0.5778429508209229,-0.019647266715765,0.1841757893562317,0.5556549429893494,-0.02341381646692753,0.17626211047172546,0.5360622406005859,-0.02540140599012375,h
0.23135918378829956,0.7208505868911743,7.150069336603337e-08,0.26189926266670227,0.6926699280738831,-0.01588994450867176,0.27717605233192444,0.6401070952415466,-0.021840348839759827,0.2707676291465759,0.594587504863739,-0.026358170434832573,0.2459728866815567,0.5733676552772522,-0.02994314581155777,0.2745577394962311,0.5887163281440735,-0.005220609717071056,0.2822015881538391,0.5300233364105225,-0.01170773059129715,0.28497111797332764,0.4928787648677826,-0.01642826572060585,0.28597816824913025,0.46185302734375,-0.02089390531182289,0.25039142370224,0.5839341878890991,-0.005241745617240667,0.24406693875789642,0.5374467968940735,-0.02195659466087818,0.24188339710235596,0.5510997176170349,-0.028316473588347435,0.24167577922344208,0.572091817855835,-0.026247326284646988,0.22700919210910797,0.5896170139312744,-0.007785404101014137,0.22185875475406647,0.534653902053833,-0.020144516602158546,0.22015275061130524,0.49603405594825745,-0.027611035853624344,0.218078151345253,0.4630482494831085,-0.03036869689822197,0.2056773602962494,0.6070528626441956,-0.01163175143301487,0.19126364588737488,0.5769541263580322,-0.01928783394396305,0.18274520337581635,0.5558635592460632,-0.022185401991009712,0.1746581494808197,0.5360921025276184,-0.02352619543671608,h
0.23063230514526367,0.7209314703941345,6.616501480039005e-08,0.26117008924484253,0.6938270330429077,-0.01602586731314659,0.2766052484512329,0.6397782564163208,-0.021383248269557953,0.2685961425304413,0.5934544205665588,-0.025185059756040573,0.2419523447751999,0.5745610594749451,-0.027920441702008247,0.2736313045024872,0.5877365469932556,-0.0044485172256827354,0.2811993360519409,0.5294411182403564,-0.009628036059439182,0.28371068835258484,0.4929664134979248,-0.013695277273654938,0.285077303647995,0.46131202578544617,-0.01818031631410122,0.24887433648109436,0.5827175974845886,-0.004493825137615204,0.24192562699317932,0.5369036197662354,-0.019745944067835808,0.23835960030555725,0.5468750596046448,-0.02640133537352085,0.2371256947517395,0.5644736886024475,-0.025265080854296684,0.22512613236904144,0.5886719226837158,-0.006991369184106588,0.2199658453464508,0.5333753824234009,-0.019150659441947937,0.21848906576633453,0.4928766191005707,-0.027597881853580475,0.2168096899986267,0.45806923508644104,-0.03139319270849228,0.20334169268608093,0.6061621308326721,-0.010748164728283882,0.18899963796138763,0.575097382068634,-0.018918434157967567,0.1802748739719391,0.5536797046661377,-0.022559313103556633,0.17208191752433777,0.533799409866333,-0.024633320048451424,h
0.22961483895778656,0.7220554351806641,5.2637140868228016e-08,0.25986242294311523,0.6961973905563354,-0.016238940879702568,0.2745581269264221,0.6427060961723328,-0.022142598405480385,0.26648184657096863,0.5968787670135498,-0.026404257863759995,0.24144050478935242,0.5766605734825134,-0.029444634914398193,0.27261441946029663,0.5881878733634949,-0.004882458131760359,0.27872714400291443,0.5291749238967896,-0.011289766989648342,0.28147947788238525,0.4926261603832245,-0.015777094289660454,0.2827919125556946,0.46057868003845215,-0.02024802379310131,0.24832920730113983,0.5831973552703857,-0.005085863173007965,0.2439931333065033,0.5378838777542114,-0.02298617549240589,0.24267695844173431,0.5577706694602966,-0.029005127027630806,0.24274109303951263,0.5830416083335876,-0.02609938196837902,0.22431951761245728,0.5887055397033691,-0.008032907731831074,0.21931816637516022,0.5343195199966431,-0.021243948489427567,0.21798698604106903,0.4947909712791443,-0.029238617047667503,0.21606051921844482,0.45991045236587524,-0.03211323544383049,0.202177494764328,0.605610728263855,-0.012271572835743427,0.1879557967185974,0.5743609666824341,-0.01959223859012127,0.17966973781585693,0.5536483526229858,-0.02232586033642292,0.17102769017219543,0.5337950587272644,-0.02380738966166973,h
0.22890795767307281,0.724901020526886,5.337824049433948e-08,0.2588563859462738,0.696164608001709,-0.014983254484832287,0.2723439335823059,0.6405810117721558,-0.020338714122772217,0.2644121050834656,0.5922095775604248,-0.024029983207583427,0.23937146365642548,0.5739277601242065,-0.02668408490717411,0.2711729109287262,0.591048002243042,-0.008567329496145248,0.278277724981308,0.5293785929679871,-0.014948212541639805,0.280666321516037,0.49160438776016235,-0.01820690929889679,0.28168419003486633,0.4603115916252136,-0.02164536714553833,0.2472129911184311,0.5851544737815857,-0.008361701853573322,0.23976095020771027,0.5373098850250244,-0.021654628217220306,0.23679697513580322,0.5455487966537476,-0.02479293942451477,0.23735348880290985,0.5569589138031006,-0.02209111489355564,0.2243017852306366,0.5911269783973694,-0.010519757866859436,0.21789270639419556,0.5335628390312195,-0.02243160642683506,0.21569429337978363,0.49443572759628296,-0.02897636592388153,0.21377845108509064,0.4586690664291382,-0.03194364905357361,0.20293956995010376,0.6087275743484497,-0.01378177385777235,0.18796366453170776,0.5779123306274414,-0.022808821871876717,0.17886467278003693,0.555709183216095,-0.026629354804754257,0.17036084830760956,0.5348706245422363,-0.028914134949445724,h
0.2266695499420166,0.7275842428207397,5.2560910290821994e-08,0.2567974328994751,0.6982417106628418,-0.016239210963249207,0.2711378037929535,0.6430479884147644,-0.021962301805615425,0.2627401649951935,0.5949701070785522,-0.025887157768011093,0.23699255287647247,0.5753268003463745,-0.02849242091178894,0.27010390162467957,0.591449499130249,-0.006459678523242474,0.27673953771591187,0.5295002460479736,-0.013190122321248055,0.27921950817108154,0.49115654826164246,-0.017437977716326714,0.2805807888507843,0.45918339490890503,-0.021436836570501328,0.24577198922634125,0.5854070782661438,-0.005919281393289566,0.2397436648607254,0.5377117991447449,-0.02138378657400608,0.2373664379119873,0.5517146587371826,-0.025584394112229347,0.23785273730754852,0.5707513093948364,-0.022223539650440216,0.2224111557006836,0.5912948846817017,-0.008073109202086926,0.21647414565086365,0.5340059399604797,-0.0205009076744318,0.21429504454135895,0.49420201778411865,-0.027508098632097244,0.21206338703632355,0.4588906764984131,-0.030049949884414673,0.20090588927268982,0.609533965587616,-0.011515667662024498,0.18659037351608276,0.5794546008110046,-0.019446227699518204,0.17780089378356934,0.5575512647628784,-0.022489184513688087,0.1692502200603485,0.5372483134269714,-0.024054203182458878,h
0.22654561698436737,0.7272219657897949,5.847984141382767e-08,0.2569003999233246,0.6988693475723267,-0.015584376640617847,0.27098461985588074,0.6435165405273438,-0.02063853107392788,0.26173660159111023,0.596535325050354,-0.02411004714667797,0.23545750975608826,0.5775157809257507,-0.026402587071061134,0.26955047249794006,0.5891969203948975,-0.003594358917325735,0.2753044664859772,0.5286566615104675,-0.009330425411462784,0.27747541666030884,0.49171650409698486,-0.013618976809084415,0.27858418226242065,0.45988595485687256,-0.017936699092388153,0.2449541687965393,0.583981990814209,-0.003799538593739271,0.23963157832622528,0.5359482169151306,-0.020322442054748535,0.23812206089496613,0.5511839389801025,-0.026331933215260506,0.23840315639972687,0.5733652114868164,-0.0237968061119318,0.22088855504989624,0.5902830958366394,-0.006674054078757763,0.2148239016532898,0.5326157212257385,-0.019716789945960045,0.21277618408203125,0.492261677980423,-0.02836257591843605,0.21072418987751007,0.4571179449558258,-0.03175223618745804,0.19899891316890717,0.6084760427474976,-0.010707373730838299,0.1847330778837204,0.576696515083313,-0.01870460994541645,0.17659099400043488,0.5547568202018738,-0.022251250222325325,0.16887104511260986,0.5340313911437988,-0.024241037666797638,h
0.22547201812267303,0.7289420962333679,5.162819149973075e-08,0.254520058631897,0.6982939839363098,-0.015073335729539394,0.26759594678878784,0.6450014114379883,-0.021265247836709023,0.25959181785583496,0.5977354645729065,-0.025929082185029984,0.2356097400188446,0.5762686729431152,-0.02944435179233551,0.26806119084358215,0.5919560194015503,-0.007631178479641676,0.2744453549385071,0.5295002460479736,-0.013872665353119373,0.2763930559158325,0.4914368987083435,-0.017171578481793404,0.27718237042427063,0.4603235721588135,-0.020410727709531784,0.24369102716445923,0.5858235955238342,-0.007573576644062996,0.23725943267345428,0.5395852327346802,-0.02155359461903572,0.23462726175785065,0.5524539947509766,-0.024159107357263565,0.23545362055301666,0.5682278871536255,-0.020273277536034584,0.2200988233089447,0.591181218624115,-0.010043532587587833,0.21401570737361908,0.5324221849441528,-0.021337034180760384,0.21175429224967957,0.49436596035957336,-0.026356277987360954,0.2100129872560501,0.4597555994987488,-0.028013527393341064,0.19810280203819275,0.6090016961097717,-0.013765593059360981,0.1834033727645874,0.5771730542182922,-0.021400760859251022,0.17549313604831696,0.5549390912055969,-0.023623472079634666,0.16872058808803558,0.5335413217544556,-0.024615202099084854,h
0.22308717668056488,0.728458046913147,5.1718973992365136e-08,0.25172916054725647,0.6981741189956665,-0.016570214182138443,0.26598110795021057,0.6471152305603027,-0.02385766990482807,0.2590274214744568,0.5984919667243958,-0.029321499168872833,0.23486679792404175,0.5762041211128235,-0.03369294852018356,0.26664021611213684,0.5932667851448059,-0.009794376790523529,0.2732302248477936,0.5304102301597595,-0.016252530738711357,0.2747439444065094,0.49234265089035034,-0.020003052428364754,0.2753182649612427,0.46144092082977295,-0.02365335077047348,0.24200265109539032,0.5865988731384277,-0.00875997543334961,0.23475763201713562,0.5408995151519775,-0.021333172917366028,0.23167669773101807,0.5514861941337585,-0.02356107346713543,0.23233434557914734,0.5644552111625671,-0.020137513056397438,0.21881337463855743,0.5917299389839172,-0.01023633312433958,0.21274694800376892,0.5328627824783325,-0.019875947386026382,0.2109757959842682,0.49554941058158875,-0.023723160848021507,0.20940348505973816,0.46148788928985596,-0.025186875835061073,0.1967424601316452,0.6095165014266968,-0.013283771462738514,0.18173201382160187,0.5778248310089111,-0.02021929621696472,0.17332883179187775,0.555810809135437,-0.02201174944639206,0.1664373129606247,0.5348672866821289,-0.022796453908085823,h
0.2239065170288086,0.727912425994873,4.165178779658163e-08,0.2529600262641907,0.69783616065979,-0.01565711200237274,0.26610708236694336,0.6466227173805237,-0.022164925932884216,0.25930362939834595,0.5984148383140564,-0.026827462017536163,0.2364276647567749,0.5768089294433594,-0.030495060607790947,0.26670634746551514,0.5931109189987183,-0.010247478261590004,0.2731875777244568,0.5307278633117676,-0.016622617840766907,0.2746920585632324,0.49312624335289,-0.020360790193080902,0.27520155906677246,0.4621613323688507,-0.02411501668393612,0.2422182559967041,0.5866556167602539,-0.009467539377510548,0.23389849066734314,0.5389910936355591,-0.021370692178606987,0.23013432323932648,0.5452525019645691,-0.0239243321120739,0.23041386902332306,0.5541940927505493,-0.0214451402425766,0.2191091924905777,0.5918728113174438,-0.010974322445690632,0.21294865012168884,0.5333398580551147,-0.02057247795164585,0.21125733852386475,0.4956618547439575,-0.024745898321270943,0.20993652939796448,0.46110016107559204,-0.026701362803578377,0.19730393588542938,0.6093176007270813,-0.01390747632831335,0.1815824955701828,0.5766282081604004,-0.021119162440299988,0.17296536266803741,0.5546769499778748,-0.023168588057160378,0.16598281264305115,0.5338026285171509,-0.024213170632719994,h
0.2210368514060974,0.7266951203346252,3.861437392060907e-08,0.25001561641693115,0.6983000636100769,-0.015202338807284832,0.2632846534252167,0.645148515701294,-0.021283458918333054,0.25567397475242615,0.5973472595214844,-0.025796355679631233,0.23103797435760498,0.577094316482544,-0.029297616332769394,0.2653384208679199,0.5932814478874207,-0.009201852604746819,0.27104926109313965,0.5296741724014282,-0.015311616472899914,0.27244269847869873,0.49197474122047424,-0.018490495160222054,0.2726478576660156,0.46089982986450195,-0.021954461932182312,0.24075578153133392,0.5867188572883606,-0.008994653820991516,0.23103156685829163,0.5421497821807861,-0.022354811429977417,0.22718565165996552,0.5512324571609497,-0.0251889917999506,0.22747686505317688,0.562536358833313,-0.022493546828627586,0.21707406640052795,0.5917325019836426,-0.011174848303198814,0.20956429839134216,0.533503532409668,-0.02238841913640499,0.20678572356700897,0.4956546723842621,-0.02758350968360901,0.2047395259141922,0.46087679266929626,-0.029977649450302124,0.1951698511838913,0.6089091897010803,-0.014635935425758362,0.179753839969635,0.5785766243934631,-0.023204728960990906,0.1711486130952835,0.5564743876457214,-0.026363374665379524,0.1638239026069641,0.5351449251174927,-0.028173740953207016,h
0.22075192630290985,0.7284422516822815,5.046710782607988e-08,0.24973814189434052,0.6997679471969604,-0.014825768768787384,0.2630663812160492,0.6452019214630127,-0.020517248660326004,0.25415563583374023,0.5991938710212708,-0.024817103520035744,0.2282663732767105,0.5783923864364624,-0.028106996789574623,0.2626546323299408,0.5924597382545471,-0.0073402500711381435,0.268212229013443,0.5298405289649963,-0.013868218287825584,0.26993826031684875,0.49241161346435547,-0.01834910735487938,0.2707497477531433,0.45997053384780884,-0.022870894521474838,0.23815687000751495,0.5868933796882629,-0.008001196198165417,0.22970303893089294,0.5431920289993286,-0.02344515174627304,0.22600415349006653,0.5514501333236694,-0.029066545888781548,0.22485412657260895,0.5653815865516663,-0.02779265120625496,0.2140164077281952,0.5930906534194946,-0.011011977680027485,0.20738358795642853,0.5359494686126709,-0.023989107459783554,0.20466983318328857,0.4951522946357727,-0.03185245394706726,0.20219753682613373,0.45894572138786316,-0.03557603433728218,0.19150671362876892,0.6111782789230347,-0.015085806138813496,0.17701610922813416,0.5799106955528259,-0.02409152127802372,0.16850288212299347,0.5579274892807007,-0.027705417945981026,0.16066454350948334,0.5370440483093262,-0.029833605512976646,h
0.21872073411941528,0.7300403714179993,4.5212370736180674e-08,0.24797114729881287,0.6995053887367249,-0.015529626980423927,0.2605831027030945,0.6446403861045837,-0.021511252969503403,0.2509152591228485,0.5983876585960388,-0.0258428193628788,0.22460384666919708,0.57908695936203,-0.028928035870194435,0.26058143377304077,0.5918779373168945,-0.007039083633571863,0.2665303349494934,0.530388593673706,-0.013674326241016388,0.267564058303833,0.49268412590026855,-0.01795298047363758,0.26774507761001587,0.4608692526817322,-0.022010941058397293,0.23539908230304718,0.5869861841201782,-0.007075958885252476,0.22944237291812897,0.5418756008148193,-0.023107927292585373,0.22738760709762573,0.5577251315116882,-0.02725609391927719,0.22847263514995575,0.5781567692756653,-0.023768208920955658,0.21131330728530884,0.5932030081748962,-0.009695824235677719,0.2044374793767929,0.5359991192817688,-0.02149435319006443,0.20178014039993286,0.49681249260902405,-0.027448320761322975,0.19970089197158813,0.46258217096328735,-0.02949473261833191,0.1891666203737259,0.6118596196174622,-0.013657009229063988,0.17438067495822906,0.5799477100372314,-0.020520610734820366,0.16618748009204865,0.5580049753189087,-0.022585630416870117,0.15927106142044067,0.5368543267250061,-0.02362939342856407,h
0.21722376346588135,0.730527400970459,4.418140520101588e-08,0.24663688242435455,0.7015579342842102,-0.016399135813117027,0.2595689594745636,0.6466825604438782,-0.021978864446282387,0.2503856122493744,0.6008909344673157,-0.025722911581397057,0.2238706648349762,0.5819347500801086,-0.028156228363513947,0.25965291261672974,0.5897107720375061,-0.003855855204164982,0.2638755440711975,0.5298606753349304,-0.009270715527236462,0.2641374170780182,0.4932393431663513,-0.013988501392304897,0.26399901509284973,0.4607958197593689,-0.018879100680351257,0.2341098040342331,0.5851914882659912,-0.004006580915302038,0.22587265074253082,0.5377056002616882,-0.0208841972053051,0.22396095097064972,0.5552505254745483,-0.02736380510032177,0.2249203324317932,0.5797538757324219,-0.025001302361488342,0.2094874531030655,0.5918709635734558,-0.006843509618192911,0.20171405375003815,0.5343712568283081,-0.018704870715737343,0.19917920231819153,0.49484750628471375,-0.026205385103821754,0.19691388309001923,0.4602479934692383,-0.02904134802520275,0.18720722198486328,0.6112551093101501,-0.011148393154144287,0.1724936068058014,0.579355776309967,-0.01759135164320469,0.16468723118305206,0.557751476764679,-0.019922656938433647,0.1577354371547699,0.5365199446678162,-0.02120143547654152,h
0.2166631668806076,0.7321606278419495,5.5528392550741046e-08,0.24400372803211212,0.7015384435653687,-0.015957316383719444,0.25584861636161804,0.6478458642959595,-0.021942634135484695,0.24479085206985474,0.6033764481544495,-0.026345402002334595,0.2189001888036728,0.5834673643112183,-0.029555073007941246,0.25748410820961,0.5901456475257874,-0.005565703380852938,0.2621511220932007,0.5300891995429993,-0.011683017015457153,0.2626020312309265,0.49319496750831604,-0.015898820012807846,0.26220279932022095,0.46226346492767334,-0.020122915506362915,0.2326734960079193,0.5852158665657043,-0.005844555329531431,0.22551333904266357,0.5406910181045532,-0.021124787628650665,0.2232304811477661,0.5553472638130188,-0.025919944047927856,0.2243032604455948,0.5743109583854675,-0.02334759756922722,0.20845507085323334,0.5926127433776855,-0.00888087972998619,0.20048865675926208,0.5355686545372009,-0.02088366076350212,0.1956457942724228,0.49749547243118286,-0.027675827965140343,0.19177450239658356,0.4637378454208374,-0.030446957796812057,0.18601945042610168,0.6130784153938293,-0.013299833051860332,0.1709376722574234,0.5825576782226562,-0.021332411095499992,0.16241756081581116,0.5608001351356506,-0.024369865655899048,0.15516459941864014,0.5398914813995361,-0.026001423597335815,h
0.21595849096775055,0.7309880256652832,3.784536417583695e-08,0.24320723116397858,0.7007085680961609,-0.015122502110898495,0.2537684738636017,0.6455804705619812,-0.020981619134545326,0.2431010603904724,0.6021715998649597,-0.02533785067498684,0.21738091111183167,0.581138014793396,-0.028627417981624603,0.25485262274742126,0.5924844145774841,-0.008002720773220062,0.2599862217903137,0.5296860337257385,-0.01454509049654007,0.26063764095306396,0.4924130439758301,-0.01901431381702423,0.2607341408729553,0.4605312943458557,-0.023553045466542244,0.22958114743232727,0.5889924764633179,-0.008697428740561008,0.21895699203014374,0.5437014102935791,-0.024306509643793106,0.21406260132789612,0.5504749417304993,-0.030072422698140144,0.2132215052843094,0.5632155537605286,-0.028927361592650414,0.20587287843227386,0.59669029712677,-0.011684165336191654,0.1983540952205658,0.537981390953064,-0.024251308292150497,0.19534946978092194,0.4980517327785492,-0.03078819066286087,0.1928727924823761,0.46260297298431396,-0.03361324965953827,0.18482285737991333,0.6156291961669922,-0.015878772363066673,0.17001666128635406,0.582565426826477,-0.025031404569745064,0.16104817390441895,0.5600756406784058,-0.027936113998293877,0.15338435769081116,0.5377730131149292,-0.029274832457304,h
0.2144325077533722,0.7332807183265686,3.4964518391689126e-08,0.24088694155216217,0.7045024037361145,-0.015805356204509735,0.2514318823814392,0.6494494676589966,-0.021178405731916428,0.24112015962600708,0.604532778263092,-0.024685995653271675,0.21583764255046844,0.5832208395004272,-0.027050409466028214,0.25337478518486023,0.5927877426147461,-0.00759867625311017,0.25784415006637573,0.530720055103302,-0.01393980160355568,0.25874584913253784,0.49338099360466003,-0.019353503361344337,0.2587038278579712,0.46071571111679077,-0.024744905531406403,0.22787204384803772,0.5881605744361877,-0.007623000536113977,0.21703806519508362,0.5419675707817078,-0.022510211914777756,0.21217241883277893,0.5471077561378479,-0.02941078320145607,0.21043723821640015,0.5595654845237732,-0.0295206718146801,0.20391243696212769,0.5955253839492798,-0.009962810203433037,0.19589629769325256,0.5381566286087036,-0.021937359124422073,0.1923040747642517,0.4983699321746826,-0.029708828777074814,0.18888673186302185,0.46352994441986084,-0.03360520675778389,0.18306055665016174,0.6142536997795105,-0.013530956581234932,0.16819223761558533,0.5802614092826843,-0.02194289118051529,0.15942011773586273,0.5584149360656738,-0.02512134239077568,0.15188820660114288,0.5377990007400513,-0.026911070570349693,h
0.21129725873470306,0.7351817488670349,2.001495680303833e-08,0.23851336538791656,0.7073090672492981,-0.017285393550992012,0.2491736263036728,0.6510574221611023,-0.023562993854284286,0.23889005184173584,0.6062524318695068,-0.02787827141582966,0.21228821575641632,0.5834953188896179,-0.03085118904709816,0.25106561183929443,0.5912851095199585,-0.0059594931080937386,0.25389936566352844,0.5308967232704163,-0.012750294059515,0.2539677619934082,0.49376919865608215,-0.018323566764593124,0.25364094972610474,0.4605696201324463,-0.02390150912106037,0.22502563893795013,0.5877300500869751,-0.006470794323831797,0.21401870250701904,0.5413551330566406,-0.025313224643468857,0.21068820357322693,0.5608185529708862,-0.03263217583298683,0.21091046929359436,0.5865498185157776,-0.030746182426810265,0.20031161606311798,0.596293568611145,-0.009859093464910984,0.19225388765335083,0.5365946888923645,-0.024096064269542694,0.18874885141849518,0.49627208709716797,-0.03257440775632858,0.18553754687309265,0.4601888656616211,-0.035837095230817795,0.17886388301849365,0.6175707578659058,-0.014583088457584381,0.1651260405778885,0.5836359262466431,-0.02344154193997383,0.15614533424377441,0.5611802935600281,-0.026705842465162277,0.14736448228359222,0.5388179421424866,-0.0284282099455595,h
0.21235482394695282,0.7354555726051331,4.807113640481475e-08,0.23897898197174072,0.70484459400177,-0.016621556133031845,0.24818985164165497,0.648266613483429,-0.02213561348617077,0.23564116656780243,0.6050881147384644,-0.025786835700273514,0.2099251002073288,0.5838315486907959,-0.028211461380124092,0.24855691194534302,0.5908523797988892,-0.0058240825310349464,0.2523617744445801,0.530414879322052,-0.012385397218167782,0.252956748008728,0.49331140518188477,-0.017970096319913864,0.2533378601074219,0.46072086691856384,-0.023431744426488876,0.2222377061843872,0.5876505970954895,-0.0061363051645457745,0.20944122970104218,0.5383476614952087,-0.022233298048377037,0.2052987962961197,0.5466465353965759,-0.02946564368903637,0.20545704662799835,0.5640685558319092,-0.02877289615571499,0.198099747300148,0.596987783908844,-0.009075970388948917,0.190338134765625,0.5362216234207153,-0.021742835640907288,0.18689344823360443,0.4963023364543915,-0.029522297903895378,0.18438242375850677,0.4614422023296356,-0.032746464014053345,0.17725905776023865,0.6184428930282593,-0.013407265767455101,0.16348528861999512,0.5844936966896057,-0.02251238003373146,0.15435737371444702,0.5613937973976135,-0.02596636302769184,0.14644218981266022,0.5385177731513977,-0.027583373710513115,h
0.21098648011684418,0.7358527183532715,5.77945158397597e-08,0.23682427406311035,0.7053359150886536,-0.017875785008072853,0.24709467589855194,0.6482723951339722,-0.02411223202943802,0.23569977283477783,0.6043685078620911,-0.02818669006228447,0.20913808047771454,0.5845432281494141,-0.030939752236008644,0.24753649532794952,0.5909638404846191,-0.006347597111016512,0.2514944076538086,0.5304186344146729,-0.012257768772542477,0.2517862915992737,0.49367818236351013,-0.01750483736395836,0.2523610293865204,0.46063554286956787,-0.02302316203713417,0.22096461057662964,0.5876833200454712,-0.006343669258058071,0.20731887221336365,0.5370446443557739,-0.022095363587141037,0.20270316302776337,0.5445143580436707,-0.029498524963855743,0.20329448580741882,0.5604650974273682,-0.028911374509334564,0.19672538340091705,0.5968986749649048,-0.008920024149119854,0.18939495086669922,0.5366519093513489,-0.021109968423843384,0.18776537477970123,0.4967808425426483,-0.028506183996796608,0.1871587485074997,0.46066218614578247,-0.031547825783491135,0.1761545091867447,0.6181055903434753,-0.01305987499654293,0.16189566254615784,0.5851790308952332,-0.021938489750027657,0.15256240963935852,0.5624989867210388,-0.025083569809794426,0.14471590518951416,0.5397861003875732,-0.02647968754172325,h
0.20849958062171936,0.7349449396133423,3.422283967324802e-08,0.2355560064315796,0.7029482126235962,-0.018127163872122765,0.2451145350933075,0.6477282643318176,-0.02498515136539936,0.23315483331680298,0.6036565899848938,-0.02966081164777279,0.20805144309997559,0.5836842656135559,-0.03300659358501434,0.24709218740463257,0.5920343995094299,-0.011661386117339134,0.2511330842971802,0.5281845331192017,-0.017526376992464066,0.25060251355171204,0.49209168553352356,-0.021479567512869835,0.25080204010009766,0.459939181804657,-0.0261039100587368,0.22013917565345764,0.5882571935653687,-0.010727686807513237,0.203604593873024,0.5357105135917664,-0.02281126007437706,0.19642706215381622,0.539605975151062,-0.027592118829488754,0.19604913890361786,0.5466485023498535,-0.027397604659199715,0.1965206116437912,0.5971924066543579,-0.012028112076222897,0.18879590928554535,0.5353238582611084,-0.022200489416718483,0.1914118081331253,0.5058397054672241,-0.026477837935090065,0.19508765637874603,0.4789111018180847,-0.028546370565891266,0.17593014240264893,0.6170985102653503,-0.01506945863366127,0.16061361134052277,0.5832240581512451,-0.02452785149216652,0.15024180710315704,0.5595689415931702,-0.028007280081510544,0.14239953458309174,0.536359965801239,-0.02985014021396637,h
0.20741549134254456,0.7366114258766174,3.7359807691927926e-08,0.23433232307434082,0.707001268863678,-0.019299093633890152,0.24441474676132202,0.6518144011497498,-0.026441801339387894,0.2330220341682434,0.6074302792549133,-0.031334735453128815,0.20683681964874268,0.585285484790802,-0.03476598486304283,0.24724707007408142,0.5917446613311768,-0.0065839821472764015,0.2507602870464325,0.531265139579773,-0.01233848836272955,0.24987322092056274,0.493952214717865,-0.01730591058731079,0.24907609820365906,0.46089857816696167,-0.022703975439071655,0.22034746408462524,0.5875942707061768,-0.005923843942582607,0.20857271552085876,0.536674976348877,-0.022550564259290695,0.20495252311229706,0.5531823635101318,-0.029392756521701813,0.20589855313301086,0.575782060623169,-0.02765488624572754,0.1958102583885193,0.5956151485443115,-0.008174913004040718,0.18724659085273743,0.5343230366706848,-0.02018129639327526,0.1834828406572342,0.495314359664917,-0.027935422956943512,0.1801227480173111,0.4605986475944519,-0.03119063936173916,0.1749250888824463,0.6161298751831055,-0.012189315631985664,0.15930335223674774,0.582790195941925,-0.020087173208594322,0.14934678375720978,0.5606966018676758,-0.023562967777252197,0.14038927853107452,0.5390238761901855,-0.025550661608576775,h
0.20754416286945343,0.7365033626556396,3.3655897624385034e-08,0.23524785041809082,0.7054607272148132,-0.017902949824929237,0.2450089305639267,0.6486619114875793,-0.024138983339071274,0.2321484237909317,0.6048547029495239,-0.02821105718612671,0.20553429424762726,0.5853936672210693,-0.030840320512652397,0.24654899537563324,0.5915628671646118,-0.006535316817462444,0.24959522485733032,0.5308298468589783,-0.012377636507153511,0.24922218918800354,0.4939699172973633,-0.017003901302814484,0.24887698888778687,0.46144676208496094,-0.022039305418729782,0.21973495185375214,0.5876719951629639,-0.006222134456038475,0.207488015294075,0.5369195342063904,-0.02222372032701969,0.20373637974262238,0.5518921613693237,-0.02850709855556488,0.20459872484207153,0.5723347663879395,-0.026761222630739212,0.19537043571472168,0.5962967276573181,-0.00867887120693922,0.1869516372680664,0.5353540182113647,-0.021112505346536636,0.18340136110782623,0.4965694546699524,-0.028989188373088837,0.1803635060787201,0.4614957571029663,-0.03230386599898338,0.1746779829263687,0.6169339418411255,-0.012618551962077618,0.1596502959728241,0.583121657371521,-0.02099771611392498,0.14977914094924927,0.5611310005187988,-0.024524658918380737,0.14078131318092346,0.5396965742111206,-0.02650224231183529,h
0.20861583948135376,0.7382487654685974,3.6026960970048094e-08,0.2353026121854782,0.7079294919967651,-0.019475240260362625,0.24420484900474548,0.65009605884552,-0.026571866124868393,0.2300666868686676,0.6068791151046753,-0.031421080231666565,0.20256279408931732,0.5872973799705505,-0.03448702394962311,0.2471431940793991,0.5895531177520752,-0.003949096892029047,0.24900440871715546,0.5301761627197266,-0.010234697721898556,0.24804405868053436,0.49299371242523193,-0.015660416334867477,0.2471567690372467,0.4599417448043823,-0.021361779421567917,0.2197532206773758,0.5861513614654541,-0.003997262567281723,0.209612175822258,0.5366780161857605,-0.02370506338775158,0.20691201090812683,0.5623766183853149,-0.03094612993299961,0.20835591852664948,0.5925116539001465,-0.02805331163108349,0.1946299970149994,0.594845712184906,-0.0073922136798501015,0.18670307099819183,0.5361879467964172,-0.02090487629175186,0.18233169615268707,0.49720999598503113,-0.028855634853243828,0.17845897376537323,0.46140971779823303,-0.03149914741516113,0.17350414395332336,0.6162725687026978,-0.012601098977029324,0.15953557193279266,0.5824602842330933,-0.019876807928085327,0.1500554233789444,0.5614575743675232,-0.022300397977232933,0.14062215387821198,0.540457546710968,-0.023545395582914352,h
0.2077799290418625,0.7387208938598633,2.522938480353787e-08,0.23352794349193573,0.7095752358436584,-0.019004791975021362,0.24336089193820953,0.6508379578590393,-0.0258720014244318,0.22932225465774536,0.6070718169212341,-0.030454132705926895,0.20145413279533386,0.5871732831001282,-0.03336228057742119,0.24624595046043396,0.5897994041442871,-0.0046663954854011536,0.2477644681930542,0.5296174883842468,-0.011157561093568802,0.2468976229429245,0.4927295446395874,-0.01652040146291256,0.2463989406824112,0.4596647024154663,-0.022136515006422997,0.2187884896993637,0.5862508416175842,-0.005204383283853531,0.20925727486610413,0.5365111827850342,-0.025732500478625298,0.20623435080051422,0.5622055530548096,-0.03324306011199951,0.20700505375862122,0.5930545330047607,-0.030251914635300636,0.19360020756721497,0.5951319932937622,-0.008939167484641075,0.18655729293823242,0.5355282425880432,-0.022943759337067604,0.18241237103939056,0.49623891711235046,-0.030851110816001892,0.1788620501756668,0.45966607332229614,-0.03340521082282066,0.1722051054239273,0.6168124079704285,-0.014367213472723961,0.15816336870193481,0.5840224623680115,-0.022025661543011665,0.14882692694664001,0.5637812614440918,-0.02421949803829193,0.13976740837097168,0.5425011515617371,-0.02521386183798313,h
0.20798005163669586,0.7387999296188354,3.027663453281093e-08,0.23340266942977905,0.7090945839881897,-0.019758818671107292,0.24266961216926575,0.6509544253349304,-0.02677968703210354,0.22975437343120575,0.608266294002533,-0.031191183254122734,0.2032817155122757,0.5864030718803406,-0.03393232449889183,0.24496978521347046,0.5890154838562012,-0.005865574814379215,0.2467128485441208,0.5292469263076782,-0.01206002477556467,0.2457536906003952,0.4927276372909546,-0.017248837277293205,0.24524948000907898,0.45949143171310425,-0.022792097181081772,0.21784424781799316,0.5858726501464844,-0.005707413889467716,0.20679011940956116,0.5341012477874756,-0.025199074298143387,0.20462442934513092,0.5580940246582031,-0.032387543469667435,0.20668074488639832,0.5887781977653503,-0.029449816793203354,0.19267867505550385,0.5951163172721863,-0.008718603290617466,0.1851702183485031,0.5335550904273987,-0.02188120223581791,0.18235528469085693,0.49435073137283325,-0.02945147268474102,0.18024423718452454,0.45774775743484497,-0.03190281242132187,0.17140035331249237,0.6170074343681335,-0.013513535261154175,0.1569211781024933,0.5839144587516785,-0.0209786556661129,0.1474476158618927,0.562777042388916,-0.023456383496522903,0.13851386308670044,0.5402817130088806,-0.02466389164328575,h
0.2062453180551529,0.737209141254425,2.8125029416514735e-08,0.23157988488674164,0.7064999341964722,-0.01781434193253517,0.24203751981258392,0.6498603224754333,-0.024510998278856277,0.22946280241012573,0.6067247986793518,-0.02891581505537033,0.20269736647605896,0.5858350396156311,-0.032074421644210815,0.24305488169193268,0.5902037024497986,-0.0081967543810606,0.24627535045146942,0.5298982262611389,-0.015776945278048515,0.24606123566627502,0.49354487657546997,-0.02206616848707199,0.2460681051015854,0.45969557762145996,-0.028085650876164436,0.21576544642448425,0.5877705812454224,-0.008538472466170788,0.2023046612739563,0.535854160785675,-0.026389485225081444,0.19735661149024963,0.5471376180648804,-0.03460745885968208,0.19704888761043549,0.5662914514541626,-0.03402537852525711,0.19121764600276947,0.5983238816261292,-0.011370673775672913,0.18323518335819244,0.5369870662689209,-0.0253791194409132,0.1799536645412445,0.49620988965034485,-0.0336134135723114,0.17754121124744415,0.45933797955513,-0.03674227371811867,0.17054010927677155,0.6205366849899292,-0.01553968247026205,0.15679115056991577,0.585578978061676,-0.0251147523522377,0.14728297293186188,0.5628741383552551,-0.028139609843492508,0.13870596885681152,0.5404446125030518,-0.02928057871758938,h
0.2039659470319748,0.7372729778289795,2.7704032845576876e-08,0.23014922440052032,0.7061962485313416,-0.01814253441989422,0.24011299014091492,0.6487011909484863,-0.02443225309252739,0.22582870721817017,0.6058039665222168,-0.02848527580499649,0.19847340881824493,0.5850950479507446,-0.031027518212795258,0.24242433905601501,0.589781641960144,-0.005424912087619305,0.24458469450473785,0.5297497510910034,-0.012381787411868572,0.24420787394046783,0.49281927943229675,-0.018329614773392677,0.24372394382953644,0.45926085114479065,-0.02424786612391472,0.21535640954971313,0.5867389440536499,-0.005869431421160698,0.20387572050094604,0.53690505027771,-0.02490401826798916,0.20108027756214142,0.5557209253311157,-0.03299964964389801,0.20195205509662628,0.5819481611251831,-0.03152478113770485,0.19043488800525665,0.5962635278701782,-0.009272479452192783,0.1821906864643097,0.535063624382019,-0.023593854159116745,0.17798444628715515,0.49587467312812805,-0.0321333110332489,0.17439471185207367,0.4608946442604065,-0.03521938994526863,0.16897891461849213,0.6180204153060913,-0.01415122952312231,0.15497452020645142,0.583662211894989,-0.023393621668219566,0.14546477794647217,0.5616655945777893,-0.02670920640230179,0.1362835317850113,0.5397782921791077,-0.02821996435523033,h
0.20300915837287903,0.7378971576690674,2.9762802000732336e-08,0.22923018038272858,0.7066835165023804,-0.018837910145521164,0.23963922262191772,0.6492351293563843,-0.025361236184835434,0.22537998855113983,0.6050769090652466,-0.029595814645290375,0.1972670555114746,0.585432231426239,-0.03226609155535698,0.24126145243644714,0.5889615416526794,-0.004951511509716511,0.24373045563697815,0.5287628769874573,-0.011490660719573498,0.24320891499519348,0.4916343092918396,-0.01734602451324463,0.24244943261146545,0.45830681920051575,-0.023221736773848534,0.21384155750274658,0.585956335067749,-0.0045332531444728374,0.20205163955688477,0.5377269983291626,-0.02296670526266098,0.19823519885540009,0.5559148192405701,-0.03087693452835083,0.19847801327705383,0.5804252028465271,-0.029371950775384903,0.18890796601772308,0.5950561165809631,-0.007116254884749651,0.18034125864505768,0.5362105369567871,-0.020766591653227806,0.1764778345823288,0.4964722990989685,-0.029044674709439278,0.17303596436977386,0.4605896472930908,-0.031994715332984924,0.16764749586582184,0.6161709427833557,-0.011291434057056904,0.15304607152938843,0.581710934638977,-0.01960248500108719,0.143164724111557,0.5603675246238708,-0.022333024069666862,0.13390401005744934,0.5391625761985779,-0.023441510275006294,h
0.20071767270565033,0.7377943992614746,1.5667827923948607e-08,0.22716455161571503,0.7070873379707336,-0.01792548969388008,0.23753893375396729,0.6495587825775146,-0.02468167059123516,0.22389473021030426,0.6063635945320129,-0.029348857700824738,0.19593022763729095,0.5866818428039551,-0.03247367590665817,0.23852485418319702,0.5876790285110474,-0.005644960794597864,0.2406359165906906,0.5274795293807983,-0.013336666859686375,0.24059072136878967,0.4900037348270416,-0.01965501345694065,0.23978978395462036,0.45583581924438477,-0.025688601657748222,0.21082033216953278,0.5849730968475342,-0.006537712644785643,0.20103944838047028,0.5384401082992554,-0.027029667049646378,0.19878928363323212,0.5638874769210815,-0.034427460283041,0.19928042590618134,0.5932341814041138,-0.031833697110414505,0.1855422705411911,0.5945424437522888,-0.010527991689741611,0.17734846472740173,0.5361166596412659,-0.025328345596790314,0.17291511595249176,0.49561867117881775,-0.03319272771477699,0.1683332473039627,0.4585452079772949,-0.03567187488079071,0.16388563811779022,0.6171099543571472,-0.016007153317332268,0.14948958158493042,0.5826816558837891,-0.024229714646935463,0.13997608423233032,0.5611014366149902,-0.026061266660690308,0.12999188899993896,0.5397568345069885,-0.026655636727809906,h
0.19945384562015533,0.7357507944107056,3.677752502539988e-08,0.22581253945827484,0.7052015066146851,-0.019568994641304016,0.23634923994541168,0.648697018623352,-0.026706712320446968,0.22340628504753113,0.6043123602867126,-0.03120419569313526,0.19579066336154938,0.5843473076820374,-0.03450268134474754,0.23756885528564453,0.5889342427253723,-0.010116701014339924,0.24000494182109833,0.527775228023529,-0.0174710713326931,0.239340141415596,0.4907650947570801,-0.02364826202392578,0.23888731002807617,0.4572051763534546,-0.029725711792707443,0.20988664031028748,0.585739254951477,-0.009476231411099434,0.19416183233261108,0.5341759920120239,-0.02573239803314209,0.1882728934288025,0.5422275066375732,-0.03322814032435417,0.18760548532009125,0.5582801103591919,-0.033090319484472275,0.18493898212909698,0.5959644913673401,-0.011530348099768162,0.17509569227695465,0.5341064929962158,-0.02503202110528946,0.1711595356464386,0.49325981736183167,-0.03321787342429161,0.16845619678497314,0.45702341198921204,-0.036814767867326736,0.1637200266122818,0.617820143699646,-0.015111859887838364,0.14917002618312836,0.5823628306388855,-0.024970319122076035,0.13964104652404785,0.5593125820159912,-0.02854698710143566,0.1313280314207077,0.5373145341873169,-0.030293211340904236,h
0.19918562471866608,0.7360981702804565,2.6760840654560525e-08,0.22581912577152252,0.7059345841407776,-0.01900164969265461,0.23561573028564453,0.6473866701126099,-0.025759289041161537,0.22205305099487305,0.6027196645736694,-0.030159952118992805,0.19308899343013763,0.5839738249778748,-0.033116403967142105,0.23664315044879913,0.5884274840354919,-0.007430847734212875,0.2389126718044281,0.5275665521621704,-0.014964183792471886,0.23863357305526733,0.48982954025268555,-0.02129479870200157,0.23826350271701813,0.4554225504398346,-0.027493080124258995,0.2090354561805725,0.5849663615226746,-0.00718005420640111,0.19507406651973724,0.535457193851471,-0.025921719148755074,0.190163716673851,0.5507981777191162,-0.034050844609737396,0.1896524429321289,0.5733030438423157,-0.03309037536382675,0.18395142257213593,0.5944235324859619,-0.009839365258812904,0.174380362033844,0.5344347953796387,-0.02456517145037651,0.16998784244060516,0.4936191737651825,-0.03366609290242195,0.16630500555038452,0.45722973346710205,-0.037232961505651474,0.1631031036376953,0.6156604886054993,-0.013958732597529888,0.14873696863651276,0.5813784003257751,-0.023488687351346016,0.13846725225448608,0.5594348311424255,-0.02718387171626091,0.12860757112503052,0.5384085178375244,-0.02901465632021427,h
0.19936653971672058,0.7366850972175598,4.799381159159566e-08,0.22515147924423218,0.705060601234436,-0.019271688535809517,0.2355739325284958,0.6462629437446594,-0.02591191790997982,0.22192397713661194,0.6021416783332825,-0.03001975826919079,0.1933433562517166,0.5825773477554321,-0.03274594992399216,0.2354428917169571,0.5858988761901855,-0.0071634165942668915,0.23749779164791107,0.5253515839576721,-0.014103196561336517,0.237342968583107,0.48795977234840393,-0.020276738330721855,0.23661570250988007,0.4542304277420044,-0.02641131356358528,0.207685187458992,0.5826849937438965,-0.006766057573258877,0.19503861665725708,0.5317472219467163,-0.02434350736439228,0.19090396165847778,0.5460547804832458,-0.03253111243247986,0.19085952639579773,0.5675684809684753,-0.031947869807481766,0.18265993893146515,0.593035876750946,-0.009263785555958748,0.17410971224308014,0.5315710306167603,-0.023353736847639084,0.16927601397037506,0.49084779620170593,-0.03239154815673828,0.16530528664588928,0.4546282887458801,-0.03610992804169655,0.16137662529945374,0.6154160499572754,-0.013224698603153229,0.14761893451213837,0.5794827938079834,-0.022914228960871696,0.1374758780002594,0.5568529963493347,-0.02656148374080658,0.1281857192516327,0.5349414944648743,-0.0283329039812088,h
0.19861692190170288,0.7311275005340576,6.071886105019075e-08,0.22483937442302704,0.6995020508766174,-0.018466491252183914,0.2358729988336563,0.640536367893219,-0.02379756048321724,0.2204037308692932,0.5975520014762878,-0.02666216902434826,0.1918782740831375,0.5805696249008179,-0.02822372131049633,0.2345420867204666,0.5804099440574646,-0.005856445524841547,0.23728378117084503,0.5203511118888855,-0.012227159924805164,0.23763401806354523,0.4842938482761383,-0.01804603450000286,0.23727011680603027,0.45103582739830017,-0.023895785212516785,0.20691636204719543,0.5777013897895813,-0.005319482181221247,0.19435963034629822,0.5279195308685303,-0.020950598642230034,0.1907779425382614,0.5359766483306885,-0.028939280658960342,0.19100600481033325,0.5509644746780396,-0.029069464653730392,0.18209564685821533,0.5885034203529358,-0.007592484820634127,0.17306464910507202,0.529020369052887,-0.021239526569843292,0.16831454634666443,0.48762306571006775,-0.0305729229003191,0.16485323011875153,0.4499851167201996,-0.034660015255212784,0.16111160814762115,0.610491156578064,-0.011232170276343822,0.1465587317943573,0.575814425945282,-0.02145729772746563,0.13641270995140076,0.5536420345306396,-0.025457434356212616,0.1274939626455307,0.5320168733596802,-0.02728760428726673,h
0.19946503639221191,0.728825569152832,8.757660907576792e-08,0.22566288709640503,0.6968340873718262,-0.02059004083275795,0.23634351789951324,0.6381720900535583,-0.027109840884804726,0.22115230560302734,0.5942448973655701,-0.030755188316106796,0.19346539676189423,0.5745176076889038,-0.0332074798643589,0.23574599623680115,0.5783129930496216,-0.00963164959102869,0.23845349252223969,0.5170447826385498,-0.016607489436864853,0.23828822374343872,0.48007839918136597,-0.02280726097524166,0.23774290084838867,0.44654548168182373,-0.02902071923017502,0.20744605362415314,0.5756556391716003,-0.008530117571353912,0.19082599878311157,0.51944500207901,-0.023222878575325012,0.18426373600959778,0.5177879929542542,-0.03188326209783554,0.1821533739566803,0.5259023904800415,-0.03347944840788841,0.18288420140743256,0.5871754288673401,-0.010154813528060913,0.1738518327474594,0.5240889191627502,-0.023481041193008423,0.1696610450744629,0.4821506142616272,-0.03294132649898529,0.1665654331445694,0.44507771730422974,-0.037657249718904495,0.16209667921066284,0.6101605296134949,-0.013400385156273842,0.14812737703323364,0.5747575759887695,-0.02512764371931553,0.13773022592067719,0.5503422021865845,-0.030465198680758476,0.12858113646507263,0.5266703963279724,-0.03322509303689003,h
0.19926577806472778,0.7292855381965637,6.38159534105398e-08,0.2257605493068695,0.6977115869522095,-0.020088523626327515,0.23591561615467072,0.6390429735183716,-0.02667197398841381,0.2220659703016281,0.5936822891235352,-0.030471527948975563,0.19448180496692657,0.5735523104667664,-0.03299934044480324,0.2363322675228119,0.5781252980232239,-0.008667952381074429,0.23886922001838684,0.5169884562492371,-0.01579705998301506,0.23855692148208618,0.47967076301574707,-0.022007562220096588,0.23787681758403778,0.446211040019989,-0.028173670172691345,0.2081645131111145,0.5754576921463013,-0.007898028008639812,0.19280168414115906,0.5208079814910889,-0.024749966338276863,0.18875829875469208,0.5271125435829163,-0.03352929651737213,0.1887926459312439,0.5421764254570007,-0.03393974155187607,0.183272123336792,0.5869247913360596,-0.009888166561722755,0.1736813187599182,0.5241703987121582,-0.024205690249800682,0.16905520856380463,0.4822536110877991,-0.033961400389671326,0.16506868600845337,0.44493556022644043,-0.03828657791018486,0.16201256215572357,0.6105512976646423,-0.013395952992141247,0.14800013601779938,0.5751972794532776,-0.024778621271252632,0.13788463175296783,0.5506497025489807,-0.02998129092156887,0.12853017449378967,0.5268285274505615,-0.032594405114650726,h
0.1996970921754837,0.7268109321594238,8.856265765189164e-08,0.22598528861999512,0.6938321590423584,-0.018038718029856682,0.23665791749954224,0.6348708868026733,-0.02455812506377697,0.22611159086227417,0.5886065363883972,-0.028958329930901527,0.1997312754392624,0.5688095688819885,-0.03250477835536003,0.2351861298084259,0.5799075365066528,-0.011990174651145935,0.2396705448627472,0.514013946056366,-0.019262606278061867,0.23990094661712646,0.4760133922100067,-0.02512085624039173,0.23943603038787842,0.441346138715744,-0.03117317706346512,0.20786425471305847,0.576559841632843,-0.012213318608701229,0.19100193679332733,0.5185511708259583,-0.024469338357448578,0.1816115826368332,0.5072934031486511,-0.03168612718582153,0.17695088684558868,0.5043239593505859,-0.03427639603614807,0.18384741246700287,0.5872170925140381,-0.01463528536260128,0.1756071299314499,0.5238348841667175,-0.026577699929475784,0.17415031790733337,0.4833928942680359,-0.033716052770614624,0.17373248934745789,0.44741731882095337,-0.03800365328788757,0.1635337918996811,0.60954350233078,-0.018601322546601295,0.1492791771888733,0.5737884640693665,-0.030299941077828407,0.13843736052513123,0.5478447079658508,-0.03477160632610321,0.12915544211864471,0.5233875513076782,-0.037292320281267166,h
0.19949869811534882,0.7189815640449524,5.208712039461716e-08,0.2265481948852539,0.6860829591751099,-0.0174141526222229,0.23871295154094696,0.6281046271324158,-0.023434258997440338,0.2246091365814209,0.584833562374115,-0.02733193337917328,0.19567160308361053,0.5674066543579102,-0.030068377032876015,0.23660603165626526,0.5712608695030212,-0.007613623980432749,0.23987817764282227,0.5092499256134033,-0.015473159030079842,0.24025306105613708,0.4725644290447235,-0.021854234859347343,0.23989571630954742,0.43845027685165405,-0.027927367016673088,0.20914244651794434,0.5677563548088074,-0.007776310201734304,0.19730643928050995,0.5196723341941833,-0.024953363463282585,0.19326244294643402,0.5277432203292847,-0.03323889523744583,0.1926611214876175,0.5419288873672485,-0.03357984498143196,0.18410412967205048,0.5775012969970703,-0.010550487786531448,0.17531587183475494,0.516717791557312,-0.02541663497686386,0.17097903788089752,0.4754394292831421,-0.034804295748472214,0.16761814057826996,0.43739476799964905,-0.03890754655003548,0.16319617629051208,0.5983614921569824,-0.014497633092105389,0.14865604043006897,0.5642025470733643,-0.02542039006948471,0.13835734128952026,0.5417957305908203,-0.02954396791756153,0.12893109023571014,0.5194622278213501,-0.031472347676754,h
0.20097097754478455,0.7121052742004395,9.539876799635749e-08,0.22736676037311554,0.6796023845672607,-0.01650351844727993,0.2384624183177948,0.6222673654556274,-0.021715521812438965,0.22698818147182465,0.5785238146781921,-0.025112446397542953,0.20070156455039978,0.5602225065231323,-0.027790896594524384,0.23709020018577576,0.5657301545143127,-0.008122287690639496,0.24090072512626648,0.5035829544067383,-0.01472375076264143,0.24191603064537048,0.46717602014541626,-0.020653434097766876,0.24188897013664246,0.4337309002876282,-0.026704246178269386,0.2104891836643219,0.5612685680389404,-0.00854447577148676,0.1943167895078659,0.5051438212394714,-0.01969221420586109,0.18522392213344574,0.49421191215515137,-0.027210645377635956,0.18064777553081512,0.49123433232307434,-0.030117256566882133,0.18640831112861633,0.5710583329200745,-0.01122758723795414,0.17737555503845215,0.5099821090698242,-0.022670438513159752,0.17406298220157623,0.46939706802368164,-0.03062811866402626,0.17244337499141693,0.4329495131969452,-0.03548002988100052,0.1656404584646225,0.5921463370323181,-0.015269571915268898,0.1514715552330017,0.5583193898200989,-0.026334283873438835,0.14092391729354858,0.5357217788696289,-0.03063141740858555,0.13194967806339264,0.5145570635795593,-0.03303785249590874,h
0.20103655755519867,0.7043168544769287,5.3493856455588684e-08,0.22852467000484467,0.6727785468101501,-0.018137818202376366,0.24139352142810822,0.6165657043457031,-0.024083193391561508,0.22749309241771698,0.5738710165023804,-0.02772374451160431,0.19908620417118073,0.555833101272583,-0.030230678617954254,0.23930084705352783,0.5582390427589417,-0.00701490044593811,0.24219240248203278,0.4978460669517517,-0.014682820066809654,0.24284736812114716,0.46069657802581787,-0.021361414343118668,0.24250736832618713,0.4267118573188782,-0.027566934004426003,0.2119470238685608,0.5546750426292419,-0.0066484673880040646,0.20050741732120514,0.5070049166679382,-0.023449866101145744,0.19771084189414978,0.5176776647567749,-0.03157218545675278,0.1980132907629013,0.5358855128288269,-0.03156622499227524,0.18702107667922974,0.5647117495536804,-0.009007834829390049,0.1790855973958969,0.5050926804542542,-0.023382391780614853,0.17427508533000946,0.4648440480232239,-0.032522715628147125,0.17025837302207947,0.4291633069515228,-0.03634163737297058,0.1657610535621643,0.5863842964172363,-0.012648425064980984,0.15212482213974,0.5530601143836975,-0.022954117506742477,0.14261314272880554,0.5313156843185425,-0.026672031730413437,0.1335873305797577,0.5106937885284424,-0.028290657326579094,h
0.20110906660556793,0.6977689266204834,5.293479432566528e-08,0.2289714217185974,0.6693387031555176,-0.020757146179676056,0.2402939349412918,0.6141358017921448,-0.027727853506803513,0.2273126095533371,0.5714461803436279,-0.03178190439939499,0.20032718777656555,0.5521671772003174,-0.034412872046232224,0.23981039226055145,0.5540209412574768,-0.009972788393497467,0.24340756237506866,0.4945276975631714,-0.018095728009939194,0.24420052766799927,0.45801395177841187,-0.024839766323566437,0.24473053216934204,0.4243483543395996,-0.03124280832707882,0.21244163811206818,0.5503794550895691,-0.008955094963312149,0.19978205859661102,0.5016124248504639,-0.027274945750832558,0.19574055075645447,0.5134899020195007,-0.03575767204165459,0.19604834914207458,0.532913327217102,-0.03540392965078354,0.1872897744178772,0.560546338558197,-0.0109051913022995,0.18026195466518402,0.49974921345710754,-0.02636273205280304,0.1769133359193802,0.45789647102355957,-0.03621819242835045,0.17454415559768677,0.4199411869049072,-0.040233124047517776,0.1664281040430069,0.5827582478523254,-0.014345848001539707,0.15296518802642822,0.5495971441268921,-0.02544664591550827,0.14305201172828674,0.5278375148773193,-0.029756616801023483,0.13348388671875,0.5067888498306274,-0.03169882297515869,h
0.2003760188817978,0.6842141151428223,8.43911607262271e-08,0.22876085340976715,0.6548215746879578,-0.01811801828444004,0.24222761392593384,0.5979114770889282,-0.023790061473846436,0.2292371541261673,0.5549112558364868,-0.02707814984023571,0.20167014002799988,0.5345999598503113,-0.029207982122898102,0.24061384797096252,0.5418208837509155,-0.006371653638780117,0.24414348602294922,0.4811756908893585,-0.013700551353394985,0.24653339385986328,0.4437299370765686,-0.01977567747235298,0.2475704550743103,0.4104193150997162,-0.02553274855017662,0.21393552422523499,0.5373377799987793,-0.006212278734892607,0.20474618673324585,0.4907466173171997,-0.023617053404450417,0.2032281458377838,0.5040397644042969,-0.03146504610776901,0.20385006070137024,0.5247873663902283,-0.030810220167040825,0.18891867995262146,0.545997679233551,-0.009041079320013523,0.18306003510951996,0.48541849851608276,-0.02400115504860878,0.17956732213497162,0.4438055157661438,-0.03379972651600838,0.17672200500965118,0.4060084819793701,-0.03811836615204811,0.16743974387645721,0.56656414270401,-0.013062863610684872,0.1548241823911667,0.5345053672790527,-0.024208642542362213,0.14636488258838654,0.5132316946983337,-0.02847534418106079,0.1379052698612213,0.49172142148017883,-0.030560746788978577,h
0.2008827030658722,0.6770239472389221,1.0566861874394817e-07,0.22901329398155212,0.6491294503211975,-0.020031463354825974,0.24138560891151428,0.5931065678596497,-0.02665964514017105,0.22918100655078888,0.5484534502029419,-0.03056052327156067,0.20202074944972992,0.528964102268219,-0.03327576071023941,0.24174919724464417,0.5353695750236511,-0.011029774323105812,0.2463238537311554,0.47382044792175293,-0.018078060820698738,0.2475486695766449,0.4364919066429138,-0.023686664178967476,0.24827219545841217,0.40372252464294434,-0.029213115572929382,0.21411733329296112,0.53067547082901,-0.009667693637311459,0.20105227828025818,0.47680845856666565,-0.023529160767793655,0.19547073543071747,0.4770803153514862,-0.02998203970491886,0.19455642998218536,0.48671504855155945,-0.030033957213163376,0.18915346264839172,0.5404865741729736,-0.010986476205289364,0.18275432288646698,0.4800580143928528,-0.023564537987113,0.17978119850158691,0.4392958879470825,-0.03166847676038742,0.17805372178554535,0.40254226326942444,-0.03563573583960533,0.16774678230285645,0.5621883273124695,-0.013882706873118877,0.1558295339345932,0.5297320485115051,-0.024580756202340126,0.1457734853029251,0.5079777836799622,-0.028811749070882797,0.1366763710975647,0.4869263768196106,-0.030941057950258255,h
0.20004844665527344,0.6710313558578491,8.738622625514836e-08,0.22876334190368652,0.6410951614379883,-0.01782398670911789,0.2429930716753006,0.5836957097053528,-0.023346442729234695,0.22912415862083435,0.5390755534172058,-0.026646923273801804,0.20053866505622864,0.5208922028541565,-0.029007064178586006,0.24170278012752533,0.5304250717163086,-0.008405463770031929,0.24688822031021118,0.46709078550338745,-0.014975497499108315,0.24835173785686493,0.42867591977119446,-0.020356733351945877,0.2489910125732422,0.39439353346824646,-0.025947730988264084,0.2144230753183365,0.5255999565124512,-0.008002950809895992,0.20133472979068756,0.4727799892425537,-0.023230982944369316,0.19499021768569946,0.47372207045555115,-0.031178195029497147,0.19289468228816986,0.4830609858036041,-0.031954362988471985,0.18975868821144104,0.534241259098053,-0.009966363199055195,0.18315841257572174,0.47299838066101074,-0.0233804639428854,0.18047882616519928,0.430793821811676,-0.03262316808104515,0.17856426537036896,0.3925614655017853,-0.037209101021289825,0.1685582995414734,0.5542465448379517,-0.013185350224375725,0.1554412990808487,0.5225718021392822,-0.024270500987768173,0.14526599645614624,0.5004699230194092,-0.029059328138828278,0.13597562909126282,0.4784906506538391,-0.03156403452157974,h
0.20017476379871368,0.6665407419204712,6.81018690329438e-08,0.22879666090011597,0.637336254119873,-0.019263871014118195,0.2404819130897522,0.5802565813064575,-0.026022296398878098,0.22825072705745697,0.535261332988739,-0.030360672622919083,0.2008078247308731,0.5143628120422363,-0.033299047499895096,0.2417801022529602,0.5218802690505981,-0.008098980411887169,0.2468634843826294,0.46079254150390625,-0.015115348622202873,0.24821260571479797,0.42295241355895996,-0.02077013999223709,0.24855174124240875,0.38941508531570435,-0.026470361277461052,0.21393068134784698,0.5176454782485962,-0.007413165643811226,0.20159079134464264,0.46842342615127563,-0.02482575736939907,0.1966000199317932,0.4787018299102783,-0.032631758600473404,0.1953209936618805,0.49610790610313416,-0.03198771923780441,0.1888972669839859,0.527047336101532,-0.009514718316495419,0.18239068984985352,0.46705007553100586,-0.0241473987698555,0.17944514751434326,0.4249284863471985,-0.03342416137456894,0.1769150197505951,0.3866945505142212,-0.037283800542354584,0.16763995587825775,0.5485184192657471,-0.012982563115656376,0.15570569038391113,0.5151516199111938,-0.023914245888590813,0.14603564143180847,0.49288904666900635,-0.028245074674487114,0.13685762882232666,0.471219539642334,-0.030228955671191216,h
0.19976641237735748,0.6572596430778503,6.679788100427686e-08,0.22855263948440552,0.6287823915481567,-0.01811084896326065,0.24268968403339386,0.5720285773277283,-0.02405335195362568,0.22998295724391937,0.5285297632217407,-0.027803517878055573,0.20175603032112122,0.5091121792793274,-0.03019796311855316,0.24139024317264557,0.5130937695503235,-0.005424811504781246,0.24558915197849274,0.4523836076259613,-0.012420332990586758,0.2470715194940567,0.41461876034736633,-0.018357697874307632,0.2475852072238922,0.3803957998752594,-0.02423284389078617,0.21403968334197998,0.5078737139701843,-0.00553623354062438,0.20442089438438416,0.4588543474674225,-0.024172788485884666,0.20062783360481262,0.4751887917518616,-0.03263988718390465,0.19975215196609497,0.4985657036304474,-0.03157859668135643,0.18868835270404816,0.5159893035888672,-0.008465693332254887,0.18260011076927185,0.45642220973968506,-0.02281196601688862,0.17870846390724182,0.4153514504432678,-0.03215918317437172,0.17565375566482544,0.37861716747283936,-0.035908203572034836,0.16688747704029083,0.5365908145904541,-0.012783483602106571,0.15416747331619263,0.506895124912262,-0.022676177322864532,0.14369626343250275,0.4862968921661377,-0.026544509455561638,0.13383716344833374,0.4653586745262146,-0.028297511860728264,h
0.19890780746936798,0.6490357518196106,7.573988369813378e-08,0.22738000750541687,0.6185352206230164,-0.016499077901244164,0.24152503907680511,0.561861515045166,-0.021892229095101357,0.22638362646102905,0.5185126662254333,-0.025382282212376595,0.1983758509159088,0.4982248544692993,-0.027884067967534065,0.23981750011444092,0.5054532885551453,-0.006037264596670866,0.24471724033355713,0.44598138332366943,-0.01266444195061922,0.24641600251197815,0.4092148542404175,-0.018147284165024757,0.24660785496234894,0.3759952783584595,-0.02378764934837818,0.21266743540763855,0.5012848377227783,-0.006693380419164896,0.20354633033275604,0.45370736718177795,-0.02223961055278778,0.19972750544548035,0.46063169836997986,-0.030155861750245094,0.1979503482580185,0.4733259379863739,-0.03071453794836998,0.18790026009082794,0.5109583139419556,-0.009867160581052303,0.18150460720062256,0.4509950280189514,-0.02446400374174118,0.17737171053886414,0.4097895324230194,-0.03439013659954071,0.173041433095932,0.3719857335090637,-0.03923850879073143,0.16623088717460632,0.5327485799789429,-0.01402098685503006,0.15233899652957916,0.5009310841560364,-0.02617964893579483,0.14155270159244537,0.47976619005203247,-0.031193122267723083,0.1308426707983017,0.458088219165802,-0.03376183658838272,h
0.1999877691268921,0.6500568985939026,7.71951533806714e-08,0.227261483669281,0.6190363168716431,-0.018104158341884613,0.2400667369365692,0.5631677508354187,-0.024448510259389877,0.2254408299922943,0.5190931558609009,-0.028585700318217278,0.1984752118587494,0.49705424904823303,-0.03174244239926338,0.24109214544296265,0.5061730146408081,-0.008497495204210281,0.24609699845314026,0.4473167061805725,-0.016540708020329475,0.24707110226154327,0.4102630615234375,-0.023157576099038124,0.2471407949924469,0.37671464681625366,-0.0295147355645895,0.2136683315038681,0.502295732498169,-0.008792310953140259,0.20355923473834991,0.4523485600948334,-0.025349847972393036,0.20065589249134064,0.4568514823913574,-0.034068524837493896,0.2003846913576126,0.4690113365650177,-0.03516146540641785,0.18837648630142212,0.512660026550293,-0.011655280366539955,0.18180838227272034,0.4515279233455658,-0.02728344313800335,0.1767309308052063,0.40964388847351074,-0.037766020745038986,0.17164431512355804,0.3727196455001831,-0.042799998074769974,0.16649439930915833,0.5357380509376526,-0.015618446283042431,0.15207672119140625,0.5034156441688538,-0.028635207563638687,0.14116261899471283,0.4813491702079773,-0.03420356288552284,0.13002777099609375,0.46003732085227966,-0.03702010214328766,h
0.19823183119297028,0.644198477268219,6.907537652978135e-08,0.22614380717277527,0.6137919425964355,-0.018170814961194992,0.23899248242378235,0.5562388896942139,-0.02436085231602192,0.2256857305765152,0.5126602649688721,-0.028115220367908478,0.19777663052082062,0.49207884073257446,-0.030348913744091988,0.2380870133638382,0.4986347258090973,-0.007106692064553499,0.24245840311050415,0.43880319595336914,-0.015367332845926285,0.2437402307987213,0.40083450078964233,-0.021991444751620293,0.24444720149040222,0.3665836453437805,-0.028142105787992477,0.21060676872730255,0.49496135115623474,-0.007287789601832628,0.19942961633205414,0.4441491365432739,-0.02633051760494709,0.19739148020744324,0.4608636796474457,-0.03406057134270668,0.19887545704841614,0.4850429594516754,-0.03253734111785889,0.1855984479188919,0.5049760937690735,-0.010381018742918968,0.1785302758216858,0.4424901604652405,-0.02583257295191288,0.17434976994991302,0.40174275636672974,-0.03466902673244476,0.17145557701587677,0.36493316292762756,-0.03777031973004341,0.164005845785141,0.5279623866081238,-0.014778990298509598,0.15063592791557312,0.4952238202095032,-0.025653094053268433,0.13976509869098663,0.4723498523235321,-0.029673133045434952,0.12944945693016052,0.4487413763999939,-0.031413160264492035,h
0.1966104358434677,0.6400820016860962,3.922636793163292e-08,0.22443470358848572,0.608250081539154,-0.017308121547102928,0.23576627671718597,0.547859787940979,-0.022091813385486603,0.2210453301668167,0.5041210055351257,-0.024300171062350273,0.1932036131620407,0.48629939556121826,-0.024797677993774414,0.23608358204364777,0.4906797707080841,-0.005653355736285448,0.24062561988830566,0.4310547709465027,-0.012956930324435234,0.2415405660867691,0.3936215937137604,-0.018821382895112038,0.2420506477355957,0.3591346740722656,-0.024590035900473595,0.20737473666667938,0.4876328706741333,-0.005820442456752062,0.1967344731092453,0.4364638328552246,-0.024099715054035187,0.19368888437747955,0.4566032886505127,-0.031287793070077896,0.19479620456695557,0.482198566198349,-0.029209373518824577,0.1823280155658722,0.49821868538856506,-0.008825946599245071,0.17683793604373932,0.43583640456199646,-0.023186933249235153,0.1735466718673706,0.39498257637023926,-0.03171901777386665,0.1713324785232544,0.35660699009895325,-0.03475678712129593,0.1608198583126068,0.52223801612854,-0.013067790307104588,0.14859379827976227,0.4900866448879242,-0.02256813272833824,0.13801449537277222,0.4688451886177063,-0.025610677897930145,0.12783417105674744,0.44616228342056274,-0.026843233034014702,h
0.19427387416362762,0.6321970224380493,6.409452879552191e-08,0.22294585406780243,0.5998725295066833,-0.01839802786707878,0.23564931750297546,0.5395014882087708,-0.024002987891435623,0.22084322571754456,0.4965382516384125,-0.027246378362178802,0.19235223531723022,0.4780516028404236,-0.029069002717733383,0.23370906710624695,0.48265305161476135,-0.0052774460054934025,0.23837748169898987,0.4233142137527466,-0.012076600454747677,0.23927858471870422,0.38637763261795044,-0.018051311373710632,0.24020060896873474,0.3527083098888397,-0.024169106036424637,0.2050730437040329,0.48005998134613037,-0.005276919342577457,0.19209997355937958,0.4291750192642212,-0.022824687883257866,0.18851527571678162,0.4442976117134094,-0.030850842595100403,0.18996085226535797,0.46797841787338257,-0.029841693118214607,0.18020349740982056,0.49145424365997314,-0.008146733976900578,0.17460070550441742,0.4279037415981293,-0.022250309586524963,0.17251232266426086,0.38751986622810364,-0.030711771920323372,0.1721123903989792,0.35165390372276306,-0.03387691453099251,0.15962843596935272,0.5158950090408325,-0.01244385726749897,0.1475306749343872,0.4850311875343323,-0.02307135798037052,0.1369556039571762,0.4634494185447693,-0.026889260858297348,0.12747693061828613,0.4415220022201538,-0.028435958549380302,h
0.19334866106510162,0.6279282569885254,4.539044340390319e-08,0.22201524674892426,0.5947686433792114,-0.01796397566795349,0.23293861746788025,0.535409688949585,-0.023691676557064056,0.21870911121368408,0.4923730790615082,-0.02713601104915142,0.1915675699710846,0.4732949137687683,-0.02917649783194065,0.232843816280365,0.4791768193244934,-0.007215873338282108,0.2378372848033905,0.41745445132255554,-0.013798502273857594,0.23854391276836395,0.37979525327682495,-0.019175315275788307,0.2392672598361969,0.34531813859939575,-0.024999350309371948,0.20437532663345337,0.47784659266471863,-0.00743683660402894,0.18808239698410034,0.4224533438682556,-0.025033125653862953,0.18344423174858093,0.43482857942581177,-0.033718131482601166,0.18469804525375366,0.4562150835990906,-0.0335613414645195,0.17943544685840607,0.4902130663394928,-0.010025287978351116,0.17416919767856598,0.4271003007888794,-0.024958210065960884,0.17725342512130737,0.38998672366142273,-0.03322376683354378,0.18083888292312622,0.3586246967315674,-0.03603919595479965,0.1583644300699234,0.5144995450973511,-0.013898752629756927,0.14603224396705627,0.4807761013507843,-0.0261534471064806,0.13538210093975067,0.4569874405860901,-0.030654150992631912,0.12608136236667633,0.4339956045150757,-0.03236180171370506,h
0.19275154173374176,0.6259227395057678,7.282866221203221e-08,0.22029267251491547,0.5909963250160217,-0.017104733735322952,0.23133529722690582,0.532547116279602,-0.022914163768291473,0.2166222631931305,0.4899657070636749,-0.026710985228419304,0.18988513946533203,0.4700153172016144,-0.02935049496591091,0.23128585517406464,0.47515010833740234,-0.007391425780951977,0.23651531338691711,0.4137882590293884,-0.014656707644462585,0.23706376552581787,0.37613192200660706,-0.020860131829977036,0.23738795518875122,0.34190499782562256,-0.0270699355751276,0.20222030580043793,0.4736781716346741,-0.008003554306924343,0.185496985912323,0.41499555110931396,-0.023571087047457695,0.17826499044895172,0.4148938059806824,-0.032358136028051376,0.17658329010009766,0.4247595965862274,-0.03376656025648117,0.17716071009635925,0.4864141345024109,-0.010922357439994812,0.17153072357177734,0.422855019569397,-0.02487795613706112,0.17239807546138763,0.38090839982032776,-0.03336130082607269,0.17408441007137299,0.34507450461387634,-0.0371251106262207,0.15595091879367828,0.511388897895813,-0.015105273574590683,0.14308175444602966,0.47595614194869995,-0.027265427634119987,0.1318604052066803,0.45038893818855286,-0.03184698149561882,0.12234526127576828,0.42584794759750366,-0.03382449969649315,h
0.18934671580791473,0.6224647760391235,5.508150024979841e-08,0.21748775243759155,0.5893488526344299,-0.02113787829875946,0.228094220161438,0.5287699699401855,-0.027888687327504158,0.2118261605501175,0.485196590423584,-0.03142181783914566,0.18344983458518982,0.4662296772003174,-0.03319757059216499,0.22713808715343475,0.46759238839149475,-0.007043689023703337,0.23018300533294678,0.40717169642448425,-0.014485208317637444,0.23004978895187378,0.3691368103027344,-0.020690899342298508,0.2303508222103119,0.3348419666290283,-0.026857059448957443,0.19818457961082458,0.4657887816429138,-0.006195299327373505,0.1865525245666504,0.4116033911705017,-0.026074344292283058,0.18565461039543152,0.4369683861732483,-0.03346426039934158,0.18917562067508698,0.46915653347969055,-0.0307322945445776,0.1729227602481842,0.4775962233543396,-0.008719664998352528,0.16542930901050568,0.4131547808647156,-0.022690171375870705,0.1608201116323471,0.37218955159187317,-0.030318615958094597,0.1573823243379593,0.3334309458732605,-0.032739344984292984,0.15125772356987,0.5035141706466675,-0.013070852495729923,0.13713505864143372,0.46835240721702576,-0.021486535668373108,0.12732799351215363,0.4455416202545166,-0.023927122354507446,0.11791057884693146,0.4203745722770691,-0.025034023448824883,h
0.18621017038822174,0.6251530647277832,3.370744749986443e-08,0.21450132131576538,0.5947990417480469,-0.02108602412045002,0.22639183700084686,0.5323879718780518,-0.028730668127536774,0.21259382367134094,0.4851948618888855,-0.03344409912824631,0.18341441452503204,0.4664892256259918,-0.03646065667271614,0.22778871655464172,0.47062045335769653,-0.005758693441748619,0.22869902849197388,0.40955108404159546,-0.01373307779431343,0.2275412678718567,0.37216800451278687,-0.020478535443544388,0.22791025042533875,0.3364109396934509,-0.027302857488393784,0.1982049196958542,0.46684086322784424,-0.006181670818477869,0.18974383175373077,0.4114520847797394,-0.029689595103263855,0.1864643543958664,0.4417947232723236,-0.03833942487835884,0.18809670209884644,0.47795599699020386,-0.035049013793468475,0.17093703150749207,0.4767296612262726,-0.010076537728309631,0.16452398896217346,0.4147794246673584,-0.025949029251933098,0.16060815751552582,0.3706514835357666,-0.034747328609228134,0.15818171203136444,0.3290541470050812,-0.03753405436873436,0.14830619096755981,0.5009994506835938,-0.01575065217912197,0.13502947986125946,0.46921491622924805,-0.02366013638675213,0.125769704580307,0.4480305314064026,-0.025502048432826996,0.11628461629152298,0.4251062572002411,-0.026490839198231697,h
0.18499094247817993,0.6276906728744507,4.7174761874657634e-08,0.21343377232551575,0.5944483876228333,-0.020504023879766464,0.22354525327682495,0.5347660183906555,-0.02832101471722126,0.2074158638715744,0.4902631640434265,-0.03364625573158264,0.17858079075813293,0.47106221318244934,-0.03752783685922623,0.22721505165100098,0.4714427590370178,-0.005506324581801891,0.2276296615600586,0.4113050699234009,-0.013752584345638752,0.2276202291250229,0.37304747104644775,-0.021214259788393974,0.22737056016921997,0.3389423191547394,-0.028367048129439354,0.19651608169078827,0.4681287705898285,-0.006421689875423908,0.18406978249549866,0.4164099097251892,-0.029380297288298607,0.18238011002540588,0.44321444630622864,-0.0392477922141552,0.18407027423381805,0.4762214124202728,-0.0374385267496109,0.16910885274410248,0.47930487990379333,-0.010733520612120628,0.1605892777442932,0.41862666606903076,-0.027276283130049706,0.1555587500333786,0.3741859197616577,-0.03736488148570061,0.15105730295181274,0.3334910571575165,-0.04106515273451805,0.14576902985572815,0.5055176615715027,-0.0167002622038126,0.13179512321949005,0.472409725189209,-0.026312479749321938,0.12239773571491241,0.449975848197937,-0.029198579490184784,0.1128896102309227,0.42708924412727356,-0.030560346320271492,h
0.1846124827861786,0.6303378939628601,4.736826397788718e-08,0.21347576379776,0.5999007225036621,-0.01968664862215519,0.22396406531333923,0.5400880575180054,-0.026761868968605995,0.20942965149879456,0.49534308910369873,-0.03158566728234291,0.18059572577476501,0.47642531991004944,-0.03497989475727081,0.2249402105808258,0.4743380844593048,-0.00457755895331502,0.2259829342365265,0.41429299116134644,-0.012617232277989388,0.2256776988506317,0.37567660212516785,-0.019681204110383987,0.2248702049255371,0.34175562858581543,-0.026352761313319206,0.19474369287490845,0.4701411724090576,-0.005448963027447462,0.1843429058790207,0.41903722286224365,-0.027181414887309074,0.1823546141386032,0.4457453489303589,-0.03584739938378334,0.18351426720619202,0.47972360253334045,-0.03338196873664856,0.16693547368049622,0.48081308603286743,-0.009743625298142433,0.15888790786266327,0.4212963581085205,-0.025068027898669243,0.1529129445552826,0.37841516733169556,-0.0345245786011219,0.1476936787366867,0.34037816524505615,-0.03800986707210541,0.14327755570411682,0.5067726969718933,-0.015711570158600807,0.12817740440368652,0.4769313633441925,-0.024234669283032417,0.11877594143152237,0.45494747161865234,-0.02703753672540188,0.10946758836507797,0.43242326378822327,-0.02850443869829178,h
0.18799157440662384,0.6401065587997437,5.645977907420274e-08,0.21560177206993103,0.6056283116340637,-0.01714203506708145,0.22516557574272156,0.5445557236671448,-0.024053499102592468,0.21173310279846191,0.5003128051757812,-0.02922002412378788,0.18341928720474243,0.48197171092033386,-0.03308211266994476,0.2230122685432434,0.4847466051578522,-0.005683941766619682,0.22476519644260406,0.4212145507335663,-0.014857226051390171,0.22491355240345,0.38104447722435,-0.02202698588371277,0.22445522248744965,0.3455033302307129,-0.02837132290005684,0.19353681802749634,0.48171043395996094,-0.007847398519515991,0.18559621274471283,0.4282854497432709,-0.029980534687638283,0.1853647083044052,0.4529305696487427,-0.03782052546739578,0.18788018822669983,0.48377805948257446,-0.034818533807992935,0.16611741483211517,0.49183109402656555,-0.013161607086658478,0.15692055225372314,0.4312325119972229,-0.028505830094218254,0.15145012736320496,0.3867379426956177,-0.03742881491780281,0.1470194160938263,0.3472510576248169,-0.04060064256191254,0.14277437329292297,0.5165958404541016,-0.019928429275751114,0.12596449255943298,0.48388558626174927,-0.027717523276805878,0.11657233536243439,0.460372656583786,-0.029839523136615753,0.10743232071399689,0.4369933307170868,-0.030997468158602715,h
0.1914057433605194,0.6471452713012695,3.722826846797034e-08,0.22001245617866516,0.6127107739448547,-0.01586170122027397,0.22961761057376862,0.5534622073173523,-0.022839996963739395,0.22033807635307312,0.5087503790855408,-0.028193624690175056,0.19403111934661865,0.49047282338142395,-0.03218935802578926,0.22135785222053528,0.49042922258377075,-0.006403377279639244,0.2228965014219284,0.42721036076545715,-0.015995966270565987,0.22263792157173157,0.386760413646698,-0.022664854303002357,0.22172074019908905,0.35117071866989136,-0.028596702963113785,0.19278889894485474,0.4888952076435089,-0.00908301305025816,0.18523846566677094,0.43394896388053894,-0.032337527722120285,0.18644534051418304,0.4617948830127716,-0.039189718663692474,0.19039006531238556,0.49527040123939514,-0.03509705886244774,0.16538439691066742,0.4993606507778168,-0.014863405376672745,0.15620264410972595,0.43752574920654297,-0.030298691242933273,0.15098728239536285,0.39364516735076904,-0.038475584238767624,0.14682017266750336,0.3544239401817322,-0.04114922881126404,0.14158327877521515,0.523040235042572,-0.022021455690264702,0.12090885639190674,0.49153298139572144,-0.029481973499059677,0.10956086963415146,0.469180703163147,-0.03190145641565323,0.09885668009519577,0.4455953538417816,-0.033454813063144684,h
0.19195230305194855,0.6517444252967834,9.07836650299032e-08,0.22127452492713928,0.6149006485939026,-0.018232032656669617,0.2327754646539688,0.5562121868133545,-0.026627853512763977,0.22130993008613586,0.5120856761932373,-0.03329090774059296,0.1924881786108017,0.4954330325126648,-0.03866206854581833,0.21966484189033508,0.4930706024169922,-0.007326245307922363,0.22104373574256897,0.4293749928474426,-0.016664130613207817,0.22041304409503937,0.3890875279903412,-0.02299668826162815,0.21914932131767273,0.35412630438804626,-0.028801018372178078,0.1915629655122757,0.49271830916404724,-0.00927976705133915,0.1853512078523636,0.44016802310943604,-0.03183816373348236,0.18851689994335175,0.46277791261672974,-0.0391814261674881,0.19371894001960754,0.4904613196849823,-0.03609926626086235,0.16453371942043304,0.5046983957290649,-0.014545922167599201,0.15483975410461426,0.44309329986572266,-0.03095010109245777,0.14917585253715515,0.4006490707397461,-0.040058717131614685,0.14388316869735718,0.36289846897125244,-0.043325040489435196,0.14179478585720062,0.5295353531837463,-0.02136502042412758,0.12009485065937042,0.49744945764541626,-0.03146491199731827,0.10738314688205719,0.4744446277618408,-0.03575988486409187,0.09463918209075928,0.45123782753944397,-0.038240447640419006,h
0.19095000624656677,0.6535677909851074,5.7605856085274354e-08,0.2202344834804535,0.6181899309158325,-0.01800842583179474,0.23276515305042267,0.558805525302887,-0.02614074945449829,0.2220483273267746,0.5133819580078125,-0.03243524581193924,0.19360360503196716,0.49624910950660706,-0.037337858229875565,0.21918657422065735,0.4934268891811371,-0.007013592403382063,0.22041603922843933,0.4290294349193573,-0.01656428724527359,0.21978256106376648,0.38857588171958923,-0.022778190672397614,0.2188679724931717,0.35342058539390564,-0.028387093916535378,0.19110262393951416,0.4932217001914978,-0.008892448619008064,0.1859346628189087,0.4406126141548157,-0.03239487484097481,0.1878962367773056,0.46847355365753174,-0.03905148804187775,0.19253629446029663,0.4995282292366028,-0.03487858548760414,0.16425588726997375,0.5051487684249878,-0.014166059903800488,0.15537512302398682,0.4435841739177704,-0.03037438541650772,0.14972101151943207,0.4016041159629822,-0.03844579681754112,0.14472296833992004,0.363492488861084,-0.040853098034858704,0.1416226625442505,0.5297927260398865,-0.02101827971637249,0.11913175880908966,0.49847277998924255,-0.030369561165571213,0.10633283108472824,0.475067138671875,-0.03385590389370918,0.09398377686738968,0.45019400119781494,-0.03573327139019966,h
0.1918640285730362,0.6594836115837097,6.928872409162068e-08,0.2223396748304367,0.6220744252204895,-0.018463870510458946,0.2354131042957306,0.5631267428398132,-0.027118133381009102,0.22557319700717926,0.5176787972450256,-0.034334465861320496,0.1961347609758377,0.4991183876991272,-0.04039664939045906,0.22021588683128357,0.499452143907547,-0.006710982881486416,0.22098690271377563,0.43522709608078003,-0.01581018790602684,0.22022929787635803,0.39469200372695923,-0.02209518477320671,0.21864280104637146,0.35901129245758057,-0.028158728033304214,0.19266590476036072,0.4997609257698059,-0.008982089348137379,0.18638215959072113,0.45079341530799866,-0.03266346454620361,0.18898630142211914,0.47392356395721436,-0.04109705984592438,0.1933724284172058,0.5010757446289062,-0.03891559690237045,0.1655733585357666,0.5115424990653992,-0.014653722755610943,0.15661491453647614,0.45069506764411926,-0.032486896961927414,0.15016500651836395,0.406754732131958,-0.04251527786254883,0.1438681185245514,0.36856529116630554,-0.04638320952653885,0.14193716645240784,0.5350524187088013,-0.021833816543221474,0.1195327639579773,0.5008178353309631,-0.0333508737385273,0.1062435656785965,0.4761859178543091,-0.03855639323592186,0.09321717172861099,0.451494961977005,-0.04166153073310852,h
0.1951393485069275,0.6653797626495361,4.367293371387859e-08,0.22648131847381592,0.6277172565460205,-0.017560606822371483,0.23780030012130737,0.5669000148773193,-0.02526898682117462,0.22786284983158112,0.5227940678596497,-0.031041344627738,0.19931110739707947,0.5094102025032043,-0.03535620495676994,0.22027304768562317,0.5034472346305847,-0.00834339763969183,0.2224142998456955,0.43966013193130493,-0.017872950062155724,0.2216712385416031,0.39979803562164307,-0.02408827655017376,0.22034555673599243,0.363952100276947,-0.030020635575056076,0.19257190823554993,0.5045360326766968,-0.01109066791832447,0.1856362223625183,0.45248788595199585,-0.03594164177775383,0.1899445503950119,0.47910475730895996,-0.04389236867427826,0.19608941674232483,0.5101044774055481,-0.04065018147230148,0.16624200344085693,0.5183089375495911,-0.016976917162537575,0.15741345286369324,0.45583996176719666,-0.035128284245729446,0.15236832201480865,0.4102443754673004,-0.044918306171894073,0.147545725107193,0.3698268532752991,-0.048219162970781326,0.1434933841228485,0.5449849963188171,-0.024212684482336044,0.1200178787112236,0.5085145235061646,-0.03493127226829529,0.10623381286859512,0.4830568730831146,-0.039365220814943314,0.0928964912891388,0.45691803097724915,-0.04197070375084877,h
0.19813503324985504,0.6685670018196106,4.9705342064498836e-08,0.22877167165279388,0.6316765546798706,-0.013254224322736263,0.24148191511631012,0.5735323429107666,-0.019631346687674522,0.23459361493587494,0.5280151963233948,-0.025104960426688194,0.20610791444778442,0.5127885341644287,-0.02960050292313099,0.2202955186367035,0.5128435492515564,-0.0064524998888373375,0.22193549573421478,0.4472511112689972,-0.015253270044922829,0.22209858894348145,0.4068867862224579,-0.020759662613272667,0.22115232050418854,0.3702482581138611,-0.026098858565092087,0.19382821023464203,0.5124903917312622,-0.010632125660777092,0.19126346707344055,0.46182194352149963,-0.0325719453394413,0.19791875779628754,0.4813764691352844,-0.03986580669879913,0.20437075197696686,0.5065745115280151,-0.03767652437090874,0.1673356294631958,0.5238001942634583,-0.01745845563709736,0.1588009148836136,0.4615173637866974,-0.03385845199227333,0.15344442427158356,0.41643860936164856,-0.04334469139575958,0.14852571487426758,0.37792062759399414,-0.047348957508802414,0.1440216302871704,0.5468406081199646,-0.0252496637403965,0.11810806393623352,0.5112496614456177,-0.03535483032464981,0.1035681962966919,0.4865742623806,-0.039927564561367035,0.09031303972005844,0.4625357985496521,-0.04297037422657013,h
0.20116697251796722,0.6730322241783142,9.78953451635789e-08,0.23241356015205383,0.6374387145042419,-0.015989672392606735,0.24617311358451843,0.5771955251693726,-0.024061521515250206,0.2389892339706421,0.5317884087562561,-0.03098282217979431,0.21013306081295013,0.5163298845291138,-0.036774229258298874,0.22312390804290771,0.5129056572914124,-0.004785656929016113,0.22315587103366852,0.44941192865371704,-0.012998373247683048,0.2238723635673523,0.4083807170391083,-0.018120426684617996,0.22274619340896606,0.3726739287376404,-0.023282490670681,0.19515745341777802,0.5142223238945007,-0.008499685674905777,0.19199314713478088,0.45980381965637207,-0.03213885799050331,0.20125269889831543,0.48821917176246643,-0.039420709013938904,0.20998522639274597,0.5207305550575256,-0.035498883575201035,0.16825653612613678,0.5263745188713074,-0.015324816107749939,0.15827827155590057,0.46513158082962036,-0.031209200620651245,0.1540067493915558,0.4194099009037018,-0.04000508412718773,0.14958807826042175,0.3788263201713562,-0.043076176196336746,0.14443546533584595,0.5507704615592957,-0.0235655065625906,0.11790778487920761,0.5156015157699585,-0.0317726656794548,0.1028064638376236,0.49163511395454407,-0.03485945612192154,0.08824840933084488,0.4672796130180359,-0.03695586696267128,h
0.20733964443206787,0.6754242181777954,1.3414386046406435e-07,0.2375721037387848,0.6409153938293457,-0.014609799720346928,0.2519661486148834,0.5817990899085999,-0.02354690060019493,0.24849584698677063,0.537117600440979,-0.03201345354318619,0.22212624549865723,0.5243102312088013,-0.039305903017520905,0.22315587103366852,0.5151100158691406,-0.004214306827634573,0.22291430830955505,0.4525763988494873,-0.012012708932161331,0.22386619448661804,0.4127976596355438,-0.016387734562158585,0.22220872342586517,0.37966859340667725,-0.021060679107904434,0.1964171677827835,0.5172214508056641,-0.009142328053712845,0.1977820098400116,0.46334683895111084,-0.03443288803100586,0.21219974756240845,0.49227240681648254,-0.04182559624314308,0.2237468659877777,0.5254997611045837,-0.03730348125100136,0.17058256268501282,0.5296217799186707,-0.016969209536910057,0.16021999716758728,0.4699198007583618,-0.032857079058885574,0.15584923326969147,0.4248819053173065,-0.04099246487021446,0.1511019915342331,0.3858296275138855,-0.04340324178338051,0.14785481989383698,0.5552403926849365,-0.02626781351864338,0.11913860589265823,0.5226573348045349,-0.03408345580101013,0.10186419636011124,0.49975377321243286,-0.03713034838438034,0.08518769592046738,0.4757981598377228,-0.03911018744111061,h
0.20867183804512024,0.6771366596221924,1.2624663270344172e-07,0.23904728889465332,0.6441006064414978,-0.014498969539999962,0.25388801097869873,0.5846636891365051,-0.023406652733683586,0.2510380148887634,0.538601279258728,-0.031828027218580246,0.22390632331371307,0.5258166193962097,-0.03905409574508667,0.2250828742980957,0.5185328722000122,-0.003184441477060318,0.2254123091697693,0.4560486078262329,-0.01040224451571703,0.2255518138408661,0.4159003794193268,-0.014241192489862442,0.22349680960178375,0.38230758905410767,-0.01874104142189026,0.19836567342281342,0.5198345184326172,-0.008257726207375526,0.2004021406173706,0.4654836058616638,-0.033299364149570465,0.21419955790042877,0.49515414237976074,-0.04056728631258011,0.22592684626579285,0.5276821851730347,-0.035975176841020584,0.17220357060432434,0.5312864780426025,-0.0162038616836071,0.1628948301076889,0.4716184735298157,-0.032284725457429886,0.1592743843793869,0.4269585609436035,-0.04014037549495697,0.15517686307430267,0.3881523609161377,-0.0423680804669857,0.14924484491348267,0.5557895302772522,-0.025534112006425858,0.12057153135538101,0.5243788957595825,-0.03361361846327782,0.10299427062273026,0.5026083588600159,-0.036323513835668564,0.08602128177881241,0.47986775636672974,-0.03800131008028984,h
0.21122290194034576,0.6775999069213867,1.1483275841328577e-07,0.2414330691099167,0.6430811882019043,-0.013587839901447296,0.255961537361145,0.5841532945632935,-0.022335240617394447,0.2536081075668335,0.5386318564414978,-0.030458534136414528,0.2271358221769333,0.5262237787246704,-0.037490781396627426,0.2265298217535019,0.519162654876709,-0.0037806956097483635,0.22662471234798431,0.45655420422554016,-0.01091502420604229,0.22694821655750275,0.41705507040023804,-0.014824245125055313,0.22443708777427673,0.3832882344722748,-0.019312145188450813,0.2001250833272934,0.5208210349082947,-0.0086576659232378,0.2023356854915619,0.46662333607673645,-0.032922472804784775,0.21562255918979645,0.4983893930912018,-0.0395355150103569,0.22653423249721527,0.5321972370147705,-0.03477367386221886,0.1738203763961792,0.5322253704071045,-0.016211865469813347,0.16378483176231384,0.47513365745544434,-0.03170737996697426,0.16055430471897125,0.43150442838668823,-0.03946293145418167,0.15628975629806519,0.3927452266216278,-0.04181996360421181,0.15090033411979675,0.5561833381652832,-0.024922840297222137,0.1209661141037941,0.5247378349304199,-0.031838156282901764,0.10305257886648178,0.5034235715866089,-0.03383024409413338,0.08538390696048737,0.4807693064212799,-0.03531643748283386,h
0.2116771787405014,0.6775349378585815,1.4134705850210594e-07,0.24207350611686707,0.6433425545692444,-0.014833241701126099,0.25739604234695435,0.5844831466674805,-0.024893810972571373,0.25533390045166016,0.5381028056144714,-0.03438158705830574,0.22797459363937378,0.525024950504303,-0.04283003881573677,0.22677209973335266,0.5183079838752747,-0.004111892078071833,0.22698311507701874,0.4565029442310333,-0.011056472547352314,0.2270926833152771,0.41657885909080505,-0.014857899397611618,0.22454676032066345,0.38332122564315796,-0.019521743059158325,0.20027165114879608,0.520815372467041,-0.009059016592800617,0.2030068337917328,0.46591946482658386,-0.03351747244596481,0.2158793956041336,0.4974701404571533,-0.04060640186071396,0.22664940357208252,0.5302889943122864,-0.036284271627664566,0.17388464510440826,0.5324288010597229,-0.0168203916400671,0.16404476761817932,0.4750384986400604,-0.03219814971089363,0.16061970591545105,0.43193843960762024,-0.039973460137844086,0.15631620585918427,0.39351314306259155,-0.04263214021921158,0.15109404921531677,0.5569411516189575,-0.0259700957685709,0.12105145305395126,0.5261799693107605,-0.03362496197223663,0.10243389010429382,0.5051826238632202,-0.03637915477156639,0.08412235975265503,0.4825153052806854,-0.038460396230220795,h
0.21318382024765015,0.6773786544799805,1.4502016654205363e-07,0.24303647875785828,0.6434411406517029,-0.013872112147510052,0.2581000030040741,0.5846009254455566,-0.023266226053237915,0.256488561630249,0.5390028953552246,-0.03212828189134598,0.2302291989326477,0.5257565975189209,-0.040087394416332245,0.22625946998596191,0.519885241985321,-0.004494280554354191,0.2264978438615799,0.456948846578598,-0.011584597639739513,0.22662991285324097,0.4171156585216522,-0.015551043674349785,0.22393330931663513,0.3831290602684021,-0.020396584644913673,0.2007640153169632,0.522381067276001,-0.009818398393690586,0.20391494035720825,0.4645195007324219,-0.03458668291568756,0.21733051538467407,0.4947909116744995,-0.04224207252264023,0.22839802503585815,0.5278599262237549,-0.03843199834227562,0.17477095127105713,0.5345779061317444,-0.01770477555692196,0.1646522879600525,0.4763239622116089,-0.03318682685494423,0.16145287454128265,0.4330373704433441,-0.041235603392124176,0.15752309560775757,0.3949267268180847,-0.04412227123975754,0.15209698677062988,0.5592990517616272,-0.026828739792108536,0.12192825973033905,0.5274632573127747,-0.03442450985312462,0.10338651388883591,0.5059099197387695,-0.03725913539528847,0.08507625758647919,0.48323750495910645,-0.039488863199949265,h
0.21226055920124054,0.6772854328155518,1.3715754221266252e-07,0.24280180037021637,0.644615650177002,-0.014660989865660667,0.25856268405914307,0.585109293460846,-0.024606144055724144,0.2576141357421875,0.5375667214393616,-0.033946435898542404,0.23048105835914612,0.5254555344581604,-0.042262643575668335,0.2274620532989502,0.5187748670578003,-0.004381502978503704,0.2276739478111267,0.45695436000823975,-0.011412291787564754,0.22738739848136902,0.41704145073890686,-0.015244611538946629,0.22479993104934692,0.38359928131103516,-0.02000325731933117,0.2015472799539566,0.5211391448974609,-0.009333498775959015,0.20458756387233734,0.4646313190460205,-0.03402349725365639,0.2176211029291153,0.4963478446006775,-0.041007619351148605,0.22885656356811523,0.5295231938362122,-0.03652365505695343,0.17533323168754578,0.5328378677368164,-0.017024323344230652,0.16558592021465302,0.4749320149421692,-0.03256800398230553,0.16235359013080597,0.4321046471595764,-0.03999802842736244,0.15846487879753113,0.3942785859107971,-0.04231781139969826,0.15246465802192688,0.5575241446495056,-0.02608531154692173,0.12220411002635956,0.5266313552856445,-0.03383387252688408,0.10322196781635284,0.505616307258606,-0.03653132542967796,0.08455183357000351,0.4831700623035431,-0.03855283930897713,h
0.2142285406589508,0.6771841049194336,1.1398971366816113e-07,0.2450437843799591,0.6444109082221985,-0.013187986798584461,0.2599574029445648,0.5835639238357544,-0.021597206592559814,0.2586843967437744,0.5370369553565979,-0.029298782348632812,0.23205912113189697,0.5254244804382324,-0.03603971004486084,0.22829455137252808,0.519740879535675,-0.00423798942938447,0.22836551070213318,0.45708897709846497,-0.011431151069700718,0.22814993560314178,0.4176473617553711,-0.015569237992167473,0.2251758873462677,0.3833753168582916,-0.020629290491342545,0.20251132547855377,0.5215533971786499,-0.009622999466955662,0.20602411031723022,0.4639372229576111,-0.03513474017381668,0.21885335445404053,0.49734047055244446,-0.042531706392765045,0.2297554761171341,0.5324427485466003,-0.03813977167010307,0.1763022541999817,0.5331010818481445,-0.01749752089381218,0.1660778671503067,0.47548961639404297,-0.0332646481692791,0.1632462590932846,0.43215563893318176,-0.041017934679985046,0.1595611870288849,0.393094539642334,-0.043526541441679,0.1533723771572113,0.5572722554206848,-0.02652841992676258,0.12243707478046417,0.5263310074806213,-0.03372275084257126,0.10349832475185394,0.5051817297935486,-0.03605509176850319,0.0846879705786705,0.48205235600471497,-0.0379815548658371,h
0.2140728384256363,0.6777859926223755,1.1616563000416136e-07,0.24458938837051392,0.645695686340332,-0.013974783010780811,0.2604626715183258,0.5849915146827698,-0.022911373525857925,0.2596732974052429,0.5376976728439331,-0.031041985377669334,0.23318597674369812,0.526142418384552,-0.038083575665950775,0.22992999851703644,0.5188842415809631,-0.0035784810315817595,0.23064464330673218,0.4571973979473114,-0.010169987566769123,0.23030056059360504,0.4182366728782654,-0.013555275276303291,0.22693704068660736,0.3848230242729187,-0.018149232491850853,0.20418985188007355,0.520588755607605,-0.008722933009266853,0.2082596719264984,0.46299636363983154,-0.034008175134658813,0.2212345153093338,0.49726402759552,-0.040875159204006195,0.2321513295173645,0.5318465828895569,-0.035980693995952606,0.1776553839445114,0.531827986240387,-0.0165551844984293,0.16824941337108612,0.4745458960533142,-0.032359153032302856,0.16467100381851196,0.4316715896129608,-0.040090929716825485,0.16030524671077728,0.3923180103302002,-0.04254798963665962,0.15407533943653107,0.5553802251815796,-0.02562939003109932,0.12311563640832901,0.5255944132804871,-0.03327637165784836,0.10376619547605515,0.5056236982345581,-0.03603065386414528,0.0847439169883728,0.48248252272605896,-0.038162972778081894,h
0.2141454964876175,0.6781307458877563,1.2930627235618886e-07,0.24465849995613098,0.6459260582923889,-0.01385520864278078,0.2607017457485199,0.5845061540603638,-0.02257281355559826,0.25999191403388977,0.5374963283538818,-0.030477609485387802,0.23351970314979553,0.5265108346939087,-0.03724698722362518,0.22941014170646667,0.5188626646995544,-0.0034943395294249058,0.22959396243095398,0.4565933644771576,-0.010115783661603928,0.22954216599464417,0.41777467727661133,-0.013742252252995968,0.22645723819732666,0.3839144706726074,-0.01856735162436962,0.20351415872573853,0.5204389691352844,-0.008697638288140297,0.2081049680709839,0.4634895920753479,-0.03422972932457924,0.2222278118133545,0.49705639481544495,-0.041573360562324524,0.23368829488754272,0.5318117737770081,-0.03696104511618614,0.17716684937477112,0.5316544771194458,-0.01653186045587063,0.16714589297771454,0.47477445006370544,-0.032189156860113144,0.16433650255203247,0.4315475821495056,-0.04017214477062225,0.1606305092573166,0.39176565408706665,-0.04282866045832634,0.15415124595165253,0.5557336807250977,-0.025652151554822922,0.12325602024793625,0.5259166359901428,-0.033009085804224014,0.10416335612535477,0.5057851672172546,-0.03575725480914116,0.08519812673330307,0.4825785160064697,-0.0379369780421257,h
0.21436376869678497,0.6775438189506531,1.2150673001087853e-07,0.2452053725719452,0.645236611366272,-0.013817289844155312,0.26088088750839233,0.5850490927696228,-0.022499993443489075,0.25978362560272217,0.5386081337928772,-0.030379490926861763,0.2336062341928482,0.5266532301902771,-0.03722799941897392,0.2311258465051651,0.5193421840667725,-0.004082467872649431,0.23233479261398315,0.4573490619659424,-0.010791140608489513,0.2319648563861847,0.41825687885284424,-0.01427455898374319,0.228431835770607,0.3849193751811981,-0.018839852884411812,0.2052186131477356,0.5205389261245728,-0.009156174957752228,0.20909075438976288,0.46352747082710266,-0.03423900902271271,0.2226971983909607,0.49611157178878784,-0.04116247221827507,0.2341887652873993,0.5305182337760925,-0.03637269511818886,0.17856308817863464,0.5317035913467407,-0.01683158613741398,0.16882924735546112,0.4749208688735962,-0.03242332488298416,0.16606004536151886,0.4319966733455658,-0.04018639400601387,0.16253365576267242,0.393047571182251,-0.042636413127183914,0.15498493611812592,0.5555525422096252,-0.02573016658425331,0.12402002513408661,0.5262967944145203,-0.03310404345393181,0.10495583713054657,0.5060817003250122,-0.035737767815589905,0.0862211287021637,0.48315808176994324,-0.0377274751663208,h
0.21283937990665436,0.6779124736785889,1.0735410427287206e-07,0.2440120279788971,0.6466018557548523,-0.014670380391180515,0.25972896814346313,0.5883359909057617,-0.023412110283970833,0.2588704228401184,0.5415758490562439,-0.03098212741315365,0.23364706337451935,0.5277795791625977,-0.03738759458065033,0.233003169298172,0.5238322019577026,-0.006605500355362892,0.23414161801338196,0.4614986181259155,-0.014607089571654797,0.23446917533874512,0.4223021864891052,-0.018732743337750435,0.2320989966392517,0.3884197473526001,-0.02333962358534336,0.2070658951997757,0.5234990119934082,-0.01108323410153389,0.21132060885429382,0.4665021300315857,-0.036470457911491394,0.22421900928020477,0.49803683161735535,-0.043036483228206635,0.23529267311096191,0.5319265723228455,-0.03792973980307579,0.18029147386550903,0.5336678624153137,-0.018238982185721397,0.17162302136421204,0.47639238834381104,-0.034255251288414,0.16787447035312653,0.43262654542922974,-0.04198885336518288,0.16403712332248688,0.3930215835571289,-0.04422372952103615,0.15619942545890808,0.5564058423042297,-0.02667221985757351,0.12648579478263855,0.5273097157478333,-0.03416271135210991,0.10809363424777985,0.5066567063331604,-0.03661029785871506,0.09023973345756531,0.48380059003829956,-0.03829456865787506,h
0.21385426819324493,0.6779608726501465,5.604767139288924e-08,0.24338342249393463,0.6431031227111816,-0.01114052627235651,0.25825586915016174,0.5857143402099609,-0.016981981694698334,0.25334957242012024,0.5426887273788452,-0.0223560631275177,0.2268097996711731,0.5306912064552307,-0.02692463994026184,0.23595431447029114,0.5214470624923706,-0.002082698978483677,0.23634102940559387,0.4615267217159271,-0.008887287229299545,0.23699155449867249,0.422507107257843,-0.013308600522577763,0.23649153113365173,0.38910168409347534,-0.01790081523358822,0.20853695273399353,0.521624743938446,-0.006791692692786455,0.20767013728618622,0.4693358242511749,-0.026863614097237587,0.21500755846500397,0.4948471784591675,-0.03296748921275139,0.2221854329109192,0.5237823724746704,-0.029497258365154266,0.18134087324142456,0.5318633913993835,-0.013999338261783123,0.17366795241832733,0.4716825783252716,-0.027406109496951103,0.17060081660747528,0.4304512143135071,-0.03497171401977539,0.16766077280044556,0.39478182792663574,-0.0377751886844635,0.1571355164051056,0.5542266368865967,-0.022149907425045967,0.12986038625240326,0.521674633026123,-0.029062656685709953,0.11393021047115326,0.5003380179405212,-0.031389523297548294,0.09934473782777786,0.478975772857666,-0.032914966344833374,h
0.20923714339733124,0.6799420118331909,-3.7027350074936294e-09,0.23848454654216766,0.6468592882156372,-0.015098840929567814,0.25136443972587585,0.5912492871284485,-0.02194502018392086,0.24252203106880188,0.5472602248191833,-0.027136091142892838,0.2149769812822342,0.529279351234436,-0.03163255751132965,0.24259771406650543,0.5260190963745117,-0.005901578348129988,0.24463140964508057,0.4660966694355011,-0.013699227944016457,0.24483273923397064,0.4292450249195099,-0.019414475187659264,0.24422255158424377,0.3943142294883728,-0.024972809478640556,0.21468707919120789,0.5272156000137329,-0.008234457112848759,0.2084401547908783,0.47831711173057556,-0.02926957607269287,0.2069801688194275,0.5011576414108276,-0.03768298774957657,0.20821523666381836,0.5274649858474731,-0.03608526661992073,0.18839743733406067,0.5398685336112976,-0.013070181012153625,0.18437418341636658,0.477321982383728,-0.030048657208681107,0.17912158370018005,0.4321182370185852,-0.039662450551986694,0.17402534186840057,0.3926753103733063,-0.04308650270104408,0.1647668033838272,0.5626201033592224,-0.018550660461187363,0.14518168568611145,0.5245762467384338,-0.029470302164554596,0.13317754864692688,0.4999399483203888,-0.03266597539186478,0.1221228614449501,0.4754942059516907,-0.033949531614780426,h
0.2059004157781601,0.6850665807723999,2.241531582569678e-08,0.23547902703285217,0.6547147631645203,-0.018857378512620926,0.24863970279693604,0.6000421047210693,-0.02714810147881508,0.23894505202770233,0.5532352328300476,-0.032989125698804855,0.21340060234069824,0.5298901796340942,-0.037634607404470444,0.2456595003604889,0.5322657823562622,-0.008742629550397396,0.25130096077919006,0.47371405363082886,-0.017411107197403908,0.2521092891693115,0.43666189908981323,-0.02426080033183098,0.2528350353240967,0.40275782346725464,-0.030618319287896156,0.21793913841247559,0.5287071466445923,-0.008910439908504486,0.21174004673957825,0.4768335521221161,-0.028769033029675484,0.21015892922878265,0.49775800108909607,-0.03656851127743721,0.2128966599702835,0.5243281722068787,-0.03501928225159645,0.19186873733997345,0.5379357933998108,-0.011966909281909466,0.18733535706996918,0.4730284810066223,-0.02703344263136387,0.1837308406829834,0.4318088889122009,-0.034986138343811035,0.18099656701087952,0.39690160751342773,-0.03766506165266037,0.1685972958803177,0.560181200504303,-0.016390006989240646,0.1505749523639679,0.5204476714134216,-0.025940995663404465,0.1398531198501587,0.4937945306301117,-0.029045917093753815,0.13044250011444092,0.4683161973953247,-0.03044227510690689,h
0.20615187287330627,0.6830800771713257,6.17036661765269e-08,0.23591706156730652,0.6518976092338562,-0.020368967205286026,0.24801678955554962,0.5948670506477356,-0.02785802073776722,0.23618999123573303,0.5493603348731995,-0.03258872777223587,0.20901337265968323,0.5265907645225525,-0.035841360688209534,0.24887403845787048,0.5334640145301819,-0.00809198897331953,0.253794401884079,0.47236689925193787,-0.015973754227161407,0.2560853064060211,0.43439042568206787,-0.022631695494055748,0.2578328251838684,0.3993016481399536,-0.028965575620532036,0.22095522284507751,0.5295695066452026,-0.007292980793863535,0.2123159021139145,0.47960489988327026,-0.025809304788708687,0.21099668741226196,0.49612998962402344,-0.033554479479789734,0.21280145645141602,0.5209236145019531,-0.03216240555047989,0.19477102160453796,0.5387015342712402,-0.009644024074077606,0.18952465057373047,0.4756237268447876,-0.024534238502383232,0.1884506344795227,0.43393826484680176,-0.033545125275850296,0.18729276955127716,0.39598917961120605,-0.036971256136894226,0.17219555377960205,0.559923529624939,-0.013481950387358665,0.15794843435287476,0.5246207118034363,-0.022739293053746223,0.15012791752815247,0.5009171366691589,-0.025924768298864365,0.14274150133132935,0.477028489112854,-0.02751867286860943,h
0.20429985225200653,0.6839823126792908,2.607095161977213e-08,0.23267054557800293,0.6567224264144897,-0.019448090344667435,0.24668285250663757,0.6003257036209106,-0.026553427800536156,0.2362290322780609,0.5535082221031189,-0.03110792301595211,0.20919202268123627,0.530439555644989,-0.0340753011405468,0.25062477588653564,0.5369932055473328,-0.008345324546098709,0.2548673450946808,0.4741020202636719,-0.016255641356110573,0.25621291995048523,0.4359157681465149,-0.022691387683153152,0.25703567266464233,0.4002512991428375,-0.02890237420797348,0.22357341647148132,0.5306545495986938,-0.00791817158460617,0.2157554179430008,0.4813988208770752,-0.026491327211260796,0.2139318287372589,0.4985814392566681,-0.03359537944197655,0.21476687490940094,0.5224691033363342,-0.03191778436303139,0.19764535129070282,0.5372136831283569,-0.010562751442193985,0.19175375998020172,0.47529083490371704,-0.025181351229548454,0.19014419615268707,0.4340026378631592,-0.03357940912246704,0.18848291039466858,0.3971766233444214,-0.03674304112792015,0.17491938173770905,0.5559645295143127,-0.014744186773896217,0.15966248512268066,0.519831657409668,-0.023891305550932884,0.1504550576210022,0.4971734285354614,-0.02693050168454647,0.14173686504364014,0.4753865599632263,-0.02839381992816925,h
0.20324495434761047,0.683314323425293,2.0418990942516757e-08,0.23210282623767853,0.6572112441062927,-0.023196695372462273,0.24706801772117615,0.6021577715873718,-0.031855277717113495,0.2359226644039154,0.5544768571853638,-0.03736839443445206,0.20843510329723358,0.5295270085334778,-0.040977101773023605,0.2544078528881073,0.5364112854003906,-0.008413533680140972,0.25771063566207886,0.47403204441070557,-0.016465263441205025,0.2586823105812073,0.4359560012817383,-0.02325465902686119,0.25963693857192993,0.401228129863739,-0.029687168076634407,0.2261027693748474,0.5292677283287048,-0.006955383345484734,0.21850432455539703,0.4827200770378113,-0.027651365846395493,0.21436375379562378,0.508686363697052,-0.035080522298812866,0.21335187554359436,0.5379923582077026,-0.03229041025042534,0.19961585104465485,0.5349422693252563,-0.00920792669057846,0.1941772997379303,0.47552210092544556,-0.02448524720966816,0.1923772245645523,0.4339269995689392,-0.03319517523050308,0.19036085903644562,0.39525580406188965,-0.03614465519785881,0.1764809489250183,0.553710401058197,-0.013431848026812077,0.1631263792514801,0.5184909701347351,-0.021626373752951622,0.15583857893943787,0.49818548560142517,-0.023565586656332016,0.1484004557132721,0.4788026809692383,-0.024251431226730347,h
0.2049889713525772,0.6823605895042419,4.559818478355737e-08,0.23268036544322968,0.6568770408630371,-0.022554799914360046,0.24703627824783325,0.6011433601379395,-0.030306793749332428,0.23478883504867554,0.5533400177955627,-0.03507586196064949,0.2071705013513565,0.5292463302612305,-0.03831150382757187,0.2559380531311035,0.5355808734893799,-0.008611087687313557,0.26130595803260803,0.4753940999507904,-0.015787050127983093,0.261923223733902,0.43764352798461914,-0.022526446729898453,0.26269420981407166,0.40317392349243164,-0.029261713847517967,0.22675932943820953,0.5277212262153625,-0.006618708837777376,0.21589858829975128,0.4748888909816742,-0.0227051991969347,0.20813190937042236,0.48209595680236816,-0.031153550371527672,0.20447218418121338,0.4956146478652954,-0.03169548884034157,0.20031403005123138,0.5346956253051758,-0.00770806148648262,0.1965780109167099,0.474731981754303,-0.021055223420262337,0.19403916597366333,0.4338139295578003,-0.03008119761943817,0.1912849396467209,0.3968780040740967,-0.03427333012223244,0.17719615995883942,0.5539408922195435,-0.01067408174276352,0.16543278098106384,0.5182533264160156,-0.020184079185128212,0.15827816724777222,0.4964711666107178,-0.02373993955552578,0.1521010845899582,0.4760080575942993,-0.025448506698012352,h
0.20430804789066315,0.679499626159668,2.5240121104275204e-08,0.2317505031824112,0.6554068326950073,-0.026278093457221985,0.24581904709339142,0.601682722568512,-0.03630177676677704,0.23350092768669128,0.5554556250572205,-0.04256421700119972,0.2072119116783142,0.5290794372558594,-0.04649815708398819,0.2583741247653961,0.533160924911499,-0.008785272017121315,0.2624613344669342,0.4751669764518738,-0.0178498737514019,0.2624724507331848,0.4375431537628174,-0.025422506034374237,0.26361310482025146,0.40354979038238525,-0.03240680694580078,0.22902218997478485,0.5243973731994629,-0.006220684852451086,0.22187283635139465,0.47439202666282654,-0.02820090390741825,0.21472860872745514,0.5042577385902405,-0.035905852913856506,0.21303175389766693,0.5368678569793701,-0.03276064619421959,0.20191170275211334,0.5292052626609802,-0.007877468131482601,0.19952887296676636,0.4706457257270813,-0.023262791335582733,0.19736714661121368,0.430292010307312,-0.031522251665592194,0.19625721871852875,0.3920895457267761,-0.03400876373052597,0.1785096973180771,0.5478821396827698,-0.011920851655304432,0.1680249571800232,0.5140838623046875,-0.01955125667154789,0.16231776773929596,0.49316638708114624,-0.021368326619267464,0.15754835307598114,0.471068412065506,-0.022110914811491966,h
0.20433896780014038,0.678546667098999,1.7840017463299773e-08,0.23243293166160583,0.6560681462287903,-0.02624186873435974,0.2463168501853943,0.602523922920227,-0.036102768033742905,0.23354069888591766,0.5554001927375793,-0.04214821755886078,0.20743821561336517,0.5293416380882263,-0.04594939947128296,0.25864243507385254,0.5349521636962891,-0.009453250095248222,0.2631934583187103,0.4757974445819855,-0.018747791647911072,0.263171523809433,0.4375002980232239,-0.026516631245613098,0.26440006494522095,0.40332067012786865,-0.03363306447863579,0.22985953092575073,0.5258016586303711,-0.006761652883142233,0.222926065325737,0.4751720726490021,-0.02939656935632229,0.21432320773601532,0.504021167755127,-0.037870485335588455,0.21146908402442932,0.5357983708381653,-0.03520600497722626,0.20311923325061798,0.5299622416496277,-0.008116164244711399,0.20061476528644562,0.4716757535934448,-0.02365521900355816,0.1985575258731842,0.4315139949321747,-0.03236597403883934,0.19736476242542267,0.3938024044036865,-0.03513554483652115,0.179763525724411,0.547838032245636,-0.011820674873888493,0.16967426240444183,0.5135542750358582,-0.01920202374458313,0.16485905647277832,0.4936620891094208,-0.021035917103290558,0.16081981360912323,0.4734356701374054,-0.021809596568346024,h
0.20376944541931152,0.6771048307418823,6.17393602908578e-09,0.23169338703155518,0.6531350016593933,-0.024162515997886658,0.24669481813907623,0.5996930599212646,-0.033054400235414505,0.23302200436592102,0.5537123680114746,-0.03835228830575943,0.20661567151546478,0.5284456610679626,-0.041600435972213745,0.2586718797683716,0.5339230895042419,-0.00907648354768753,0.26292872428894043,0.4747101664543152,-0.01820785365998745,0.2636997103691101,0.4362899661064148,-0.025653962045907974,0.2650548219680786,0.4016508460044861,-0.032427918165922165,0.22994227707386017,0.5250751972198486,-0.0071157850325107574,0.2211979329586029,0.47812122106552124,-0.02890966087579727,0.2128702700138092,0.5050176978111267,-0.03723326697945595,0.20971272885799408,0.5338013172149658,-0.03498755395412445,0.20343510806560516,0.5294803977012634,-0.008960090577602386,0.19974413514137268,0.4713045358657837,-0.025293933227658272,0.19799557328224182,0.4309450089931488,-0.03443397209048271,0.19707980751991272,0.39236879348754883,-0.03741776570677757,0.1804286688566208,0.5472117066383362,-0.012736433185636997,0.17049182951450348,0.5119448900222778,-0.02139422483742237,0.166261687874794,0.4910237789154053,-0.02355150133371353,0.16264230012893677,0.46957793831825256,-0.02432476542890072,h
0.2037433236837387,0.6762337684631348,5.744219322423305e-09,0.23193420469760895,0.6524434089660645,-0.024027612060308456,0.24624300003051758,0.5993666052818298,-0.0328742116689682,0.2326027899980545,0.5542393922805786,-0.038129646331071854,0.20735250413417816,0.528128981590271,-0.04134877398610115,0.25834015011787415,0.5334464311599731,-0.009188256226480007,0.2631545662879944,0.4745630621910095,-0.018673842772841454,0.2638114094734192,0.43640878796577454,-0.02645137347280979,0.2654252052307129,0.4020719528198242,-0.03344797343015671,0.229800745844841,0.524169921875,-0.007420809008181095,0.22180092334747314,0.47538983821868896,-0.02974568121135235,0.2133312076330185,0.5032435655593872,-0.038211021572351456,0.21026471257209778,0.5344674587249756,-0.0359344519674778,0.20309659838676453,0.5284433364868164,-0.00947905145585537,0.20007888972759247,0.4696989357471466,-0.02564256265759468,0.1978422850370407,0.42998188734054565,-0.03447926789522171,0.19667339324951172,0.3929098844528198,-0.03729119151830673,0.17974704504013062,0.5467188358306885,-0.013533195480704308,0.17027829587459564,0.5115624070167542,-0.021910617128014565,0.16589005291461945,0.4901618957519531,-0.024025017395615578,0.1620243489742279,0.4681936502456665,-0.024858899414539337,h
0.20167113840579987,0.67326420545578,-7.024432591151708e-09,0.2294861227273941,0.6512370705604553,-0.024168672040104866,0.24549809098243713,0.5994970798492432,-0.03280298411846161,0.23297928273677826,0.5548756122589111,-0.0376339927315712,0.20799008011817932,0.5281639695167542,-0.04034505784511566,0.2584640383720398,0.5322674512863159,-0.009098575450479984,0.2628727853298187,0.4731613099575043,-0.01838749274611473,0.2632644474506378,0.43553411960601807,-0.02581464871764183,0.2654031217098236,0.40140533447265625,-0.032508525997400284,0.23056036233901978,0.5228409171104431,-0.007425767835229635,0.22386544942855835,0.47273141145706177,-0.030154015868902206,0.213595911860466,0.5022035837173462,-0.03850763291120529,0.20975859463214874,0.5347937345504761,-0.03574972599744797,0.20402054488658905,0.5269319415092468,-0.009604355320334435,0.2016472965478897,0.46835315227508545,-0.02615346573293209,0.1986280232667923,0.4276732802391052,-0.035200152546167374,0.19763311743736267,0.3895520269870758,-0.03798070549964905,0.18073855340480804,0.5449393391609192,-0.013730701990425587,0.17179074883460999,0.5102035403251648,-0.0222773514688015,0.16748978197574615,0.4888348877429962,-0.024327246472239494,0.16404807567596436,0.4670165777206421,-0.025058958679437637,h
0.1993834376335144,0.6714471578598022,-3.7588854251424664e-10,0.22809560596942902,0.6501160264015198,-0.023800723254680634,0.2442568689584732,0.5995714664459229,-0.03229152038693428,0.2314833402633667,0.5540285706520081,-0.037057824432849884,0.20669160783290863,0.5273230671882629,-0.03975506126880646,0.25683873891830444,0.5322819352149963,-0.009868595749139786,0.26251065731048584,0.47324690222740173,-0.019955962896347046,0.2635653614997864,0.43494343757629395,-0.028301451355218887,0.26566556096076965,0.3997017443180084,-0.035561684519052505,0.2286779135465622,0.522095799446106,-0.008070535026490688,0.22134102880954742,0.4726814031600952,-0.030924830585718155,0.2112705558538437,0.49778157472610474,-0.040216054767370224,0.20714060962200165,0.5272156000137329,-0.038480374962091446,0.2020963579416275,0.5254570841789246,-0.009903830476105213,0.19986623525619507,0.468131422996521,-0.02705838344991207,0.1967836618423462,0.42572057247161865,-0.03690313920378685,0.1952369660139084,0.387451708316803,-0.040036916732788086,0.17913363873958588,0.5429510474205017,-0.013552249409258366,0.1709761768579483,0.5074018836021423,-0.022408034652471542,0.16663718223571777,0.4855532646179199,-0.024590259417891502,0.16258779168128967,0.4645196497440338,-0.025189945474267006,h
0.19816452264785767,0.6676390171051025,1.2226960777184104e-08,0.22635415196418762,0.6455439329147339,-0.02359319105744362,0.24159419536590576,0.5952253937721252,-0.03218233212828636,0.22858873009681702,0.5515154004096985,-0.037159182131290436,0.20447243750095367,0.5258039832115173,-0.040072519332170486,0.2540339529514313,0.5271886587142944,-0.00964332465082407,0.25983110070228577,0.4688279628753662,-0.019634831696748734,0.26100772619247437,0.43090930581092834,-0.027500096708536148,0.2630297541618347,0.39675962924957275,-0.0342867411673069,0.22640489041805267,0.5179803371429443,-0.007964792661368847,0.2185603380203247,0.46673667430877686,-0.030737251043319702,0.20992594957351685,0.49385613203048706,-0.03906021639704704,0.20745795965194702,0.5261586904525757,-0.03646380826830864,0.20003782212734222,0.5222966074943542,-0.01000719889998436,0.19791483879089355,0.465069979429245,-0.02657175064086914,0.1948694884777069,0.4244838356971741,-0.035076770931482315,0.19400867819786072,0.38772302865982056,-0.03725441172719002,0.17669789493083954,0.5410891175270081,-0.01398429460823536,0.1683407723903656,0.5062527656555176,-0.02263571135699749,0.16319318115711212,0.48397696018218994,-0.024605588987469673,0.15860532224178314,0.461527019739151,-0.024991475045681,h
0.19837744534015656,0.6704938411712646,6.0039857530114205e-09,0.22631874680519104,0.648542046546936,-0.025243816897273064,0.24128848314285278,0.5960077047348022,-0.03408622369170189,0.22852551937103271,0.5510210394859314,-0.038848262280225754,0.2038794904947281,0.5232235193252563,-0.04134552925825119,0.2534273564815521,0.5280190110206604,-0.01000653300434351,0.2584739923477173,0.4699646830558777,-0.0197654590010643,0.2586660087108612,0.4317474365234375,-0.02776370197534561,0.260464608669281,0.39744627475738525,-0.034788474440574646,0.22556796669960022,0.5179055333137512,-0.0074966284446418285,0.21889612078666687,0.46571463346481323,-0.029735684394836426,0.20938414335250854,0.49404004216194153,-0.03756926208734512,0.20600827038288116,0.52836012840271,-0.034543298184871674,0.19917501509189606,0.5219459533691406,-0.008959108032286167,0.1983652561903,0.4632616639137268,-0.02481437660753727,0.1950194090604782,0.4235025644302368,-0.03317348286509514,0.19330358505249023,0.38687947392463684,-0.03543110564351082,0.1760880947113037,0.5408549308776855,-0.012542500160634518,0.16780707240104675,0.5069003701210022,-0.020589077845215797,0.1626821756362915,0.4841041564941406,-0.02264588139951229,0.1579187661409378,0.46002206206321716,-0.02335522510111332,h
0.19833481311798096,0.6708899736404419,3.717045837792199e-10,0.22643344104290009,0.6500697731971741,-0.02529299259185791,0.24127811193466187,0.5983653664588928,-0.03450934961438179,0.22905540466308594,0.5525212287902832,-0.03967687115073204,0.2046547532081604,0.5242120623588562,-0.04269704222679138,0.25373363494873047,0.5308400988578796,-0.01080432627350092,0.2586958110332489,0.47183936834335327,-0.020936865359544754,0.2592138648033142,0.4329150915145874,-0.028953975066542625,0.2611197233200073,0.398281991481781,-0.03594895452260971,0.2263631820678711,0.5201966166496277,-0.008267885074019432,0.2200116366147995,0.46819832921028137,-0.030840648338198662,0.2092953622341156,0.4960668087005615,-0.038718435913324356,0.20494018495082855,0.5289872884750366,-0.03582426533102989,0.19991391897201538,0.5230718851089478,-0.009688343852758408,0.1982717514038086,0.4650324583053589,-0.025969386100769043,0.19475245475769043,0.4249493479728699,-0.03463592007756233,0.19277171790599823,0.3880574107170105,-0.03725261241197586,0.17704026401042938,0.5404421091079712,-0.013158394023776054,0.16780641674995422,0.5067272782325745,-0.021215997636318207,0.16310317814350128,0.48509934544563293,-0.023253705352544785,0.15866048634052277,0.4624584913253784,-0.02413078583776951,h
0.20022302865982056,0.674338161945343,1.4643029899730209e-08,0.22804974019527435,0.6522847414016724,-0.02449774742126465,0.24227668344974518,0.5977320671081543,-0.03232303261756897,0.22926460206508636,0.5521003603935242,-0.03628804162144661,0.204056516289711,0.5262476801872253,-0.037881385535001755,0.2544720470905304,0.5309203267097473,-0.007502706255763769,0.2595316469669342,0.47156232595443726,-0.01631755754351616,0.2600502669811249,0.43283089995384216,-0.023876044899225235,0.2621667683124542,0.3982695937156677,-0.030629673972725868,0.22715060412883759,0.5214150547981262,-0.005153324920684099,0.21934828162193298,0.4680529236793518,-0.0269220769405365,0.2094874083995819,0.4935678243637085,-0.035183534026145935,0.20594310760498047,0.5256836414337158,-0.03232308104634285,0.20078548789024353,0.5249031186103821,-0.0067615807056427,0.19798776507377625,0.4660099744796753,-0.022069565951824188,0.1951632797718048,0.425448477268219,-0.0307565126568079,0.19395789504051208,0.3885995149612427,-0.03314169868826866,0.17799235880374908,0.5424602031707764,-0.010544908232986927,0.1685716211795807,0.5074949860572815,-0.01815645396709442,0.16294239461421967,0.4852265417575836,-0.020163284614682198,0.15780097246170044,0.4629131555557251,-0.020733896642923355,h
0.2022615522146225,0.678432285785675,3.117206048841581e-09,0.23122486472129822,0.6541782021522522,-0.023390552029013634,0.24555431306362152,0.598351001739502,-0.030675463378429413,0.23230144381523132,0.5525833964347839,-0.03434101119637489,0.20598743855953217,0.528741717338562,-0.03560425341129303,0.25699999928474426,0.5340661406517029,-0.006123238708823919,0.2621558606624603,0.4746464490890503,-0.014286313205957413,0.26244014501571655,0.4363096058368683,-0.02124394290149212,0.26426029205322266,0.40153247117996216,-0.02760174497961998,0.2290894240140915,0.5251556634902954,-0.004230069927871227,0.22156399488449097,0.4731580913066864,-0.025614766404032707,0.21291851997375488,0.4992562532424927,-0.03353448584675789,0.20981818437576294,0.5309736728668213,-0.030289102345705032,0.20251807570457458,0.5289705991744995,-0.0061722006648778915,0.1991053968667984,0.4702207148075104,-0.02126089483499527,0.19676004350185394,0.4286934733390808,-0.02969437465071678,0.19579435884952545,0.39039450883865356,-0.031802259385585785,0.17942525446414948,0.5463330745697021,-0.010189567692577839,0.16900160908699036,0.5112860202789307,-0.017216235399246216,0.1633903831243515,0.4898340106010437,-0.018566830083727837,0.15842032432556152,0.46845561265945435,-0.01864549331367016,h
0.20375530421733856,0.6814869046211243,1.047466557935195e-08,0.23235207796096802,0.6582549214363098,-0.02320968732237816,0.24683839082717896,0.6028532981872559,-0.03098277747631073,0.23423928022384644,0.5559853911399841,-0.03534067049622536,0.2084093987941742,0.5303651094436646,-0.03754506632685661,0.2568378448486328,0.537631094455719,-0.007785914931446314,0.26293906569480896,0.47682344913482666,-0.016763601452112198,0.26375940442085266,0.4382486343383789,-0.024310700595378876,0.2659868896007538,0.4036155939102173,-0.031107774004340172,0.22930178046226501,0.5292197465896606,-0.006068607792258263,0.22102844715118408,0.47695082426071167,-0.028255850076675415,0.21246105432510376,0.49818867444992065,-0.037367597222328186,0.20959851145744324,0.5264652371406555,-0.035335347056388855,0.20320676267147064,0.533708930015564,-0.007940457202494144,0.1994360387325287,0.4738519489765167,-0.024095164611935616,0.19715163111686707,0.4321744441986084,-0.03303499519824982,0.19683973491191864,0.39452439546585083,-0.03548239544034004,0.18088752031326294,0.551367998123169,-0.011775655671954155,0.17022141814231873,0.5145837664604187,-0.020490020513534546,0.1640198528766632,0.49219900369644165,-0.022671697661280632,0.15877048671245575,0.4706913232803345,-0.02304474450647831,h
0.21700648963451385,0.6919748187065125,1.4853378971224629e-08,0.2473384290933609,0.6634965538978577,-0.01767953298985958,0.260387122631073,0.6073012351989746,-0.023694926872849464,0.24603678286075592,0.5647410154342651,-0.027609044685959816,0.21933907270431519,0.5429009199142456,-0.030003245919942856,0.26292628049850464,0.5516346096992493,-0.007363235577940941,0.26986828446388245,0.4894832372665405,-0.014726554043591022,0.2716825008392334,0.45144328474998474,-0.020228344947099686,0.2735494375228882,0.4173084497451782,-0.02562958002090454,0.23592275381088257,0.5451022982597351,-0.007642718963325024,0.22888623178005219,0.4982042610645294,-0.025727538391947746,0.22827066481113434,0.5123631358146667,-0.032292354851961136,0.22962477803230286,0.535493791103363,-0.030294477939605713,0.21074265241622925,0.5518093109130859,-0.010804396122694016,0.20541271567344666,0.4906660318374634,-0.02502966858446598,0.20495890080928802,0.4484565258026123,-0.032791078090667725,0.2050279974937439,0.41117292642593384,-0.035459570586681366,0.18934397399425507,0.5715106129646301,-0.015376335941255093,0.17579396069049835,0.5361863970756531,-0.024407532066106796,0.16861002147197723,0.5114014744758606,-0.02723611518740654,0.16209331154823303,0.4862883687019348,-0.028441760689020157,h
0.21797722578048706,0.6949056386947632,9.355311192393856e-08,0.24641293287277222,0.6674351692199707,-0.02007131651043892,0.26073992252349854,0.6142935752868652,-0.027027003467082977,0.24969732761383057,0.5681403875350952,-0.031589169055223465,0.22374962270259857,0.5446864366531372,-0.035012003034353256,0.26512017846107483,0.5578157901763916,-0.013099799863994122,0.27248477935791016,0.493247926235199,-0.020321857184171677,0.2735903859138489,0.4546410143375397,-0.0262557752430439,0.2751709818840027,0.42003828287124634,-0.03223145380616188,0.23731514811515808,0.5491384863853455,-0.011640360578894615,0.2244647890329361,0.4928390681743622,-0.020298505201935768,0.21505755186080933,0.47124844789505005,-0.026013333350419998,0.2107517421245575,0.4574686288833618,-0.02919931337237358,0.21304666996002197,0.5550699234008789,-0.012706155888736248,0.20739604532718658,0.4936738908290863,-0.02252296544611454,0.20835165679454803,0.45562639832496643,-0.028334809467196465,0.21050266921520233,0.4226973056793213,-0.03250545263290405,0.19239947199821472,0.5728257894515991,-0.015723884105682373,0.1783817857503891,0.536042332649231,-0.026250727474689484,0.16928228735923767,0.5111788511276245,-0.030104219913482666,0.1618436574935913,0.4891441762447357,-0.03239605948328972,h
0.22046542167663574,0.698624849319458,8.976054566289804e-09,0.24896672368049622,0.6732354760169983,-0.016463978216052055,0.2642689049243927,0.6190057992935181,-0.021929463371634483,0.25551164150238037,0.5728552937507629,-0.025369061157107353,0.22924645245075226,0.5495442748069763,-0.02768755331635475,0.2683008909225464,0.5603572130203247,-0.007956120185554028,0.27438920736312866,0.4995659291744232,-0.015177120454609394,0.2752404808998108,0.4625096619129181,-0.021015165373682976,0.276204913854599,0.4285973310470581,-0.02671371027827263,0.24218758940696716,0.5520955324172974,-0.008108123205602169,0.2353896051645279,0.5045127868652344,-0.022934148088097572,0.23204077780246735,0.5117998123168945,-0.029107077047228813,0.23154217004776,0.5273496508598328,-0.028596799820661545,0.2166472226381302,0.5575409531593323,-0.01078046765178442,0.21237701177597046,0.49690350890159607,-0.023822685703635216,0.21021518111228943,0.4564223885536194,-0.03162623196840286,0.20837470889091492,0.4214993119239807,-0.03520749509334564,0.19384895265102386,0.5759614706039429,-0.014607028104364872,0.179993137717247,0.5412240624427795,-0.023815037682652473,0.17192664742469788,0.5182282328605652,-0.026855941861867905,0.1640334576368332,0.4970838129520416,-0.02840626798570156,h
0.22810591757297516,0.709254801273346,2.0954381341198314e-08,0.2572927474975586,0.6840816736221313,-0.01658487878739834,0.272716224193573,0.6289618611335754,-0.022224370390176773,0.266671359539032,0.5826588869094849,-0.026426037773489952,0.24101772904396057,0.5593198537826538,-0.02952984906733036,0.27295559644699097,0.5707460045814514,-0.005508160684257746,0.2808590829372406,0.509203314781189,-0.012159327045083046,0.28363505005836487,0.47201746702194214,-0.017794450744986534,0.2860361337661743,0.43839672207832336,-0.023513188585639,0.24904373288154602,0.5631780028343201,-0.005845900624990463,0.24154317378997803,0.518122136592865,-0.021047387272119522,0.23981142044067383,0.5243597030639648,-0.027495523914694786,0.2403494268655777,0.5388839840888977,-0.027087807655334473,0.2253614366054535,0.5682929158210754,-0.008928892202675343,0.2203925997018814,0.5100839138031006,-0.021547887474298477,0.22051109373569489,0.47123128175735474,-0.028514228761196136,0.22086402773857117,0.4370822310447693,-0.03150155395269394,0.20451775193214417,0.5857090353965759,-0.013483954593539238,0.18939483165740967,0.552017331123352,-0.022626828402280807,0.18161135911941528,0.5277072787284851,-0.025930436328053474,0.17470885813236237,0.5041510462760925,-0.027607565745711327,h
0.22947733104228973,0.7115991115570068,5.763292065807946e-09,0.26033762097358704,0.6869603395462036,-0.016161758452653885,0.27755460143089294,0.6299562454223633,-0.021133417263627052,0.2702547013759613,0.5820151567459106,-0.02445671521127224,0.2430819720029831,0.5603619813919067,-0.02670849673449993,0.2788116931915283,0.5735148191452026,-0.004138917196542025,0.28517794609069824,0.5125501155853271,-0.00900693517178297,0.2874186038970947,0.4759991466999054,-0.013410352170467377,0.2890101373195648,0.44295749068260193,-0.018502138555049896,0.253388911485672,0.5667760968208313,-0.0040969266556203365,0.2445603758096695,0.5220522880554199,-0.019710805267095566,0.2424987256526947,0.5343563556671143,-0.026395374909043312,0.24272364377975464,0.5542385578155518,-0.025243941694498062,0.2288694530725479,0.5716077089309692,-0.006586204282939434,0.22267265617847443,0.5131993889808655,-0.018604153767228127,0.22350183129310608,0.47306540608406067,-0.02598513476550579,0.22400721907615662,0.4387314021587372,-0.029018567875027657,0.20734640955924988,0.5882558822631836,-0.010474166832864285,0.19122061133384705,0.5542052388191223,-0.018815679475665092,0.1824181228876114,0.5305995345115662,-0.022101692855358124,0.17435316741466522,0.5086547136306763,-0.023730438202619553,h
0.23262763023376465,0.7157013416290283,3.329441966570812e-08,0.2634277045726776,0.6870533227920532,-0.014348939061164856,0.2788231074810028,0.6366047263145447,-0.020770438015460968,0.27283668518066406,0.5882030725479126,-0.025864997878670692,0.24975663423538208,0.5670489072799683,-0.02993655577301979,0.278434693813324,0.5804871320724487,-0.00925096869468689,0.28625398874282837,0.5178844332695007,-0.01618282124400139,0.2893223762512207,0.47925177216529846,-0.019675489515066147,0.2908742427825928,0.44891420006752014,-0.023096641525626183,0.2550120949745178,0.5725375413894653,-0.009433260187506676,0.2516286075115204,0.5275309085845947,-0.021484119817614555,0.2509717643260956,0.5364407300949097,-0.022802114486694336,0.25327393412590027,0.5462698936462402,-0.019551966339349747,0.23167021572589874,0.576047420501709,-0.01214827224612236,0.2270834743976593,0.5157039761543274,-0.022944824770092964,0.2265547662973404,0.47841039299964905,-0.02714836411178112,0.22625692188739777,0.4448287785053253,-0.029026074334979057,0.20886144042015076,0.5924080610275269,-0.016158001497387886,0.19153273105621338,0.5566323399543762,-0.02453109435737133,0.1825699508190155,0.5327302813529968,-0.02734142355620861,0.1745452582836151,0.5113131999969482,-0.028959158807992935,h
0.23723244667053223,0.7112173438072205,3.0799508721202074e-08,0.2686109244823456,0.6851707696914673,-0.01429674495011568,0.28609737753868103,0.6312333345413208,-0.01921755075454712,0.276863157749176,0.5865890383720398,-0.022680027410387993,0.25052765011787415,0.5672693252563477,-0.02515036053955555,0.28324002027511597,0.5772735476493835,-0.00497897993773222,0.2892945408821106,0.517491340637207,-0.010746479965746403,0.2917097210884094,0.4817544221878052,-0.014837508089840412,0.29296955466270447,0.4501402974128723,-0.019368229433894157,0.25789201259613037,0.5713432431221008,-0.005965724121779203,0.2539522051811218,0.5259947180747986,-0.02258429303765297,0.2541455924510956,0.5400640964508057,-0.028937475755810738,0.25456517934799194,0.56120365858078,-0.027364885434508324,0.2332635372877121,0.5766951441764832,-0.009284628555178642,0.22881121933460236,0.5184811353683472,-0.02262989990413189,0.22914400696754456,0.4787651002407074,-0.03087478317320347,0.2288280427455902,0.4442121386528015,-0.03443402796983719,0.21109198033809662,0.5936390161514282,-0.01359618455171585,0.19624924659729004,0.5611925721168518,-0.02270672097802162,0.18748444318771362,0.5388911962509155,-0.026543959975242615,0.17869897186756134,0.5171334147453308,-0.02874990925192833,h
0.23888541758060455,0.7140924334526062,4.6087112792747575e-08,0.2692331075668335,0.6873221397399902,-0.01517232321202755,0.28505992889404297,0.6349290609359741,-0.021795397624373436,0.27961888909339905,0.5879213213920593,-0.027039922773838043,0.2546658217906952,0.5672993063926697,-0.031240331009030342,0.2829838991165161,0.5821989178657532,-0.008332009427249432,0.29162853956222534,0.522239089012146,-0.014565657824277878,0.2947694659233093,0.4846934974193573,-0.01792963221669197,0.29672008752822876,0.45348528027534485,-0.02169380709528923,0.2587563395500183,0.5752714276313782,-0.008657611906528473,0.2539115250110626,0.5298638343811035,-0.02270359918475151,0.2520693838596344,0.5405501127243042,-0.02599835954606533,0.2528102993965149,0.5549116134643555,-0.023203080520033836,0.23551858961582184,0.5797199606895447,-0.011385797522962093,0.23144985735416412,0.5194168090820312,-0.023092428222298622,0.23254908621311188,0.4806043207645416,-0.02839455008506775,0.23334544897079468,0.44682446122169495,-0.03055105172097683,0.21382847428321838,0.5961173176765442,-0.015396718867123127,0.19727811217308044,0.5623002648353577,-0.024286389350891113,0.18811985850334167,0.538590669631958,-0.027495892718434334,0.1797671616077423,0.5169425010681152,-0.029262179508805275,h
0.24240300059318542,0.7130393981933594,5.920994539110325e-08,0.2739180028438568,0.6871864795684814,-0.016286276280879974,0.29030680656433105,0.6346148252487183,-0.02144083008170128,0.28337568044662476,0.5887135863304138,-0.024509355425834656,0.25770998001098633,0.5697652697563171,-0.026659302413463593,0.2869150936603546,0.5828122496604919,-0.008906634524464607,0.29552704095840454,0.5246526598930359,-0.013816316612064838,0.29674389958381653,0.4881417751312256,-0.017147565260529518,0.29783135652542114,0.45617300271987915,-0.021253051236271858,0.2609962224960327,0.5753011703491211,-0.008459425531327724,0.2512458562850952,0.5225018262863159,-0.019013630226254463,0.24582743644714355,0.5189229249954224,-0.023306598886847496,0.24429284036159515,0.5249509215354919,-0.022961800917983055,0.23679867386817932,0.5804951786994934,-0.0101905707269907,0.23273491859436035,0.5203720331192017,-0.02055598609149456,0.23493075370788574,0.48101311922073364,-0.026925168931484222,0.23740503191947937,0.4483330249786377,-0.030389273539185524,0.21501654386520386,0.596729040145874,-0.013226071372628212,0.1975187361240387,0.5626416802406311,-0.0227980837225914,0.1880335509777069,0.5387152433395386,-0.02688300609588623,0.1803237646818161,0.5169025659561157,-0.029241453856229782,h
0.24604706466197968,0.7150611877441406,6.78285871913431e-08,0.27592918276786804,0.6880564093589783,-0.012938044033944607,0.29143932461738586,0.6369112133979797,-0.017504733055830002,0.28711509704589844,0.5925593972206116,-0.020935559645295143,0.26296186447143555,0.5743107795715332,-0.023786665871739388,0.2870323956012726,0.5863011479377747,-0.0070334491319954395,0.2957119047641754,0.5285754203796387,-0.012701048515737057,0.29893961548805237,0.4922611713409424,-0.016972094774246216,0.30074894428253174,0.4602535367012024,-0.021624770015478134,0.2633708715438843,0.5783668756484985,-0.00827012024819851,0.2565189003944397,0.5314961075782776,-0.018673650920391083,0.2541653513908386,0.5255790948867798,-0.02345678023993969,0.25360625982284546,0.5280277729034424,-0.024162260815501213,0.2399299144744873,0.5826214551925659,-0.011457245796918869,0.23579846322536469,0.5249335169792175,-0.021870268508791924,0.2365747094154358,0.4843152165412903,-0.028648780658841133,0.23751200735569,0.4503902792930603,-0.032794803380966187,0.2185574769973755,0.5979650616645813,-0.0156334787607193,0.20077115297317505,0.5650737881660461,-0.024934405460953712,0.19141492247581482,0.5416843295097351,-0.02879696525633335,0.18328793346881866,0.5214939117431641,-0.03122776746749878,h
0.24746406078338623,0.7165921926498413,6.666439134050961e-08,0.27764827013015747,0.6913228631019592,-0.013197016902267933,0.2940922677516937,0.6398395895957947,-0.01808650977909565,0.28992292284965515,0.5945313572883606,-0.021855272352695465,0.2646530568599701,0.5765542387962341,-0.02473655715584755,0.28834643959999084,0.5876108407974243,-0.004738313611596823,0.29640084505081177,0.5308051705360413,-0.011255796067416668,0.30062201619148254,0.49489837884902954,-0.01611441932618618,0.30322784185409546,0.46283918619155884,-0.020904604345560074,0.26566383242607117,0.5796620845794678,-0.006008962169289589,0.2662450671195984,0.5370546579360962,-0.02088368870317936,0.26677003502845764,0.5468276143074036,-0.02651168406009674,0.267201691865921,0.5629414916038513,-0.025346489623188972,0.2416531890630722,0.5829087495803833,-0.009625492617487907,0.23903964459896088,0.5269160270690918,-0.02247709408402443,0.2393999546766281,0.4875243306159973,-0.03064020164310932,0.2394174039363861,0.45446687936782837,-0.03438878059387207,0.21961382031440735,0.597307562828064,-0.01409548707306385,0.20348505675792694,0.5646717548370361,-0.02249925397336483,0.19482387602329254,0.5432520508766174,-0.02571718581020832,0.18622374534606934,0.5247024893760681,-0.027677830308675766,h
0.2504125237464905,0.7184139490127563,5.181450646318808e-08,0.28108471632003784,0.6937567591667175,-0.013678685761988163,0.29735738039016724,0.642242431640625,-0.018807681277394295,0.293486088514328,0.5985293388366699,-0.022525260224938393,0.26940637826919556,0.5799920558929443,-0.02530570700764656,0.29366108775138855,0.5888747572898865,-0.004548048600554466,0.3001972734928131,0.5334634780883789,-0.01060162391513586,0.3037562966346741,0.49745067954063416,-0.015039805322885513,0.305389940738678,0.46606552600860596,-0.01956341229379177,0.2698756456375122,0.5819228887557983,-0.005856279283761978,0.2692999839782715,0.5361021161079407,-0.02129160240292549,0.27048414945602417,0.550940215587616,-0.02650628611445427,0.2714749276638031,0.5728713274002075,-0.02426333539187908,0.2454444020986557,0.5854324102401733,-0.009616096504032612,0.24249261617660522,0.5298037528991699,-0.021897446364164352,0.24361097812652588,0.49150922894477844,-0.029482156038284302,0.24408027529716492,0.4586276412010193,-0.032653797417879105,0.22372931241989136,0.6002076864242554,-0.01437144074589014,0.20722630620002747,0.5683263540267944,-0.021817578002810478,0.19851654767990112,0.5471206903457642,-0.024637393653392792,0.1896425038576126,0.5276921391487122,-0.026433952152729034,h
0.25031012296676636,0.7185792326927185,5.724292506670281e-08,0.2817606031894684,0.6962164640426636,-0.016077380627393723,0.29913008213043213,0.6450142860412598,-0.021418802440166473,0.2939160466194153,0.5991847515106201,-0.024996459484100342,0.27011772990226746,0.5787826776504517,-0.027511950582265854,0.29443180561065674,0.5890352129936218,-0.005848269909620285,0.3027942180633545,0.5336613059043884,-0.012613850645720959,0.305919349193573,0.4975590705871582,-0.017784124240279198,0.30750447511672974,0.4654984772205353,-0.022807516157627106,0.27066731452941895,0.5825413465499878,-0.00555594265460968,0.2683306634426117,0.5382158756256104,-0.021314097568392754,0.26773375272750854,0.5496595501899719,-0.02756311558187008,0.26824498176574707,0.5671120285987854,-0.026364384219050407,0.24654579162597656,0.5865268707275391,-0.007830044254660606,0.24390366673469543,0.53166663646698,-0.020821640267968178,0.24404874444007874,0.49444812536239624,-0.02869682013988495,0.24357151985168457,0.4623485803604126,-0.03186788409948349,0.22439691424369812,0.6013858914375305,-0.01134396530687809,0.20902860164642334,0.569064199924469,-0.020387841388583183,0.2004183977842331,0.5476253628730774,-0.02432454749941826,0.1918337047100067,0.5275922417640686,-0.026376985013484955,h
0.24979446828365326,0.7179681658744812,5.518472789844964e-08,0.2824152112007141,0.6951732039451599,-0.016855090856552124,0.30143094062805176,0.6449413299560547,-0.0229286327958107,0.29630935192108154,0.597893476486206,-0.02716771513223648,0.27167901396751404,0.5793116092681885,-0.030448200181126595,0.2960207760334015,0.5887361764907837,-0.0065227351151406765,0.304130494594574,0.53296959400177,-0.01367215160280466,0.30758529901504517,0.4969295859336853,-0.01899355836212635,0.3099737763404846,0.4652332663536072,-0.024169879034161568,0.2719554007053375,0.5823540687561035,-0.006196665111929178,0.26984477043151855,0.5374142527580261,-0.0232914537191391,0.2677611708641052,0.551308274269104,-0.02981739118695259,0.2674848139286041,0.5707315802574158,-0.028344694525003433,0.24778637290000916,0.5863022208213806,-0.00855106022208929,0.24546703696250916,0.5316975712776184,-0.022113637998700142,0.24594946205615997,0.49353718757629395,-0.03046860359609127,0.24602830410003662,0.4608324468135834,-0.033894628286361694,0.22539205849170685,0.6009723544120789,-0.012222901917994022,0.20983630418777466,0.5693586468696594,-0.021466528996825218,0.20139192044734955,0.5478461980819702,-0.02582203783094883,0.19336432218551636,0.5276407599449158,-0.028274105861783028,h
0.24998094141483307,0.71727055311203,5.779507716852095e-08,0.28263458609580994,0.6940711140632629,-0.016261393204331398,0.30027902126312256,0.6440029740333557,-0.022221678867936134,0.2957299053668976,0.5978807210922241,-0.02639801986515522,0.2732490301132202,0.5764467716217041,-0.029513198882341385,0.29567456245422363,0.5867877006530762,-0.005552875343710184,0.30394577980041504,0.5309721827507019,-0.012359880842268467,0.3067764937877655,0.4940265417098999,-0.016911843791604042,0.3085106313228607,0.46311014890670776,-0.021350786089897156,0.2713879644870758,0.580410361289978,-0.005472551099956036,0.26925551891326904,0.5320102572441101,-0.022930504754185677,0.26737555861473083,0.5503391623497009,-0.028499454259872437,0.2679072916507721,0.5746876001358032,-0.025532834231853485,0.2469959855079651,0.5843848586082458,-0.008152101188898087,0.2444346845149994,0.5283957719802856,-0.02113642543554306,0.24453406035900116,0.4908875823020935,-0.028757931664586067,0.2448716163635254,0.458564817905426,-0.03150654211640358,0.22434638440608978,0.6000764966011047,-0.012156167067587376,0.20872631669044495,0.5694023370742798,-0.020401140674948692,0.20050448179244995,0.5485638976097107,-0.02427240088582039,0.19317024946212769,0.5280910134315491,-0.02643379382789135,h
0.25178322196006775,0.7138790488243103,4.7947292358685445e-08,0.28267771005630493,0.6901041269302368,-0.015365928411483765,0.29983869194984436,0.6390406489372253,-0.021193845197558403,0.29607367515563965,0.5937206149101257,-0.025529177859425545,0.27257657051086426,0.5725957155227661,-0.02873709425330162,0.2952214181423187,0.5823445916175842,-0.005050279200077057,0.3028618097305298,0.5268331170082092,-0.012132836505770683,0.3060336709022522,0.49101313948631287,-0.01709415763616562,0.3078393340110779,0.4599369764328003,-0.021860864013433456,0.27071094512939453,0.5764333009719849,-0.005795799661427736,0.26991599798202515,0.5317873954772949,-0.02396951988339424,0.26832664012908936,0.5507233142852783,-0.03018961288034916,0.2679676115512848,0.5748439431190491,-0.02777578867971897,0.24606233835220337,0.5807708501815796,-0.00925690121948719,0.24447953701019287,0.525909960269928,-0.022983817383646965,0.24432437121868134,0.4885076880455017,-0.03090587817132473,0.24405455589294434,0.45667338371276855,-0.03381448984146118,0.22370430827140808,0.5964114665985107,-0.013928384520113468,0.20856505632400513,0.5646336078643799,-0.022745558992028236,0.19971969723701477,0.5435692667961121,-0.026597749441862106,0.19164609909057617,0.5231537818908691,-0.028667692095041275,h
0.25164350867271423,0.7097054123878479,6.27036769174083e-08,0.28162601590156555,0.6849175691604614,-0.013463983312249184,0.2982763648033142,0.632331371307373,-0.017874721437692642,0.29485663771629333,0.5865458250045776,-0.02119399979710579,0.2713540196418762,0.5670373439788818,-0.023745274171233177,0.29370665550231934,0.5783641934394836,-0.004168270621448755,0.3026658594608307,0.5233376026153564,-0.01083027571439743,0.30669069290161133,0.48756515979766846,-0.016025442630052567,0.30853471159935,0.45579689741134644,-0.02103496715426445,0.27018335461616516,0.572882890701294,-0.0054711815901100636,0.2686347961425781,0.5288246870040894,-0.021012160927057266,0.26684463024139404,0.5369869470596313,-0.028013797476887703,0.26554933190345764,0.5513229966163635,-0.027678700163960457,0.2459433674812317,0.5781146287918091,-0.009053804911673069,0.24484165012836456,0.5234454274177551,-0.022748209536075592,0.24399907886981964,0.4846591353416443,-0.03173641860485077,0.2425244152545929,0.4518676698207855,-0.03570641577243805,0.22350987792015076,0.594024658203125,-0.013505489565432072,0.20895299315452576,0.5619760751724243,-0.023809967562556267,0.1997794210910797,0.5404596924781799,-0.028373632580041885,0.19097790122032166,0.5211338996887207,-0.030744872987270355,h
0.25167277455329895,0.7012042999267578,5.78604932854887e-08,0.28129488229751587,0.6781652569770813,-0.014474808238446712,0.29846933484077454,0.6291147470474243,-0.019986025989055634,0.29334408044815063,0.5855548977851868,-0.024260517209768295,0.27011987566947937,0.5659239292144775,-0.02775002084672451,0.29389792680740356,0.5695282220840454,-0.0057409899309277534,0.30132272839546204,0.5139524340629578,-0.013033950701355934,0.30538374185562134,0.4784364700317383,-0.018305189907550812,0.307040274143219,0.4476962089538574,-0.023182960227131844,0.2701452672481537,0.564243495464325,-0.0065665943548083305,0.267739862203598,0.5245620012283325,-0.02308998629450798,0.26594388484954834,0.5381946563720703,-0.02940361574292183,0.26546841859817505,0.5557528138160706,-0.028259269893169403,0.24569430947303772,0.5697733759880066,-0.00991391483694315,0.24374869465827942,0.5166250467300415,-0.023836053907871246,0.2421119064092636,0.47932857275009155,-0.03208764269948006,0.24071505665779114,0.44731903076171875,-0.035557862371206284,0.2229040265083313,0.585956335067749,-0.01425174530595541,0.20802262425422668,0.5549142956733704,-0.024571483954787254,0.19857081770896912,0.5349818468093872,-0.028710197657346725,0.18997660279273987,0.5166982412338257,-0.0306546613574028,h
0.24983623623847961,0.6942733526229858,5.186089424569218e-08,0.27966126799583435,0.6712995767593384,-0.014321394264698029,0.2957809269428253,0.6217783689498901,-0.01963198184967041,0.29140904545783997,0.5790160894393921,-0.023489881306886673,0.26918959617614746,0.5575918555259705,-0.02648673765361309,0.2923743724822998,0.5632154941558838,-0.006700941361486912,0.30098462104797363,0.5081996321678162,-0.013581621460616589,0.30452609062194824,0.47297126054763794,-0.01839604787528515,0.3059609830379486,0.4426701068878174,-0.023054642602801323,0.26809626817703247,0.5583499670028687,-0.007576253265142441,0.2645573318004608,0.5164061784744263,-0.02320615015923977,0.2623075842857361,0.5260221362113953,-0.029749667271971703,0.2612333595752716,0.5406947135925293,-0.029099473729729652,0.2441800832748413,0.5652123689651489,-0.010714163072407246,0.2424570620059967,0.50954270362854,-0.024819355458021164,0.24131566286087036,0.47119617462158203,-0.033515747636556625,0.23979762196540833,0.43762966990470886,-0.03736792504787445,0.2227165251970291,0.58326655626297,-0.014656292274594307,0.20803585648536682,0.5525615811347961,-0.026056203991174698,0.1980825662612915,0.531987190246582,-0.03073130175471306,0.1886618733406067,0.5124520063400269,-0.03291234001517296,h
0.2484910488128662,0.6879284381866455,7.020670977908594e-08,0.2776273190975189,0.6632820963859558,-0.013660022057592869,0.29485592246055603,0.613295316696167,-0.018597207963466644,0.29020193219184875,0.568111777305603,-0.02243439294397831,0.2663709819316864,0.5486149191856384,-0.02555103413760662,0.2907431721687317,0.5570670962333679,-0.0037883652839809656,0.2997472584247589,0.5035375952720642,-0.010460490360856056,0.30361923575401306,0.46871817111968994,-0.015744026750326157,0.30492880940437317,0.43783092498779297,-0.020815690979361534,0.2672903537750244,0.551402747631073,-0.004903924651443958,0.26562929153442383,0.51021808385849,-0.02043050155043602,0.2652095556259155,0.5194428563117981,-0.02752535045146942,0.26494771242141724,0.5333895683288574,-0.02724422514438629,0.2434411346912384,0.55751633644104,-0.00827774778008461,0.2411479502916336,0.5043423771858215,-0.02240188606083393,0.2399805635213852,0.4658691883087158,-0.031239451840519905,0.23805631697177887,0.43316078186035156,-0.0349714532494545,0.22112753987312317,0.5750225186347961,-0.012459846213459969,0.20652951300144196,0.5439396500587463,-0.023376092314720154,0.19708691537380219,0.5235463380813599,-0.02764771692454815,0.1879996359348297,0.5051900744438171,-0.029523560777306557,h
0.24834805727005005,0.678244411945343,7.607364693740237e-08,0.27688467502593994,0.6546875238418579,-0.011776754632592201,0.2931511402130127,0.604999840259552,-0.015753688290715218,0.2895773947238922,0.563234269618988,-0.018751084804534912,0.267582505941391,0.5442031621932983,-0.02120448648929596,0.2875881493091583,0.5500218272209167,-0.006672803312540054,0.2983243763446808,0.49372023344039917,-0.012853838503360748,0.3023313581943512,0.45911046862602234,-0.01747892051935196,0.3039323389530182,0.4276384711265564,-0.022202933207154274,0.2641489803791046,0.5447128415107727,-0.008390438742935658,0.25705406069755554,0.4990293085575104,-0.020664943382143974,0.25457921624183655,0.49742263555526733,-0.026640422642230988,0.2533765137195587,0.5022873878479004,-0.027553826570510864,0.24124909937381744,0.5511616468429565,-0.011812667362391949,0.23830927908420563,0.4955245554447174,-0.02370234951376915,0.23849865794181824,0.45788782835006714,-0.030903421342372894,0.23847587406635284,0.4255998730659485,-0.03464372828602791,0.2203827202320099,0.5684996247291565,-0.01597580686211586,0.20496952533721924,0.5359850525856018,-0.026620637625455856,0.19510231912136078,0.5144264101982117,-0.030616380274295807,0.1862308531999588,0.49473837018013,-0.03251490741968155,h
0.24424833059310913,0.6727997064590454,6.287520903924815e-08,0.2735930383205414,0.64910888671875,-0.01181456632912159,0.29143062233924866,0.5972727537155151,-0.01566663384437561,0.2871468663215637,0.5530350208282471,-0.018428146839141846,0.2633002996444702,0.5359721779823303,-0.020470626652240753,0.28532713651657104,0.5429392457008362,-0.004955577198415995,0.29524362087249756,0.4869236350059509,-0.011599227786064148,0.3001623749732971,0.45144104957580566,-0.016527816653251648,0.3028968274593353,0.4195196032524109,-0.021275825798511505,0.26265519857406616,0.5371626019477844,-0.006444611120969057,0.2604282796382904,0.4960063099861145,-0.020966945216059685,0.2600175440311432,0.5025042295455933,-0.02707718499004841,0.2607548236846924,0.5136355757713318,-0.02659856714308262,0.23956233263015747,0.5425518751144409,-0.009934280067682266,0.2365819364786148,0.48926037549972534,-0.02288522757589817,0.23625992238521576,0.4504694938659668,-0.03092207945883274,0.2363787293434143,0.4161325693130493,-0.03456471860408783,0.2181343287229538,0.5591446161270142,-0.014136326499283314,0.20166653394699097,0.5286399126052856,-0.024059895426034927,0.19162604212760925,0.5077869892120361,-0.027971843257546425,0.18292000889778137,0.4881637692451477,-0.029907401651144028,h
0.2404712438583374,0.6680757403373718,8.849195864968351e-08,0.269584983587265,0.6431963443756104,-0.013707981444895267,0.2866359353065491,0.5906635522842407,-0.018343396484851837,0.28184035420417786,0.5453249216079712,-0.021509863436222076,0.257909893989563,0.5265345573425293,-0.02378443069756031,0.2820297181606293,0.5369630455970764,-0.006122218910604715,0.2927510738372803,0.4803730845451355,-0.012194422073662281,0.29698219895362854,0.4444121718406677,-0.016725696623325348,0.2989340126514435,0.41287386417388916,-0.02138412743806839,0.2582492530345917,0.5309007167816162,-0.007050198968499899,0.251778781414032,0.4805126190185547,-0.0193172674626112,0.249183788895607,0.47908300161361694,-0.025002652779221535,0.24809300899505615,0.48571932315826416,-0.02507733181118965,0.23571324348449707,0.5373637676239014,-0.010033662430942059,0.23280921578407288,0.4793780744075775,-0.02205890230834484,0.23367838561534882,0.4405362606048584,-0.029598364606499672,0.23446789383888245,0.4070369303226471,-0.03325521573424339,0.2154802680015564,0.5553604960441589,-0.01394778024405241,0.19984284043312073,0.5240368843078613,-0.02465898171067238,0.18938679993152618,0.5018860697746277,-0.029070599004626274,0.18003123998641968,0.48103880882263184,-0.03126224875450134,h
0.2417079657316208,0.668910801410675,4.8264293894817456e-08,0.2718197703361511,0.6424437761306763,-0.012977628037333488,0.28860706090927124,0.5892945528030396,-0.017368467524647713,0.28412050008773804,0.5437890291213989,-0.020450860261917114,0.25940731167793274,0.5268741846084595,-0.022688262164592743,0.2841762602329254,0.5385891795158386,-0.006071143317967653,0.293620228767395,0.48186802864074707,-0.012362292967736721,0.29714125394821167,0.4456467926502228,-0.016902755945920944,0.29881563782691956,0.4138684570789337,-0.021639607846736908,0.25995883345603943,0.5325764417648315,-0.007528166752308607,0.2525927424430847,0.48285576701164246,-0.021482549607753754,0.25139203667640686,0.4851974844932556,-0.027715329080820084,0.2513274550437927,0.49574559926986694,-0.027587182819843292,0.23684759438037872,0.5385653972625732,-0.010953997261822224,0.23274627327919006,0.479341596364975,-0.024155691266059875,0.23286350071430206,0.43945643305778503,-0.03285049647092819,0.23242437839508057,0.4051780104637146,-0.036993127316236496,0.21630927920341492,0.5560861825942993,-0.015145481564104557,0.20003968477249146,0.5246283411979675,-0.025853583589196205,0.18995440006256104,0.50155109167099,-0.03092077560722828,0.1802884340286255,0.4801855981349945,-0.03378703445196152,h
0.23625817894935608,0.651246964931488,1.4609443610424933e-07,0.2647811770439148,0.6244221925735474,-0.012743329629302025,0.27969998121261597,0.5734900832176208,-0.01763264648616314,0.2766984701156616,0.53054279088974,-0.021490612998604774,0.25543490052223206,0.5096610188484192,-0.024594323709607124,0.2765737473964691,0.521125316619873,-0.0074726371094584465,0.2865021824836731,0.46287429332733154,-0.013173437677323818,0.29032325744628906,0.4275988042354584,-0.017215460538864136,0.2930384874343872,0.39627182483673096,-0.021661650389432907,0.2528935670852661,0.5154981017112732,-0.009237970225512981,0.24219325184822083,0.4618676006793976,-0.018250279128551483,0.23699627816677094,0.4456806182861328,-0.02294902689754963,0.23489534854888916,0.43720313906669617,-0.024692684412002563,0.23113849759101868,0.5230222940444946,-0.01297965832054615,0.22666829824447632,0.4653746783733368,-0.023180142045021057,0.22625315189361572,0.4266887605190277,-0.029477255418896675,0.22684988379478455,0.39437583088874817,-0.03363075852394104,0.21174024045467377,0.5423146486282349,-0.017826003953814507,0.19503791630268097,0.5098068118095398,-0.028836704790592194,0.18335172533988953,0.48595255613327026,-0.03363736346364021,0.17370425164699554,0.46387967467308044,-0.036546312272548676,h
0.23057983815670013,0.6419599056243896,1.1171216129923778e-07,0.2598516345024109,0.6158753633499146,-0.013359777629375458,0.27577364444732666,0.5634103417396545,-0.018282948061823845,0.2732604146003723,0.5198646187782288,-0.022232823073863983,0.24972282350063324,0.500659704208374,-0.0254518985748291,0.27069389820098877,0.5106536149978638,-0.003961306530982256,0.28139153122901917,0.45509809255599976,-0.008959873579442501,0.2858678102493286,0.42031198740005493,-0.012803537771105766,0.28839871287345886,0.38996416330337524,-0.017314724624156952,0.24786555767059326,0.50581955909729,-0.005669557023793459,0.24002183973789215,0.45411062240600586,-0.01928054913878441,0.2410338670015335,0.458727091550827,-0.025746718049049377,0.24372397363185883,0.47366032004356384,-0.02564176917076111,0.22562500834465027,0.512826681137085,-0.009468208067119122,0.22169125080108643,0.4557178318500519,-0.021047618240118027,0.22393031418323517,0.41828760504722595,-0.02846791036427021,0.22616304457187653,0.3877200484275818,-0.03204575926065445,0.2052898108959198,0.5316029787063599,-0.014404632151126862,0.19018231332302094,0.5000424981117249,-0.024279484525322914,0.17954865097999573,0.4771774411201477,-0.02904253825545311,0.16992507874965668,0.4558493494987488,-0.03183979168534279,h
0.22604142129421234,0.634755551815033,8.896930125956715e-08,0.2555834949016571,0.6060304045677185,-0.0143136540427804,0.27200812101364136,0.5538802146911621,-0.01913760043680668,0.267147958278656,0.5076736807823181,-0.022711634635925293,0.2428579181432724,0.4885043799877167,-0.025234488770365715,0.2682217061519623,0.506442666053772,-0.009137358516454697,0.2786814868450165,0.44541871547698975,-0.012806371785700321,0.2807706892490387,0.41026800870895386,-0.014234514907002449,0.2832099497318268,0.37893417477607727,-0.016767095774412155,0.24394670128822327,0.5014492273330688,-0.009705651551485062,0.22879444062709808,0.44663485884666443,-0.01882169581949711,0.22464638948440552,0.4318510591983795,-0.024176616221666336,0.22489731013774872,0.422111839056015,-0.02642490714788437,0.2218712419271469,0.5090447068214417,-0.011763284914195538,0.21933944523334503,0.458146870136261,-0.024593330919742584,0.23604464530944824,0.45013588666915894,-0.02956131473183632,0.25035250186920166,0.44530072808265686,-0.03142937645316124,0.20211973786354065,0.5241952538490295,-0.014865497127175331,0.18701155483722687,0.4922386705875397,-0.02619621716439724,0.17585481703281403,0.4674023985862732,-0.03038325533270836,0.16551676392555237,0.4437141418457031,-0.03301912173628807,h
0.22358666360378265,0.6257429122924805,7.803974710896e-08,0.25323179364204407,0.5984737873077393,-0.012935004197061062,0.2691223621368408,0.5457612872123718,-0.0170280858874321,0.26229584217071533,0.5038462281227112,-0.020152557641267776,0.23816613852977753,0.48403042554855347,-0.022364601492881775,0.2659326195716858,0.4916122257709503,-0.0017026655841618776,0.2739205062389374,0.43606656789779663,-0.007263779640197754,0.27697694301605225,0.4007664620876312,-0.011452882550656796,0.27819693088531494,0.370047390460968,-0.0158251766115427,0.2419547587633133,0.48649293184280396,-0.0034797261469066143,0.23651860654354095,0.4394233226776123,-0.01878507062792778,0.23624004423618317,0.45369625091552734,-0.02466992288827896,0.23714688420295715,0.4749375581741333,-0.022843103855848312,0.21822474896907806,0.4931051731109619,-0.007730908691883087,0.2131516933441162,0.4382515847682953,-0.020015869289636612,0.21082265675067902,0.4012312591075897,-0.02767585776746273,0.20867182314395905,0.3687674403190613,-0.030807308852672577,0.19652502238750458,0.5119503140449524,-0.013018340803682804,0.18190233409404755,0.4830717444419861,-0.021610543131828308,0.17217668890953064,0.46313413977622986,-0.025146665051579475,0.16277176141738892,0.44350337982177734,-0.027022352442145348,h
0.22106124460697174,0.6233237385749817,9.351716556693646e-08,0.250135600566864,0.5957685112953186,-0.01381384301930666,0.2657218873500824,0.5400252342224121,-0.018494684249162674,0.2596135139465332,0.49539124965667725,-0.022059140726923943,0.234189972281456,0.476394385099411,-0.02458871901035309,0.26208916306495667,0.4908308684825897,-0.0017071996117010713,0.2708524763584137,0.43369171023368835,-0.007606362458318472,0.2741025984287262,0.39730849862098694,-0.01226082444190979,0.2761153280735016,0.36502501368522644,-0.017185252159833908,0.2373666614294052,0.4855874478816986,-0.003751110751181841,0.23101407289505005,0.4314245581626892,-0.021426981315016747,0.23099736869335175,0.44573816657066345,-0.029179207980632782,0.23274725675582886,0.4696340262889862,-0.027591228485107422,0.21380087733268738,0.49142545461654663,-0.008178513497114182,0.2088089883327484,0.4329264760017395,-0.021127020940184593,0.20725850760936737,0.39306265115737915,-0.02977471798658371,0.20583847165107727,0.3592296540737152,-0.033197663724422455,0.19255924224853516,0.5099292993545532,-0.013776895590126514,0.17846143245697021,0.4802045226097107,-0.021988892927765846,0.16835586726665497,0.4592789113521576,-0.025769848376512527,0.15839289128780365,0.4392932057380676,-0.027945073321461678,h
0.21852493286132812,0.6167638897895813,1.2454408704343223e-07,0.24749453365802765,0.5906788110733032,-0.015765653923153877,0.26323944330215454,0.5361522436141968,-0.021821677684783936,0.2569483816623688,0.49307647347450256,-0.02635514736175537,0.2328597605228424,0.47188878059387207,-0.02981841005384922,0.2599432170391083,0.48254409432411194,-0.003964505158364773,0.26865285634994507,0.42668893933296204,-0.010262803174555302,0.27139174938201904,0.39034798741340637,-0.015172512270510197,0.27243879437446594,0.3590279221534729,-0.020338356494903564,0.23554837703704834,0.4782412350177765,-0.005232030525803566,0.2274068295955658,0.42375776171684265,-0.022983599454164505,0.23049746453762054,0.4391269385814667,-0.030397651717066765,0.2355191558599472,0.4656200408935547,-0.02867068164050579,0.21215225756168365,0.4852067530155182,-0.009125812910497189,0.2060219943523407,0.4263518750667572,-0.021734317764639854,0.20628106594085693,0.38831084966659546,-0.02942422404885292,0.2074301540851593,0.3559436500072479,-0.03236792981624603,0.19158817827701569,0.5048606395721436,-0.01448958832770586,0.17681483924388885,0.4749694764614105,-0.02298682928085327,0.16703104972839355,0.45320698618888855,-0.026976682245731354,0.15786756575107574,0.43117576837539673,-0.029327748343348503,h
0.2147625833749771,0.6168509721755981,8.013287811081682e-08,0.2449651062488556,0.5914146900177002,-0.014637868851423264,0.2604983448982239,0.5342899560928345,-0.01949336566030979,0.2546548545360565,0.4879015386104584,-0.02283267118036747,0.2291940152645111,0.4686959385871887,-0.025157731026411057,0.25807368755340576,0.4829382598400116,-0.003066778415814042,0.2651329040527344,0.42397618293762207,-0.009773657657206059,0.26819908618927,0.38700273633003235,-0.014906180091202259,0.2699296474456787,0.35374173521995544,-0.01995704509317875,0.23365730047225952,0.47750765085220337,-0.004567923955619335,0.22909323871135712,0.4216338098049164,-0.023668592795729637,0.22901898622512817,0.44173818826675415,-0.031048228964209557,0.23058786988258362,0.4708625376224518,-0.028396086767315865,0.20945662260055542,0.48268401622772217,-0.008583144284784794,0.20296838879585266,0.425484836101532,-0.02136652171611786,0.2008013278245926,0.38539034128189087,-0.029415972530841827,0.1992446482181549,0.3511587977409363,-0.03219423443078995,0.18778878450393677,0.5000998973846436,-0.013878649100661278,0.17304956912994385,0.4701605439186096,-0.020488446578383446,0.16413986682891846,0.44868963956832886,-0.02324976585805416,0.15512904524803162,0.42800188064575195,-0.02490917406976223,h
0.21324066817760468,0.6160271763801575,6.657101891960338e-08,0.24298550188541412,0.5883201956748962,-0.01492940541356802,0.25778359174728394,0.5327582359313965,-0.02005995810031891,0.25002580881118774,0.4870554804801941,-0.02344803512096405,0.2252112776041031,0.46657678484916687,-0.025880225002765656,0.2559625208377838,0.4802987575531006,-0.005925661884248257,0.2628716230392456,0.4209648370742798,-0.012568601407110691,0.26531586050987244,0.38380861282348633,-0.01691800355911255,0.26683008670806885,0.351629376411438,-0.021230338141322136,0.23071037232875824,0.4749947786331177,-0.006935284473001957,0.22415465116500854,0.4213234782218933,-0.024186421185731888,0.22218358516693115,0.43744954466819763,-0.03048776648938656,0.22245119512081146,0.4618156850337982,-0.028101643547415733,0.20632579922676086,0.48119568824768066,-0.010360700078308582,0.20035657286643982,0.42250359058380127,-0.02309112809598446,0.19781847298145294,0.38217779994010925,-0.031302500516176224,0.19566595554351807,0.34731346368789673,-0.03467816486954689,0.18420426547527313,0.49984806776046753,-0.014893762767314911,0.1697104126214981,0.4692678153514862,-0.022692285478115082,0.16078180074691772,0.4474770426750183,-0.026179488748311996,0.15200667083263397,0.42639070749282837,-0.028294933959841728,h
0.2097742259502411,0.6151491403579712,5.74141481024526e-08,0.23957017064094543,0.5884729027748108,-0.015885930508375168,0.2550060749053955,0.5308507680892944,-0.021504679694771767,0.24868209660053253,0.4826948940753937,-0.025194725021719933,0.2221384346485138,0.46456146240234375,-0.027655351907014847,0.25369542837142944,0.4785389006137848,-0.006332104094326496,0.2602943480014801,0.41797804832458496,-0.012718066573143005,0.2624199092388153,0.3800995349884033,-0.016810495406389236,0.2637166976928711,0.3478003442287445,-0.021067241206765175,0.22838091850280762,0.47288432717323303,-0.006705538369715214,0.22150249779224396,0.421130895614624,-0.023796427994966507,0.2198106348514557,0.4400198757648468,-0.029105382040143013,0.2210022211074829,0.4657185673713684,-0.025853093713521957,0.2039455771446228,0.4782456159591675,-0.009649362415075302,0.19762207567691803,0.4193643629550934,-0.021658267825841904,0.1953619420528412,0.3801252543926239,-0.028891731053590775,0.19347554445266724,0.3458292484283447,-0.03175240010023117,0.18160375952720642,0.49629706144332886,-0.01396843884140253,0.166139155626297,0.46682676672935486,-0.02132306434214115,0.15616944432258606,0.4448738396167755,-0.02479216642677784,0.14665207266807556,0.422861784696579,-0.02699240855872631,h
0.2079051434993744,0.6179451942443848,4.9809692370672565e-08,0.23784153163433075,0.592769980430603,-0.017509348690509796,0.2522062063217163,0.5370097756385803,-0.024211518466472626,0.24498587846755981,0.4897576868534088,-0.028855500742793083,0.21968506276607513,0.4687173664569855,-0.0321870855987072,0.2523825168609619,0.47817426919937134,-0.006359719205647707,0.2573756277561188,0.4184644818305969,-0.01329268142580986,0.25883325934410095,0.3815755844116211,-0.018074266612529755,0.25971996784210205,0.3492297828197479,-0.02295718900859356,0.22686246037483215,0.47221431136131287,-0.006902261637151241,0.21984781324863434,0.42192018032073975,-0.02725731022655964,0.2179456353187561,0.44555041193962097,-0.03398061543703079,0.21897166967391968,0.4752763509750366,-0.030574999749660492,0.20162275433540344,0.4775764048099518,-0.010331779718399048,0.19468583166599274,0.41957682371139526,-0.02460375241935253,0.19251786172389984,0.37841862440109253,-0.03311533108353615,0.19091671705245972,0.3423255383968353,-0.036156486719846725,0.17880016565322876,0.4962829649448395,-0.015207036398351192,0.16250459849834442,0.4667647182941437,-0.02320697158575058,0.15325868129730225,0.4450473189353943,-0.026696307584643364,0.14433811604976654,0.4236285388469696,-0.028755024075508118,h
0.20675285160541534,0.6212693452835083,5.289643212336159e-08,0.23632965981960297,0.5936540365219116,-0.017212828621268272,0.25059378147125244,0.5401397943496704,-0.024964570999145508,0.24269866943359375,0.4933571517467499,-0.030830321833491325,0.2169824093580246,0.47201234102249146,-0.035505276173353195,0.2506577968597412,0.4790588617324829,-0.008633636869490147,0.2555101215839386,0.4196774959564209,-0.016494296491146088,0.2569107413291931,0.3823184669017792,-0.021384501829743385,0.25746938586235046,0.3508625626564026,-0.025996996089816093,0.2250586301088333,0.47334903478622437,-0.009134684689342976,0.21893638372421265,0.42560622096061707,-0.02795102819800377,0.21786843240261078,0.44763246178627014,-0.03306210786104202,0.2192145138978958,0.4734955132007599,-0.029388919472694397,0.19993385672569275,0.4798567295074463,-0.012493143789470196,0.19290480017662048,0.42091184854507446,-0.02685401774942875,0.19020730257034302,0.38158878684043884,-0.03404183313250542,0.18778981268405914,0.3467472791671753,-0.036423459649086,0.17684811353683472,0.499879390001297,-0.017200766131281853,0.15964917838573456,0.4683625102043152,-0.02629387564957142,0.1507149636745453,0.44578373432159424,-0.029691874980926514,0.14235718548297882,0.42317724227905273,-0.03150992467999458,h
0.2061002403497696,0.6248622536659241,3.6516375701012294e-08,0.23602810502052307,0.5968560576438904,-0.015728333964943886,0.250718355178833,0.5406602621078491,-0.021605156362056732,0.24095973372459412,0.4955376088619232,-0.02601723186671734,0.2142561972141266,0.4771583378314972,-0.02942236140370369,0.24996304512023926,0.4805619418621063,-0.003059182083234191,0.25414416193962097,0.4224652051925659,-0.010108775459229946,0.2549675405025482,0.38592037558555603,-0.01578347757458687,0.2557746171951294,0.3539031147956848,-0.021235458552837372,0.22334729135036469,0.47507333755493164,-0.004702025558799505,0.2183399349451065,0.4239819049835205,-0.02446908876299858,0.2148335725069046,0.4481293857097626,-0.03150250017642975,0.21434414386749268,0.47963058948516846,-0.028485454618930817,0.19726213812828064,0.48210224509239197,-0.009261954575777054,0.1915264129638672,0.4251447916030884,-0.02266334556043148,0.18744570016860962,0.384764701128006,-0.030961129814386368,0.18435320258140564,0.3505890369415283,-0.0339881032705307,0.1739063858985901,0.5028571486473083,-0.015209108591079712,0.15808606147766113,0.47303301095962524,-0.022352999076247215,0.14934131503105164,0.4510292410850525,-0.025153806433081627,0.1411253809928894,0.42954662442207336,-0.026830868795514107,h
0.20606310665607452,0.6314339637756348,5.139368752793416e-08,0.2348339706659317,0.6047046184539795,-0.0175482090562582,0.24779511988162994,0.549873411655426,-0.024919455870985985,0.2393278330564499,0.504998505115509,-0.030451836064457893,0.21465501189231873,0.4827161133289337,-0.03473227843642235,0.2498546689748764,0.4876639246940613,-0.005864998791366816,0.25430190563201904,0.4283657371997833,-0.014205826446413994,0.25490808486938477,0.390852689743042,-0.020394187420606613,0.2557651102542877,0.35793203115463257,-0.02617757022380829,0.22268900275230408,0.48171496391296387,-0.007502163294702768,0.21653743088245392,0.42705586552619934,-0.029376724734902382,0.21420219540596008,0.45125657320022583,-0.036983177065849304,0.21589285135269165,0.48417162895202637,-0.033782120794057846,0.19607533514499664,0.48935753107070923,-0.012203037738800049,0.1899777203798294,0.43139514327049255,-0.02738659270107746,0.18640746176242828,0.3897944390773773,-0.03621086850762367,0.1845197230577469,0.3546797037124634,-0.03922268748283386,0.17265495657920837,0.5113023519515991,-0.018391568213701248,0.15806648135185242,0.4811974763870239,-0.0269317589700222,0.14922821521759033,0.4581793248653412,-0.030375469475984573,0.140936478972435,0.4353964626789093,-0.03234190121293068,h
0.20486144721508026,0.6362344026565552,5.628561083881323e-08,0.23358158767223358,0.609175980091095,-0.018825093284249306,0.246693953871727,0.5554004311561584,-0.026511184871196747,0.23624584078788757,0.5109472274780273,-0.032120224088430405,0.21076281368732452,0.4887894093990326,-0.03636377304792404,0.24808727204799652,0.4933628737926483,-0.007893301546573639,0.2531166672706604,0.43341490626335144,-0.016499364748597145,0.25348961353302,0.39597612619400024,-0.022966040298342705,0.2538689970970154,0.3622336983680725,-0.029072966426610947,0.22175393998622894,0.4875403642654419,-0.00872085802257061,0.21480798721313477,0.43736782670021057,-0.03039885312318802,0.21346554160118103,0.4569515883922577,-0.038742225617170334,0.21508651971817017,0.4840371906757355,-0.03675523400306702,0.19584086537361145,0.49514979124069214,-0.012584501877427101,0.18827638030052185,0.43592262268066406,-0.029113540425896645,0.18425804376602173,0.3948923349380493,-0.03888115659356117,0.18149885535240173,0.35918116569519043,-0.04241178557276726,0.17331795394420624,0.5163902044296265,-0.017916753888130188,0.1574915200471878,0.48488524556159973,-0.028716254979372025,0.14775654673576355,0.4620395004749298,-0.0335482694208622,0.1383475661277771,0.43919992446899414,-0.03610283136367798,h
0.20527030527591705,0.6439176201820374,6.453193179822847e-08,0.23370623588562012,0.6147791147232056,-0.01729823276400566,0.2453223019838333,0.5604984760284424,-0.02427222579717636,0.2344745546579361,0.5156149864196777,-0.029373256489634514,0.20894384384155273,0.49411526322364807,-0.033476002514362335,0.24625372886657715,0.5023155808448792,-0.010172311216592789,0.2521372437477112,0.4403027296066284,-0.01834077760577202,0.2537863254547119,0.4022647738456726,-0.024753496050834656,0.25493577122688293,0.3682321310043335,-0.030985398218035698,0.22052346169948578,0.4967287480831146,-0.010771752335131168,0.21121478080749512,0.44625380635261536,-0.026959272101521492,0.20872564613819122,0.4501899182796478,-0.03450269252061844,0.20935463905334473,0.4618247449398041,-0.035310156643390656,0.1958090364933014,0.5051826238632202,-0.013865490444004536,0.1889982521533966,0.443253755569458,-0.02838749997317791,0.18528705835342407,0.40203601121902466,-0.03751744329929352,0.1824004054069519,0.3664783835411072,-0.04218639060854912,0.17358005046844482,0.5264867544174194,-0.018206972628831863,0.15834826231002808,0.49144601821899414,-0.030179070308804512,0.1484479159116745,0.4660845696926117,-0.0358395017683506,0.1392340064048767,0.44192877411842346,-0.039244137704372406,h
0.2099853903055191,0.6695857048034668,-1.0408535366934757e-08,0.23840546607971191,0.6398191452026367,-0.01727398857474327,0.250085711479187,0.5869354009628296,-0.024028096348047256,0.23843976855278015,0.5459912419319153,-0.028781121596693993,0.2133719027042389,0.525553822517395,-0.032263051718473434,0.24878372251987457,0.5263336300849915,-0.009323002770543098,0.2530067563056946,0.4651997685432434,-0.017578639090061188,0.2537776231765747,0.42709994316101074,-0.023837197571992874,0.25442224740982056,0.3934888243675232,-0.029547208920121193,0.22181949019432068,0.5216308832168579,-0.009892009198665619,0.21386031806468964,0.4759567379951477,-0.027736449614167213,0.2128172367811203,0.4910346567630768,-0.034325193613767624,0.21395839750766754,0.5140388011932373,-0.032774295657873154,0.19625671207904816,0.5299933552742004,-0.0132463239133358,0.1899597942829132,0.470101535320282,-0.027566272765398026,0.1873038113117218,0.43100905418395996,-0.0356956422328949,0.18518684804439545,0.3970966935157776,-0.03871508315205574,0.17432664334774017,0.5509322285652161,-0.017854824662208557,0.1576572209596634,0.5140165090560913,-0.02720310539007187,0.14827176928520203,0.4906628727912903,-0.030261250212788582,0.13946892321109772,0.4682992398738861,-0.031598567962646484,h
0.21155418455600739,0.6806904077529907,3.306867313312978e-08,0.23938997089862823,0.6514662504196167,-0.01695283316075802,0.2503405511379242,0.5967794060707092,-0.023712629452347755,0.24088642001152039,0.5539505481719971,-0.028565378859639168,0.2159184217453003,0.5328521728515625,-0.03227708116173744,0.2502861022949219,0.5347492694854736,-0.007765361573547125,0.25428876280784607,0.47448137402534485,-0.015882696956396103,0.25506094098091125,0.43638893961906433,-0.022867340594530106,0.2561497688293457,0.40177690982818604,-0.029357852414250374,0.22400730848312378,0.529382050037384,-0.008748285472393036,0.21475787460803986,0.4786161780357361,-0.027293654158711433,0.21323351562023163,0.49058204889297485,-0.03554951772093773,0.21538867056369781,0.5124238133430481,-0.034910693764686584,0.19865626096725464,0.536710798740387,-0.012348838150501251,0.19120977818965912,0.47509828209877014,-0.026374300941824913,0.18891257047653198,0.43376272916793823,-0.03490324318408966,0.18750064074993134,0.39983367919921875,-0.03813044726848602,0.17673161625862122,0.5573598146438599,-0.017326638102531433,0.15979509055614471,0.5198548436164856,-0.026413694024086,0.14998047053813934,0.4939301013946533,-0.029990121722221375,0.1409333348274231,0.4707464575767517,-0.03169086202979088,h
0.21416975557804108,0.6889559626579285,3.1809641143354384e-08,0.2421082854270935,0.6597916483879089,-0.016843806952238083,0.2524012327194214,0.6044214367866516,-0.02360176295042038,0.2433478981256485,0.5613740086555481,-0.028395825996994972,0.21859675645828247,0.5411442518234253,-0.03164118528366089,0.2525801956653595,0.5401468873023987,-0.0055160922929644585,0.2563124895095825,0.47983604669570923,-0.012922000139951706,0.2574571967124939,0.4414752423763275,-0.01915809139609337,0.25807201862335205,0.407225102186203,-0.025126026943325996,0.2259889394044876,0.5350257754325867,-0.006670953240245581,0.21794980764389038,0.4832746982574463,-0.025882234796881676,0.21726945042610168,0.5046374201774597,-0.03260929882526398,0.21981506049633026,0.5332639217376709,-0.02987102046608925,0.20012718439102173,0.5420544743537903,-0.010797698982059956,0.19253243505954742,0.4807890057563782,-0.024318739771842957,0.1900002360343933,0.4405236840248108,-0.031671397387981415,0.1881071925163269,0.4055178761482239,-0.03386065736413002,0.17767909169197083,0.5625701546669006,-0.016428060829639435,0.16073617339134216,0.5251277685165405,-0.02368890307843685,0.15111979842185974,0.5005815029144287,-0.025821026414632797,0.14184166491031647,0.4774172604084015,-0.026787089183926582,h
0.21402202546596527,0.6932222247123718,1.906557045572299e-08,0.24322235584259033,0.6633796095848083,-0.01564548723399639,0.25425446033477783,0.6068228483200073,-0.020833421498537064,0.24412699043750763,0.5629922151565552,-0.024229342117905617,0.21838322281837463,0.5433667898178101,-0.02635120414197445,0.25304168462753296,0.5448630452156067,-0.004916198551654816,0.25697851181030273,0.48404020071029663,-0.011831623502075672,0.25861698389053345,0.44623348116874695,-0.01800515502691269,0.2590297758579254,0.4117121994495392,-0.023886963725090027,0.22684015333652496,0.5403584241867065,-0.005646546836942434,0.2183208465576172,0.49299192428588867,-0.02294396050274372,0.21798615157604218,0.5086227655410767,-0.030146341770887375,0.21976757049560547,0.531633734703064,-0.028850646689534187,0.20149211585521698,0.5478693246841431,-0.009052667766809464,0.19407442212104797,0.48739245533943176,-0.0224311500787735,0.19157198071479797,0.44744372367858887,-0.030555272474884987,0.1889330893754959,0.41301435232162476,-0.03356262668967247,0.17952363193035126,0.5675639510154724,-0.0136863486841321,0.16342629492282867,0.5306195616722107,-0.021674051880836487,0.15438221395015717,0.506523847579956,-0.024404164403676987,0.1456594169139862,0.48441389203071594,-0.02569882571697235,h
0.21528548002243042,0.6927207708358765,2.008317245838498e-08,0.2430959939956665,0.6637989282608032,-0.016312362626194954,0.25517377257347107,0.6094353795051575,-0.022615954279899597,0.24502423405647278,0.5655683875083923,-0.02707904577255249,0.21921072900295258,0.544678807258606,-0.030290590599179268,0.25550442934036255,0.545715868473053,-0.006277692038565874,0.2592037320137024,0.48543480038642883,-0.013965402729809284,0.26079443097114563,0.44814541935920715,-0.0204655472189188,0.2611550986766815,0.413824200630188,-0.026562189683318138,0.22937224805355072,0.5409739017486572,-0.0071875168941915035,0.22244831919670105,0.4935356378555298,-0.025136353448033333,0.22160981595516205,0.5107492804527283,-0.032322198152542114,0.2226463407278061,0.5339482426643372,-0.031031785532832146,0.2037970870733261,0.54837965965271,-0.010841158218681812,0.19724616408348083,0.487521231174469,-0.024631500244140625,0.19459931552410126,0.4482472836971283,-0.032314859330654144,0.19163504242897034,0.4138556718826294,-0.0351116880774498,0.18115167319774628,0.5680549740791321,-0.015805717557668686,0.16438701748847961,0.5310043692588806,-0.02423863299190998,0.15526515245437622,0.5069894194602966,-0.026871025562286377,0.1465476155281067,0.4843386709690094,-0.02808273583650589,h
0.2149468958377838,0.6957042813301086,1.502951185727852e-08,0.24423174560070038,0.6679935455322266,-0.016754819080233574,0.2573869824409485,0.6122196912765503,-0.02321179397404194,0.24807991087436676,0.5674666166305542,-0.027672795578837395,0.22256141901016235,0.5459957718849182,-0.030666938051581383,0.25748738646507263,0.5479839444160461,-0.005885472521185875,0.26012367010116577,0.487288236618042,-0.013878031633794308,0.2617203891277313,0.4496513307094574,-0.020171254873275757,0.2622918486595154,0.41580280661582947,-0.025913964956998825,0.23132117092609406,0.5428909063339233,-0.0068655600771307945,0.22606903314590454,0.49420154094696045,-0.026682687923312187,0.2270209938287735,0.5182098746299744,-0.03305604308843613,0.22920909523963928,0.5481637716293335,-0.029844531789422035,0.20579718053340912,0.5501922965049744,-0.01087686512619257,0.1992882639169693,0.4900633692741394,-0.02549361065030098,0.19718694686889648,0.4492858648300171,-0.033173397183418274,0.19481320679187775,0.4133644998073578,-0.03541237860918045,0.18348680436611176,0.5705379247665405,-0.016210628673434258,0.16726599633693695,0.5347709059715271,-0.024025266990065575,0.1582249402999878,0.5116268396377563,-0.02598472870886326,0.14893993735313416,0.48917239904403687,-0.026770783588290215,h
0.21649721264839172,0.6936907768249512,-1.4795240588227898e-08,0.24547463655471802,0.6655164957046509,-0.016042552888393402,0.25943857431411743,0.6107603907585144,-0.022138241678476334,0.25060465931892395,0.5659977793693542,-0.026454081758856773,0.22481109201908112,0.5446630716323853,-0.0294275414198637,0.25946199893951416,0.547923743724823,-0.005403881426900625,0.26302817463874817,0.4874093532562256,-0.012455941177904606,0.26441317796707153,0.4503829777240753,-0.017887476831674576,0.26496076583862305,0.4162481725215912,-0.02326459065079689,0.2331887036561966,0.543134331703186,-0.0064187804237008095,0.22557882964611053,0.4971061944961548,-0.025944581255316734,0.22266723215579987,0.5214022397994995,-0.032635267823934555,0.22204925119876862,0.5497344136238098,-0.02988814376294613,0.20777751505374908,0.5495715737342834,-0.010244699195027351,0.20069259405136108,0.4915153682231903,-0.02424144186079502,0.1987374722957611,0.45071738958358765,-0.03199511393904686,0.19658340513706207,0.4138180613517761,-0.03458964452147484,0.1854608952999115,0.5679977536201477,-0.015356125310063362,0.16824477910995483,0.5331635475158691,-0.022797392681241035,0.1584354043006897,0.5113306641578674,-0.024910923093557358,0.1490044742822647,0.48976796865463257,-0.025877952575683594,h
0.21724730730056763,0.6946724653244019,2.553326794441091e-08,0.24665343761444092,0.6681905388832092,-0.01797562837600708,0.2614482641220093,0.6140589118003845,-0.02545885555446148,0.2537665069103241,0.5686944127082825,-0.031154166907072067,0.22724401950836182,0.5477474927902222,-0.03553954139351845,0.2610313296318054,0.5489574074745178,-0.005760252475738525,0.2640670835971832,0.48842501640319824,-0.012931942008435726,0.26568397879600525,0.45137467980384827,-0.01875273510813713,0.2659149169921875,0.4182865023612976,-0.024516358971595764,0.23513223230838776,0.5435317158699036,-0.00658593513071537,0.22973746061325073,0.4979635179042816,-0.026624632999300957,0.2288714051246643,0.5236157178878784,-0.033391073346138,0.22941520810127258,0.553395688533783,-0.03055410087108612,0.20973342657089233,0.5497616529464722,-0.010556761175394058,0.2031421959400177,0.4920405149459839,-0.024289347231388092,0.20065709948539734,0.45193344354629517,-0.031791288405656815,0.19772757589817047,0.4158867299556732,-0.03443386033177376,0.18692193925380707,0.568904459476471,-0.016206340864300728,0.1700875461101532,0.5350813865661621,-0.023453770205378532,0.1607568860054016,0.5130180716514587,-0.02571755461394787,0.1516260802745819,0.4909413456916809,-0.027042517438530922,h
0.21872186660766602,0.6943342685699463,2.500665274851599e-08,0.248418390750885,0.6663297414779663,-0.016705455258488655,0.2622227072715759,0.6130832433700562,-0.023656755685806274,0.25466203689575195,0.5673257112503052,-0.029044749215245247,0.22903211414813995,0.5462135672569275,-0.03328665345907211,0.26086050271987915,0.5502895712852478,-0.006431932095438242,0.26530492305755615,0.4893009066581726,-0.013302693143486977,0.26729366183280945,0.45157867670059204,-0.018677443265914917,0.2675943970680237,0.4187818765640259,-0.024114342406392097,0.23485149443149567,0.5452356934547424,-0.007273100316524506,0.22709354758262634,0.4987499713897705,-0.025821801275014877,0.22631387412548065,0.5196287035942078,-0.03227442875504494,0.22736522555351257,0.5450771450996399,-0.029877955093979836,0.21037454903125763,0.5519050359725952,-0.010910551063716412,0.2035701423883438,0.4927312433719635,-0.024001460522413254,0.20235386490821838,0.45316174626350403,-0.03109125606715679,0.20039312541484833,0.41806983947753906,-0.03369027376174927,0.18794290721416473,0.5713600516319275,-0.016089949756860733,0.17170557379722595,0.5359861850738525,-0.023975994437932968,0.1621873676776886,0.5134699940681458,-0.026672303676605225,0.1531723439693451,0.49193325638771057,-0.028093606233596802,h
0.22064761817455292,0.6923836469650269,7.737629204029872e-09,0.250720739364624,0.6644280552864075,-0.015147045254707336,0.26488813757896423,0.6102224588394165,-0.021026814356446266,0.2571098804473877,0.5659173130989075,-0.025542275980114937,0.2307148277759552,0.5470532178878784,-0.028970569372177124,0.2629987597465515,0.5489314794540405,-0.00481576519086957,0.26733192801475525,0.4882807433605194,-0.01110068615525961,0.26904192566871643,0.4511689245700836,-0.01608888991177082,0.2694908082485199,0.4178902506828308,-0.021253110840916634,0.2371257096529007,0.5442901253700256,-0.006011040415614843,0.23011662065982819,0.5006548166275024,-0.024094006046652794,0.22836706042289734,0.5225315093994141,-0.030231662094593048,0.22847989201545715,0.5486666560173035,-0.02763674594461918,0.21236594021320343,0.5508853793144226,-0.009869669564068317,0.20576860010623932,0.49368512630462646,-0.02263154461979866,0.2045593410730362,0.4541580080986023,-0.02966109663248062,0.20291559398174286,0.4188089370727539,-0.0322149433195591,0.19017523527145386,0.5695405602455139,-0.015037935227155685,0.1731576919555664,0.5359840393066406,-0.02209029532968998,0.16388103365898132,0.5147476196289062,-0.02400934509932995,0.15528011322021484,0.49392062425613403,-0.024960331618785858,h
0.22153140604496002,0.6928812265396118,2.3313715402650814e-08,0.2507990896701813,0.6660943031311035,-0.015920670703053474,0.266752690076828,0.6126490235328674,-0.021494107320904732,0.25830647349357605,0.5680837035179138,-0.025726739317178726,0.2316969484090805,0.5476334095001221,-0.02898266911506653,0.26386216282844543,0.5501471757888794,-0.004604370333254337,0.26884761452674866,0.48985809087753296,-0.01069197803735733,0.2701803743839264,0.45350903272628784,-0.016061794012784958,0.27098628878593445,0.42026805877685547,-0.021634342148900032,0.23842284083366394,0.5452287197113037,-0.005250805057585239,0.23121020197868347,0.5018636584281921,-0.021819988265633583,0.22919389605522156,0.5159050822257996,-0.029153669252991676,0.22954526543617249,0.5362858176231384,-0.028530005365610123,0.2135424017906189,0.5519194006919861,-0.008522207848727703,0.2074403166770935,0.4948754906654358,-0.02115883305668831,0.20558883249759674,0.4557383060455322,-0.029104795306921005,0.20389918982982635,0.4220159947872162,-0.032575733959674835,0.19100192189216614,0.5704529285430908,-0.013173164799809456,0.17458757758140564,0.5363659262657166,-0.021601064130663872,0.16532757878303528,0.5142487287521362,-0.024906866252422333,0.15683943033218384,0.4934346377849579,-0.02663632296025753,h
0.2246737778186798,0.6940159797668457,3.48442803499438e-08,0.25371843576431274,0.6671087145805359,-0.015637371689081192,0.2690182626247406,0.6148484349250793,-0.021646400913596153,0.2612572908401489,0.5711863040924072,-0.026247216388583183,0.23515626788139343,0.5503576397895813,-0.02990533411502838,0.26616519689559937,0.5529686212539673,-0.007299183402210474,0.2712017297744751,0.4916274845600128,-0.014690992422401905,0.2728673219680786,0.4549470543861389,-0.020386090502142906,0.2737904489040375,0.4216309189796448,-0.025894522666931152,0.24126994609832764,0.5477762222290039,-0.008110331371426582,0.2349192053079605,0.5064578056335449,-0.024832677096128464,0.23410452902317047,0.5185919404029846,-0.03150605410337448,0.2349243313074112,0.5369611382484436,-0.03091166354715824,0.21619483828544617,0.5546647310256958,-0.011530670337378979,0.20945784449577332,0.4985261559486389,-0.02533572167158127,0.20650380849838257,0.4592970907688141,-0.03384248539805412,0.20374098420143127,0.4249550700187683,-0.037799835205078125,0.19382254779338837,0.573428213596344,-0.01611088588833809,0.17782483994960785,0.5400121808052063,-0.025381220504641533,0.1691264659166336,0.5172190070152283,-0.029285673052072525,0.1607852429151535,0.495321124792099,-0.03162895515561104,h
0.22545188665390015,0.6955770254135132,3.1765299723929274e-08,0.2550886571407318,0.6693113446235657,-0.016144031658768654,0.27129969000816345,0.6160908937454224,-0.02215602807700634,0.26319819688796997,0.571467399597168,-0.026665974408388138,0.23643293976783752,0.5510126352310181,-0.030205603688955307,0.2677713632583618,0.5555480718612671,-0.006906012073159218,0.2732417583465576,0.4943661093711853,-0.013646875508129597,0.2752769887447357,0.4576200544834137,-0.018997088074684143,0.276361346244812,0.42467981576919556,-0.024328403174877167,0.2426433563232422,0.5505769848823547,-0.007373892702162266,0.23652103543281555,0.5104805827140808,-0.02418961189687252,0.23542049527168274,0.524368405342102,-0.030886812135577202,0.2358214557170868,0.544186532497406,-0.030012715607881546,0.2175654023885727,0.5570053458213806,-0.01043943502008915,0.21125665307044983,0.5013195276260376,-0.023680435493588448,0.20923905074596405,0.4616742432117462,-0.03156911954283714,0.20698899030685425,0.4277462065219879,-0.03505381941795349,0.19497209787368774,0.5751635432243347,-0.01478414237499237,0.17907372117042542,0.540779709815979,-0.023239441215991974,0.17045120894908905,0.518097996711731,-0.026305411010980606,0.16193987429141998,0.49708452820777893,-0.028012389317154884,h
0.22743377089500427,0.7001633048057556,3.8811698743757006e-08,0.25750815868377686,0.6746529340744019,-0.01709774136543274,0.2736430764198303,0.6203689575195312,-0.02392752841114998,0.26830780506134033,0.5746369957923889,-0.02922327071428299,0.24179625511169434,0.553163468837738,-0.033443812280893326,0.2702484428882599,0.5602893829345703,-0.006780669093132019,0.27627694606781006,0.4994937479496002,-0.013439105823636055,0.2778242528438568,0.4621869623661041,-0.018859518691897392,0.27871328592300415,0.4291114807128906,-0.024429157376289368,0.24538637697696686,0.5545676350593567,-0.007401204202324152,0.23920315504074097,0.5118989944458008,-0.02492976374924183,0.23874825239181519,0.5273668766021729,-0.031497515738010406,0.2400829792022705,0.5509247183799744,-0.029929902404546738,0.2206554263830185,0.5605647563934326,-0.010781499557197094,0.21451376378536224,0.502689003944397,-0.023574821650981903,0.21352918446063995,0.46296656131744385,-0.030732400715351105,0.2127806693315506,0.43015605211257935,-0.03368223458528519,0.1988508552312851,0.5793848633766174,-0.015723418444395065,0.18199360370635986,0.5452736020088196,-0.023717336356639862,0.17321494221687317,0.5216192603111267,-0.026613859459757805,0.1651574969291687,0.49975883960723877,-0.028291435912251472,h
0.2313789427280426,0.7007291316986084,3.0608440226842504e-08,0.26057958602905273,0.6758943796157837,-0.015787115320563316,0.27582094073295593,0.6230947375297546,-0.021863533183932304,0.2701690196990967,0.57816481590271,-0.02651948295533657,0.24542421102523804,0.5558878183364868,-0.030192486941814423,0.27275967597961426,0.5632628202438354,-0.0055945394560694695,0.2791142761707306,0.5032970905303955,-0.011975438334047794,0.2805440425872803,0.4659343659877777,-0.017263751477003098,0.28098803758621216,0.4336463212966919,-0.022623326629400253,0.2480161488056183,0.5569263696670532,-0.006486867088824511,0.2408045381307602,0.5109521746635437,-0.0236346572637558,0.23961974680423737,0.5237005949020386,-0.03040449135005474,0.24026532471179962,0.5455413460731506,-0.028954116627573967,0.22363480925559998,0.5621689558029175,-0.00994163565337658,0.21716897189617157,0.5032907128334045,-0.02241314761340618,0.21672478318214417,0.46396923065185547,-0.029524175450205803,0.21645179390907288,0.43149954080581665,-0.03234889358282089,0.20207539200782776,0.5796554684638977,-0.014829587191343307,0.18472953140735626,0.547275185585022,-0.022977612912654877,0.17581038177013397,0.5238275527954102,-0.026126617565751076,0.16778427362442017,0.5022342205047607,-0.027757007628679276,h
0.2319830358028412,0.699032723903656,2.963157896829216e-08,0.26222676038742065,0.6753908395767212,-0.016840307042002678,0.2778865694999695,0.622994601726532,-0.0228264220058918,0.27137291431427,0.5784587264060974,-0.026950262486934662,0.24707329273223877,0.5571193695068359,-0.03006274811923504,0.2761143743991852,0.563585102558136,-0.006865608971565962,0.2813980281352997,0.5047920942306519,-0.012593015097081661,0.28282153606414795,0.4682295322418213,-0.017407160252332687,0.28360602259635925,0.43586602807044983,-0.02261144481599331,0.2510858178138733,0.5574271082878113,-0.006720771547406912,0.2425512969493866,0.5122154951095581,-0.022362083196640015,0.24038420617580414,0.5243436694145203,-0.028675051406025887,0.2408573180437088,0.5450089573860168,-0.027364330366253853,0.22673122584819794,0.5630917549133301,-0.009092960506677628,0.2208224982023239,0.5044693946838379,-0.020878272131085396,0.2205163985490799,0.4665161669254303,-0.02780871093273163,0.22043319046497345,0.43438825011253357,-0.030691124498844147,0.20557266473770142,0.580601692199707,-0.012946776114404202,0.18845044076442719,0.5496246814727783,-0.02115708589553833,0.17907583713531494,0.5272433757781982,-0.024558817967772484,0.1706254929304123,0.5060706734657288,-0.026364585384726524,h
