0.6583602428436279,0.8553479909896851,-3.7198355506973257e-09,0.6278713941574097,0.8290783762931824,-0.008499291725456715,0.6117039918899536,0.7630347013473511,-0.012937815859913826,0.6171292662620544,0.7158271074295044,-0.018657835200428963,0.6424597501754761,0.7004098296165466,-0.024211889132857323,0.6408566236495972,0.7053875923156738,0.00910435151308775,0.6398281455039978,0.6558409333229065,0.003041147021576762,0.6359641551971436,0.6231306195259094,-0.0012291149469092488,0.6359358429908752,0.5921415686607361,-0.007084888871759176,0.666648268699646,0.7048999071121216,0.00035117927473038435,0.6659862995147705,0.6423854231834412,-0.0249616838991642,0.6519418954849243,0.6666578650474548,-0.03547750413417816,0.6464496850967407,0.6999783515930176,-0.03381671383976936,0.6910855770111084,0.7141327857971191,-0.011518105864524841,0.6971770524978638,0.6514329314231873,-0.030877472832798958,0.696884274482727,0.609563946723938,-0.0425686351954937,0.7005064487457275,0.5736388564109802,-0.047271378338336945,0.7141952514648438,0.7329004406929016,-0.023923031985759735,0.7401946783065796,0.695644199848175,-0.03386716917157173,0.7595258951187134,0.6703873872756958,-0.0398537740111351,0.7763655185699463,0.6446310877799988,-0.04476568102836609,h
0.6598884463310242,0.859473466873169,-1.569385332800266e-08,0.6278290748596191,0.8321566581726074,-0.008082466199994087,0.6117827892303467,0.7642911672592163,-0.010531038045883179,0.6177998185157776,0.7158831357955933,-0.014162068255245686,0.6424505114555359,0.7006685733795166,-0.017459703609347343,0.6396185755729675,0.7040880918502808,0.009856434538960457,0.6394051313400269,0.6544068455696106,0.0032693156972527504,0.634151041507721,0.6228857040405273,-0.001375900348648429,0.6322848200798035,0.5927783250808716,-0.0071707298047840595,0.6658557653427124,0.703324556350708,0.0017647428903728724,0.6653066277503967,0.6407132148742676,-0.023689478635787964,0.6531418561935425,0.6640525460243225,-0.03417062759399414,0.6482785940170288,0.695106029510498,-0.03240489959716797,0.6906614899635315,0.7124553918838501,-0.009505288675427437,0.6962332725524902,0.6516575813293457,-0.029251206666231155,0.6956399083137512,0.6128571629524231,-0.04090951383113861,0.6982109546661377,0.5779299139976501,-0.045104410499334335,0.714206874370575,0.7304202318191528,-0.02137650176882744,0.7402112483978271,0.6941896677017212,-0.0327678881585598,0.7586148977279663,0.6688986420631409,-0.03989709913730621,0.7744149565696716,0.6426669359207153,-0.044984977692365646,h
0.6618863344192505,0.8622161149978638,-1.9318587618499805e-08,0.6280695796012878,0.8325679302215576,-0.007973959669470787,0.6117458939552307,0.7655582427978516,-0.01075113657861948,0.6168248057365417,0.7183554768562317,-0.014891942963004112,0.6404613852500916,0.6990512013435364,-0.01858864165842533,0.6406840682029724,0.7045798897743225,0.010979574173688889,0.6399317979812622,0.6542958617210388,0.004704262595623732,0.6343687176704407,0.6234878301620483,0.0004363412444945425,0.632260799407959,0.5933957099914551,-0.005153192672878504,0.6665326356887817,0.703648030757904,0.0023698448203504086,0.6646744608879089,0.6417047381401062,-0.024050673469901085,0.6509323120117188,0.6667475700378418,-0.03526582568883896,0.6453158259391785,0.6990483403205872,-0.03361940756440163,0.6905868649482727,0.7122567296028137,-0.00948402937501669,0.6960846185684204,0.6506932973861694,-0.03023916482925415,0.694345235824585,0.6109755039215088,-0.04298095777630806,0.6962323188781738,0.5751215219497681,-0.04774608835577965,0.7137693166732788,0.7297099232673645,-0.02182423695921898,0.7396112680435181,0.6935621500015259,-0.033637017011642456,0.7578498125076294,0.6681204438209534,-0.0411096066236496,0.7735040187835693,0.6415735483169556,-0.04643387347459793,h
0.6609423756599426,0.8595756888389587,-9.85422055066465e-09,0.628341794013977,0.8300219178199768,-0.007720573805272579,0.6129541993141174,0.7645100355148315,-0.010792966932058334,0.6192057728767395,0.7186276316642761,-0.01524514239281416,0.6425448060035706,0.6989750862121582,-0.019470691680908203,0.639096736907959,0.7041802406311035,0.00946093164384365,0.63834148645401,0.6531652808189392,0.003323025070130825,0.6338475942611694,0.6221446990966797,-0.0009454686078242958,0.6327635049819946,0.5919378995895386,-0.006633682642132044,0.6654745936393738,0.7029491066932678,0.000793568033259362,0.6639397740364075,0.6405662298202515,-0.024716142565011978,0.6520330905914307,0.6639605164527893,-0.035634469240903854,0.6476457715034485,0.6948562860488892,-0.034376878291368484,0.6902114152908325,0.7117377519607544,-0.010975658893585205,0.6961297392845154,0.6495429277420044,-0.03091149777173996,0.6947391629219055,0.6098164319992065,-0.04341631382703781,0.6967779397964478,0.5738752484321594,-0.04851706326007843,0.714055061340332,0.7295149564743042,-0.023208683356642723,0.7397025227546692,0.6928633451461792,-0.034903183579444885,0.7575163245201111,0.6674444675445557,-0.0423341765999794,0.7727771401405334,0.6410605907440186,-0.047817133367061615,h
0.6608145833015442,0.8596819639205933,-1.9156370711925774e-08,0.6290610432624817,0.8298807740211487,-0.007915462367236614,0.6138755679130554,0.7645999193191528,-0.010870672762393951,0.6190783977508545,0.718569815158844,-0.01502279657870531,0.6417381763458252,0.6966636776924133,-0.018717225641012192,0.6400200128555298,0.704438328742981,0.01001534704118967,0.6391441226005554,0.6536614894866943,0.004046362359076738,0.6342302560806274,0.623210608959198,-1.6162337487912737e-05,0.6332070827484131,0.5928812026977539,-0.00540672754868865,0.6658496260643005,0.7036169767379761,0.0018172624986618757,0.663720428943634,0.6417852640151978,-0.02362779527902603,0.6514101624488831,0.6661632061004639,-0.03456020727753639,0.6474044919013977,0.6976963877677917,-0.03301560506224632,0.6900742053985596,0.7120802402496338,-0.009452302008867264,0.6957421898841858,0.6510542035102844,-0.029076173901557922,0.6943371891975403,0.6109294295310974,-0.04153383895754814,0.6967560648918152,0.5744272470474243,-0.04644419252872467,0.7134135365486145,0.7293863892555237,-0.021175021305680275,0.7387809157371521,0.6945735812187195,-0.031963665038347244,0.7562034130096436,0.6692976355552673,-0.03892110288143158,0.7713481187820435,0.6428890228271484,-0.04402263090014458,h
0.661454439163208,0.8596336841583252,-7.716609573549249e-09,0.6288455724716187,0.830131471157074,-0.007660680916160345,0.6132557392120361,0.7645498514175415,-0.010418856516480446,0.6201239824295044,0.7182990312576294,-0.014395146630704403,0.6432695388793945,0.6977057456970215,-0.018042290583252907,0.6395085453987122,0.7039349675178528,0.009855194948613644,0.6389937400817871,0.6530371904373169,0.0042702313512563705,0.634585440158844,0.6224626302719116,0.0003314489440526813,0.6339119076728821,0.5921711325645447,-0.005160802509635687,0.6658743619918823,0.7031717896461487,0.0014152027433738112,0.664680540561676,0.6410862803459167,-0.023584024980664253,0.6520374417304993,0.6639281511306763,-0.034453339874744415,0.6473951935768127,0.6945387125015259,-0.03323552757501602,0.6904817819595337,0.7121371030807495,-0.010088286362588406,0.6963929533958435,0.6503797769546509,-0.029835272580385208,0.6951099634170532,0.6098667979240417,-0.042500089854002,0.697647750377655,0.5733624696731567,-0.047694988548755646,0.7142311334609985,0.729924738407135,-0.021999511867761612,0.7396840453147888,0.6927364468574524,-0.03344980254769325,0.7577049732208252,0.667134165763855,-0.04076036065816879,0.773389995098114,0.6406996846199036,-0.04615761339664459,h
0.663291335105896,0.8609449863433838,-8.408441942719946e-09,0.6298949122428894,0.8313508629798889,-0.008210471831262112,0.6139439344406128,0.7650868892669678,-0.01130220852792263,0.6206949353218079,0.71808260679245,-0.015690883621573448,0.6449092030525208,0.6972662806510925,-0.01978209987282753,0.6406377553939819,0.7038810849189758,0.009894882328808308,0.639533281326294,0.6533708572387695,0.0039455643855035305,0.6348668336868286,0.6230674982070923,-0.0005207782960496843,0.6339053511619568,0.5927108526229858,-0.006337588187307119,0.6671435236930847,0.7027718424797058,0.0017206858610734344,0.6647332310676575,0.6419012546539307,-0.023389657959342003,0.6521692872047424,0.6643259525299072,-0.034771621227264404,0.6478456854820251,0.6943824887275696,-0.033932123333215714,0.6916230320930481,0.7115143537521362,-0.009536010213196278,0.6974589228630066,0.6503219604492188,-0.029152682051062584,0.6962350010871887,0.6107213497161865,-0.041739415377378464,0.6990031003952026,0.575132429599762,-0.046856995671987534,0.7150965929031372,0.7294656038284302,-0.0213166531175375,0.7402528524398804,0.6931324601173401,-0.03271404281258583,0.757827639579773,0.6682114601135254,-0.039926499128341675,0.7733697891235352,0.6426153779029846,-0.0451214574277401,h
0.6627647280693054,0.8613740801811218,-1.891425505107236e-08,0.6291113495826721,0.8324023485183716,-0.007019602693617344,0.6136435270309448,0.7643494009971619,-0.008485374972224236,0.6216509938240051,0.717125654220581,-0.011327002197504044,0.6460633873939514,0.6992674469947815,-0.01389404572546482,0.6404820084571838,0.704823911190033,0.011558491736650467,0.6397718787193298,0.6536422371864319,0.006594297010451555,0.6351882219314575,0.6234506964683533,0.0030122820753604174,0.6344736814498901,0.5928665995597839,-0.0023177952971309423,0.667098879814148,0.7036628127098083,0.003210822818800807,0.6655733585357666,0.6419126391410828,-0.021328387781977654,0.6531775593757629,0.6645389795303345,-0.032205838710069656,0.649023711681366,0.6948833465576172,-0.030895844101905823,0.6918439865112305,0.7122253179550171,-0.008151601999998093,0.6978390216827393,0.6505869626998901,-0.027373917400836945,0.6966784000396729,0.6102001667022705,-0.040103979408741,0.6995442509651184,0.573713481426239,-0.04526669904589653,0.7156143188476562,0.7297530174255371,-0.019955266267061234,0.7410855293273926,0.6931792497634888,-0.031088465824723244,0.758663535118103,0.6673287153244019,-0.038572102785110474,0.774157702922821,0.6407613754272461,-0.044031377881765366,h
0.6635240912437439,0.8612346053123474,-1.3341883153827894e-08,0.629572331905365,0.831375241279602,-0.0076642329804599285,0.6144044995307922,0.7642919421195984,-0.009773054160177708,0.6223037838935852,0.7171846032142639,-0.013153592124581337,0.6465245485305786,0.6972132325172424,-0.016171716153621674,0.6409913897514343,0.7057371139526367,0.010897836647927761,0.6400675773620605,0.6547980308532715,0.005534640979021788,0.6349636912345886,0.6243165731430054,0.0018794952193275094,0.63447105884552,0.5932685732841492,-0.0034911141265183687,0.6672725081443787,0.704089879989624,0.0026786404196172953,0.6663570404052734,0.6413712501525879,-0.02254823036491871,0.6535993218421936,0.6642846465110779,-0.03350638970732689,0.6495108008384705,0.695209264755249,-0.03210945054888725,0.6918702125549316,0.712378203868866,-0.008604166097939014,0.6979944109916687,0.650014340877533,-0.028307931497693062,0.6963437795639038,0.6097995042800903,-0.040923986583948135,0.6989906430244446,0.5738933086395264,-0.04594939574599266,0.7155807614326477,0.7297039031982422,-0.020377367734909058,0.7412388324737549,0.6929639577865601,-0.03195614367723465,0.7589781880378723,0.6668354272842407,-0.03965281322598457,0.7746480703353882,0.6399657130241394,-0.04522675648331642,h
0.6633287668228149,0.8614636063575745,-1.0027407348900397e-08,0.6294235587120056,0.8314307332038879,-0.0076452093198895454,0.6143260598182678,0.7646681666374207,-0.010113934986293316,0.6217189431190491,0.717255711555481,-0.013898932375013828,0.6457722187042236,0.6961289644241333,-0.01731858216226101,0.6411601305007935,0.705475389957428,0.010627740062773228,0.6401610970497131,0.6540930867195129,0.0049217441119253635,0.6353480815887451,0.6231873631477356,0.0012045293115079403,0.634864866733551,0.5921916961669922,-0.004047745373100042,0.6672976016998291,0.7040707468986511,0.0022718606051057577,0.6664797067642212,0.640777051448822,-0.02330581471323967,0.6533327698707581,0.6639503836631775,-0.03414921835064888,0.6484825611114502,0.6947888135910034,-0.0324617400765419,0.691909909248352,0.712352991104126,-0.009145855903625488,0.6980892419815063,0.6505821347236633,-0.02901206910610199,0.6965078115463257,0.6103257536888123,-0.04138513654470444,0.6989810466766357,0.5743263363838196,-0.04609241709113121,0.7155190706253052,0.7294808030128479,-0.021050909534096718,0.7409863471984863,0.6925028562545776,-0.032517895102500916,0.758934497833252,0.6663917303085327,-0.03988901898264885,0.7746040225028992,0.6397234797477722,-0.0451371930539608,h
0.6638995409011841,0.8621848821640015,-9.986720783672354e-09,0.6295379996299744,0.833025336265564,-0.00856135692447424,0.6135214567184448,0.7662938237190247,-0.011625012382864952,0.6203855872154236,0.7187826037406921,-0.015889769420027733,0.6442525386810303,0.6976215839385986,-0.01969970017671585,0.6402528882026672,0.7054437398910522,0.010557222180068493,0.6396824717521667,0.6535711288452148,0.00469199987128377,0.634894847869873,0.6225680708885193,0.0007556778728030622,0.6342155933380127,0.5912287831306458,-0.0047243437729775906,0.6668604612350464,0.7041430473327637,0.0022546518594026566,0.6651637554168701,0.6419287323951721,-0.024239573627710342,0.6514253616333008,0.667667031288147,-0.03550706058740616,0.6467365622520447,0.6998293995857239,-0.03373132273554802,0.6915748119354248,0.7124563455581665,-0.009267653338611126,0.6971595883369446,0.650328516960144,-0.029841378331184387,0.6957062482833862,0.6097487807273865,-0.04259714111685753,0.6985730528831482,0.5720974802970886,-0.047411736100912094,0.7153803706169128,0.7297041416168213,-0.021299170330166817,0.7406936883926392,0.6930972933769226,-0.032966241240501404,0.7587404847145081,0.6674224734306335,-0.04019135981798172,0.7745789885520935,0.6401484608650208,-0.04533953219652176,h
0.6635856032371521,0.8630727529525757,-3.8465168827883645e-09,0.6293812394142151,0.8337448835372925,-0.008304370567202568,0.613915205001831,0.7668970823287964,-0.011180170811712742,0.6197910308837891,0.719849705696106,-0.015349882654845715,0.642514169216156,0.6983763575553894,-0.019131073728203773,0.6405542492866516,0.7064329981803894,0.010827267542481422,0.6390411257743835,0.6537623405456543,0.005481977481395006,0.6337206959724426,0.6224945783615112,0.0016575747868046165,0.6329600811004639,0.5908886790275574,-0.0038388269022107124,0.66697096824646,0.7050564885139465,0.0024211397394537926,0.6649632453918457,0.6430208086967468,-0.023404305800795555,0.6511260867118835,0.6667388081550598,-0.03496100753545761,0.6463959217071533,0.6977754831314087,-0.03371741622686386,0.6914250254631042,0.7130235433578491,-0.00910437572747469,0.6965406537055969,0.6507852077484131,-0.0288868248462677,0.6948191523551941,0.609853208065033,-0.041741229593753815,0.6974841952323914,0.572676956653595,-0.046935051679611206,0.7149691581726074,0.7300748825073242,-0.021192988380789757,0.740399956703186,0.6929770112037659,-0.03243851661682129,0.7582139372825623,0.6666221022605896,-0.03977157548069954,0.7738693952560425,0.6393205523490906,-0.045132942497730255,h
0.6633551120758057,0.8632287979125977,1.9926202909914537e-09,0.6293193101882935,0.8339586853981018,-0.007780448067933321,0.6135064363479614,0.7670748829841614,-0.010286781936883926,0.620086669921875,0.7201575040817261,-0.014174302108585835,0.6434339880943298,0.6995565891265869,-0.017720410600304604,0.6393571496009827,0.7068856954574585,0.010781810618937016,0.6385912895202637,0.653378427028656,0.005456790793687105,0.6335745453834534,0.6213778257369995,0.0016836820868775249,0.6329061388969421,0.5899734497070312,-0.003752416931092739,0.6661407351493835,0.7054171562194824,0.0023601907305419445,0.6649040579795837,0.6425528526306152,-0.023027202114462852,0.6513731479644775,0.6641678810119629,-0.03433677926659584,0.6464976668357849,0.694506824016571,-0.033194344490766525,0.6909978985786438,0.713405966758728,-0.009140998125076294,0.6965325474739075,0.6503514647483826,-0.028701547533273697,0.6947587728500366,0.6098858714103699,-0.04140184819698334,0.6973544359207153,0.5739611983299255,-0.04659504443407059,0.7150939106941223,0.7303916811943054,-0.02117309160530567,0.7404630780220032,0.6929759383201599,-0.03272465616464615,0.758293867111206,0.6666393280029297,-0.040372785180807114,0.7741724848747253,0.6397111415863037,-0.04591872915625572,h
0.6635854244232178,0.8631405830383301,-2.0009942591769914e-09,0.6297318935394287,0.8336278796195984,-0.007861282676458359,0.6141670942306519,0.7667697668075562,-0.010516810230910778,0.6206978559494019,0.7195722460746765,-0.014499816112220287,0.6442646980285645,0.697691023349762,-0.01811636984348297,0.64011549949646,0.7063188552856445,0.010999768041074276,0.6388694643974304,0.6532267928123474,0.0055909003131091595,0.6338785886764526,0.6216920018196106,0.0018346213037148118,0.633338987827301,0.5906640887260437,-0.003547640284523368,0.6665389537811279,0.7045765519142151,0.0026395616587251425,0.6649866700172424,0.6414066553115845,-0.022598639130592346,0.6521819233894348,0.6643593311309814,-0.03372342139482498,0.647874653339386,0.6951476335525513,-0.032422568649053574,0.6910893321037292,0.7124230861663818,-0.008877653628587723,0.6967703104019165,0.6500924825668335,-0.028524139896035194,0.6951871514320374,0.6096926927566528,-0.04131588339805603,0.6977531909942627,0.5730205774307251,-0.046583931893110275,0.7147778868675232,0.729289710521698,-0.02089567296206951,0.7404536008834839,0.6926302313804626,-0.03239066153764725,0.7583400011062622,0.6668092012405396,-0.04000592231750488,0.7739402651786804,0.6400320529937744,-0.04560043662786484,h
0.6643332839012146,0.8635277152061462,-1.1656804410620225e-09,0.6301775574684143,0.8349452614784241,-0.009134918451309204,0.6140816807746887,0.7680075168609619,-0.012524768710136414,0.6209173202514648,0.7205049395561218,-0.016929112374782562,0.6451757550239563,0.6985204219818115,-0.020913392305374146,0.6405511498451233,0.7065775394439697,0.009634261950850487,0.6392374634742737,0.6547681093215942,0.0037717807572335005,0.6347454190254211,0.6238897442817688,-0.00016404487541876733,0.6345013976097107,0.5929403305053711,-0.0056745936162769794,0.6668922305107117,0.7047282457351685,0.0016198032535612583,0.6651830077171326,0.6416929960250854,-0.024474212899804115,0.6533765196800232,0.667457640171051,-0.035402365028858185,0.6502056121826172,0.7005298733711243,-0.033593710511922836,0.691429615020752,0.7128673195838928,-0.009684987366199493,0.6970552802085876,0.6513956189155579,-0.02997749112546444,0.695385217666626,0.6103342771530151,-0.042750272899866104,0.697982907295227,0.5725239515304565,-0.04781419783830643,0.7149746417999268,0.7300760746002197,-0.02155139297246933,0.7406566739082336,0.6938244700431824,-0.03300495073199272,0.7585070729255676,0.6679303646087646,-0.04029838740825653,0.7739155888557434,0.6404693126678467,-0.045719414949417114,h
0.6660631895065308,0.865294337272644,-1.1090401486057999e-08,0.6313785910606384,0.8374581933021545,-0.008603866212069988,0.6150599122047424,0.7700493335723877,-0.011941365897655487,0.6229660511016846,0.7227620482444763,-0.016492966562509537,0.6473391056060791,0.7036338448524475,-0.020857417955994606,0.6410612463951111,0.7074637413024902,0.00973774679005146,0.6399308443069458,0.6554888486862183,0.003930983599275351,0.6355304718017578,0.6246018409729004,-0.00019048777176067233,0.6350910067558289,0.5937822461128235,-0.005848579574376345,0.6679304242134094,0.7055699825286865,0.0015236504841595888,0.6654293537139893,0.6455023884773254,-0.024077419191598892,0.6550779342651367,0.6728725433349609,-0.03469063341617584,0.6535537838935852,0.7053375840187073,-0.0328429713845253,0.6927826404571533,0.7136682271957397,-0.009959718212485313,0.6971861720085144,0.6511392593383789,-0.029778795316815376,0.6959425806999207,0.6093870997428894,-0.04220859333872795,0.6986916661262512,0.5702566504478455,-0.04722420871257782,0.7165457010269165,0.731428861618042,-0.021962162107229233,0.7411239147186279,0.6943288445472717,-0.03297772258520126,0.7582935094833374,0.6686075925827026,-0.03963696211576462,0.773208737373352,0.6411751508712769,-0.044676683843135834,h
0.6661104559898376,0.8666468858718872,-9.545277457334578e-09,0.6317119002342224,0.8378872275352478,-0.008178510703146458,0.6164983510971069,0.7729625105857849,-0.01129058375954628,0.6255157589912415,0.7278666496276855,-0.015450708568096161,0.6498092412948608,0.7083048820495605,-0.01947564072906971,0.6411870718002319,0.7101462483406067,0.008048247545957565,0.6402138471603394,0.6585263609886169,0.0015705503756180406,0.6371714472770691,0.6271333694458008,-0.0033418687526136637,0.6378999948501587,0.5960649251937866,-0.00934187788516283,0.6683148741722107,0.7078706622123718,0.0002228251105407253,0.6674335598945618,0.6492401361465454,-0.024312622845172882,0.6585260033607483,0.6723752021789551,-0.03516848757863045,0.6563659906387329,0.7025191783905029,-0.03427327796816826,0.693734884262085,0.7161411643028259,-0.010636508464813232,0.6995013952255249,0.6535309553146362,-0.029649054631590843,0.6984847784042358,0.6124264597892761,-0.04175950586795807,0.7006126046180725,0.5748254656791687,-0.046895161271095276,0.7177115082740784,0.7343831658363342,-0.021963810548186302,0.7421876788139343,0.6974306702613831,-0.03272698074579239,0.758522093296051,0.6707842946052551,-0.03922916576266289,0.7726200222969055,0.6431225538253784,-0.04410906881093979,h
0.6645866632461548,0.8676048517227173,-2.7126411339395418e-08,0.631580650806427,0.8396645188331604,-0.005602078512310982,0.616684079170227,0.7728396058082581,-0.007143966853618622,0.626491367816925,0.7273938059806824,-0.01036837324500084,0.6510650515556335,0.7148321866989136,-0.0137382997199893,0.641223669052124,0.7124083638191223,0.010507619939744473,0.6413726806640625,0.6602413058280945,0.0052501303143799305,0.6386289000511169,0.6285167932510376,0.0010593110928311944,0.6393551826477051,0.5969311594963074,-0.0046431091614067554,0.6681815385818481,0.7113561034202576,0.0017386036925017834,0.6671611666679382,0.6578397750854492,-0.022351138293743134,0.659211277961731,0.6822497248649597,-0.03322635963559151,0.6580102443695068,0.7103766202926636,-0.032305289059877396,0.6934136152267456,0.719646692276001,-0.009809252806007862,0.6994755268096924,0.656204879283905,-0.029041053727269173,0.6994002461433411,0.6139628291130066,-0.04225512221455574,0.7019968032836914,0.574079155921936,-0.048113640397787094,0.7174746990203857,0.7373971343040466,-0.02146085351705551,0.7430088520050049,0.7021564841270447,-0.03235912695527077,0.7596285343170166,0.6754025220870972,-0.03943263739347458,0.7741038799285889,0.6470235586166382,-0.044810522347688675,h
0.6668579578399658,0.8714085817337036,-6.071158686893341e-09,0.633014440536499,0.8431861400604248,-0.005556246731430292,0.6185117363929749,0.7758516073226929,-0.005820339545607567,0.6280718445777893,0.7310240864753723,-0.0076042842119932175,0.6524699926376343,0.7165266871452332,-0.009248137474060059,0.6436823010444641,0.7174459099769592,0.012361922301352024,0.6427083611488342,0.6651530265808105,0.008120881393551826,0.639927327632904,0.6330965757369995,0.0048402235843241215,0.6415717601776123,0.601659893989563,-0.0003509065427351743,0.6700720191001892,0.7160632610321045,0.0038372252602130175,0.6695709824562073,0.6566301584243774,-0.01945934072136879,0.659773588180542,0.6778116822242737,-0.029985355213284492,0.656832218170166,0.7063782811164856,-0.028958171606063843,0.6947690844535828,0.7240177989006042,-0.007620683871209621,0.7007691860198975,0.6618673801422119,-0.026049485430121422,0.7003278732299805,0.6213899254798889,-0.038960184901952744,0.7030174732208252,0.5850836634635925,-0.04453650489449501,0.7188075184822083,0.7409949898719788,-0.01940121315419674,0.7442612051963806,0.7035227417945862,-0.030548065900802612,0.7613459229469299,0.6766687035560608,-0.038570985198020935,0.7759566903114319,0.6493502259254456,-0.044539861381053925,h
0.6681830286979675,0.8747893571853638,-5.595812258007982e-09,0.634403645992279,0.8459601402282715,-0.006399662233889103,0.6189813613891602,0.7820057272911072,-0.008619280532002449,0.6274389028549194,0.736168384552002,-0.012263553217053413,0.6516798138618469,0.7148119211196899,-0.015712806954979897,0.644241452217102,0.7206284403800964,0.009932830929756165,0.643367350101471,0.6669027805328369,0.004580710548907518,0.6408960223197937,0.6343905925750732,0.0005047059967182577,0.6424245834350586,0.6030514240264893,-0.004991825204342604,0.6707236766815186,0.7188364863395691,0.0019309932831674814,0.6690043210983276,0.661453366279602,-0.021214697510004044,0.6607812643051147,0.6823955774307251,-0.03185410052537918,0.658704936504364,0.7097444534301758,-0.031469784677028656,0.6957153081893921,0.7261533141136169,-0.008955388329923153,0.7015215158462524,0.663827121257782,-0.027267031371593475,0.7017503380775452,0.6244135499000549,-0.03954022377729416,0.7048562169075012,0.5888618230819702,-0.0450400672852993,0.7200166583061218,0.7426601052284241,-0.020175164565443993,0.7446342706680298,0.7049619555473328,-0.03130251541733742,0.7619553804397583,0.6791291236877441,-0.03874966874718666,0.7771088480949402,0.6525672674179077,-0.044292159378528595,h
0.666495680809021,0.8757060766220093,-5.0241824034458205e-09,0.6337157487869263,0.8452466130256653,-0.005669823847711086,0.6209248900413513,0.7825508117675781,-0.00800712127238512,0.631994366645813,0.7406676411628723,-0.01179293729364872,0.6555919051170349,0.7221320271492004,-0.015779880806803703,0.6448166966438293,0.7209733724594116,0.008426484651863575,0.6449355483055115,0.667961835861206,0.0029711462557315826,0.6433153748512268,0.6355153918266296,-0.0017699109157547355,0.644295871257782,0.6050822138786316,-0.007607695180922747,0.6716536283493042,0.7204028964042664,0.0004266764735803008,0.6707200407981873,0.6685673594474792,-0.021750930696725845,0.664235532283783,0.6887297034263611,-0.03254366293549538,0.6628453731536865,0.7140744924545288,-0.03280056267976761,0.6967751979827881,0.7288509607315063,-0.010250548832118511,0.7024507522583008,0.6670002937316895,-0.028107427060604095,0.7033094167709351,0.6252967715263367,-0.04079567268490791,0.7063396573066711,0.5870545506477356,-0.046979378908872604,0.7207303047180176,0.7462915778160095,-0.021051395684480667,0.7455376386642456,0.7096601128578186,-0.03190271556377411,0.7626465559005737,0.6837493181228638,-0.0388832688331604,0.7776479125022888,0.6572978496551514,-0.0441201813519001,h
0.6689761877059937,0.8807737231254578,-1.6111819434172503e-08,0.6339594125747681,0.8512829542160034,-0.005310071166604757,0.6208142042160034,0.7859137058258057,-0.0057876682840287685,0.6336385011672974,0.7443859577178955,-0.007414733525365591,0.6579744815826416,0.73111891746521,-0.009131839498877525,0.6469758749008179,0.7255834341049194,0.01089522521942854,0.6468645334243774,0.6745985746383667,0.006144812796264887,0.6452417373657227,0.6419830322265625,0.0019788972567766905,0.6472483277320862,0.6106043457984924,-0.003699913853779435,0.6743489503860474,0.7254549860954285,0.002467055106535554,0.6744484305381775,0.6686804294586182,-0.020116498693823814,0.6660243272781372,0.6913344860076904,-0.030368275940418243,0.6634109020233154,0.7198658585548401,-0.029453281313180923,0.6989926695823669,0.7346887588500977,-0.008843103423714638,0.7059909701347351,0.6732276678085327,-0.02674204111099243,0.7066622972488403,0.6304290890693665,-0.03970392420887947,0.7098643183708191,0.5913936495780945,-0.04566041752696037,0.7226659655570984,0.7529928088188171,-0.020307812839746475,0.7469727396965027,0.7170078158378601,-0.030137324705719948,0.7635022401809692,0.6911343336105347,-0.03678540512919426,0.7771778702735901,0.6650338768959045,-0.04206392541527748,h
0.6728437542915344,0.9033161401748657,-2.994336512074369e-08,0.6390606164932251,0.8699396252632141,-0.006430115085095167,0.6250691413879395,0.8104413747787476,-0.010305861942470074,0.6374109983444214,0.770800769329071,-0.015708524733781815,0.6602534055709839,0.7514981031417847,-0.021310491487383842,0.6515067219734192,0.7461876273155212,0.00633208779618144,0.6537038683891296,0.6948959827423096,-4.255662588548148e-06,0.6539350152015686,0.6610053181648254,-0.005116237327456474,0.6554133892059326,0.6311246752738953,-0.01115091796964407,0.6783551573753357,0.7474730014801025,-0.002206376288086176,0.6787920594215393,0.6942299008369446,-0.02498304285109043,0.6712198257446289,0.714483380317688,-0.03526650741696358,0.6675379276275635,0.7422851324081421,-0.03546229377388954,0.7034088969230652,0.7574383616447449,-0.013538378290832043,0.7115487456321716,0.6961629390716553,-0.032174911350011826,0.7135052680969238,0.6563604474067688,-0.04443339258432388,0.7167602777481079,0.6234564781188965,-0.05051343888044357,0.7263919711112976,0.7754168510437012,-0.02507103607058525,0.7518482208251953,0.7372931241989136,-0.036931853741407394,0.7702876329421997,0.7122236490249634,-0.04389597475528717,0.7862530946731567,0.6879664659500122,-0.04917408898472786,h
0.6715486645698547,0.9095317125320435,-6.475861180632592e-09,0.639955997467041,0.8778242468833923,-0.006508717779070139,0.6258742213249207,0.8196560740470886,-0.011233141645789146,0.6329589486122131,0.7777309417724609,-0.017560340464115143,0.6548564434051514,0.7532777190208435,-0.023790797218680382,0.6521057486534119,0.7547557950019836,0.006088817957788706,0.6528642177581787,0.7013198137283325,-0.0014133851509541273,0.6529130935668945,0.6661472916603088,-0.007742214482277632,0.654384970664978,0.6343969106674194,-0.014215899631381035,0.6778099536895752,0.7540798187255859,-0.0018219052581116557,0.6766048669815063,0.7078012824058533,-0.024233460426330566,0.6689572930335999,0.7276570796966553,-0.035070084035396576,0.6646381616592407,0.7507721185684204,-0.035794056951999664,0.7023904919624329,0.7622249722480774,-0.012447349727153778,0.7093269228935242,0.702113151550293,-0.030414335429668427,0.7113937735557556,0.6623523831367493,-0.04172762483358383,0.7140682935714722,0.6258906722068787,-0.047098349779844284,0.7259683012962341,0.7798632979393005,-0.023309627547860146,0.7513259649276733,0.742660641670227,-0.03430919349193573,0.7695329189300537,0.7173601388931274,-0.04017755389213562,0.7851686477661133,0.6920753717422485,-0.044317491352558136,h
0.670818567276001,0.9144835472106934,-1.0816850748440743e-09,0.6392630338668823,0.884009063243866,-0.0067430222406983376,0.6262226104736328,0.8260406851768494,-0.01053912565112114,0.6329866051673889,0.7852932810783386,-0.015708472579717636,0.6547250151634216,0.7646771669387817,-0.020734958350658417,0.6513122320175171,0.7613832354545593,0.006305550690740347,0.653221607208252,0.7079272270202637,-0.0011347350664436817,0.652856707572937,0.6733051538467407,-0.006798547692596912,0.6554335355758667,0.6416876912117004,-0.012818217277526855,0.6771690249443054,0.7612993717193604,-0.0014730064431205392,0.6767128705978394,0.7095176577568054,-0.024876628071069717,0.6689705848693848,0.7304674983024597,-0.03526897728443146,0.6659693717956543,0.7559045553207397,-0.034997377544641495,0.7022340297698975,0.7698068618774414,-0.012074668891727924,0.7089980840682983,0.7085483074188232,-0.030827021226286888,0.7112147212028503,0.669257640838623,-0.04224744811654091,0.7152330875396729,0.6326614618301392,-0.047082267701625824,0.726429283618927,0.787628173828125,-0.022934751585125923,0.7515580654144287,0.7492244839668274,-0.03427839279174805,0.7697900533676147,0.7239206433296204,-0.04048081487417221,0.7854805588722229,0.6981053948402405,-0.04473518207669258,h
0.6711671352386475,0.917491614818573,-5.289025661880942e-09,0.6396633982658386,0.8899216651916504,-0.007190042175352573,0.6248629093170166,0.8298142552375793,-0.010778945870697498,0.631559431552887,0.7871506810188293,-0.015340348705649376,0.6536009907722473,0.7678133249282837,-0.019646786153316498,0.6498016119003296,0.7662360668182373,0.005225063767284155,0.6516148447990417,0.7119287848472595,-0.0023237522691488266,0.6513486504554749,0.6776478886604309,-0.007778159808367491,0.6551799774169922,0.6457056403160095,-0.0137730548158288,0.6762022376060486,0.7663381099700928,-0.0024910415522754192,0.6768449544906616,0.7135224938392639,-0.027230296283960342,0.668030858039856,0.7365618348121643,-0.037340372800827026,0.665324866771698,0.7637988328933716,-0.03629106655716896,0.7012320756912231,0.7754635810852051,-0.01305689848959446,0.7087289094924927,0.7136980295181274,-0.03273202106356621,0.7106295824050903,0.6728497743606567,-0.04432938992977142,0.7148661017417908,0.6343753337860107,-0.049117352813482285,0.7250366806983948,0.7940802574157715,-0.023815125226974487,0.7501491904258728,0.7566187977790833,-0.035788848996162415,0.7680749297142029,0.7309255599975586,-0.04225679859519005,0.7837486267089844,0.703910231590271,-0.04674317315220833,h
0.6712640523910522,0.9217237830162048,-7.019692827014978e-09,0.6396796107292175,0.8946060538291931,-0.005665510427206755,0.6243032813072205,0.833888053894043,-0.008172684349119663,0.6305245161056519,0.791578471660614,-0.011961509473621845,0.6528693437576294,0.7789945006370544,-0.015615805052220821,0.6506267786026001,0.7696033120155334,0.005539941601455212,0.6522882580757141,0.7141159772872925,-0.0019617327488958836,0.6517027616500854,0.6783539056777954,-0.007932172156870365,0.654836893081665,0.6463049054145813,-0.014211130328476429,0.6759394407272339,0.7703301906585693,-0.0019212018232792616,0.6750136017799377,0.7203171253204346,-0.025074604898691177,0.6663217544555664,0.7419724464416504,-0.03467565402388573,0.6635387539863586,0.7665024995803833,-0.03381229564547539,0.70046067237854,0.7789943218231201,-0.012003657408058643,0.7072210311889648,0.7177860736846924,-0.03004986234009266,0.7079806923866272,0.6792374849319458,-0.040988072752952576,0.7111966609954834,0.6433367729187012,-0.045579079538583755,0.7238250374794006,0.7970678806304932,-0.02233911119401455,0.7483051419258118,0.7609354257583618,-0.03336844593286514,0.7659664750099182,0.73649662733078,-0.039747029542922974,0.7821942567825317,0.7108875513076782,-0.04406997188925743,h
0.6717621684074402,0.9277422428131104,9.204558004682895e-09,0.640723466873169,0.8997717499732971,-0.0069519877433776855,0.6258442401885986,0.8417878746986389,-0.011382175609469414,0.6322755813598633,0.8009446263313293,-0.016991760581731796,0.6548398733139038,0.782745361328125,-0.022544201463460922,0.6503979563713074,0.7741899490356445,0.0038219583220779896,0.6522706151008606,0.7183351516723633,-0.004456519614905119,0.6526480317115784,0.6823187470436096,-0.01090338546782732,0.6559224128723145,0.6503744125366211,-0.017478877678513527,0.6756124496459961,0.7745590209960938,-0.0035452344454824924,0.6748946905136108,0.7254374027252197,-0.027371974661946297,0.6673994064331055,0.7480807900428772,-0.037294626235961914,0.6649701595306396,0.7736932039260864,-0.0368468202650547,0.7003101110458374,0.7837383151054382,-0.013666480779647827,0.7066325545310974,0.7233355641365051,-0.03246437758207321,0.7085663080215454,0.6850680112838745,-0.04327800124883652,0.7124059200286865,0.6488248109817505,-0.04790028557181358,0.7238102555274963,0.8027839660644531,-0.024059507995843887,0.7477656602859497,0.7654755711555481,-0.03592213988304138,0.7656410932540894,0.7418621182441711,-0.042027536779642105,0.7817999124526978,0.7167510986328125,-0.046124376356601715,h
0.673441469669342,0.9306580424308777,-7.563127901732969e-09,0.6413365006446838,0.9019373655319214,-0.006903455127030611,0.6258434057235718,0.8461225628852844,-0.0117042800411582,0.6329463720321655,0.8065797686576843,-0.017715316265821457,0.6546144485473633,0.7865104675292969,-0.023756643757224083,0.6505441665649414,0.7773743271827698,0.0024270827416330576,0.6523979306221008,0.7216383814811707,-0.0059892856515944,0.6528351902961731,0.6856396198272705,-0.012507419101893902,0.6552166938781738,0.6543590426445007,-0.018945828080177307,0.6762473583221436,0.7774624228477478,-0.0047664521262049675,0.6726354956626892,0.7326765060424805,-0.028011726215481758,0.6654173135757446,0.7541356086730957,-0.03821055591106415,0.6630303263664246,0.7774908542633057,-0.03842325136065483,0.7010401487350464,0.7860004305839539,-0.014631354250013828,0.7058518528938293,0.7261828184127808,-0.033943068236112595,0.7080437541007996,0.6887291669845581,-0.04558621346950531,0.7116866707801819,0.6532119512557983,-0.05087704211473465,0.7246547341346741,0.8038374185562134,-0.024595310911536217,0.7484115362167358,0.7677580118179321,-0.03765633702278137,0.7663314342498779,0.7446172833442688,-0.04454599693417549,0.7826095223426819,0.72020024061203,-0.04896074905991554,h
0.6735246181488037,0.9338994026184082,-2.2460555637593416e-09,0.6406574249267578,0.9055415987968445,-0.007780235260725021,0.6254643797874451,0.8472192287445068,-0.012013088911771774,0.6359339356422424,0.8079479932785034,-0.016982577741146088,0.6588111519813538,0.7880686521530151,-0.021711165085434914,0.6501796841621399,0.7795767784118652,0.004201531410217285,0.653263509273529,0.7259405255317688,-0.0037245526909828186,0.6538224220275879,0.6915718913078308,-0.009748433716595173,0.657429575920105,0.6598029732704163,-0.016155265271663666,0.6770267486572266,0.78028804063797,-0.0032622504513710737,0.6756945252418518,0.7310858368873596,-0.02813398838043213,0.6687824726104736,0.7579485774040222,-0.03840254992246628,0.6683691740036011,0.7869066596031189,-0.03759072721004486,0.7016419768333435,0.7897387742996216,-0.013650763779878616,0.7082281708717346,0.7301430106163025,-0.033687714487314224,0.7102463841438293,0.6916718482971191,-0.04546390473842621,0.7145698666572571,0.6547554731369019,-0.050410907715559006,0.7251538634300232,0.8087985515594482,-0.024232668802142143,0.7490355372428894,0.774135947227478,-0.03681621327996254,0.7664724588394165,0.7508901953697205,-0.043262019753456116,0.7816615104675293,0.7255235314369202,-0.047615762799978256,h
0.6756015419960022,0.9374630451202393,2.04033394624048e-08,0.6423393487930298,0.9100790023803711,-0.008052591234445572,0.6253841519355774,0.8507731556892395,-0.012062745168805122,0.634413480758667,0.810479998588562,-0.016869282349944115,0.6587393283843994,0.7928370237350464,-0.021508516743779182,0.6508726477622986,0.7851901054382324,0.0024076688569039106,0.6529347896575928,0.7297891974449158,-0.005544655490666628,0.6544927954673767,0.6941020488739014,-0.01201673410832882,0.6586177945137024,0.6613352298736572,-0.018753232434391975,0.6771811246871948,0.7850152254104614,-0.004320089239627123,0.6760563850402832,0.7374550700187683,-0.02735069952905178,0.6701218485832214,0.7570499181747437,-0.03778240084648132,0.6686632037162781,0.779940128326416,-0.03819950297474861,0.701964795589447,0.7936431169509888,-0.01377731654793024,0.7089818716049194,0.733902096748352,-0.03268010914325714,0.7114150524139404,0.6952952742576599,-0.04427006095647812,0.7155152559280396,0.6585513353347778,-0.049560509622097015,0.7257136702537537,0.8116745352745056,-0.023558100685477257,0.7505724430084229,0.7754150032997131,-0.03615978732705116,0.7684875130653381,0.7508636713027954,-0.04306056722998619,0.7844716310501099,0.724847674369812,-0.04771050438284874,h
0.6768360733985901,0.9397687911987305,1.51995802610827e-08,0.6448936462402344,0.9131717681884766,-0.00953808892518282,0.6277577877044678,0.8555212616920471,-0.015097447670996189,0.6357296705245972,0.8149921298027039,-0.021209605038166046,0.66000896692276,0.7953885197639465,-0.026999905705451965,0.6530629992485046,0.7876721620559692,0.0004976204363629222,0.6551492214202881,0.7318397760391235,-0.008485051803290844,0.6552746295928955,0.697003960609436,-0.01533918734639883,0.6587749123573303,0.6642259359359741,-0.02239094488322735,0.6787763237953186,0.7875940799713135,-0.006176561117172241,0.677204966545105,0.7381107211112976,-0.03134435415267944,0.6697226762771606,0.7602434158325195,-0.042083125561475754,0.6679427027702332,0.7847685813903809,-0.042076848447322845,0.703498363494873,0.7964312434196472,-0.015667201951146126,0.7112253308296204,0.735682487487793,-0.03530346602201462,0.7134808301925659,0.6974952816963196,-0.04602415859699249,0.7177950739860535,0.6603009700775146,-0.050486937165260315,0.7272993326187134,0.8150963187217712,-0.025701060891151428,0.7517935037612915,0.7780499458312988,-0.03869384527206421,0.7690119743347168,0.7529208660125732,-0.04527667537331581,0.7844979166984558,0.7252670526504517,-0.0495266355574131,h
0.6795044541358948,0.9463605880737305,1.872064281371877e-08,0.646636426448822,0.9179263114929199,-0.009752185083925724,0.6294497847557068,0.8587244153022766,-0.015177542343735695,0.639167070388794,0.8199172019958496,-0.021087830886244774,0.6642972826957703,0.8017064332962036,-0.026700537651777267,0.6574640870094299,0.7910183072090149,0.003615865483880043,0.6589346528053284,0.7369087338447571,-0.0027045076712965965,0.6583725214004517,0.7037883400917053,-0.007992715574800968,0.6617005467414856,0.6714203357696533,-0.01458703726530075,0.683556079864502,0.7921334505081177,-0.003502313978970051,0.6814255118370056,0.7406198978424072,-0.028045592829585075,0.6723601818084717,0.7685260772705078,-0.038879577070474625,0.6709543466567993,0.7996538877487183,-0.038527920842170715,0.7076859474182129,0.8019501566886902,-0.013559374026954174,0.7145362496376038,0.7405266165733337,-0.03228551521897316,0.7159966230392456,0.7023212313652039,-0.0440412200987339,0.7202787399291992,0.6664810180664062,-0.0493798553943634,0.731011688709259,0.8215314745903015,-0.024157095700502396,0.7552396655082703,0.7849109172821045,-0.03544773906469345,0.7723364233970642,0.760570764541626,-0.0418531708419323,0.7876471281051636,0.7340710163116455,-0.04662815108895302,h
0.6800177693367004,0.9484766125679016,3.351690125441564e-08,0.648033618927002,0.9188499450683594,-0.009370310232043266,0.6318337321281433,0.8607172966003418,-0.015556260012090206,0.6398446559906006,0.819655179977417,-0.022437281906604767,0.6645769476890564,0.7992613911628723,-0.028984950855374336,0.6570331454277039,0.7946090698242188,0.002011130331084132,0.6580414175987244,0.7390215396881104,-0.006697424221783876,0.6581076383590698,0.7045438289642334,-0.01325956266373396,0.6617564558982849,0.6731953620910645,-0.019983572885394096,0.6827996373176575,0.7945657968521118,-0.004832771606743336,0.6816462278366089,0.7408993244171143,-0.029689384624361992,0.6730185747146606,0.7616499662399292,-0.04024617001414299,0.6702069640159607,0.7860903739929199,-0.03996781259775162,0.7074967622756958,0.8038221597671509,-0.014604517258703709,0.714635968208313,0.7424823641777039,-0.033844783902168274,0.7158175110816956,0.7033116221427917,-0.04463242366909981,0.7194385528564453,0.6664952039718628,-0.049131736159324646,0.7314177751541138,0.8224625587463379,-0.024926718324422836,0.7549482583999634,0.7854373455047607,-0.03712089732289314,0.771580696105957,0.7600617408752441,-0.04356340318918228,0.7866509556770325,0.732978105545044,-0.04788725823163986,h
0.6802951693534851,0.946540355682373,3.7453020240718615e-08,0.6489800214767456,0.91830974817276,-0.009370489977300167,0.6332203149795532,0.8604787588119507,-0.01542988233268261,0.6409184336662292,0.8191953301429749,-0.02211831510066986,0.664673388004303,0.7975329160690308,-0.02837054803967476,0.6580740213394165,0.7937465906143188,0.002420918084681034,0.6589661836624146,0.7379158139228821,-0.0059224520809948444,0.6587079763412476,0.7040829062461853,-0.011889740824699402,0.6629782915115356,0.6730223894119263,-0.018357787281274796,0.6834740042686462,0.7937629818916321,-0.0046971943229436874,0.6819762587547302,0.7376322746276855,-0.030577123165130615,0.6723074913024902,0.7603501081466675,-0.041082266718149185,0.6695863604545593,0.7870011329650879,-0.04026664048433304,0.7078633308410645,0.8031933903694153,-0.014781001023948193,0.7152293920516968,0.7418225407600403,-0.034606363624334335,0.7162594199180603,0.7031370401382446,-0.04561229050159454,0.7202073931694031,0.6666834354400635,-0.050093602389097214,0.7317076325416565,0.821955680847168,-0.025411760434508324,0.7561805248260498,0.78566575050354,-0.0383940264582634,0.7731575965881348,0.760352611541748,-0.04565371945500374,0.7882722020149231,0.7329745888710022,-0.05054359510540962,h
0.6804274320602417,0.9438212513923645,2.794031850328338e-08,0.6495445966720581,0.9158579707145691,-0.009061213582754135,0.6337260603904724,0.8587334156036377,-0.014673877507448196,0.6410621404647827,0.8181218504905701,-0.020927689969539642,0.6648189425468445,0.7987477779388428,-0.026763973757624626,0.6576772332191467,0.7914769649505615,0.0029327410738915205,0.6589102745056152,0.736120879650116,-0.005304321181029081,0.6584591269493103,0.7024287581443787,-0.010587668977677822,0.6628925800323486,0.6713363528251648,-0.01649339310824871,0.6831899881362915,0.7914618849754333,-0.004405986983329058,0.6819273233413696,0.7350364923477173,-0.030494043603539467,0.6711850166320801,0.759675145149231,-0.04023320600390434,0.6682698130607605,0.7874254584312439,-0.03846674785017967,0.7077086567878723,0.8012651801109314,-0.014790713787078857,0.7156926393508911,0.7404285073280334,-0.03538426756858826,0.7167083024978638,0.7017556428909302,-0.04661959409713745,0.7208703756332397,0.6647244095802307,-0.05087323486804962,0.7311825752258301,0.820368766784668,-0.025585217401385307,0.7559183835983276,0.7852151989936829,-0.03908349946141243,0.7728530764579773,0.7606260776519775,-0.046449486166238785,0.7879869937896729,0.7332847714424133,-0.05127920210361481,h
0.6815275549888611,0.9433714747428894,2.6104833850126852e-08,0.6498855352401733,0.915476381778717,-0.008880496956408024,0.6338035464286804,0.858253538608551,-0.0146049028262496,0.6404596567153931,0.8173008561134338,-0.0211042333394289,0.6648355722427368,0.799436092376709,-0.027128588408231735,0.6578671336174011,0.7905585169792175,0.0039108493365347385,0.6592879295349121,0.7354084849357605,-0.00398781755939126,0.6582977175712585,0.7018155455589294,-0.00932636670768261,0.6625964045524597,0.6704487800598145,-0.015360822901129723,0.683471143245697,0.790472149848938,-0.003365171840414405,0.6822898387908936,0.7350751757621765,-0.02913484163582325,0.6709579825401306,0.7602050304412842,-0.03880828619003296,0.6678904294967651,0.7880076766014099,-0.03705422952771187,0.7082027792930603,0.7997389435768127,-0.013652902096509933,0.7159883975982666,0.7392738461494446,-0.03333013132214546,0.7165977954864502,0.7005949020385742,-0.04391865059733391,0.720763087272644,0.6638867259025574,-0.047896608710289,0.7319974899291992,0.81852787733078,-0.024476634338498116,0.7563571333885193,0.7831594347953796,-0.036688756197690964,0.7730938792228699,0.7583492994308472,-0.04330909997224808,0.7883618474006653,0.7310391664505005,-0.04776494577527046,h
0.6819708943367004,0.9403154850006104,4.0534953171800225e-08,0.6505558490753174,0.9121687412261963,-0.008754371665418148,0.6342999339103699,0.855013370513916,-0.014306663535535336,0.6416013240814209,0.8142412900924683,-0.020587923005223274,0.664287269115448,0.7916111350059509,-0.0264646727591753,0.6572946906089783,0.7857682704925537,0.00401163287460804,0.6586117744445801,0.7316350340843201,-0.0034984133671969175,0.6582287549972534,0.6978299617767334,-0.008835106156766415,0.662509024143219,0.6670540571212769,-0.014924128539860249,0.6833006739616394,0.785980224609375,-0.00344080594368279,0.6817253232002258,0.7313324809074402,-0.02866351045668125,0.6721930503845215,0.7547353506088257,-0.0388006791472435,0.6698653697967529,0.781610369682312,-0.03770386055111885,0.7082244753837585,0.7955372333526611,-0.013941938988864422,0.7156132459640503,0.7348653674125671,-0.03406355530023575,0.7168846726417542,0.6955327391624451,-0.045476339757442474,0.7211479544639587,0.6578988432884216,-0.050113413482904434,0.7324586510658264,0.8143388628959656,-0.024807943031191826,0.7577749490737915,0.7770787477493286,-0.03849001228809357,0.7751980423927307,0.751608669757843,-0.046007972210645676,0.7906556129455566,0.7236908078193665,-0.05095992982387543,h
0.6817241907119751,0.9395487308502197,3.672925075193234e-08,0.6500222682952881,0.9109088182449341,-0.008406510576605797,0.6337805390357971,0.8518821597099304,-0.01314071286469698,0.6411615610122681,0.8102313876152039,-0.018733281642198563,0.664777398109436,0.7909123301506042,-0.02380952425301075,0.6582762002944946,0.7856279611587524,0.006071762181818485,0.6600610017776489,0.7317914962768555,-0.0010648336028680205,0.6585747599601746,0.6979812383651733,-0.00575253926217556,0.6619695425033569,0.6670449376106262,-0.011423979885876179,0.6839494705200195,0.7855157256126404,-0.001581371994689107,0.6824195981025696,0.728324830532074,-0.02706495299935341,0.6722203493118286,0.7536588907241821,-0.03647349029779434,0.6702371835708618,0.7826579809188843,-0.03433046117424965,0.7086746692657471,0.7945994138717651,-0.012444505468010902,0.7151873707771301,0.7336452603340149,-0.03252919018268585,0.7157662510871887,0.6945023536682129,-0.04368612915277481,0.7196499705314636,0.6574388146400452,-0.04786278307437897,0.7330283522605896,0.8129831552505493,-0.023775625973939896,0.7581007480621338,0.7761931419372559,-0.03672560676932335,0.7753470540046692,0.7507383227348328,-0.04409073665738106,0.7906054854393005,0.7231053709983826,-0.04905569553375244,h
0.6827765107154846,0.9407623410224915,2.1547922557374477e-08,0.6499069929122925,0.912661075592041,-0.008380789309740067,0.6332039833068848,0.8519177436828613,-0.012979883700609207,0.6403061151504517,0.808900773525238,-0.018545150756835938,0.6652448177337646,0.7907096147537231,-0.0235371682792902,0.6583998799324036,0.7861747741699219,0.00793884415179491,0.659463107585907,0.732060432434082,0.0011311632115393877,0.6576476693153381,0.698549747467041,-0.003798841731622815,0.6608264446258545,0.6664457321166992,-0.009885427542030811,0.6843178272247314,0.785618782043457,0.00010721774742705747,0.682040274143219,0.7285727262496948,-0.025912081822752953,0.6705218553543091,0.7556154727935791,-0.03619515895843506,0.6677791476249695,0.7860450148582458,-0.034389711916446686,0.7088230848312378,0.7943015098571777,-0.010912563651800156,0.7151836156845093,0.733228862285614,-0.030805952847003937,0.7156404852867126,0.6934617161750793,-0.042151860892772675,0.7198130488395691,0.6557446718215942,-0.04643167182803154,0.7326974868774414,0.8125485777854919,-0.022467318922281265,0.7568614482879639,0.7766143679618835,-0.0344771184027195,0.7741144895553589,0.7515271306037903,-0.04132049158215523,0.7897825241088867,0.7240593433380127,-0.04607508331537247,h
0.6830257177352905,0.9405592083930969,1.967482177178681e-08,0.6506908535957336,0.9121695756912231,-0.00793642271310091,0.6340885162353516,0.8522930145263672,-0.01278750877827406,0.6414685249328613,0.8092419505119324,-0.018798816949129105,0.6656814217567444,0.7880570292472839,-0.02448858506977558,0.6569809317588806,0.786285936832428,0.0058400584384799,0.6582682132720947,0.7307044267654419,-0.0012769398745149374,0.6579883694648743,0.6968262791633606,-0.006430054549127817,0.661782443523407,0.6653288006782532,-0.012411297298967838,0.6833030581474304,0.7852157354354858,-0.001507389359176159,0.681460440158844,0.7326319813728333,-0.02626344934105873,0.6724251508712769,0.7570272088050842,-0.03651798516511917,0.6700397729873657,0.7837904095649719,-0.03563757985830307,0.7083225250244141,0.7932301759719849,-0.011801434680819511,0.714532732963562,0.7326450943946838,-0.03094400465488434,0.715426504611969,0.6939481496810913,-0.042003292590379715,0.7189884781837463,0.6570324301719666,-0.04659080505371094,0.7325423955917358,0.8106878399848938,-0.02253020368516445,0.7570308446884155,0.7752545475959778,-0.03459298610687256,0.7741190195083618,0.7501125335693359,-0.041479431092739105,0.7895236611366272,0.7230640649795532,-0.04622673988342285,h
0.6818000674247742,0.9381807446479797,1.6565204319363147e-08,0.650627851486206,0.9099534749984741,-0.007244115695357323,0.6345778107643127,0.850237250328064,-0.011961783282458782,0.6420988440513611,0.8085060119628906,-0.017995603382587433,0.6654631495475769,0.7869957685470581,-0.023865316063165665,0.6578354239463806,0.7837010025978088,0.006366418674588203,0.6592561602592468,0.7290540933609009,-0.0005299424519762397,0.6583788990974426,0.6958498358726501,-0.00553691852837801,0.6616604328155518,0.6653099060058594,-0.011507534421980381,0.6837006211280823,0.7835163474082947,-0.00185388361569494,0.6807001233100891,0.7312365770339966,-0.027201835066080093,0.6698358058929443,0.755949079990387,-0.03762730583548546,0.6665775775909424,0.7825554013252258,-0.03661811724305153,0.7085810899734497,0.7925191521644592,-0.013002020306885242,0.7156442999839783,0.7312521934509277,-0.03295443579554558,0.7166146039962769,0.6926488876342773,-0.04413861036300659,0.7204058766365051,0.6552250385284424,-0.048599280416965485,0.7326405644416809,0.8109052181243896,-0.024448659271001816,0.757158637046814,0.7747721076011658,-0.03769576549530029,0.7741386890411377,0.749694287776947,-0.0447562001645565,0.7894034385681152,0.7221763730049133,-0.04937520623207092,h
0.6828855872154236,0.9387702941894531,3.1751078211073036e-08,0.6510533094406128,0.9108754992485046,-0.00835656002163887,0.6346355080604553,0.8508889675140381,-0.013223356567323208,0.6409897804260254,0.8083606958389282,-0.019070269539952278,0.6647993922233582,0.7875669598579407,-0.02447192743420601,0.658898115158081,0.7846791744232178,0.00679864501580596,0.6590911149978638,0.7309178709983826,-0.00037702458212152123,0.6577764749526978,0.697373628616333,-0.005500832572579384,0.6612556576728821,0.6666417121887207,-0.011546147987246513,0.6846526861190796,0.7837632894515991,-0.001044884673319757,0.6829531192779541,0.7267134785652161,-0.026702865958213806,0.671893298625946,0.7510952949523926,-0.03689510375261307,0.6685006022453308,0.7797505259513855,-0.035383325070142746,0.70936119556427,0.7925789952278137,-0.012047916650772095,0.715485692024231,0.7317716479301453,-0.031981486827135086,0.7156042456626892,0.6927253603935242,-0.04302991181612015,0.7192757725715637,0.6558446884155273,-0.0472441203892231,0.7333546876907349,0.8109390735626221,-0.023552490398287773,0.7574319839477539,0.7742854356765747,-0.036430418491363525,0.7745076417922974,0.7490830421447754,-0.04348119720816612,0.7896828055381775,0.7220791578292847,-0.048228148370981216,h
0.6823896765708923,0.9387513399124146,1.4674576220841118e-08,0.6503697037696838,0.9100102782249451,-0.007901041768491268,0.6339859962463379,0.8504064679145813,-0.013216334395110607,0.640759289264679,0.8090541958808899,-0.01978183723986149,0.6644413471221924,0.7877717018127441,-0.026065491139888763,0.6587384343147278,0.7845074534416199,0.005755040794610977,0.6598865985870361,0.7287854552268982,-0.0012671559816226363,0.6586601734161377,0.6948449611663818,-0.006064536981284618,0.6618319153785706,0.6630653142929077,-0.011978515423834324,0.6845442652702332,0.784183144569397,-0.002302437787875533,0.6821571588516235,0.7313910126686096,-0.02798391506075859,0.671184778213501,0.7581474184989929,-0.038130927830934525,0.6681627035140991,0.7869202494621277,-0.036853499710559845,0.7092224359512329,0.7928387522697449,-0.013369893655180931,0.7151010036468506,0.7314416766166687,-0.03322905674576759,0.7153249979019165,0.6925066709518433,-0.04428873583674431,0.7188960909843445,0.6549949049949646,-0.048759687691926956,0.7332834005355835,0.8108046650886536,-0.02480878122150898,0.7577664852142334,0.7740412354469299,-0.037190161645412445,0.7750723958015442,0.748927652835846,-0.04386521875858307,0.7905570864677429,0.7215911149978638,-0.048515331000089645,h
0.6819633841514587,0.9375326633453369,4.283471710664344e-08,0.650746762752533,0.9086026549339294,-0.009235717356204987,0.6351576447486877,0.8505971431732178,-0.015295994468033314,0.6419456601142883,0.8093448281288147,-0.022267121821641922,0.6651760339736938,0.7877200245857239,-0.028794478625059128,0.6586169004440308,0.7838065028190613,0.00449388800188899,0.6592814922332764,0.7288644313812256,-0.003097367240116,0.6582747101783752,0.694757342338562,-0.008230186067521572,0.6620339751243591,0.6638608574867249,-0.014181193895637989,0.6843067407608032,0.7836413979530334,-0.003016478382050991,0.6827197670936584,0.7278434634208679,-0.02911236509680748,0.6717917919158936,0.7524282336235046,-0.03925836458802223,0.6685835719108582,0.7804504036903381,-0.037770263850688934,0.7089818716049194,0.7925018668174744,-0.013637794181704521,0.7155366539955139,0.7317548990249634,-0.03363419324159622,0.7159583568572998,0.6931661367416382,-0.044486235827207565,0.7196263074874878,0.6566528081893921,-0.04866255447268486,0.7328712940216064,0.810684084892273,-0.024830268695950508,0.757431149482727,0.7742624878883362,-0.03773707523941994,0.7745611667633057,0.7487152814865112,-0.044848401099443436,0.7898759841918945,0.7211630344390869,-0.04961250349879265,h
0.6820616126060486,0.9357500672340393,3.2288095752619483e-08,0.649885892868042,0.9068641066551208,-0.008685757406055927,0.6346886157989502,0.8481619954109192,-0.013608794659376144,0.6410059332847595,0.8069701790809631,-0.01921961084008217,0.6639415621757507,0.7866647243499756,-0.024316616356372833,0.6576963663101196,0.783916711807251,0.004386442247778177,0.6586322784423828,0.7284594178199768,-0.0033099395222961903,0.6584590673446655,0.6945773959159851,-0.008381536230444908,0.6627534627914429,0.6636078357696533,-0.014161091297864914,0.6836936473846436,0.7838221192359924,-0.003140535671263933,0.6838646531105042,0.7263436317443848,-0.029308930039405823,0.6725531220436096,0.7502580881118774,-0.03949972614645958,0.6679700016975403,0.778708279132843,-0.03789553418755531,0.7085418105125427,0.7927607297897339,-0.013708443380892277,0.7160963416099548,0.7327027320861816,-0.034004051238298416,0.716819703578949,0.6933196783065796,-0.045503485947847366,0.7203662395477295,0.6562546491622925,-0.04993116483092308,0.7325143814086914,0.8108218312263489,-0.0247099120169878,0.7576230764389038,0.7748529314994812,-0.03773478418588638,0.7750131487846375,0.7490170001983643,-0.04513336718082428,0.7901268601417542,0.7212513089179993,-0.05007284879684448,h
0.6795746684074402,0.9325805902481079,1.4307408591207604e-08,0.6477402448654175,0.9024238586425781,-0.0068667191080749035,0.6329469680786133,0.8438929915428162,-0.011028708890080452,0.6399995684623718,0.8051378130912781,-0.016317173838615417,0.6625592708587646,0.7878154516220093,-0.02140696719288826,0.6573704481124878,0.7797941565513611,0.00603673979640007,0.6605718731880188,0.7261332273483276,-0.00040358680416829884,0.6607592105865479,0.6938080191612244,-0.004946719389408827,0.6644909381866455,0.6641585230827332,-0.010492770932614803,0.6840530037879944,0.7815672755241394,-0.0023519648239016533,0.6828532814979553,0.7287664413452148,-0.02692335657775402,0.6709383130073547,0.753678560256958,-0.037015046924352646,0.6664696931838989,0.7813024520874023,-0.03583795949816704,0.7090219259262085,0.7913556694984436,-0.01363460160791874,0.716935396194458,0.7310805916786194,-0.03306880220770836,0.7183655500411987,0.6923390030860901,-0.04490937292575836,0.7223647832870483,0.6548236608505249,-0.049940258264541626,0.733052134513855,0.8109108805656433,-0.02512085624039173,0.7587478160858154,0.7763862609863281,-0.03746481239795685,0.7764626145362854,0.7514677047729492,-0.044504564255476,0.7917255163192749,0.7245943546295166,-0.04940247908234596,h
0.6770310401916504,0.9308584332466125,2.712323698972341e-08,0.6476515531539917,0.9012267589569092,-0.007952871732413769,0.6338157057762146,0.843387246131897,-0.012694082222878933,0.6403775215148926,0.8044053912162781,-0.01834295690059662,0.6614664793014526,0.7839733958244324,-0.02362416312098503,0.6605584621429443,0.7782260775566101,0.005249714478850365,0.6637141108512878,0.7246201038360596,-0.001685905852355063,0.6627145409584045,0.6915938258171082,-0.006294559687376022,0.6651530265808105,0.661960244178772,-0.011881394311785698,0.6857578754425049,0.7807248830795288,-0.0031632734462618828,0.6857652068138123,0.7249276638031006,-0.028825586661696434,0.6720205545425415,0.7488722205162048,-0.0390298031270504,0.6658582091331482,0.7772042751312256,-0.03745468705892563,0.709762692451477,0.7917041778564453,-0.014618214219808578,0.7179574966430664,0.7325853109359741,-0.03494652360677719,0.7190281748771667,0.6937269568443298,-0.046971388161182404,0.7228425741195679,0.6564868092536926,-0.05179310217499733,0.7329004406929016,0.8122531771659851,-0.02638576552271843,0.7588893175125122,0.7779399156570435,-0.03955771028995514,0.7768215537071228,0.7542935013771057,-0.0469374805688858,0.7922611236572266,0.7285692095756531,-0.05186749994754791,h
0.6784915328025818,0.9319239854812622,3.175728124915622e-08,0.6480175852775574,0.900926411151886,-0.009121746756136417,0.6334274411201477,0.8439575433731079,-0.015044838190078735,0.6386013627052307,0.8041343092918396,-0.02162642404437065,0.6599390506744385,0.7825489044189453,-0.027621738612651825,0.6613272428512573,0.7786821722984314,0.003454990452155471,0.6626656651496887,0.7241988182067871,-0.004466336686164141,0.6613783240318298,0.6899535655975342,-0.009274152107536793,0.6647493839263916,0.6603159308433533,-0.014692772179841995,0.6861885786056519,0.7811367511749268,-0.004052868112921715,0.6868959069252014,0.7235812544822693,-0.029741374775767326,0.6730340123176575,0.7469320297241211,-0.038776945322752,0.6665712594985962,0.7754063010215759,-0.03644027188420296,0.7101492285728455,0.791930079460144,-0.014736265875399113,0.7184718251228333,0.7329874038696289,-0.03427114337682724,0.7185701131820679,0.6948496699333191,-0.04441925883293152,0.7217164635658264,0.6597283482551575,-0.04811811074614525,0.7329819798469543,0.8119326233863831,-0.026019057258963585,0.7590303421020508,0.7769859433174133,-0.038517408072948456,0.7770603895187378,0.752535879611969,-0.04537711292505264,0.7928303480148315,0.726258397102356,-0.049977462738752365,h
0.6779359579086304,0.9314877390861511,2.3905398549572965e-08,0.646838903427124,0.9008974432945251,-0.008545578457415104,0.6318708658218384,0.8428841233253479,-0.014010675251483917,0.6368311047554016,0.8031343221664429,-0.02023918740451336,0.6582245826721191,0.78200364112854,-0.025973336771130562,0.6604127287864685,0.7784308791160583,0.004834454040974379,0.6627179980278015,0.7245191931724548,-0.002281924244016409,0.6612090468406677,0.6917983293533325,-0.006731872446835041,0.6639072299003601,0.6621347069740295,-0.012177773751318455,0.6856902837753296,0.7807736396789551,-0.003121843095868826,0.6853281855583191,0.7228615283966064,-0.02865208499133587,0.6710202693939209,0.7474184036254883,-0.03814764320850372,0.6648879051208496,0.7766323685646057,-0.03612801060080528,0.709586501121521,0.7917412519454956,-0.014174188487231731,0.7174303531646729,0.7330577969551086,-0.03370906040072441,0.7177099585533142,0.6948503851890564,-0.04434976354241371,0.7213398218154907,0.658669114112854,-0.04841308295726776,0.7324717044830322,0.8123275637626648,-0.02572002075612545,0.7586430311203003,0.7779421806335449,-0.03797401487827301,0.7769197225570679,0.7540215849876404,-0.04477398097515106,0.7927922010421753,0.7277702689170837,-0.049505289644002914,h
0.6772921681404114,0.9319487810134888,3.8244216682414844e-08,0.6461191177368164,0.9015699028968811,-0.008838135749101639,0.6311022043228149,0.8436707258224487,-0.015134952031075954,0.6359065175056458,0.8033658266067505,-0.022352047264575958,0.6582390069961548,0.7822651267051697,-0.029102127999067307,0.6610651016235352,0.7784944772720337,0.004761648830026388,0.6630076169967651,0.724151611328125,-0.0022664787247776985,0.6610989570617676,0.6908925771713257,-0.0066977981477975845,0.6637746095657349,0.6607808470726013,-0.012263339012861252,0.6858293414115906,0.7810580730438232,-0.003292149631306529,0.6857179403305054,0.7227916717529297,-0.029164334759116173,0.6708768010139465,0.7469369173049927,-0.03906194120645523,0.6642534732818604,0.7761493921279907,-0.03725327178835869,0.7095454931259155,0.7922295331954956,-0.014363919384777546,0.7172589898109436,0.7332231402397156,-0.03373100236058235,0.7174052000045776,0.6949270963668823,-0.04424860700964928,0.7210553884506226,0.6591330766677856,-0.048295777291059494,0.7321348786354065,0.8130314350128174,-0.026000050827860832,0.7586339116096497,0.7782861590385437,-0.03795400261878967,0.7769860625267029,0.754234254360199,-0.04463034123182297,0.7931180000305176,0.7282163500785828,-0.049334656447172165,h
0.6765270829200745,0.9315153956413269,3.5839981649132824e-08,0.6460334658622742,0.9013184309005737,-0.009666879661381245,0.6302457451820374,0.8454038500785828,-0.017704136669635773,0.634367048740387,0.805537760257721,-0.0265498086810112,0.656153678894043,0.7822818160057068,-0.03489426150918007,0.6604375243186951,0.7777977585792542,0.0026875955518335104,0.6639940738677979,0.7229081988334656,-0.0050384365022182465,0.6619125604629517,0.6896837949752808,-0.009666313417255878,0.6642299890518188,0.6593132615089417,-0.015370005741715431,0.6853159666061401,0.7812638282775879,-0.005383624229580164,0.6845740079879761,0.7248470783233643,-0.032504379749298096,0.6691932082176208,0.7525858283042908,-0.04231997951865196,0.6632798910140991,0.7832472920417786,-0.040215179324150085,0.7088730335235596,0.7926082611083984,-0.016501015052199364,0.716703474521637,0.7336650490760803,-0.036376435309648514,0.7175251841545105,0.6950454115867615,-0.046260736882686615,0.7221859693527222,0.6576113700866699,-0.04993003234267235,0.7315250039100647,0.8134701251983643,-0.02817445434629917,0.7577207684516907,0.7784247398376465,-0.04009094461798668,0.7764215469360352,0.7548672556877136,-0.046015482395887375,0.7930687069892883,0.7281567454338074,-0.05022438243031502,h
0.6772553324699402,0.9318471550941467,4.8497359017574126e-08,0.6467479467391968,0.9018993377685547,-0.009465716779232025,0.6309343576431274,0.8449180126190186,-0.016641978174448013,0.6352871656417847,0.804041862487793,-0.024726057425141335,0.6572926044464111,0.781298816204071,-0.03232416883111,0.6601815819740295,0.778281569480896,0.00376835442148149,0.6626554727554321,0.7247155904769897,-0.003950022626668215,0.6613001823425293,0.6911186575889587,-0.00888779852539301,0.6637574434280396,0.6614401936531067,-0.014625954441726208,0.6852428913116455,0.7808188796043396,-0.0039294068701565266,0.6847581267356873,0.7242657542228699,-0.0298464298248291,0.6710438132286072,0.7482638955116272,-0.03965189680457115,0.6653404235839844,0.776425302028656,-0.03787704184651375,0.7091841101646423,0.7918038368225098,-0.014694569632411003,0.7166584730148315,0.7334601879119873,-0.03421259671449661,0.7171411514282227,0.6953381896018982,-0.04428800567984581,0.7210584878921509,0.6590818762779236,-0.0480012446641922,0.7320743799209595,0.8128973841667175,-0.026065248996019363,0.758127748966217,0.7781788110733032,-0.03828486427664757,0.7765854001045227,0.7546963095664978,-0.04467981308698654,0.7930665016174316,0.7289179563522339,-0.04902921989560127,h
0.6769750714302063,0.9308764338493347,4.398896891188997e-08,0.6463879346847534,0.9009178876876831,-0.009144701063632965,0.6312366127967834,0.8435089588165283,-0.015955669805407524,0.6361563801765442,0.8035441637039185,-0.02362210489809513,0.6577626466751099,0.7815375328063965,-0.030833851546049118,0.6606036424636841,0.7776985168457031,0.00445631705224514,0.6628451347351074,0.7241384983062744,-0.002617341699078679,0.6612004637718201,0.6907455921173096,-0.006942830514162779,0.6637150645256042,0.6611446738243103,-0.012356908060610294,0.685420036315918,0.7803732752799988,-0.0034552239812910557,0.6841086745262146,0.7233335375785828,-0.029252544045448303,0.6702666282653809,0.7494461536407471,-0.0386480875313282,0.665178656578064,0.7792902588844299,-0.03642069548368454,0.7090035676956177,0.7914614677429199,-0.014461664482951164,0.7163774371147156,0.7332912683486938,-0.033754441887140274,0.7166438102722168,0.6944893598556519,-0.0438968762755394,0.7203534841537476,0.657343327999115,-0.04774204641580582,0.7314334511756897,0.8126260638237,-0.026035349816083908,0.757576584815979,0.7787850499153137,-0.037896834313869476,0.7760199308395386,0.7552201747894287,-0.04425258934497833,0.7921993732452393,0.7288945317268372,-0.04875832051038742,h
0.676531195640564,0.9306208491325378,5.286139526106126e-08,0.646226167678833,0.9007729291915894,-0.009728576056659222,0.6309754252433777,0.8446863293647766,-0.017253687605261803,0.6355523467063904,0.8050342798233032,-0.02564975433051586,0.6570396423339844,0.782068133354187,-0.03352135792374611,0.6606613993644714,0.7766925096511841,0.004224366508424282,0.6632393002510071,0.7228792309761047,-0.0029665001202374697,0.6611675024032593,0.6896473169326782,-0.007350254338234663,0.6633719205856323,0.6597787141799927,-0.01286438386887312,0.6852928400039673,0.7796760201454163,-0.0036207051016390324,0.6842661499977112,0.7228455543518066,-0.029873555526137352,0.6697086095809937,0.7498019337654114,-0.03932628035545349,0.6643656492233276,0.7802478671073914,-0.03701801598072052,0.7087624073028564,0.790891170501709,-0.01464754156768322,0.7157931923866272,0.732711672782898,-0.03421450033783913,0.7157791256904602,0.6942644119262695,-0.04431048408150673,0.7195799946784973,0.6576307415962219,-0.048064108937978745,0.7312065958976746,0.811996579170227,-0.026317380368709564,0.7575638294219971,0.7782728672027588,-0.03840668499469757,0.7762577533721924,0.7553344964981079,-0.044873565435409546,0.7928346991539001,0.7297476530075073,-0.04941830039024353,h
0.6771359443664551,0.9302911758422852,5.0257167316658524e-08,0.6470357775688171,0.900473415851593,-0.00995592586696148,0.6315786242485046,0.8438634872436523,-0.017795246094465256,0.634980320930481,0.8035150766372681,-0.02641948126256466,0.6569892764091492,0.7807889580726624,-0.03451158106327057,0.6604825854301453,0.7763146162033081,0.003358789486810565,0.662880539894104,0.7219766974449158,-0.004447024781256914,0.660901665687561,0.6887329816818237,-0.009306931868195534,0.6631969213485718,0.6590554714202881,-0.015078865922987461,0.6852180361747742,0.7793776988983154,-0.004342139232903719,0.6837360858917236,0.7226633429527283,-0.031124599277973175,0.6695910692214966,0.7490513920783997,-0.0407799668610096,0.6647319197654724,0.7791653871536255,-0.03861202672123909,0.7088731527328491,0.7908632159233093,-0.015205390751361847,0.7161034941673279,0.7324662208557129,-0.035121817141771317,0.7165847420692444,0.6938086748123169,-0.045079585164785385,0.7209392786026001,0.6568822264671326,-0.048689838498830795,0.7315700054168701,0.8121594190597534,-0.02669605426490307,0.7575452327728271,0.7779988050460815,-0.039024438709020615,0.7761320471763611,0.7546547651290894,-0.04533841460943222,0.7927311062812805,0.7284094095230103,-0.04968974366784096,h
0.6776821613311768,0.930245041847229,4.261606534328166e-08,0.6470736861228943,0.9004031419754028,-0.009767956100404263,0.6310099363327026,0.8436596393585205,-0.017138630151748657,0.6354288458824158,0.8031468391418457,-0.025260046124458313,0.6572833061218262,0.7805324196815491,-0.032900240272283554,0.6601853966712952,0.77657151222229,0.0030216523446142673,0.6624273061752319,0.7224785089492798,-0.004890677984803915,0.6606945395469666,0.6890547871589661,-0.009752508252859116,0.6632741093635559,0.6594247221946716,-0.01540114264935255,0.6852242946624756,0.7789778709411621,-0.004584394861012697,0.6844216585159302,0.7227568030357361,-0.031102009117603302,0.6697770953178406,0.7485256791114807,-0.040641624480485916,0.6639676690101624,0.7779948711395264,-0.038468677550554276,0.7090117931365967,0.7899692058563232,-0.015327662229537964,0.7163602709770203,0.7319605350494385,-0.03525397554039955,0.7164543271064758,0.6936280131340027,-0.0454690083861351,0.7203118801116943,0.6572530269622803,-0.04924590513110161,0.7316248416900635,0.8107048273086548,-0.026660600677132607,0.7576744556427002,0.7766003012657166,-0.039180926978588104,0.7763387560844421,0.7534567713737488,-0.04578382521867752,0.7930681109428406,0.7279397249221802,-0.050281934440135956,h
0.6770986318588257,0.92913419008255,5.038663886125505e-08,0.6468359231948853,0.9000961184501648,-0.009932401590049267,0.6315296292304993,0.8429703116416931,-0.017353767529129982,0.6360160112380981,0.8021446466445923,-0.02564423717558384,0.6580016016960144,0.7800533175468445,-0.03346788138151169,0.6600010395050049,0.7756491303443909,0.0038028464186936617,0.6619876623153687,0.7222204804420471,-0.003909145947545767,0.660581111907959,0.6890736222267151,-0.008994084782898426,0.6634930372238159,0.6597829461097717,-0.014980344101786613,0.6853697896003723,0.778133749961853,-0.004057984333485365,0.684755265712738,0.7215462923049927,-0.030924802646040916,0.6698505878448486,0.7465497851371765,-0.041295960545539856,0.6636934876441956,0.7763779163360596,-0.03968673571944237,0.709165096282959,0.789251983165741,-0.015077782794833183,0.7172340154647827,0.7305043935775757,-0.03531765192747116,0.7173768877983093,0.6922208666801453,-0.04622652754187584,0.721255362033844,0.6564437747001648,-0.05045104771852493,0.7316051721572876,0.8102666735649109,-0.026704102754592896,0.7579266428947449,0.7756866216659546,-0.03949975594878197,0.7766168713569641,0.7524155974388123,-0.046520035713911057,0.7933176755905151,0.7270925045013428,-0.051359400153160095,h
0.6786929368972778,0.9282770156860352,4.50227943815662e-08,0.6480110287666321,0.8991619944572449,-0.010686374269425869,0.6320876479148865,0.8432448506355286,-0.01812901720404625,0.6364952325820923,0.8024968504905701,-0.026172267273068428,0.6583582162857056,0.7805560827255249,-0.033638883382081985,0.6605711579322815,0.7761983275413513,0.0021812962368130684,0.6611759066581726,0.7224076986312866,-0.006425544153898954,0.6592211723327637,0.6886086463928223,-0.011901591904461384,0.6619871854782104,0.6588194370269775,-0.017899369820952415,0.6855376958847046,0.7779210805892944,-0.005042538046836853,0.6859629154205322,0.7201602458953857,-0.031468674540519714,0.6718859672546387,0.7436679005622864,-0.041195813566446304,0.665813148021698,0.7720223069190979,-0.03935465216636658,0.7094178795814514,0.7885503768920898,-0.015512457117438316,0.7176550030708313,0.7299379110336304,-0.035347241908311844,0.7179296612739563,0.6920737028121948,-0.04554230719804764,0.7215657830238342,0.6570351123809814,-0.049355730414390564,0.7320836782455444,0.8089091777801514,-0.026759756729006767,0.7582108974456787,0.7746613025665283,-0.03929029777646065,0.7766270637512207,0.7513532042503357,-0.046061236411333084,0.7930451035499573,0.7262847423553467,-0.05067504942417145,h
0.6794368028640747,0.9290105104446411,1.4072779608298447e-09,0.6489487886428833,0.9005702137947083,-0.009336860850453377,0.6327727437019348,0.8437171578407288,-0.014894279651343822,0.6369175314903259,0.8025487065315247,-0.02125629037618637,0.6583744287490845,0.7813379168510437,-0.02713644504547119,0.6597175598144531,0.7761790156364441,0.004275391809642315,0.6593283414840698,0.7237362861633301,-0.0037539382465183735,0.6551867723464966,0.6906419396400452,-0.009086089208722115,0.6549241542816162,0.6602229475975037,-0.01499348133802414,0.6853211522102356,0.7768766283988953,-0.0031635030172765255,0.6843326687812805,0.7210807800292969,-0.02851826511323452,0.6714798808097839,0.7457900047302246,-0.03847642242908478,0.6660333275794983,0.7743120193481445,-0.03701823949813843,0.7097554206848145,0.7867936491966248,-0.013759923167526722,0.7160941958427429,0.7282385230064392,-0.03342733904719353,0.7160536050796509,0.6914772987365723,-0.04452494531869888,0.7187146544456482,0.6570246815681458,-0.04884681478142738,0.7329257130622864,0.8064267039299011,-0.024919021874666214,0.7583142518997192,0.7719424366950989,-0.03707902133464813,0.776459276676178,0.7491069436073303,-0.043935321271419525,0.7921251058578491,0.7251691818237305,-0.048571716994047165,h
0.6804065108299255,0.9290441274642944,-2.5604518505417673e-09,0.6493068337440491,0.899789035320282,-0.008262403309345245,0.6332061290740967,0.8428881764411926,-0.013332369737327099,0.639051616191864,0.801952600479126,-0.01947261206805706,0.6616010069847107,0.7800094485282898,-0.025312399491667747,0.6582852602005005,0.775730550289154,0.004694083239883184,0.6574510931968689,0.7230744361877441,-0.002723795361816883,0.6538569331169128,0.690155565738678,-0.008236837573349476,0.6538077592849731,0.659630537033081,-0.01419833954423666,0.6841689944267273,0.776034414768219,-0.002442526863887906,0.6824025511741638,0.7249507308006287,-0.025680746883153915,0.67153000831604,0.745144248008728,-0.03582125902175903,0.6671746373176575,0.7696322202682495,-0.0354713536798954,0.708573579788208,0.7852104306221008,-0.012482392601668835,0.7149577140808105,0.7260456681251526,-0.031317051500082016,0.716131865978241,0.6885512471199036,-0.04260070621967316,0.7199307084083557,0.6538609862327576,-0.04736249893903732,0.7321277856826782,0.803567111492157,-0.02288823202252388,0.7562853097915649,0.7672476768493652,-0.03516785800457001,0.7740404605865479,0.7431537508964539,-0.04198318347334862,0.7900390625,0.7183871269226074,-0.04647119343280792,h
0.6824157238006592,0.9263789653778076,9.232775433076768e-09,0.650861382484436,0.899421215057373,-0.007589634973555803,0.6345131993293762,0.8423812389373779,-0.011825328692793846,0.641362190246582,0.8016287088394165,-0.017023878172039986,0.6639072299003601,0.7805598378181458,-0.021980252116918564,0.6562912464141846,0.7766508460044861,0.005128547549247742,0.6552638411521912,0.7246526479721069,-0.0018990256357938051,0.6529257297515869,0.6915510296821594,-0.007051818072795868,0.654491662979126,0.6605054140090942,-0.012965863570570946,0.6826238036155701,0.7754868865013123,-0.0023004040122032166,0.6811015009880066,0.7232675552368164,-0.02578956075012684,0.6728689670562744,0.7453396916389465,-0.03586612269282341,0.6705121397972107,0.7712374925613403,-0.03522641211748123,0.7076429724693298,0.7842979431152344,-0.012557215988636017,0.7134157419204712,0.7243952751159668,-0.03163975849747658,0.7140913605690002,0.6861035823822021,-0.0431366004049778,0.7170290946960449,0.6495312452316284,-0.04796895012259483,0.7318240404129028,0.8022971749305725,-0.023035965859889984,0.7557718753814697,0.7662488222122192,-0.0355837382376194,0.7724097967147827,0.7417330145835876,-0.04257528856396675,0.786760687828064,0.7158334851264954,-0.04726805537939072,h
0.6837746500968933,0.9255414009094238,3.000064552338699e-08,0.6514613628387451,0.8990081548690796,-0.009004589170217514,0.6343290209770203,0.8425154089927673,-0.014230080880224705,0.6421119570732117,0.8014879822731018,-0.020088234916329384,0.6656232476234436,0.7796198725700378,-0.025593465194106102,0.6558703184127808,0.7783088684082031,0.003431576769798994,0.6548590064048767,0.7257178425788879,-0.0044408394023776054,0.6524126529693604,0.6919633746147156,-0.00983672495931387,0.6539343595504761,0.6606053113937378,-0.015960097312927246,0.6822646856307983,0.7756226658821106,-0.00369183043949306,0.6809526681900024,0.7204086780548096,-0.028324732556939125,0.6732217669487,0.744358241558075,-0.03829723969101906,0.671410322189331,0.7723137140274048,-0.03728453442454338,0.7074651718139648,0.7830849885940552,-0.013805809430778027,0.7133433818817139,0.7231042981147766,-0.03322526440024376,0.7135160565376282,0.6846299767494202,-0.04446251690387726,0.7159814238548279,0.6483988165855408,-0.04911747947335243,0.7320085763931274,0.8000385761260986,-0.024352453649044037,0.7555315494537354,0.7636444568634033,-0.03696391358971596,0.7721543312072754,0.738844633102417,-0.04400075972080231,0.7861692905426025,0.7127404808998108,-0.04881812632083893,h
0.6843810677528381,0.9277277588844299,2.0507725295715318e-08,0.6515594720840454,0.9003051519393921,-0.009506260976195335,0.6344510912895203,0.8445140719413757,-0.015747565776109695,0.6420693397521973,0.8031793832778931,-0.022661732509732246,0.6657574772834778,0.781816840171814,-0.029386071488261223,0.6563307642936707,0.7775436043739319,0.0022211563773453236,0.6546585559844971,0.7249641418457031,-0.006689518690109253,0.6519336104393005,0.6911599040031433,-0.013219131156802177,0.6528967022895813,0.6593636274337769,-0.019974688068032265,0.6827976107597351,0.774590253829956,-0.004690559580922127,0.6798936724662781,0.7219163179397583,-0.029825381934642792,0.67209392786026,0.7469587922096252,-0.04043335095047951,0.6702834963798523,0.773668110370636,-0.03989158943295479,0.7079472541809082,0.7817980051040649,-0.014577961526811123,0.71279376745224,0.7216877937316895,-0.034868273884058,0.7129876613616943,0.6822052597999573,-0.04694290831685066,0.7151919603347778,0.644573450088501,-0.05202731490135193,0.7323328256607056,0.798542857170105,-0.02480209432542324,0.7556359171867371,0.7618345022201538,-0.03761858120560646,0.7721328139305115,0.7367551326751709,-0.04457192122936249,0.7861732840538025,0.7102847099304199,-0.049250710755586624,h
0.6856531500816345,0.9285942912101746,3.1502938924177215e-08,0.6533455848693848,0.9013257026672363,-0.009885760024189949,0.6367580890655518,0.844485878944397,-0.015684155747294426,0.6441425085067749,0.8023715019226074,-0.021929046139121056,0.6676694750785828,0.7795961499214172,-0.02777356281876564,0.6567299365997314,0.7783555388450623,0.0020360415801405907,0.6550074815750122,0.724894106388092,-0.0068589490838348866,0.651820719242096,0.6907839775085449,-0.013013610616326332,0.6529186367988586,0.6588948369026184,-0.019434556365013123,0.6828524470329285,0.775501549243927,-0.004694860428571701,0.6801406145095825,0.7192632555961609,-0.029795952141284943,0.6715782880783081,0.7415191531181335,-0.039835602045059204,0.6693437099456787,0.767802894115448,-0.038786109536886215,0.7080571055412292,0.7831937670707703,-0.014475759118795395,0.7135641574859619,0.721895694732666,-0.034674517810344696,0.7136626839637756,0.6826671957969666,-0.04592185094952583,0.7163779139518738,0.6457058787345886,-0.05028052255511284,0.7326730489730835,0.8002787232398987,-0.02472531422972679,0.7557790875434875,0.7618716955184937,-0.03794673830270767,0.7723360657691956,0.7351975440979004,-0.04497100040316582,0.7866644859313965,0.7072698473930359,-0.04951997846364975,h
0.6866552829742432,0.9312121868133545,1.9280706808899595e-08,0.6533718109130859,0.9036324620246887,-0.008586576208472252,0.6364622116088867,0.8452216386795044,-0.013380501419305801,0.6442965865135193,0.8044189810752869,-0.018929291516542435,0.6690149307250977,0.7856208682060242,-0.024181773886084557,0.657101035118103,0.7801394462585449,0.004212546162307262,0.6561762690544128,0.7271654009819031,-0.004211380146443844,0.6530429720878601,0.6937235593795776,-0.010141695849597454,0.6537585258483887,0.6609790325164795,-0.016624828800559044,0.6832859516143799,0.7766008377075195,-0.003266850020736456,0.6792668700218201,0.7191278338432312,-0.02866770327091217,0.6712284088134766,0.7436202168464661,-0.03896516561508179,0.6695777177810669,0.770764946937561,-0.03778202831745148,0.7086899280548096,0.78358393907547,-0.01372803095728159,0.7130560874938965,0.72220379114151,-0.0339757576584816,0.7134479284286499,0.6824196577072144,-0.045560214668512344,0.7161773443222046,0.6439244151115417,-0.049986645579338074,0.7334778308868408,0.7998878955841064,-0.024589432403445244,0.7567203640937805,0.7620655298233032,-0.03712830692529678,0.7732674479484558,0.7356470823287964,-0.0439123809337616,0.7873075604438782,0.7076421976089478,-0.048446353524923325,h
0.6865922808647156,0.9328923225402832,1.6661534374406983e-08,0.6533915400505066,0.9055519104003906,-0.009542621672153473,0.6358830332756042,0.8475689888000488,-0.015619374811649323,0.6430467963218689,0.8053140044212341,-0.022624757140874863,0.6682245135307312,0.783646285533905,-0.02937241643667221,0.6575254201889038,0.7812705636024475,0.003546397667378187,0.6563119292259216,0.7277882099151611,-0.005382222589105368,0.6532334089279175,0.6944568157196045,-0.012000074610114098,0.6539303660392761,0.6615403294563293,-0.019114458933472633,0.6835598349571228,0.7773127555847168,-0.0037070130929350853,0.6790432333946228,0.7228344082832336,-0.029792016372084618,0.6708956956863403,0.747860848903656,-0.04113975167274475,0.6688461303710938,0.7745961546897888,-0.040973320603370667,0.7086593508720398,0.7835757732391357,-0.013942623510956764,0.7131097316741943,0.7220120429992676,-0.03418876603245735,0.7134284377098083,0.6830711960792542,-0.04572350159287453,0.7158015966415405,0.6454134583473206,-0.05045449733734131,0.7331546545028687,0.7994932532310486,-0.024739496409893036,0.7565532922744751,0.7619854211807251,-0.03722565248608589,0.7730368375778198,0.7356463074684143,-0.04411739483475685,0.7871320247650146,0.7078006863594055,-0.04888518154621124,h
0.6866397261619568,0.9323654770851135,1.2844060925942813e-08,0.6536945104598999,0.9045767188072205,-0.009183639660477638,0.636810302734375,0.8470396399497986,-0.01519832480698824,0.6449140310287476,0.8047467470169067,-0.02195894904434681,0.6686521172523499,0.7798492312431335,-0.028505807742476463,0.6571746468544006,0.781191349029541,0.002235106658190489,0.6557562947273254,0.7273719310760498,-0.0067424769513309,0.6533624529838562,0.6937063336372375,-0.013254059478640556,0.6543794870376587,0.6613937020301819,-0.020047923550009727,0.6835587024688721,0.7774479985237122,-0.004753345623612404,0.6796275973320007,0.7251136898994446,-0.02992703951895237,0.6722737550735474,0.7488398551940918,-0.04070933535695076,0.6704230904579163,0.774538516998291,-0.04051532596349716,0.7088103890419006,0.7840713858604431,-0.014659530483186245,0.7137389183044434,0.7227015495300293,-0.03507637232542038,0.714529275894165,0.6829922199249268,-0.04672858491539955,0.7171039581298828,0.6448014378547668,-0.05163709819316864,0.7332608103752136,0.800149142742157,-0.024868054315447807,0.7567294836044312,0.7629193663597107,-0.038078684359788895,0.7731695771217346,0.7364802360534668,-0.04502077028155327,0.7872001528739929,0.7084656357765198,-0.049657873809337616,h
0.685252845287323,0.9307252764701843,5.529118940472699e-09,0.6524878740310669,0.9030523300170898,-0.008234328590333462,0.6366051435470581,0.843681275844574,-0.012959197163581848,0.6450917720794678,0.8020777106285095,-0.018453137949109077,0.6683364510536194,0.7798731327056885,-0.023756224662065506,0.6574764847755432,0.7790263295173645,0.004591585136950016,0.6570162177085876,0.7266204953193665,-0.003286981023848057,0.6541197299957275,0.6941467523574829,-0.008905580267310143,0.6550734043121338,0.6625847220420837,-0.015272465534508228,0.6844345331192017,0.7768410444259644,-0.0033174988348037004,0.6819279789924622,0.7226666212081909,-0.029280420392751694,0.6726706027984619,0.748907208442688,-0.040030963718891144,0.6701284646987915,0.7774799466133118,-0.03900084272027016,0.7099001407623291,0.7844533324241638,-0.01416061632335186,0.7161798477172852,0.723021388053894,-0.03466185927391052,0.7165476083755493,0.6830289363861084,-0.046290550380945206,0.7190885543823242,0.6443881392478943,-0.05086278170347214,0.7343510985374451,0.8017587065696716,-0.02528093382716179,0.7586009502410889,0.7640974521636963,-0.03827093914151192,0.7746301293373108,0.7372173070907593,-0.04501988738775253,0.7879703640937805,0.7085757255554199,-0.04950657859444618,h
0.6802855134010315,0.927554726600647,-1.216302791817725e-08,0.6494055390357971,0.8978644013404846,-0.007828565314412117,0.6353656053543091,0.8407792448997498,-0.012575230561196804,0.6434120535850525,0.8009702563285828,-0.018367066979408264,0.6659457683563232,0.7791494131088257,-0.023969177156686783,0.6607627272605896,0.7767414450645447,0.005636533722281456,0.661180853843689,0.7244893312454224,-0.0012946384958922863,0.6577650308609009,0.6928699612617493,-0.006924564950168133,0.6574763059616089,0.6621518135070801,-0.01329110749065876,0.6872100234031677,0.7771993279457092,-0.002360807964578271,0.685674786567688,0.7274554371833801,-0.026780642569065094,0.6744335889816284,0.7510523796081543,-0.03820599988102913,0.66958087682724,0.7777512073516846,-0.038267411291599274,0.7119482159614563,0.7862315773963928,-0.013103864155709743,0.7201725840568542,0.7265264987945557,-0.03183576837182045,0.7212893962860107,0.6884464621543884,-0.042976852506399155,0.7244345545768738,0.6519403457641602,-0.047686606645584106,0.7357732653617859,0.804848313331604,-0.024212049320340157,0.7602859735488892,0.7683711051940918,-0.03539321571588516,0.7764006853103638,0.7428663372993469,-0.04095017537474632,0.7902091145515442,0.7156705856323242,-0.04476512223482132,h
0.6795047521591187,0.9247859120368958,2.3586370190287198e-08,0.6497798562049866,0.8961969614028931,-0.008651873096823692,0.6359566450119019,0.8384934663772583,-0.01324229221791029,0.642485499382019,0.7978274822235107,-0.01844402216374874,0.6634020209312439,0.7783246636390686,-0.023160278797149658,0.6641625165939331,0.7755492329597473,0.006213890388607979,0.6644086837768555,0.7261409163475037,-0.0005185687332414091,0.6611738204956055,0.6939908862113953,-0.004788265563547611,0.6626638770103455,0.6646890640258789,-0.010180247016251087,0.6891186237335205,0.7772656679153442,-0.0016953484155237675,0.6896361112594604,0.7182225584983826,-0.026914365589618683,0.6765308380126953,0.7426972389221191,-0.036734744906425476,0.6718642711639404,0.7724158763885498,-0.034680482000112534,0.7122842073440552,0.7883886098861694,-0.012719089165329933,0.7207629680633545,0.7303338646888733,-0.03289167210459709,0.7224869728088379,0.6907162666320801,-0.04537953436374664,0.7274889349937439,0.6544204950332642,-0.050487227737903595,0.7339104413986206,0.80913907289505,-0.02410423755645752,0.7604782581329346,0.777636706829071,-0.03722283989191055,0.7800065875053406,0.7551841139793396,-0.04528001695871353,0.7972217202186584,0.7314493656158447,-0.05084707960486412,h
0.6799817085266113,0.9259166121482849,1.1267974109330225e-08,0.6496584415435791,0.8972965478897095,-0.009817542508244514,0.6342369318008423,0.8398310542106628,-0.015506381168961525,0.6389226317405701,0.7988965511322021,-0.02162940427660942,0.660196840763092,0.7773295044898987,-0.027125880122184753,0.6649998426437378,0.773713231086731,0.004142135847359896,0.6657917499542236,0.7217792272567749,-0.0030647064559161663,0.6619020700454712,0.6900612711906433,-0.007396870292723179,0.6621754169464111,0.6611860990524292,-0.012733451090753078,0.6900333166122437,0.7759623527526855,-0.0033098612911999226,0.6897766590118408,0.7179602980613708,-0.029096094891428947,0.6745233535766602,0.7436948418617249,-0.0387585386633873,0.668146550655365,0.7745012044906616,-0.03666433319449425,0.7133271098136902,0.7875542640686035,-0.013950180262327194,0.721006453037262,0.729932427406311,-0.03394285589456558,0.7210737466812134,0.6929724216461182,-0.04524722322821617,0.725085973739624,0.6585242748260498,-0.04962887242436409,0.7348020672798157,0.809122622013092,-0.02513943612575531,0.7619438171386719,0.7768023014068604,-0.0377240888774395,0.7816240191459656,0.7548729181289673,-0.04510600119829178,0.7988967895507812,0.7310827970504761,-0.0502057783305645,h
0.6794770359992981,0.9253520965576172,2.7008810743467393e-09,0.6491798758506775,0.8956074714660645,-0.00940969679504633,0.6348153352737427,0.8369045853614807,-0.014376850798726082,0.639693021774292,0.7960082292556763,-0.019952330738306046,0.6611486673355103,0.7759919762611389,-0.024837879464030266,0.6646190881729126,0.7722761034965515,0.005271971225738525,0.6655250191688538,0.7206735610961914,-0.0018310301238670945,0.6608681678771973,0.6885813474655151,-0.005936747882515192,0.6608498096466064,0.658836305141449,-0.011098620481789112,0.6895705461502075,0.7747820019721985,-0.0024661647621542215,0.6886076927185059,0.7172803282737732,-0.028584113344550133,0.6723204851150513,0.7429781556129456,-0.03819487988948822,0.6656262278556824,0.7732076644897461,-0.03579498827457428,0.712994396686554,0.7861101627349854,-0.013448653742671013,0.7203462719917297,0.7278835773468018,-0.03382736071944237,0.7202633619308472,0.69081050157547,-0.04518914595246315,0.7243481874465942,0.6556711792945862,-0.049356985837221146,0.7347546219825745,0.8071175813674927,-0.02498307079076767,0.7621312141418457,0.7742623686790466,-0.037745460867881775,0.781859815120697,0.7518761157989502,-0.045219335705041885,0.7992057800292969,0.727611780166626,-0.0502602681517601,h
0.6793795824050903,0.924258291721344,3.5835743261714015e-09,0.6494912505149841,0.8950614333152771,-0.009274556301534176,0.6344183683395386,0.8364257216453552,-0.014460156671702862,0.6389108896255493,0.7955961227416992,-0.020128119736909866,0.6603007912635803,0.7753658890724182,-0.02512301132082939,0.6641137003898621,0.7706934809684753,0.0043138256296515465,0.6649736166000366,0.7193673253059387,-0.0032038483768701553,0.6603994965553284,0.6874574422836304,-0.007544864900410175,0.6599777936935425,0.6579153537750244,-0.012790555134415627,0.6893504858016968,0.7731218934059143,-0.0035192668437957764,0.6882257461547852,0.7148616313934326,-0.029823603108525276,0.6716037392616272,0.7409694790840149,-0.039184387773275375,0.6646323204040527,0.7713819742202759,-0.03658050298690796,0.7130193114280701,0.7848356366157532,-0.014547819271683693,0.7203136086463928,0.7266949415206909,-0.03510526195168495,0.7197228074073792,0.6894221901893616,-0.04612131416797638,0.7232248187065125,0.6538490056991577,-0.05002051219344139,0.7348247170448303,0.8064470291137695,-0.026082195341587067,0.762477695941925,0.7734044790267944,-0.038931529968976974,0.7822745442390442,0.7508243918418884,-0.046145353466272354,0.7994659543037415,0.7258080840110779,-0.050969745963811874,h
0.6784346103668213,0.9230734705924988,-1.3395380804581691e-08,0.6488842964172363,0.8932082056999207,-0.00841751042753458,0.6344308853149414,0.8348560929298401,-0.013069133274257183,0.6386597156524658,0.7947365641593933,-0.0184080321341753,0.6592777967453003,0.77345871925354,-0.023240022361278534,0.6633216738700867,0.7683452367782593,0.005920290015637875,0.6644227504730225,0.717921257019043,-0.0009943145560100675,0.660335123538971,0.686469554901123,-0.005046278703957796,0.6605562567710876,0.657454252243042,-0.010098172351717949,0.6886647343635559,0.7711308598518372,-0.001955469138920307,0.6875267028808594,0.715369462966919,-0.027484409511089325,0.67165207862854,0.7430040240287781,-0.03643115237355232,0.6652734279632568,0.7740936279296875,-0.03364335373044014,0.712645411491394,0.7828867435455322,-0.013013403862714767,0.7200561165809631,0.7258938550949097,-0.032785702496767044,0.7201423048973083,0.6884477138519287,-0.043376605957746506,0.7239378690719604,0.6525152921676636,-0.047159839421510696,0.7348817586898804,0.8041960000991821,-0.02449767291545868,0.7620062828063965,0.7721207141876221,-0.03673851490020752,0.781158447265625,0.7495046854019165,-0.04346231743693352,0.7977083325386047,0.7242802977561951,-0.04799533635377884,h
0.6783103346824646,0.9222468137741089,3.2681035655457435e-09,0.6486879587173462,0.8921641111373901,-0.008837494999170303,0.633649468421936,0.8354529738426208,-0.013180763460695744,0.6381871700286865,0.7958579659461975,-0.018145063892006874,0.6587204933166504,0.773980438709259,-0.022446710616350174,0.6614362597465515,0.7689345479011536,0.005730762146413326,0.6613522171974182,0.717875063419342,-0.0006727315485477448,0.6574466228485107,0.6862893104553223,-0.005099865607917309,0.6583081483840942,0.6569411754608154,-0.010446729138493538,0.6867408752441406,0.7711482048034668,-0.001343748066574335,0.6860355138778687,0.7158489227294922,-0.024213995784521103,0.6729696393013,0.7374186515808105,-0.03356330469250679,0.6677964329719543,0.7639421820640564,-0.03224901109933853,0.7107632756233215,0.7822434902191162,-0.011510503478348255,0.7192331552505493,0.7244353294372559,-0.029690012335777283,0.720679759979248,0.6875481605529785,-0.040667060762643814,0.7252023220062256,0.652878999710083,-0.045204274356365204,0.7339656949043274,0.8034610152244568,-0.022204970940947533,0.7609880566596985,0.7713836431503296,-0.03369888663291931,0.779933750629425,0.7487164735794067,-0.04053990915417671,0.7964005470275879,0.7243155241012573,-0.04526648670434952,h
0.6816598176956177,0.9239490628242493,-6.483244607835559e-09,0.6511362791061401,0.8951413631439209,-0.007941451855003834,0.6353070735931396,0.8390687704086304,-0.011886718682944775,0.6387379765510559,0.7984467148780823,-0.016802312806248665,0.6586309671401978,0.7760623693466187,-0.021292025223374367,0.6576722264289856,0.7713912725448608,0.00643559917807579,0.656995952129364,0.7204293608665466,-0.0008913378114812076,0.6538434028625488,0.6872841715812683,-0.0069746593944728374,0.6538230180740356,0.6567040681838989,-0.013426661491394043,0.6835938692092896,0.7709997296333313,-0.0008452991023659706,0.679940938949585,0.7199921607971191,-0.023344894871115685,0.6710011959075928,0.7396233081817627,-0.034042298793792725,0.6676188707351685,0.7641218900680542,-0.03431760147213936,0.7085512280464172,0.7802772521972656,-0.01110578328371048,0.7138977646827698,0.7215870022773743,-0.029991399496793747,0.7165090441703796,0.6841265559196472,-0.042039383202791214,0.7208855748176575,0.6488269567489624,-0.04738924279808998,0.7326973676681519,0.7992751002311707,-0.021676313132047653,0.7567105293273926,0.7665143609046936,-0.03404612839221954,0.7750197052955627,0.7448843717575073,-0.04092756286263466,0.7909116744995117,0.7226303815841675,-0.04549230635166168,h
0.6826491951942444,0.9242557883262634,8.165640608126523e-09,0.6499708890914917,0.8969001173973083,-0.009142298251390457,0.6336793899536133,0.8372695446014404,-0.01225374173372984,0.6413445472717285,0.7965272068977356,-0.015577293001115322,0.6638646125793457,0.7773581743240356,-0.018175996840000153,0.6552684307098389,0.7738968729972839,0.006757473573088646,0.6547222137451172,0.723085880279541,-0.00012283219257369637,0.650965690612793,0.6902812719345093,-0.005095923785120249,0.6518063545227051,0.6591981053352356,-0.010900696739554405,0.681535005569458,0.7723374366760254,-0.0004676679091062397,0.6783283948898315,0.7160725593566895,-0.024663887917995453,0.6678314805030823,0.7411497831344604,-0.034480832517147064,0.6655058264732361,0.7713572382926941,-0.032727476209402084,0.7062026858329773,0.7802713513374329,-0.011060956865549088,0.7118384838104248,0.7202185392379761,-0.03103010170161724,0.7123523354530334,0.6796888113021851,-0.043859876692295074,0.715826690196991,0.6417208909988403,-0.04911889508366585,0.730422854423523,0.7978034019470215,-0.022043870761990547,0.7545521855354309,0.7625764608383179,-0.0342971570789814,0.7722111940383911,0.7372398972511292,-0.04160524532198906,0.7868479490280151,0.7111951112747192,-0.04667862877249718,h
0.6835513710975647,0.9258497953414917,1.2501513602103387e-08,0.6501787900924683,0.8984702229499817,-0.009132176637649536,0.6327013969421387,0.8396594524383545,-0.013989507220685482,0.6394100189208984,0.7981261014938354,-0.019583433866500854,0.6629155278205872,0.7787256836891174,-0.024771248921751976,0.6555574536323547,0.7752155065536499,0.005321335047483444,0.6536349654197693,0.7230640053749084,-0.0023405742831528187,0.6491087675094604,0.6903422474861145,-0.0076711648143827915,0.6491137146949768,0.658574104309082,-0.013836676254868507,0.6817975044250488,0.7731586694717407,-0.002278120256960392,0.6786551475524902,0.7166827321052551,-0.028129108250141144,0.6675013899803162,0.743049144744873,-0.03852248191833496,0.6644866466522217,0.7733660936355591,-0.03704478219151497,0.7065218091011047,0.7805724740028381,-0.013024847954511642,0.7117969393730164,0.7201284766197205,-0.03303263336420059,0.7107402086257935,0.6801633834838867,-0.04503853991627693,0.7129620909690857,0.6433403491973877,-0.04982367157936096,0.7307509183883667,0.7971528768539429,-0.024266306310892105,0.7538794279098511,0.7599387168884277,-0.03580702096223831,0.7703210115432739,0.7337978482246399,-0.042485930025577545,0.7844634652137756,0.7065252661705017,-0.04722629114985466,h
0.683548092842102,0.9257805943489075,1.3575371049512341e-08,0.6500057578086853,0.899831235408783,-0.010384409688413143,0.6315182447433472,0.8410450220108032,-0.015582486987113953,0.6390962600708008,0.7993011474609375,-0.021012431010603905,0.663528323173523,0.7787874341011047,-0.02599862776696682,0.6549509167671204,0.7756380438804626,0.0034602084197103977,0.6533108949661255,0.7228975892066956,-0.004246353637427092,0.649440586566925,0.6899934411048889,-0.009253702126443386,0.6497687697410583,0.6580142378807068,-0.015272101387381554,0.6814478039741516,0.7728322148323059,-0.0034082692582160234,0.6774901747703552,0.715193510055542,-0.029124680906534195,0.6678948402404785,0.7430545687675476,-0.038914043456315994,0.6660890579223633,0.7737611532211304,-0.03703546151518822,0.706236720085144,0.7801854014396667,-0.013511552475392818,0.710801899433136,0.7197984457015991,-0.03369465842843056,0.7097485065460205,0.679751455783844,-0.04542387276887894,0.7117430567741394,0.6410929560661316,-0.050072383135557175,0.7305708527565002,0.7972056269645691,-0.02416345849633217,0.7539238929748535,0.7601702213287354,-0.03633389621973038,0.770129919052124,0.7337195873260498,-0.043270666152238846,0.7836798429489136,0.7051346302032471,-0.04822634533047676,h
0.6827273368835449,0.9277878999710083,3.5551945831713283e-09,0.6486189961433411,0.9001020193099976,-0.009188440628349781,0.6308174133300781,0.8402817249298096,-0.01398086454719305,0.6405871510505676,0.7994943261146545,-0.01935199275612831,0.6650636196136475,0.779157280921936,-0.024484435096383095,0.6549580693244934,0.7749069333076477,0.003110305406153202,0.6543959975242615,0.7212870121002197,-0.004413908813148737,0.6505577564239502,0.6886337399482727,-0.009830595925450325,0.6499888896942139,0.6569737792015076,-0.016065865755081177,0.6815789937973022,0.7724582552909851,-0.0038845313247293234,0.678327202796936,0.7185450792312622,-0.028414765372872353,0.6698795557022095,0.744674563407898,-0.03860064223408699,0.6681989431381226,0.7736738920211792,-0.03772960603237152,0.706224262714386,0.7797918319702148,-0.013854299671947956,0.7110208868980408,0.7189010381698608,-0.03311183303594589,0.710841953754425,0.6797348260879517,-0.0449853390455246,0.7131938934326172,0.6422977447509766,-0.05015954375267029,0.7302893400192261,0.7965394258499146,-0.024256162345409393,0.7542127370834351,0.7595524191856384,-0.035829417407512665,0.7708404064178467,0.7337483763694763,-0.04254736006259918,0.7850499749183655,0.7062394618988037,-0.047399960458278656,h
0.6827132105827332,0.9273493885993958,8.718461508294695e-09,0.6496328115463257,0.8994837999343872,-0.008293777704238892,0.6325092911720276,0.8396595120429993,-0.012782738544046879,0.6414182782173157,0.7985157370567322,-0.018072405830025673,0.6651482582092285,0.7779110074043274,-0.023247038945555687,0.6556717157363892,0.7742981910705566,0.004279907327145338,0.6553066968917847,0.7214932441711426,-0.002591721946373582,0.6528076529502869,0.6887964606285095,-0.007837587036192417,0.6531093716621399,0.6581315994262695,-0.01404388528317213,0.682339072227478,0.772881031036377,-0.0031948876567184925,0.6797212362289429,0.7200589776039124,-0.02754172496497631,0.6711140275001526,0.7433762550354004,-0.03830145671963692,0.6685746312141418,0.7707924246788025,-0.038011033087968826,0.7074427604675293,0.7811371088027954,-0.013531893491744995,0.7131746411323547,0.7209332585334778,-0.03286603465676308,0.7130894064903259,0.6816340684890747,-0.04494568705558777,0.7154484987258911,0.644323468208313,-0.050312113016843796,0.7316980957984924,0.7988234162330627,-0.024182025343179703,0.7554320096969604,0.761356770992279,-0.036470528692007065,0.7719455361366272,0.735490083694458,-0.04350631684064865,0.786245584487915,0.7082195281982422,-0.04844764247536659,h
0.6821485161781311,0.9264431595802307,1.4977141304939323e-08,0.6497333645820618,0.8991139531135559,-0.007624926045536995,0.6329447031021118,0.8389726877212524,-0.011795980855822563,0.6410280466079712,0.7971615791320801,-0.01700366660952568,0.664114236831665,0.7765065431594849,-0.022205006331205368,0.657926082611084,0.7733438611030579,0.006386074237525463,0.6580734848976135,0.7218390703201294,0.00017304380889981985,0.6556629538536072,0.6896641254425049,-0.004983178339898586,0.6568753719329834,0.6591521501541138,-0.011352878995239735,0.6843628287315369,0.7729783654212952,-0.0015579723985865712,0.6819795966148376,0.7206446528434753,-0.02537369355559349,0.673165500164032,0.7430688738822937,-0.03665537014603615,0.6713298559188843,0.769507884979248,-0.03692984580993652,0.7087695598602295,0.7814956903457642,-0.012365239672362804,0.7151718139648438,0.7218279242515564,-0.03157469630241394,0.7161831259727478,0.6822474002838135,-0.04441189393401146,0.7197108268737793,0.6447702646255493,-0.050493501126766205,0.7322556972503662,0.7996125817298889,-0.02342136763036251,0.7565000653266907,0.7632864713668823,-0.03593362867832184,0.7735048532485962,0.7383284568786621,-0.0435529425740242,0.788224458694458,0.7119624018669128,-0.04908033460378647,h
0.6815097332000732,0.9256945848464966,3.7141496989079315e-08,0.6499496102333069,0.8970592617988586,-0.00799331720918417,0.6342900991439819,0.8383297324180603,-0.0126191396266222,0.6418790221214294,0.7969513535499573,-0.018467910587787628,0.6645074486732483,0.7765517830848694,-0.02417685091495514,0.6584899425506592,0.7747369408607483,0.006735795643180609,0.658277690410614,0.7230780720710754,0.00017968282918445766,0.6559634208679199,0.6911129355430603,-0.005149044096469879,0.6577826142311096,0.6610043048858643,-0.011501392349600792,0.6840022802352905,0.7740321755409241,-0.0010515337344259024,0.6823464632034302,0.7199615240097046,-0.025281600654125214,0.671546220779419,0.7390328645706177,-0.03687303140759468,0.6679851412773132,0.7634878158569336,-0.0373167060315609,0.7080499529838562,0.7825067639350891,-0.011770949698984623,0.7150551080703735,0.7220780253410339,-0.03108975477516651,0.7156304717063904,0.683007001876831,-0.04403473064303398,0.7193382978439331,0.6470862627029419,-0.05007506161928177,0.7313519716262817,0.8001911640167236,-0.022911282256245613,0.7571874856948853,0.7640308141708374,-0.03615293651819229,0.7749526500701904,0.7385426759719849,-0.04488956555724144,0.7909035086631775,0.7121545076370239,-0.05101371556520462,h
0.6808096170425415,0.9234985113143921,1.6624808196752383e-08,0.6497272253036499,0.8957555890083313,-0.007972482591867447,0.6338177919387817,0.8378548622131348,-0.012417214922606945,0.6408708095550537,0.7971493005752563,-0.017872774973511696,0.6632886528968811,0.7772749066352844,-0.023177171126008034,0.6585983633995056,0.7742762565612793,0.005431359633803368,0.6577564477920532,0.7219296097755432,-0.001777483499608934,0.6552714109420776,0.6889705061912537,-0.006972665432840586,0.657878041267395,0.6578154563903809,-0.013156207278370857,0.6841193437576294,0.7734230160713196,-0.002357912017032504,0.6819884777069092,0.7187882661819458,-0.027416858822107315,0.6719522476196289,0.7407770156860352,-0.03853574022650719,0.6694703698158264,0.7665290832519531,-0.038305867463350296,0.7083398103713989,0.7820726633071899,-0.013060787692666054,0.7153928279876709,0.7217549681663513,-0.033499907702207565,0.7164511680603027,0.6829543113708496,-0.046622321009635925,0.7205195426940918,0.6463429927825928,-0.052473895251750946,0.7315860390663147,0.7997651696205139,-0.024011896923184395,0.7567597031593323,0.7647681832313538,-0.038129717111587524,0.7745510339736938,0.740621030330658,-0.04698127880692482,0.7903062701225281,0.714990496635437,-0.05302348732948303,h
0.6811416745185852,0.9229932427406311,3.548442961687215e-08,0.6498761177062988,0.8957011103630066,-0.00953241903334856,0.633739709854126,0.8372918963432312,-0.01484705414623022,0.6407747864723206,0.7954468727111816,-0.020879559218883514,0.6640744805335999,0.7747006416320801,-0.026572030037641525,0.6585975289344788,0.7735651731491089,0.003995232284069061,0.6584875583648682,0.7208293080329895,-0.003718941006809473,0.6559543013572693,0.6873433589935303,-0.009074303321540356,0.6580294966697693,0.6560943722724915,-0.015255531296133995,0.684468686580658,0.772441029548645,-0.0033066824544221163,0.6832919120788574,0.7166802883148193,-0.028813054785132408,0.6726381182670593,0.7387984395027161,-0.039386626332998276,0.6694563031196594,0.765561580657959,-0.03845968097448349,0.7089924812316895,0.781050980091095,-0.0136971240863204,0.7161039710044861,0.7212857007980347,-0.033826831728219986,0.7167737483978271,0.6821485757827759,-0.04575703665614128,0.7205953598022461,0.6451398134231567,-0.05072268471121788,0.7325909733772278,0.7992323637008667,-0.024617895483970642,0.7581984996795654,0.7637033462524414,-0.03798234462738037,0.7760045528411865,0.7390563488006592,-0.04587118700146675,0.7916833758354187,0.7127714157104492,-0.05121267959475517,h
0.6815010905265808,0.9236152768135071,2.0758561092293348e-08,0.649276614189148,0.8954406976699829,-0.008351646363735199,0.6337965130805969,0.8356959819793701,-0.012424069456756115,0.6412967443466187,0.7942708730697632,-0.017417490482330322,0.664638340473175,0.7749266624450684,-0.0221174955368042,0.6588931083679199,0.7727170586585999,0.0069564152508974075,0.6591017246246338,0.7213691473007202,0.0001910815481096506,0.6562491655349731,0.6888442039489746,-0.00458297086879611,0.657404363155365,0.6577869653701782,-0.010554698295891285,0.6849671602249146,0.7717162370681763,-0.0009199772612191737,0.6830965876579285,0.7146596908569336,-0.02611255645751953,0.6722195744514465,0.7381837368011475,-0.036757081747055054,0.6690472364425659,0.7666165828704834,-0.03574182465672493,0.7095413208007812,0.7802325487136841,-0.011887399479746819,0.7157619595527649,0.720493495464325,-0.03181758522987366,0.7161443829536438,0.6814725399017334,-0.04393461346626282,0.7197381854057312,0.6448004245758057,-0.048901721835136414,0.7331594228744507,0.7983549237251282,-0.023331305012106895,0.7581228017807007,0.7626471519470215,-0.036380618810653687,0.7756971716880798,0.7378774285316467,-0.044290583580732346,0.7909731864929199,0.7115768194198608,-0.04974216967821121,h
0.681687593460083,0.9244828224182129,1.5639081141216593e-08,0.6489303112030029,0.8949578404426575,-0.00851724948734045,0.6334221959114075,0.8347522616386414,-0.01318423729389906,0.6413388848304749,0.7929678559303284,-0.018847104161977768,0.6650655269622803,0.7721004486083984,-0.024258442223072052,0.6599426865577698,0.7715679407119751,0.006699935533106327,0.6598584651947021,0.7198492288589478,-0.0002901157131418586,0.6567355394363403,0.6876322627067566,-0.005365184973925352,0.6572026610374451,0.6567575931549072,-0.011472237296402454,0.6858726143836975,0.7709712386131287,-0.0012451513903215528,0.6838687658309937,0.714846134185791,-0.026630811393260956,0.6724661588668823,0.7394428253173828,-0.03754930570721626,0.6688041090965271,0.7681814432144165,-0.0366993248462677,0.709884762763977,0.7796894907951355,-0.012281596660614014,0.7157586216926575,0.7204758524894714,-0.03213733434677124,0.7164410352706909,0.6811830401420593,-0.044422924518585205,0.7202788591384888,0.6440374255180359,-0.04962428659200668,0.7330269813537598,0.7979570627212524,-0.023776473477482796,0.7578355073928833,0.7626874446868896,-0.036328237503767014,0.7757649421691895,0.7382515072822571,-0.04385721683502197,0.7913963794708252,0.7121165990829468,-0.04915352165699005,h
0.6822072267532349,0.9248726963996887,3.126789493990145e-08,0.649760365486145,0.8952153325080872,-0.008925804868340492,0.634294331073761,0.834567129611969,-0.013516420498490334,0.6418934464454651,0.7919803261756897,-0.01898287795484066,0.6658366322517395,0.7720182538032532,-0.02395310066640377,0.6598597764968872,0.7719845175743103,0.007030542939901352,0.6595109105110168,0.7201733589172363,0.0001783157349564135,0.6565833687782288,0.687757670879364,-0.004534066189080477,0.6578008532524109,0.6572309732437134,-0.010344513691961765,0.6857066750526428,0.7714155912399292,-0.000681354315020144,0.6838340163230896,0.7116929888725281,-0.02622312866151333,0.6723811626434326,0.7348422408103943,-0.03687789663672447,0.6687215566635132,0.7642064690589905,-0.0356275737285614,0.709945023059845,0.7803151607513428,-0.01154771912842989,0.7157636284828186,0.7211523652076721,-0.03137432038784027,0.7156299948692322,0.6818560361862183,-0.04329696297645569,0.7189713716506958,0.646248459815979,-0.04801462963223457,0.733549177646637,0.7983840107917786,-0.023005694150924683,0.7584249973297119,0.7624684572219849,-0.035362668335437775,0.7760345339775085,0.7369550466537476,-0.043009258806705475,0.7913415431976318,0.7104542851448059,-0.048341941088438034,h
0.6818205118179321,0.9246866703033447,-4.214880888753214e-09,0.6488786339759827,0.8944398760795593,-0.008310037665069103,0.6331971883773804,0.8342605233192444,-0.012822635471820831,0.6411421895027161,0.7919740080833435,-0.01831013336777687,0.6653546690940857,0.7716801762580872,-0.023380421102046967,0.6598771810531616,0.7710343599319458,0.006026674527674913,0.660348117351532,0.7180758118629456,-0.0010625084396451712,0.656926155090332,0.6867575645446777,-0.005673264618963003,0.6574815511703491,0.6558315753936768,-0.011389603838324547,0.6858433485031128,0.7707777619361877,-0.0018102367175742984,0.6838120222091675,0.714220404624939,-0.027447639033198357,0.6724450588226318,0.7401145100593567,-0.03799910843372345,0.6688175201416016,0.769263744354248,-0.036894336342811584,0.7101434469223022,0.7798248529434204,-0.012674650177359581,0.716797411441803,0.7201358079910278,-0.03301754221320152,0.7170952558517456,0.6819105744361877,-0.04524793103337288,0.7205267548561096,0.646353006362915,-0.050242770463228226,0.7336804270744324,0.7977557182312012,-0.023907998576760292,0.7589877843856812,0.7624616026878357,-0.03657131642103195,0.7769929766654968,0.7378368377685547,-0.044277675449848175,0.7926448583602905,0.7116390466690063,-0.04967240244150162,h
0.6823984980583191,0.9239685535430908,6.85888901230669e-09,0.6493874788284302,0.8933716416358948,-0.007851208560168743,0.6339471340179443,0.8339723944664001,-0.01247688103467226,0.6428597569465637,0.7924651503562927,-0.018208716064691544,0.6670635342597961,0.7715053558349609,-0.02375258505344391,0.659854531288147,0.7709910869598389,0.005951879546046257,0.6605775952339172,0.718932569026947,-0.0008173375390470028,0.6583371162414551,0.68719881772995,-0.005837460048496723,0.6590416431427002,0.6566030979156494,-0.011917386204004288,0.6862392425537109,0.7708631753921509,-0.0018612572457641363,0.6854984760284424,0.7173601388931274,-0.02648378722369671,0.6751226186752319,0.7398390769958496,-0.037607550621032715,0.6710128784179688,0.7668172121047974,-0.03758718818426132,0.7107011079788208,0.7800955176353455,-0.012597324326634407,0.7173359394073486,0.7205446362495422,-0.03245479613542557,0.7178127765655518,0.6813188195228577,-0.0452115572988987,0.7210715413093567,0.6450824737548828,-0.05094126611948013,0.7345461249351501,0.7981231212615967,-0.023595286533236504,0.7596648931503296,0.7613033056259155,-0.036391280591487885,0.77742600440979,0.7363084554672241,-0.04428805410861969,0.793025016784668,0.7102583050727844,-0.049897629767656326,h
0.6825335621833801,0.9223153591156006,1.2744147959153906e-08,0.6507294178009033,0.8938778042793274,-0.008441796526312828,0.635162353515625,0.8352248072624207,-0.013031378388404846,0.6425296068191528,0.7940468788146973,-0.018482258543372154,0.6660562753677368,0.7745765447616577,-0.023706017062067986,0.6602636575698853,0.7728296518325806,0.00581103190779686,0.6604641675949097,0.7219464778900146,-0.0011366128455847502,0.6584535241127014,0.690311074256897,-0.006005187518894672,0.6604316234588623,0.6602350473403931,-0.011961955577135086,0.6861428022384644,0.7721465826034546,-0.0018751060124486685,0.6846745610237122,0.7171936631202698,-0.027301043272018433,0.6738837957382202,0.7406529784202576,-0.03829466924071312,0.6701606512069702,0.768019437789917,-0.03765513747930527,0.7106331586837769,0.7809287905693054,-0.012580351904034615,0.7177104949951172,0.7220627069473267,-0.033299680799245834,0.718600332736969,0.6822920441627502,-0.046458687633275986,0.7224225401878357,0.6447725296020508,-0.052097853273153305,0.7342316508293152,0.7987278699874878,-0.023551013320684433,0.7595574259757996,0.7635253071784973,-0.03720121830701828,0.7773375511169434,0.7390009164810181,-0.04561791941523552,0.7929216027259827,0.7127325534820557,-0.05141512677073479,h
0.6818786859512329,0.9229568839073181,1.8201152585106684e-08,0.6499223113059998,0.8940757513046265,-0.008676308207213879,0.634894847869873,0.8347327709197998,-0.012717340141534805,0.6433420181274414,0.7944037914276123,-0.017385488376021385,0.6670330166816711,0.7759103775024414,-0.021665416657924652,0.6599710583686829,0.7730251550674438,0.0058047170750796795,0.6600157618522644,0.7224869728088379,-0.0014280069153755903,0.6582906246185303,0.6908310651779175,-0.0064331842586398125,0.6611353754997253,0.6604384183883667,-0.012433418072760105,0.6861886978149414,0.7721073627471924,-0.0018149504903703928,0.6858986020088196,0.7150068879127502,-0.02742581255733967,0.6749733090400696,0.7390725016593933,-0.0383465476334095,0.6711757779121399,0.7678731679916382,-0.037478137761354446,0.7109441161155701,0.7810193300247192,-0.012531738728284836,0.7183392643928528,0.7228013277053833,-0.033039290457963943,0.7191584706306458,0.6837035417556763,-0.046128083020448685,0.7228678464889526,0.6473696827888489,-0.05165640264749527,0.7347143888473511,0.7994738221168518,-0.023640785366296768,0.7603048086166382,0.7651764750480652,-0.03675444424152374,0.7780560255050659,0.7409067749977112,-0.04506715387105942,0.7931397557258606,0.7153581976890564,-0.05085870996117592,h
0.6829075813293457,0.9234308004379272,1.1597173887878398e-08,0.6508838534355164,0.8948585987091064,-0.009284586645662785,0.6345841288566589,0.8358468413352966,-0.014285926707088947,0.6421563029289246,0.7937695980072021,-0.01995941437780857,0.6669961810112,0.7746962904930115,-0.02531610056757927,0.6608019471168518,0.7720392346382141,0.004630236886441708,0.6608244776725769,0.7219509482383728,-0.00336396018974483,0.6589574813842773,0.6902753710746765,-0.00873673614114523,0.6609318256378174,0.6600596904754639,-0.014893784187734127,0.6870704889297485,0.7708341479301453,-0.002732089487835765,0.6863933801651001,0.7143155336380005,-0.02853630669414997,0.6758807897567749,0.7391369938850403,-0.03912506625056267,0.6721482276916504,0.7680855393409729,-0.038103777915239334,0.7118355631828308,0.7798926830291748,-0.01322637777775526,0.7190915942192078,0.7210575938224792,-0.03397831320762634,0.7196555733680725,0.683066189289093,-0.04634973406791687,0.7229087948799133,0.6472991704940796,-0.05138354003429413,0.7354872226715088,0.7986486554145813,-0.024151157587766647,0.7610005140304565,0.7636736035346985,-0.03758234903216362,0.7787599563598633,0.7394969463348389,-0.04566594958305359,0.7940115928649902,0.7135316133499146,-0.0512433685362339,h
0.6835869550704956,0.9236798286437988,1.330794940912483e-08,0.6513751149177551,0.8956869840621948,-0.009334640577435493,0.6345452070236206,0.835455596446991,-0.014481774531304836,0.6427466869354248,0.7926395535469055,-0.020350441336631775,0.6682115793228149,0.7735157012939453,-0.02586890198290348,0.6616910696029663,0.7723267674446106,0.004829607903957367,0.6620109677314758,0.721064031124115,-0.002819707617163658,0.6595990061759949,0.6895564198493958,-0.007789667695760727,0.6608093976974487,0.6591881513595581,-0.013755323365330696,0.6876966953277588,0.7713886499404907,-0.0026277797296643257,0.6864868402481079,0.7142783403396606,-0.02882171981036663,0.6752378344535828,0.7405399680137634,-0.03936312720179558,0.6713624596595764,0.7704766988754272,-0.03806019201874733,0.7118775844573975,0.7802815437316895,-0.013230616226792336,0.7186409831047058,0.7217526435852051,-0.034019868820905685,0.7189846038818359,0.6831982731819153,-0.046588290482759476,0.7223072648048401,0.6468629837036133,-0.05173241347074509,0.7349813580513,0.7984508872032166,-0.0242709182202816,0.7604534029960632,0.7639980912208557,-0.037341076880693436,0.778576135635376,0.7403868436813354,-0.045411866158246994,0.7943709492683411,0.7151144742965698,-0.05108000338077545,h
0.682824432849884,0.9243273735046387,1.706014707281156e-08,0.6507763862609863,0.8959454894065857,-0.008251789957284927,0.6342308521270752,0.835417628288269,-0.013191094622015953,0.64264976978302,0.7925870418548584,-0.019217858090996742,0.6680434942245483,0.7728996872901917,-0.02499251812696457,0.6612436771392822,0.7720030546188354,0.006736868992447853,0.6621953845024109,0.7206161022186279,-0.0002985913015436381,0.6601361632347107,0.6892076134681702,-0.005217388272285461,0.6613798141479492,0.6589758992195129,-0.011222892440855503,0.6874895691871643,0.7713226675987244,-0.0012436755932867527,0.6859704256057739,0.7153123617172241,-0.026865649968385696,0.6755878925323486,0.7416636943817139,-0.037576645612716675,0.6726366877555847,0.771547257900238,-0.03649235516786575,0.7119254469871521,0.7802377343177795,-0.012278835289180279,0.7179687023162842,0.721340537071228,-0.0322677306830883,0.718549370765686,0.6823940277099609,-0.044354334473609924,0.7221159338951111,0.6457286477088928,-0.04934781417250633,0.7353696823120117,0.7987908124923706,-0.023720404133200645,0.7605884075164795,0.7644063830375671,-0.03608444333076477,0.7787731885910034,0.7408990263938904,-0.04345494881272316,0.7946930527687073,0.7159083485603333,-0.04867912083864212,h
0.6819522976875305,0.9240157604217529,3.165169815133595e-08,0.6501114368438721,0.8951025605201721,-0.009524798952043056,0.6340852379798889,0.8348700404167175,-0.014990391209721565,0.642365038394928,0.7926186919212341,-0.02122536487877369,0.6676327586174011,0.773436963558197,-0.027059325948357582,0.6614652872085571,0.7719690203666687,0.005909697152674198,0.6617116928100586,0.7206660509109497,-0.0011333918664604425,0.6589662432670593,0.68888920545578,-0.00589817576110363,0.6602578163146973,0.6584703922271729,-0.011872651986777782,0.6875365972518921,0.7714704871177673,-0.0016180245438590646,0.6867905259132385,0.7132824063301086,-0.027811914682388306,0.6752240061759949,0.738656222820282,-0.038863055408000946,0.6714628338813782,0.7687951326370239,-0.03779328241944313,0.711847186088562,0.7806687951087952,-0.01223718747496605,0.7184135913848877,0.7225136756896973,-0.03248780965805054,0.7187251448631287,0.6833587288856506,-0.04479830712080002,0.7223435640335083,0.6469199061393738,-0.049795325845479965,0.7353014349937439,0.79937344789505,-0.0233890563249588,0.7607352137565613,0.7647427320480347,-0.03572823852300644,0.7787792682647705,0.7407593727111816,-0.04326004162430763,0.7945705652236938,0.715194821357727,-0.048579778522253036,h
0.6823751926422119,0.9246706962585449,2.5383775081877502e-08,0.6502825021743774,0.8954387903213501,-0.009965174831449986,0.634192705154419,0.8357917070388794,-0.0159648098051548,0.6421898007392883,0.792839527130127,-0.022701360285282135,0.6675797700881958,0.7724618315696716,-0.029002370312809944,0.6610974669456482,0.7719541788101196,0.004930473398417234,0.6614335775375366,0.7198730111122131,-0.0025112612638622522,0.6587615013122559,0.6878054738044739,-0.007449354510754347,0.6598323583602905,0.657010555267334,-0.013428621925413609,0.6873352527618408,0.7717044353485107,-0.002245783805847168,0.686417281627655,0.7146671414375305,-0.028277898207306862,0.6762643456459045,0.7412627935409546,-0.03907614201307297,0.6735437512397766,0.7715355753898621,-0.03801535815000534,0.7117823958396912,0.7808600664138794,-0.012505182065069675,0.7179879546165466,0.7226476669311523,-0.03243178129196167,0.7180319428443909,0.6840472221374512,-0.044242266565561295,0.7212404608726501,0.647991418838501,-0.049059461802244186,0.7352388501167297,0.7994034886360168,-0.023344548419117928,0.7602889537811279,0.7647994160652161,-0.03515452519059181,0.7781734466552734,0.7409758567810059,-0.04224720597267151,0.7938043475151062,0.7154629826545715,-0.04734018072485924,h
0.6816497445106506,0.9242770075798035,2.4891384953207307e-08,0.6496962308883667,0.8952993154525757,-0.009513379074633121,0.6337249875068665,0.8349642157554626,-0.014752891846001148,0.6418471336364746,0.7926012873649597,-0.02070891484618187,0.6667954325675964,0.7740412354469299,-0.02631903439760208,0.6602638959884644,0.7723377346992493,0.0054109469056129456,0.6609312295913696,0.7205103039741516,-0.0017555045196786523,0.6584314107894897,0.688701331615448,-0.006464584264904261,0.6599383354187012,0.657975435256958,-0.012318465858697891,0.6865260004997253,0.7716870307922363,-0.0019856274593621492,0.6854645013809204,0.7145595550537109,-0.028070298954844475,0.6743376851081848,0.7412603497505188,-0.03869810700416565,0.6711767315864563,0.771519660949707,-0.03731898218393326,0.7112841010093689,0.7806974053382874,-0.012474668212234974,0.7171295285224915,0.7225706577301025,-0.03259769827127457,0.7172995209693909,0.6832711100578308,-0.0445932000875473,0.7207589149475098,0.6457998752593994,-0.04943830147385597,0.7350144386291504,0.7993033528327942,-0.02348138391971588,0.7603470087051392,0.7650550603866577,-0.035550281405448914,0.7783665657043457,0.7411174178123474,-0.04271869733929634,0.7940018177032471,0.7153115272521973,-0.047837547957897186,h
0.6821593046188354,0.9249218702316284,3.7672371888675116e-08,0.6496921181678772,0.8957826495170593,-0.010089578106999397,0.6338406205177307,0.8348112106323242,-0.015165062621235847,0.6416611671447754,0.791761577129364,-0.020807936787605286,0.666801929473877,0.7730897665023804,-0.025905892252922058,0.6606569886207581,0.7737494707107544,0.0052425796166062355,0.660220742225647,0.7215206623077393,-0.00198174430988729,0.6573930978775024,0.6891550421714783,-0.006644456647336483,0.6594306826591492,0.6580550670623779,-0.01242081169039011,0.6864292025566101,0.7731072902679443,-0.0019188805017620325,0.6859708428382874,0.7129330635070801,-0.02813945710659027,0.6731333136558533,0.736723780632019,-0.0388440266251564,0.6684103608131409,0.7665402889251709,-0.03737574443221092,0.7107428908348083,0.7820506691932678,-0.012237588874995708,0.7173499464988708,0.7241507768630981,-0.032466016709804535,0.7170224189758301,0.6844461560249329,-0.04484421759843826,0.7203715443611145,0.6483546495437622,-0.04979312792420387,0.7341206669807434,0.7999981045722961,-0.023204034194350243,0.7598253488540649,0.7654407620429993,-0.03540656343102455,0.7782207131385803,0.7410668730735779,-0.0432097464799881,0.7942813038825989,0.7157682776451111,-0.04874180257320404,h
0.6816185116767883,0.9251391887664795,1.165050900198139e-08,0.6490287780761719,0.8951228857040405,-0.008962394669651985,0.6334308981895447,0.8342798352241516,-0.013861034065485,0.6409872770309448,0.7919787168502808,-0.019697660580277443,0.6660383343696594,0.7741773128509521,-0.025122040882706642,0.6608044505119324,0.7714165449142456,0.006238256581127644,0.6610032320022583,0.7188760638237,-0.0006570855621248484,0.6574417352676392,0.6875501275062561,-0.005078024696558714,0.6585639715194702,0.6566542387008667,-0.010755821131169796,0.6868061423301697,0.7717728018760681,-0.0015011238865554333,0.6850839257240295,0.7146945595741272,-0.027725817635655403,0.6714496612548828,0.7410020232200623,-0.038361839950084686,0.6665560007095337,0.7712424397468567,-0.03686576709151268,0.7110315561294556,0.7812770009040833,-0.012349210679531097,0.7173911929130554,0.7227550148963928,-0.03259262815117836,0.7170585989952087,0.6836718320846558,-0.04495774209499359,0.7205398082733154,0.6473458409309387,-0.04994799569249153,0.7341976761817932,0.7996280789375305,-0.02368794195353985,0.7598161697387695,0.7652961015701294,-0.03591475635766983,0.7779077887535095,0.7411268353462219,-0.04361597076058388,0.7939724922180176,0.7154908776283264,-0.049071136862039566,h
0.6823137402534485,0.9256440997123718,3.709597962142652e-08,0.6497403979301453,0.8963819146156311,-0.009906263090670109,0.633734941482544,0.8359053134918213,-0.015251275151968002,0.6417229771614075,0.7936027646064758,-0.021206209436058998,0.6665530800819397,0.774688184261322,-0.02662579156458378,0.6606214642524719,0.7719274759292603,0.005577745847404003,0.6604330539703369,0.7200435400009155,-0.001564060221426189,0.6575702428817749,0.6873030662536621,-0.00619130814447999,0.6590602993965149,0.6566462516784668,-0.011934618465602398,0.6865415573120117,0.7719206809997559,-0.0018575763097032905,0.6857216954231262,0.7119756937026978,-0.02820894680917263,0.673042356967926,0.7371451258659363,-0.03864113241434097,0.668522298336029,0.7682119607925415,-0.03687232732772827,0.7107606530189514,0.7812821269035339,-0.012534108944237232,0.7176172137260437,0.7227199673652649,-0.03292606770992279,0.7176623940467834,0.6828081011772156,-0.04513537138700485,0.7212294340133667,0.6464478373527527,-0.04990973323583603,0.7340278029441833,0.7996472120285034,-0.023813752457499504,0.7599794864654541,0.764154314994812,-0.03633894771337509,0.7783875465393066,0.7394108772277832,-0.04405619204044342,0.7944414019584656,0.713431715965271,-0.0494423434138298,h
0.6829152703285217,0.9264289736747742,1.1415740353015735e-08,0.6500878930091858,0.8975749611854553,-0.009265114553272724,0.633727490901947,0.8365645408630371,-0.014410313218832016,0.6419570446014404,0.7937033176422119,-0.02043231576681137,0.6666374802589417,0.7730695605278015,-0.026060758158564568,0.6601176261901855,0.7719197869300842,0.005729340016841888,0.6609668731689453,0.7185117602348328,-0.0012391390046104789,0.6581156849861145,0.6865488290786743,-0.0059270248748362064,0.6590864062309265,0.6553201675415039,-0.011806928552687168,0.6865914463996887,0.771259069442749,-0.0017976813251152635,0.6846972107887268,0.7144493460655212,-0.027506424114108086,0.6737121939659119,0.7412617802619934,-0.03808315098285675,0.6706263422966003,0.7717441320419312,-0.036842282861471176,0.7111599445343018,0.7801114320755005,-0.012412269599735737,0.7173089385032654,0.7205201983451843,-0.03216936066746712,0.7176569700241089,0.6816027164459229,-0.04396560415625572,0.7213242650032043,0.6447904109954834,-0.04882719740271568,0.7346688508987427,0.7983579635620117,-0.023545311763882637,0.7598916292190552,0.7640056610107422,-0.03541681542992592,0.777807354927063,0.7400652766227722,-0.04243125393986702,0.7935999035835266,0.7142928838729858,-0.04745990037918091,h
0.682826817035675,0.925228476524353,2.6056078183955833e-08,0.650680422782898,0.8963667750358582,-0.008778119459748268,0.6345661282539368,0.8360636234283447,-0.014262122102081776,0.6420037746429443,0.7934670448303223,-0.020776765421032906,0.6661714315414429,0.7723447680473328,-0.02698553167283535,0.660974383354187,0.7719663381576538,0.005845031701028347,0.6620388031005859,0.7194705009460449,-0.0012207130203023553,0.6592566967010498,0.6876459717750549,-0.006127460394054651,0.6602743864059448,0.6569108963012695,-0.012196211144328117,0.6870235204696655,0.7712802290916443,-0.0021253610029816628,0.6854736804962158,0.7140166163444519,-0.02792033925652504,0.6734943985939026,0.7384733557701111,-0.03869439288973808,0.6693800091743469,0.7673675417900085,-0.03768626227974892,0.7113564610481262,0.7802362442016602,-0.013140050694346428,0.7178678512573242,0.7201049327850342,-0.033078450709581375,0.7181734442710876,0.6808153390884399,-0.044800445437431335,0.7218652367591858,0.6437979340553284,-0.04961435869336128,0.7346929311752319,0.7986500263214111,-0.024645129218697548,0.7603545188903809,0.7632301449775696,-0.037117693573236465,0.7783708572387695,0.7386705279350281,-0.04440730810165405,0.7943497896194458,0.7124393582344055,-0.049547821283340454,h
0.6828032732009888,0.9246151447296143,2.6972877265052375e-08,0.6505711078643799,0.895658552646637,-0.009099284186959267,0.6353517174720764,0.8355709910392761,-0.014189529232680798,0.6421563625335693,0.7927879691123962,-0.020130205899477005,0.6653649210929871,0.7710525393486023,-0.025766082108020782,0.6610836386680603,0.7721486687660217,0.005400249734520912,0.660858154296875,0.7202482223510742,-0.002380120102316141,0.6585249304771423,0.6879138946533203,-0.007860579527914524,0.660778284072876,0.6573556661605835,-0.014035802334547043,0.6871417164802551,0.7710785269737244,-0.0022536541800945997,0.6863399744033813,0.7125996351242065,-0.02800944074988365,0.6746813058853149,0.734971821308136,-0.038880933076143265,0.670529842376709,0.7627415060997009,-0.037931930273771286,0.7115723490715027,0.7799018621444702,-0.012977112084627151,0.7185698747634888,0.7196081280708313,-0.03293847292661667,0.7189255356788635,0.6804614663124084,-0.044581085443496704,0.7224763035774231,0.6438190937042236,-0.049235258251428604,0.7348902225494385,0.7983605861663818,-0.024235032498836517,0.7604591846466064,0.7625607848167419,-0.036915965378284454,0.7783668637275696,0.7374591827392578,-0.044227808713912964,0.794086217880249,0.710935652256012,-0.049231961369514465,h
0.6826520562171936,0.923378586769104,2.597434267670451e-08,0.6502150893211365,0.8935378193855286,-0.009370100684463978,0.634777843952179,0.8345193266868591,-0.01506209746003151,0.6423689723014832,0.792964518070221,-0.021602803841233253,0.6659276485443115,0.7713155746459961,-0.02781691774725914,0.6610807180404663,0.7703781127929688,0.004739002324640751,0.660707414150238,0.7183570861816406,-0.0031865539494901896,0.6583688259124756,0.6864778399467468,-0.008826443925499916,0.6600919961929321,0.6563596129417419,-0.015100333839654922,0.6872503161430359,0.7698556780815125,-0.0028420777525752783,0.6866991519927979,0.7123687267303467,-0.02884335070848465,0.6746659874916077,0.7351314425468445,-0.040072087198495865,0.6696900725364685,0.7632045745849609,-0.03944471478462219,0.7114876508712769,0.778925359249115,-0.013465527445077896,0.7187795639038086,0.7191442847251892,-0.03348969295620918,0.7189038395881653,0.6803621053695679,-0.045303940773010254,0.7220170497894287,0.6442951560020447,-0.05012638866901398,0.7346607446670532,0.7974864840507507,-0.024622974917292595,0.7605451345443726,0.762134313583374,-0.03722023218870163,0.7784700393676758,0.7370447516441345,-0.044566765427589417,0.7940453290939331,0.7106529474258423,-0.0496213361620903,h
0.6828860640525818,0.9235883951187134,2.633844253807638e-08,0.6500205993652344,0.8930339813232422,-0.008775169961154461,0.6349028944969177,0.833652913570404,-0.014105486683547497,0.642619788646698,0.7919921875,-0.020502425730228424,0.6661651730537415,0.7703940868377686,-0.026630328968167305,0.6614704728126526,0.7699920535087585,0.00580687215551734,0.6615431904792786,0.7186406850814819,-0.0017402545781806111,0.6590195894241333,0.6866876482963562,-0.007181800436228514,0.6602704524993896,0.6566779613494873,-0.013331004418432713,0.687468945980072,0.7694780230522156,-0.0019602433312684298,0.6868439316749573,0.712907075881958,-0.02740524336695671,0.6749740242958069,0.7345001697540283,-0.03854124993085861,0.6700007915496826,0.761748731136322,-0.038044996559619904,0.7115888595581055,0.7784285545349121,-0.012768827378749847,0.7190988063812256,0.7187269926071167,-0.032601457089185715,0.7190719246864319,0.679520308971405,-0.04462207853794098,0.7220633029937744,0.6437093019485474,-0.049656644463539124,0.734616756439209,0.7967542409896851,-0.024067765101790428,0.7607133984565735,0.7613016366958618,-0.03670502454042435,0.778632402420044,0.7360117435455322,-0.0442742221057415,0.7944332361221313,0.7098294496536255,-0.04948441684246063,h
0.682828962802887,0.9224041700363159,2.984635116831669e-08,0.6504895687103271,0.8935945630073547,-0.009787380695343018,0.6342654824256897,0.8348140716552734,-0.015799812972545624,0.641663134098053,0.7931036949157715,-0.02253853902220726,0.6653999090194702,0.7713328003883362,-0.028951207175850868,0.6608538627624512,0.7692715525627136,0.004189443774521351,0.6615522503852844,0.7181766033172607,-0.0039333258755505085,0.6590353846549988,0.6865169405937195,-0.009382453747093678,0.6602240204811096,0.6570035219192505,-0.015544530004262924,0.6870430111885071,0.7687859535217285,-0.003412761492654681,0.6865890622138977,0.7107626795768738,-0.029790453612804413,0.6747626066207886,0.7344235777854919,-0.04060867801308632,0.6703994274139404,0.763308048248291,-0.03956079110503197,0.7113882303237915,0.7783340811729431,-0.014188923873007298,0.7192055583000183,0.718683660030365,-0.034869737923145294,0.7194920778274536,0.6797921061515808,-0.0467616431415081,0.7229101061820984,0.6434476375579834,-0.0515182800590992,0.7344642281532288,0.797515332698822,-0.02547094225883484,0.7606995701789856,0.7621150612831116,-0.03881203755736351,0.7785690426826477,0.7371093034744263,-0.04648420959711075,0.7941384315490723,0.7102527618408203,-0.0517139732837677,h
0.6826194524765015,0.9224134683609009,1.287019291140723e-08,0.6497371792793274,0.8924897313117981,-0.008575379848480225,0.6346871852874756,0.8324444890022278,-0.013245753943920135,0.6423309445381165,0.7906513214111328,-0.018811721354722977,0.6654443740844727,0.7694721221923828,-0.02402505651116371,0.6597684621810913,0.7699868679046631,0.0054254550486803055,0.6599448323249817,0.7175836563110352,-0.0018430169438943267,0.6571253538131714,0.6856012344360352,-0.0066580502316355705,0.6588398814201355,0.6547636389732361,-0.012429456226527691,0.6859652400016785,0.7690860033035278,-0.0023048515431582928,0.6854577660560608,0.711952805519104,-0.027846848592162132,0.6738080382347107,0.7358213663101196,-0.03847101703286171,0.6696497797966003,0.7642316818237305,-0.03743268549442291,0.7104823589324951,0.7781817317008972,-0.01301921159029007,0.7176706194877625,0.7186928987503052,-0.03307683393359184,0.7177191376686096,0.6799765229225159,-0.04513183608651161,0.7210209965705872,0.6437190771102905,-0.05010681971907616,0.733760416507721,0.7966352105140686,-0.024134784936904907,0.759917676448822,0.7620081901550293,-0.03686673194169998,0.7779176831245422,0.7371891140937805,-0.044544052332639694,0.7936054468154907,0.7109129428863525,-0.049874741584062576,h
0.681921124458313,0.9214545488357544,2.5990699370481707e-08,0.6497251391410828,0.8911905288696289,-0.009129416197538376,0.6346862316131592,0.8324084281921387,-0.014563312754034996,0.6419793367385864,0.7910423874855042,-0.020882142707705498,0.6649981141090393,0.7695071697235107,-0.02694029174745083,0.660045862197876,0.7697133421897888,0.004598991945385933,0.6601110696792603,0.7178126573562622,-0.003276734845712781,0.657264769077301,0.6856595277786255,-0.00865577906370163,0.6587390303611755,0.6551781296730042,-0.014687065966427326,0.6863409280776978,0.7690109610557556,-0.0029642744921147823,0.6854795217514038,0.712195098400116,-0.028660370036959648,0.673623263835907,0.734485387802124,-0.03957589715719223,0.6692511439323425,0.7618783116340637,-0.03877416253089905,0.7107698321342468,0.7780761122703552,-0.013526762835681438,0.7179033756256104,0.718377947807312,-0.03355766832828522,0.7178516983985901,0.6797955632209778,-0.045488692820072174,0.7208921313285828,0.6438654661178589,-0.050390131771564484,0.7339522242546082,0.7966874837875366,-0.024573901668190956,0.7596694827079773,0.7623962163925171,-0.03746636584401131,0.7774426937103271,0.737582266330719,-0.045130178332328796,0.7931288480758667,0.7113503217697144,-0.050341781228780746,h
0.6819649934768677,0.9210585951805115,2.9248040434026734e-08,0.6498432755470276,0.8910151124000549,-0.009303673170506954,0.6345406770706177,0.8325607180595398,-0.014906758442521095,0.6417229175567627,0.7912702560424805,-0.021418921649456024,0.6646968722343445,0.7696942687034607,-0.027686670422554016,0.6599923372268677,0.7695611119270325,0.004643717780709267,0.659932553768158,0.7176501750946045,-0.0028684083372354507,0.6569254994392395,0.6853179931640625,-0.008009140379726887,0.6581469774246216,0.6547519564628601,-0.013956896960735321,0.68625807762146,0.7690050005912781,-0.0028456184081733227,0.6854912638664246,0.7128416299819946,-0.02821536362171173,0.6733733415603638,0.7351248264312744,-0.03902893885970116,0.6687656044960022,0.7623937129974365,-0.03826848044991493,0.7106553316116333,0.778067946434021,-0.013343785889446735,0.7178536057472229,0.7186502814292908,-0.03308548033237457,0.7177842259407043,0.6802726984024048,-0.04491734132170677,0.7208725810050964,0.6445392370223999,-0.04985002428293228,0.7338573932647705,0.7967147827148438,-0.024357091635465622,0.7597397565841675,0.7620110511779785,-0.0370953306555748,0.7776261568069458,0.7372781038284302,-0.04470818117260933,0.7934324741363525,0.7110450267791748,-0.04993322119116783,h
0.681783139705658,0.9205477237701416,3.830180972386188e-08,0.6502705216407776,0.892009437084198,-0.009679454378783703,0.634357750415802,0.832560658454895,-0.014591865241527557,0.6415262818336487,0.7899484634399414,-0.020148353651165962,0.665332555770874,0.7696857452392578,-0.025235744193196297,0.6598193645477295,0.7695730924606323,0.00495393481105566,0.6594026684761047,0.7178104519844055,-0.0022387332282960415,0.6562678813934326,0.6853533387184143,-0.006901769898831844,0.6577666401863098,0.6549546122550964,-0.012597346678376198,0.6857379078865051,0.7683891654014587,-0.002153836889192462,0.6854196190834045,0.7091994285583496,-0.02725893259048462,0.6738094091415405,0.7308455109596252,-0.037433650344610214,0.6697542667388916,0.7587718963623047,-0.03612997755408287,0.7101461291313171,0.7774284482002258,-0.012392843142151833,0.7175582647323608,0.7185697555541992,-0.03223123028874397,0.71741783618927,0.6801344156265259,-0.04411078989505768,0.720658004283905,0.645065426826477,-0.048917435109615326,0.7334302663803101,0.795863151550293,-0.023230019956827164,0.7596452236175537,0.7610132098197937,-0.03625010326504707,0.7775024175643921,0.7361721992492676,-0.04446263238787651,0.7932091355323792,0.7099800705909729,-0.05012403428554535,h
