0.34946414828300476,0.9886807799339294,8.049834576695503e-08,0.41557884216308594,0.9937565922737122,-0.03137471154332161,0.48021072149276733,0.9692610502243042,-0.059116609394550323,0.5292133092880249,0.9512913823127747,-0.08322257548570633,0.5770373940467834,0.9406731724739075,-0.10597153753042221,0.4728480577468872,0.8700939416885376,-0.07732890546321869,0.4987437427043915,0.811024010181427,-0.12404691427946091,0.5042316913604736,0.862759530544281,-0.14876176416873932,0.5023006796836853,0.9172956943511963,-0.16104792058467865,0.4298827052116394,0.8642743229866028,-0.08050099015235901,0.4441041052341461,0.8352101445198059,-0.12561564147472382,0.44475364685058594,0.90192049741745,-0.13264836370944977,0.4418793022632599,0.9461706876754761,-0.1349020004272461,0.38121113181114197,0.8724642992019653,-0.08625631779432297,0.3923179507255554,0.849990963935852,-0.12882043421268463,0.3998428285121918,0.9113287925720215,-0.12161246687173843,0.3995618224143982,0.9549815058708191,-0.11202584952116013,0.3349371552467346,0.8918987512588501,-0.0938108041882515,0.34724023938179016,0.8774039149284363,-0.12477225065231323,0.3587718904018402,0.9218400716781616,-0.1205269917845726,0.36340850591659546,0.9548330903053284,-0.11346615850925446,s
0.37070363759994507,1.0058966875076294,2.41829582137143e-07,0.42100539803504944,0.9849663376808167,-0.027302736416459084,0.4751091003417969,0.933476984500885,-0.047475267201662064,0.5232711434364319,0.9050729274749756,-0.06778222322463989,0.5666952729225159,0.8825830817222595,-0.08563940227031708,0.45978492498397827,0.8252766728401184,-0.025552190840244293,0.4855210781097412,0.7769291996955872,-0.06873120367527008,0.5065694451332092,0.8186920285224915,-0.0942140594124794,0.5152924656867981,0.8628672361373901,-0.10557599365711212,0.4192947447299957,0.8138402700424194,-0.030367914587259293,0.44807589054107666,0.7843198776245117,-0.07430925220251083,0.44412970542907715,0.8696889877319336,-0.08397691696882248,0.4358430802822113,0.9030131697654724,-0.08228591084480286,0.3744654655456543,0.8183609843254089,-0.041041672229766846,0.3997211158275604,0.804082453250885,-0.08725748211145401,0.4000810384750366,0.8857574462890625,-0.07665238529443741,0.39197805523872375,0.9149251580238342,-0.05895271897315979,0.326717346906662,0.8344188332557678,-0.05384788662195206,0.3512208163738251,0.824705958366394,-0.08610854297876358,0.35998809337615967,0.8841671347618103,-0.07588736712932587,0.35442689061164856,0.9081315398216248,-0.06073207035660744,s
0.3614080548286438,0.9714046120643616,7.741009255823883e-08,0.4116837978363037,0.9523848295211792,-0.028377864509820938,0.4644574224948883,0.8903936743736267,-0.04743559658527374,0.5130458474159241,0.8495238423347473,-0.06758207827806473,0.5597780346870422,0.8304392099380493,-0.0831274539232254,0.4509238004684448,0.7709383964538574,-0.008019358851015568,0.47424694895744324,0.7166082859039307,-0.0510181225836277,0.49432727694511414,0.7612541317939758,-0.07273691892623901,0.5020619630813599,0.8048444390296936,-0.07889818400144577,0.40840333700180054,0.7571926712989807,-0.009415225125849247,0.4366915225982666,0.7343389391899109,-0.05024026334285736,0.4311659336090088,0.8282671570777893,-0.05373247340321541,0.4199976623058319,0.8509730100631714,-0.04521942883729935,0.3609960675239563,0.758611798286438,-0.019030701369047165,0.38670504093170166,0.751656711101532,-0.06317055225372314,0.3878229260444641,0.8389003276824951,-0.04930708184838295,0.38101089000701904,0.8642895817756653,-0.027470998466014862,0.31088459491729736,0.7724331021308899,-0.03120054490864277,0.3300257921218872,0.7711224555969238,-0.05857272073626518,0.34265393018722534,0.8352065086364746,-0.04575208202004433,0.3424651026725769,0.8566728830337524,-0.027546614408493042,s
0.3495233654975891,0.9484430551528931,6.136194485861779e-08,0.39966756105422974,0.922431230545044,-0.027251405641436577,0.4530702829360962,0.8441500067710876,-0.044502902776002884,0.5038929581642151,0.7958549857139587,-0.06331878155469894,0.554490864276886,0.7745446562767029,-0.07876388728618622,0.4349512755870819,0.7345037460327148,-0.005780729930847883,0.4594559669494629,0.6746328473091125,-0.04488154500722885,0.4827488660812378,0.7114979028701782,-0.0656357929110527,0.49471932649612427,0.7487459182739258,-0.07252836972475052,0.3928246796131134,0.7260055541992188,-0.0075796316377818584,0.4239270091056824,0.6849753260612488,-0.04559658095240593,0.4223698675632477,0.7730537056922913,-0.05028374493122101,0.41198956966400146,0.797525942325592,-0.04311662167310715,0.3469635844230652,0.7320704460144043,-0.017052724957466125,0.3760812282562256,0.7035173773765564,-0.059642113745212555,0.382007360458374,0.7847895622253418,-0.048402007669210434,0.37578240036964417,0.8114777207374573,-0.02864954061806202,0.2984727621078491,0.7501149773597717,-0.028859879821538925,0.32221519947052,0.724632203578949,-0.05718790367245674,0.33966413140296936,0.78621506690979,-0.045756351202726364,0.3403562009334564,0.8143184781074524,-0.02875570021569729,s
0.33661049604415894,0.9130457639694214,9.839081371865177e-08,0.39305323362350464,0.8738523721694946,-0.019941462203860283,0.4443357288837433,0.7911223769187927,-0.03505818918347359,0.49410006403923035,0.7398943901062012,-0.05285286530852318,0.5453636646270752,0.7165451049804688,-0.06911417841911316,0.42086079716682434,0.695602536201477,-0.005046856123954058,0.4440174698829651,0.6320381164550781,-0.039427608251571655,0.46891045570373535,0.6511267423629761,-0.05823642387986183,0.4823497235774994,0.6770424246788025,-0.06520046293735504,0.37745770812034607,0.6890974044799805,-0.010303438641130924,0.41081246733665466,0.6371142268180847,-0.044210776686668396,0.41038134694099426,0.7206868529319763,-0.04831530898809433,0.3972861170768738,0.7456951141357422,-0.04202856123447418,0.33087480068206787,0.6976419687271118,-0.021480048075318336,0.3624584972858429,0.6570215225219727,-0.061186905950307846,0.37042996287345886,0.7357125282287598,-0.049701202660799026,0.36151090264320374,0.7631472945213318,-0.03080405667424202,0.2811225950717926,0.7175378799438477,-0.03399326279759407,0.30726540088653564,0.6784473061561584,-0.060940638184547424,0.3266735374927521,0.7367978692054749,-0.047692373394966125,0.32529789209365845,0.7673220038414001,-0.029977567493915558,s
0.33426418900489807,0.8756104111671448,6.178206746199066e-08,0.3872741162776947,0.8332424759864807,-0.017764365300536156,0.4382792115211487,0.7443357110023499,-0.03091535158455372,0.4859817624092102,0.6900633573532104,-0.04697633162140846,0.5323814153671265,0.6564623117446899,-0.06122789904475212,0.409796804189682,0.6431410312652588,-0.003250146983191371,0.42966288328170776,0.5804088711738586,-0.03621082380414009,0.45597702264785767,0.6063425540924072,-0.05435687676072121,0.46875691413879395,0.6328287720680237,-0.06110258772969246,0.3663054406642914,0.6386513113975525,-0.008481689728796482,0.39457347989082336,0.5939307808876038,-0.03847844898700714,0.3984147906303406,0.678748607635498,-0.04142962768673897,0.3854891061782837,0.6991572976112366,-0.03604784235358238,0.3206782937049866,0.6503829956054688,-0.019502166658639908,0.349488228559494,0.6172879338264465,-0.05578860640525818,0.35990744829177856,0.6952314972877502,-0.04338676854968071,0.3499922752380371,0.7178332805633545,-0.02561292238533497,0.2717801630496979,0.672641932964325,-0.03173178434371948,0.29698455333709717,0.6392845511436462,-0.05637785419821739,0.318194180727005,0.6963803768157959,-0.042395442724227905,0.31605058908462524,0.7227402329444885,-0.024985328316688538,s
0.33045729994773865,0.8384970426559448,-9.978549542211113e-08,0.3842870593070984,0.7901284694671631,-0.016129376366734505,0.43209943175315857,0.6965364813804626,-0.027751145884394646,0.47716352343559265,0.6393013596534729,-0.04250596463680267,0.5242157578468323,0.6077814102172852,-0.053610097616910934,0.4008266031742096,0.5987586975097656,-0.0022483733482658863,0.4249446988105774,0.5356636047363281,-0.03621619939804077,0.44299930334091187,0.5907259583473206,-0.05268856883049011,0.4427090883255005,0.6169832348823547,-0.058347247540950775,0.3576495349407196,0.5976332426071167,-0.009068605490028858,0.38705629110336304,0.5446362495422363,-0.03863793611526489,0.3971943259239197,0.6357586979866028,-0.04082871228456497,0.38131022453308105,0.6506478190422058,-0.035846494138240814,0.31165027618408203,0.6128228306770325,-0.021707452833652496,0.3412640392780304,0.5692598819732666,-0.05826155096292496,0.3558310568332672,0.6564140319824219,-0.043668922036886215,0.342976450920105,0.6777428388595581,-0.024627799168229103,0.26211774349212646,0.6379351019859314,-0.03528803586959839,0.28809410333633423,0.5970426797866821,-0.05856115370988846,0.3115115761756897,0.6559704542160034,-0.04237257316708565,0.30657047033309937,0.6829347610473633,-0.023760266602039337,s
0.3233503997325897,0.8069344162940979,-1.5172327039181255e-07,0.37848517298698425,0.7558773756027222,-0.016516922041773796,0.42678943276405334,0.659076988697052,-0.028065914288163185,0.471966028213501,0.5983819961547852,-0.042986638844013214,0.5179727673530579,0.5637438297271729,-0.05345999076962471,0.3952138423919678,0.5629190802574158,1.0813580047397409e-05,0.4188884496688843,0.49318817257881165,-0.03298548609018326,0.4366059899330139,0.5536591410636902,-0.04779462888836861,0.4336862862110138,0.5773258209228516,-0.0525345504283905,0.35200661420822144,0.5632199645042419,-0.006761886179447174,0.38162073493003845,0.5042366981506348,-0.035792212933301926,0.3935040831565857,0.5988684892654419,-0.03685864433646202,0.3754938840866089,0.611300528049469,-0.030809905380010605,0.3063988983631134,0.5796154737472534,-0.019580624997615814,0.3369565010070801,0.5316839218139648,-0.05473613739013672,0.35302311182022095,0.621009111404419,-0.037762343883514404,0.3373590111732483,0.6393686532974243,-0.017403144389390945,0.2568153142929077,0.6046600341796875,-0.03353201225399971,0.2858412563800812,0.5613437294960022,-0.05385231226682663,0.3082869052886963,0.6199570894241333,-0.0350167341530323,0.29921653866767883,0.644913375377655,-0.015057913959026337,s
0.3176833987236023,0.7769119739532471,-1.8659419254163367e-07,0.37600356340408325,0.7220795154571533,-0.014279380440711975,0.42341846227645874,0.617897629737854,-0.02352985180914402,0.4683201313018799,0.5535628199577332,-0.036857567727565765,0.5167181491851807,0.5181418061256409,-0.045388635247945786,0.39251139760017395,0.5300244092941284,0.003081409726291895,0.41324108839035034,0.45251989364624023,-0.03143514692783356,0.43221330642700195,0.5142223834991455,-0.04588266462087631,0.4307135343551636,0.5396944880485535,-0.04947933554649353,0.34813007712364197,0.531012773513794,-0.004292732570320368,0.37567687034606934,0.4692547917366028,-0.035212092101573944,0.38787582516670227,0.5679265856742859,-0.03499044105410576,0.3719206154346466,0.5797757506370544,-0.027127331122756004,0.3016853630542755,0.5469232797622681,-0.018114833161234856,0.33262503147125244,0.4988817572593689,-0.05494534224271774,0.34664013981819153,0.5907674431800842,-0.037693049758672714,0.33095359802246094,0.6066048741340637,-0.016406947746872902,0.2511206269264221,0.5696298480033875,-0.03297274559736252,0.28204545378685,0.5285711884498596,-0.05382336676120758,0.30102455615997314,0.5882761478424072,-0.03566255047917366,0.28969311714172363,0.610490620136261,-0.015935445204377174,s
0.311712384223938,0.758022129535675,-1.0397199545764124e-08,0.3686370551586151,0.6981626152992249,-0.01516766007989645,0.41706907749176025,0.5931232571601868,-0.028127651661634445,0.46576595306396484,0.5247927308082581,-0.04636299982666969,0.5152649879455566,0.4863983988761902,-0.0613427609205246,0.38847407698631287,0.506763756275177,0.006955381482839584,0.4051573574542999,0.4280146360397339,-0.026048725470900536,0.43446725606918335,0.4514252543449402,-0.03944464027881622,0.44648653268814087,0.473377525806427,-0.041771113872528076,0.3423701226711273,0.5075576305389404,-0.0012816512025892735,0.3755496144294739,0.4414101839065552,-0.030642524361610413,0.38225239515304565,0.5397074222564697,-0.026507604867219925,0.3651987910270691,0.5492469072341919,-0.013765166513621807,0.29640519618988037,0.5217273831367493,-0.01642344892024994,0.33057907223701477,0.4726203978061676,-0.053203023970127106,0.34244227409362793,0.5599239468574524,-0.032996904104948044,0.32412996888160706,0.5736194252967834,-0.008469939231872559,0.24472594261169434,0.5429719090461731,-0.03315678983926773,0.27663153409957886,0.49887213110923767,-0.05494922399520874,0.297311395406723,0.556832492351532,-0.034328997135162354,0.2851240634918213,0.5790080428123474,-0.01182048674672842,s
0.3119876980781555,0.733634889125824,3.3389689235718834e-08,0.36940962076187134,0.6721128225326538,-0.01585116982460022,0.4180581867694855,0.5628266334533691,-0.029036663472652435,0.4692208766937256,0.496023029088974,-0.04778113216161728,0.5192602276802063,0.45929399132728577,-0.06324023753404617,0.3789348602294922,0.4712800979614258,0.01019133348017931,0.3972233831882477,0.39929354190826416,-0.024077992886304855,0.42857614159584045,0.42177635431289673,-0.039056651294231415,0.4447765350341797,0.4457952082157135,-0.04226842522621155,0.3343591094017029,0.47341760993003845,0.0022381271701306105,0.37056422233581543,0.4180786907672882,-0.02771313674747944,0.3759901523590088,0.5168989896774292,-0.023751435801386833,0.3597342073917389,0.5247616767883301,-0.0109334047883749,0.28961607813835144,0.4892479181289673,-0.01333194226026535,0.327505886554718,0.45188459753990173,-0.05016747862100601,0.3373640775680542,0.5376689434051514,-0.030465122312307358,0.3190101683139801,0.5487880110740662,-0.006332155782729387,0.24012482166290283,0.5133771896362305,-0.03079037368297577,0.27615806460380554,0.480516254901886,-0.05188335105776787,0.2942422926425934,0.5373114943504333,-0.0318787507712841,0.27879437804222107,0.5548706650733948,-0.009886915795505047,s
0.31232720613479614,0.7169046401977539,3.362580969223927e-08,0.37072324752807617,0.6533818244934082,-0.017499396577477455,0.4209912419319153,0.5452215075492859,-0.03160606324672699,0.471557080745697,0.4763803780078888,-0.0514243058860302,0.5196202993392944,0.434439480304718,-0.06772138178348541,0.3780958652496338,0.4514298439025879,0.012523327954113483,0.3961787521839142,0.3773502707481384,-0.02329336293041706,0.4298594295978546,0.39795997738838196,-0.039501216262578964,0.4493699073791504,0.42331671714782715,-0.04307505115866661,0.33383387327194214,0.45381656289100647,0.00475021218881011,0.3709006905555725,0.39889639616012573,-0.02721741981804371,0.3759821653366089,0.4981291890144348,-0.0248805433511734,0.35762763023376465,0.5058066248893738,-0.01248218584805727,0.2896776795387268,0.46882325410842896,-0.011208433657884598,0.3291205167770386,0.43172046542167664,-0.05029589682817459,0.3381301164627075,0.517340898513794,-0.0317859947681427,0.3179117441177368,0.5265066027641296,-0.0076917801052331924,0.2402794510126114,0.49254468083381653,-0.029209118336439133,0.2780630588531494,0.4582129418849945,-0.051466118544340134,0.295942485332489,0.5145943760871887,-0.03157145157456398,0.2791680097579956,0.5318865776062012,-0.009165972471237183,s
0.3101377785205841,0.7019540071487427,5.4262770277091477e-08,0.3707941472530365,0.637845516204834,-0.01743035390973091,0.4216923117637634,0.5280575156211853,-0.031889546662569046,0.47487521171569824,0.46000587940216064,-0.05217048153281212,0.5248233675956726,0.41909176111221313,-0.06892431527376175,0.37878042459487915,0.4333765506744385,0.012800539843738079,0.39713847637176514,0.36161693930625916,-0.02201997861266136,0.4299922585487366,0.37809693813323975,-0.03746577352285385,0.449332058429718,0.4024221897125244,-0.04088778421282768,0.33480867743492126,0.43476253747940063,0.004919039085507393,0.37280622124671936,0.37998026609420776,-0.026315370574593544,0.37582045793533325,0.4772154986858368,-0.023346392437815666,0.3572828769683838,0.4845457971096039,-0.010635090060532093,0.29025477170944214,0.448611319065094,-0.011206159368157387,0.33140069246292114,0.4119013547897339,-0.04933086410164833,0.33944037556648254,0.4945957362651825,-0.03099028766155243,0.3190683126449585,0.5022038817405701,-0.007452936843037605,0.24046474695205688,0.47111380100250244,-0.02948879264295101,0.2804696261882782,0.4423379600048065,-0.05099669098854065,0.29759034514427185,0.49643856287002563,-0.031887486577034,0.2802504897117615,0.5099121928215027,-0.010489177890121937,s
0.3060784339904785,0.6910935044288635,5.7750511928134074e-08,0.36873865127563477,0.6279338598251343,-0.01725618727505207,0.4231940507888794,0.5155279040336609,-0.030947305262088776,0.4780615270137787,0.44873955845832825,-0.05032563582062721,0.5284075736999512,0.40747448801994324,-0.06590563803911209,0.3775160610675812,0.4194536507129669,0.01446466613560915,0.3992307186126709,0.3511207103729248,-0.019793178886175156,0.4312180280685425,0.3670673966407776,-0.03412940725684166,0.4495241641998291,0.3882225453853607,-0.037102073431015015,0.33256796002388,0.4193628430366516,0.006316896993666887,0.37715649604797363,0.3647056221961975,-0.025509698316454887,0.37775662541389465,0.46456488966941833,-0.022453488782048225,0.35622119903564453,0.46814557909965515,-0.009403030388057232,0.28811585903167725,0.4324691891670227,-0.010165374726057053,0.3360593318939209,0.3973068594932556,-0.05035829171538353,0.34153133630752563,0.48524361848831177,-0.032600101083517075,0.31542813777923584,0.4900311529636383,-0.009022778831422329,0.23930634558200836,0.45386284589767456,-0.02865629643201828,0.28711026906967163,0.42788055539131165,-0.05257227644324303,0.30123382806777954,0.4856649339199066,-0.034596703946590424,0.2766837775707245,0.4964788854122162,-0.013792461715638638,s
0.30725938081741333,0.6817057132720947,6.493332449508671e-08,0.37080079317092896,0.6164821982383728,-0.016942057758569717,0.4244993329048157,0.5043949484825134,-0.03056316263973713,0.47967278957366943,0.4369281828403473,-0.05025453492999077,0.5307397246360779,0.39756232500076294,-0.06617961078882217,0.3847643733024597,0.4138852655887604,0.014640520326793194,0.40479645133018494,0.34122925996780396,-0.01993337832391262,0.43655356764793396,0.35628992319107056,-0.03463609889149666,0.45464029908180237,0.37553176283836365,-0.037849508225917816,0.3389556109905243,0.413942813873291,0.006246472243219614,0.3796652853488922,0.3529072403907776,-0.025942211970686913,0.3818860352039337,0.4504886269569397,-0.023307299241423607,0.3623094856739044,0.45353564620018005,-0.010497531853616238,0.2932938039302826,0.4266132116317749,-0.010428275913000107,0.3359454870223999,0.38174766302108765,-0.049995966255664825,0.3448101580142975,0.46569857001304626,-0.03158598393201828,0.3215118944644928,0.47133001685142517,-0.007556976284831762,0.24185919761657715,0.44589224457740784,-0.029207833111286163,0.2862948775291443,0.4122404456138611,-0.052319251000881195,0.30356475710868835,0.4661561846733093,-0.03363129869103432,0.2820008099079132,0.47884756326675415,-0.01230210717767477,s
0.3060891330242157,0.6762429475784302,9.594573668891826e-08,0.3702210783958435,0.6092910766601562,-0.01679702289402485,0.4235610067844391,0.5001804828643799,-0.031044596806168556,0.48028087615966797,0.43265971541404724,-0.051499802619218826,0.531268835067749,0.3901861011981964,-0.0680667832493782,0.38154149055480957,0.4055783450603485,0.018724016845226288,0.4004390239715576,0.3338371813297272,-0.016538023948669434,0.43326324224472046,0.3432348370552063,-0.031966499984264374,0.45522353053092957,0.35793423652648926,-0.035514310002326965,0.33779698610305786,0.40507417917251587,0.009887573309242725,0.38137826323509216,0.3451867997646332,-0.023230543360114098,0.3798394799232483,0.4443662762641907,-0.020783189684152603,0.36000505089759827,0.4455302059650421,-0.007345192600041628,0.2935809791088104,0.4155670702457428,-0.007700610905885696,0.3394019901752472,0.3748425841331482,-0.049286551773548126,0.3433438539505005,0.4620390832424164,-0.03144760802388191,0.31855374574661255,0.46522825956344604,-0.006785909179598093,0.24427491426467896,0.4334377944469452,-0.027288243174552917,0.2908232808113098,0.4018663465976715,-0.05089367926120758,0.30365318059921265,0.4588024616241455,-0.032105427235364914,0.27897968888282776,0.4703066051006317,-0.010238218121230602,s
0.30842554569244385,0.668113648891449,6.762484616729125e-08,0.374626100063324,0.6014156341552734,-0.015079953707754612,0.42904868721961975,0.49123212695121765,-0.027441183105111122,0.4849964678287506,0.42594242095947266,-0.04610481113195419,0.5350515842437744,0.3853936791419983,-0.06116433069109917,0.38540375232696533,0.39864781498908997,0.019328583031892776,0.40654629468917847,0.3311493992805481,-0.013657878153026104,0.43778830766677856,0.340371698141098,-0.027365099638700485,0.4581952393054962,0.35548800230026245,-0.03017301857471466,0.34041714668273926,0.39783382415771484,0.01017597783356905,0.38451287150382996,0.3420352041721344,-0.021661018952727318,0.38126957416534424,0.441109299659729,-0.01852376200258732,0.3604450225830078,0.4429015815258026,-0.004916883073747158,0.29580381512641907,0.40875244140625,-0.007346750237047672,0.34239625930786133,0.3723074793815613,-0.04817042127251625,0.344692587852478,0.45917391777038574,-0.0310104638338089,0.31794536113739014,0.4610223174095154,-0.007254190277308226,0.24645453691482544,0.4265214204788208,-0.02662947215139866,0.2939785122871399,0.3985193073749542,-0.05039931833744049,0.3061131238937378,0.4554755687713623,-0.03252482786774635,0.28033772110939026,0.4646662771701813,-0.011632069945335388,s
0.3085900545120239,0.6664326190948486,7.913055810604419e-08,0.374949187040329,0.6013505458831787,-0.017698882147669792,0.4297347664833069,0.4894125759601593,-0.03028041310608387,0.48640552163124084,0.42384669184684753,-0.048645466566085815,0.5393227338790894,0.38387367129325867,-0.06301829218864441,0.3873373866081238,0.397116094827652,0.018963247537612915,0.41017085313796997,0.32855719327926636,-0.015234270133078098,0.44199568033218384,0.3428635895252228,-0.029656842350959778,0.4626300036907196,0.3600263297557831,-0.03258979693055153,0.34057295322418213,0.3957538604736328,0.01111545693129301,0.3885461688041687,0.3381877541542053,-0.021888766437768936,0.38460278511047363,0.43844786286354065,-0.019732777029275894,0.362616628408432,0.43949103355407715,-0.006191635504364967,0.2953711152076721,0.4067847430706024,-0.005575156304985285,0.34506937861442566,0.3692437410354614,-0.04731983691453934,0.34748977422714233,0.4571893513202667,-0.031339917331933975,0.3189791142940521,0.458067923784256,-0.007792261429131031,0.24628281593322754,0.42293107509613037,-0.024315081536769867,0.2971745729446411,0.39548182487487793,-0.04880082234740257,0.30962294340133667,0.4525367319583893,-0.03183729946613312,0.2824796736240387,0.46093061566352844,-0.011268648318946362,s
0.3067695200443268,0.6692155599594116,6.965884580267812e-08,0.3758975565433502,0.605381965637207,-0.017579209059476852,0.4321081042289734,0.4905904531478882,-0.029227441176772118,0.4892652928829193,0.42383477091789246,-0.046531401574611664,0.5435953140258789,0.38631904125213623,-0.05984019488096237,0.38628020882606506,0.39810457825660706,0.019328098744153976,0.41034287214279175,0.32908210158348083,-0.014166825450956821,0.4435674846172333,0.3428731858730316,-0.028307538479566574,0.46613144874572754,0.3600250482559204,-0.03134811297059059,0.34049656987190247,0.39704951643943787,0.01107789482921362,0.3905455768108368,0.33648279309272766,-0.0222027488052845,0.3853650391101837,0.43770653009414673,-0.02029380574822426,0.36249804496765137,0.4408550560474396,-0.0067161498591303825,0.29570552706718445,0.4078722596168518,-0.0059723155573010445,0.34749141335487366,0.36674046516418457,-0.04789850488305092,0.3488609194755554,0.45618876814842224,-0.03199252858757973,0.31969958543777466,0.45908603072166443,-0.00825430452823639,0.24680134654045105,0.4239630103111267,-0.02509538270533085,0.29972371459007263,0.39300084114074707,-0.04934962838888168,0.31207552552223206,0.4503098428249359,-0.032101795077323914,0.28458502888679504,0.4601971209049225,-0.011387566104531288,s
0.3072083294391632,0.6702898740768433,4.615079873815375e-08,0.37671786546707153,0.6065750122070312,-0.01699616014957428,0.4326208233833313,0.49223074316978455,-0.028319338336586952,0.49113574624061584,0.42641133069992065,-0.045347269624471664,0.5459270477294922,0.3878820836544037,-0.05812272056937218,0.3886055052280426,0.3980078101158142,0.01905100606381893,0.41288694739341736,0.3291984498500824,-0.014598222449421883,0.44560569524765015,0.3451377749443054,-0.027738139033317566,0.4675309658050537,0.3630845248699188,-0.029804248362779617,0.34150978922843933,0.3962906301021576,0.010561849921941757,0.39150917530059814,0.337180495262146,-0.022316960617899895,0.38662534952163696,0.4402594268321991,-0.0192314013838768,0.3644067049026489,0.44281598925590515,-0.004771674983203411,0.2961125671863556,0.40673473477363586,-0.006734952796250582,0.34776851534843445,0.3669670820236206,-0.04822012782096863,0.35043102502822876,0.4575970768928528,-0.03139590844511986,0.321670264005661,0.4598183333873749,-0.007139659021049738,0.24741925299167633,0.42292356491088867,-0.026091407984495163,0.3001313805580139,0.3925860524177551,-0.0499662347137928,0.3133646845817566,0.451194703578949,-0.03207528218626976,0.2858802080154419,0.46150699257850647,-0.010829713195562363,s
0.30761346220970154,0.6731265783309937,3.9301436771665976e-08,0.3782939910888672,0.6097618937492371,-0.018127044662833214,0.43429651856422424,0.49392756819725037,-0.02941274084150791,0.49266278743743896,0.42622536420822144,-0.04629429429769516,0.5489133596420288,0.38841015100479126,-0.05880984291434288,0.38992345333099365,0.40104159712791443,0.019483022391796112,0.41463786363601685,0.3303983807563782,-0.014832177199423313,0.44745880365371704,0.3465726971626282,-0.0287953969091177,0.46937188506126404,0.3647252321243286,-0.03140687942504883,0.34298112988471985,0.39952242374420166,0.011316291987895966,0.39225390553474426,0.3395595848560333,-0.022372020408511162,0.38679033517837524,0.44469746947288513,-0.01979982852935791,0.3645187020301819,0.44789671897888184,-0.005625483579933643,0.2974298894405365,0.40975221991539,-0.005942532792687416,0.34763532876968384,0.3670109510421753,-0.04842257499694824,0.3492119014263153,0.4598558843135834,-0.031501322984695435,0.31982123851776123,0.46280381083488464,-0.006994485389441252,0.24769334495067596,0.4251272976398468,-0.02537553943693638,0.2997816503047943,0.39273881912231445,-0.049793656915426254,0.3119415044784546,0.45256686210632324,-0.0316765271127224,0.2834773063659668,0.46356406807899475,-0.010247434489428997,s
0.3076012134552002,0.674890398979187,2.211540461871664e-08,0.37844613194465637,0.6123958826065063,-0.01866777613759041,0.4349057078361511,0.49403467774391174,-0.02997153252363205,0.493721067905426,0.4260900914669037,-0.0466814748942852,0.5498613715171814,0.38847750425338745,-0.058925170451402664,0.3902131915092468,0.4020971953868866,0.017490362748503685,0.4156799018383026,0.33094310760498047,-0.017019085586071014,0.4480060040950775,0.34877899289131165,-0.030588319525122643,0.4690561890602112,0.3669399321079254,-0.03297331556677818,0.34296685457229614,0.4009245038032532,0.009356250986456871,0.3931393623352051,0.3412889838218689,-0.024257633835077286,0.3869965076446533,0.4467303156852722,-0.020999401807785034,0.3639962673187256,0.4482000470161438,-0.006660103797912598,0.29710283875465393,0.4112512469291687,-0.007875864394009113,0.34875768423080444,0.36845776438713074,-0.05065253749489784,0.3498607575893402,0.46188968420028687,-0.03337404131889343,0.31997594237327576,0.4640004336833954,-0.008871389552950859,0.24723559617996216,0.4267718493938446,-0.027294861152768135,0.3006211519241333,0.3939761519432068,-0.05221310257911682,0.31263357400894165,0.45446303486824036,-0.03409501165151596,0.28371763229370117,0.4656118154525757,-0.01280616782605648,s
0.3044857680797577,0.6798567175865173,1.2941546501110679e-08,0.37564900517463684,0.6179926991462708,-0.019229138270020485,0.43357887864112854,0.4975062608718872,-0.030289700254797935,0.4942494034767151,0.42809295654296875,-0.046562861651182175,0.5512865781784058,0.3897963762283325,-0.058127038180828094,0.39103448390960693,0.4034114480018616,0.017998529598116875,0.41695719957351685,0.33253252506256104,-0.01577218994498253,0.44839680194854736,0.35165882110595703,-0.028492396697402,0.46877965331077576,0.36808109283447266,-0.030467001721262932,0.34228166937828064,0.40110573172569275,0.010527117177844048,0.393027126789093,0.3412744998931885,-0.022505827248096466,0.38645899295806885,0.447706937789917,-0.018903328105807304,0.3635315001010895,0.4479803442955017,-0.00416711438447237,0.2958628833293915,0.4116213619709015,-0.006096276454627514,0.34745165705680847,0.36860278248786926,-0.04799525812268257,0.34954142570495605,0.46235308051109314,-0.03072761744260788,0.31951937079429626,0.4636267125606537,-0.006318572908639908,0.2461041510105133,0.4266156256198883,-0.02504301257431507,0.29967862367630005,0.39526650309562683,-0.049473658204078674,0.3119472563266754,0.45539867877960205,-0.031793300062417984,0.28268006443977356,0.46524369716644287,-0.010800899006426334,s
0.304398775100708,0.6808570623397827,2.0394230304532357e-08,0.375352680683136,0.6175631284713745,-0.018905526027083397,0.4335389733314514,0.4994993209838867,-0.03095647133886814,0.4938136339187622,0.43102505803108215,-0.0487259104847908,0.5510134696960449,0.3921184539794922,-0.0616639070212841,0.3899405896663666,0.404988169670105,0.01964566297829151,0.41719406843185425,0.33117783069610596,-0.01651235856115818,0.44911113381385803,0.35209017992019653,-0.030920641496777534,0.46919891238212585,0.37322938442230225,-0.033225733786821365,0.3428625166416168,0.40255221724510193,0.011672657914459705,0.3934067487716675,0.34332776069641113,-0.023128492757678032,0.38627129793167114,0.45085081458091736,-0.02002844773232937,0.3639867901802063,0.45214590430259705,-0.005226975306868553,0.2964577376842499,0.4118804931640625,-0.005762432236224413,0.348928838968277,0.3718063235282898,-0.04911816492676735,0.34760111570358276,0.4661836624145508,-0.031582705676555634,0.31798607110977173,0.46719828248023987,-0.006453013513237238,0.246322900056839,0.426596075296402,-0.025489874184131622,0.300306111574173,0.39699801802635193,-0.049933962523937225,0.31081581115722656,0.4580870568752289,-0.031393446028232574,0.28209251165390015,0.46775123476982117,-0.009484874084591866,s
0.30292487144470215,0.6840518712997437,-1.2550318118087489e-08,0.3743692934513092,0.6221803426742554,-0.019091768190264702,0.4331052005290985,0.5020041465759277,-0.0303751640021801,0.4935212731361389,0.4334433078765869,-0.04696689546108246,0.5500820875167847,0.39400774240493774,-0.058283671736717224,0.39048221707344055,0.40800192952156067,0.017697708681225777,0.41837236285209656,0.33173948526382446,-0.018966179341077805,0.4503631293773651,0.35400742292404175,-0.03275322541594505,0.47046732902526855,0.37622663378715515,-0.03446493297815323,0.3424612879753113,0.4046550691127777,0.01002857182174921,0.393413782119751,0.343777060508728,-0.024819307029247284,0.3854796588420868,0.4529944360256195,-0.020783402025699615,0.36293429136276245,0.45356103777885437,-0.00544005399569869,0.29588067531585693,0.41335368156433105,-0.007095901295542717,0.3481270968914032,0.37212592363357544,-0.05048458278179169,0.3462945222854614,0.46801483631134033,-0.032337188720703125,0.31579241156578064,0.4677112102508545,-0.007090355269610882,0.245777428150177,0.4277692139148712,-0.02655056305229664,0.29925039410591125,0.3992840051651001,-0.05138768255710602,0.3089968264102936,0.46127963066101074,-0.03309346362948418,0.2786523103713989,0.46964743733406067,-0.011525260284543037,s
0.30248239636421204,0.6882953643798828,-3.5564735600956965e-09,0.37428027391433716,0.6234400868415833,-0.017307735979557037,0.4330209195613861,0.5028920769691467,-0.029151910915970802,0.49348145723342896,0.43391573429107666,-0.046981971710920334,0.5508772134780884,0.39564716815948486,-0.060207098722457886,0.3903520405292511,0.4105963706970215,0.018291611224412918,0.41708117723464966,0.3347339630126953,-0.016814911738038063,0.44980454444885254,0.3536555767059326,-0.029702404513955116,0.46873801946640015,0.3737303614616394,-0.031240029260516167,0.3431970477104187,0.40788155794143677,0.009326294995844364,0.3926412761211395,0.3443622589111328,-0.024898329749703407,0.38671383261680603,0.4525512754917145,-0.020806150510907173,0.3634334206581116,0.45410171151161194,-0.005527110770344734,0.29698410630226135,0.4175316393375397,-0.00857538916170597,0.34665700793266296,0.37165719270706177,-0.05139096453785896,0.3474201261997223,0.4675807058811188,-0.03212488815188408,0.31724682450294495,0.47029244899749756,-0.006172420922666788,0.24569523334503174,0.43276435136795044,-0.028580909594893456,0.2958454489707947,0.39972496032714844,-0.053274963051080704,0.30757004022598267,0.4615139365196228,-0.03391493856906891,0.27849501371383667,0.4719770848751068,-0.01160187553614378,s
0.3036715090274811,0.6858340501785278,8.742118140503408e-09,0.37397217750549316,0.6242145895957947,-0.02031579427421093,0.4333716034889221,0.5057418942451477,-0.03405705839395523,0.4943777024745941,0.4381626844406128,-0.053207527846097946,0.5513841509819031,0.39920592308044434,-0.06733818352222443,0.3911195993423462,0.4101843237876892,0.014047620818018913,0.419086754322052,0.3349718749523163,-0.023148534819483757,0.4512542188167572,0.35646599531173706,-0.0369531475007534,0.4703681170940399,0.37983518838882446,-0.03867647424340248,0.3437057435512543,0.4070309102535248,0.006196583155542612,0.39333754777908325,0.34725305438041687,-0.02940198965370655,0.3863890767097473,0.45471125841140747,-0.02504207193851471,0.3642900884151459,0.45541173219680786,-0.009581790305674076,0.2968404293060303,0.4161509871482849,-0.010967563837766647,0.3480543792247772,0.376314640045166,-0.05518322065472603,0.34692150354385376,0.4707196056842804,-0.03628634661436081,0.31821128726005554,0.47061023116111755,-0.010520309209823608,0.2457790970802307,0.4314132034778595,-0.030458811670541763,0.29758408665657043,0.4025806784629822,-0.055967483669519424,0.30792659521102905,0.4644342362880707,-0.03699662536382675,0.27974972128868103,0.47304797172546387,-0.014874109998345375,s
0.30267035961151123,0.6904621720314026,1.8330552631340424e-09,0.37253639101982117,0.6288671493530273,-0.02081145904958248,0.4326578676700592,0.5077623128890991,-0.03342631831765175,0.49412405490875244,0.4395633339881897,-0.051187656819820404,0.5516133308410645,0.4007166028022766,-0.06358635425567627,0.3923178017139435,0.4092472195625305,0.01584295555949211,0.4202619791030884,0.33608612418174744,-0.02048269659280777,0.4512118101119995,0.3587391972541809,-0.03399490565061569,0.4698489308357239,0.38047438859939575,-0.03582178056240082,0.34278932213783264,0.40523654222488403,0.008728769607841969,0.3935876786708832,0.34805089235305786,-0.02626745030283928,0.3864075541496277,0.45671316981315613,-0.02237558923661709,0.3645345866680145,0.45615246891975403,-0.007265228778123856,0.295212984085083,0.414760947227478,-0.007848761044442654,0.3465837240219116,0.37688061594963074,-0.05132236331701279,0.34623363614082336,0.4719782769680023,-0.0333729013800621,0.3166968524456024,0.47135594487190247,-0.008434683084487915,0.24432922899723053,0.429707407951355,-0.026935206726193428,0.29709407687187195,0.4053502678871155,-0.052363839000463486,0.3071432411670685,0.46689319610595703,-0.034745149314403534,0.27748286724090576,0.47406020760536194,-0.013636041432619095,s
0.30082064867019653,0.6913304924964905,-1.5219939086819068e-08,0.37220093607902527,0.6314479112625122,-0.018948614597320557,0.4317948818206787,0.5096744298934937,-0.03107880987226963,0.4928280711174011,0.4403735101222992,-0.048882465809583664,0.5499463081359863,0.40207841992378235,-0.061666958034038544,0.39085039496421814,0.411896675825119,0.01643901690840721,0.42015355825424194,0.33558833599090576,-0.020635318011045456,0.4522395730018616,0.3590547442436218,-0.03474711254239082,0.4712061882019043,0.3835204839706421,-0.0368325375020504,0.342829167842865,0.408072829246521,0.00811119843274355,0.3934766352176666,0.34754884243011475,-0.02809435874223709,0.38618844747543335,0.45761311054229736,-0.02431488409638405,0.3642069697380066,0.46020859479904175,-0.009019654244184494,0.2952818274497986,0.41685160994529724,-0.0095456438139081,0.34773096442222595,0.37766578793525696,-0.054130010306835175,0.34507521986961365,0.47379374504089355,-0.03593168780207634,0.315415620803833,0.47439780831336975,-0.010502396151423454,0.24396565556526184,0.43156683444976807,-0.029458187520503998,0.29777997732162476,0.40485453605651855,-0.05535081401467323,0.30670595169067383,0.46743640303611755,-0.037232134491205215,0.2774481475353241,0.4755131006240845,-0.01570657454431057,s
0.29953110218048096,0.6915394067764282,-1.9194544620404486e-08,0.3716847002506256,0.6301950216293335,-0.019349176436662674,0.43192508816719055,0.509709358215332,-0.03199222311377525,0.49399495124816895,0.44029486179351807,-0.05035791173577309,0.5515417456626892,0.4007854759693146,-0.06355603039264679,0.3912372291088104,0.41379493474960327,0.016066959127783775,0.4205210208892822,0.33503013849258423,-0.021254662424325943,0.45200371742248535,0.3589053750038147,-0.03487895429134369,0.4699712097644806,0.3834247589111328,-0.03632395341992378,0.3428688943386078,0.4097643792629242,0.00796413328498602,0.3934008777141571,0.34781986474990845,-0.028240665793418884,0.3858044445514679,0.45840001106262207,-0.02404765971004963,0.36340972781181335,0.4605126678943634,-0.00834485050290823,0.2953342795372009,0.41814497113227844,-0.009495791047811508,0.3475140631198883,0.37582874298095703,-0.053922366350889206,0.34515100717544556,0.4732026755809784,-0.03477827087044716,0.3146804869174957,0.4750542938709259,-0.008598322048783302,0.24355211853981018,0.4321006238460541,-0.02927461639046669,0.2966777980327606,0.4030340015888214,-0.054881125688552856,0.3061332106590271,0.46584442257881165,-0.036049984395504,0.2764195203781128,0.4747752845287323,-0.013862676918506622,s
0.29927146434783936,0.6927484273910522,-1.4273409121301484e-08,0.3711465895175934,0.6304071545600891,-0.019549356773495674,0.43062958121299744,0.5102502107620239,-0.0321756936609745,0.49207553267478943,0.4407413601875305,-0.05049164220690727,0.549347996711731,0.39972367882728577,-0.0636414960026741,0.38937050104141235,0.4127568006515503,0.017069701105356216,0.4192579984664917,0.3346402645111084,-0.02082981914281845,0.4522382318973541,0.3564203381538391,-0.035258710384368896,0.47217506170272827,0.37816742062568665,-0.0373203344643116,0.34215089678764343,0.4091036319732666,0.008559645153582096,0.39448362588882446,0.34887057542800903,-0.02795686013996601,0.38537436723709106,0.45967233180999756,-0.02389834076166153,0.36217692494392395,0.4596356153488159,-0.008294884115457535,0.2948501408100128,0.41730576753616333,-0.009528227150440216,0.34843921661376953,0.3767790198326111,-0.05518544092774391,0.344272643327713,0.47443947196006775,-0.03635726869106293,0.31306278705596924,0.473680704832077,-0.01008792594075203,0.24291805922985077,0.4318479299545288,-0.02990267239511013,0.2962372303009033,0.4031296372413635,-0.05627753213047981,0.30486541986465454,0.4661023020744324,-0.03728601336479187,0.27418380975723267,0.4742465615272522,-0.014827457256615162,s
0.2992997169494629,0.6912276148796082,-4.279013587904501e-09,0.3702843487262726,0.6280395984649658,-0.01939685456454754,0.4303666353225708,0.5082111358642578,-0.0321783646941185,0.49281376600265503,0.43905317783355713,-0.05072297155857086,0.5503238439559937,0.3988765776157379,-0.06416156142950058,0.39055925607681274,0.40975677967071533,0.017971064895391464,0.4191669821739197,0.3354719877243042,-0.018672607839107513,0.4511125981807709,0.3567860424518585,-0.03227049857378006,0.4711681604385376,0.3770376443862915,-0.034032873809337616,0.34260740876197815,0.40605637431144714,0.009815573692321777,0.3937820494174957,0.3464004397392273,-0.025388112291693687,0.3852309584617615,0.456483393907547,-0.020926302298903465,0.36355844140052795,0.45595046877861023,-0.0051505304872989655,0.2951969504356384,0.4145585000514984,-0.007830513641238213,0.34757351875305176,0.3764802813529968,-0.05210426449775696,0.344705730676651,0.47227534651756287,-0.03354344144463539,0.31557750701904297,0.4710047245025635,-0.007690379396080971,0.24383458495140076,0.4293600916862488,-0.027751049026846886,0.29661843180656433,0.40105709433555603,-0.05272233858704567,0.3058868646621704,0.462517112493515,-0.03363504633307457,0.2766634225845337,0.4702592194080353,-0.011307922191917896,s
0.2985004186630249,0.6888272762298584,1.8205263074833056e-08,0.3699832558631897,0.6263648867607117,-0.02003670111298561,0.4300690293312073,0.5063955783843994,-0.03216318041086197,0.49316972494125366,0.43705445528030396,-0.04983191192150116,0.5515902042388916,0.39680054783821106,-0.06240636482834816,0.3921473026275635,0.4067801833152771,0.019929293543100357,0.4197290539741516,0.3342546224594116,-0.016904698684811592,0.45122313499450684,0.3529354929924011,-0.03117092326283455,0.4721248149871826,0.370951384305954,-0.033342525362968445,0.343477725982666,0.40289878845214844,0.012161573395133018,0.39513590931892395,0.3431524634361267,-0.023394979536533356,0.3857363760471344,0.4533001184463501,-0.01971431076526642,0.3643830716609955,0.452030748128891,-0.0040373727679252625,0.295667439699173,0.4111050069332123,-0.005386565811932087,0.34832796454429626,0.3746780455112457,-0.050636857748031616,0.34476548433303833,0.47123706340789795,-0.0332314558327198,0.31552883982658386,0.46866530179977417,-0.007611847948282957,0.2443700134754181,0.4252933859825134,-0.025237493216991425,0.2979263663291931,0.3997337818145752,-0.05073036998510361,0.3058784604072571,0.46205660700798035,-0.03232860565185547,0.2756751775741577,0.4689119756221771,-0.010268768295645714,s
0.30020564794540405,0.6873372197151184,3.71546882149687e-08,0.37184813618659973,0.6229555606842041,-0.019691457971930504,0.4306001663208008,0.5049962997436523,-0.0326114185154438,0.4929761290550232,0.4361858665943146,-0.05145721137523651,0.5516896843910217,0.3956197500228882,-0.06551383435726166,0.3901614248752594,0.4090876579284668,0.02038724720478058,0.418657511472702,0.3330462574958801,-0.01759386993944645,0.4518203139305115,0.351284384727478,-0.033270932734012604,0.47392815351486206,0.37002915143966675,-0.036375466734170914,0.34323084354400635,0.40565457940101624,0.012068434618413448,0.3954620063304901,0.3425794243812561,-0.025250202044844627,0.38701483607292175,0.45366770029067993,-0.02254675142467022,0.36554351449012756,0.4554009437561035,-0.007267086300998926,0.29611268639564514,0.41364404559135437,-0.006044164299964905,0.3493648171424866,0.37286996841430664,-0.05262747406959534,0.34568724036216736,0.4703187644481659,-0.034860216081142426,0.31607910990715027,0.47056740522384644,-0.008530947379767895,0.24417643249034882,0.42753320932388306,-0.026410602033138275,0.29790282249450684,0.3981948494911194,-0.05287156254053116,0.30628299713134766,0.46083566546440125,-0.034147959202528,0.27628093957901,0.46953681111335754,-0.011628859676420689,s
0.29901832342147827,0.6864250898361206,2.2364659457707603e-08,0.37025073170661926,0.6232505440711975,-0.01960086263716221,0.42910924553871155,0.5070511102676392,-0.03270745277404785,0.4910457730293274,0.43737971782684326,-0.05187598243355751,0.5485842227935791,0.39488309621810913,-0.06603877246379852,0.3905353248119354,0.4081311523914337,0.02070958912372589,0.4188624322414398,0.33179646730422974,-0.017305772751569748,0.4513545632362366,0.3515544533729553,-0.0323774516582489,0.4725658893585205,0.3723801076412201,-0.03474194556474686,0.34331831336021423,0.4042350947856903,0.012682564556598663,0.39429518580436707,0.3431457579135895,-0.02454303577542305,0.3857021629810333,0.453755259513855,-0.021480554714798927,0.36461061239242554,0.45558178424835205,-0.005822916980832815,0.29609620571136475,0.4117744565010071,-0.00515453377738595,0.3491360545158386,0.37258586287498474,-0.051304399967193604,0.34528568387031555,0.46945276856422424,-0.03322215750813484,0.3161834478378296,0.4699459373950958,-0.006695341318845749,0.24440062046051025,0.42530375719070435,-0.025312401354312897,0.29850900173187256,0.39773789048194885,-0.051487039774656296,0.3067854046821594,0.460149884223938,-0.032837580889463425,0.2773403227329254,0.468318909406662,-0.010215966030955315,s
0.29880908131599426,0.6864281296730042,7.042936012169321e-09,0.370339035987854,0.6236292123794556,-0.02019507810473442,0.4292888343334198,0.5058678984642029,-0.032940592616796494,0.49120059609413147,0.4360269606113434,-0.051542725414037704,0.5488478541374207,0.3937438130378723,-0.06501287966966629,0.3921279013156891,0.4090908467769623,0.019908268004655838,0.4196368455886841,0.3312681317329407,-0.01833813451230526,0.45207759737968445,0.35168910026550293,-0.033294927328825,0.4731624722480774,0.37261414527893066,-0.035444293171167374,0.34475192427635193,0.40521159768104553,0.012200728058815002,0.39435234665870667,0.3421580195426941,-0.024957692250609398,0.3856198191642761,0.4537056088447571,-0.02162051573395729,0.36476510763168335,0.4550892412662506,-0.005768907256424427,0.2973772883415222,0.4128994941711426,-0.005385772790759802,0.34828662872314453,0.37008222937583923,-0.05168914422392845,0.34489667415618896,0.4683157205581665,-0.03303446248173714,0.31596943736076355,0.46907639503479004,-0.0060816179029643536,0.2450352907180786,0.4261378049850464,-0.02532563917338848,0.29729026556015015,0.3954657316207886,-0.05158613622188568,0.3059794306755066,0.45829418301582336,-0.032434046268463135,0.2766198515892029,0.46706900000572205,-0.0094452528283,s
0.2994548976421356,0.686285138130188,1.440830121879344e-08,0.370663046836853,0.6221916079521179,-0.019748635590076447,0.42993709444999695,0.5037197470664978,-0.03267331048846245,0.492208868265152,0.43471863865852356,-0.0515134371817112,0.5503242015838623,0.3941684067249298,-0.06543896347284317,0.3926560580730438,0.4066467583179474,0.01981249265372753,0.4203985333442688,0.33147132396698,-0.017299586907029152,0.4515438675880432,0.34964942932128906,-0.03177867829799652,0.4722902178764343,0.36833617091178894,-0.03412029147148132,0.34496432542800903,0.4027828276157379,0.01185117568820715,0.39550894498825073,0.34336090087890625,-0.02444607764482498,0.38620761036872864,0.45258426666259766,-0.02085917629301548,0.3658047914505005,0.4524992108345032,-0.0052991765551269054,0.29727181792259216,0.410736620426178,-0.005797374527901411,0.34889477491378784,0.37039583921432495,-0.05132897570729256,0.345539391040802,0.4665352702140808,-0.0327942818403244,0.3172817826271057,0.4664785861968994,-0.006412205286324024,0.24513885378837585,0.42479658126831055,-0.025757119059562683,0.29778048396110535,0.3952031135559082,-0.051786988973617554,0.30642813444137573,0.45743030309677124,-0.032820556312799454,0.27749374508857727,0.46578091382980347,-0.010208146646618843,s
0.2973446547985077,0.6851344704627991,1.943621263933437e-08,0.3692761957645416,0.6233536005020142,-0.019733570516109467,0.42966222763061523,0.5045284628868103,-0.03242633119225502,0.49258261919021606,0.4352603554725647,-0.05114356800913811,0.5509827733039856,0.39463719725608826,-0.0650084838271141,0.39347290992736816,0.4045318365097046,0.021118169650435448,0.42131945490837097,0.33006805181503296,-0.01638329029083252,0.45284444093704224,0.34908220171928406,-0.031496770679950714,0.47400352358818054,0.370278000831604,-0.034089189022779465,0.3452719748020172,0.3996966779232025,0.013254309073090553,0.3961126506328583,0.34055957198143005,-0.023585090413689613,0.3864991366863251,0.4504634439945221,-0.020711399614810944,0.36587393283843994,0.452188640832901,-0.005241412669420242,0.2972078025341034,0.4073905646800995,-0.004417883697897196,0.3496926724910736,0.3705355226993561,-0.050116509199142456,0.34586986899375916,0.46686846017837524,-0.032401129603385925,0.31784307956695557,0.46717631816864014,-0.006297578103840351,0.2453170120716095,0.4214664399623871,-0.024430589750409126,0.29856961965560913,0.3957117199897766,-0.05026569962501526,0.30666229128837585,0.4580298960208893,-0.03184637799859047,0.2781437933444977,0.4653162658214569,-0.009529226459562778,s
0.2968536913394928,0.6861217021942139,1.0887402090986598e-08,0.3690413534641266,0.623112142086029,-0.019283156841993332,0.4295128285884857,0.503942608833313,-0.03189009800553322,0.4926166534423828,0.43516334891319275,-0.050605323165655136,0.550991415977478,0.394623339176178,-0.064363993704319,0.3924863338470459,0.4050297141075134,0.02114790491759777,0.42114344239234924,0.3301936984062195,-0.016294607892632484,0.4524759352207184,0.3489304780960083,-0.03112279437482357,0.4733101427555084,0.3685820996761322,-0.03357352316379547,0.3446311354637146,0.40049487352371216,0.012850238010287285,0.3961162567138672,0.34246936440467834,-0.02365204319357872,0.38569948077201843,0.45215660333633423,-0.02033713459968567,0.36489781737327576,0.45149749517440796,-0.004869710188359022,0.2968021631240845,0.4079572856426239,-0.0052438052371144295,0.3494129180908203,0.3702278137207031,-0.05079033598303795,0.34499016404151917,0.4666953980922699,-0.03248957544565201,0.31679028272628784,0.46591997146606445,-0.006229601334780455,0.24484783411026,0.42185598611831665,-0.02566257119178772,0.29831579327583313,0.3945990204811096,-0.0513911098241806,0.3063766360282898,0.4571475088596344,-0.03239792585372925,0.27749186754226685,0.46505481004714966,-0.009756007231771946,s
0.29937759041786194,0.6852662563323975,2.761730044653632e-08,0.3716152012348175,0.6197754144668579,-0.017950713634490967,0.43044471740722656,0.5027226805686951,-0.030779646709561348,0.4922547936439514,0.43474701046943665,-0.050094541162252426,0.5503993630409241,0.39457792043685913,-0.06497202068567276,0.39210787415504456,0.40540120005607605,0.021921638399362564,0.42028453946113586,0.33046072721481323,-0.015196997672319412,0.45302027463912964,0.34643447399139404,-0.03054528310894966,0.4746714234352112,0.3660845458507538,-0.033547330647706985,0.34535154700279236,0.4011671543121338,0.012775236740708351,0.3968973457813263,0.340961754322052,-0.023941777646541595,0.38768258690834045,0.45066037774086,-0.021151041612029076,0.36660921573638916,0.4535713493824005,-0.005958853755146265,0.29805976152420044,0.4087296426296234,-0.005898607894778252,0.3510962426662445,0.3695223033428192,-0.05196775868535042,0.3469918370246887,0.46582964062690735,-0.0337478443980217,0.3185078501701355,0.46742430329322815,-0.007273560389876366,0.2456940859556198,0.4231330156326294,-0.026662101969122887,0.29874303936958313,0.39362478256225586,-0.052883513271808624,0.30741381645202637,0.456378310918808,-0.033585503697395325,0.2791583240032196,0.4656369090080261,-0.010632360354065895,s
0.2992889881134033,0.6819676756858826,1.6114293899249788e-08,0.37165239453315735,0.6193790435791016,-0.020049244165420532,0.4306192994117737,0.5025345087051392,-0.03268206864595413,0.49320363998413086,0.4337911903858185,-0.051131609827280045,0.5514614582061768,0.3928959369659424,-0.06448453664779663,0.39395028352737427,0.4041370153427124,0.020741846412420273,0.4215608537197113,0.3291444778442383,-0.016160307452082634,0.45327016711235046,0.34787195920944214,-0.03029375523328781,0.47417864203453064,0.3673444390296936,-0.03222303092479706,0.34581688046455383,0.3993567228317261,0.013320354744791985,0.39682382345199585,0.3412218987941742,-0.022280344739556313,0.38783225417137146,0.45103877782821655,-0.018238216638565063,0.36757326126098633,0.4502996802330017,-0.0022952742874622345,0.2981644570827484,0.40655606985092163,-0.004003858659416437,0.3509688377380371,0.369767963886261,-0.04881669953465462,0.34793728590011597,0.46532517671585083,-0.030592184513807297,0.3198085427284241,0.46362781524658203,-0.004498740658164024,0.24670052528381348,0.4199367165565491,-0.023729348555207253,0.3000458776950836,0.39372962713241577,-0.04898790270090103,0.3087373673915863,0.4555750787258148,-0.03035493940114975,0.27974453568458557,0.46264415979385376,-0.008067004382610321,s
0.2987237274646759,0.683212161064148,2.0390322319485676e-08,0.37129849195480347,0.6200720071792603,-0.019871579483151436,0.4303082823753357,0.5025262236595154,-0.03208017721772194,0.4928649365901947,0.4335636794567108,-0.05006522685289383,0.5512991547584534,0.39191514253616333,-0.06300339102745056,0.39243268966674805,0.4036000967025757,0.02219412662088871,0.4211178719997406,0.32940244674682617,-0.014999370090663433,0.4525206685066223,0.3472283184528351,-0.030147626996040344,0.474162757396698,0.36653801798820496,-0.03271990269422531,0.34454110264778137,0.3993220329284668,0.014590260572731495,0.39682045578956604,0.3416098654270172,-0.021204352378845215,0.38666200637817383,0.45020830631256104,-0.01808074861764908,0.36662226915359497,0.44993558526039124,-0.002707384992390871,0.2972203493118286,0.40643948316574097,-0.0030166159849613905,0.3509630262851715,0.3687680959701538,-0.04792384058237076,0.34679096937179565,0.46411368250846863,-0.030342573300004005,0.3186216354370117,0.463085412979126,-0.004551246762275696,0.2462761402130127,0.4198873043060303,-0.02302311174571514,0.3008856475353241,0.3921647071838379,-0.04814961552619934,0.30877363681793213,0.4543578028678894,-0.029444675892591476,0.279379665851593,0.46270570158958435,-0.007027989719063044,s
0.29956910014152527,0.6817502975463867,2.2989622650015917e-08,0.3716467618942261,0.6186938285827637,-0.019662166014313698,0.4307277798652649,0.5016138553619385,-0.032250188291072845,0.49316465854644775,0.4330223798751831,-0.050875961780548096,0.551085352897644,0.3916941285133362,-0.06460490822792053,0.39195379614830017,0.4040192663669586,0.021892843768000603,0.4205310344696045,0.3275240659713745,-0.01578228548169136,0.45272162556648254,0.3457125425338745,-0.031258709728717804,0.47414910793304443,0.3659892678260803,-0.033964384347200394,0.34492164850234985,0.39985036849975586,0.014083173125982285,0.39687639474868774,0.34051063656806946,-0.02255689539015293,0.387461394071579,0.4499211311340332,-0.019578076899051666,0.3667242228984833,0.45128339529037476,-0.004131924360990524,0.2978777587413788,0.4071163833141327,-0.0036825421266257763,0.35146862268447876,0.36921176314353943,-0.049248117953538895,0.3471301198005676,0.4648605287075043,-0.03150901943445206,0.3187726140022278,0.46507909893989563,-0.005380658432841301,0.24684050679206848,0.4207765460014343,-0.023802274838089943,0.30091944336891174,0.39301514625549316,-0.049350932240486145,0.30878758430480957,0.4551500380039215,-0.030614512041211128,0.27980250120162964,0.46376916766166687,-0.008087817579507828,s
0.2988899350166321,0.6828397512435913,1.968447982392263e-08,0.37261685729026794,0.6179666519165039,-0.018986262381076813,0.43134450912475586,0.4997357130050659,-0.03046569973230362,0.4928300976753235,0.43109631538391113,-0.04793285205960274,0.5508731603622437,0.3903975784778595,-0.06061785668134689,0.39168012142181396,0.40435633063316345,0.023692907765507698,0.4204302430152893,0.3279514014720917,-0.013032839633524418,0.45282015204429626,0.34559687972068787,-0.0284231286495924,0.4739922881126404,0.3649423122406006,-0.031241629272699356,0.3447098731994629,0.40057283639907837,0.015505161136388779,0.3974902629852295,0.339145302772522,-0.020346032455563545,0.3880572021007538,0.448622465133667,-0.017910150811076164,0.36616113781929016,0.45051270723342896,-0.0028431625105440617,0.2976183593273163,0.407832533121109,-0.0025982989463955164,0.3512476980686188,0.3677836060523987,-0.04776632785797119,0.3470330238342285,0.4639476537704468,-0.03095165267586708,0.3174917697906494,0.46400120854377747,-0.005413059610873461,0.24618196487426758,0.4211300015449524,-0.022921014577150345,0.2997198700904846,0.39096254110336304,-0.04801015928387642,0.30821236968040466,0.45327311754226685,-0.02924509346485138,0.2786945700645447,0.4628094434738159,-0.006806382909417152,s
0.29912248253822327,0.6812520623207092,2.052628467197337e-08,0.3723743259906769,0.6175183653831482,-0.018827494233846664,0.43093961477279663,0.5004585385322571,-0.030633825808763504,0.49248871207237244,0.43223702907562256,-0.0483848974108696,0.549907922744751,0.390405535697937,-0.06128779053688049,0.39148348569869995,0.4041913151741028,0.021705981343984604,0.42053478956222534,0.32648688554763794,-0.01575966738164425,0.4534367620944977,0.3441619575023651,-0.031237857416272163,0.4749239981174469,0.3644638955593109,-0.03388987481594086,0.3439907133579254,0.4005085229873657,0.013311262242496014,0.3967762887477875,0.33838319778442383,-0.023044131696224213,0.38795897364616394,0.4484335482120514,-0.020242901518940926,0.36639025807380676,0.4510054588317871,-0.004846272990107536,0.2970309257507324,0.40786272287368774,-0.004852695390582085,0.3508374094963074,0.3679075837135315,-0.050459619611501694,0.34696459770202637,0.4650883376598358,-0.03294644132256508,0.31759145855903625,0.46536099910736084,-0.006852195132523775,0.24604277312755585,0.42135196924209595,-0.025209305807948112,0.3001638650894165,0.3911564350128174,-0.050655871629714966,0.30881473422050476,0.4544653594493866,-0.03142290934920311,0.27917277812957764,0.46418529748916626,-0.008534560911357403,s
0.30032259225845337,0.6816082000732422,1.2022010054124621e-08,0.37248656153678894,0.6177694201469421,-0.018856685608625412,0.4307568371295929,0.5009375810623169,-0.03111029788851738,0.4922489523887634,0.4320293068885803,-0.049467045813798904,0.549541711807251,0.39012956619262695,-0.06288854032754898,0.391145795583725,0.40475770831108093,0.021664202213287354,0.41960448026657104,0.3272974491119385,-0.015620557591319084,0.4528235197067261,0.34629252552986145,-0.030516784638166428,0.474357545375824,0.3663872480392456,-0.03285612165927887,0.3447277247905731,0.4015020430088043,0.013414670713245869,0.39566633105278015,0.3408516049385071,-0.022961175069212914,0.38741207122802734,0.45108941197395325,-0.019698675721883774,0.366517573595047,0.45256343483924866,-0.004255319945514202,0.29804539680480957,0.4084869623184204,-0.004614450037479401,0.3503432869911194,0.367900013923645,-0.05038943886756897,0.34620872139930725,0.465040922164917,-0.03227643296122551,0.31704968214035034,0.46556705236434937,-0.005931318737566471,0.24641510844230652,0.420960396528244,-0.024827467277646065,0.2994663119316101,0.39059311151504517,-0.05054790526628494,0.3075489103794098,0.45374542474746704,-0.03136662021279335,0.2780301570892334,0.4633331894874573,-0.00856377650052309,s
0.2985221743583679,0.6837611198425293,7.825021519636266e-09,0.37127548456192017,0.6221700310707092,-0.01974036917090416,0.4311404824256897,0.5020614266395569,-0.03134419396519661,0.4927794933319092,0.4320865869522095,-0.04856209456920624,0.5508899092674255,0.39120912551879883,-0.060772594064474106,0.3900492489337921,0.4046759307384491,0.02121785283088684,0.41962936520576477,0.3282570540904999,-0.01629180833697319,0.45228108763694763,0.34659257531166077,-0.03174244984984398,0.47394055128097534,0.36736762523651123,-0.03445517271757126,0.34308648109436035,0.4013795256614685,0.013316599652171135,0.3959888517856598,0.34080833196640015,-0.023624558001756668,0.387443870306015,0.45115405321121216,-0.021092737093567848,0.3662848472595215,0.45441386103630066,-0.005822594743221998,0.2961084246635437,0.40851709246635437,-0.0044507822021842,0.3501879572868347,0.36900413036346436,-0.05054757744073868,0.34641122817993164,0.4664749205112457,-0.033285174518823624,0.31749069690704346,0.4673578441143036,-0.007303300313651562,0.24516011774539948,0.42189547419548035,-0.02448997087776661,0.2998899519443512,0.39236536622047424,-0.05034368857741356,0.30846595764160156,0.4561253488063812,-0.0315808542072773,0.27895882725715637,0.4660230875015259,-0.009013817645609379,s
0.29829689860343933,0.6843558549880981,1.4119814650825901e-08,0.37146010994911194,0.6222577095031738,-0.020054517313838005,0.4312048554420471,0.5021234750747681,-0.03175985813140869,0.4929046034812927,0.4323927164077759,-0.04902644455432892,0.5511631369590759,0.39194202423095703,-0.061264052987098694,0.39077115058898926,0.404718816280365,0.02107802964746952,0.41976073384284973,0.3285459280014038,-0.016203390434384346,0.4521109163761139,0.3456265926361084,-0.0313846580684185,0.4735202491283417,0.3650074303150177,-0.034018274396657944,0.3430027961730957,0.40115925669670105,0.013368240557610989,0.39603108167648315,0.3404187560081482,-0.023508435115218163,0.38729408383369446,0.45110729336738586,-0.020723816007375717,0.36582720279693604,0.4540407359600067,-0.005204959772527218,0.29571500420570374,0.40854185819625854,-0.004230358172208071,0.34989339113235474,0.3693225085735321,-0.05037606880068779,0.3462110757827759,0.46687644720077515,-0.03313994035124779,0.31688785552978516,0.46745210886001587,-0.007127947639673948,0.2448195517063141,0.4221229553222656,-0.02412291057407856,0.2995774745941162,0.39351901412010193,-0.05011598393321037,0.3080221116542816,0.4568958580493927,-0.03160976991057396,0.27806681394577026,0.4659673869609833,-0.009212317876517773,s
0.29877185821533203,0.6843510866165161,1.620545297953413e-08,0.3704060912132263,0.623115599155426,-0.020151328295469284,0.4299617409706116,0.503980278968811,-0.03270632028579712,0.49250543117523193,0.43427616357803345,-0.051091648638248444,0.5508266091346741,0.39329221844673157,-0.06449542939662933,0.3922050893306732,0.40635794401168823,0.02098427340388298,0.42111995816230774,0.3282493054866791,-0.016608955338597298,0.4534062147140503,0.3467042148113251,-0.031860530376434326,0.47420215606689453,0.36866167187690735,-0.03438399359583855,0.34496182203292847,0.40203362703323364,0.013458763249218464,0.3957488536834717,0.3401961624622345,-0.023782888427376747,0.38750025629997253,0.4507661759853363,-0.020920302718877792,0.3669922351837158,0.4548187553882599,-0.005253548268228769,0.29756802320480347,0.409075528383255,-0.00397119065746665,0.3499293029308319,0.370377779006958,-0.04979276657104492,0.345833420753479,0.4671534597873688,-0.03213260695338249,0.3174479901790619,0.4685361981391907,-0.005927553866058588,0.24631839990615845,0.4219183325767517,-0.023770594969391823,0.2993200719356537,0.3945598006248474,-0.04948259890079498,0.3072436451911926,0.45737436413764954,-0.031052526086568832,0.27858966588974,0.46579548716545105,-0.008744407445192337,s
0.2982313334941864,0.6854860782623291,4.542666243168014e-09,0.37235626578330994,0.6228193044662476,-0.018802806735038757,0.4320882558822632,0.502438485622406,-0.030173543840646744,0.494078665971756,0.4333496391773224,-0.04748092591762543,0.552926242351532,0.3947785496711731,-0.060045428574085236,0.392244428396225,0.4061232805252075,0.021555859595537186,0.4217085838317871,0.330475777387619,-0.0148914260789752,0.4540615677833557,0.3483962416648865,-0.029327936470508575,0.4753049612045288,0.3689952492713928,-0.03161630779504776,0.34551265835762024,0.4023074507713318,0.013225855305790901,0.3977155387401581,0.34216544032096863,-0.022782275453209877,0.3883776068687439,0.45195361971855164,-0.019402222707867622,0.36739277839660645,0.45437824726104736,-0.0037786506582051516,0.2983073890209198,0.409376323223114,-0.004861003253608942,0.3516616225242615,0.37123969197273254,-0.05009473115205765,0.34697335958480835,0.46721142530441284,-0.032748520374298096,0.31797170639038086,0.46687573194503784,-0.00706199137493968,0.24662676453590393,0.4224502444267273,-0.025153590366244316,0.299673855304718,0.394214391708374,-0.050423938781023026,0.3080537021160126,0.45653289556503296,-0.03188234940171242,0.2791637182235718,0.4645780324935913,-0.009783338755369186,s
0.2985570430755615,0.6844617128372192,1.543831018580022e-08,0.3721737861633301,0.620843768119812,-0.017721500247716904,0.4317149817943573,0.5024264454841614,-0.029133249074220657,0.4938451945781708,0.4348568618297577,-0.04675570875406265,0.5518251657485962,0.396877259016037,-0.05995612218976021,0.3934140205383301,0.40547412633895874,0.021622084081172943,0.42254143953323364,0.3308272957801819,-0.013802510686218739,0.45397061109542847,0.34718722105026245,-0.02811671793460846,0.4746214747428894,0.36583220958709717,-0.03073689341545105,0.34608206152915955,0.4017222225666046,0.012798258103430271,0.39806345105171204,0.3429950475692749,-0.022202011197805405,0.38858261704444885,0.45128515362739563,-0.0189948882907629,0.3673914968967438,0.4532112181186676,-0.003931994549930096,0.29870423674583435,0.40934857726097107,-0.005424428265541792,0.35107970237731934,0.370822012424469,-0.049699969589710236,0.3472755253314972,0.4661826193332672,-0.032165899872779846,0.3188284635543823,0.4667205810546875,-0.006721070967614651,0.24706605076789856,0.42305779457092285,-0.025744887068867683,0.2997400760650635,0.3935012221336365,-0.05057418718934059,0.30855539441108704,0.45569443702697754,-0.03157788887619972,0.28043419122695923,0.4647662043571472,-0.009280203841626644,s
0.299795538187027,0.6825859546661377,6.793205553634607e-09,0.37294843792915344,0.61919105052948,-0.01766664907336235,0.4321633577346802,0.5015836954116821,-0.02882298082113266,0.4935963749885559,0.4343390166759491,-0.04597689211368561,0.5510901212692261,0.39571040868759155,-0.0584714375436306,0.3939979076385498,0.4044557213783264,0.020802298560738564,0.4233992099761963,0.32976996898651123,-0.015175268985331059,0.45394471287727356,0.34609055519104004,-0.029323231428861618,0.47395357489585876,0.3636445999145508,-0.03165978938341141,0.34647271037101746,0.4006388187408447,0.01199343428015709,0.3983054757118225,0.3434705138206482,-0.023141898214817047,0.3883720934391022,0.45173871517181396,-0.019468458369374275,0.36735525727272034,0.4516645669937134,-0.004188801161944866,0.2989773750305176,0.40810292959213257,-0.0062408046796917915,0.35133954882621765,0.37093424797058105,-0.0508723258972168,0.3469575345516205,0.46647515892982483,-0.03312166407704353,0.3183320462703705,0.4650338292121887,-0.007594071328639984,0.2473817765712738,0.421983003616333,-0.02653578296303749,0.30016472935676575,0.394102543592453,-0.05166901275515556,0.3084229826927185,0.4567497670650482,-0.0326954685151577,0.27951759099960327,0.4648398160934448,-0.010389978997409344,s
0.2993443012237549,0.6824924945831299,1.3512666541259932e-08,0.3729288578033447,0.6188021302223206,-0.0175028033554554,0.43225014209747314,0.4998144507408142,-0.02846672758460045,0.493701308965683,0.43179306387901306,-0.04558248072862625,0.5514249801635742,0.39272335171699524,-0.05809652432799339,0.3935144245624542,0.4027700424194336,0.022791652008891106,0.4223076105117798,0.32967013120651245,-0.013038622215390205,0.45323634147644043,0.3455442190170288,-0.02718186564743519,0.47445812821388245,0.36328521370887756,-0.02951754443347454,0.3461420238018036,0.3986521363258362,0.013783725909888744,0.39852967858314514,0.3412408232688904,-0.021601848304271698,0.38733354210853577,0.44856682419776917,-0.018302159383893013,0.3661302328109741,0.44782012701034546,-0.002998922485858202,0.2987252175807953,0.4058907628059387,-0.004825915675610304,0.3519432544708252,0.37049734592437744,-0.04981740936636925,0.34633779525756836,0.4650706350803375,-0.03277527913451195,0.31769225001335144,0.46281951665878296,-0.007511910516768694,0.2474277913570404,0.41948240995407104,-0.025504743680357933,0.3007161617279053,0.3940746784210205,-0.05076833814382553,0.3079645037651062,0.45608189702033997,-0.032447636127471924,0.278873473405838,0.4630886912345886,-0.010580497793853283,s
0.29986074566841125,0.68160080909729,3.523226155266457e-08,0.3728208541870117,0.616539478302002,-0.018197664991021156,0.43246081471443176,0.4983735978603363,-0.03025791607797146,0.4940880537033081,0.42988699674606323,-0.04860207065939903,0.5524700284004211,0.3914318382740021,-0.0624447762966156,0.3943658769130707,0.401024729013443,0.023341938853263855,0.42253783345222473,0.32869720458984375,-0.01263357512652874,0.45355865359306335,0.3435590863227844,-0.027232781052589417,0.47480088472366333,0.3616463243961334,-0.029815038666129112,0.34672632813453674,0.3968295156955719,0.01474351342767477,0.39820289611816406,0.3402498662471771,-0.020733794197440147,0.38798418641090393,0.44738999009132385,-0.01778099685907364,0.3672632873058319,0.4476144313812256,-0.0026022836100310087,0.29910439252853394,0.4042856991291046,-0.003542620688676834,0.35202136635780334,0.36906737089157104,-0.048428405076265335,0.3478727638721466,0.4632398784160614,-0.03130759298801422,0.32015520334243774,0.46249598264694214,-0.00584197835996747,0.24746336042881012,0.4182659983634949,-0.023989994078874588,0.3006725311279297,0.3924906849861145,-0.049092721194028854,0.30906036496162415,0.4543292224407196,-0.030639251694083214,0.28109806776046753,0.46204936504364014,-0.008513295091688633,s
0.3006276786327362,0.6787821054458618,8.255259587031105e-09,0.37261882424354553,0.6158406734466553,-0.01824323832988739,0.4311516284942627,0.4996802806854248,-0.030802998691797256,0.49290430545806885,0.4312722086906433,-0.049644336104393005,0.549842357635498,0.3901486396789551,-0.06371863186359406,0.39440369606018066,0.4022519588470459,0.020924769341945648,0.42264896631240845,0.32622212171554565,-0.016509022563695908,0.45427167415618896,0.34417524933815,-0.03121131844818592,0.4753323197364807,0.3643372058868408,-0.03338775038719177,0.34755414724349976,0.3984702229499817,0.012286453507840633,0.39851877093315125,0.3409857451915741,-0.023736638948321342,0.3884822428226471,0.4491865634918213,-0.019747229292988777,0.3677508234977722,0.44894713163375854,-0.004026111681014299,0.3003726303577423,0.4053822159767151,-0.006094502285122871,0.3530596196651459,0.3690677583217621,-0.05139302834868431,0.3481244146823883,0.4638565182685852,-0.03302513435482979,0.3205074965953827,0.4628012180328369,-0.006868723314255476,0.24916934967041016,0.4186162054538727,-0.026645155623555183,0.3022295832633972,0.39101362228393555,-0.05192544683814049,0.30990877747535706,0.4532926380634308,-0.03272454813122749,0.28173092007637024,0.4614570438861847,-0.010120081715285778,s
0.30153971910476685,0.6772258877754211,5.753844956046805e-09,0.3743818998336792,0.6130589842796326,-0.017392592504620552,0.433491587638855,0.4951306879520416,-0.02842695452272892,0.4947360157966614,0.4278709292411804,-0.045565053820610046,0.5516971349716187,0.38812994956970215,-0.05784596875309944,0.39443859457969666,0.3984920084476471,0.02217540517449379,0.4241921603679657,0.3248884081840515,-0.014202132821083069,0.4548361897468567,0.34330782294273376,-0.028175625950098038,0.4750464856624603,0.3612026572227478,-0.030184529721736908,0.34654271602630615,0.3944375514984131,0.01314341090619564,0.3992706537246704,0.33764559030532837,-0.022139716893434525,0.3886224925518036,0.44618842005729675,-0.018392741680145264,0.3674776554107666,0.4441832900047302,-0.0029335564468055964,0.299003541469574,0.4018091559410095,-0.005502111744135618,0.35246214270591736,0.36765289306640625,-0.05034913122653961,0.3471258878707886,0.4627920687198639,-0.03282953426241875,0.3184262216091156,0.45914021134376526,-0.007414180785417557,0.24813543260097504,0.4157697558403015,-0.02619788981974125,0.3015037178993225,0.3906509578227997,-0.05118689686059952,0.3088541030883789,0.4534313380718231,-0.032360728830099106,0.27929219603538513,0.4604180157184601,-0.010178736411035061,s
0.3016873002052307,0.6775388121604919,-6.1869438461314985e-09,0.37437233328819275,0.6142123937606812,-0.01791786029934883,0.4334763288497925,0.4959481954574585,-0.02922043390572071,0.4947049915790558,0.42771536111831665,-0.04659414291381836,0.5518128275871277,0.3871867060661316,-0.058971308171749115,0.39372187852859497,0.39818164706230164,0.02204873599112034,0.423610657453537,0.32457831501960754,-0.014323979616165161,0.45427456498146057,0.34448519349098206,-0.02800794318318367,0.47411713004112244,0.364187628030777,-0.029698193073272705,0.3461103141307831,0.3943135738372803,0.01338423602283001,0.39837753772735596,0.33787497878074646,-0.021901935338974,0.3883156478404999,0.446729451417923,-0.01804729364812374,0.36730435490608215,0.4454699754714966,-0.0024772193282842636,0.29887956380844116,0.40176960825920105,-0.004969337489455938,0.35218673944473267,0.36754485964775085,-0.04978194087743759,0.34702539443969727,0.4628295600414276,-0.03223723918199539,0.3181338310241699,0.45987048745155334,-0.0068283481523394585,0.24815571308135986,0.41569241881370544,-0.025432532653212547,0.30178481340408325,0.3903050124645233,-0.050552766770124435,0.3091674745082855,0.4533795118331909,-0.031910836696624756,0.27954429388046265,0.4608187973499298,-0.009830562397837639,s
0.3008243143558502,0.6797128319740295,-3.2543110428662203e-09,0.37330687046051025,0.6160678863525391,-0.01818440854549408,0.43216651678085327,0.4963223934173584,-0.029654573649168015,0.4938204884529114,0.42716383934020996,-0.04720029979944229,0.5512953996658325,0.3864900469779968,-0.05980604141950607,0.39341986179351807,0.39939743280410767,0.022229861468076706,0.4224782884120941,0.3256373405456543,-0.014133645221590996,0.4532696604728699,0.3441820740699768,-0.02814624272286892,0.47364071011543274,0.3627343475818634,-0.030253063887357712,0.3462427854537964,0.39544016122817993,0.013624567538499832,0.39842838048934937,0.33758312463760376,-0.021813593804836273,0.3879096806049347,0.4465150833129883,-0.01788109354674816,0.36681950092315674,0.44574427604675293,-0.002193499356508255,0.29899561405181885,0.4026435613632202,-0.004767201840877533,0.3520568013191223,0.36666494607925415,-0.049571406096220016,0.34700408577919006,0.46168652176856995,-0.031757086515426636,0.31849730014801025,0.45945072174072266,-0.0061229532584548,0.24798789620399475,0.4160495102405548,-0.025366568937897682,0.30175602436065674,0.3900662660598755,-0.05043863132596016,0.30917179584503174,0.4524228572845459,-0.03177304565906525,0.279826819896698,0.4599585235118866,-0.00970727764070034,s
0.3010138273239136,0.678462028503418,2.3680827965222306e-08,0.37341809272766113,0.6140668392181396,-0.01777419075369835,0.4327400326728821,0.49500682950019836,-0.02926974929869175,0.49453651905059814,0.42654502391815186,-0.04688398912549019,0.5524017810821533,0.3867156207561493,-0.05987098067998886,0.39367982745170593,0.39863234758377075,0.02202451415359974,0.42285215854644775,0.3247407078742981,-0.014555124565958977,0.4545285999774933,0.3411169648170471,-0.029407208785414696,0.47593772411346436,0.358797550201416,-0.03216947242617607,0.34587007761001587,0.3944655656814575,0.013121054507791996,0.39859384298324585,0.3356688618659973,-0.022809067741036415,0.38867372274398804,0.44432103633880615,-0.019820652902126312,0.36716708540916443,0.44507041573524475,-0.004600520711392164,0.2983279228210449,0.4022138714790344,-0.005333436653017998,0.35153070092201233,0.36589840054512024,-0.050290390849113464,0.3474956154823303,0.461171954870224,-0.032803695648908615,0.31883859634399414,0.45992594957351685,-0.007197347469627857,0.24728980660438538,0.4165390133857727,-0.025922201573848724,0.3007659912109375,0.39040622115135193,-0.05093369632959366,0.3090643584728241,0.45277470350265503,-0.03205808997154236,0.2799069583415985,0.4604746699333191,-0.00973774865269661,s
0.30108344554901123,0.6805665493011475,8.046717070442355e-09,0.3726922571659088,0.6155343055725098,-0.018160929903388023,0.4314676523208618,0.49602797627449036,-0.030003804713487625,0.49301546812057495,0.4264664649963379,-0.04805382713675499,0.5507298111915588,0.3856554329395294,-0.06124165281653404,0.39351752400398254,0.40031498670578003,0.022696537896990776,0.4220249652862549,0.32514244318008423,-0.013915404677391052,0.45366019010543823,0.34259557723999023,-0.028151964768767357,0.4747942090034485,0.35996341705322266,-0.030380457639694214,0.34652793407440186,0.3958492875099182,0.014002337120473385,0.3980090320110321,0.3371657133102417,-0.02167980559170246,0.38704654574394226,0.44646140933036804,-0.017752263695001602,0.36530008912086487,0.44500404596328735,-0.002001978922635317,0.29894644021987915,0.4025465250015259,-0.004518456291407347,0.3513783812522888,0.3663555979728699,-0.049377527087926865,0.34554874897003174,0.4614650011062622,-0.03136938437819481,0.3165997564792633,0.4590364694595337,-0.005568752996623516,0.24702225625514984,0.4155106544494629,-0.025266002863645554,0.2997189164161682,0.39088207483291626,-0.05018651857972145,0.3066934645175934,0.45304983854293823,-0.03146485239267349,0.27714917063713074,0.46013543009757996,-0.009360797703266144,s
0.2999613583087921,0.6786088347434998,2.031294954463192e-08,0.3724405765533447,0.61495041847229,-0.01805267669260502,0.4311627149581909,0.49566593766212463,-0.02960919961333275,0.4926406741142273,0.42655250430107117,-0.04711821302771568,0.550234317779541,0.3859991431236267,-0.05996869504451752,0.39262816309928894,0.3990758955478668,0.020887041464447975,0.4214129149913788,0.323885440826416,-0.015179346315562725,0.4533305764198303,0.3387680649757385,-0.0294149499386549,0.4749429523944855,0.35491710901260376,-0.03189754858613014,0.34474581480026245,0.39537501335144043,0.011984845623373985,0.3978031575679779,0.3357238173484802,-0.023193897679448128,0.3871498703956604,0.44388824701309204,-0.019525563344359398,0.3645956516265869,0.44274821877479553,-0.004161696415394545,0.2972511053085327,0.40318772196769714,-0.0064288536086678505,0.35075774788856506,0.36530089378356934,-0.051150888204574585,0.3460730016231537,0.4607864022254944,-0.033407289534807205,0.31656497716903687,0.4583468735218048,-0.007899409160017967,0.24617694318294525,0.4173091650009155,-0.026964640244841576,0.2996562719345093,0.38981595635414124,-0.052081089466810226,0.30769336223602295,0.4523942768573761,-0.0330871045589447,0.27795130014419556,0.46016785502433777,-0.010849036276340485,s
0.30072221159935,0.6782402992248535,2.244771835080428e-08,0.37221553921699524,0.6130144596099854,-0.019028251990675926,0.4319171905517578,0.4946199953556061,-0.03126189857721329,0.49341899156570435,0.42605331540107727,-0.04934767633676529,0.5510039329528809,0.38527700304985046,-0.06258779764175415,0.39258936047554016,0.3975432515144348,0.021308226510882378,0.4209657609462738,0.32484787702560425,-0.014765467494726181,0.4520951509475708,0.34067779779434204,-0.028687456622719765,0.4732283353805542,0.35634952783584595,-0.030935076996684074,0.34504029154777527,0.3937862813472748,0.012965968810021877,0.3966670632362366,0.33561980724334717,-0.022242944687604904,0.3868529796600342,0.44449758529663086,-0.01834990456700325,0.3657556176185608,0.4429198205471039,-0.002775695640593767,0.2975378632545471,0.4015485346317291,-0.0050769345834851265,0.34948447346687317,0.36525219678878784,-0.05003541335463524,0.3451763093471527,0.46079304814338684,-0.03211934119462967,0.3166337311267853,0.45833757519721985,-0.006381910294294357,0.24597470462322235,0.41565725207328796,-0.025316620245575905,0.2982061505317688,0.38913995027542114,-0.0505128838121891,0.3063983619213104,0.4518883526325226,-0.03153466805815697,0.2772463262081146,0.4596100449562073,-0.009216675534844398,s
0.3009337782859802,0.6794973015785217,3.1045928494677355e-08,0.3721299171447754,0.6143958568572998,-0.0189202893525362,0.4313007593154907,0.49429529905319214,-0.030796654522418976,0.49249908328056335,0.4248031675815582,-0.0484953373670578,0.550857663154602,0.3852430582046509,-0.061479851603507996,0.39170193672180176,0.3974986672401428,0.021531319245696068,0.42028504610061646,0.3246191740036011,-0.014833747409284115,0.45168209075927734,0.3395446538925171,-0.02931850403547287,0.47308728098869324,0.3551520109176636,-0.03198058158159256,0.3441433608531952,0.39372575283050537,0.012950677424669266,0.3973785638809204,0.33446329832077026,-0.02295932173728943,0.38650399446487427,0.4434798061847687,-0.01950426958501339,0.364193856716156,0.44314247369766235,-0.003950946964323521,0.2963278889656067,0.40153181552886963,-0.005378198344260454,0.3495340049266815,0.36557164788246155,-0.05096321925520897,0.3444308936595917,0.46100056171417236,-0.03361883759498596,0.3154940605163574,0.45892834663391113,-0.007989260368049145,0.24465224146842957,0.41593343019485474,-0.025883246213197708,0.2979675829410553,0.3902331292629242,-0.05141346529126167,0.3057291507720947,0.452547162771225,-0.032828010618686676,0.27633291482925415,0.4601370692253113,-0.010729623027145863,s
0.301799476146698,0.6768262386322021,3.260033309970822e-08,0.37214329838752747,0.6122616529464722,-0.01855970360338688,0.4303850531578064,0.49494290351867676,-0.031553078442811966,0.49155646562576294,0.42489632964134216,-0.05081916227936745,0.5490325689315796,0.38291680812835693,-0.06530766189098358,0.39179641008377075,0.3972753584384918,0.021061616018414497,0.41930216550827026,0.32042962312698364,-0.01664825715124607,0.4517291784286499,0.338573694229126,-0.03180329501628876,0.4732331931591034,0.35939472913742065,-0.03429529815912247,0.34446629881858826,0.39349421858787537,0.012731395661830902,0.39549821615219116,0.3345915675163269,-0.02438383363187313,0.38684824109077454,0.4442040026187897,-0.021431302651762962,0.3654612600803375,0.4460562467575073,-0.0059807030484080315,0.2969469428062439,0.40114957094192505,-0.00521544786170125,0.3494666814804077,0.3647063076496124,-0.050932373851537704,0.34547585248947144,0.4606505036354065,-0.032927412539720535,0.31703120470046997,0.46150127053260803,-0.006652930751442909,0.24539601802825928,0.41514262557029724,-0.0253476370126009,0.29886749386787415,0.38942697644233704,-0.05084109678864479,0.30700328946113586,0.45193883776664734,-0.03197946399450302,0.27844318747520447,0.4603910446166992,-0.009326891973614693,s
0.2999580204486847,0.6798108816146851,-5.0638502280264674e-09,0.3720260560512543,0.6156231760978699,-0.018067050725221634,0.4308372437953949,0.49405479431152344,-0.029430720955133438,0.49153971672058105,0.4228951036930084,-0.04693956300616264,0.5489593744277954,0.38041624426841736,-0.05951462313532829,0.39061155915260315,0.39642244577407837,0.022516069933772087,0.4191025495529175,0.3214843273162842,-0.013798956759274006,0.45096448063850403,0.3405829668045044,-0.027759339660406113,0.4710390567779541,0.3593309819698334,-0.02973003312945366,0.3426334857940674,0.39323651790618896,0.01389649324119091,0.39457011222839355,0.3346273899078369,-0.02129942923784256,0.3862276077270508,0.4438056945800781,-0.017753563821315765,0.36418449878692627,0.44244498014450073,-0.002363545587286353,0.29523539543151855,0.401658833026886,-0.004433734808117151,0.3484518826007843,0.36507195234298706,-0.04932714253664017,0.34554168581962585,0.46127262711524963,-0.03184443339705467,0.31593549251556396,0.45922234654426575,-0.0063691092655062675,0.24429918825626373,0.4157811403274536,-0.024907361716032028,0.2980826795101166,0.38979610800743103,-0.050323210656642914,0.3072957694530487,0.4527585208415985,-0.031887128949165344,0.2776525318622589,0.460406094789505,-0.009858986362814903,s
0.30138570070266724,0.6760696768760681,3.827512973231251e-09,0.3724028468132019,0.6130267381668091,-0.018277378752827644,0.43018829822540283,0.49413445591926575,-0.031006591394543648,0.4912180006504059,0.42350149154663086,-0.0499439500272274,0.5481634140014648,0.38119810819625854,-0.064185231924057,0.39107540249824524,0.39515241980552673,0.019245292991399765,0.41900014877319336,0.3196161985397339,-0.01805625669658184,0.4506717026233673,0.33768364787101746,-0.032532911747694016,0.47118961811065674,0.35803499817848206,-0.034737635403871536,0.34370937943458557,0.3925807476043701,0.010543210431933403,0.3952231705188751,0.3351646065711975,-0.02599683403968811,0.3864390254020691,0.4436630606651306,-0.022187503054738045,0.3644286096096039,0.4446115791797638,-0.006599073298275471,0.29629459977149963,0.4012497365474701,-0.007630443200469017,0.3495153486728668,0.36541199684143066,-0.05343881621956825,0.3449978828430176,0.4610867500305176,-0.035206139087677,0.3156949579715729,0.4610807001590729,-0.009153013117611408,0.2449895739555359,0.4161081910133362,-0.02789265103638172,0.2987784743309021,0.3896903395652771,-0.05385731905698776,0.3066013753414154,0.4526806175708771,-0.03496435284614563,0.2776886224746704,0.4610394537448883,-0.012539515271782875,s
0.3017580509185791,0.6767994165420532,-5.0237911608519425e-09,0.3726497292518616,0.6132753491401672,-0.01747761107981205,0.43064427375793457,0.49222564697265625,-0.02923060581088066,0.49138760566711426,0.42133328318595886,-0.04727323725819588,0.5479089021682739,0.37888357043266296,-0.060511160641908646,0.39080607891082764,0.3945843279361725,0.02131074108183384,0.4187972843647003,0.3198356330394745,-0.014866653829813004,0.4496544599533081,0.3381398022174835,-0.028504060581326485,0.4686129093170166,0.3566722571849823,-0.030350277200341225,0.3431381285190582,0.39168277382850647,0.01252191886305809,0.39439132809638977,0.3339775502681732,-0.02314726635813713,0.3871321678161621,0.44289880990982056,-0.019191676750779152,0.3660030663013458,0.4424667954444885,-0.003571587847545743,0.29586565494537354,0.4000910520553589,-0.005725810769945383,0.3487468957901001,0.3646482229232788,-0.050723426043987274,0.34580036997795105,0.46033763885498047,-0.03261309862136841,0.31687822937965393,0.45956578850746155,-0.006802277639508247,0.24500980973243713,0.41436895728111267,-0.026039784774184227,0.2987312078475952,0.38946500420570374,-0.05166417360305786,0.3072478771209717,0.45248329639434814,-0.03317229822278023,0.2782345712184906,0.46045541763305664,-0.011127842590212822,s
0.30239659547805786,0.6762770414352417,1.4158892724935868e-08,0.3730483949184418,0.6121853590011597,-0.019377432763576508,0.4311528205871582,0.4913385808467865,-0.032000765204429626,0.491904079914093,0.4200676679611206,-0.050567660480737686,0.5491519570350647,0.377809077501297,-0.06424396485090256,0.3904651701450348,0.39507561922073364,0.019992107525467873,0.41825953125953674,0.31932592391967773,-0.017157763242721558,0.44948920607566833,0.33679264783859253,-0.03164585307240486,0.4685969948768616,0.355971097946167,-0.03383897989988327,0.34295833110809326,0.3925221860408783,0.011978166177868843,0.3942078948020935,0.3324577212333679,-0.02475934661924839,0.3872576653957367,0.44189217686653137,-0.021334588527679443,0.3656693696975708,0.4433492124080658,-0.005677455570548773,0.29576849937438965,0.4011577367782593,-0.005715338978916407,0.34833309054374695,0.36422598361968994,-0.05161659047007561,0.34552428126335144,0.46014606952667236,-0.03381936624646187,0.31639328598976135,0.4605186879634857,-0.0077508888207376,0.24468964338302612,0.4153669774532318,-0.025617867708206177,0.2981279194355011,0.38897261023521423,-0.05155736953020096,0.3070968985557556,0.451524555683136,-0.03310833498835564,0.27824729681015015,0.4601248502731323,-0.010894624516367912,s
0.3026196360588074,0.6742261648178101,6.5310343799751536e-09,0.37383222579956055,0.610215961933136,-0.018434913828969002,0.43185266852378845,0.4905794560909271,-0.030478855594992638,0.49252280592918396,0.4192565977573395,-0.048623234033584595,0.5490484237670898,0.3754819631576538,-0.06179694086313248,0.3905017673969269,0.3933933973312378,0.02056064084172249,0.4189697504043579,0.31638801097869873,-0.017235219478607178,0.45024535059928894,0.33454471826553345,-0.031869057565927505,0.4702875316143036,0.35250887274742126,-0.03398873656988144,0.3424588143825531,0.39090752601623535,0.011929656378924847,0.3944692611694336,0.3316776752471924,-0.024931831285357475,0.3867928981781006,0.4419313073158264,-0.021259434521198273,0.3650359809398651,0.4417875111103058,-0.005433254409581423,0.29496365785598755,0.39980819821357727,-0.006407516077160835,0.3481624126434326,0.3630550801753998,-0.052350178360939026,0.34516990184783936,0.45988789200782776,-0.03416621685028076,0.31556302309036255,0.45892876386642456,-0.007859468460083008,0.24401651322841644,0.4145652949810028,-0.026924114674329758,0.29768574237823486,0.3887025713920593,-0.05263962224125862,0.3067442774772644,0.4516238570213318,-0.03374456241726875,0.2770737409591675,0.45988786220550537,-0.011164613999426365,s
0.302178293466568,0.6776149272918701,-2.9637579501695654e-08,0.37292423844337463,0.6143657565116882,-0.017943816259503365,0.42951899766921997,0.49306342005729675,-0.02992282249033451,0.4896567761898041,0.4201512336730957,-0.04796302691102028,0.5454028844833374,0.3749223053455353,-0.06076884642243385,0.3898754417896271,0.395750492811203,0.019624117761850357,0.4179713726043701,0.3173808455467224,-0.017051419243216515,0.44857263565063477,0.33612316846847534,-0.029702529311180115,0.4660263657569885,0.3536713123321533,-0.030572088435292244,0.3419097065925598,0.393153578042984,0.010994181036949158,0.39326539635658264,0.33269622921943665,-0.02492910996079445,0.38703519105911255,0.44314390420913696,-0.019764769822359085,0.3654976785182953,0.4417395293712616,-0.00319465110078454,0.29478076100349426,0.40134263038635254,-0.007204357068985701,0.34760382771492004,0.36323586106300354,-0.05250758305191994,0.3454078137874603,0.46040865778923035,-0.03352375701069832,0.3157724142074585,0.4590526223182678,-0.007103279232978821,0.2442496120929718,0.4152829051017761,-0.02753644622862339,0.2981679141521454,0.3894566297531128,-0.053512249141931534,0.30691638588905334,0.4527764618396759,-0.03506462275981903,0.2766437530517578,0.4607945680618286,-0.013012669049203396,s
0.30489858984947205,0.6738224029541016,-1.0024937546759816e-09,0.3748420774936676,0.6099937558174133,-0.018381968140602112,0.43042078614234924,0.49237221479415894,-0.0318649485707283,0.49044016003608704,0.4210331439971924,-0.05148215591907501,0.5457643270492554,0.3757149279117584,-0.06616879254579544,0.3908304274082184,0.3940652310848236,0.017816295847296715,0.41821444034576416,0.3163219094276428,-0.01963668130338192,0.44901078939437866,0.3336048722267151,-0.03357502445578575,0.4672250747680664,0.35348159074783325,-0.03534632548689842,0.34298795461654663,0.3919715881347656,0.009093359112739563,0.3931333124637604,0.3323417603969574,-0.027820978313684464,0.38784897327423096,0.441217303276062,-0.023488078266382217,0.3669273555278778,0.44290539622306824,-0.0075364247895777225,0.2955835461616516,0.40099868178367615,-0.009033876471221447,0.34786105155944824,0.36342382431030273,-0.05482575297355652,0.34613990783691406,0.45910102128982544,-0.03579395264387131,0.3174514174461365,0.45948633551597595,-0.009382653050124645,0.24468395113945007,0.41638702154159546,-0.029281919822096825,0.2977607846260071,0.38964834809303284,-0.055479537695646286,0.3071221113204956,0.4528948962688446,-0.0365598201751709,0.27858051657676697,0.4616243839263916,-0.014187109656631947,s
0.30382806062698364,0.6760326623916626,-1.3152570588204071e-08,0.37393561005592346,0.6132388114929199,-0.019202042371034622,0.43082812428474426,0.4921739995479584,-0.03199388459324837,0.49127304553985596,0.4195956587791443,-0.0504714772105217,0.5477337837219238,0.37449419498443604,-0.0635467916727066,0.390929639339447,0.3933178782463074,0.018434466794133186,0.41830888390541077,0.3157083988189697,-0.019199145957827568,0.4487892985343933,0.33400657773017883,-0.03276408836245537,0.46713829040527344,0.3545367419719696,-0.03394932299852371,0.34272757172584534,0.3909794092178345,0.010432234965264797,0.39296770095825195,0.3326525390148163,-0.025926250964403152,0.3870730400085449,0.44119128584861755,-0.02127787284553051,0.36663490533828735,0.44058603048324585,-0.004981339443475008,0.29524508118629456,0.39951270818710327,-0.0073041715659201145,0.3477400839328766,0.3650735318660736,-0.05224201828241348,0.34585654735565186,0.4599476456642151,-0.033718645572662354,0.31783026456832886,0.4580051302909851,-0.007740879897028208,0.2454260289669037,0.4145638048648834,-0.027372680604457855,0.2989000380039215,0.3907216787338257,-0.05273600295186043,0.307992160320282,0.453172892332077,-0.034418798983097076,0.2792491912841797,0.4606788158416748,-0.012497548945248127,s
0.3047505021095276,0.6751284003257751,9.370603848424253e-09,0.37539374828338623,0.6097674369812012,-0.01839764416217804,0.43213701248168945,0.4911864399909973,-0.03176280856132507,0.49226701259613037,0.41974377632141113,-0.051376305520534515,0.548618495464325,0.3758055865764618,-0.06606289744377136,0.3901377022266388,0.39431706070899963,0.01944422349333763,0.41790276765823364,0.3150021433830261,-0.01803535968065262,0.45006677508354187,0.33346840739250183,-0.032402172684669495,0.4690120816230774,0.3562336564064026,-0.034256160259246826,0.3428027629852295,0.3921024799346924,0.01088813878595829,0.39348798990249634,0.33129408955574036,-0.026148604229092598,0.3887953758239746,0.4407091438770294,-0.022556990385055542,0.367476224899292,0.4443834722042084,-0.006870533339679241,0.29574304819107056,0.4010445177555084,-0.007178341969847679,0.34863072633743286,0.36301878094673157,-0.052680689841508865,0.34715893864631653,0.4585533142089844,-0.03420240432024002,0.31817182898521423,0.4606298506259918,-0.007931345142424107,0.24479058384895325,0.41616353392601013,-0.027417857199907303,0.29782336950302124,0.3888019919395447,-0.05318611115217209,0.3081064522266388,0.4511103630065918,-0.03443912789225578,0.28022870421409607,0.46032384037971497,-0.012063085101544857,s
0.3039696216583252,0.6756855249404907,8.69333049990928e-09,0.3747672140598297,0.610514223575592,-0.01929345913231373,0.43210074305534363,0.49096938967704773,-0.03212495893239975,0.49271300435066223,0.4192773103713989,-0.05082318186759949,0.5490518808364868,0.3740246295928955,-0.06427305191755295,0.3901168406009674,0.39216485619544983,0.020140880718827248,0.41820028424263,0.3149837851524353,-0.017464671283960342,0.4500342309474945,0.3337194621562958,-0.031865015625953674,0.4698227345943451,0.3548189401626587,-0.033676255494356155,0.34201210737228394,0.389769971370697,0.012225613929331303,0.39406606554985046,0.33062246441841125,-0.024280903860926628,0.38843247294425964,0.43946292996406555,-0.020701032131910324,0.36738863587379456,0.44049006700515747,-0.004971938673406839,0.2948298156261444,0.398800790309906,-0.0054621100425720215,0.34881123900413513,0.3633582890033722,-0.05049479752779007,0.3473702073097229,0.4581897556781769,-0.03256133943796158,0.31838998198509216,0.4574068486690521,-0.006728573236614466,0.24474945664405823,0.4141433537006378,-0.025488371029496193,0.29897820949554443,0.38945716619491577,-0.0506916381418705,0.3090032935142517,0.45152992010116577,-0.03219658136367798,0.2800646722316742,0.45935922861099243,-0.01001598872244358,s
0.3051171898841858,0.674311101436615,1.4021535044150824e-08,0.37566402554512024,0.6088978052139282,-0.018202412873506546,0.43206557631492615,0.49079790711402893,-0.03168452903628349,0.49222543835639954,0.41917672753334045,-0.051557786762714386,0.5478426218032837,0.37328097224235535,-0.06637178361415863,0.39053136110305786,0.3912280201911926,0.01995764672756195,0.4190165102481842,0.31244486570358276,-0.01881839521229267,0.45210903882980347,0.3314276933670044,-0.03433506190776825,0.4723193645477295,0.3550185263156891,-0.03666578605771065,0.34361839294433594,0.38890165090560913,0.01109218318015337,0.3947717547416687,0.3302062153816223,-0.026540536433458328,0.38926252722740173,0.43922632932662964,-0.02354038693010807,0.36798855662345886,0.442484974861145,-0.008253994397819042,0.29653844237327576,0.3976581394672394,-0.007395000196993351,0.3507697582244873,0.3604760766029358,-0.053392987698316574,0.3487198054790497,0.4561668634414673,-0.03493145480751991,0.32011932134628296,0.4585120677947998,-0.008560959249734879,0.2457382082939148,0.41348323225975037,-0.028093403205275536,0.3005985617637634,0.3870994746685028,-0.053993090987205505,0.31015563011169434,0.44984230399131775,-0.0349460206925869,0.28184425830841064,0.45961764454841614,-0.012158737517893314,s
0.3048638105392456,0.6732451319694519,-9.16514775184396e-09,0.3757702112197876,0.60892653465271,-0.01863616518676281,0.4327503740787506,0.4888637661933899,-0.03186623752117157,0.4931764006614685,0.416812002658844,-0.05113159865140915,0.548869788646698,0.3715762794017792,-0.06523430347442627,0.39132294058799744,0.38941675424575806,0.01837046816945076,0.41904670000076294,0.31349366903305054,-0.019639570266008377,0.45130839943885803,0.33256995677948,-0.03385086730122566,0.4718495309352875,0.3548078238964081,-0.03547147288918495,0.34388622641563416,0.38666847348213196,0.00997050292789936,0.3955383598804474,0.3303670585155487,-0.026691652834415436,0.38958385586738586,0.4391099810600281,-0.022377917543053627,0.3689037263393402,0.44049888849258423,-0.006475094705820084,0.29664766788482666,0.3949887156486511,-0.008024889975786209,0.35130178928375244,0.36024489998817444,-0.053188763558864594,0.3493055999279022,0.4554764926433563,-0.034345295280218124,0.3211917281150818,0.4565085172653198,-0.008139158599078655,0.2461746335029602,0.41082218289375305,-0.028278503566980362,0.3010026216506958,0.3860882520675659,-0.053661081939935684,0.3104727864265442,0.4487040042877197,-0.03475511819124222,0.2818942368030548,0.45765796303749084,-0.01233948115259409,s
0.3054704964160919,0.6707946062088013,1.1212392792003811e-08,0.37568366527557373,0.6063199639320374,-0.01881679892539978,0.4328577220439911,0.48728588223457336,-0.03191602975130081,0.49330732226371765,0.4156632423400879,-0.05137156322598457,0.5485948920249939,0.36984193325042725,-0.06576007604598999,0.3931765854358673,0.38901251554489136,0.02075357921421528,0.42089927196502686,0.31111136078834534,-0.019030489027500153,0.45325830578804016,0.3293294906616211,-0.03513588011264801,0.4745040535926819,0.35244905948638916,-0.03753241151571274,0.3460933566093445,0.38592779636383057,0.012490139342844486,0.3967092037200928,0.328136146068573,-0.026507917791604996,0.38945111632347107,0.43805748224258423,-0.02384435571730137,0.3686160147190094,0.4418957233428955,-0.008173703216016293,0.29871028661727905,0.3935684561729431,-0.005673632025718689,0.3526548147201538,0.35868456959724426,-0.05278569832444191,0.3489975035190582,0.45528021454811096,-0.03465059772133827,0.32072120904922485,0.45810434222221375,-0.007912267930805683,0.2473045289516449,0.40824568271636963,-0.02612525410950184,0.30201250314712524,0.3849013149738312,-0.052334804087877274,0.31023070216178894,0.4480797350406647,-0.03382958099246025,0.28169411420822144,0.4571865200996399,-0.011183202266693115,s
0.30572789907455444,0.6711375713348389,4.271252684873161e-09,0.3769906759262085,0.6053478121757507,-0.018572870641946793,0.43449661135673523,0.48490163683891296,-0.03099587745964527,0.4946720600128174,0.41320422291755676,-0.04965028166770935,0.5509929656982422,0.36877137422561646,-0.06329462677240372,0.39213863015174866,0.38627129793167114,0.021839343011379242,0.4208223819732666,0.3114848732948303,-0.016587981954216957,0.4527149796485901,0.3307298421859741,-0.031812526285648346,0.47362810373306274,0.35284218192100525,-0.03394751250743866,0.34470266103744507,0.3839423358440399,0.013519436120986938,0.3966740071773529,0.3273187279701233,-0.02383514493703842,0.3899167478084564,0.4371315538883209,-0.020580340176820755,0.36982664465904236,0.43928074836730957,-0.004875055979937315,0.2974809408187866,0.39267975091934204,-0.004720054101198912,0.35203757882118225,0.35866498947143555,-0.05092234909534454,0.3489941954612732,0.4545288681983948,-0.0331394262611866,0.3208727538585663,0.45522239804267883,-0.006949210539460182,0.24673941731452942,0.4083615243434906,-0.02517005242407322,0.3012131452560425,0.38299858570098877,-0.050797801464796066,0.31024596095085144,0.4458928108215332,-0.03215066343545914,0.2819087505340576,0.4546675682067871,-0.009654712863266468,s
0.30541959404945374,0.6691685914993286,5.942377701018131e-09,0.3774384558200836,0.604323148727417,-0.01891283318400383,0.43468835949897766,0.48530542850494385,-0.03128873184323311,0.49460074305534363,0.4143301844596863,-0.049759190529584885,0.5499019622802734,0.36909186840057373,-0.06302723288536072,0.3922646939754486,0.3865165114402771,0.021504484117031097,0.4205697774887085,0.31000250577926636,-0.01694614067673683,0.45306509733200073,0.3295692503452301,-0.03220050781965256,0.47360730171203613,0.3526504337787628,-0.03417437523603439,0.3444724977016449,0.3839123249053955,0.01355512160807848,0.39633336663246155,0.3270336985588074,-0.023588625714182854,0.3899521827697754,0.43666741251945496,-0.020468365401029587,0.36883947253227234,0.43906930088996887,-0.004818399902433157,0.2973865866661072,0.3925059139728546,-0.004306119866669178,0.3519282341003418,0.35780271887779236,-0.05016760155558586,0.3494696021080017,0.45414671301841736,-0.03249717876315117,0.3204192817211151,0.4548267126083374,-0.00645886454731226,0.2470461130142212,0.40797919034957886,-0.024439653381705284,0.3019886612892151,0.38356295228004456,-0.050002727657556534,0.3110097646713257,0.4467906653881073,-0.031481556594371796,0.2816961407661438,0.45542439818382263,-0.009044850245118141,s
0.30627405643463135,0.6700122356414795,-1.9244124516148986e-08,0.3774133026599884,0.6059961318969727,-0.019690005108714104,0.43472614884376526,0.4859767556190491,-0.03240601345896721,0.49448710680007935,0.41344207525253296,-0.05084068328142166,0.5506842136383057,0.36853376030921936,-0.0638449415564537,0.3943661153316498,0.38663747906684875,0.01911894604563713,0.4217139482498169,0.3100229501724243,-0.018734559416770935,0.45249277353286743,0.32927849888801575,-0.03244488313794136,0.4715655744075775,0.3516806364059448,-0.03340638428926468,0.34626489877700806,0.3841051459312439,0.011519210413098335,0.3974038064479828,0.32785940170288086,-0.02473641373217106,0.3901033401489258,0.4368983209133148,-0.02021777629852295,0.36896494030952454,0.43653473258018494,-0.003874770598486066,0.2989090383052826,0.3925327956676483,-0.005952778272330761,0.3521321415901184,0.358525812625885,-0.05118245631456375,0.3496754765510559,0.4537835121154785,-0.032911259680986404,0.32125186920166016,0.45234397053718567,-0.006849673576653004,0.24826547503471375,0.4077690839767456,-0.025735247880220413,0.3018166422843933,0.38312461972236633,-0.05090534687042236,0.31115204095840454,0.44587036967277527,-0.03215297684073448,0.28227585554122925,0.45393848419189453,-0.009744897484779358,s
0.30554211139678955,0.6717167496681213,-6.4748162387218144e-09,0.3765490651130676,0.607974648475647,-0.019453130662441254,0.4343549609184265,0.48656314611434937,-0.03218008205294609,0.4946634769439697,0.41408300399780273,-0.05070272460579872,0.5511592626571655,0.36943960189819336,-0.0641268938779831,0.3931599259376526,0.3871191740036011,0.020315613597631454,0.4210188090801239,0.3142237067222595,-0.017055464908480644,0.45215511322021484,0.3314444422721863,-0.031203392893075943,0.4721969664096832,0.3519616723060608,-0.03298349678516388,0.34529995918273926,0.38438794016838074,0.012447334825992584,0.3968169689178467,0.32759103178977966,-0.024280736222863197,0.3895288109779358,0.43664008378982544,-0.020352011546492577,0.3687816858291626,0.43762797117233276,-0.004342319909483194,0.2981254458427429,0.39282429218292236,-0.005229429341852665,0.35228976607322693,0.35947108268737793,-0.05113809555768967,0.34914547204971313,0.4549107849597931,-0.03324082866311073,0.32022079825401306,0.4540034234523773,-0.0072949775494635105,0.2476133108139038,0.4079103469848633,-0.02514687366783619,0.3021005690097809,0.3842884302139282,-0.05109762027859688,0.31047871708869934,0.4476918876171112,-0.03285485878586769,0.28108906745910645,0.45520609617233276,-0.01084805466234684,s
0.3052605986595154,0.6706947088241577,8.400309781109172e-09,0.37538355588912964,0.609011173248291,-0.020490892231464386,0.433816522359848,0.4880475103855133,-0.03381514921784401,0.4945026636123657,0.4157910943031311,-0.05283653736114502,0.5516882538795471,0.3712426722049713,-0.06665831059217453,0.39329901337623596,0.3885328769683838,0.01919100247323513,0.4217257499694824,0.31103038787841797,-0.020041754469275475,0.4533679187297821,0.3296671509742737,-0.03550156578421593,0.4729613661766052,0.35250622034072876,-0.03755689784884453,0.3451954424381256,0.38512811064720154,0.011867096647620201,0.3969057500362396,0.3263302445411682,-0.02634095586836338,0.3896210193634033,0.4369637072086334,-0.022980766370892525,0.3680373430252075,0.4398782551288605,-0.00680427486076951,0.29756492376327515,0.3935182988643646,-0.0054569854401052,0.3515012860298157,0.3599751591682434,-0.051809899508953094,0.34836703538894653,0.45586884021759033,-0.033811960369348526,0.3196186423301697,0.45598942041397095,-0.007375738117843866,0.24706429243087769,0.4084572196006775,-0.02517007105052471,0.3008068799972534,0.38546013832092285,-0.05091197043657303,0.3096596598625183,0.44810232520103455,-0.03248998895287514,0.2808946967124939,0.45545870065689087,-0.010081268846988678,s
0.305919885635376,0.6745354533195496,6.118065498661451e-10,0.37649819254875183,0.6102712154388428,-0.01809706538915634,0.4342941343784332,0.48878365755081177,-0.030351968482136726,0.49403876066207886,0.4170258939266205,-0.04878002405166626,0.5502434968948364,0.37338972091674805,-0.06257881969213486,0.39350420236587524,0.39122411608695984,0.02202768065035343,0.4210474193096161,0.3147415518760681,-0.014369195327162743,0.4524948000907898,0.33047860860824585,-0.028494855388998985,0.47075155377388,0.35464781522750854,-0.030196700245141983,0.34671714901924133,0.388595312833786,0.013580973260104656,0.39614343643188477,0.3270722031593323,-0.02359587512910366,0.3909863233566284,0.4365192949771881,-0.02073974721133709,0.3699471056461334,0.4439016878604889,-0.004880065098404884,0.299683541059494,0.39725780487060547,-0.004370259121060371,0.3512469530105591,0.3615261912345886,-0.05032811686396599,0.34863314032554626,0.4580497741699219,-0.03286510333418846,0.31968897581100464,0.46156859397888184,-0.006758270785212517,0.24832773208618164,0.41217106580734253,-0.024344002828001976,0.29986220598220825,0.38649365305900574,-0.0503886379301548,0.30892908573150635,0.45081421732902527,-0.032127294689416885,0.2811349630355835,0.4599060118198395,-0.009947404265403748,s
0.30579090118408203,0.6751223802566528,-2.6698263155822133e-08,0.37726107239723206,0.612377941608429,-0.018728403374552727,0.4349595904350281,0.4908236861228943,-0.03078634664416313,0.49461889266967773,0.4194670617580414,-0.048574142158031464,0.5503557920455933,0.3757774829864502,-0.06117389723658562,0.3942616283893585,0.3931252658367157,0.017869360744953156,0.42366403341293335,0.3166946768760681,-0.01911177486181259,0.4542202651500702,0.33430352807044983,-0.03195400908589363,0.47114986181259155,0.3557761311531067,-0.03259854018688202,0.3457048535346985,0.39072778820991516,0.009603842161595821,0.3974076509475708,0.33125796914100647,-0.02681395597755909,0.39071986079216003,0.44097140431404114,-0.021858613938093185,0.3686848282814026,0.4425312876701355,-0.005057336296886206,0.2985014319419861,0.3995787501335144,-0.0081558832898736,0.3515135943889618,0.36300575733184814,-0.05390305072069168,0.349612832069397,0.4600883424282074,-0.03507261350750923,0.32015499472618103,0.4599934220314026,-0.008505595847964287,0.24792541563510895,0.41464412212371826,-0.028038067743182182,0.30110466480255127,0.38850855827331543,-0.05431901663541794,0.31077972054481506,0.4523968994617462,-0.03559674322605133,0.28169137239456177,0.46080633997917175,-0.01318630576133728,s
0.30603963136672974,0.6786040663719177,-3.42098047667605e-08,0.37694522738456726,0.6162572503089905,-0.020001035183668137,0.4346393644809723,0.49558547139167786,-0.03227151557803154,0.4946570098400116,0.42317959666252136,-0.04998583719134331,0.5507144331932068,0.37900081276893616,-0.062192849814891815,0.39539453387260437,0.3970063328742981,0.017556732520461082,0.42325252294540405,0.3193451166152954,-0.019472766667604446,0.4544335603713989,0.3375418782234192,-0.03175576403737068,0.47298985719680786,0.35724496841430664,-0.0319756343960762,0.34731191396713257,0.39459994435310364,0.010060147382318974,0.3966425061225891,0.33435308933258057,-0.025816690176725388,0.3905075788497925,0.44430044293403625,-0.020145341753959656,0.36971426010131836,0.4434533715248108,-0.0030444033909589052,0.300017774105072,0.4030286371707916,-0.007207673508673906,0.3505268096923828,0.3650698661804199,-0.052679602056741714,0.34925615787506104,0.46265652775764465,-0.03332258388400078,0.320796936750412,0.461858332157135,-0.006472080945968628,0.24901369214057922,0.4174675941467285,-0.026775741949677467,0.29955005645751953,0.39071232080459595,-0.05274951085448265,0.3098548650741577,0.4542510211467743,-0.0340486615896225,0.2814708352088928,0.4627738296985626,-0.011689319275319576,s
0.30709409713745117,0.6802908778190613,-1.353414891269722e-08,0.37776681780815125,0.6170030832290649,-0.01890518143773079,0.4354429244995117,0.49649688601493835,-0.032104652374982834,0.49624869227409363,0.4253537952899933,-0.05142759531736374,0.5524678230285645,0.381205677986145,-0.06578242033720016,0.3949648439884186,0.400248259305954,0.01768256537616253,0.4233660399913788,0.3205721974372864,-0.020946219563484192,0.4556126892566681,0.3395628035068512,-0.03551439940929413,0.4754782021045685,0.36283475160598755,-0.03719194605946541,0.3476161062717438,0.39847782254219055,0.00890131201595068,0.3984422981739044,0.337105393409729,-0.029300469905138016,0.39165666699409485,0.44699686765670776,-0.025569837540388107,0.37047499418258667,0.45013996958732605,-0.009503738023340702,0.3004923462867737,0.40698033571243286,-0.00947097409516573,0.353466272354126,0.3669409155845642,-0.0564742237329483,0.35024529695510864,0.4640824794769287,-0.03739788755774498,0.3214297592639923,0.4659665822982788,-0.010357078164815903,0.24922990798950195,0.42167603969573975,-0.0300133116543293,0.30320656299591064,0.391163170337677,-0.05700044706463814,0.3119780123233795,0.45557188987731934,-0.03775305673480034,0.28325217962265015,0.46619391441345215,-0.014763417653739452,s
0.3065751791000366,0.6822146773338318,-2.5287063554202405e-09,0.37698331475257874,0.6203587651252747,-0.01978323422372341,0.4353677034378052,0.4985903203487396,-0.03324158117175102,0.4973227381706238,0.4261912405490875,-0.05271623283624649,0.5541969537734985,0.3815525472164154,-0.06715540587902069,0.39499709010124207,0.39946407079696655,0.017582809552550316,0.42430534958839417,0.3211546540260315,-0.02188534289598465,0.4572249948978424,0.34136220812797546,-0.03722890838980675,0.4780227541923523,0.36460447311401367,-0.03944765403866768,0.34698542952537537,0.39675089716911316,0.009300978854298592,0.3979157507419586,0.33682969212532043,-0.02937878482043743,0.39065948128700256,0.44708725810050964,-0.026054343208670616,0.3693051040172577,0.4494551420211792,-0.010311821475625038,0.2993370294570923,0.4052335023880005,-0.008748868480324745,0.35310691595077515,0.3678346872329712,-0.0557805560529232,0.3499250113964081,0.4650360941886902,-0.03689183294773102,0.321075975894928,0.4660903513431549,-0.010066275484859943,0.2480732798576355,0.4201831817626953,-0.029137669131159782,0.3027138113975525,0.3931347727775574,-0.056069690734148026,0.31142961978912354,0.45743528008461,-0.037190031260252,0.28256285190582275,0.4662582278251648,-0.014485216699540615,s
0.30754533410072327,0.6857684850692749,-1.8012903169051242e-08,0.38014405965805054,0.6214506030082703,-0.016637887805700302,0.4393996298313141,0.4973612427711487,-0.027906911447644234,0.4997396469116211,0.42536458373069763,-0.045735325664281845,0.5559980869293213,0.38407427072525024,-0.05899079516530037,0.3960956037044525,0.4023778736591339,0.02085479162633419,0.42479509115219116,0.3236682415008545,-0.01604457013309002,0.4586867690086365,0.3435420095920563,-0.030470559373497963,0.4799368381500244,0.368399053812027,-0.03251349925994873,0.34910494089126587,0.3998292088508606,0.011529790237545967,0.39893877506256104,0.3392472267150879,-0.025244396179914474,0.39315032958984375,0.44831326603889465,-0.022314513102173805,0.37176603078842163,0.4532294273376465,-0.0072249253280460835,0.3018493056297302,0.4082978367805481,-0.007081308402121067,0.3545793294906616,0.3683660924434662,-0.052162669599056244,0.35254034399986267,0.46483105421066284,-0.033835846930742264,0.3235208988189697,0.46819889545440674,-0.007841045036911964,0.2496681660413742,0.4233648180961609,-0.027743211016058922,0.30355849862098694,0.39369961619377136,-0.053305141627788544,0.31366127729415894,0.4574403464794159,-0.03441344201564789,0.285726398229599,0.4677891731262207,-0.012066040188074112,s
0.31074070930480957,0.6862475872039795,-1.6358141508021617e-08,0.38287219405174255,0.6215564012527466,-0.01645698770880699,0.4413064122200012,0.49977824091911316,-0.028667418286204338,0.5018708109855652,0.4281356632709503,-0.0473783053457737,0.558368444442749,0.386819452047348,-0.06133299320936203,0.3995223045349121,0.40438786149024963,0.018264997750520706,0.42701685428619385,0.3253346085548401,-0.018810823559761047,0.4607514441013336,0.3439217805862427,-0.03222205117344856,0.4817894399166107,0.36559760570526123,-0.033467281609773636,0.35228079557418823,0.40248987078666687,0.00872295256704092,0.4012675881385803,0.3423771262168884,-0.02712075226008892,0.3960376977920532,0.4510876536369324,-0.022241394966840744,0.3750399649143219,0.4522489309310913,-0.006157031282782555,0.3051665127277374,0.41095438599586487,-0.009963981807231903,0.3568629026412964,0.37135735154151917,-0.05442781001329422,0.35645613074302673,0.4680400490760803,-0.03422282263636589,0.3285508155822754,0.46987584233283997,-0.007279210723936558,0.2532363533973694,0.4261196255683899,-0.03070530667901039,0.3064614236354828,0.39623773097991943,-0.05573057010769844,0.31770920753479004,0.46036389470100403,-0.03556216508150101,0.29005342721939087,0.4711068570613861,-0.012356574647128582,s
0.3105614185333252,0.6891024112701416,-2.968587153873159e-08,0.3833858072757721,0.6260232329368591,-0.017549796029925346,0.4418424963951111,0.5051174759864807,-0.029698511585593224,0.5027981996536255,0.4325825572013855,-0.04799040034413338,0.5595293045043945,0.3893404006958008,-0.06124642863869667,0.4002296030521393,0.4083347022533417,0.018604474142193794,0.42713168263435364,0.3283963203430176,-0.018748851493000984,0.46115753054618835,0.3473894000053406,-0.0323248915374279,0.4825437664985657,0.36685365438461304,-0.03386998921632767,0.35327857732772827,0.40583065152168274,0.009618120267987251,0.4022016227245331,0.3451129198074341,-0.026637276634573936,0.3965184688568115,0.4545188546180725,-0.021769661456346512,0.3752952516078949,0.45418453216552734,-0.005710754077881575,0.30605050921440125,0.41357100009918213,-0.008838863112032413,0.35784801840782166,0.3749202489852905,-0.0542607456445694,0.3563297390937805,0.47192108631134033,-0.034659624099731445,0.3275046944618225,0.4712354838848114,-0.00802574772387743,0.2546752095222473,0.42776426672935486,-0.029470451176166534,0.3072322607040405,0.40084487199783325,-0.05558353289961815,0.317190557718277,0.4649668037891388,-0.03671839460730553,0.28823453187942505,0.47320157289505005,-0.014498494565486908,s
0.31098440289497375,0.6904027462005615,-2.914708829848678e-08,0.38345590233802795,0.6298810839653015,-0.01835731603205204,0.4437161386013031,0.5063261389732361,-0.030307311564683914,0.5057418346405029,0.43580541014671326,-0.048153262585401535,0.5627145767211914,0.3948853015899658,-0.06102311611175537,0.4023187458515167,0.41008344292640686,0.017636964097619057,0.43079251050949097,0.33157584071159363,-0.01920120231807232,0.4639277756214142,0.35138946771621704,-0.03269759938120842,0.4845397472381592,0.373641699552536,-0.034257106482982635,0.35490360856056213,0.4070066511631012,0.008899184875190258,0.4049680531024933,0.34700456261634827,-0.027094334363937378,0.39795127511024475,0.45595717430114746,-0.022453678771853447,0.3766285181045532,0.4570448100566864,-0.006520789582282305,0.30756762623786926,0.4149337410926819,-0.00930714700371027,0.36051145195961,0.3771084249019623,-0.05389947444200516,0.3578062951564789,0.473283588886261,-0.034769151359796524,0.3290168046951294,0.4727092683315277,-0.008752179332077503,0.25641071796417236,0.42937660217285156,-0.02978099323809147,0.3102158308029175,0.40207716822624207,-0.05532412230968475,0.31936269998550415,0.46576040983200073,-0.036437276750802994,0.29033759236335754,0.47389060258865356,-0.01440506987273693,s
0.3106251358985901,0.6944670677185059,-3.865720188400701e-08,0.38300377130508423,0.63463294506073,-0.0179720688611269,0.44285905361175537,0.5097602605819702,-0.029655329883098602,0.5057118535041809,0.438267320394516,-0.047414381057024,0.56343013048172,0.39754849672317505,-0.06020602211356163,0.4038896858692169,0.4132698178291321,0.018298493698239326,0.43239477276802063,0.33449068665504456,-0.018543556332588196,0.4655519723892212,0.35471242666244507,-0.032088492065668106,0.48564526438713074,0.375764399766922,-0.03377055376768112,0.35647568106651306,0.40973272919654846,0.009520282968878746,0.4068993628025055,0.35022974014282227,-0.026252420619130135,0.39903220534324646,0.45962977409362793,-0.021287938579916954,0.3771122097969055,0.45968666672706604,-0.005290826316922903,0.3088008463382721,0.41690799593925476,-0.00878826156258583,0.3623599410057068,0.37935253977775574,-0.053193964064121246,0.3590084910392761,0.47568029165267944,-0.03379398584365845,0.32995426654815674,0.4753682017326355,-0.007689611986279488,0.2574171721935272,0.43046241998672485,-0.02939528413116932,0.3120950758457184,0.4044840931892395,-0.05502686649560928,0.3208160102367401,0.4678827226161957,-0.036391839385032654,0.29162612557411194,0.47585010528564453,-0.014560445211827755,s
0.3099980652332306,0.6953380107879639,-1.1667229848910665e-08,0.3839733600616455,0.6329211592674255,-0.016735361889004707,0.4449371099472046,0.509462833404541,-0.027802739292383194,0.5071232318878174,0.439439058303833,-0.04519598186016083,0.5649701356887817,0.39961549639701843,-0.057899266481399536,0.4041878879070282,0.413906991481781,0.020412608981132507,0.4334620535373688,0.334369957447052,-0.01642700470983982,0.46788156032562256,0.35431477427482605,-0.03090294823050499,0.48923176527023315,0.37610647082328796,-0.0331956185400486,0.35667893290519714,0.4097849130630493,0.010969018563628197,0.4085662364959717,0.3489466607570648,-0.025234458968043327,0.4015044867992401,0.45924487709999084,-0.021573448553681374,0.3793174922466278,0.4618655741214752,-0.006071447394788265,0.3089485466480255,0.41726070642471313,-0.007832351140677929,0.36317166686058044,0.37889403104782104,-0.05247325822710991,0.36091288924217224,0.47596466541290283,-0.03388442099094391,0.3312666714191437,0.47653740644454956,-0.007864369079470634,0.2572322189807892,0.43123218417167664,-0.028745846822857857,0.31112945079803467,0.4038919508457184,-0.05399999022483826,0.32128626108169556,0.46744778752326965,-0.03493839502334595,0.29233625531196594,0.47558990120887756,-0.012602169066667557,s
0.31112828850746155,0.695198118686676,-8.3698967756618e-09,0.38380149006843567,0.6319830417633057,-0.016365839168429375,0.4437448978424072,0.5101730823516846,-0.02810470014810562,0.5061770677566528,0.4404183626174927,-0.04642891138792038,0.564111590385437,0.4002487063407898,-0.06017882376909256,0.4039747416973114,0.4149405062198639,0.02028948999941349,0.43386131525039673,0.3342955410480499,-0.01727294921875,0.46825623512268066,0.3528004586696625,-0.032267406582832336,0.4893289804458618,0.37474164366722107,-0.03469516709446907,0.35720667243003845,0.41111689805984497,0.010421916842460632,0.4083402454853058,0.3508707582950592,-0.025932835415005684,0.40075454115867615,0.46000930666923523,-0.022232796996831894,0.3789064884185791,0.4618394374847412,-0.006847959011793137,0.30958521366119385,0.4182131290435791,-0.008790296502411366,0.363014280796051,0.3792160749435425,-0.05390092730522156,0.3596876561641693,0.47600409388542175,-0.03482726588845253,0.33060216903686523,0.4765368700027466,-0.008433699607849121,0.25773367285728455,0.43238651752471924,-0.030045446008443832,0.31160855293273926,0.4021604359149933,-0.055732835084199905,0.32105347514152527,0.46643900871276855,-0.03595758602023125,0.2923040986061096,0.4761357009410858,-0.012963345274329185,s
0.31051236391067505,0.693750262260437,2.581271196788748e-09,0.38283470273017883,0.6298965811729431,-0.017314791679382324,0.4437955617904663,0.5086570382118225,-0.029615474864840508,0.505717933177948,0.4386848211288452,-0.048204559832811356,0.5636124610900879,0.39919984340667725,-0.062135450541973114,0.4030890166759491,0.41166847944259644,0.018718183040618896,0.43340015411376953,0.3342708945274353,-0.0189265925437212,0.4682632088661194,0.35348889231681824,-0.033713795244693756,0.48994606733322144,0.37385496497154236,-0.03616540506482124,0.35600316524505615,0.4075031578540802,0.00921113882213831,0.40837618708610535,0.3495181202888489,-0.027040401473641396,0.40027540922164917,0.4587024450302124,-0.023101286962628365,0.37798088788986206,0.4581080973148346,-0.007761609740555286,0.3082648515701294,0.41494619846343994,-0.00964200496673584,0.36283522844314575,0.3796362280845642,-0.054928287863731384,0.35915377736091614,0.47567930817604065,-0.0361209362745285,0.3299190402030945,0.473954975605011,-0.010006062686443329,0.2562917470932007,0.4298838675022125,-0.030576955527067184,0.31033873558044434,0.40241506695747375,-0.056233037263154984,0.31963104009628296,0.4658657908439636,-0.03663916885852814,0.2906918525695801,0.4740883409976959,-0.013856995850801468,s
0.30870649218559265,0.6927298903465271,-5.074041187214107e-09,0.3804794251918793,0.629446804523468,-0.0177813358604908,0.44262033700942993,0.5053449273109436,-0.029028920456767082,0.5044131278991699,0.43550896644592285,-0.04628822207450867,0.561931312084198,0.3968140482902527,-0.05872998386621475,0.40131330490112305,0.40853214263916016,0.019247932359576225,0.4316862225532532,0.3325323462486267,-0.01831294782459736,0.4658076763153076,0.35197922587394714,-0.03298508748412132,0.48923227190971375,0.3717987537384033,-0.0352109931409359,0.354173481464386,0.4048460125923157,0.010152877308428288,0.40707701444625854,0.3497411608695984,-0.02514210343360901,0.395978182554245,0.4578850269317627,-0.0209221038967371,0.37379705905914307,0.4548150300979614,-0.005477734841406345,0.30670279264450073,0.4126083552837372,-0.008514662273228168,0.3609168827533722,0.38017451763153076,-0.052682064473629,0.35557907819747925,0.47493427991867065,-0.03434809669852257,0.3271072506904602,0.47104084491729736,-0.008804402314126492,0.25547531247138977,0.42774656414985657,-0.02941861003637314,0.30930426716804504,0.4021340310573578,-0.053575966507196426,0.3176264464855194,0.4648358225822449,-0.03387931361794472,0.2885087728500366,0.4727398455142975,-0.011241155676543713,s
0.30666178464889526,0.6915199160575867,-1.4039866158555014e-08,0.3804872930049896,0.6260262131690979,-0.018045645207166672,0.4412499964237213,0.5030676126480103,-0.029485374689102173,0.5035005807876587,0.4324689507484436,-0.04682197794318199,0.5615106821060181,0.39366254210472107,-0.0589928925037384,0.4017549455165863,0.4092862606048584,0.018604900687932968,0.43087732791900635,0.33081233501434326,-0.018745720386505127,0.46407315135002136,0.3500294089317322,-0.0323629193007946,0.48555660247802734,0.36606651544570923,-0.033971529453992844,0.3541463315486908,0.4061274528503418,0.009555711410939693,0.40563303232192993,0.34803497791290283,-0.024746468290686607,0.395774245262146,0.4570300579071045,-0.019115567207336426,0.37350308895111084,0.44975921511650085,-0.0031457613222301006,0.3062700927257538,0.4139561653137207,-0.009234683588147163,0.3581288158893585,0.3770071268081665,-0.052971385419368744,0.35474449396133423,0.47242212295532227,-0.03381969407200813,0.32609882950782776,0.4666139483451843,-0.00808699894696474,0.25437912344932556,0.42849665880203247,-0.030314354225993156,0.3058963418006897,0.4010506272315979,-0.054477665573358536,0.3154258728027344,0.4626927673816681,-0.03485969826579094,0.2856748104095459,0.4699878394603729,-0.012508516199886799,s
0.30478808283805847,0.6889320611953735,-2.291328549119953e-08,0.3801652491092682,0.6232683658599854,-0.016421247273683548,0.4405629634857178,0.49688154458999634,-0.02696210704743862,0.5013970732688904,0.4277089238166809,-0.04339558631181717,0.5591816306114197,0.39215683937072754,-0.05492905154824257,0.39769256114959717,0.4073283076286316,0.017090149223804474,0.42793336510658264,0.32788902521133423,-0.02015058510005474,0.46248123049736023,0.34771227836608887,-0.03363792225718498,0.48454225063323975,0.36342543363571167,-0.035397008061409,0.3497062027454376,0.40363675355911255,0.007261847145855427,0.40432408452033997,0.346007764339447,-0.02689376100897789,0.39450329542160034,0.4557096064090729,-0.020784052088856697,0.37062594294548035,0.44835108518600464,-0.0047174859791994095,0.30201882123947144,0.4111739993095398,-0.011976350098848343,0.35675671696662903,0.3756577670574188,-0.054810959845781326,0.3539210259914398,0.4711749851703644,-0.035348933190107346,0.32406607270240784,0.4643942713737488,-0.00989378523081541,0.25124624371528625,0.42582783102989197,-0.03341207653284073,0.30357685685157776,0.39960160851478577,-0.05698305740952492,0.3144330680370331,0.4616587162017822,-0.03736153617501259,0.284343421459198,0.46852096915245056,-0.015387768857181072,s
0.3065395653247833,0.6853825449943542,-1.9327471179053646e-08,0.3791678547859192,0.6200288534164429,-0.01731184311211109,0.43823063373565674,0.4993897080421448,-0.029312431812286377,0.4991133213043213,0.42936888337135315,-0.047661587595939636,0.555895984172821,0.38781535625457764,-0.06095083802938461,0.3971620202064514,0.403914213180542,0.018945101648569107,0.42738667130470276,0.3254910707473755,-0.019450200721621513,0.46030715107917786,0.3478180170059204,-0.03367721289396286,0.48074212670326233,0.365670382976532,-0.035446614027023315,0.3491024672985077,0.40139663219451904,0.009414564818143845,0.4020794630050659,0.3434605896472931,-0.026586122810840607,0.3933931589126587,0.4534103572368622,-0.021645866334438324,0.37131446599960327,0.44823193550109863,-0.005638502538204193,0.30165234208106995,0.4098292887210846,-0.009746024385094643,0.35494428873062134,0.37404799461364746,-0.05476364493370056,0.3512799143791199,0.47038495540618896,-0.03540831431746483,0.32228219509124756,0.4653722941875458,-0.009054942056536674,0.2510714530944824,0.4243417978286743,-0.03108299896121025,0.3038148581981659,0.39742526412010193,-0.055892109870910645,0.3128069341182709,0.46074026823043823,-0.03586948290467262,0.2832559645175934,0.4685642421245575,-0.01291736215353012,s
0.3076818585395813,0.684807300567627,-1.9189265287877788e-08,0.37930113077163696,0.6211075186729431,-0.01827581785619259,0.43738383054733276,0.5013347864151001,-0.031055279076099396,0.498193621635437,0.43052685260772705,-0.050229474902153015,0.5549288392066956,0.3875180780887604,-0.06423760205507278,0.3969140350818634,0.40384405851364136,0.019839126616716385,0.4269852936267853,0.32519665360450745,-0.019261695444583893,0.460115522146225,0.3490687608718872,-0.03423021733760834,0.4808039665222168,0.3710433840751648,-0.03625631332397461,0.34941789507865906,0.40110093355178833,0.010939166881144047,0.4007072150707245,0.3431702256202698,-0.026419492438435555,0.3932756185531616,0.4530445337295532,-0.022463953122496605,0.3726682960987091,0.45153504610061646,-0.006672141142189503,0.3021473288536072,0.40919047594070435,-0.0077658044174313545,0.355153352022171,0.37419265508651733,-0.05346781760454178,0.3509417772293091,0.47012510895729065,-0.03448183089494705,0.3223561644554138,0.46761777997016907,-0.008051987737417221,0.2517891526222229,0.42353636026382446,-0.028772149235010147,0.3049968183040619,0.39809128642082214,-0.05424986407160759,0.3125903904438019,0.46173402667045593,-0.03487950563430786,0.283257395029068,0.4695877432823181,-0.012134022079408169,s
0.3057367205619812,0.6863421201705933,-1.3964811529376675e-08,0.3774994909763336,0.6232604384422302,-0.019027745351195335,0.4371252655982971,0.5001704692840576,-0.030886637046933174,0.4986931383609772,0.4288884401321411,-0.04863269254565239,0.5563481450080872,0.3866924047470093,-0.061214689165353775,0.39585912227630615,0.4019666016101837,0.020165540277957916,0.42588329315185547,0.325916051864624,-0.01781536266207695,0.45898836851119995,0.34719425439834595,-0.03201688826084137,0.4808880090713501,0.36898115277290344,-0.03354186937212944,0.3480273485183716,0.3986627459526062,0.011927256360650063,0.40069955587387085,0.3411144018173218,-0.024288615211844444,0.3919612467288971,0.4514637291431427,-0.02002975344657898,0.370803564786911,0.4504503905773163,-0.0038320168387144804,0.30063605308532715,0.40701496601104736,-0.006183986086398363,0.3547345995903015,0.37328284978866577,-0.05112988501787186,0.35080379247665405,0.4695173501968384,-0.03280121833086014,0.32189446687698364,0.4668872356414795,-0.006706299725919962,0.25016477704048157,0.42241019010543823,-0.026631508022546768,0.30356138944625854,0.39672112464904785,-0.05138058215379715,0.312345951795578,0.4599112570285797,-0.03218065947294235,0.2830115258693695,0.4676656126976013,-0.009548845700919628,s
0.3086259663105011,0.6855643391609192,-1.1398944899099206e-08,0.3787350654602051,0.6224996447563171,-0.018977878615260124,0.43734318017959595,0.5020204186439514,-0.032252032309770584,0.4984505772590637,0.43045496940612793,-0.05171969532966614,0.5559234619140625,0.38842326402664185,-0.0660075917840004,0.3967718482017517,0.4028301239013672,0.01846960186958313,0.4258432686328888,0.325009286403656,-0.02071802131831646,0.458744078874588,0.3472306728363037,-0.03569400683045387,0.4795683026313782,0.3698076605796814,-0.037700001150369644,0.3494987189769745,0.3995927572250366,0.010020924732089043,0.4006466567516327,0.34304386377334595,-0.02808869443833828,0.39341476559638977,0.4533359110355377,-0.024197109043598175,0.3727551996707916,0.4535137712955475,-0.008225844241678715,0.302021861076355,0.4075242280960083,-0.008168448694050312,0.35520267486572266,0.3741501569747925,-0.05438697338104248,0.35145846009254456,0.4699670076370239,-0.03551831841468811,0.32364150881767273,0.46882230043411255,-0.00893229991197586,0.2511212229728699,0.4223231077194214,-0.028663162142038345,0.3043864369392395,0.39760637283325195,-0.05438143014907837,0.31261202692985535,0.46076059341430664,-0.03525018319487572,0.2844480872154236,0.4687924385070801,-0.012531869113445282,s
0.3065864145755768,0.6889788508415222,-4.730870983848945e-08,0.37948787212371826,0.6286343336105347,-0.01705012656748295,0.4392509460449219,0.5037022233009338,-0.028187567368149757,0.5002618432044983,0.4306069314479828,-0.045651257038116455,0.5579455494880676,0.3908916711807251,-0.05838305130600929,0.39911210536956787,0.40668389201164246,0.01970195770263672,0.42844104766845703,0.32813116908073425,-0.017371537163853645,0.46090295910835266,0.3494111895561218,-0.031013092026114464,0.480777770280838,0.3740032911300659,-0.032376453280448914,0.3514779806137085,0.40332263708114624,0.01052787434309721,0.40165138244628906,0.3427456021308899,-0.02611439861357212,0.3946247696876526,0.45436227321624756,-0.021776068955659866,0.3733940124511719,0.45834752917289734,-0.005471667740494013,0.30373436212539673,0.41120195388793945,-0.008059303276240826,0.3564888536930084,0.3735503852367401,-0.053235337138175964,0.35318395495414734,0.4718884229660034,-0.034249208867549896,0.32431748509407043,0.47388550639152527,-0.0077397567220032215,0.2517804205417633,0.42548537254333496,-0.028733670711517334,0.30486950278282166,0.39756423234939575,-0.054086461663246155,0.31400299072265625,0.46243613958358765,-0.034895580261945724,0.286162793636322,0.4721577763557434,-0.01240265741944313,s
0.3080347180366516,0.6897280216217041,-3.948568405576225e-08,0.3804336488246918,0.6275254487991333,-0.016800813376903534,0.4386862516403198,0.5068491101264954,-0.029187602922320366,0.49990314245224,0.4353671669960022,-0.048107802867889404,0.5566682815551758,0.3932522237300873,-0.06231483817100525,0.39841166138648987,0.41110652685165405,0.018540212884545326,0.42775142192840576,0.33051347732543945,-0.019038280472159386,0.46079888939857483,0.35188668966293335,-0.032733671367168427,0.479889452457428,0.3739161789417267,-0.034178122878074646,0.3517991304397583,0.4082435369491577,0.008856202475726604,0.40171948075294495,0.34651750326156616,-0.027825886383652687,0.3957310616970062,0.4575122594833374,-0.02293234132230282,0.37448567152023315,0.45959264039993286,-0.00663660978898406,0.30455300211906433,0.41582655906677246,-0.010108615271747112,0.3562632203102112,0.3748926520347595,-0.05615469068288803,0.35376062989234924,0.4738416373729706,-0.03571177273988724,0.3252822458744049,0.475940078496933,-0.00817097071558237,0.25257638096809387,0.42972928285598755,-0.031031057238578796,0.30483126640319824,0.3978256285190582,-0.057447005063295364,0.3143296539783478,0.4639571011066437,-0.037082090973854065,0.28634247183799744,0.4753907024860382,-0.01355375349521637,s
0.3077726662158966,0.6906708478927612,-4.373975670546315e-08,0.3801009953022003,0.6280537247657776,-0.017760019749403,0.43888187408447266,0.5066062211990356,-0.02980722114443779,0.5002543926239014,0.4352104663848877,-0.047985125333070755,0.557307243347168,0.39405280351638794,-0.06113318353891373,0.39927393198013306,0.4114847779273987,0.017077215015888214,0.428984671831131,0.3321607708930969,-0.020222602412104607,0.46086251735687256,0.35511794686317444,-0.033249177038669586,0.4793037176132202,0.374866783618927,-0.03436197340488434,0.35172390937805176,0.40916574001312256,0.007933405227959156,0.40203657746315,0.3482278883457184,-0.02798084169626236,0.39536452293395996,0.458895742893219,-0.022620346397161484,0.37444981932640076,0.45799654722213745,-0.006342293694615364,0.30401748418807983,0.41738030314445496,-0.010573947802186012,0.3562203049659729,0.37660056352615356,-0.05586830899119377,0.35401594638824463,0.4750075042247772,-0.03565100580453873,0.3255091905593872,0.4750285744667053,-0.00861082412302494,0.2519957423210144,0.4316388964653015,-0.031175926327705383,0.30419912934303284,0.4002555012702942,-0.057051584124565125,0.3142639994621277,0.4645901024341583,-0.03712354972958565,0.28602105379104614,0.4748317301273346,-0.014110335148870945,s
0.306499719619751,0.6928805112838745,-3.68803014794139e-08,0.3779119849205017,0.6332449913024902,-0.018033212050795555,0.4377448856830597,0.510297417640686,-0.03031725250184536,0.4994463324546814,0.43851810693740845,-0.048751406371593475,0.5561871528625488,0.3964545726776123,-0.06246718764305115,0.39707279205322266,0.41325831413269043,0.01771157793700695,0.42702022194862366,0.3346518278121948,-0.020214039832353592,0.45997148752212524,0.35639506578445435,-0.0346805602312088,0.48005759716033936,0.37863442301750183,-0.03680892288684845,0.3505373001098633,0.4106980860233307,0.008635902777314186,0.4013696312904358,0.3503883481025696,-0.028384679928421974,0.39453208446502686,0.4606265723705292,-0.02418149821460247,0.373543918132782,0.46273988485336304,-0.008488934487104416,0.30335748195648193,0.4190737307071686,-0.009860114194452763,0.356850802898407,0.38040316104888916,-0.055762626230716705,0.3533981740474701,0.47799843549728394,-0.036284614354372025,0.3243671953678131,0.4791724681854248,-0.009636925533413887,0.2517800033092499,0.43390658497810364,-0.030491776764392853,0.30517590045928955,0.4051498472690582,-0.056994594633579254,0.31408393383026123,0.46981194615364075,-0.037775471806526184,0.28533071279525757,0.47910940647125244,-0.01526671927422285,s
0.30561894178390503,0.6935107111930847,-3.7351043147282326e-08,0.3760715126991272,0.6359302997589111,-0.01997055858373642,0.4369194507598877,0.5124866366386414,-0.03302251547574997,0.4995335638523102,0.4406064748764038,-0.05182548984885216,0.5567272901535034,0.3985964357852936,-0.06533028185367584,0.39887499809265137,0.4148908853530884,0.015216615982353687,0.4287593960762024,0.3328615128993988,-0.0238649845123291,0.4613460302352905,0.35741931200027466,-0.03764358162879944,0.48026084899902344,0.3835916817188263,-0.038324855268001556,0.3513522446155548,0.4111267626285553,0.0076898690313100815,0.4009130597114563,0.3525684177875519,-0.02920139767229557,0.39317411184310913,0.4633725583553314,-0.023898135870695114,0.37245768308639526,0.46325188875198364,-0.007214582059532404,0.30371055006980896,0.4191425144672394,-0.009521516039967537,0.355364054441452,0.38380685448646545,-0.05432698503136635,0.35133612155914307,0.48100075125694275,-0.03422807902097702,0.3232465386390686,0.480631947517395,-0.007330375257879496,0.2520425617694855,0.4332798719406128,-0.029130015522241592,0.3036799132823944,0.4082838296890259,-0.05421935021877289,0.3120039403438568,0.47209686040878296,-0.0347648561000824,0.2835787236690521,0.48013657331466675,-0.012041679583489895,s
0.30451035499572754,0.6954668760299683,-1.4529000225138589e-08,0.37570980191230774,0.6360122561454773,-0.019701914861798286,0.43652671575546265,0.5134699940681458,-0.032192133367061615,0.498512864112854,0.4428403079509735,-0.05008412525057793,0.5558164715766907,0.40227049589157104,-0.06320194154977798,0.39756643772125244,0.4158603250980377,0.01668207161128521,0.426862508058548,0.3389970660209656,-0.019315341487526894,0.4591102600097656,0.3564617931842804,-0.03245197609066963,0.47750124335289,0.3797200620174408,-0.0338081456720829,0.3500362038612366,0.41303354501724243,0.008957942947745323,0.39926233887672424,0.3515915870666504,-0.027460044249892235,0.39314496517181396,0.46038228273391724,-0.023193584755063057,0.3730575442314148,0.46488794684410095,-0.0069968122988939285,0.30246075987815857,0.42167356610298157,-0.008099988102912903,0.3539968729019165,0.3858170509338379,-0.053613945841789246,0.3503014147281647,0.4820724427700043,-0.03532160818576813,0.3217748701572418,0.4823608696460724,-0.009412964805960655,0.25085362792015076,0.4366565942764282,-0.02729894407093525,0.30266886949539185,0.4121745228767395,-0.05405839532613754,0.31010735034942627,0.47703027725219727,-0.03607763350009918,0.2811974883079529,0.4846097528934479,-0.01448027603328228,s
