0.6329998970031738,0.9691294431686401,3.6316269103053855e-08,0.6952252388000488,0.955359935760498,-0.010061758570373058,0.7568906545639038,0.9501786828041077,-0.02893100306391716,0.8073948621749878,0.9646539092063904,-0.048280131071805954,0.8494682908058167,0.9726465344429016,-0.06828679889440536,0.7430620193481445,0.8630581498146057,-0.04984608665108681,0.7946651577949524,0.9402037858963013,-0.08015467971563339,0.8020340800285339,0.9874177575111389,-0.09956873953342438,0.7951338887214661,1.006777286529541,-0.1121443584561348,0.7017731070518494,0.8786137700080872,-0.06163289025425911,0.7476941347122192,0.9774210453033447,-0.08410792052745819,0.7422351241111755,1.0185457468032837,-0.08766797930002213,0.7284180521965027,1.0256404876708984,-0.09377608448266983,0.6609017252922058,0.9117354154586792,-0.07350610941648483,0.7057899236679077,0.9937843084335327,-0.09319083392620087,0.700492799282074,1.0263891220092773,-0.08115865290164948,0.6881012320518494,1.0295660495758057,-0.0749659463763237,0.6259264945983887,0.95014488697052,-0.08644355088472366,0.6604723334312439,1.007910132408142,-0.09857839345932007,0.6617035865783691,1.0324429273605347,-0.08581507951021194,0.653113067150116,1.0343868732452393,-0.07719836384057999,s
0.6613126993179321,0.944049060344696,2.470522133535269e-07,0.7124655246734619,0.9348050355911255,-0.023972654715180397,0.7647489905357361,0.9290298223495483,-0.04707159101963043,0.8050865530967712,0.9392932653427124,-0.06688091158866882,0.837322473526001,0.9318751096725464,-0.08790846914052963,0.7389602661132812,0.8392125368118286,-0.0712672770023346,0.7856279611587524,0.9027369618415833,-0.09962330013513565,0.786288321018219,0.9266814589500427,-0.11752451956272125,0.7763630747795105,0.928676187992096,-0.1302279382944107,0.7002722024917603,0.8618561625480652,-0.07572738081216812,0.7308840751647949,0.914528489112854,-0.0993487611413002,0.7162104249000549,0.9100064635276794,-0.10894498974084854,0.696287989616394,0.8914756178855896,-0.1208023801445961,0.6638523936271667,0.8991783857345581,-0.07931211590766907,0.691047191619873,0.9272734522819519,-0.09914751350879669,0.6762799620628357,0.9182453155517578,-0.0929788127541542,0.6590495109558105,0.9028863906860352,-0.09169663488864899,0.6336765289306641,0.9369007349014282,-0.08456908911466599,0.6543810367584229,0.9552546143531799,-0.09933065623044968,0.6455647349357605,0.9435507655143738,-0.09230907261371613,0.6284726858139038,0.9267531037330627,-0.08796373754739761,s
0.6916645169258118,1.0336759090423584,-1.4718001928315516e-08,0.7230912446975708,0.99399733543396,-0.008970635011792183,0.7590667009353638,0.9381405711174011,-0.019129009917378426,0.7878580093383789,0.9006370902061462,-0.0278987567871809,0.8122321963310242,0.8718158602714539,-0.03954145684838295,0.7502490878105164,0.9339579343795776,-0.03778105974197388,0.7652702331542969,0.8845350742340088,-0.056967463344335556,0.7597039341926575,0.8521670699119568,-0.0693734735250473,0.7539135217666626,0.839906632900238,-0.07678425312042236,0.7219417691230774,0.9436782598495483,-0.042647138237953186,0.7184681296348572,0.8749597668647766,-0.05453848838806152,0.7061064839363098,0.8427728414535522,-0.05951917544007301,0.6972323656082153,0.8348551988601685,-0.06550164520740509,0.6889764070510864,0.9580709934234619,-0.047194913029670715,0.6787264943122864,0.891694962978363,-0.05883894860744476,0.6655346751213074,0.8615975379943848,-0.057058777660131454,0.6601219773292542,0.8533317446708679,-0.05735865980386734,0.6561927199363708,0.974395751953125,-0.05160871520638466,0.6423177719116211,0.9179968237876892,-0.06214980036020279,0.6318456530570984,0.8931230306625366,-0.05892736464738846,0.6258208751678467,0.8852622509002686,-0.05636979639530182,s
0.6465052962303162,0.949418306350708,4.8470944591372245e-08,0.7011142373085022,0.9159936308860779,-0.012675384990870953,0.7575885057449341,0.8452455997467041,-0.018692806363105774,0.796929121017456,0.79823899269104,-0.026409398764371872,0.8296880722045898,0.758905291557312,-0.03475596755743027,0.7322034239768982,0.7515100836753845,-0.013612604700028896,0.7486225962638855,0.7061516642570496,-0.03860289603471756,0.7695796489715576,0.7377737164497375,-0.057260628789663315,0.7838700413703918,0.7791570425033569,-0.06727756559848785,0.6944658160209656,0.7521078586578369,-0.01979277841746807,0.7061447501182556,0.7237807512283325,-0.04523884132504463,0.7144473791122437,0.7857834696769714,-0.05594375729560852,0.7132549285888672,0.834965705871582,-0.06005427613854408,0.6520721316337585,0.7712071537971497,-0.028785182163119316,0.6665747165679932,0.747345507144928,-0.056346695870161057,0.6786249876022339,0.8072580099105835,-0.056169480085372925,0.6793389916419983,0.8537420034408569,-0.05077953636646271,0.6086010336875916,0.8001906275749207,-0.038590770214796066,0.623704731464386,0.7747578024864197,-0.05876544490456581,0.6387384533882141,0.8155080676078796,-0.055333834141492844,0.6422839760780334,0.8517943620681763,-0.0485524944961071,s
0.6587667465209961,0.9090431928634644,1.3673277976522513e-07,0.7092695236206055,0.8736140131950378,-0.016129354014992714,0.7605975270271301,0.7960790991783142,-0.026941901072859764,0.8018916249275208,0.748951256275177,-0.03961201012134552,0.8375259637832642,0.7127655148506165,-0.05160864070057869,0.7131236791610718,0.6932387351989746,-0.008725586347281933,0.732831597328186,0.6508141756057739,-0.040135279297828674,0.7611684799194336,0.6740625500679016,-0.06249558553099632,0.7835996150970459,0.7050124406814575,-0.07330487668514252,0.6726511716842651,0.6887236833572388,-0.013039213605225086,0.7072859406471252,0.6854410767555237,-0.04401427134871483,0.7131533026695251,0.7542973756790161,-0.05204256251454353,0.7062667012214661,0.7878401875495911,-0.0510229729115963,0.6335030198097229,0.7055433392524719,-0.02187809720635414,0.6692617535591125,0.7099940180778503,-0.05215222388505936,0.6769734621047974,0.7733479142189026,-0.043942686170339584,0.6721730828285217,0.8017376661300659,-0.03090617246925831,0.5978688597679138,0.7352522611618042,-0.032602209597826004,0.6275659799575806,0.7360037565231323,-0.052365873008966446,0.6406126618385315,0.7814381718635559,-0.04307718947529793,0.6387677788734436,0.8027946949005127,-0.030231060460209846,s
0.6567638516426086,0.875806987285614,7.46122523764825e-08,0.7129960060119629,0.8344035148620605,-0.016720090061426163,0.7635872960090637,0.7491787075996399,-0.02730623073875904,0.806288480758667,0.6952035427093506,-0.040539029985666275,0.8440946936607361,0.6555159687995911,-0.053369857370853424,0.71943598985672,0.6661727428436279,-0.002169764367863536,0.7325553894042969,0.6076334714889526,-0.031398024410009384,0.7545070648193359,0.6171876788139343,-0.052508916705846786,0.7721002697944641,0.6474105715751648,-0.061293698847293854,0.6792294979095459,0.668025016784668,-0.004696700256317854,0.7021533250808716,0.6370595097541809,-0.03393293917179108,0.7107242941856384,0.7013559341430664,-0.04283030703663826,0.7073650360107422,0.7441164255142212,-0.041237469762563705,0.6377074122428894,0.6835706233978271,-0.012193101458251476,0.6644179821014404,0.6597544550895691,-0.04039163142442703,0.6755704283714294,0.7191172242164612,-0.033785462379455566,0.672711968421936,0.756445586681366,-0.02105705440044403,0.5952235460281372,0.7090947031974792,-0.021534331142902374,0.6192768216133118,0.6812851428985596,-0.038893938064575195,0.6363872289657593,0.7229247689247131,-0.02921617031097412,0.6371526122093201,0.7509440183639526,-0.015814080834388733,s
0.6601236462593079,0.8326165676116943,1.0275894624101056e-07,0.7146586179733276,0.7893767356872559,-0.015022296458482742,0.7648847103118896,0.7030848860740662,-0.02511421963572502,0.8098154664039612,0.6539826393127441,-0.03804870694875717,0.8508834838867188,0.6228269934654236,-0.050772882997989655,0.7201358079910278,0.6235517263412476,-0.00311057036742568,0.73521488904953,0.5630785822868347,-0.03231591731309891,0.7624218463897705,0.5746476650238037,-0.05274498462677002,0.7831597328186035,0.6022908091545105,-0.06162143126130104,0.6804946064949036,0.6254315376281738,-0.007259247358888388,0.7069869637489319,0.5923731327056885,-0.03736952319741249,0.7145223021507263,0.6617152690887451,-0.04495563358068466,0.707628607749939,0.7003554105758667,-0.04244755581021309,0.6395700573921204,0.641183078289032,-0.016114655882120132,0.6694532632827759,0.6173509955406189,-0.04694785177707672,0.6800588965415955,0.6806638836860657,-0.03953053802251816,0.6740709543228149,0.714488685131073,-0.02569531463086605,0.5978769659996033,0.6661502718925476,-0.026423433795571327,0.6239092350006104,0.6365275979042053,-0.04622127115726471,0.6412681937217712,0.6818389296531677,-0.03559952601790428,0.6397053003311157,0.7095695734024048,-0.021240344271063805,s
0.6629279255867004,0.7956830263137817,8.192400002826616e-08,0.7172443866729736,0.7536673545837402,-0.01715395599603653,0.7653173208236694,0.6657336950302124,-0.02827848680317402,0.8097764849662781,0.6105716824531555,-0.042090848088264465,0.8525678515434265,0.5747033357620239,-0.05488206446170807,0.7254828214645386,0.58144211769104,-0.0017318871105089784,0.7411925196647644,0.524395227432251,-0.03202536329627037,0.7667515277862549,0.5407651662826538,-0.05061997473239899,0.783937394618988,0.5669519305229187,-0.05795678868889809,0.683767557144165,0.5835372805595398,-0.00568930059671402,0.7076151371002197,0.5437102317810059,-0.03396645933389664,0.7157222628593445,0.6172733902931213,-0.03819017857313156,0.7085374593734741,0.6455738544464111,-0.033580075949430466,0.6411226987838745,0.6008037328720093,-0.015173387713730335,0.6702890992164612,0.5752747654914856,-0.04680473729968071,0.6805427074432373,0.6423003077507019,-0.03623228892683983,0.6726285815238953,0.6666620373725891,-0.02031460404396057,0.5974382162094116,0.6276331543922424,-0.026201937347650528,0.6235042810440063,0.60005122423172,-0.04513944685459137,0.6408586502075195,0.6461973786354065,-0.03167613223195076,0.6366599202156067,0.6672665476799011,-0.015698954463005066,s
0.6640701293945312,0.7639452815055847,7.8236993772407e-08,0.7172664403915405,0.7194628119468689,-0.01591905765235424,0.7664733529090881,0.6276400089263916,-0.02677251771092415,0.8122162222862244,0.5716592669487,-0.04121570289134979,0.8528080582618713,0.5372312068939209,-0.05397958308458328,0.7248205542564392,0.5445652008056641,0.001902620424516499,0.7396031022071838,0.4821873605251312,-0.028828762471675873,0.767725944519043,0.5041294097900391,-0.04703177884221077,0.786845326423645,0.5348129272460938,-0.05355832725763321,0.6836406588554382,0.5473202466964722,-0.0029787463136017323,0.7098950147628784,0.5090221762657166,-0.030357221141457558,0.7169332504272461,0.5847067832946777,-0.03319714218378067,0.7073183655738831,0.6072586178779602,-0.027614420279860497,0.6415057182312012,0.5646541118621826,-0.01388398464769125,0.6718652844429016,0.5403837561607361,-0.043885014951229095,0.6820059418678284,0.6058733463287354,-0.03209130838513374,0.6728333830833435,0.6251078844070435,-0.015829479321837425,0.598301887512207,0.5911831855773926,-0.026589564979076385,0.6245201826095581,0.5653702616691589,-0.043398406356573105,0.6421370506286621,0.6089984178543091,-0.02888532541692257,0.6374466419219971,0.6268429756164551,-0.012493320740759373,s
0.662651538848877,0.7396081686019897,7.75095259086811e-08,0.7141140103340149,0.6912698149681091,-0.017994146794080734,0.762516438961029,0.5969377160072327,-0.031489573419094086,0.8114723563194275,0.5392979383468628,-0.04848462715744972,0.8537180423736572,0.5008835196495056,-0.06321056187152863,0.7216516733169556,0.5127836465835571,-0.0006574552971869707,0.7357815504074097,0.44877558946609497,-0.03220026195049286,0.7670612335205078,0.47195112705230713,-0.04979811608791351,0.7886637449264526,0.4992155432701111,-0.05644256994128227,0.680533230304718,0.5160485506057739,-0.005806198809295893,0.708733856678009,0.4766320586204529,-0.03339383378624916,0.7157108783721924,0.5566098093986511,-0.03403809666633606,0.7038675546646118,0.5731320381164551,-0.02764216437935829,0.6384679079055786,0.5337321758270264,-0.0173496063798666,0.668506383895874,0.5040109753608704,-0.04773591458797455,0.6801498532295227,0.572770893573761,-0.03254402056336403,0.6694737672805786,0.5898306369781494,-0.014812185429036617,0.5948713421821594,0.5605889558792114,-0.031120050698518753,0.6207616925239563,0.532079815864563,-0.04868099093437195,0.6392887830734253,0.5783079862594604,-0.032507795840501785,0.6330512762069702,0.5967188477516174,-0.015339517965912819,s
0.6550722122192383,0.7182960510253906,9.617679097573273e-08,0.7089000940322876,0.6691518425941467,-0.019724030047655106,0.7563309073448181,0.5695772767066956,-0.03359976410865784,0.8064513206481934,0.5072880387306213,-0.05101247504353523,0.8542288541793823,0.47280770540237427,-0.06609082967042923,0.7175055742263794,0.48503851890563965,0.0012180873891338706,0.7324713468551636,0.4210492968559265,-0.030751250684261322,0.7623794674873352,0.44027215242385864,-0.04760351404547691,0.7834023833274841,0.46523594856262207,-0.053285498172044754,0.675044059753418,0.48854291439056396,-0.0034745680168271065,0.7022041082382202,0.4402906894683838,-0.03186160326004028,0.7093607187271118,0.5206255912780762,-0.031870368868112564,0.6983040571212769,0.5388796925544739,-0.023669732734560966,0.6318223476409912,0.5058314204216003,-0.015024034306406975,0.6610206365585327,0.47220513224601746,-0.046505093574523926,0.6731864213943481,0.5410028696060181,-0.031153477728366852,0.6632267236709595,0.5589171648025513,-0.01209377869963646,0.5869237780570984,0.5319777727127075,-0.02896708995103836,0.613152801990509,0.5005525946617126,-0.04652078449726105,0.632859468460083,0.5471361875534058,-0.03002021834254265,0.6274210214614868,0.5658237934112549,-0.012075132690370083,s
0.649829626083374,0.6959324479103088,1.248938730213922e-07,0.7031328678131104,0.6475958228111267,-0.018477220088243484,0.7528354525566101,0.5424565672874451,-0.031042343005537987,0.8029484748840332,0.4797079861164093,-0.04750619828701019,0.8528508543968201,0.44352543354034424,-0.06198050081729889,0.7089990377426147,0.4571027457714081,0.003987748641520739,0.7263660430908203,0.3881097435951233,-0.029823405668139458,0.7583003640174866,0.40526506304740906,-0.049621183425188065,0.7815868854522705,0.43398723006248474,-0.05714892968535423,0.6668428182601929,0.4597425162792206,-0.0019590486772358418,0.7008942365646362,0.41153180599212646,-0.03480105847120285,0.7060582637786865,0.49309831857681274,-0.03887173533439636,0.6926217079162598,0.5178150534629822,-0.0321635939180851,0.622861385345459,0.4772919714450836,-0.014828822575509548,0.6599316596984863,0.4504508078098297,-0.05037088319659233,0.6688033938407898,0.522123396396637,-0.03805322200059891,0.6560378670692444,0.5412392020225525,-0.019538458436727524,0.5770060420036316,0.5032896399497986,-0.029884058982133865,0.6104193925857544,0.4779745936393738,-0.049483008682727814,0.6287106275558472,0.5259608030319214,-0.03431563079357147,0.6206198334693909,0.5423445701599121,-0.016698498278856277,s
0.6395667195320129,0.683185875415802,6.916758366060094e-08,0.6952409744262695,0.6317227482795715,-0.02074231393635273,0.7463719248771667,0.5252563953399658,-0.03505124896764755,0.7995638847351074,0.46021032333374023,-0.053035374730825424,0.8487099409103394,0.41814565658569336,-0.06825780868530273,0.7033087015151978,0.43789511919021606,0.0037271142937242985,0.7224146127700806,0.370439350605011,-0.03193802386522293,0.7541949152946472,0.39171746373176575,-0.05157536268234253,0.7768650054931641,0.4206819236278534,-0.058460745960474014,0.6595076322555542,0.43975865840911865,-0.001303018187172711,0.6923554539680481,0.3940150737762451,-0.03456474468111992,0.6972935199737549,0.4776705205440521,-0.037671495229005814,0.6834461688995361,0.49481475353240967,-0.030313661321997643,0.6144184470176697,0.4558480679988861,-0.013841308653354645,0.652459979057312,0.4287644028663635,-0.050437428057193756,0.6608008742332458,0.5016278624534607,-0.037075091153383255,0.6462194919586182,0.5154544711112976,-0.017950184643268585,0.5678298473358154,0.48043155670166016,-0.028794461861252785,0.6040048003196716,0.45475754141807556,-0.04965163767337799,0.6216036081314087,0.5062395930290222,-0.03423180803656578,0.6112130284309387,0.5230096578598022,-0.01604144647717476,s
0.6254974603652954,0.6710952520370483,8.64879652340278e-08,0.6848861575126648,0.6180799007415771,-0.018944306299090385,0.7365751266479492,0.5091946721076965,-0.03349113091826439,0.7899561524391174,0.4429243206977844,-0.0525650829076767,0.8399471640586853,0.3993176519870758,-0.06883756071329117,0.694136381149292,0.4227077066898346,0.004773475229740143,0.7122330069541931,0.3529393672943115,-0.03035900555551052,0.7457708120346069,0.37102967500686646,-0.04783511906862259,0.7703948616981506,0.3955598473548889,-0.05325118452310562,0.6498690843582153,0.42461031675338745,-0.0016693812794983387,0.6840424537658691,0.37333276867866516,-0.03368765115737915,0.686553418636322,0.4596177339553833,-0.03361807018518448,0.6714819669723511,0.47084152698516846,-0.023831801488995552,0.6052587628364563,0.43973830342292786,-0.015665356069803238,0.6444298028945923,0.4097651243209839,-0.05199975520372391,0.6502713561058044,0.48594069480895996,-0.03617788106203079,0.6335908770561218,0.4964858591556549,-0.015265787951648235,0.5590185523033142,0.4622829258441925,-0.031994473189115524,0.5967057943344116,0.43571755290031433,-0.052298154681921005,0.611686646938324,0.4874398410320282,-0.03562057763338089,0.5985794067382812,0.5018472075462341,-0.016556452959775925,s
0.6148267388343811,0.6607924103736877,7.482437780481632e-08,0.6767075061798096,0.6072984933853149,-0.018412478268146515,0.7293200492858887,0.49295464158058167,-0.031905196607112885,0.7840242385864258,0.4258200526237488,-0.05009866878390312,0.8337821960449219,0.38053256273269653,-0.06549911946058273,0.6822851300239563,0.40584665536880493,0.008232115767896175,0.7025110721588135,0.33806946873664856,-0.027194371446967125,0.7350204586982727,0.3530448377132416,-0.04492061212658882,0.7601203322410583,0.3763957917690277,-0.050711680203676224,0.6389804482460022,0.40740159153938293,0.0012686294503509998,0.6781238913536072,0.3594382405281067,-0.03272208198904991,0.6764968037605286,0.44869592785835266,-0.032998327165842056,0.6607156991958618,0.4603138267993927,-0.022802917286753654,0.5953522324562073,0.42093339562416077,-0.01365046389400959,0.6382231116294861,0.39594775438308716,-0.05192500725388527,0.6383993625640869,0.4741966128349304,-0.036590661853551865,0.618514358997345,0.48196765780448914,-0.015729568898677826,0.5498502850532532,0.44055643677711487,-0.030902139842510223,0.5911663770675659,0.4202366769313812,-0.05250774323940277,0.5988729596138,0.47446194291114807,-0.03683023527264595,0.5791463851928711,0.4838428497314453,-0.0186342503875494,s
0.6087989807128906,0.6474441885948181,8.975713683412323e-08,0.6712131500244141,0.5881788730621338,-0.0193858053535223,0.7235032320022583,0.4792289733886719,-0.035262588411569595,0.7796905040740967,0.41338059306144714,-0.05673482269048691,0.8303826451301575,0.3687748312950134,-0.07480289041996002,0.6780385375022888,0.39132851362228394,0.010455391369760036,0.6975632309913635,0.32071125507354736,-0.027345869690179825,0.7302411794662476,0.3407539427280426,-0.04538334533572197,0.7542253732681274,0.36615902185440063,-0.050458624958992004,0.6339024305343628,0.3935166597366333,0.0031511851120740175,0.6731351613998413,0.3431437313556671,-0.03091501072049141,0.6715037822723389,0.43576371669769287,-0.03014538064599037,0.654854416847229,0.44006407260894775,-0.018915880471467972,0.5895936489105225,0.4083245098590851,-0.012759184464812279,0.6301813721656799,0.3804076313972473,-0.05147043988108635,0.6316151022911072,0.4595801532268524,-0.03437316045165062,0.6118125319480896,0.46338963508605957,-0.011939906515181065,0.5433292388916016,0.42899471521377563,-0.031225208193063736,0.581081748008728,0.40423721075057983,-0.05236756429076195,0.5908966064453125,0.4564506411552429,-0.03445444256067276,0.5715770125389099,0.4656807482242584,-0.014195606112480164,s
0.6027024984359741,0.6390693187713623,6.231070415196882e-08,0.6640319228172302,0.5824940800666809,-0.02150781638920307,0.7178632616996765,0.47189679741859436,-0.038297440856695175,0.7738519906997681,0.40526044368743896,-0.06012503802776337,0.8254742622375488,0.3613734543323517,-0.07765570282936096,0.6719103455543518,0.3801642656326294,0.00999490451067686,0.6934612393379211,0.3089488744735718,-0.028106708079576492,0.7274264097213745,0.33208805322647095,-0.04479988291859627,0.7502008080482483,0.3574790954589844,-0.048679862171411514,0.6276929974555969,0.38075876235961914,0.003507365006953478,0.6662933230400085,0.331914484500885,-0.031107421964406967,0.6658122539520264,0.42950066924095154,-0.028890952467918396,0.6489234566688538,0.4315807521343231,-0.01617940329015255,0.5833059549331665,0.39409253001213074,-0.011939340271055698,0.6226190328598022,0.36613476276397705,-0.051028285175561905,0.6253388524055481,0.44749996066093445,-0.03263198584318161,0.6049462556838989,0.4484735429286957,-0.009258952923119068,0.5369217395782471,0.4134761095046997,-0.03018994815647602,0.5736804604530334,0.39002561569213867,-0.05138251557946205,0.5844326615333557,0.4441133141517639,-0.03290339931845665,0.5643154382705688,0.4526546001434326,-0.01213686540722847,s
0.5921890735626221,0.6358256936073303,5.823280702088596e-08,0.6574798226356506,0.5794979333877563,-0.019849378615617752,0.7136343717575073,0.46478551626205444,-0.03492932766675949,0.7701977491378784,0.3975900411605835,-0.05489083379507065,0.82318514585495,0.35319453477859497,-0.07073269784450531,0.6662917137145996,0.37392210960388184,0.011293116956949234,0.6900212168693542,0.3045963644981384,-0.024060769006609917,0.7221485376358032,0.3207230865955353,-0.03805716335773468,0.7447847127914429,0.33983853459358215,-0.040918122977018356,0.6215401291847229,0.37331682443618774,0.0035926548298448324,0.6641587018966675,0.3194364905357361,-0.02924097329378128,0.6604351997375488,0.4173111617565155,-0.025554580613970757,0.6414666175842285,0.41753923892974854,-0.01189656462520361,0.5765628814697266,0.38617104291915894,-0.012837839312851429,0.6188433766365051,0.3554660975933075,-0.05141293257474899,0.6197919249534607,0.4378969073295593,-0.03331667557358742,0.5973422527313232,0.43568846583366394,-0.01044205017387867,0.5299518704414368,0.4055315852165222,-0.03181617334485054,0.5692725777626038,0.3818439543247223,-0.05307389423251152,0.5794098377227783,0.43645480275154114,-0.03505239635705948,0.5571731328964233,0.4431554675102234,-0.015086788684129715,s
0.5892620086669922,0.6237861514091492,7.028165072142656e-08,0.6549078226089478,0.5644006133079529,-0.01806744374334812,0.7099019885063171,0.4551132023334503,-0.0345013253390789,0.7675552368164062,0.38901421427726746,-0.05668631196022034,0.8211717009544373,0.3447612524032593,-0.07510964572429657,0.6648780107498169,0.3652760684490204,0.012446415610611439,0.687799870967865,0.2947363257408142,-0.0232833418995142,0.720123291015625,0.3106521964073181,-0.037675246596336365,0.7403421998023987,0.33061328530311584,-0.04051007330417633,0.6193027496337891,0.36354559659957886,0.004237524699419737,0.6610695123672485,0.30917084217071533,-0.028239496052265167,0.6574798226356506,0.40866348147392273,-0.024084819480776787,0.6372345685958862,0.40832242369651794,-0.010103240609169006,0.5735418200492859,0.37535539269447327,-0.012499134987592697,0.6145545244216919,0.34629639983177185,-0.050455544143915176,0.6151332259178162,0.427888423204422,-0.031592462211847305,0.5912759900093079,0.42514732480049133,-0.008272978477180004,0.5252800583839417,0.3939579129219055,-0.03157977759838104,0.562893271446228,0.3720299005508423,-0.05233123525977135,0.5727857351303101,0.4247991442680359,-0.03373616561293602,0.549724817276001,0.4301479160785675,-0.013289839029312134,s
0.5852640867233276,0.6168367862701416,6.436916066832055e-08,0.6488604545593262,0.5596216320991516,-0.02224871702492237,0.7055057883262634,0.451653391122818,-0.039911746978759766,0.7635705471038818,0.3835611343383789,-0.06257264316082001,0.8156536221504211,0.3376377820968628,-0.08081758767366409,0.6594920754432678,0.36057963967323303,0.0099893594160676,0.6816754341125488,0.28536278009414673,-0.027892369776964188,0.7159991264343262,0.3050280511379242,-0.043221354484558105,0.7383707165718079,0.325778603553772,-0.046029359102249146,0.6148474812507629,0.3597504496574402,0.003777993144467473,0.6542031168937683,0.30440038442611694,-0.031042182818055153,0.6515016555786133,0.4064006507396698,-0.026988090947270393,0.632279098033905,0.406235933303833,-0.012518787756562233,0.569382905960083,0.3708662986755371,-0.011560297571122646,0.6079933643341064,0.3358050286769867,-0.05182955414056778,0.609220564365387,0.42109134793281555,-0.03159913048148155,0.5864861607551575,0.42110127210617065,-0.006423373706638813,0.5199058651924133,0.38733553886413574,-0.02962781861424446,0.5557171106338501,0.3589227795600891,-0.051418378949165344,0.5658648014068604,0.41382765769958496,-0.031818896532058716,0.5437937378883362,0.4226614832878113,-0.010010979138314724,s
0.5808460712432861,0.6164695620536804,7.290031334150626e-08,0.6442721486091614,0.5581170320510864,-0.02198570780456066,0.6996023058891296,0.44705870747566223,-0.03872514143586159,0.7575176954269409,0.3805013597011566,-0.06015695258975029,0.8113805055618286,0.33675235509872437,-0.077729731798172,0.6577500104904175,0.3575206995010376,0.009580414742231369,0.6813006401062012,0.28721678256988525,-0.026516709476709366,0.7136703729629517,0.29765909910202026,-0.04172927513718605,0.7357439994812012,0.31097954511642456,-0.045665573328733444,0.6126906871795654,0.3555346131324768,0.002847939031198621,0.6538864374160767,0.29710158705711365,-0.03140006959438324,0.6492395401000977,0.39711451530456543,-0.02812017686665058,0.6289247870445251,0.39813411235809326,-0.0145034184679389,0.566803514957428,0.36608633399009705,-0.012628935277462006,0.6061453819274902,0.3281985819339752,-0.053528402000665665,0.6073409914970398,0.4135986268520355,-0.034139856696128845,0.5837146639823914,0.413659930229187,-0.009640403091907501,0.516571044921875,0.3829381465911865,-0.030662279576063156,0.5549625754356384,0.3528284430503845,-0.05394623428583145,0.5647746920585632,0.4089681804180145,-0.03478555381298065,0.5409004092216492,0.41749364137649536,-0.013541682623326778,s
0.5735846757888794,0.61155766248703,6.372381733399379e-08,0.6389800310134888,0.5544772148132324,-0.021739987656474113,0.6968457698822021,0.44274333119392395,-0.03689761459827423,0.7553372979164124,0.3755068778991699,-0.056475553661584854,0.809441864490509,0.3324361741542816,-0.07173760235309601,0.6549223065376282,0.3493433892726898,0.012069541960954666,0.6769723892211914,0.2802576422691345,-0.022356396540999413,0.7083703279495239,0.2938231825828552,-0.03544016182422638,0.7310584187507629,0.30809372663497925,-0.037879589945077896,0.6073739528656006,0.34608858823776245,0.005879294127225876,0.6498948931694031,0.29022452235221863,-0.02633153647184372,0.6441804766654968,0.39157307147979736,-0.021541645750403404,0.6241799592971802,0.3887702524662018,-0.0067732371389865875,0.5605324506759644,0.3571990132331848,-0.009291909635066986,0.6013809442520142,0.32372498512268066,-0.04904914274811745,0.6030557751655579,0.4086327850818634,-0.030383290722966194,0.5793056488037109,0.4035603106021881,-0.00645337114110589,0.5109745860099792,0.37421196699142456,-0.02697622962296009,0.5501831769943237,0.3484663665294647,-0.04982678219676018,0.5596455335617065,0.40385037660598755,-0.03165063261985779,0.5343778133392334,0.4087507128715515,-0.011033771559596062,s
0.5681530237197876,0.6157625913619995,5.7766531114111785e-08,0.6332685351371765,0.5573474168777466,-0.022067788988351822,0.6909867525100708,0.4403153359889984,-0.03721372410655022,0.7506353855133057,0.37192559242248535,-0.05663050711154938,0.8071569204330444,0.3284561038017273,-0.07166625559329987,0.6494663953781128,0.34990063309669495,0.010551853105425835,0.6729010343551636,0.2786712050437927,-0.024167630821466446,0.7051172852516174,0.2927415072917938,-0.03737826645374298,0.7279111742973328,0.30392971634864807,-0.04007048159837723,0.6019934415817261,0.3468819558620453,0.004237036220729351,0.6458105444908142,0.2857205867767334,-0.02721482329070568,0.6397969722747803,0.3878247141838074,-0.02178024686872959,0.6185849905014038,0.3838799297809601,-0.006926164962351322,0.554810643196106,0.35809066891670227,-0.011060568504035473,0.5956673622131348,0.316905677318573,-0.04972298815846443,0.5988624691963196,0.40247440338134766,-0.03006344847381115,0.5741599202156067,0.39889687299728394,-0.005877837538719177,0.5042920708656311,0.37414807081222534,-0.02899586409330368,0.5431175231933594,0.34311190247535706,-0.05087611824274063,0.5544925332069397,0.3976791799068451,-0.031919755041599274,0.5289122462272644,0.4042661190032959,-0.01109998393803835,s
0.564612865447998,0.6082397699356079,4.328589042756903e-08,0.6329784393310547,0.5496731996536255,-0.021741004660725594,0.6903454661369324,0.43760228157043457,-0.03659569472074509,0.7498157024383545,0.3679059147834778,-0.05631382763385773,0.8054307103157043,0.3231792151927948,-0.0713631734251976,0.6503008008003235,0.34527063369750977,0.013078629039227962,0.670012891292572,0.2678290009498596,-0.023025618866086006,0.7022099494934082,0.2832375764846802,-0.036628562957048416,0.7247239351272583,0.298866868019104,-0.03860672563314438,0.6019467711448669,0.34341439604759216,0.0067155142314732075,0.6437416672706604,0.2819375693798065,-0.025973431766033173,0.6382125616073608,0.3844299018383026,-0.020851828157901764,0.6174954175949097,0.3795837163925171,-0.005570023786276579,0.5547690391540527,0.3552267253398895,-0.009013345465064049,0.5946438312530518,0.31327152252197266,-0.04935259371995926,0.597781240940094,0.399666965007782,-0.029748335480690002,0.5728052854537964,0.39498257637023926,-0.00477622589096427,0.5038648247718811,0.3713231086730957,-0.027375420555472374,0.5428818464279175,0.3399362564086914,-0.05003543570637703,0.5545579195022583,0.3948170244693756,-0.030688699334859848,0.5283814668655396,0.40109285712242126,-0.008946013636887074,s
0.5637779831886292,0.6135455369949341,4.5232209089363096e-08,0.6291163563728333,0.5524941086769104,-0.020495165139436722,0.686841607093811,0.43399298191070557,-0.03586864098906517,0.7471755743026733,0.36257898807525635,-0.05619600787758827,0.8057794570922852,0.3178582787513733,-0.07238642871379852,0.6481131911277771,0.3435119390487671,0.009948734194040298,0.6700720191001892,0.26681753993034363,-0.024858927354216576,0.7030007243156433,0.2806243300437927,-0.03791271522641182,0.7248293161392212,0.29478704929351807,-0.040321171283721924,0.5975271463394165,0.3404383957386017,0.002421902259811759,0.6427627205848694,0.27615487575531006,-0.0290805883705616,0.6372775435447693,0.37928274273872375,-0.023636672645807266,0.6148670315742493,0.37533870339393616,-0.008683138526976109,0.5493981838226318,0.35319703817367554,-0.013738115318119526,0.590534508228302,0.3094246983528137,-0.05224869027733803,0.5954164862632751,0.39527130126953125,-0.03206651285290718,0.5694446563720703,0.3916214406490326,-0.007580197416245937,0.4982428550720215,0.3699188828468323,-0.03242627903819084,0.5371320843696594,0.33606791496276855,-0.05412483215332031,0.5504660606384277,0.39022526144981384,-0.034298572689294815,0.5247387886047363,0.3972189724445343,-0.012819033116102219,s
0.5588281154632568,0.6117016077041626,2.7401398483561934e-08,0.6283031702041626,0.5501230955123901,-0.02079363726079464,0.6855466365814209,0.4295891523361206,-0.03460722416639328,0.7462669014930725,0.35763800144195557,-0.05342485010623932,0.8032646179199219,0.31057947874069214,-0.06779695302248001,0.6439011096954346,0.3354249894618988,0.014844211749732494,0.6658597588539124,0.2600574493408203,-0.01948782056570053,0.6971607208251953,0.2727959454059601,-0.032814688980579376,0.7176421284675598,0.2854810059070587,-0.03549923002719879,0.5948150753974915,0.33423998951911926,0.0075633036904037,0.6417540907859802,0.27225202322006226,-0.02480953559279442,0.6347647309303284,0.37621036171913147,-0.020558590069413185,0.6108684539794922,0.37316370010375977,-0.005977536551654339,0.5473265647888184,0.3471275866031647,-0.008885269984602928,0.5931428074836731,0.30393001437187195,-0.0494353249669075,0.596015453338623,0.39268815517425537,-0.03086027316749096,0.5677802562713623,0.3892976641654968,-0.006812708918005228,0.4966317117214203,0.3643783628940582,-0.027873389422893524,0.5419164299964905,0.3336000144481659,-0.05171148106455803,0.5530879497528076,0.39051389694213867,-0.03346503525972366,0.5242065787315369,0.39707687497138977,-0.012739819474518299,s
0.557105302810669,0.6142297387123108,-1.9199369205580297e-08,0.6270245313644409,0.5535095930099487,-0.02229367196559906,0.6847463846206665,0.43003106117248535,-0.035115405917167664,0.7457020282745361,0.35603925585746765,-0.05226066708564758,0.8030964136123657,0.30833983421325684,-0.06426352262496948,0.6464822888374329,0.33508390188217163,0.01336299441754818,0.6681317090988159,0.258991003036499,-0.021239273250102997,0.6973574757575989,0.2726684808731079,-0.03346558287739754,0.7170677781105042,0.28226470947265625,-0.03541691601276398,0.595663845539093,0.33346328139305115,0.006707899272441864,0.6412068009376526,0.27038002014160156,-0.025185158476233482,0.6327880620956421,0.37605470418930054,-0.019591934978961945,0.6101846694946289,0.3678009510040283,-0.004325990565121174,0.546959400177002,0.3457809388637543,-0.009464757516980171,0.5901293158531189,0.301874577999115,-0.050385136157274246,0.5920047760009766,0.3924635350704193,-0.03148879483342171,0.5641010403633118,0.38492023944854736,-0.007468026131391525,0.4953958988189697,0.36224913597106934,-0.028315583243966103,0.5388414859771729,0.3320121765136719,-0.05238690972328186,0.5492034554481506,0.38959962129592896,-0.03435450792312622,0.5194714069366455,0.39470893144607544,-0.013997134752571583,s
0.5545271039009094,0.6163426041603088,-1.074679456536387e-08,0.6254583597183228,0.5538586378097534,-0.022541692480444908,0.6840395927429199,0.43047791719436646,-0.03607089817523956,0.74649977684021,0.35627850890159607,-0.05398417264223099,0.8047350645065308,0.3076232075691223,-0.0665867030620575,0.6470924019813538,0.335662841796875,0.013863147236406803,0.668351411819458,0.25711482763290405,-0.020663632079958916,0.6980054378509521,0.27119550108909607,-0.03258543834090233,0.7175352573394775,0.28221845626831055,-0.03403925150632858,0.595434844493866,0.333840012550354,0.007384359370917082,0.6406741738319397,0.2690543234348297,-0.023619474843144417,0.6324234008789062,0.375748872756958,-0.01739330030977726,0.6102970242500305,0.36718854308128357,-0.0016358931316062808,0.5460119843482971,0.3461478352546692,-0.00870908610522747,0.5882579684257507,0.30070871114730835,-0.048349425196647644,0.5906960964202881,0.3911627531051636,-0.028791073709726334,0.5635073781013489,0.38331207633018494,-0.004544383380562067,0.49433231353759766,0.362326979637146,-0.027554916217923164,0.5361086130142212,0.3304291069507599,-0.05008631944656372,0.5470747947692871,0.38792160153388977,-0.030995318666100502,0.5180079340934753,0.3935188353061676,-0.01000188384205103,s
0.5538294911384583,0.6144448518753052,-7.436765869783812e-09,0.6278281211853027,0.5494887232780457,-0.02099326066672802,0.6859583854675293,0.4279624819755554,-0.0339779406785965,0.7485967874526978,0.3546966314315796,-0.05181972682476044,0.8077529668807983,0.3072698712348938,-0.06462875753641129,0.6477822661399841,0.3340068459510803,0.015991104766726494,0.6706278920173645,0.25734373927116394,-0.0176821518689394,0.6999807953834534,0.2699521481990814,-0.029217906296253204,0.719070315361023,0.2779160141944885,-0.030871720984578133,0.596307098865509,0.33208292722702026,0.008405553176999092,0.6425715088844299,0.2678455114364624,-0.022391226142644882,0.634435772895813,0.3746534585952759,-0.016023267060518265,0.612102210521698,0.3653229773044586,-0.0002586232731118798,0.5468943119049072,0.3444933295249939,-0.008707848377525806,0.5899102687835693,0.2986871898174286,-0.04897440969944,0.5927141308784485,0.39022311568260193,-0.029357006773352623,0.5650031566619873,0.3811481297016144,-0.004905282519757748,0.4948565363883972,0.36095064878463745,-0.02836359478533268,0.537478506565094,0.32812222838401794,-0.05150843411684036,0.5494507551193237,0.38659408688545227,-0.03215118125081062,0.520247220993042,0.3919050097465515,-0.010915501043200493,s
0.5536693930625916,0.6169623732566833,-1.2029027773863277e-10,0.6271237134933472,0.553023636341095,-0.02237655222415924,0.6860673427581787,0.4288443922996521,-0.035153619945049286,0.7504592537879944,0.3547723591327667,-0.05237512290477753,0.8098487854003906,0.30547040700912476,-0.06423152983188629,0.6499330401420593,0.333050012588501,0.01604250632226467,0.6715621948242188,0.25544100999832153,-0.017684292048215866,0.7000173330307007,0.2675797939300537,-0.028980262577533722,0.7190858125686646,0.27531442046165466,-0.030284278094768524,0.5970448851585388,0.3303467333316803,0.009431716986000538,0.6431936621665955,0.26676666736602783,-0.021004129201173782,0.6340803503990173,0.3732067346572876,-0.014730015769600868,0.6123999953269958,0.36164629459381104,0.0010341659653931856,0.5467930436134338,0.3427543044090271,-0.006956230849027634,0.5895434021949768,0.2980896234512329,-0.04665935039520264,0.5919227600097656,0.3890995681285858,-0.027416033670306206,0.5645833015441895,0.37833988666534424,-0.0033215100411325693,0.49464645981788635,0.3590940535068512,-0.02609102427959442,0.5366104245185852,0.3278323709964752,-0.048657868057489395,0.5477957725524902,0.3854992091655731,-0.029735028743743896,0.5183812379837036,0.3890593647956848,-0.008840414695441723,s
0.553087592124939,0.6194252371788025,2.2674750965734347e-08,0.62629634141922,0.5541278719902039,-0.024273991584777832,0.686741054058075,0.42881491780281067,-0.03833312913775444,0.7518384456634521,0.35446906089782715,-0.05667233467102051,0.8124545812606812,0.3050023913383484,-0.0695081278681755,0.6498656868934631,0.33146607875823975,0.017192739993333817,0.6721711754798889,0.2542344629764557,-0.016767363995313644,0.7009918689727783,0.2658107876777649,-0.02865215763449669,0.7195687294006348,0.27465370297431946,-0.030119940638542175,0.5968353748321533,0.328016072511673,0.01164892315864563,0.6436641216278076,0.2648743987083435,-0.01932288333773613,0.6345589756965637,0.37211623787879944,-0.01365443505346775,0.6125044226646423,0.36186569929122925,0.0022680277470499277,0.5464879274368286,0.34001144766807556,-0.003955759108066559,0.5903379917144775,0.29598283767700195,-0.043758574873209,0.5926744937896729,0.38706573843955994,-0.02505834400653839,0.5650413632392883,0.3770669400691986,-0.0009439985151402652,0.49435099959373474,0.3560827672481537,-0.02249855361878872,0.5377888679504395,0.32536226511001587,-0.04511668533086777,0.549290657043457,0.38342732191085815,-0.026468897238373756,0.5199235081672668,0.38713157176971436,-0.0054153637029230595,s
0.5523532629013062,0.6189010739326477,2.9026073988802636e-08,0.6267305016517639,0.5520678758621216,-0.024329964071512222,0.6883242726325989,0.42672234773635864,-0.0382528081536293,0.7539634704589844,0.35289260745048523,-0.05647967383265495,0.8141059279441833,0.30376961827278137,-0.06924410909414291,0.650965690612793,0.32883763313293457,0.017494726926088333,0.6740012764930725,0.2539765238761902,-0.01526052225381136,0.7017945051193237,0.26410913467407227,-0.026014257222414017,0.7200444936752319,0.27145349979400635,-0.026879603043198586,0.597488522529602,0.3255375027656555,0.012001724913716316,0.645012378692627,0.2641688883304596,-0.01831102930009365,0.6349838376045227,0.37055161595344543,-0.012109129689633846,0.6130732297897339,0.3596857786178589,0.004217059817165136,0.5470088720321655,0.33798885345458984,-0.0034739940892904997,0.5913326740264893,0.2957894802093506,-0.04282865673303604,0.5931977033615112,0.3864779770374298,-0.023951541632413864,0.565753698348999,0.3760051429271698,0.0002244935603812337,0.4948360323905945,0.3546232581138611,-0.021883059293031693,0.538792610168457,0.32450756430625916,-0.044131286442279816,0.5500813126564026,0.3826404809951782,-0.025187019258737564,0.520834743976593,0.3864806592464447,-0.003925592638552189,s
0.5520933270454407,0.6189737319946289,3.018413607946968e-08,0.6260037422180176,0.5542565584182739,-0.025639943778514862,0.6878079175949097,0.42731067538261414,-0.03980347141623497,0.7541422843933105,0.35186392068862915,-0.05775042995810509,0.8154789209365845,0.3033302128314972,-0.07003568857908249,0.6520777344703674,0.3293621242046356,0.014967542141675949,0.6742931008338928,0.2527337670326233,-0.018362274393439293,0.7034617066383362,0.26435691118240356,-0.028895758092403412,0.7229990363121033,0.27300959825515747,-0.029383929446339607,0.5977000594139099,0.32574892044067383,0.010243864730000496,0.6448965072631836,0.2620285153388977,-0.020105188712477684,0.6356611251831055,0.36989280581474304,-0.013135477900505066,0.6142640113830566,0.35948219895362854,0.003841116325929761,0.5465287566184998,0.3380873501300812,-0.00455600256100297,0.5899971723556519,0.2952139973640442,-0.04425681754946709,0.5927360653877258,0.3873879909515381,-0.025126101449131966,0.5660680532455444,0.3772083818912506,-0.0005714159924536943,0.4941994547843933,0.3542666435241699,-0.022344961762428284,0.5372393727302551,0.32410189509391785,-0.04464947432279587,0.5492845773696899,0.3825365900993347,-0.025722483173012733,0.5206717252731323,0.38617753982543945,-0.004425524268299341,s
0.5525028705596924,0.6161350011825562,2.364041185032306e-09,0.6281012892723083,0.5514575242996216,-0.02347399666905403,0.6879385113716125,0.426066517829895,-0.03692132979631424,0.7520138025283813,0.35100677609443665,-0.05458446219563484,0.8121894001960754,0.3028937578201294,-0.06675020605325699,0.6513739228248596,0.3307614326477051,0.013508869335055351,0.6737269163131714,0.250784307718277,-0.021282125264406204,0.704186201095581,0.2637671232223511,-0.032657086849212646,0.7242656946182251,0.27367305755615234,-0.033636316657066345,0.5977046489715576,0.3274969160556793,0.007116253953427076,0.6448399424552917,0.26209214329719543,-0.024328146129846573,0.6359286904335022,0.3703067898750305,-0.017325177788734436,0.6136955618858337,0.36091384291648865,-0.0006666964036412537,0.5467576384544373,0.33955544233322144,-0.009086348116397858,0.5899952054023743,0.2944006025791168,-0.04985979199409485,0.592388391494751,0.38752537965774536,-0.0296468622982502,0.5648087859153748,0.37785691022872925,-0.0044848620891571045,0.49397552013397217,0.3561513423919678,-0.028073398396372795,0.536535382270813,0.32321301102638245,-0.05118574574589729,0.5483846664428711,0.3823772072792053,-0.031284891068935394,0.5188155770301819,0.38666221499443054,-0.0094072837382555,s
0.5527805089950562,0.6184496879577637,-2.0197781225306244e-09,0.6261381506919861,0.5550132393836975,-0.02605242095887661,0.6863569021224976,0.4270320534706116,-0.039966076612472534,0.7508922219276428,0.35009148716926575,-0.05747246369719505,0.8113958835601807,0.30023884773254395,-0.06903773546218872,0.6518539786338806,0.32790082693099976,0.0127328522503376,0.6731789708137512,0.24814635515213013,-0.023610634729266167,0.7025983333587646,0.2612154483795166,-0.03598756343126297,0.7230937480926514,0.2718757688999176,-0.03724450245499611,0.5970332026481628,0.3242917060852051,0.007787158712744713,0.643780529499054,0.2596104145050049,-0.02463057078421116,0.6336215734481812,0.3685106933116913,-0.018139587715268135,0.6123396754264832,0.3582744300365448,-0.0013734281528741121,0.5452926754951477,0.336007684469223,-0.0074116806499660015,0.5880091190338135,0.2920151948928833,-0.04854293540120125,0.5898906588554382,0.3852112889289856,-0.028633443638682365,0.5635206699371338,0.37501487135887146,-0.0034586130641400814,0.49224716424942017,0.35241979360580444,-0.025762811303138733,0.534223735332489,0.32135701179504395,-0.04890827834606171,0.5455596446990967,0.38075971603393555,-0.02949320338666439,0.5166082978248596,0.3845931887626648,-0.007744970265775919,s
0.5504782199859619,0.6205198764801025,1.6226044508016457e-08,0.6251811385154724,0.5553600788116455,-0.023675207048654556,0.6854478716850281,0.42648938298225403,-0.03702925890684128,0.7495715022087097,0.34853142499923706,-0.05493909865617752,0.8103270530700684,0.29700252413749695,-0.06740112602710724,0.6497628092765808,0.3287000358104706,0.016318712383508682,0.671981692314148,0.24643750488758087,-0.01981516182422638,0.7036836743354797,0.25813549757003784,-0.03286600112915039,0.7255538702011108,0.26883769035339355,-0.034798648208379745,0.5954800844192505,0.3252630829811096,0.009707869961857796,0.6443473696708679,0.255262553691864,-0.02407381869852543,0.6356104612350464,0.3646881580352783,-0.01906737871468067,0.6132345199584961,0.35744786262512207,-0.0027791005559265614,0.5442407727241516,0.33759427070617676,-0.006973705720156431,0.5892165899276733,0.2885531187057495,-0.04972510412335396,0.5921778678894043,0.38251131772994995,-0.030548622831702232,0.5639714598655701,0.3743106424808502,-0.00512083200737834,0.4906731843948364,0.3534650504589081,-0.026508554816246033,0.5348978042602539,0.3203706741333008,-0.050980597734451294,0.5472074747085571,0.3799877166748047,-0.03183402866125107,0.5171045064926147,0.3841976821422577,-0.00994080025702715,s
0.5505871176719666,0.6220162510871887,7.719661354599339e-09,0.6261129975318909,0.5550867319107056,-0.022722678259015083,0.6858248710632324,0.42635577917099,-0.0364430733025074,0.7496788501739502,0.34743791818618774,-0.05531668663024902,0.8105485439300537,0.2962300479412079,-0.06895964592695236,0.6488809585571289,0.3283504247665405,0.017749009653925896,0.670672595500946,0.24541403353214264,-0.0181588027626276,0.7031373977661133,0.25822100043296814,-0.03143739700317383,0.7249933481216431,0.2703810930252075,-0.03362585976719856,0.5959370732307434,0.32550540566444397,0.010433485731482506,0.6426549553871155,0.2555718421936035,-0.023410281166434288,0.634757399559021,0.3654349446296692,-0.018532147631049156,0.6131865978240967,0.3596822917461395,-0.0025007005315274,0.5452702045440674,0.33765092492103577,-0.006899402476847172,0.5900580286979675,0.2874692678451538,-0.049873583018779755,0.5922443866729736,0.38204842805862427,-0.030107485130429268,0.5646365880966187,0.3761429786682129,-0.004273944068700075,0.49120911955833435,0.35380056500434875,-0.026995159685611725,0.5356571674346924,0.31889641284942627,-0.05169753357768059,0.5470482110977173,0.37906789779663086,-0.03206021711230278,0.5175864696502686,0.38483738899230957,-0.009785059839487076,s
0.5499431490898132,0.6208490133285522,1.6437045502470937e-08,0.6250495314598083,0.5536106824874878,-0.025103870779275894,0.6861928701400757,0.4246034026145935,-0.03938078507781029,0.7513808012008667,0.34532541036605835,-0.057982318103313446,0.8129178285598755,0.2940215468406677,-0.07074785977602005,0.6523656845092773,0.32425838708877563,0.017041346058249474,0.6736800670623779,0.24457618594169617,-0.01781136728823185,0.7021117210388184,0.25539296865463257,-0.029520312324166298,0.721569299697876,0.26523810625076294,-0.030584437772631645,0.5974428653717041,0.3203611373901367,0.011579995974898338,0.6431965231895447,0.2551195025444031,-0.020322101190686226,0.6333639025688171,0.3632393479347229,-0.013974827714264393,0.613196849822998,0.35266125202178955,0.002816274296492338,0.5452821254730225,0.332516610622406,-0.004214064218103886,0.5880002975463867,0.2878997325897217,-0.04505248740315437,0.5899085402488708,0.3799173831939697,-0.025471510365605354,0.5645732283592224,0.3695414662361145,-0.0004960553487762809,0.4913308620452881,0.34903860092163086,-0.023076992481946945,0.5341699719429016,0.318412721157074,-0.0459258072078228,0.5450695753097534,0.377383828163147,-0.026598557829856873,0.5167319178581238,0.3807803690433502,-0.00489821657538414,s
0.5551949739456177,0.6135551333427429,6.464580337706138e-08,0.6296853423118591,0.5432713031768799,-0.023850835859775543,0.6905049681663513,0.4155793786048889,-0.03914700821042061,0.7558954954147339,0.33751678466796875,-0.059580665081739426,0.8175074458122253,0.284908652305603,-0.07466159015893936,0.6557259559631348,0.315279096364975,0.019804585725069046,0.674578070640564,0.2375958412885666,-0.014885404147207737,0.7025863528251648,0.24816346168518066,-0.027347072958946228,0.721584141254425,0.2594596743583679,-0.028890717774629593,0.6021350622177124,0.3125646710395813,0.013786756433546543,0.6461092233657837,0.24785956740379333,-0.017633507028222084,0.6388452053070068,0.35461702942848206,-0.011647905223071575,0.6214252710342407,0.3453778922557831,0.0046780966222286224,0.5500442981719971,0.32548391819000244,-0.0025138510391116142,0.5921852588653564,0.28284555673599243,-0.042978037148714066,0.5941314101219177,0.37381380796432495,-0.02298053354024887,0.5709871053695679,0.3650694191455841,0.00226362026296556,0.4954988956451416,0.3434246778488159,-0.021772921085357666,0.5382773280143738,0.3139220178127289,-0.043940939009189606,0.5479685068130493,0.3720296621322632,-0.024042557924985886,0.5206993818283081,0.3755365312099457,-0.0020167739130556583,s
0.5563198328018188,0.6144378781318665,3.3561711632046354e-08,0.633491039276123,0.5431489944458008,-0.022468218579888344,0.6943848729133606,0.4099542498588562,-0.03508378565311432,0.7602728605270386,0.3321124017238617,-0.05279746651649475,0.821942150592804,0.2797418534755707,-0.06523804366588593,0.6540414094924927,0.31180375814437866,0.02084103785455227,0.6752793192863464,0.23333078622817993,-0.013441307470202446,0.7053753733634949,0.24209553003311157,-0.025293689221143723,0.7269283533096313,0.24884486198425293,-0.026454560458660126,0.5998842120170593,0.3104250729084015,0.013847112655639648,0.6490630507469177,0.24943645298480988,-0.01676117815077305,0.6388387084007263,0.3577091097831726,-0.010474083945155144,0.617088258266449,0.3445165753364563,0.005838719196617603,0.5481715202331543,0.32375267148017883,-0.003530064132064581,0.5954806208610535,0.2800130844116211,-0.04429006949067116,0.5971285104751587,0.37345972657203674,-0.025039395317435265,0.5696432590484619,0.36289742588996887,-0.00024754172773100436,0.49379634857177734,0.34118616580963135,-0.023747369647026062,0.5404535531997681,0.30898720026016235,-0.04651027172803879,0.5518938899040222,0.36833009123802185,-0.026766357943415642,0.5209965705871582,0.37326064705848694,-0.004717768635600805,s
0.561552882194519,0.6123019456863403,5.13048945549599e-08,0.6374593377113342,0.5403438806533813,-0.02229970507323742,0.699140727519989,0.40924468636512756,-0.03666912019252777,0.7643203139305115,0.3311140239238739,-0.056799545884132385,0.8252271413803101,0.2786385118961334,-0.07178668677806854,0.6557438969612122,0.3086909055709839,0.020470714196562767,0.6793415546417236,0.22964009642601013,-0.016378995031118393,0.7125117182731628,0.24065472185611725,-0.030019313097000122,0.7360557913780212,0.2515288293361664,-0.032061867415905,0.6041699051856995,0.30772507190704346,0.012784356251358986,0.6523533463478088,0.24459388852119446,-0.02160734497010708,0.6446376442909241,0.35356390476226807,-0.01690399833023548,0.6239234209060669,0.34428900480270386,-0.001070302678272128,0.5537592768669128,0.32127493619918823,-0.00523171154782176,0.6012998223304749,0.27770480513572693,-0.04904276877641678,0.6031412482261658,0.3716394305229187,-0.029080620035529137,0.5765926837921143,0.36433830857276917,-0.002887271810323,0.49939560890197754,0.33986696600914,-0.02604871429502964,0.5460440516471863,0.30879974365234375,-0.05051105469465256,0.5577319860458374,0.3687053918838501,-0.030371839180588722,0.5284125208854675,0.37412428855895996,-0.007513910997658968,s
0.5627197623252869,0.6125708222389221,1.0635013758530931e-08,0.6404606699943542,0.5378893613815308,-0.0220196470618248,0.7020443677902222,0.4081570506095886,-0.03567264974117279,0.768405020236969,0.33056482672691345,-0.05510682240128517,0.8285220861434937,0.2780487835407257,-0.06886344403028488,0.6608453392982483,0.30819129943847656,0.023250143975019455,0.6839271783828735,0.22935229539871216,-0.011978182010352612,0.7140446305274963,0.24274559319019318,-0.02359946258366108,0.7348220348358154,0.24930314719676971,-0.024399783462285995,0.6077293753623962,0.30671098828315735,0.01586686074733734,0.6545491218566895,0.2469281554222107,-0.015648700296878815,0.6450263261795044,0.35664406418800354,-0.008812621235847473,0.6235501766204834,0.3400735855102539,0.007858984172344208,0.5564273595809937,0.31949084997177124,-0.0022275277879089117,0.6020212769508362,0.27722132205963135,-0.04353434965014458,0.6032710671424866,0.3709801137447357,-0.022778278216719627,0.5764206647872925,0.3585301637649536,0.0029550325125455856,0.5025757551193237,0.33732354640960693,-0.02322903275489807,0.5479986667633057,0.30607926845550537,-0.04588606581091881,0.559116542339325,0.36693263053894043,-0.02511751838028431,0.5293762683868408,0.3720299303531647,-0.0022744149900972843,s
0.5631673336029053,0.6163563132286072,4.24223145500946e-09,0.642102837562561,0.5443599224090576,-0.020647689700126648,0.7033604979515076,0.4113430678844452,-0.032378897070884705,0.7686228156089783,0.3314737379550934,-0.049503449350595474,0.8298133015632629,0.2787105441093445,-0.061577316373586655,0.6639664769172668,0.31204256415367126,0.021329408511519432,0.6874544620513916,0.23209938406944275,-0.01263519935309887,0.7195379734039307,0.2400801181793213,-0.024636676535010338,0.7420030236244202,0.246145099401474,-0.02650255337357521,0.6104496121406555,0.3097565174102783,0.012929831631481647,0.6596197485923767,0.24323393404483795,-0.01828967221081257,0.6508855223655701,0.3527960777282715,-0.01277871709316969,0.627970814704895,0.34229007363319397,0.0029118810780346394,0.5592536330223083,0.3224875330924988,-0.00550656346604228,0.6059303283691406,0.2751201391220093,-0.047591712325811386,0.6085692048072815,0.37087124586105347,-0.028347425162792206,0.5795860886573792,0.3611880838871002,-0.0033221528865396976,0.5048320293426514,0.34058359265327454,-0.026502851396799088,0.551371157169342,0.30583447217941284,-0.0506260059773922,0.564227819442749,0.3674211800098419,-0.030626611784100533,0.5333008766174316,0.3731250464916229,-0.008351489901542664,s
0.5649983882904053,0.6119835376739502,4.281947951767506e-08,0.641895592212677,0.5419149398803711,-0.0223397109657526,0.7049459218978882,0.40948060154914856,-0.036737289279699326,0.771503210067749,0.3306867778301239,-0.05673333629965782,0.8342914581298828,0.28029853105545044,-0.07201272994279861,0.6676214933395386,0.3112691640853882,0.01963016949594021,0.6913585066795349,0.2320915311574936,-0.014874444343149662,0.7222769856452942,0.23974472284317017,-0.027277257293462753,0.7430946826934814,0.2507573366165161,-0.029121477156877518,0.6145589351654053,0.30799269676208496,0.012071588076651096,0.6616569757461548,0.2423868030309677,-0.02076755091547966,0.6527711749076843,0.3510127663612366,-0.015551707707345486,0.6316162943840027,0.34466099739074707,0.00046362762805074453,0.5628437995910645,0.32037603855133057,-0.005444081500172615,0.6076828837394714,0.2757660746574402,-0.04798256978392601,0.6088463068008423,0.3696381151676178,-0.02791638672351837,0.5826811194419861,0.36327534914016724,-0.0020943605341017246,0.5074410438537598,0.33778250217437744,-0.025630678981542587,0.5526180267333984,0.3047895133495331,-0.04962293431162834,0.5640836358070374,0.36654090881347656,-0.028986409306526184,0.5364537835121155,0.37283122539520264,-0.006125030107796192,s
0.5643903017044067,0.6123498678207397,2.0281008872302664e-08,0.6423534750938416,0.5442076921463013,-0.0243250522762537,0.7057132720947266,0.4078900218009949,-0.037149883806705475,0.77275550365448,0.32841962575912476,-0.05467408895492554,0.8361466526985168,0.27797001600265503,-0.06706773489713669,0.6662840843200684,0.3109045624732971,0.01963729038834572,0.6915560960769653,0.23148594796657562,-0.0157629307359457,0.7226382493972778,0.2403770536184311,-0.02854330651462078,0.7446722984313965,0.2500518560409546,-0.03038770891726017,0.6129945516586304,0.3076639175415039,0.013149486854672432,0.6631914973258972,0.2441975474357605,-0.020389040932059288,0.6507408022880554,0.35479941964149475,-0.015308494679629803,0.6276364326477051,0.34632351994514465,0.0010135603370144963,0.5611758232116699,0.3193618655204773,-0.0038863406516611576,0.6087871789932251,0.275834858417511,-0.04759445786476135,0.6075605154037476,0.372008740901947,-0.02868743985891342,0.5794240236282349,0.3624941110610962,-0.0032453837338835,0.5063639283180237,0.33619987964630127,-0.023763595148921013,0.5531868934631348,0.3042200207710266,-0.04863038286566734,0.5634963512420654,0.36709144711494446,-0.02905208058655262,0.5334755182266235,0.3717508912086487,-0.006782508920878172,s
0.5644636154174805,0.612930953502655,1.7556454068312632e-08,0.6425697803497314,0.5442381501197815,-0.02409188076853752,0.7057983875274658,0.4078632593154907,-0.037074312567710876,0.7730107307434082,0.3283703029155731,-0.05492260679602623,0.8367006778717041,0.27837806940078735,-0.06760634481906891,0.6664584279060364,0.31133753061294556,0.020205818116664886,0.691786527633667,0.23204487562179565,-0.015174227766692638,0.7227697968482971,0.24080520868301392,-0.02777996100485325,0.7448291778564453,0.24955999851226807,-0.029596464708447456,0.613097071647644,0.3080780506134033,0.013585615903139114,0.6628049612045288,0.2442971020936966,-0.01993619278073311,0.6502694487571716,0.35552510619163513,-0.01448968518525362,0.6272702217102051,0.3463500142097473,0.0020460367668420076,0.5612446069717407,0.3197423815727234,-0.0036477670073509216,0.6085399389266968,0.27663204073905945,-0.047367047518491745,0.6070891618728638,0.37282365560531616,-0.028269845992326736,0.5789066553115845,0.3626589775085449,-0.002765391953289509,0.5064786672592163,0.3363404870033264,-0.0237293541431427,0.5530675053596497,0.30510246753692627,-0.04854736477136612,0.5629857778549194,0.36777833104133606,-0.029061423614621162,0.532727837562561,0.3718419075012207,-0.0069467551074922085,s
0.5650559067726135,0.612919270992279,2.005106480851282e-08,0.6435143351554871,0.5445149540901184,-0.023302286863327026,0.7058662176132202,0.40788164734840393,-0.03602563217282295,0.771855890750885,0.327509343624115,-0.053642675280570984,0.8350504636764526,0.2765456736087799,-0.06614904850721359,0.6664644479751587,0.31281641125679016,0.018735356628894806,0.6903559565544128,0.23080667853355408,-0.016692187637090683,0.7220408916473389,0.23867161571979523,-0.02937825210392475,0.7439765930175781,0.24910297989845276,-0.031218282878398895,0.6127966046333313,0.31000715494155884,0.011577196419239044,0.6633479595184326,0.24313746392726898,-0.022156480699777603,0.6521264314651489,0.35371512174606323,-0.016923708841204643,0.6289055347442627,0.3465549945831299,-0.0005859334487468004,0.5609257221221924,0.3218027651309967,-0.005915640853345394,0.6084234714508057,0.27574530243873596,-0.049683067947626114,0.6075853109359741,0.371362566947937,-0.03054726868867874,0.5785497426986694,0.36292290687561035,-0.005106318276375532,0.5058215260505676,0.3379109501838684,-0.026156995445489883,0.5528994798660278,0.3049701154232025,-0.051413655281066895,0.5632070899009705,0.36686083674430847,-0.03205147385597229,0.5323570966720581,0.37177392840385437,-0.010037819854915142,s
0.5665150284767151,0.6140503287315369,-2.8460578338496134e-09,0.6446793675422668,0.5426458120346069,-0.023844009265303612,0.7061718702316284,0.4070301353931427,-0.03662606328725815,0.7728813290596008,0.327318012714386,-0.0541587732732296,0.8355357050895691,0.27605247497558594,-0.0659383162856102,0.6666449904441833,0.3112180233001709,0.020237766206264496,0.6897324323654175,0.23007486760616302,-0.015084486454725266,0.719438910484314,0.24062137305736542,-0.026916909962892532,0.7403262853622437,0.24683497846126556,-0.028030550107359886,0.6125472187995911,0.30910229682922363,0.013710973784327507,0.6615825891494751,0.24493904411792755,-0.018151745200157166,0.6501874327659607,0.35729360580444336,-0.01096054445952177,0.6276989579200745,0.34494277834892273,0.00625222222879529,0.5603479146957397,0.3213084936141968,-0.0035850219428539276,0.6062337756156921,0.2760469913482666,-0.04555395990610123,0.6065198183059692,0.37266847491264343,-0.025101438164711,0.5787943601608276,0.3616895079612732,0.0006752548506483436,0.5058208107948303,0.3380792737007141,-0.023843660950660706,0.5505310893058777,0.3055310845375061,-0.04679228365421295,0.5615230202674866,0.36732468008995056,-0.02636994607746601,0.5310995578765869,0.3721228539943695,-0.003998363856226206,s
0.5664363503456116,0.6169262528419495,3.1008930978515536e-09,0.6448989510536194,0.5460087656974792,-0.025172889232635498,0.7056852579116821,0.41080787777900696,-0.038825053721666336,0.7722185850143433,0.32938575744628906,-0.05693691596388817,0.8356043100357056,0.2764585614204407,-0.06910321116447449,0.6661456823348999,0.3124447464942932,0.01917169988155365,0.6885843276977539,0.23139546811580658,-0.01639309525489807,0.7185548543930054,0.23983807861804962,-0.027610743418335915,0.7403675317764282,0.24413123726844788,-0.02817551977932453,0.6118171215057373,0.31061986088752747,0.013076701201498508,0.6608116626739502,0.24464622139930725,-0.018603218719363213,0.6492559909820557,0.3570903539657593,-0.010542867705225945,0.6266252398490906,0.34295836091041565,0.007464338093996048,0.5595464706420898,0.3232858180999756,-0.0040169511921703815,0.6050828695297241,0.2777026295661926,-0.04626831039786339,0.6055216193199158,0.3736133873462677,-0.025937838479876518,0.5775911211967468,0.3606317341327667,-8.297169551951811e-05,0.5048502087593079,0.34049034118652344,-0.02414957620203495,0.5482221841812134,0.3080691993236542,-0.0470968596637249,0.5596909523010254,0.36831629276275635,-0.026983287185430527,0.5289872288703918,0.3717735707759857,-0.004795320797711611,s
0.5704137682914734,0.6141156554222107,4.697281230647832e-09,0.6483110785484314,0.5439226031303406,-0.02231050841510296,0.7101173996925354,0.41097262501716614,-0.0367901548743248,0.7755321860313416,0.33075758814811707,-0.056879326701164246,0.8372793793678284,0.27877721190452576,-0.0721343532204628,0.669511616230011,0.3142479360103607,0.017033541575074196,0.6924529075622559,0.23000307381153107,-0.019136110320687294,0.7243527173995972,0.2389860302209854,-0.03191830590367317,0.746161162853241,0.25156283378601074,-0.03373534604907036,0.6164359450340271,0.31302690505981445,0.008766050450503826,0.6625775694847107,0.2452104538679123,-0.025405999273061752,0.6535913348197937,0.35628947615623474,-0.019544536247849464,0.631579577922821,0.3505915403366089,-0.0031639058142900467,0.5645422339439392,0.32632601261138916,-0.009559266269207,0.6088407635688782,0.2785547971725464,-0.0534139946103096,0.609381377696991,0.374024361371994,-0.032196857035160065,0.5825279951095581,0.3676750063896179,-0.0055900076404213905,0.5083636045455933,0.34456372261047363,-0.030546991154551506,0.5512475371360779,0.30835461616516113,-0.05529802292585373,0.5626951456069946,0.37021946907043457,-0.034002140164375305,0.5345433354377747,0.3767869770526886,-0.010750721208751202,s
0.5745729804039001,0.6182153224945068,2.0151864177364587e-08,0.6512621641159058,0.5466156005859375,-0.020208977162837982,0.7147172093391418,0.4105905592441559,-0.03399573639035225,0.7803263068199158,0.3307657241821289,-0.0538671649992466,0.8430173397064209,0.2802685797214508,-0.06923982501029968,0.6699696779251099,0.3166898488998413,0.018183043226599693,0.6940860748291016,0.23172147572040558,-0.018244696781039238,0.7279747724533081,0.2422650009393692,-0.031241117045283318,0.7503761649131775,0.25437021255493164,-0.03316881135106087,0.6182796359062195,0.31617170572280884,0.008990485221147537,0.6668954491615295,0.2452574074268341,-0.026352442800998688,0.6596242785453796,0.3582100570201874,-0.021137766540050507,0.6362689733505249,0.354825884103775,-0.004848516546189785,0.5670006275177002,0.329560250043869,-0.009975168853998184,0.6150040030479431,0.2785636782646179,-0.0554761067032814,0.6154312491416931,0.3777258098125458,-0.03465195372700691,0.5854595899581909,0.3757101893424988,-0.007487884722650051,0.5105198621749878,0.34715738892555237,-0.031247815117239952,0.5584632158279419,0.309999942779541,-0.05754607543349266,0.5701426863670349,0.3732050955295563,-0.03709201514720917,0.5393025875091553,0.3813726007938385,-0.014007720164954662,s
0.5725446343421936,0.618831992149353,-5.9632574433976515e-09,0.6516464352607727,0.5479726195335388,-0.024207787588238716,0.7138240933418274,0.412690132856369,-0.0375356487929821,0.7804614901542664,0.3333379626274109,-0.055589355528354645,0.8420591950416565,0.2805890440940857,-0.06788736581802368,0.6725292801856995,0.31541168689727783,0.01706438511610031,0.6953873038291931,0.23260901868343353,-0.019067253917455673,0.7269799113273621,0.24323657155036926,-0.03076539933681488,0.7481964230537415,0.2506747245788574,-0.03170818090438843,0.618014395236969,0.3142796456813812,0.010053637437522411,0.6669570803642273,0.2485615313053131,-0.0224106777459383,0.6572273373603821,0.36093926429748535,-0.01511264406144619,0.633105456829071,0.348116934299469,0.001945993979461491,0.5656910538673401,0.32794880867004395,-0.0076255896128714085,0.6121370196342468,0.2809315025806427,-0.050977032631635666,0.6141834259033203,0.3780115842819214,-0.030603064224123955,0.5844037532806396,0.36664319038391113,-0.00480389129370451,0.5102627873420715,0.34587451815605164,-0.02820107899606228,0.5556285977363586,0.3123578131198883,-0.05302981287240982,0.5681565403938293,0.3736438751220703,-0.03307129815220833,0.5361825823783875,0.37780559062957764,-0.010859670117497444,s
0.5713110566139221,0.6208062171936035,-9.070868500771212e-09,0.6499390006065369,0.5519828200340271,-0.026545118540525436,0.7124834060668945,0.4136396646499634,-0.04050658643245697,0.7798469066619873,0.3322771191596985,-0.05864257365465164,0.842608630657196,0.27961161732673645,-0.0705987885594368,0.6721174716949463,0.31416481733322144,0.015732912346720695,0.6956033110618591,0.23209987580776215,-0.020819583907723427,0.7264888286590576,0.24437958002090454,-0.03230823948979378,0.7484307885169983,0.2504424750804901,-0.03310902416706085,0.6175433993339539,0.31270843744277954,0.009976470842957497,0.6669542789459229,0.24955005943775177,-0.022657787427306175,0.6554654240608215,0.36208590865135193,-0.014903055503964424,0.6321141719818115,0.3457179069519043,0.002461387310177088,0.5648203492164612,0.32610639929771423,-0.0067857434041798115,0.6116364002227783,0.28181686997413635,-0.050035107880830765,0.6123127341270447,0.37834879755973816,-0.02969645895063877,0.5836816430091858,0.36441856622695923,-0.0040808445774018764,0.5096337795257568,0.34382787346839905,-0.02671775221824646,0.5555870532989502,0.31245744228363037,-0.05130179226398468,0.5671968460083008,0.3733654320240021,-0.0317627489566803,0.5356385707855225,0.3764045536518097,-0.009902081452310085,s
0.572395920753479,0.6205461621284485,-3.2767875524086776e-08,0.6523230075836182,0.5504698753356934,-0.02525082789361477,0.7147586345672607,0.4105006456375122,-0.03796955570578575,0.7824956178665161,0.328390896320343,-0.05491337180137634,0.8453994989395142,0.27710774540901184,-0.0657799020409584,0.6750342845916748,0.3129592835903168,0.016249721869826317,0.698022186756134,0.23063959181308746,-0.019434433430433273,0.7271072864532471,0.24237219989299774,-0.030332714319229126,0.7479841113090515,0.24720190465450287,-0.030961161479353905,0.6199513673782349,0.3120431900024414,0.009786530397832394,0.6683514714241028,0.24781093001365662,-0.02131354622542858,0.6572823524475098,0.36137425899505615,-0.012520331889390945,0.6349322199821472,0.3448752760887146,0.005096421577036381,0.5665389895439148,0.3254789113998413,-0.0075883143581449986,0.6123977899551392,0.27970343828201294,-0.049825962632894516,0.6138068437576294,0.37724941968917847,-0.028773678466677666,0.5861551761627197,0.3630538284778595,-0.003119350178167224,0.5106334090232849,0.34382641315460205,-0.028041480109095573,0.5557754039764404,0.3105570673942566,-0.05168868228793144,0.5680986046791077,0.37250152230262756,-0.03124719299376011,0.5369361639022827,0.3768165707588196,-0.009119467809796333,s
0.5725970268249512,0.620451807975769,-3.94102457335066e-08,0.6517394185066223,0.5507994294166565,-0.025340400636196136,0.7143381834030151,0.4100668430328369,-0.03815341368317604,0.7815660238265991,0.32805249094963074,-0.05519183725118637,0.8451138734817505,0.2782687246799469,-0.06624303758144379,0.6749551296234131,0.3133040964603424,0.014731801114976406,0.6978709697723389,0.23056071996688843,-0.02138257585465908,0.7273880839347839,0.2424311488866806,-0.032523009926080704,0.7476601004600525,0.24972416460514069,-0.033146247267723083,0.6195160150527954,0.31230878829956055,0.008331088349223137,0.6682051420211792,0.24848408997058868,-0.023585332557559013,0.657248854637146,0.3612828850746155,-0.015176610089838505,0.6346606612205505,0.3465103209018707,0.0023220351431518793,0.5660009384155273,0.3255268931388855,-0.00882043782621622,0.6119294762611389,0.281302809715271,-0.0517142117023468,0.6125918030738831,0.378126859664917,-0.030934259295463562,0.5845199227333069,0.36528804898262024,-0.0052713556215167046,0.5097792744636536,0.34345102310180664,-0.028996216133236885,0.555224597454071,0.31064480543136597,-0.053334254771471024,0.5670256018638611,0.3721916377544403,-0.03318554535508156,0.5359557867050171,0.37682485580444336,-0.011104848235845566,s
0.5716270208358765,0.6200531721115112,-4.424724764362509e-08,0.6526551246643066,0.5493444204330444,-0.024522675201296806,0.7145201563835144,0.40943312644958496,-0.03655250370502472,0.7818215489387512,0.3274362087249756,-0.052978843450546265,0.8454133868217468,0.27694541215896606,-0.0633697435259819,0.6739540100097656,0.3136969208717346,0.016823256388306618,0.6984872221946716,0.23040172457695007,-0.019529668614268303,0.7279167175292969,0.2429327517747879,-0.03107190690934658,0.7481620907783508,0.24748899042606354,-0.032158076763153076,0.619147539138794,0.3126817047595978,0.009801230393350124,0.6690046787261963,0.24646924436092377,-0.022726329043507576,0.6576605439186096,0.360660582780838,-0.014749201945960522,0.6344140768051147,0.3456077575683594,0.0025670411996543407,0.5659162998199463,0.32550233602523804,-0.008106104098260403,0.6129619479179382,0.27820369601249695,-0.05168359354138374,0.613573431968689,0.37676694989204407,-0.030834421515464783,0.58479905128479,0.3637656569480896,-0.0048760403878986835,0.509806752204895,0.3431031405925751,-0.028992263600230217,0.5559919476509094,0.3088688552379608,-0.053554926067590714,0.5679439902305603,0.3711720407009125,-0.03320680558681488,0.5361717939376831,0.37594640254974365,-0.01096383761614561,s
0.5725758075714111,0.6205821633338928,-6.786991857410385e-09,0.6529629826545715,0.5484890341758728,-0.024112051352858543,0.7158054709434509,0.4091245234012604,-0.036867596209049225,0.7825481295585632,0.32809585332870483,-0.05445190146565437,0.8462650179862976,0.2777341306209564,-0.06660793721675873,0.672534704208374,0.3136104345321655,0.017547134310007095,0.6972893476486206,0.23063161969184875,-0.01891002058982849,0.7287772297859192,0.2394362986087799,-0.031356651335954666,0.7506462931632996,0.2450411468744278,-0.03304411470890045,0.6183974146842957,0.3129025399684906,0.010020473040640354,0.6691783666610718,0.24720078706741333,-0.0237355325371027,0.6580303311347961,0.36046773195266724,-0.017312215641140938,0.6341739892959595,0.3481038510799408,-0.0006794392829760909,0.5658958554267883,0.32606199383735657,-0.008179089054465294,0.6134733557701111,0.27854499220848083,-0.05334895849227905,0.6133534908294678,0.37756839394569397,-0.03314649313688278,0.5839718580245972,0.367289662361145,-0.006927166134119034,0.5098788142204285,0.3437855839729309,-0.02917889691889286,0.5567532777786255,0.30766332149505615,-0.05511585995554924,0.5683571696281433,0.37070754170417786,-0.03478137403726578,0.5367386341094971,0.3771429657936096,-0.012052575126290321,s
0.5737377405166626,0.619902491569519,-2.35353025956897e-09,0.6540591716766357,0.5472632050514221,-0.023596573621034622,0.7156174182891846,0.41081494092941284,-0.03666207939386368,0.7828497886657715,0.3305477499961853,-0.054616764187812805,0.8459991812705994,0.27839067578315735,-0.06693404167890549,0.67507004737854,0.31398114562034607,0.019044943153858185,0.6987456679344177,0.2307245284318924,-0.01638658344745636,0.7290060520172119,0.23899106681346893,-0.027998963370919228,0.749228835105896,0.24277587234973907,-0.02926463447511196,0.6205939054489136,0.31259065866470337,0.01171849388629198,0.6701273322105408,0.24618057906627655,-0.020830219611525536,0.6603498458862305,0.35997274518013,-0.013536402024328709,0.6368229389190674,0.34694698452949524,0.003613285254687071,0.5679807662963867,0.3257162868976593,-0.006268576718866825,0.6146351099014282,0.2780124247074127,-0.05002306029200554,0.6164966225624084,0.37705323100090027,-0.029221368953585625,0.5876196026802063,0.3654973804950714,-0.0029622595757246017,0.5125312209129333,0.34368419647216797,-0.027063677087426186,0.558216392993927,0.3092992305755615,-0.05180943012237549,0.5706614851951599,0.3729814291000366,-0.031094206497073174,0.5394040942192078,0.37816813588142395,-0.008353753946721554,s
0.5742412805557251,0.623105525970459,-2.7539918789898366e-08,0.655604898929596,0.5500862002372742,-0.022962333634495735,0.7178933024406433,0.4099513292312622,-0.036153510212898254,0.7859518527984619,0.32758215069770813,-0.05449914187192917,0.850511372089386,0.277496337890625,-0.06728824228048325,0.6754304766654968,0.3147231936454773,0.017688822001218796,0.6999377608299255,0.2325630933046341,-0.01869366690516472,0.7295697331428528,0.24386681616306305,-0.030717357993125916,0.750178873538971,0.2465672492980957,-0.03253268077969551,0.6212561726570129,0.31355607509613037,0.009751809760928154,0.6714448928833008,0.24761894345283508,-0.023243220522999763,0.6601935029029846,0.3618764281272888,-0.015531784854829311,0.6365007758140564,0.34659385681152344,0.0013343407772481441,0.5683689713478088,0.326477974653244,-0.00878707505762577,0.6156278252601624,0.27730298042297363,-0.05261689051985741,0.6165579557418823,0.3758007287979126,-0.030757630243897438,0.5880159735679626,0.3646247386932373,-0.004269199445843697,0.512089192867279,0.34430962800979614,-0.030149543657898903,0.5585489273071289,0.3085901141166687,-0.05492497235536575,0.5706135630607605,0.3710135221481323,-0.03397321701049805,0.5396377444267273,0.3763570487499237,-0.011388690210878849,s
0.5755308270454407,0.6208429336547852,3.676252191553431e-08,0.6567900776863098,0.5477116107940674,-0.022226737812161446,0.7197903990745544,0.4100448787212372,-0.035565923899412155,0.7873951196670532,0.3301175534725189,-0.05431511253118515,0.852346658706665,0.2794687747955322,-0.06814058870077133,0.6775308847427368,0.31445538997650146,0.02059807814657688,0.7012368440628052,0.23469321429729462,-0.014671276323497295,0.7320389747619629,0.23985673487186432,-0.027091937139630318,0.7519750595092773,0.24576658010482788,-0.029105886816978455,0.6239550113677979,0.3113616406917572,0.012371075339615345,0.6748064756393433,0.2415793091058731,-0.02212308533489704,0.6656602025032043,0.3548350930213928,-0.016813384369015694,0.6414023041725159,0.34806331992149353,-0.0001745831104926765,0.571679949760437,0.32346075773239136,-0.006125516723841429,0.6203275918960571,0.2768971621990204,-0.051546886563301086,0.6209724545478821,0.3760135769844055,-0.03187410533428192,0.5907238721847534,0.36811715364456177,-0.005465345457196236,0.515277087688446,0.3414722979068756,-0.027144107967615128,0.5635805130004883,0.3088226020336151,-0.05315663293004036,0.575208306312561,0.37312859296798706,-0.03311316668987274,0.5435484051704407,0.37830647826194763,-0.010428681038320065,s
0.5790573954582214,0.6167668104171753,5.0209393975819694e-08,0.6607010364532471,0.5435113310813904,-0.021162675693631172,0.7237430214881897,0.40544044971466064,-0.03442194685339928,0.7913409471511841,0.326326847076416,-0.05341000854969025,0.8564862012863159,0.27654677629470825,-0.06782298535108566,0.679923415184021,0.31298741698265076,0.02015521191060543,0.7023773193359375,0.23084351420402527,-0.01490716077387333,0.734028160572052,0.2374628335237503,-0.027661176398396492,0.7547016143798828,0.24552378058433533,-0.030114762485027313,0.6262457966804504,0.31074726581573486,0.01140888687223196,0.6766555309295654,0.24284115433692932,-0.0226474329829216,0.6679860949516296,0.3546198606491089,-0.017908114939928055,0.6434829235076904,0.34685084223747253,-0.0023085172288119793,0.5739251971244812,0.3238917887210846,-0.007373355794698,0.6218409538269043,0.2767713963985443,-0.051882825791835785,0.623164713382721,0.3743576109409332,-0.03236749768257141,0.5928609371185303,0.3658313751220703,-0.00678586820140481,0.5174064636230469,0.3416806757450104,-0.02863125130534172,0.564903974533081,0.3088982105255127,-0.05462291091680527,0.5768352746963501,0.37217625975608826,-0.03498420491814613,0.545345664024353,0.3763846755027771,-0.012940052896738052,s
0.5807161927223206,0.619147777557373,3.580329277497185e-08,0.6598160862922668,0.547135055065155,-0.02257928065955639,0.7243276834487915,0.40863674879074097,-0.03624129667878151,0.7916823625564575,0.32856589555740356,-0.054916635155677795,0.856324315071106,0.2780029773712158,-0.06878091394901276,0.6795232892036438,0.31359270215034485,0.01764342375099659,0.7023564577102661,0.2321069985628128,-0.017902322113513947,0.73480623960495,0.23601362109184265,-0.030828621238470078,0.7577548027038574,0.24137674272060394,-0.03320985659956932,0.6266614198684692,0.31216901540756226,0.009574154391884804,0.6770131587982178,0.24624212086200714,-0.024248890578746796,0.6669796705245972,0.3585449457168579,-0.01873905397951603,0.6425108909606934,0.3506892919540405,-0.002663724822923541,0.5744355916976929,0.3244800269603729,-0.00865081325173378,0.6224821209907532,0.2777170240879059,-0.053200408816337585,0.6230120062828064,0.37551867961883545,-0.033474151045084,0.59363853931427,0.3679550886154175,-0.0076233441941440105,0.5183776021003723,0.34277933835983276,-0.02941611222922802,0.5657230615615845,0.3074907660484314,-0.054809149354696274,0.5776675343513489,0.37056565284729004,-0.03456679731607437,0.5464194416999817,0.37711408734321594,-0.012009953148663044,s
0.5806705951690674,0.6154277324676514,2.109721108922713e-08,0.6623544096946716,0.5423717498779297,-0.02241353504359722,0.7251244783401489,0.406376451253891,-0.035609032958745956,0.7926807403564453,0.32770898938179016,-0.05401669070124626,0.8559367060661316,0.2762858271598816,-0.06694528460502625,0.6790842413902283,0.3120897710323334,0.01972826011478901,0.7032877206802368,0.22998346388339996,-0.0170784592628479,0.735074520111084,0.23890551924705505,-0.029837531968951225,0.7559328675270081,0.2428998500108719,-0.0316806323826313,0.6260424852371216,0.3110070824623108,0.011575441807508469,0.6777418851852417,0.24495624005794525,-0.022711368277668953,0.6679140329360962,0.35892587900161743,-0.016104845330119133,0.6423571109771729,0.3464352786540985,0.0008557375404052436,0.5741310715675354,0.3236512839794159,-0.007260959129780531,0.6237006187438965,0.27718424797058105,-0.05271172523498535,0.6244797110557556,0.37645867466926575,-0.03229111433029175,0.5932554602622986,0.3649303913116455,-0.005804423708468676,0.5191024541854858,0.34121111035346985,-0.02874002605676651,0.5676414966583252,0.30847012996673584,-0.05466920882463455,0.5794699788093567,0.37226441502571106,-0.034466009587049484,0.546572744846344,0.3765607178211212,-0.011858424171805382,s
0.5819060802459717,0.6173508167266846,2.989806091591163e-08,0.6615080833435059,0.547161340713501,-0.02319375053048134,0.7249435186386108,0.41000375151634216,-0.036982037127017975,0.7919082045555115,0.329713374376297,-0.055747006088495255,0.8550573587417603,0.27780115604400635,-0.06956303119659424,0.6808552742004395,0.31444051861763,0.016961300745606422,0.7043846249580383,0.23183102905750275,-0.01858050376176834,0.7367523312568665,0.23685744404792786,-0.03119058348238468,0.7599602341651917,0.24160103499889374,-0.03349525108933449,0.6279367804527283,0.3134271502494812,0.009115397930145264,0.6787033081054688,0.24507908523082733,-0.024824442341923714,0.6685323119163513,0.35654038190841675,-0.018912872299551964,0.6439492702484131,0.34765300154685974,-0.0025643196422606707,0.5758044719696045,0.32629457116127014,-0.008972975425422192,0.62393718957901,0.2773894667625427,-0.05347314849495888,0.6249943375587463,0.3744414448738098,-0.03335852175951004,0.5954282283782959,0.3660704493522644,-0.007407286670058966,0.5198426842689514,0.34397637844085693,-0.029743529856204987,0.5670236349105835,0.30857864022254944,-0.055478066205978394,0.5789246559143066,0.37078291177749634,-0.03556699678301811,0.5474147796630859,0.3762020766735077,-0.013377291150391102,s
0.5831265449523926,0.6190083026885986,4.434649980566974e-08,0.6616529226303101,0.5489170551300049,-0.023942476138472557,0.7265344262123108,0.4098321199417114,-0.03801615163683891,0.7945438623428345,0.3297522962093353,-0.057058725506067276,0.8579490780830383,0.2770700752735138,-0.07112636417150497,0.682029664516449,0.31232750415802,0.018036002293229103,0.7053841948509216,0.23017846047878265,-0.01766548678278923,0.7387028932571411,0.23633594810962677,-0.030594488605856895,0.7620823383331299,0.24445314705371857,-0.032794903963804245,0.6282347440719604,0.31089162826538086,0.010648717172443867,0.6788355708122253,0.24406684935092926,-0.02347090095281601,0.6689984202384949,0.35679394006729126,-0.018203457817435265,0.644209623336792,0.34934622049331665,-0.001999439438804984,0.5758708715438843,0.32426103949546814,-0.007112286053597927,0.6244555711746216,0.27714914083480835,-0.05204537510871887,0.6254147291183472,0.3753964900970459,-0.03240999951958656,0.5952872037887573,0.36778345704078674,-0.006473097950220108,0.5197834968566895,0.34241893887519836,-0.027586791664361954,0.5681902170181274,0.3077455163002014,-0.053847603499889374,0.5800589919090271,0.3715313971042633,-0.03407927230000496,0.548416256904602,0.37748152017593384,-0.011647976003587246,s
0.5826526880264282,0.6220670938491821,3.2293691276663594e-08,0.6623231172561646,0.553005039691925,-0.024208230897784233,0.7263847589492798,0.4139332175254822,-0.03838431462645531,0.7937179803848267,0.3324640989303589,-0.057545505464076996,0.8568756580352783,0.27940791845321655,-0.07171982526779175,0.6841385364532471,0.31427860260009766,0.018052157014608383,0.7070437073707581,0.23274549841880798,-0.01707388646900654,0.739180326461792,0.2379596084356308,-0.02941766194999218,0.7619925141334534,0.2445639669895172,-0.03146643564105034,0.6292812824249268,0.3121514916419983,0.011064332909882069,0.6788806319236755,0.24531754851341248,-0.022422870621085167,0.6688201427459717,0.35711926221847534,-0.016663337126374245,0.6450291275978088,0.3481471538543701,-0.00021056749392300844,0.5762632489204407,0.3253360390663147,-0.0063284155912697315,0.6231935024261475,0.28018447756767273,-0.05028534308075905,0.6239545345306396,0.37606021761894226,-0.03094169683754444,0.5946961045265198,0.3664931058883667,-0.005596905015408993,0.5202525854110718,0.34282276034355164,-0.026495449244976044,0.566920280456543,0.31037813425064087,-0.052143990993499756,0.5786250233650208,0.3725213408470154,-0.03293972089886665,0.5478135347366333,0.3767690658569336,-0.011149274185299873,s
0.584603488445282,0.6264152526855469,3.9085556124973664e-08,0.6629040837287903,0.5558906197547913,-0.0239453986287117,0.7273933291435242,0.41582581400871277,-0.038119468837976456,0.7951390147209167,0.33403146266937256,-0.05727298930287361,0.8592455983161926,0.2813189625740051,-0.07167500257492065,0.685969352722168,0.3166772723197937,0.018168363720178604,0.7083882093429565,0.23518848419189453,-0.016099637374281883,0.740504264831543,0.23820427060127258,-0.02794863097369671,0.7623088955879211,0.2461061179637909,-0.029515651986002922,0.6310732364654541,0.31469619274139404,0.01114009041339159,0.6795371174812317,0.24765370786190033,-0.021656570956110954,0.6706050634384155,0.3595495820045471,-0.01589241251349449,0.6472026109695435,0.35317981243133545,0.0006706883432343602,0.5776868462562561,0.3275410234928131,-0.006110523361712694,0.6241127848625183,0.2811710834503174,-0.0498935803771019,0.6256163120269775,0.37802720069885254,-0.030558474361896515,0.5969415903091431,0.3711986839771271,-0.00495598278939724,0.5205910205841064,0.34569427371025085,-0.025984926149249077,0.5671029090881348,0.3099052906036377,-0.05147537589073181,0.5793781280517578,0.37292560935020447,-0.031722377985715866,0.5491400361061096,0.379665344953537,-0.00934138149023056,s
0.5831971764564514,0.6237069964408875,2.0404959499842334e-08,0.6650027632713318,0.5524702668190002,-0.02530749887228012,0.7291990518569946,0.41647425293922424,-0.04020402580499649,0.7980599999427795,0.3359229564666748,-0.060032207518815994,0.8611546754837036,0.2813751697540283,-0.0741191878914833,0.6886181831359863,0.3176423907279968,0.017503555864095688,0.7108508944511414,0.23324055969715118,-0.01924087107181549,0.7426023483276367,0.24228273332118988,-0.030977578833699226,0.763589084148407,0.25000113248825073,-0.031598906964063644,0.6327427625656128,0.31609684228897095,0.010628721676766872,0.6813402771949768,0.24921302497386932,-0.022834885865449905,0.672042965888977,0.3641812205314636,-0.015149521641433239,0.6482081413269043,0.3520146906375885,0.0029367059469223022,0.5792566537857056,0.32973596453666687,-0.00716792605817318,0.6255607604980469,0.2810407876968384,-0.05176757276058197,0.6280136108398438,0.3810350000858307,-0.030241282656788826,0.5985111594200134,0.3702147901058197,-0.0029940358363091946,0.5226630568504333,0.3475850522518158,-0.02789987251162529,0.5681666135787964,0.31215155124664307,-0.05317951738834381,0.5813109874725342,0.37667974829673767,-0.031889911741018295,0.550088107585907,0.3821370303630829,-0.008271388709545135,s
0.5851804614067078,0.6277937889099121,4.300199307749608e-08,0.6648527979850769,0.5584982633590698,-0.02528875134885311,0.7299618721008301,0.41876962780952454,-0.039916086941957474,0.7992740869522095,0.33694756031036377,-0.05904099717736244,0.8641563653945923,0.28419387340545654,-0.07299071550369263,0.6878581047058105,0.3186257481575012,0.01562176737934351,0.7113776803016663,0.23552653193473816,-0.01945016346871853,0.7442284226417542,0.2399616837501526,-0.03159622102975845,0.7670215368270874,0.24806863069534302,-0.03330645337700844,0.63299161195755,0.3167637586593628,0.00908294040709734,0.6835278272628784,0.25111913681030273,-0.023424040526151657,0.6732791662216187,0.3614864647388458,-0.017041927203536034,0.6498613357543945,0.3518063724040985,-0.0004792208783328533,0.5796056985855103,0.3295934498310089,-0.007885690778493881,0.6278886198997498,0.28449195623397827,-0.05160874128341675,0.6289523243904114,0.3804434835910797,-0.03213566169142723,0.600089430809021,0.37050142884254456,-0.006774467881768942,0.5233262777328491,0.3476185202598572,-0.02769586071372032,0.5715157985687256,0.31387585401535034,-0.05336892977356911,0.5838688015937805,0.3757288157939911,-0.033947352319955826,0.5527709722518921,0.38011571764945984,-0.011963088996708393,s
0.5869850516319275,0.6275428533554077,4.1769919079115425e-08,0.6667776107788086,0.5570880174636841,-0.024375248700380325,0.7318105697631836,0.42000532150268555,-0.03920307382941246,0.7999492883682251,0.3400166928768158,-0.05917959660291672,0.863551139831543,0.28581586480140686,-0.07412967830896378,0.6905425786972046,0.3175053596496582,0.018194114789366722,0.7150083184242249,0.2359769195318222,-0.01800181157886982,0.7484411597251892,0.2426956743001938,-0.031127365306019783,0.7702793478965759,0.2538718283176422,-0.033195558935403824,0.6355361938476562,0.31481847167015076,0.010720030404627323,0.6859697699546814,0.24720722436904907,-0.02397806942462921,0.6767078638076782,0.36044996976852417,-0.018954215571284294,0.652868390083313,0.3540542721748352,-0.0025057613383978605,0.5823821425437927,0.327805757522583,-0.007205998059362173,0.6309144496917725,0.28238046169281006,-0.052918896079063416,0.6313431262969971,0.38076144456863403,-0.033494554460048676,0.6014033555984497,0.3725762367248535,-0.00732674915343523,0.5255768299102783,0.3458760976791382,-0.027873404324054718,0.5737857818603516,0.3133145570755005,-0.054930783808231354,0.5851836204528809,0.37782716751098633,-0.0352260023355484,0.5537523031234741,0.3827095627784729,-0.012531720101833344,s
0.5865066647529602,0.6274924278259277,2.2296887891570805e-08,0.6681981086730957,0.5565271973609924,-0.024240417405962944,0.7329252362251282,0.41927358508110046,-0.03766677528619766,0.8017234802246094,0.3393421769142151,-0.05624648928642273,0.8655644655227661,0.2861204445362091,-0.06946415454149246,0.6913845539093018,0.31720301508903503,0.0208395104855299,0.7167686223983765,0.23594361543655396,-0.015732688829302788,0.749448299407959,0.24426713585853577,-0.029000170528888702,0.772417426109314,0.2530543804168701,-0.03104398585855961,0.6363667249679565,0.3147962987422943,0.013306979089975357,0.6879966259002686,0.24965237081050873,-0.021168289706110954,0.6756265759468079,0.36340513825416565,-0.015986932441592216,0.6513710021972656,0.3529444634914398,0.0005603194003924727,0.583273708820343,0.3271109461784363,-0.005088706035166979,0.6323857307434082,0.283632755279541,-0.05063185095787048,0.6306633353233337,0.3825119435787201,-0.03121086210012436,0.6003921627998352,0.3712574541568756,-0.0050719422288239,0.5270868539810181,0.3443215489387512,-0.026353465393185616,0.5758350491523743,0.31232979893684387,-0.05254564806818962,0.5861242413520813,0.3773112893104553,-0.0323171392083168,0.5539895296096802,0.3821854591369629,-0.009301690384745598,s
0.5873813033103943,0.6312133073806763,2.071066695918944e-08,0.6698735356330872,0.5597965121269226,-0.022219141945242882,0.7349140644073486,0.4212913513183594,-0.034573473036289215,0.8033596277236938,0.3410615921020508,-0.05224053934216499,0.8670517206192017,0.28737133741378784,-0.06490655243396759,0.692717432975769,0.32067087292671204,0.020759128034114838,0.7176674008369446,0.23800025880336761,-0.014940567314624786,0.7525174617767334,0.2449548840522766,-0.028027573600411415,0.7764142751693726,0.2525305151939392,-0.0302381943911314,0.6372485160827637,0.3178243041038513,0.012200302444398403,0.6900365352630615,0.2495163083076477,-0.021612711250782013,0.6798280477523804,0.36435672640800476,-0.016640929505228996,0.6544631719589233,0.3560622036457062,-0.00041559364763088524,0.5840809345245361,0.32990762591362,-0.006770096253603697,0.6343148350715637,0.28237098455429077,-0.05189145728945732,0.6355064511299133,0.382590115070343,-0.03244497627019882,0.6041656136512756,0.37316811084747314,-0.006321432068943977,0.5270800590515137,0.34742051362991333,-0.02833283320069313,0.5759812593460083,0.31290069222450256,-0.0543418824672699,0.5884670615196228,0.37804630398750305,-0.03383006155490875,0.5554681420326233,0.38387709856033325,-0.010711590759456158,s
0.58775794506073,0.6273499727249146,2.5489384825050365e-08,0.6705809831619263,0.5569321513175964,-0.023634951561689377,0.7360891103744507,0.4217836558818817,-0.03844694048166275,0.8055339455604553,0.3423464894294739,-0.05863797664642334,0.8703610301017761,0.2885701656341553,-0.07347046583890915,0.6961492300033569,0.32170993089675903,0.01927180588245392,0.7206701040267944,0.23726992309093475,-0.017377901822328568,0.7540761232376099,0.2462148666381836,-0.029679113999009132,0.775508463382721,0.25583314895629883,-0.030877206474542618,0.6404761075973511,0.3180956542491913,0.011375484988093376,0.6920836567878723,0.2501022517681122,-0.022992046549916267,0.6815564036369324,0.36628472805023193,-0.016392502933740616,0.6564792394638062,0.35620447993278503,0.0012390067568048835,0.5870441198348999,0.3298339545726776,-0.00720659364014864,0.6360051035881042,0.2844221293926239,-0.05264021083712578,0.6361877918243408,0.38506555557250977,-0.03190532326698303,0.6052632927894592,0.3736226558685303,-0.004911614116281271,0.5299645662307739,0.3461081385612488,-0.028498809784650803,0.5772746205329895,0.3143630921840668,-0.05439484119415283,0.5887298583984375,0.3803401589393616,-0.03343816474080086,0.556381344795227,0.3842492401599884,-0.010011324658989906,s
0.5898363590240479,0.6323564648628235,4.412618892501996e-08,0.670280396938324,0.5647153854370117,-0.026521677151322365,0.7366822957992554,0.4252306818962097,-0.041468456387519836,0.8074321150779724,0.34414663910865784,-0.06065456196665764,0.8750492334365845,0.29213011264801025,-0.0740572065114975,0.6960836052894592,0.3219110369682312,0.0172581784427166,0.7211220264434814,0.23963703215122223,-0.018131190910935402,0.7532579898834229,0.2460419237613678,-0.029972810298204422,0.7743242383003235,0.25238633155822754,-0.031369131058454514,0.6397160291671753,0.3185045123100281,0.011387860402464867,0.6923336982727051,0.25289827585220337,-0.021533681079745293,0.6818488240242004,0.3666416108608246,-0.014909755438566208,0.6583480834960938,0.3543679714202881,0.0024129131343215704,0.5857361555099487,0.3308989107608795,-0.0053408476524055,0.6350257992744446,0.28781265020370483,-0.04931388422846794,0.6366140246391296,0.38571053743362427,-0.03007880225777626,0.6072976589202881,0.3718533515930176,-0.004635161720216274,0.5300889015197754,0.34802573919296265,-0.02505331113934517,0.5785606503486633,0.31795114278793335,-0.05041198059916496,0.5902267694473267,0.38134145736694336,-0.031282417476177216,0.5579600930213928,0.38346680998802185,-0.00950754713267088,s
0.5894066095352173,0.634411633014679,3.161429873443922e-08,0.6703234910964966,0.5670158267021179,-0.02463720552623272,0.7385953068733215,0.43028172850608826,-0.03966944292187691,0.8082382082939148,0.3505503535270691,-0.05974254757165909,0.873112678527832,0.29638150334358215,-0.07470980286598206,0.6965866088867188,0.3273092210292816,0.017010783776640892,0.7221918106079102,0.24366959929466248,-0.019354229792952538,0.7576959133148193,0.2525537312030792,-0.03253845497965813,0.7815393209457397,0.26498010754585266,-0.034634917974472046,0.6412713527679443,0.3231489062309265,0.009821613319218159,0.6929751634597778,0.25600582361221313,-0.025292735546827316,0.6829426884651184,0.37046968936920166,-0.02026631310582161,0.6582568287849426,0.36495500802993774,-0.0036113157402724028,0.5880073308944702,0.33481577038764954,-0.007781142368912697,0.6376838684082031,0.291540265083313,-0.05312422290444374,0.6374268531799316,0.3900270164012909,-0.03386765718460083,0.6062893271446228,0.3815026879310608,-0.007873089984059334,0.5313451290130615,0.3510160744190216,-0.028183836489915848,0.5803341269493103,0.3206561207771301,-0.054850418120622635,0.5911513566970825,0.3853391408920288,-0.0355396531522274,0.5588122606277466,0.389557808637619,-0.01318859402090311,s
0.5880146622657776,0.6365271210670471,3.20987219026847e-08,0.6694629788398743,0.5705406665802002,-0.026688557118177414,0.7385063767433167,0.43243077397346497,-0.042271342128515244,0.8097578883171082,0.35288137197494507,-0.062179867178201675,0.876473069190979,0.30030837655067444,-0.0768081396818161,0.6970669031143188,0.3286838233470917,0.013750392943620682,0.7235211133956909,0.24663245677947998,-0.022520994767546654,0.7568372488021851,0.25628381967544556,-0.03524913638830185,0.7797060012817383,0.26867300271987915,-0.037123531103134155,0.6407989263534546,0.3247913718223572,0.0076134707778692245,0.6937503814697266,0.2601916193962097,-0.02693638764321804,0.6821449995040894,0.37282171845436096,-0.021562764421105385,0.6582462787628174,0.36510682106018066,-0.0050258999690413475,0.5867756009101868,0.3370002806186676,-0.008973293006420135,0.6371334195137024,0.2954237461090088,-0.05349327623844147,0.6367482542991638,0.3917393982410431,-0.03443500027060509,0.6070892214775085,0.3821420669555664,-0.009008423425257206,0.5304597020149231,0.3535282015800476,-0.028568828478455544,0.5797713398933411,0.32284224033355713,-0.05463806912302971,0.5912880301475525,0.3857104778289795,-0.03544322028756142,0.5599992871284485,0.38961538672447205,-0.013385792262852192,s
0.5868101119995117,0.6369626522064209,4.798562969199338e-08,0.6659342050552368,0.5727574825286865,-0.0290842205286026,0.7343224287033081,0.4364229142665863,-0.046660277992486954,0.8052158951759338,0.3561674654483795,-0.06842266768217087,0.8725258111953735,0.3042633831501007,-0.08473251014947891,0.6951472759246826,0.33162394165992737,0.013012435287237167,0.721469521522522,0.24716278910636902,-0.024612993001937866,0.755666196346283,0.2569553852081299,-0.03794284164905548,0.7782002091407776,0.27186277508735657,-0.039536796510219574,0.639517605304718,0.32761096954345703,0.008288641460239887,0.6916728019714355,0.2639561891555786,-0.02724968083202839,0.6799553632736206,0.37782832980155945,-0.021512391045689583,0.656152606010437,0.37101948261260986,-0.004184459801763296,0.5857740640640259,0.3391491770744324,-0.007269631139934063,0.6354823708534241,0.29771721363067627,-0.05268726125359535,0.6336722373962402,0.39483752846717834,-0.03335441276431084,0.6043775677680969,0.3866671323776245,-0.007220069412142038,0.5296400785446167,0.35494524240493774,-0.025994429364800453,0.5784087777137756,0.3236655294895172,-0.052437376230955124,0.5886481404304504,0.38710787892341614,-0.03321421146392822,0.5579591989517212,0.39201611280441284,-0.010740267112851143,s
0.5863786339759827,0.6361129283905029,1.5270712694359645e-08,0.6656805276870728,0.5695516467094421,-0.0308785829693079,0.7330238819122314,0.4350946843624115,-0.0476016029715538,0.8038412928581238,0.355694979429245,-0.06787903606891632,0.8691258430480957,0.30263611674308777,-0.08161342144012451,0.6966688632965088,0.3291998505592346,0.012952446937561035,0.722248911857605,0.24745720624923706,-0.02515041083097458,0.7527823448181152,0.261038213968277,-0.03769920766353607,0.7727401256561279,0.2730448842048645,-0.038367629051208496,0.6384726762771606,0.3256872296333313,0.009401476010680199,0.6889952421188354,0.2673800587654114,-0.024639355018734932,0.6775833368301392,0.38008761405944824,-0.018076326698064804,0.6566452980041504,0.36537039279937744,-0.0006945606437511742,0.5838539004325867,0.3384994864463806,-0.005458326544612646,0.6318712830543518,0.3005496859550476,-0.04938138276338577,0.6314952969551086,0.3962942361831665,-0.030047867447137833,0.6043680310249329,0.3817143738269806,-0.004609189927577972,0.5284837484359741,0.35602736473083496,-0.023865731433033943,0.5757550001144409,0.32739612460136414,-0.04883959889411926,0.5857893824577332,0.38960522413253784,-0.029389146715402603,0.5551611185073853,0.39220985770225525,-0.00700424425303936,s
0.5835360288619995,0.6358155012130737,3.89810779211075e-08,0.6602804660797119,0.5726814866065979,-0.030331553891301155,0.7272719144821167,0.439911425113678,-0.04896683618426323,0.7982350587844849,0.35951095819473267,-0.07157488912343979,0.863770604133606,0.3065735101699829,-0.08843230456113815,0.6938097476959229,0.33337491750717163,0.010611054487526417,0.7196003198623657,0.24836444854736328,-0.026889603585004807,0.750778079032898,0.2575896084308624,-0.040089964866638184,0.7679973840713501,0.27534082531929016,-0.041441209614276886,0.6364828944206238,0.32833606004714966,0.0070104654878377914,0.6863880157470703,0.26518043875694275,-0.02911493368446827,0.6768378615379333,0.3767717182636261,-0.024138545617461205,0.6540313363075256,0.372209370136261,-0.00715577183291316,0.5823957324028015,0.3407498896121979,-0.007111493032425642,0.6283390522003174,0.30191460251808167,-0.05083443224430084,0.6284674406051636,0.39473268389701843,-0.03136834874749184,0.6000561118125916,0.3873133361339569,-0.005725883413106203,0.5263223648071289,0.3579508364200592,-0.024662286043167114,0.5708910226821899,0.3303348124027252,-0.04962499067187309,0.580642819404602,0.39035025238990784,-0.03038717433810234,0.5511742234230042,0.393153578042984,-0.008157812990248203,s
0.5831793546676636,0.6349847912788391,6.13392856507744e-08,0.658452570438385,0.5690378546714783,-0.02847740612924099,0.7250548601150513,0.43736064434051514,-0.047010794281959534,0.7953959703445435,0.3589702248573303,-0.07006791234016418,0.8600313067436218,0.3076331317424774,-0.08784379065036774,0.6892287135124207,0.33363738656044006,0.011744116432964802,0.7145698070526123,0.24857133626937866,-0.02602999098598957,0.7472547292709351,0.2583439350128174,-0.04059332609176636,0.7656294703483582,0.27682721614837646,-0.043128907680511475,0.6331264972686768,0.32924309372901917,0.0070439958944916725,0.6816674470901489,0.2649397850036621,-0.03008868917822838,0.674807071685791,0.3760295510292053,-0.026576921343803406,0.6534097194671631,0.3743606209754944,-0.010581046342849731,0.5799382328987122,0.34260421991348267,-0.007850256748497486,0.6248863935470581,0.30262163281440735,-0.05184356868267059,0.626259446144104,0.395105242729187,-0.03253959119319916,0.5987346768379211,0.39016324281692505,-0.006852536927908659,0.5245783925056458,0.3606261610984802,-0.026024924591183662,0.5680865049362183,0.33150917291641235,-0.05099502578377724,0.5785115361213684,0.3911847770214081,-0.03152389079332352,0.5503525733947754,0.3947407603263855,-0.009095984511077404,s
0.5803185701370239,0.6354305744171143,2.2761414086858167e-08,0.656307578086853,0.5708879232406616,-0.028941331431269646,0.7231152057647705,0.4370180666446686,-0.04603022336959839,0.7925117015838623,0.3579888343811035,-0.06731727719306946,0.8562871217727661,0.30710551142692566,-0.0826982781291008,0.686598539352417,0.33377718925476074,0.01248584408313036,0.7129499912261963,0.24703235924243927,-0.02521197497844696,0.7454672455787659,0.26139596104621887,-0.03869463503360748,0.7641769647598267,0.2814052104949951,-0.04002441093325615,0.6302763223648071,0.3290727138519287,0.008606703020632267,0.6792715191841125,0.2688792943954468,-0.026944266632199287,0.6698755025863647,0.38020050525665283,-0.022126685827970505,0.6475504636764526,0.37374448776245117,-0.005585927981883287,0.5771047472953796,0.3415449261665344,-0.00583301018923521,0.6228028535842896,0.30524009466171265,-0.04839365929365158,0.6221970319747925,0.39732232689857483,-0.029093973338603973,0.594097912311554,0.3885548710823059,-0.003953856881707907,0.5225384831428528,0.3587811291217804,-0.0237268079072237,0.5668975710868835,0.3323163092136383,-0.04761646315455437,0.5760334134101868,0.39197102189064026,-0.028289804235100746,0.5465742945671082,0.3946836590766907,-0.006146605126559734,s
0.5789040327072144,0.6391282081604004,2.0945709167108362e-08,0.6538310050964355,0.5745256543159485,-0.028964651748538017,0.7182195782661438,0.4427027106285095,-0.046275414526462555,0.7864564657211304,0.36253756284713745,-0.06777085363864899,0.8492701053619385,0.3092777729034424,-0.08318649977445602,0.6835538148880005,0.3371162712574005,0.013586258515715599,0.7092160582542419,0.24931742250919342,-0.024139756336808205,0.7429305911064148,0.25998011231422424,-0.037647441029548645,0.7626339197158813,0.27751752734184265,-0.03904341161251068,0.6275842189788818,0.33278894424438477,0.00965359527617693,0.6768510341644287,0.27094322443008423,-0.026650764048099518,0.668336033821106,0.38354742527008057,-0.021969186142086983,0.646417498588562,0.37717676162719727,-0.0052574435248970985,0.5752093195915222,0.3449016511440277,-0.0049278829246759415,0.6207094192504883,0.3068094253540039,-0.04908501356840134,0.6204059720039368,0.4003172516822815,-0.029865484684705734,0.5923117995262146,0.3909945785999298,-0.0042504495941102505,0.5210899710655212,0.3618532717227936,-0.022822560742497444,0.5652406215667725,0.33350664377212524,-0.04792200028896332,0.574089527130127,0.39422187209129333,-0.028717992827296257,0.5440787672996521,0.39736172556877136,-0.006408765912055969,s
0.5770488381385803,0.638653576374054,5.1758251018441115e-09,0.6552374362945557,0.572057843208313,-0.028576429933309555,0.7204188108444214,0.4391525387763977,-0.04468952491879463,0.788213849067688,0.3598683476448059,-0.06465199589729309,0.8523022532463074,0.30719172954559326,-0.0782325342297554,0.6821699142456055,0.33368125557899475,0.013905048370361328,0.7080866098403931,0.2505109906196594,-0.0231446772813797,0.7399899363517761,0.2629871070384979,-0.03526238352060318,0.7598249912261963,0.27521181106567383,-0.03581567853689194,0.625046968460083,0.3299778997898102,0.009703022427856922,0.6768168210983276,0.27367645502090454,-0.024463843554258347,0.666334867477417,0.38511791825294495,-0.0185245331376791,0.6436038613319397,0.3702815771102905,-0.001550712389871478,0.5723558664321899,0.34282124042510986,-0.005292453337460756,0.6207534074783325,0.30818095803260803,-0.04910922795534134,0.620303213596344,0.40264394879341125,-0.030684253200888634,0.5914275050163269,0.387125700712204,-0.005855345167219639,0.5189576148986816,0.3601662516593933,-0.023466486483812332,0.5660569667816162,0.3337188959121704,-0.04855233430862427,0.5760653614997864,0.39537230134010315,-0.029662389308214188,0.5446375608444214,0.3970429599285126,-0.007604257669299841,s
0.5758870840072632,0.6424177289009094,-1.584372277818602e-08,0.6551782488822937,0.5764294862747192,-0.027364885434508324,0.720097005367279,0.4416836202144623,-0.04162352904677391,0.7886677384376526,0.36086392402648926,-0.05976489931344986,0.8538365364074707,0.30770108103752136,-0.07164256274700165,0.6802148222923279,0.3363371193408966,0.016238665208220482,0.7076849937438965,0.2529676854610443,-0.0203850157558918,0.7397366762161255,0.26585930585861206,-0.0329456552863121,0.7609363198280334,0.2768823504447937,-0.03405464068055153,0.6239588856697083,0.33267009258270264,0.011358038522303104,0.6772124171257019,0.2737608850002289,-0.02246992290019989,0.6655184030532837,0.38576772809028625,-0.01733352243900299,0.6419707536697388,0.3723858594894409,-0.000881016836501658,0.5715053081512451,0.3448706865310669,-0.004341549705713987,0.620873212814331,0.3079740107059479,-0.047850001603364944,0.6202588081359863,0.40321579575538635,-0.03007066622376442,0.5907230377197266,0.3881568908691406,-0.005558232311159372,0.5180696249008179,0.36169618368148804,-0.023178009316325188,0.5656949877738953,0.334308922290802,-0.04757695645093918,0.5762391090393066,0.39613690972328186,-0.028583429753780365,0.5442247986793518,0.3986768126487732,-0.00657939538359642,s
0.5771019458770752,0.6436716914176941,-3.729807573904509e-09,0.6568471193313599,0.5771254897117615,-0.02674289233982563,0.7228748798370361,0.43999239802360535,-0.041331980377435684,0.7920438647270203,0.359585165977478,-0.05994643643498421,0.8578953146934509,0.30654165148735046,-0.0723889097571373,0.6794535517692566,0.33379635214805603,0.016619769856333733,0.7071398496627808,0.25268036127090454,-0.020537978038191795,0.7395836114883423,0.2649398148059845,-0.033189136534929276,0.7614262700080872,0.27683448791503906,-0.03437890112400055,0.6240789294242859,0.3303455114364624,0.011158977635204792,0.6786569356918335,0.27403998374938965,-0.02332370914518833,0.667478084564209,0.3883115351200104,-0.01754601299762726,0.6438392400741577,0.3760380446910858,-0.000570909702219069,0.5715675354003906,0.3422781825065613,-0.0052359262481331825,0.6238453388214111,0.3088529706001282,-0.04976547881960869,0.6228840351104736,0.4063672721385956,-0.031581245362758636,0.5925660729408264,0.39180222153663635,-0.006581843830645084,0.5180885195732117,0.36017876863479614,-0.024710427969694138,0.5678071975708008,0.33632150292396545,-0.0500074066221714,0.5786218643188477,0.40023693442344666,-0.031432144343853,0.5461052656173706,0.4020310938358307,-0.009673215448856354,s
0.5791099071502686,0.6430215835571289,1.333537902326043e-08,0.6602153778076172,0.5724352598190308,-0.02371159940958023,0.7263851165771484,0.4361344575881958,-0.03853821009397507,0.7954297661781311,0.3577701449394226,-0.05840318650007248,0.8610615730285645,0.3059607446193695,-0.07248938083648682,0.6790573000907898,0.3347740173339844,0.01814260706305504,0.7070928812026978,0.2522233724594116,-0.01929805614054203,0.7410870790481567,0.26375144720077515,-0.03229647874832153,0.7636547088623047,0.2756357789039612,-0.03381569683551788,0.6241166591644287,0.3312694728374481,0.010775226168334484,0.6795275807380676,0.27292293310165405,-0.024884210899472237,0.6687893867492676,0.38711145520210266,-0.019651517271995544,0.6438602805137634,0.3757394254207611,-0.0029546075966209173,0.5722508430480957,0.34318041801452637,-0.0071393391117453575,0.6256914138793945,0.30794471502304077,-0.052075158804655075,0.6246335506439209,0.40517908334732056,-0.03318817913532257,0.5928063988685608,0.3922523558139801,-0.007681556977331638,0.5191237330436707,0.36056751012802124,-0.027919838204979897,0.5696197152137756,0.33617547154426575,-0.05340271815657616,0.5802438259124756,0.399773508310318,-0.03433464094996452,0.5468611717224121,0.4018954932689667,-0.012237653136253357,s
0.5809923410415649,0.6416853666305542,4.7882515730179875e-09,0.6627412438392639,0.5739849209785461,-0.024598943069577217,0.7292978763580322,0.4382365345954895,-0.039557989686727524,0.7979983687400818,0.35877725481987,-0.059435464441776276,0.8633426427841187,0.3062036633491516,-0.07346973568201065,0.6843734979629517,0.33588677644729614,0.01672881282866001,0.713007390499115,0.25164127349853516,-0.022220611572265625,0.747306227684021,0.26414117217063904,-0.03580697998404503,0.7700120210647583,0.27638834714889526,-0.03736047446727753,0.6297789812088013,0.3323938250541687,0.009453845210373402,0.6846722960472107,0.2694562077522278,-0.027869729325175285,0.6743539571762085,0.38576048612594604,-0.022635377943515778,0.6494765281677246,0.3768625557422638,-0.005302809178829193,0.5772964954376221,0.34343403577804565,-0.008540644310414791,0.6312460899353027,0.3058323562145233,-0.05542650818824768,0.6304803490638733,0.4053235948085785,-0.03620535507798195,0.599216878414154,0.39403676986694336,-0.009553812444210052,0.5227014422416687,0.3604208827018738,-0.029377466067671776,0.5738318562507629,0.3347952365875244,-0.05572758987545967,0.5851987600326538,0.39903175830841064,-0.0362887866795063,0.5525777339935303,0.4018497169017792,-0.013519056141376495,s
0.5854679346084595,0.636970579624176,1.4365524769743843e-08,0.666312575340271,0.5666658878326416,-0.02425151877105236,0.7338782548904419,0.4343550503253937,-0.040506064891815186,0.8043435215950012,0.35738474130630493,-0.06210540607571602,0.8690884709358215,0.30519354343414307,-0.07781708240509033,0.6875078082084656,0.3297218680381775,0.017901111394166946,0.7197953462600708,0.25070786476135254,-0.021733693778514862,0.7532474994659424,0.26705068349838257,-0.03601542115211487,0.7750135660171509,0.27747076749801636,-0.038100894540548325,0.6327683329582214,0.32562875747680664,0.010766197927296162,0.6871476173400879,0.2708626985549927,-0.02608242817223072,0.6754924654960632,0.3855101466178894,-0.020569412037730217,0.652387261390686,0.3709830641746521,-0.003789825364947319,0.5805600881576538,0.3372378945350647,-0.007177479099482298,0.6346758008003235,0.30820542573928833,-0.0525725856423378,0.6318964958190918,0.4046366810798645,-0.03257988020777702,0.6024309396743774,0.3895713686943054,-0.006320290267467499,0.5277103185653687,0.35576289892196655,-0.028137458488345146,0.578262209892273,0.3364796042442322,-0.053209345787763596,0.5872227549552917,0.39932626485824585,-0.03359879180788994,0.5554744005203247,0.3995420038700104,-0.011079522781074047,s
0.5903686285018921,0.6374995112419128,3.0952190144262204e-08,0.6712518334388733,0.568523108959198,-0.023873530328273773,0.7393578290939331,0.43577122688293457,-0.038182441145181656,0.8078647255897522,0.35860535502433777,-0.05751964449882507,0.8724004030227661,0.30636560916900635,-0.07128984481096268,0.6924309134483337,0.3297058343887329,0.01946071907877922,0.7233363389968872,0.2526934742927551,-0.01785012148320675,0.757354736328125,0.26569271087646484,-0.03162533417344093,0.7795162200927734,0.2774110436439514,-0.033668551594018936,0.6372776627540588,0.3264373242855072,0.012500961311161518,0.6926350593566895,0.2685571014881134,-0.023501232266426086,0.683070957660675,0.3815944194793701,-0.019927166402339935,0.6593132019042969,0.3723923861980438,-0.0041253939270973206,0.5852468013763428,0.33824634552001953,-0.004902110900729895,0.6391721367835999,0.30761048197746277,-0.0506100058555603,0.6380265951156616,0.4042229950428009,-0.033197492361068726,0.6065685749053955,0.39225322008132935,-0.007999451830983162,0.5315333604812622,0.35543370246887207,-0.025049660354852676,0.5825396776199341,0.33502066135406494,-0.050723690539598465,0.593216061592102,0.3983496129512787,-0.032253727316856384,0.5606690049171448,0.4000775218009949,-0.010250032879412174,s
0.5952600836753845,0.6341794729232788,4.3639929003802536e-08,0.675776481628418,0.5676048994064331,-0.023444145917892456,0.7433919310569763,0.4372817873954773,-0.03945719078183174,0.8130503296852112,0.3599317967891693,-0.06127043440937996,0.8781682848930359,0.3087628483772278,-0.07784254848957062,0.6973671913146973,0.3369268774986267,0.01851128228008747,0.7269993424415588,0.2533412575721741,-0.021126512438058853,0.7627463936805725,0.2660863399505615,-0.03595418483018875,0.7864338159561157,0.28124764561653137,-0.03824310377240181,0.6454755067825317,0.3332069218158722,0.01079996395856142,0.6981192827224731,0.26881542801856995,-0.029414532706141472,0.6894657015800476,0.38432392477989197,-0.025869842618703842,0.6663745045661926,0.38178977370262146,-0.009053023532032967,0.5940556526184082,0.34222573041915894,-0.007409306708723307,0.6465957760810852,0.3056109547615051,-0.0560995489358902,0.6443163752555847,0.40400761365890503,-0.036558281630277634,0.6142550110816956,0.398431658744812,-0.00887648668140173,0.538257896900177,0.3560444116592407,-0.02831847593188286,0.5883922576904297,0.33220431208610535,-0.05552882328629494,0.597953200340271,0.39715903997421265,-0.036148879677057266,0.5671131610870361,0.4013211727142334,-0.013069347478449345,s
0.5959075689315796,0.6329607963562012,4.8142862141276055e-08,0.6786558628082275,0.5666446685791016,-0.02136676385998726,0.7457614541053772,0.43550679087638855,-0.03531203046441078,0.8148275017738342,0.36003828048706055,-0.05477774143218994,0.8805196285247803,0.3087843060493469,-0.06927238404750824,0.7006745934486389,0.332990825176239,0.020105447620153427,0.73186194896698,0.2541460394859314,-0.016442250460386276,0.76554274559021,0.26360052824020386,-0.03027534671127796,0.7876763939857483,0.2751709222793579,-0.03281385824084282,0.6461975574493408,0.3277379274368286,0.011790500022470951,0.7030309438705444,0.2685093581676483,-0.02429523691534996,0.6912943720817566,0.3800071179866791,-0.0206674262881279,0.6665071249008179,0.3736124634742737,-0.004875987768173218,0.5940225124359131,0.3377029001712799,-0.006632273551076651,0.6493757367134094,0.30589956045150757,-0.05226679891347885,0.6464877724647522,0.40241914987564087,-0.034542810171842575,0.6149200797080994,0.3918909430503845,-0.009291457943618298,0.5405052900314331,0.35309460759162903,-0.02754712849855423,0.5933666825294495,0.33232012391090393,-0.05367416888475418,0.6024172306060791,0.3966809809207916,-0.035327669233083725,0.5696985125541687,0.3982989192008972,-0.013628989458084106,s
0.5933975577354431,0.6352461576461792,6.555616494097194e-08,0.675698459148407,0.5711820125579834,-0.0255444198846817,0.7446929216384888,0.4376147389411926,-0.0402425080537796,0.815459132194519,0.36085233092308044,-0.059312496334314346,0.8825007081031799,0.30785927176475525,-0.07288605719804764,0.700634777545929,0.33345720171928406,0.018214859068393707,0.7320815324783325,0.2551048696041107,-0.018731739372015,0.7661719918251038,0.2643890678882599,-0.03253381699323654,0.7908738851547241,0.2751699686050415,-0.034925833344459534,0.6459918022155762,0.3280017375946045,0.012107652612030506,0.7037644386291504,0.26781415939331055,-0.024465251713991165,0.6914258599281311,0.3798898160457611,-0.020967690274119377,0.6678777933120728,0.3740501403808594,-0.004770881496369839,0.5937960147857666,0.3376026749610901,-0.004642336629331112,0.6506540775299072,0.3042452931404114,-0.051087673753499985,0.6481185555458069,0.402147501707077,-0.034043971449136734,0.6175867915153503,0.3917101323604584,-0.008708491921424866,0.5407687425613403,0.3529410660266876,-0.024256659671664238,0.5955495834350586,0.33034247159957886,-0.05099991336464882,0.6049619913101196,0.39533206820487976,-0.03344973176717758,0.5722582340240479,0.39753457903862,-0.011996032670140266,s
0.5971242785453796,0.6301397681236267,7.295952997310451e-08,0.6782214641571045,0.5655950307846069,-0.025013647973537445,0.7463740706443787,0.4324181377887726,-0.041028253734111786,0.8159224390983582,0.3548547029495239,-0.061779558658599854,0.8836622834205627,0.30586549639701843,-0.07757154107093811,0.7024226784706116,0.3319264054298401,0.015374469570815563,0.7322549223899841,0.25215208530426025,-0.021271392703056335,0.7659658789634705,0.2607126832008362,-0.03449280187487602,0.7882760763168335,0.2729570269584656,-0.03648790344595909,0.6484838724136353,0.3275691866874695,0.00898720882833004,0.7039995789527893,0.26739197969436646,-0.027128780260682106,0.692173421382904,0.37858259677886963,-0.0222130436450243,0.6679616570472717,0.37261834740638733,-0.005528039298951626,0.596177339553833,0.338180273771286,-0.007661765906959772,0.6509799957275391,0.3042933940887451,-0.05386803671717644,0.647823691368103,0.4011562466621399,-0.03554500639438629,0.6177871227264404,0.3918874263763428,-0.009756126441061497,0.5418524742126465,0.3538595736026764,-0.026968570426106453,0.5948379039764404,0.32929477095603943,-0.05386960506439209,0.603706955909729,0.39382994174957275,-0.035547394305467606,0.5723801255226135,0.39646947383880615,-0.013734440319240093,s
0.5958077311515808,0.6316811442375183,4.07928197887486e-08,0.6768496632575989,0.5670689344406128,-0.02444702573120594,0.7459520101547241,0.4308651089668274,-0.038784001022577286,0.8155421614646912,0.35337045788764954,-0.057435352355241776,0.8830134868621826,0.3038606345653534,-0.07083654403686523,0.7008818984031677,0.3309977352619171,0.016634522005915642,0.7303596138954163,0.2524007558822632,-0.018938085064291954,0.7639070749282837,0.2621667981147766,-0.03142394870519638,0.7871822714805603,0.2712697684764862,-0.03314213454723358,0.6465104222297668,0.3260745406150818,0.010394285432994366,0.7032107710838318,0.26758208870887756,-0.023470841348171234,0.6898839473724365,0.379886656999588,-0.017731618136167526,0.6646692752838135,0.37050360441207886,-0.0009643390076234937,0.5941832661628723,0.3364750146865845,-0.006170984823256731,0.6488703489303589,0.30441877245903015,-0.049981072545051575,0.6460132002830505,0.40044206380844116,-0.03188289701938629,0.6153784990310669,0.38760071992874146,-0.00697005819529295,0.5404740571975708,0.35207653045654297,-0.025475120171904564,0.5919981598854065,0.3295271396636963,-0.0501212403178215,0.6012831926345825,0.3927789032459259,-0.03162773326039314,0.5687865018844604,0.3940695524215698,-0.010260338895022869,s
0.5931398868560791,0.6349359750747681,6.731258395120676e-08,0.6739642024040222,0.5716977715492249,-0.025225868448615074,0.7434518337249756,0.43468567728996277,-0.04124525934457779,0.8138831853866577,0.3562503755092621,-0.06181984767317772,0.8812605142593384,0.30443477630615234,-0.07753060013055801,0.6994361877441406,0.33380991220474243,0.015222694724798203,0.7284168004989624,0.2537580728530884,-0.02173784375190735,0.7638842463493347,0.26192665100097656,-0.035740263760089874,0.7888498902320862,0.27462875843048096,-0.03843877837061882,0.6459677219390869,0.3292226791381836,0.008664501830935478,0.7017245292663574,0.26677870750427246,-0.02779521606862545,0.6900243759155273,0.3794163167476654,-0.02369234897196293,0.6655283570289612,0.37574851512908936,-0.007478254847228527,0.5938827991485596,0.339997798204422,-0.008126137778162956,0.6485782265663147,0.30348578095436096,-0.05372963100671768,0.6463214755058289,0.39987629652023315,-0.03551101312041283,0.6159341931343079,0.39242297410964966,-0.009964208118617535,0.5395808815956116,0.3561369478702545,-0.02769683673977852,0.5914674401283264,0.329978883266449,-0.05399465933442116,0.6014148592948914,0.39332401752471924,-0.03557349368929863,0.5699622631072998,0.39645084738731384,-0.013853892683982849,s
0.5933755040168762,0.6345698833465576,5.5207451055139245e-08,0.6748461127281189,0.5689256191253662,-0.02531399205327034,0.7433006763458252,0.43411269783973694,-0.040839869529008865,0.8127363920211792,0.35650041699409485,-0.06062740087509155,0.8804131150245667,0.3066031038761139,-0.0749785304069519,0.6998476982116699,0.3321959376335144,0.01532110944390297,0.728421151638031,0.25256749987602234,-0.020735859870910645,0.7624140977859497,0.26285263895988464,-0.033282570540905,0.7860312461853027,0.2738606333732605,-0.03488918021321297,0.6441405415534973,0.32687973976135254,0.00933375395834446,0.7006463408470154,0.269803524017334,-0.024810176342725754,0.6877683401107788,0.38224709033966064,-0.019189201295375824,0.6629982590675354,0.37253063917160034,-0.002411022549495101,0.5915770530700684,0.33799299597740173,-0.00698561267927289,0.646243155002594,0.3067592680454254,-0.05088038742542267,0.6438309550285339,0.4028513729572296,-0.03277496248483658,0.6131969690322876,0.3895116448402405,-0.007874878123402596,0.5385054349899292,0.3542826175689697,-0.026128804311156273,0.5899429321289062,0.33195242285728455,-0.05106581747531891,0.5995426774024963,0.3956226706504822,-0.03260479122400284,0.5672674775123596,0.3965122699737549,-0.011089153587818146,s
0.5912116765975952,0.6362755298614502,2.492744854976081e-08,0.6721268892288208,0.5749243497848511,-0.027567708864808083,0.7401787638664246,0.4404865503311157,-0.042917538434267044,0.8101201057434082,0.3622240126132965,-0.06206461787223816,0.876893937587738,0.31082531809806824,-0.07534395158290863,0.7014060020446777,0.337492436170578,0.014315420761704445,0.7280423045158386,0.255179226398468,-0.022068921476602554,0.7613736391067505,0.2647823095321655,-0.03431333601474762,0.7836441397666931,0.2777143716812134,-0.035247623920440674,0.6456357836723328,0.3322277069091797,0.009701112285256386,0.6991744041442871,0.271944522857666,-0.025466738268733025,0.687658429145813,0.38394707441329956,-0.02018577791750431,0.6640763282775879,0.37609580159187317,-0.0029824338853359222,0.5927039980888367,0.34224528074264526,-0.005539479199796915,0.6436268091201782,0.30887657403945923,-0.05015693977475166,0.6418176293373108,0.40362733602523804,-0.03269851580262184,0.611640453338623,0.3910880982875824,-0.007795552257448435,0.5387313365936279,0.3565027415752411,-0.023776385933160782,0.5870920419692993,0.3338543176651001,-0.04906405135989189,0.596100389957428,0.39575642347335815,-0.031373605132102966,0.5636118054389954,0.396293967962265,-0.010225345380604267,s
0.5912982821464539,0.6352990865707397,3.426454497912346e-08,0.6708332300186157,0.5735280513763428,-0.028434017673134804,0.7384859919548035,0.44021114706993103,-0.044819846749305725,0.8090352416038513,0.3622382879257202,-0.06482259929180145,0.8765364289283752,0.31068676710128784,-0.07861295342445374,0.7011229395866394,0.33731937408447266,0.012989300303161144,0.7271671295166016,0.2536512315273285,-0.024639451876282692,0.7604178190231323,0.2637900114059448,-0.03708479925990105,0.7818474173545837,0.27647265791893005,-0.037787143141031265,0.6449666023254395,0.33204180002212524,0.008567034266889095,0.6986729502677917,0.27241671085357666,-0.027319759130477905,0.6865858435630798,0.3860720098018646,-0.021464038640260696,0.6626965403556824,0.3764316141605377,-0.0037163374945521355,0.5918740034103394,0.3418301045894623,-0.006660737097263336,0.6431092619895935,0.30845609307289124,-0.05194463953375816,0.6409472823143005,0.40496841073036194,-0.03343183174729347,0.6109846830368042,0.39134547114372253,-0.007662905380129814,0.5379754304885864,0.3564891517162323,-0.024968743324279785,0.5862385034561157,0.333323210477829,-0.05044395476579666,0.594970703125,0.3967300355434418,-0.03195086121559143,0.5624192357063293,0.3974221348762512,-0.010075624100863934,s
0.5921587347984314,0.6371104121208191,5.253539114846717e-08,0.669238269329071,0.5741099119186401,-0.02902582660317421,0.7360888719558716,0.44438791275024414,-0.04597781226038933,0.8057257533073425,0.36754700541496277,-0.06681659817695618,0.8718377351760864,0.3160220980644226,-0.08166448026895523,0.7006486058235168,0.3370947241783142,0.014234189875423908,0.7269340753555298,0.25585687160491943,-0.02331315539777279,0.7605001330375671,0.2688683569431305,-0.037122465670108795,0.7823876142501831,0.28599119186401367,-0.038754284381866455,0.6445260047912598,0.33165159821510315,0.010291941463947296,0.6962133049964905,0.2719731330871582,-0.02641797438263893,0.6874696612358093,0.38285499811172485,-0.022891201078891754,0.6668950319290161,0.376891165971756,-0.006328661926090717,0.5918132662773132,0.3429018557071686,-0.004313450772315264,0.6401726603507996,0.31105291843414307,-0.04933538660407066,0.6404728889465332,0.4037400484085083,-0.03214995563030243,0.6134427189826965,0.3933221697807312,-0.006952693220227957,0.5384105443954468,0.3587089776992798,-0.022134030237793922,0.585115909576416,0.3361039459705353,-0.04748038947582245,0.5949016213417053,0.3973963260650635,-0.029373276978731155,0.5651736259460449,0.39932265877723694,-0.007409172598272562,s
0.5895331501960754,0.6377086639404297,5.5803489829031605e-08,0.6672617197036743,0.5756351947784424,-0.028549205511808395,0.7351046204566956,0.44567275047302246,-0.046004053205251694,0.8042727112770081,0.3683850169181824,-0.06761008501052856,0.8703206777572632,0.31759804487228394,-0.08362815529108047,0.6974565982818604,0.33887407183647156,0.013813618570566177,0.7250078916549683,0.257279634475708,-0.02417164482176304,0.7585940957069397,0.2680070996284485,-0.038403671234846115,0.7803722023963928,0.2860340178012848,-0.04030665010213852,0.6424115300178528,0.33387911319732666,0.009216482751071453,0.6946752667427063,0.2733282446861267,-0.02841467782855034,0.6847812533378601,0.38402125239372253,-0.02477576956152916,0.6636609435081482,0.38103610277175903,-0.007972954772412777,0.5901652574539185,0.34481894969940186,-0.005964993964880705,0.640018105506897,0.3137833774089813,-0.05186482518911362,0.6372634768486023,0.4063297212123871,-0.03446892276406288,0.6095797419548035,0.39745229482650757,-0.008925560861825943,0.5371884703636169,0.3607478439807892,-0.024258336052298546,0.5845115780830383,0.3377116620540619,-0.05010063946247101,0.5922525525093079,0.3990824818611145,-0.031900208443403244,0.5626941323280334,0.40106892585754395,-0.00987776555120945,s
0.5865614414215088,0.6391822695732117,3.8418988879129756e-08,0.6664948463439941,0.576296329498291,-0.028463276103138924,0.7337294220924377,0.44476738572120667,-0.0439416877925396,0.8022875785827637,0.3682842254638672,-0.06311490386724472,0.8679235577583313,0.31664037704467773,-0.07615796476602554,0.6966681480407715,0.3380647897720337,0.015775371342897415,0.7248145937919617,0.2573019564151764,-0.02117217890918255,0.7569724321365356,0.26883918046951294,-0.034417055547237396,0.7781485915184021,0.2836594879627228,-0.035710856318473816,0.639915406703949,0.33258897066116333,0.011538783088326454,0.6945297718048096,0.27493494749069214,-0.023614130914211273,0.6825838685035706,0.3858426809310913,-0.019201956689357758,0.6605089902877808,0.3771539032459259,-0.0023255646228790283,0.58725905418396,0.3435339033603668,-0.0035613318905234337,0.638728141784668,0.3138429522514343,-0.047893356531858444,0.6358987092971802,0.4073951244354248,-0.03127828240394592,0.6070098876953125,0.3933511972427368,-0.006798234302550554,0.5352211594581604,0.3591371178627014,-0.021846704185009003,0.5842304825782776,0.337741494178772,-0.04671747237443924,0.5923879146575928,0.4000271260738373,-0.028814619407057762,0.5608885884284973,0.4006767272949219,-0.007273954339325428,s
0.585278332233429,0.6405341625213623,1.7346543756957544e-08,0.6652038097381592,0.5763233304023743,-0.026817351579666138,0.7323340177536011,0.442952036857605,-0.04187579080462456,0.8004723191261292,0.3652113378047943,-0.0609610490500927,0.8660985231399536,0.315254807472229,-0.07430518418550491,0.6952885389328003,0.3397837281227112,0.015158419497311115,0.7232182621955872,0.25829678773880005,-0.021287133917212486,0.7557153701782227,0.26881104707717896,-0.034150514751672745,0.7768897414207458,0.28227269649505615,-0.03544832020998001,0.6396359205245972,0.33440712094306946,0.010259473696351051,0.692841112613678,0.276314914226532,-0.02421855367720127,0.6808047294616699,0.38704895973205566,-0.019317682832479477,0.6583594679832458,0.3785684406757355,-0.0026492003817111254,0.5871332287788391,0.34486448764801025,-0.0051105329766869545,0.6381305456161499,0.31329840421676636,-0.04879070073366165,0.635408341884613,0.4069502055644989,-0.03129586949944496,0.6067889332771301,0.3941879868507385,-0.006591521669179201,0.53367018699646,0.36089086532592773,-0.02348431758582592,0.5822380781173706,0.33763808012008667,-0.04792448505759239,0.590846598148346,0.3993929624557495,-0.029478222131729126,0.5595824718475342,0.40093258023262024,-0.00776502164080739,s
0.5853533744812012,0.6338991522789001,1.0339761047362117e-08,0.66494220495224,0.5702248811721802,-0.026348039507865906,0.7318201661109924,0.4372832477092743,-0.0416828915476799,0.8002605438232422,0.36014193296432495,-0.061127327382564545,0.8658463954925537,0.3120845556259155,-0.0748017430305481,0.6920004487037659,0.3369915783405304,0.012444635853171349,0.7208649516105652,0.25502708554267883,-0.025052044540643692,0.7528061866760254,0.26727765798568726,-0.03727404400706291,0.7744172811508179,0.2817934453487396,-0.03781631588935852,0.6373296976089478,0.33306074142456055,0.00697468314319849,0.6909101605415344,0.27708700299263,-0.02819858491420746,0.6773460507392883,0.388232946395874,-0.021472245454788208,0.6559203863143921,0.3780725300312042,-0.003749044146388769,0.5849924087524414,0.3438798189163208,-0.008976118639111519,0.6364207863807678,0.31319165229797363,-0.05340803787112236,0.6312800049781799,0.40710878372192383,-0.03429082781076431,0.60383540391922,0.3930912911891937,-0.008639393374323845,0.5313881635665894,0.3599480390548706,-0.027894573286175728,0.5800449848175049,0.336252897977829,-0.052667807787656784,0.5869628190994263,0.3976064920425415,-0.03350568562746048,0.556097149848938,0.3985143303871155,-0.011384042911231518,s
0.582551896572113,0.6355644464492798,4.2342495731872987e-08,0.6621736884117126,0.5712624788284302,-0.026674900203943253,0.7296642065048218,0.43719831109046936,-0.04127132147550583,0.7990109920501709,0.35962727665901184,-0.059753675013780594,0.8665359020233154,0.3109263777732849,-0.07258342951536179,0.6898168325424194,0.3343685567378998,0.016747867688536644,0.7184515595436096,0.25584328174591064,-0.01908506639301777,0.7494196891784668,0.2654815912246704,-0.03213050588965416,0.7705204486846924,0.2767954468727112,-0.03380522131919861,0.6338809132575989,0.32958513498306274,0.011868160218000412,0.6897628903388977,0.2696725130081177,-0.022243695333600044,0.6772714257240295,0.38025587797164917,-0.017620356753468513,0.6544108986854553,0.3724255859851837,-0.0008621909655630589,0.5815613269805908,0.34114864468574524,-0.0035642911680042744,0.633543074131012,0.3110700845718384,-0.046393536031246185,0.6311782002449036,0.40382227301597595,-0.029893750324845314,0.6017948389053345,0.39058858156204224,-0.005827536806464195,0.529312014579773,0.3577099144458771,-0.02204691246151924,0.5785554051399231,0.3369868993759155,-0.04525696486234665,0.5875785946846008,0.39743995666503906,-0.02738010883331299,0.5560991764068604,0.3978791832923889,-0.00634746253490448,s
0.5821296572685242,0.6344672441482544,4.536391529086359e-08,0.6619975566864014,0.5698781609535217,-0.024380290880799294,0.7290579080581665,0.43534183502197266,-0.03950534015893936,0.7972145080566406,0.35781607031822205,-0.05915718153119087,0.8641189336776733,0.31044402718544006,-0.07380308210849762,0.6869921684265137,0.3370295464992523,0.014527655206620693,0.7145826816558838,0.2543223798274994,-0.021917356178164482,0.748435914516449,0.2623041272163391,-0.035127948969602585,0.7718327045440674,0.2760850787162781,-0.03705962374806404,0.6330175399780273,0.33278095722198486,0.0080150431022048,0.6877240538597107,0.2707924246788025,-0.02766577899456024,0.6760649681091309,0.38249051570892334,-0.02271353267133236,0.6529034376144409,0.37833327054977417,-0.005903807934373617,0.581091582775116,0.3436197340488434,-0.008578866720199585,0.6333580613136292,0.3093567490577698,-0.05301175266504288,0.630254864692688,0.403131902217865,-0.03506501019001007,0.6008122563362122,0.3937591016292572,-0.009977948851883411,0.5278778672218323,0.35952383279800415,-0.0279240682721138,0.577021598815918,0.33504438400268555,-0.05306185409426689,0.585920512676239,0.39603564143180847,-0.034836746752262115,0.554811418056488,0.397896409034729,-0.013461102731525898,s
0.5789546966552734,0.6340404152870178,2.0707746628545465e-08,0.6611409783363342,0.5692577362060547,-0.024225829169154167,0.7285251021385193,0.4337064325809479,-0.03834560513496399,0.7968155741691589,0.356812447309494,-0.05687912553548813,0.8638338446617126,0.30917754769325256,-0.06981944292783737,0.6851841807365417,0.33514493703842163,0.01600736565887928,0.7143610119819641,0.2532200813293457,-0.021811993792653084,0.7482660412788391,0.2654154896736145,-0.03511984273791313,0.772811233997345,0.2768562436103821,-0.03686751425266266,0.6304478645324707,0.33067941665649414,0.009063834324479103,0.6872527599334717,0.27112919092178345,-0.026497313752770424,0.6729125380516052,0.38445568084716797,-0.020670024678111076,0.6483921408653259,0.37310895323753357,-0.003436014521867037,0.5784246921539307,0.341266930103302,-0.00847631972283125,0.632344663143158,0.3086758852005005,-0.05327257141470909,0.6280348896980286,0.4045533239841461,-0.034901440143585205,0.597202718257904,0.38862645626068115,-0.009696904569864273,0.5261509418487549,0.35699835419654846,-0.02886706404387951,0.5762370228767395,0.3340691030025482,-0.05374014377593994,0.5847331881523132,0.3973635137081146,-0.034925516694784164,0.5519265532493591,0.3974839448928833,-0.013288379646837711,s
0.5791617035865784,0.6333611011505127,1.881568678641088e-08,0.6615791320800781,0.5681945085525513,-0.02375662699341774,0.72901850938797,0.4334472417831421,-0.037858616560697556,0.7976613640785217,0.3566949963569641,-0.05651280656456947,0.8643875122070312,0.3082277774810791,-0.06953450292348862,0.6853640079498291,0.3341836929321289,0.016569670289754868,0.7146732211112976,0.2529813051223755,-0.021294748410582542,0.7488802671432495,0.26578855514526367,-0.03463701531291008,0.7735227346420288,0.27732735872268677,-0.03642117977142334,0.6308075785636902,0.3299326002597809,0.009385406039655209,0.6868951320648193,0.2709835469722748,-0.026534445583820343,0.6737053394317627,0.3846287727355957,-0.02106923609972,0.649962842464447,0.37362217903137207,-0.0040781861171126366,0.5789096355438232,0.34058234095573425,-0.008333289064466953,0.6325542330741882,0.3074769973754883,-0.05343145504593849,0.6290375590324402,0.40440505743026733,-0.034899428486824036,0.5983098149299622,0.38921576738357544,-0.009543861262500286,0.5265966653823853,0.3565002679824829,-0.02886144258081913,0.5767549872398376,0.333737313747406,-0.05400765687227249,0.5853555202484131,0.3979235291481018,-0.0351833701133728,0.55231773853302,0.39824622869491577,-0.013498741202056408,s
0.5797154307365417,0.6331347823143005,1.7748764236102943e-08,0.6599491834640503,0.5703762769699097,-0.026426270604133606,0.7267944812774658,0.43465185165405273,-0.04084794223308563,0.7946972846984863,0.35569989681243896,-0.05900464951992035,0.8624393343925476,0.3084339499473572,-0.07136204093694687,0.6855264902114868,0.3325635492801666,0.014120585285127163,0.7146474719047546,0.25319814682006836,-0.022896697744727135,0.7476177215576172,0.2636679708957672,-0.03540128469467163,0.7713748812675476,0.27451661229133606,-0.036629561334848404,0.6308504939079285,0.3274984359741211,0.008694231510162354,0.6868851780891418,0.2695181369781494,-0.02645397000014782,0.6727471351623535,0.38192081451416016,-0.020380673930048943,0.6498846411705017,0.37186384201049805,-0.002767554484307766,0.5787325501441956,0.337408185005188,-0.0073652793653309345,0.6321152448654175,0.3084533214569092,-0.05228370800614357,0.6275056600570679,0.4031728208065033,-0.03482721745967865,0.5984668135643005,0.3875948190689087,-0.00993279553949833,0.5260635018348694,0.3532683551311493,-0.026375779882073402,0.5765405893325806,0.33347177505493164,-0.051492564380168915,0.5843020081520081,0.39535555243492126,-0.03372054547071457,0.5520470142364502,0.3951733410358429,-0.012615214101970196,s
0.5792528986930847,0.632400393486023,1.1040564018571786e-08,0.6602534651756287,0.5683531165122986,-0.02335907705128193,0.7277204394340515,0.4304843246936798,-0.03736281394958496,0.7959936261177063,0.3524569869041443,-0.056017521768808365,0.8624265789985657,0.3054177761077881,-0.06957707554101944,0.6849710941314697,0.3338885009288788,0.014680268242955208,0.7144671082496643,0.25147831439971924,-0.022511180490255356,0.7480565905570984,0.26317721605300903,-0.03568117320537567,0.7716532349586487,0.2768140435218811,-0.03759356960654259,0.6317227482795715,0.3300688564777374,0.0072981929406523705,0.6865577101707458,0.2686071991920471,-0.028422607108950615,0.6732046008110046,0.38136470317840576,-0.022750673815608025,0.649613082408905,0.37436267733573914,-0.005947442725300789,0.5793117880821228,0.34005624055862427,-0.010292950086295605,0.63303142786026,0.3041183352470398,-0.05554606020450592,0.6286454796791077,0.40047305822372437,-0.036671850830316544,0.5993040800094604,0.389458566904068,-0.01115195918828249,0.5249073505401611,0.35600006580352783,-0.030522819608449936,0.5764115452766418,0.32922035455703735,-0.056363724172115326,0.5849978923797607,0.3927409052848816,-0.037413764744997025,0.5535277128219604,0.39549192786216736,-0.015658723190426826,s
0.5784825086593628,0.6304651498794556,2.4535614429055386e-08,0.6592193245887756,0.5648397207260132,-0.024439329281449318,0.726197361946106,0.42953094840049744,-0.038392726331949234,0.7939521074295044,0.3521064817905426,-0.0563468374311924,0.8611173033714294,0.30538398027420044,-0.06883885711431503,0.6828938126564026,0.33089423179626465,0.01431963685899973,0.7111526131629944,0.25081658363342285,-0.021548405289649963,0.744633674621582,0.26018965244293213,-0.03351470082998276,0.7678499817848206,0.2704859673976898,-0.03471549600362778,0.6292166709899902,0.3261778950691223,0.007987973280251026,0.6852188110351562,0.2680981755256653,-0.02573363296687603,0.6724276542663574,0.379951536655426,-0.019016165286302567,0.6479811668395996,0.37032410502433777,-0.001740543870255351,0.5772079229354858,0.33596789836883545,-0.008646923117339611,0.631054162979126,0.3049617111682892,-0.05280311405658722,0.6278541088104248,0.4003898501396179,-0.03474875167012215,0.5976828336715698,0.38616830110549927,-0.009966200217604637,0.5236188173294067,0.3517993092536926,-0.027952056378126144,0.5740858316421509,0.32894599437713623,-0.053088102489709854,0.5835326313972473,0.3918093740940094,-0.034844860434532166,0.5513474941253662,0.3924071490764618,-0.013699023984372616,s
0.5779398679733276,0.6273937225341797,2.1091368651582343e-08,0.6590955257415771,0.5608413219451904,-0.02328120358288288,0.7245582938194275,0.4258115291595459,-0.036705389618873596,0.7909760475158691,0.34989288449287415,-0.05462472885847092,0.8550422191619873,0.30148208141326904,-0.067010298371315,0.6797620058059692,0.3299380838871002,0.015367344953119755,0.7085661292076111,0.2475152164697647,-0.021640285849571228,0.742963969707489,0.25926387310028076,-0.03445069119334221,0.7666688561439514,0.26969829201698303,-0.03601162135601044,0.6266859173774719,0.32662633061408997,0.008100473321974277,0.6821452975273132,0.26744139194488525,-0.026309583336114883,0.6698387265205383,0.3794529438018799,-0.0199290681630373,0.6455289721488953,0.36827778816223145,-0.002942343009635806,0.5755236744880676,0.3371243178844452,-0.009566792286932468,0.6287038326263428,0.30263084173202515,-0.05420193821191788,0.6255994439125061,0.3988250494003296,-0.03557698056101799,0.5954186916351318,0.38429582118988037,-0.010405968874692917,0.5232232809066772,0.3530632257461548,-0.029915807768702507,0.574049711227417,0.3270186483860016,-0.05541421100497246,0.5831809639930725,0.3903089165687561,-0.03651160001754761,0.5508000254631042,0.3924124836921692,-0.014804515987634659,s
0.5782681703567505,0.6262038350105286,3.771984502520809e-09,0.6571841239929199,0.5620551109313965,-0.024932442232966423,0.7225330471992493,0.4275956153869629,-0.038711387664079666,0.7894468903541565,0.34970471262931824,-0.05659433826804161,0.8541988730430603,0.3004450798034668,-0.06887375563383102,0.6824525594711304,0.3292793035507202,0.014430999755859375,0.7110016345977783,0.24640662968158722,-0.022255603224039078,0.7445807456970215,0.2579232454299927,-0.034496862441301346,0.7677857875823975,0.26966795325279236,-0.035577449947595596,0.6284134984016418,0.3249799609184265,0.008369510993361473,0.6821416020393372,0.2639937996864319,-0.02625582367181778,0.670599102973938,0.37741538882255554,-0.019886603578925133,0.6475110650062561,0.36873936653137207,-0.0024524438194930553,0.5766496658325195,0.3352111876010895,-0.008147184737026691,0.6286105513572693,0.3015708923339844,-0.052876513451337814,0.626205563545227,0.3981024920940399,-0.03458784148097038,0.5969361662864685,0.384563684463501,-0.009341130033135414,0.5234428644180298,0.3512686491012573,-0.027445903047919273,0.5732904076576233,0.32697197794914246,-0.0529036745429039,0.5827182531356812,0.39036834239959717,-0.03450305759906769,0.5508195161819458,0.3923804759979248,-0.013036512769758701,s
0.5781823396682739,0.6281173229217529,2.453471736885149e-08,0.6561486124992371,0.5638785362243652,-0.024007711559534073,0.720731258392334,0.42953985929489136,-0.03759765625,0.7877161502838135,0.3519018888473511,-0.05567346513271332,0.8517473340034485,0.3013071119785309,-0.06832289695739746,0.6815243363380432,0.329370379447937,0.017399797216057777,0.7083981037139893,0.2488996833562851,-0.019022313877940178,0.7421294450759888,0.25782185792922974,-0.031985823065042496,0.7655898332595825,0.26997578144073486,-0.03368707746267319,0.6284304857254028,0.3247760534286499,0.010979002341628075,0.6802718639373779,0.2630690932273865,-0.024075016379356384,0.6707649827003479,0.3750206232070923,-0.018860170617699623,0.6494206190109253,0.3687744140625,-0.0019548386335372925,0.5770095586776733,0.33494606614112854,-0.005858257878571749,0.6268147826194763,0.3008866310119629,-0.050519417971372604,0.6257885098457336,0.3968900740146637,-0.03253351151943207,0.5972331166267395,0.38617604970932007,-0.007328185718506575,0.5238456726074219,0.3512072265148163,-0.02544325962662697,0.571784496307373,0.3278895914554596,-0.05082378163933754,0.5813503265380859,0.3910570442676544,-0.03267975151538849,0.5500807762145996,0.3929773271083832,-0.011322515085339546,s
0.5788303017616272,0.6264655590057373,2.9026525183439844e-08,0.6576398015022278,0.5624235272407532,-0.02444847859442234,0.7232992053031921,0.42919257283210754,-0.03932103514671326,0.7913881540298462,0.351852148771286,-0.058707188814878464,0.856614887714386,0.3015691041946411,-0.07258569449186325,0.6825692057609558,0.33044540882110596,0.015227135270833969,0.7100430727005005,0.2456757128238678,-0.02244417741894722,0.7442801594734192,0.25779592990875244,-0.0355718657374382,0.7675994038581848,0.2720213532447815,-0.03712398558855057,0.6290877461433411,0.32601192593574524,0.008660230785608292,0.6813880801200867,0.2613755464553833,-0.0272436011582613,0.6710126996040344,0.37557253241539,-0.021415749564766884,0.6481950879096985,0.36913686990737915,-0.0039983042515814304,0.577153205871582,0.33637577295303345,-0.00837660487741232,0.6283724904060364,0.3009565472602844,-0.053568754345178604,0.6265642642974854,0.39775311946868896,-0.034784555435180664,0.5971446633338928,0.3859148621559143,-0.009040727280080318,0.5237265229225159,0.35228872299194336,-0.028200117871165276,0.5723951458930969,0.32848089933395386,-0.05391440913081169,0.5820481181144714,0.39219847321510315,-0.035385627299547195,0.5503847002983093,0.39343684911727905,-0.013773754239082336,s
0.5799374580383301,0.6293321251869202,2.3684506800236704e-08,0.6598418951034546,0.564556896686554,-0.023462506011128426,0.7253742218017578,0.4319511353969574,-0.03744586557149887,0.793082058429718,0.35459256172180176,-0.05629078298807144,0.8590691685676575,0.30454766750335693,-0.06998284161090851,0.6835772395133972,0.3294292688369751,0.018576834350824356,0.7102959156036377,0.24912744760513306,-0.017504390329122543,0.7443564534187317,0.2597556412220001,-0.031009061262011528,0.7673744559288025,0.2734336256980896,-0.033275455236434937,0.6306900382041931,0.3259105086326599,0.011553284712135792,0.682446300983429,0.26529738306999207,-0.02353561855852604,0.6737582683563232,0.377169132232666,-0.019252516329288483,0.6516029238700867,0.37149056792259216,-0.003177376464009285,0.579243540763855,0.3372039496898651,-0.005808170419186354,0.6291218400001526,0.301546186208725,-0.05060764029622078,0.6288638114929199,0.39714205265045166,-0.03304482251405716,0.59954833984375,0.3871752619743347,-0.008167486637830734,0.5258280634880066,0.3532648980617523,-0.02582612819969654,0.5738779902458191,0.32768699526786804,-0.051396116614341736,0.5841475129127502,0.39121657609939575,-0.03307490795850754,0.5529507398605347,0.39398592710494995,-0.011611119844019413,s
0.5796087980270386,0.6293724179267883,2.3441630858656026e-08,0.6591065526008606,0.5658019781112671,-0.024014830589294434,0.7260597944259644,0.4296083450317383,-0.03874705731868744,0.7943717837333679,0.3508788049221039,-0.05799779295921326,0.8627806305885315,0.304311066865921,-0.07228268682956696,0.6829593181610107,0.3297070562839508,0.015322322957217693,0.7100780606269836,0.2497270554304123,-0.020664239302277565,0.7433793544769287,0.25848543643951416,-0.03315119445323944,0.7662398219108582,0.2706570625305176,-0.03476671501994133,0.629395067691803,0.3257671892642975,0.008467987179756165,0.6829138994216919,0.2660060226917267,-0.025760343298316002,0.6711979508399963,0.3788498640060425,-0.01947035640478134,0.6476481556892395,0.37097394466400146,-0.002228248631581664,0.5772027373313904,0.3367615342140198,-0.008683022111654282,0.628023087978363,0.30434727668762207,-0.05282972380518913,0.6254023313522339,0.39912429451942444,-0.03472358360886574,0.5964558720588684,0.3863236606121063,-0.0098847895860672,0.5234644412994385,0.3529145121574402,-0.028478745371103287,0.5711632966995239,0.3285869359970093,-0.05332051217556,0.5804045796394348,0.39084360003471375,-0.034889936447143555,0.5494488477706909,0.3922662138938904,-0.013732895255088806,s
0.5807048678398132,0.62799072265625,4.716163104490079e-08,0.6602594256401062,0.5628960132598877,-0.023166781291365623,0.7257609963417053,0.4311075806617737,-0.03830645978450775,0.7948070764541626,0.35551899671554565,-0.05846751481294632,0.860099196434021,0.3050365149974823,-0.07361897081136703,0.6832680106163025,0.33029788732528687,0.017168056219816208,0.7105852961540222,0.24955874681472778,-0.01883305236697197,0.7440375685691833,0.2580028176307678,-0.031505733728408813,0.766511082649231,0.26958176493644714,-0.0332353301346302,0.6295202970504761,0.3267347514629364,0.009822333231568336,0.6835718750953674,0.26625359058380127,-0.02442973293364048,0.6730616092681885,0.3785807490348816,-0.01856914721429348,0.6493478417396545,0.370113730430603,-0.001732279546558857,0.5779587030410767,0.33841806650161743,-0.00781371258199215,0.6300670504570007,0.3038119375705719,-0.052142057567834854,0.6283328533172607,0.4000158905982971,-0.0335700586438179,0.5976596474647522,0.38792338967323303,-0.008468889631330967,0.5249808430671692,0.3544948101043701,-0.02806861698627472,0.5743014812469482,0.329479455947876,-0.05352986976504326,0.5837684273719788,0.39334094524383545,-0.034845463931560516,0.5517527461051941,0.3950421214103699,-0.013395359739661217,s
0.5799486637115479,0.6302168369293213,2.8783809113974712e-08,0.6609126925468445,0.5664176940917969,-0.02385750040411949,0.727056086063385,0.4335153102874756,-0.0374908484518528,0.7954426407814026,0.35633161664009094,-0.055365465581417084,0.8606612682342529,0.306052029132843,-0.06802821159362793,0.6847249865531921,0.3320440649986267,0.016363754868507385,0.7114244699478149,0.25209754705429077,-0.01833103969693184,0.744615375995636,0.2595002055168152,-0.030360091477632523,0.7678059339523315,0.2696492373943329,-0.03189273551106453,0.6303635239601135,0.32775259017944336,0.00971759483218193,0.6843992471694946,0.26704251766204834,-0.023162636905908585,0.6735627055168152,0.37787705659866333,-0.01754816435277462,0.6497180461883545,0.369610995054245,-0.001033161417581141,0.5783485770225525,0.3386421799659729,-0.00710452813655138,0.629915177822113,0.30355262756347656,-0.05031994730234146,0.6291621327400208,0.3990214765071869,-0.03276585042476654,0.5989338159561157,0.38662195205688477,-0.008438872173428535,0.5253463983535767,0.35474926233291626,-0.02659022994339466,0.5743517875671387,0.328763872385025,-0.05134590342640877,0.5852287411689758,0.39162617921829224,-0.033064745366573334,0.5534073114395142,0.3936799168586731,-0.01192390825599432,s
0.579489529132843,0.6314191818237305,2.3236463420062137e-08,0.6597092747688293,0.5686048269271851,-0.023809487000107765,0.7273210883140564,0.43197983503341675,-0.03769737854599953,0.7959680557250977,0.35438358783721924,-0.055831924080848694,0.8625434637069702,0.30583909153938293,-0.06880979239940643,0.6850200295448303,0.3302959203720093,0.015336817130446434,0.712947428226471,0.2513478994369507,-0.01985817588865757,0.7455270886421204,0.260298490524292,-0.03174303099513054,0.7677417993545532,0.27249157428741455,-0.03305656462907791,0.6306165456771851,0.3258358836174011,0.008600757457315922,0.6854788661003113,0.26677435636520386,-0.024919886142015457,0.6735794544219971,0.3786448836326599,-0.018804090097546577,0.6498274803161621,0.3705652952194214,-0.001824667677283287,0.5782105922698975,0.3368515968322754,-0.008298413828015327,0.6310747265815735,0.3047083914279938,-0.05207030475139618,0.6289723515510559,0.400796502828598,-0.034204743802547455,0.5991568565368652,0.38797712326049805,-0.009641803801059723,0.5249383449554443,0.3534998893737793,-0.02783271111547947,0.5749441385269165,0.3304310441017151,-0.05297362804412842,0.5846231579780579,0.3940722346305847,-0.034906357526779175,0.5528464913368225,0.3948339819908142,-0.013951824977993965,s
0.579572319984436,0.6302156448364258,1.8644675137124977e-08,0.6602948904037476,0.5661894679069519,-0.023677200078964233,0.7275092601776123,0.43124088644981384,-0.037723105400800705,0.7964780330657959,0.35338932275772095,-0.05606462061405182,0.86277174949646,0.304861843585968,-0.06906110793352127,0.6851351857185364,0.3306364119052887,0.015101542696356773,0.7133013010025024,0.250779926776886,-0.02006099931895733,0.7454259991645813,0.2608070969581604,-0.03112431988120079,0.7677364349365234,0.2717413306236267,-0.031843677163124084,0.6306592226028442,0.32585567235946655,0.008475927636027336,0.6851745843887329,0.2672997713088989,-0.024697251617908478,0.6730188131332397,0.3791397213935852,-0.017565391957759857,0.6498016119003296,0.36876049637794495,-4.3737716623581946e-05,0.5783659815788269,0.33687129616737366,-0.008358383551239967,0.6312304139137268,0.30517569184303284,-0.0517803430557251,0.6288978457450867,0.4011029899120331,-0.03326845541596413,0.599206268787384,0.38655808568000793,-0.008457403630018234,0.5254676938056946,0.3534792363643646,-0.02784831076860428,0.5750371217727661,0.330944299697876,-0.05259795859456062,0.5847351551055908,0.39414557814598083,-0.03440846875309944,0.5530206561088562,0.3939456045627594,-0.013479171320796013,s
0.5788689851760864,0.6312936544418335,1.3458613778993822e-08,0.6607648730278015,0.5670696496963501,-0.024325840175151825,0.7276684045791626,0.4309093654155731,-0.03778829425573349,0.7961084842681885,0.35297349095344543,-0.05535300821065903,0.8630964159965515,0.30415207147598267,-0.06750939041376114,0.6841408014297485,0.3299723267555237,0.016617504879832268,0.7125321626663208,0.25190263986587524,-0.01828772760927677,0.7452617287635803,0.26200348138809204,-0.0298681128770113,0.7674122452735901,0.27190208435058594,-0.030890624970197678,0.6296331882476807,0.3258455991744995,0.010243179276585579,0.6858271360397339,0.26894354820251465,-0.022253485396504402,0.6734611988067627,0.3807932138442993,-0.015711737796664238,0.6488034725189209,0.36941027641296387,0.0013532137963920832,0.5775761604309082,0.33714085817337036,-0.006581905763596296,0.6316022276878357,0.3044939339160919,-0.04992826655507088,0.629785418510437,0.4007956385612488,-0.032326243817806244,0.5989978909492493,0.38595643639564514,-0.007979399524629116,0.5247619152069092,0.35359781980514526,-0.02608410082757473,0.5748790502548218,0.32950881123542786,-0.050625890493392944,0.5854166746139526,0.3927210569381714,-0.03242453560233116,0.5531233549118042,0.39355432987213135,-0.011413292028009892,s
0.5804328918457031,0.6274241209030151,1.1726521975674586e-08,0.6620192527770996,0.5630360841751099,-0.0224603358656168,0.7281019687652588,0.4301557242870331,-0.036522120237350464,0.7960700988769531,0.3534705936908722,-0.05527571588754654,0.8612578511238098,0.3043231666088104,-0.06884939223527908,0.6846835613250732,0.33190804719924927,0.014650211669504642,0.7129786610603333,0.24949181079864502,-0.02080775424838066,0.7462455034255981,0.26051992177963257,-0.03210126981139183,0.7678661346435547,0.2729603052139282,-0.03286923095583916,0.6310771107673645,0.32810264825820923,0.007133930455893278,0.6856437921524048,0.26769739389419556,-0.02619953081011772,0.674623429775238,0.38056203722953796,-0.018894778564572334,0.6501556038856506,0.37173494696617126,-0.0015284105902537704,0.5791420936584473,0.33943644165992737,-0.010398008860647678,0.6319834589958191,0.3038848638534546,-0.054210174828767776,0.6300337910652161,0.40134382247924805,-0.03465010225772858,0.5992754101753235,0.38938239216804504,-0.009157412685453892,0.5256274342536926,0.3558623790740967,-0.030415339395403862,0.5746825933456421,0.3298020660877228,-0.05560893192887306,0.5848488807678223,0.39348268508911133,-0.0364571139216423,0.5529472827911377,0.3949413299560547,-0.014838038012385368,s
0.5790570974349976,0.6300863027572632,3.160532102697289e-08,0.6601290702819824,0.5671327114105225,-0.02385568805038929,0.7274239659309387,0.4329880475997925,-0.037403203547000885,0.7958931922912598,0.3560304343700409,-0.05510840192437172,0.861547589302063,0.30448687076568604,-0.06752349436283112,0.683893620967865,0.33181899785995483,0.016014110296964645,0.7115734219551086,0.2523016035556793,-0.019021043553948402,0.7457282543182373,0.2602360248565674,-0.030771544203162193,0.7684404253959656,0.2714898884296417,-0.03187956288456917,0.6305897235870361,0.3276667594909668,0.009101254865527153,0.6858933568000793,0.2653024196624756,-0.02429811656475067,0.675599992275238,0.3766702711582184,-0.018222464248538017,0.6513873934745789,0.36950114369392395,-0.0011302154744043946,0.5790470838546753,0.33841273188591003,-0.008084339089691639,0.6323763132095337,0.3028733432292938,-0.052465494722127914,0.6314836740493774,0.3993701934814453,-0.03476840630173683,0.6006003618240356,0.3871944844722748,-0.009949619881808758,0.5258951187133789,0.3543611764907837,-0.02782900631427765,0.5760210156440735,0.3289420008659363,-0.053505439311265945,0.5867941379547119,0.3925761878490448,-0.0353950634598732,0.5542459487915039,0.39403751492500305,-0.014248786494135857,s
0.5794820785522461,0.6289858222007751,3.832299100281489e-08,0.6599286198616028,0.5669064521789551,-0.02334761805832386,0.7274811863899231,0.4314436912536621,-0.037405677139759064,0.7955948114395142,0.3541795015335083,-0.05571123585104942,0.8623522520065308,0.30627745389938354,-0.0690295398235321,0.6839410066604614,0.332428902387619,0.013579738326370716,0.7118656039237976,0.25125038623809814,-0.021780194714665413,0.7459936141967773,0.25871920585632324,-0.03334974870085716,0.7687045335769653,0.27156028151512146,-0.034337662160396576,0.6309370994567871,0.32843881845474243,0.006356196012347937,0.6868166327476501,0.2656824290752411,-0.027981271967291832,0.6755136251449585,0.3778792917728424,-0.021481510251760483,0.6506920456886292,0.37222641706466675,-0.00401409761980176,0.5790132284164429,0.3387518525123596,-0.010814451612532139,0.6335787773132324,0.303227037191391,-0.055762503296136856,0.6313176155090332,0.4003784656524658,-0.03721843287348747,0.6005105376243591,0.389561265707016,-0.011772877536714077,0.5249858498573303,0.35458675026893616,-0.03042837604880333,0.5763211846351624,0.32870349287986755,-0.056576572358608246,0.5865603089332581,0.39293888211250305,-0.03806479647755623,0.5544599890708923,0.3948196470737457,-0.01657412387430668,s
0.5789745450019836,0.6271141767501831,3.536157677785923e-08,0.6602268815040588,0.5643064379692078,-0.02344546839594841,0.7280177474021912,0.43099212646484375,-0.037443555891513824,0.7965236902236938,0.35423415899276733,-0.05577842518687248,0.8619784712791443,0.3046934902667999,-0.0689617171883583,0.6853489875793457,0.3305434584617615,0.014918792061507702,0.7133629322052002,0.25059956312179565,-0.020379267632961273,0.7462961077690125,0.25885897874832153,-0.03180168196558952,0.7688623666763306,0.2713242769241333,-0.03261580318212509,0.6314086318016052,0.326093852519989,0.007860716432332993,0.6864861249923706,0.2650662362575531,-0.026570001617074013,0.6743525862693787,0.3766441345214844,-0.02026442624628544,0.6506013870239258,0.36967435479164124,-0.0027587013319134712,0.5791895985603333,0.3368164300918579,-0.009276023134589195,0.6326038837432861,0.30274105072021484,-0.05417077988386154,0.6294655203819275,0.3992108404636383,-0.03582365810871124,0.5988872647285461,0.3870713710784912,-0.010466771200299263,0.5257278680801392,0.3526478409767151,-0.02891438454389572,0.575992226600647,0.32788971066474915,-0.05491681024432182,0.5853314995765686,0.3917962610721588,-0.036555610597133636,0.553442656993866,0.3926715552806854,-0.015122226439416409,s
0.5785702466964722,0.6288309097290039,3.023718164740785e-08,0.6586818099021912,0.566283643245697,-0.024795839563012123,0.7259796857833862,0.4307219088077545,-0.0391605868935585,0.7955656051635742,0.3533984422683716,-0.057565703988075256,0.8636321425437927,0.30527254939079285,-0.07054609805345535,0.6857141256332397,0.3312598466873169,0.01489585917443037,0.7126778960227966,0.25111961364746094,-0.020204996690154076,0.745642900466919,0.25996655225753784,-0.031339213252067566,0.7677758932113647,0.27073198556900024,-0.031949929893016815,0.631024181842804,0.3261370360851288,0.008885560557246208,0.6862094402313232,0.26480889320373535,-0.024716973304748535,0.6746041774749756,0.3782494366168976,-0.017912929877638817,0.6502812504768372,0.37009331583976746,-3.240196383558214e-05,0.578708291053772,0.33651039004325867,-0.007427215110510588,0.6311793327331543,0.30212390422821045,-0.05102555453777313,0.6302103400230408,0.39863327145576477,-0.032793812453746796,0.5997127890586853,0.3858882188796997,-0.007693364750593901,0.5251808166503906,0.35217100381851196,-0.02643010765314102,0.5739120244979858,0.3282802104949951,-0.050956230610609055,0.5847434997558594,0.3911742568016052,-0.03270174562931061,0.55277019739151,0.3919983208179474,-0.01153632439672947,s
0.5802435278892517,0.6241698861122131,2.2033548319200236e-08,0.6616689562797546,0.5617603063583374,-0.022556321695446968,0.7282544374465942,0.4284287393093109,-0.03652331605553627,0.7964664697647095,0.3520047068595886,-0.05518616363406181,0.8623679876327515,0.3039717674255371,-0.06882128864526749,0.6850757598876953,0.33027034997940063,0.014177205972373486,0.7130343914031982,0.24876689910888672,-0.021445289254188538,0.7463839650154114,0.25830763578414917,-0.032821621745824814,0.7680202126502991,0.2704244554042816,-0.033723991364240646,0.6316723823547363,0.32668405771255493,0.006617117207497358,0.6861534714698792,0.26528096199035645,-0.027688847854733467,0.675127387046814,0.37759271264076233,-0.020737575367093086,0.6511005759239197,0.36958572268486023,-0.0033145754132419825,0.5800867080688477,0.3379620611667633,-0.010918039828538895,0.6333314776420593,0.30286651849746704,-0.055788375437259674,0.630733072757721,0.40013691782951355,-0.036522798240184784,0.5997676849365234,0.3876872956752777,-0.010965820401906967,0.5268180966377258,0.3539992570877075,-0.030900629237294197,0.5766822695732117,0.3294661045074463,-0.057052187621593475,0.5858440399169922,0.39346569776535034,-0.038488540798425674,0.553584635257721,0.39378035068511963,-0.017220374196767807,s
0.581082820892334,0.6254725456237793,4.051738500265856e-08,0.6607649326324463,0.5624006390571594,-0.025212755426764488,0.7279381155967712,0.42953500151634216,-0.03984156250953674,0.7964934706687927,0.35268887877464294,-0.058405645191669464,0.8627356290817261,0.30294734239578247,-0.07148545980453491,0.6871496438980103,0.33010342717170715,0.014458829537034035,0.7126932144165039,0.24893054366111755,-0.019902998581528664,0.7454546689987183,0.2574891448020935,-0.030692938715219498,0.7668919563293457,0.26973485946655273,-0.030963055789470673,0.6320548057556152,0.3254949450492859,0.009059645235538483,0.6854850649833679,0.2641427516937256,-0.02339097298681736,0.676167905330658,0.37584421038627625,-0.016300100833177567,0.6530583500862122,0.3685482442378998,0.0016196153592318296,0.5800945162773132,0.3368983864784241,-0.00657687010243535,0.6300411820411682,0.3025606572628021,-0.049014005810022354,0.6303989887237549,0.3974759578704834,-0.030915284529328346,0.6006481051445007,0.38533830642700195,-0.0061607263050973415,0.5275322198867798,0.3527138829231262,-0.024941766634583473,0.5743645429611206,0.3280186057090759,-0.048976339399814606,0.5855149626731873,0.3897497355937958,-0.030905958265066147,0.5543987154960632,0.39072760939598083,-0.009912746027112007,s
0.5799498558044434,0.6281605362892151,5.6375419887899625e-08,0.6593335866928101,0.5658305883407593,-0.024482572451233864,0.7266812920570374,0.43096134066581726,-0.03920799493789673,0.7954756021499634,0.3535207509994507,-0.05831346660852432,0.8623584508895874,0.30404841899871826,-0.07246198505163193,0.6857814788818359,0.33224084973335266,0.015342079102993011,0.7118833661079407,0.2514137625694275,-0.019291026517748833,0.7454644441604614,0.25761187076568604,-0.031082792207598686,0.7675774693489075,0.2700803875923157,-0.03227530047297478,0.6314696669578552,0.327634334564209,0.00911719724535942,0.6853138208389282,0.26336634159088135,-0.02470039762556553,0.6759834885597229,0.3740001618862152,-0.019024113193154335,0.6526679992675781,0.36944565176963806,-0.001779346726834774,0.5795914530754089,0.33884596824645996,-0.007211131509393454,0.6302463412284851,0.30291491746902466,-0.05075928941369057,0.62993985414505,0.3968610465526581,-0.03337770700454712,0.6001452207565308,0.38704192638397217,-0.0087556391954422,0.5265668630599976,0.354417085647583,-0.026174424216151237,0.5745701193809509,0.328604131937027,-0.05113467946648598,0.5853627920150757,0.3899587094783783,-0.03346307575702667,0.5546789765357971,0.39174962043762207,-0.012639363296329975,s
0.5807952880859375,0.6247695088386536,2.4695141931374565e-08,0.6612259745597839,0.5625371932983398,-0.02404044196009636,0.7285573482513428,0.42827093601226807,-0.03838731721043587,0.7969738841056824,0.3513238728046417,-0.05693354085087776,0.8637617230415344,0.3049714267253876,-0.07005171477794647,0.6873558759689331,0.3320502042770386,0.012983809225261211,0.7131927013397217,0.248235821723938,-0.022942690178751945,0.7461440563201904,0.2586895823478699,-0.03393775597214699,0.7686546444892883,0.27157163619995117,-0.0341409295797348,0.633150577545166,0.3278788924217224,0.006630281917750835,0.6858436465263367,0.26550590991973877,-0.027148127555847168,0.6745821833610535,0.3786751627922058,-0.019344275817275047,0.6515965461730957,0.3694862127304077,-0.0010221563279628754,0.5807459354400635,0.3386058211326599,-0.009915938600897789,0.6309049725532532,0.30372855067253113,-0.05351164937019348,0.6292363405227661,0.39966973662376404,-0.03423331305384636,0.599888265132904,0.38633421063423157,-0.00865254458039999,0.5268957614898682,0.3537328839302063,-0.029095541685819626,0.573639988899231,0.3292757272720337,-0.05352041497826576,0.5837703943252563,0.3914148211479187,-0.0347360335290432,0.5524389147758484,0.391697496175766,-0.013310277834534645,s
0.5789865851402283,0.6298601031303406,4.399517905540051e-08,0.6581230163574219,0.5680692791938782,-0.026479892432689667,0.724908173084259,0.43426740169525146,-0.04192027077078819,0.7940168380737305,0.35598891973495483,-0.06108730658888817,0.8619939088821411,0.3062022030353546,-0.07470326870679855,0.6877995133399963,0.3325394093990326,0.014880796894431114,0.7129681706428528,0.2526971399784088,-0.01928744837641716,0.7452194690704346,0.2592964172363281,-0.0301524605602026,0.7661772966384888,0.2704680263996124,-0.03050357848405838,0.632530689239502,0.3267879784107208,0.01012863777577877,0.6850830912590027,0.2652572691440582,-0.021730272099375725,0.6752212643623352,0.37633246183395386,-0.014623455703258514,0.6524174213409424,0.36874282360076904,0.0033827407751232386,0.5799680948257446,0.3375873565673828,-0.005056838039308786,0.6291203498840332,0.30388814210891724,-0.04678956791758537,0.6298900246620178,0.39776211977005005,-0.02896689809858799,0.60141921043396,0.38595759868621826,-0.004473031032830477,0.5268831253051758,0.35356220602989197,-0.023105105385184288,0.5731111764907837,0.32896187901496887,-0.04636475816369057,0.5845643281936646,0.390351802110672,-0.028286421671509743,0.5542669296264648,0.39189887046813965,-0.007352451793849468,s
0.5799238085746765,0.6245322227478027,2.3464730602995587e-08,0.6606978178024292,0.5630717277526855,-0.024866249412298203,0.7272472381591797,0.43025773763656616,-0.03967779874801636,0.7948572635650635,0.3537408113479614,-0.05851176381111145,0.8616628646850586,0.30675414204597473,-0.0718415305018425,0.6861893534660339,0.3317311108112335,0.012171883136034012,0.7125278115272522,0.250171959400177,-0.024145158007740974,0.7449765205383301,0.25934648513793945,-0.03533732518553734,0.7664267420768738,0.2711842954158783,-0.03568179905414581,0.631766140460968,0.32766610383987427,0.0058830371126532555,0.6858523488044739,0.2666519284248352,-0.028087995946407318,0.6737166047096252,0.3792601227760315,-0.02012336440384388,0.6499912142753601,0.3693229556083679,-0.0017697737785056233,0.5795851945877075,0.3387463390827179,-0.010712752118706703,0.6313849687576294,0.3048885464668274,-0.055182285606861115,0.6286351680755615,0.4012020230293274,-0.036003969609737396,0.5984450578689575,0.3866574764251709,-0.010422933846712112,0.5261799693107605,0.35446977615356445,-0.02997111901640892,0.5739476084709167,0.3306245803833008,-0.05540158972144127,0.5831727385520935,0.393131285905838,-0.03691819682717323,0.5511605739593506,0.39237722754478455,-0.015663836151361465,s
0.5803799629211426,0.6266641616821289,2.6328775604156363e-08,0.6593620181083679,0.565098762512207,-0.024902690201997757,0.7265529632568359,0.43120113015174866,-0.03934619948267937,0.795396625995636,0.3546048700809479,-0.05777023732662201,0.8619911670684814,0.30596503615379333,-0.0706009566783905,0.6862295866012573,0.3320638835430145,0.013732376508414745,0.7122503519058228,0.2506243586540222,-0.02118602767586708,0.745317816734314,0.2616778612136841,-0.03208127245306969,0.7675561308860779,0.2735145688056946,-0.03245023265480995,0.6318525075912476,0.32733413577079773,0.008042761124670506,0.6851651668548584,0.2667904496192932,-0.024447454139590263,0.6750747561454773,0.37877988815307617,-0.016972476616501808,0.6520318984985352,0.3691178262233734,0.0009183405200019479,0.5800498723983765,0.33857282996177673,-0.007889927364885807,0.6303976774215698,0.30388662219047546,-0.050219204276800156,0.6310685873031616,0.3990855813026428,-0.03147423267364502,0.6016381978988647,0.3860663175582886,-0.006507191341370344,0.5272706747055054,0.35417166352272034,-0.026607371866703033,0.5749525427818298,0.3302614688873291,-0.05057103931903839,0.5863401889801025,0.3920055627822876,-0.032272372394800186,0.55478835105896,0.392693430185318,-0.011213294230401516,s
0.579099178314209,0.6291007995605469,4.640516237941483e-08,0.6597118973731995,0.566871702671051,-0.02345913089811802,0.7265638113021851,0.43302085995674133,-0.037546973675489426,0.7945814728736877,0.356861412525177,-0.05608818307518959,0.8611077070236206,0.3089677691459656,-0.06970633566379547,0.6847987771034241,0.3333899974822998,0.01571430079638958,0.7112395763397217,0.2524508535861969,-0.018938720226287842,0.745663046836853,0.2605412006378174,-0.03101126104593277,0.7678201198577881,0.274414598941803,-0.03228416293859482,0.6306430697441101,0.3287992477416992,0.00907687097787857,0.6845799088478088,0.26654690504074097,-0.024080457165837288,0.675753116607666,0.37695372104644775,-0.01852051354944706,0.6518251895904541,0.3720729649066925,-0.001613645814359188,0.5786780714988708,0.3401224613189697,-0.0075254556722939014,0.6295059323310852,0.30503836274147034,-0.05026698857545853,0.630466103553772,0.39904576539993286,-0.03266967833042145,0.6006605625152588,0.38922587037086487,-0.00810494739562273,0.525692343711853,0.3566702902317047,-0.026696184650063515,0.5732146501541138,0.3308504521846771,-0.05092940852046013,0.5855067372322083,0.39264971017837524,-0.032573048025369644,0.5551962852478027,0.3950328826904297,-0.011270902119576931,s
0.5789339542388916,0.6288615465164185,2.7932683721587637e-08,0.6594005227088928,0.5670439600944519,-0.02371654100716114,0.726301908493042,0.43437203764915466,-0.037695396691560745,0.7942026257514954,0.35852164030075073,-0.05622490122914314,0.8602161407470703,0.3104300796985626,-0.069659523665905,0.6850712895393372,0.3331071436405182,0.015334853902459145,0.713469386100769,0.2525348663330078,-0.019882338121533394,0.7465597987174988,0.2632361054420471,-0.03183739259839058,0.7687069773674011,0.2767091989517212,-0.033003199845552444,0.6306808590888977,0.3283248245716095,0.008729195222258568,0.6854572296142578,0.26809775829315186,-0.025028053671121597,0.6745173931121826,0.37942156195640564,-0.019232409074902534,0.651344358921051,0.37260815501213074,-0.002164323115721345,0.5790483355522156,0.3398480713367462,-0.007909335196018219,0.6313629746437073,0.30600282549858093,-0.05128559470176697,0.6302637457847595,0.40135815739631653,-0.03302313759922981,0.6002335548400879,0.39040419459342957,-0.007985690608620644,0.5264140367507935,0.35591965913772583,-0.027218930423259735,0.5757059454917908,0.33219391107559204,-0.05201268196105957,0.5862990617752075,0.39520102739334106,-0.033446382731199265,0.5549640655517578,0.3969994783401489,-0.011902443133294582,s
0.577869176864624,0.631908655166626,2.782296526504524e-08,0.6570378541946411,0.5711760520935059,-0.025631224736571312,0.7236059904098511,0.4395798444747925,-0.04103851318359375,0.7918827533721924,0.36252841353416443,-0.06070709973573685,0.8586395978927612,0.3133409023284912,-0.07503221184015274,0.6855477094650269,0.335119366645813,0.014478948898613453,0.7122915387153625,0.2544572353363037,-0.020895270630717278,0.7461450099945068,0.265519380569458,-0.03312256559729576,0.7677006721496582,0.28085795044898987,-0.03428957611322403,0.6305981278419495,0.32956886291503906,0.009147852659225464,0.6837055683135986,0.27148720622062683,-0.024447033181786537,0.6743454337120056,0.38236814737319946,-0.018904268741607666,0.6512922644615173,0.37572067975997925,-0.0020104076247662306,0.5783640742301941,0.3406323492527008,-0.006344579625874758,0.628487229347229,0.309090256690979,-0.04881485179066658,0.629218578338623,0.40247830748558044,-0.03065386973321438,0.6004452109336853,0.39226850867271423,-0.005888238549232483,0.525407075881958,0.3567159175872803,-0.024720627814531326,0.5723505020141602,0.3345469534397125,-0.048712361603975296,0.5835461020469666,0.3963080048561096,-0.0302713792771101,0.5533413290977478,0.3982982635498047,-0.008823311887681484,s
0.5788326263427734,0.6305719614028931,2.3130821702466164e-08,0.6589552164077759,0.5686450004577637,-0.025480050593614578,0.7250991463661194,0.43886250257492065,-0.04013796150684357,0.7920023202896118,0.3636188209056854,-0.05893285572528839,0.8569627404212952,0.31478869915008545,-0.07238268107175827,0.6846402883529663,0.33641690015792847,0.013248935341835022,0.7125052213668823,0.2568897604942322,-0.022595303133130074,0.745878279209137,0.26749834418296814,-0.03499945253133774,0.7674042582511902,0.2807478904724121,-0.03630613908171654,0.629823625087738,0.33237433433532715,0.007373108062893152,0.6832777857780457,0.27367377281188965,-0.026439858600497246,0.6738932728767395,0.3840068280696869,-0.020642250776290894,0.6516972184181213,0.37640827894210815,-0.003826381638646126,0.5780484080314636,0.3445117473602295,-0.008640062995254993,0.6284363865852356,0.3105091154575348,-0.05260008946061134,0.628679633140564,0.40522241592407227,-0.034193214029073715,0.599831759929657,0.3940662145614624,-0.009013797156512737,0.5252411365509033,0.3611984848976135,-0.027409628033638,0.5725281834602356,0.3351169228553772,-0.05275186523795128,0.5838865041732788,0.3973817825317383,-0.03384498879313469,0.5533983707427979,0.39970988035202026,-0.01194271631538868,s
0.5777332186698914,0.6343270540237427,2.1706656028186444e-08,0.6565318703651428,0.5724002122879028,-0.025671573355793953,0.7228975892066956,0.44141915440559387,-0.04013948142528534,0.79097980260849,0.3660631775856018,-0.058732014149427414,0.8573654890060425,0.3179134428501129,-0.07188904285430908,0.6845099925994873,0.33839768171310425,0.014799810014665127,0.7128920555114746,0.2594234347343445,-0.020863858982920647,0.7465941309928894,0.2739015817642212,-0.03373165801167488,0.7675649523735046,0.2897700071334839,-0.03529569134116173,0.6290009021759033,0.3327835202217102,0.00954372063279152,0.6819063425064087,0.2733791768550873,-0.024235563352704048,0.6730451583862305,0.3847322165966034,-0.019769346341490746,0.6501321792602539,0.3786744475364685,-0.0035677358973771334,0.576987624168396,0.3442637324333191,-0.005814444273710251,0.626580536365509,0.3117981255054474,-0.048367228358983994,0.6277472376823425,0.40553101897239685,-0.031031152233481407,0.5982789993286133,0.3956625163555145,-0.006642763502895832,0.52426677942276,0.3604179620742798,-0.02406105026602745,0.570713222026825,0.3378683924674988,-0.04797732084989548,0.5821619033813477,0.3991437256336212,-0.029658062383532524,0.5514140725135803,0.401469349861145,-0.00819992832839489,s
0.5776898860931396,0.636420726776123,3.6969055372537696e-08,0.6557388305664062,0.5733460783958435,-0.024871446192264557,0.722710132598877,0.4436543881893158,-0.04020831733942032,0.7913277745246887,0.3697974681854248,-0.059940438717603683,0.8570662140846252,0.32218748331069946,-0.07465124875307083,0.6834061145782471,0.3412676751613617,0.013170193880796432,0.7118971347808838,0.2619951665401459,-0.02206525206565857,0.7461659908294678,0.2742619514465332,-0.03520701080560684,0.7663232684135437,0.2911034822463989,-0.03717203810811043,0.6281722784042358,0.3362134099006653,0.007332672830671072,0.6803797483444214,0.2762344479560852,-0.026223834604024887,0.673600971698761,0.3857949376106262,-0.022052578628063202,0.6505569815635681,0.38208988308906555,-0.006373906973749399,0.5763041377067566,0.3484794497489929,-0.008196663111448288,0.6260114312171936,0.31463006138801575,-0.050394292920827866,0.6290504932403564,0.4077056050300598,-0.0327855683863163,0.5998090505599976,0.4003147780895233,-0.00845985859632492,0.5236241221427917,0.36591750383377075,-0.02650529332458973,0.5701472759246826,0.34108078479766846,-0.05080341920256615,0.5831960439682007,0.4019709825515747,-0.03240315616130829,0.5537975430488586,0.4054087996482849,-0.010937795974314213,s
0.5772684812545776,0.6379386782646179,1.591773646225647e-08,0.6555341482162476,0.5766527056694031,-0.02577606402337551,0.7230246663093567,0.4455328583717346,-0.04009972885251045,0.7913301587104797,0.3702876567840576,-0.05856489762663841,0.8572474122047424,0.3229140043258667,-0.07170086354017258,0.6843949556350708,0.3422785997390747,0.014116743579506874,0.7119556069374084,0.26291579008102417,-0.02131149359047413,0.7449085116386414,0.2757250666618347,-0.03370296210050583,0.7670391201972961,0.2920086979866028,-0.03489864245057106,0.6281002759933472,0.3370801508426666,0.008893413469195366,0.679940402507782,0.27895432710647583,-0.024751000106334686,0.6694911122322083,0.3900717496871948,-0.019689170643687248,0.6474694609642029,0.3838843107223511,-0.0029825484380126,0.5757518410682678,0.3492029309272766,-0.006446633953601122,0.6242090463638306,0.31843388080596924,-0.048945482820272446,0.6236863136291504,0.4114041030406952,-0.03154141083359718,0.5949068069458008,0.40043848752975464,-0.007155518047511578,0.5233395099639893,0.3658515512943268,-0.024683063849806786,0.5684612989425659,0.3427242040634155,-0.04842435568571091,0.5786151885986328,0.4034295678138733,-0.030041703954339027,0.5483834743499756,0.4050580859184265,-0.00859837606549263,s
0.5747843980789185,0.6419509649276733,2.6587391843690966e-08,0.6513887047767639,0.5815572738647461,-0.027967816218733788,0.718461275100708,0.4506204426288605,-0.04332778602838516,0.7880793213844299,0.3745015263557434,-0.062457628548145294,0.854956865310669,0.3260166645050049,-0.07603854686021805,0.6840401887893677,0.344937801361084,0.014549566432833672,0.7106873393058777,0.2660259008407593,-0.020915796980261803,0.7431781888008118,0.277390718460083,-0.03379229083657265,0.7639652490615845,0.29433366656303406,-0.03515798598527908,0.6278467178344727,0.3392561078071594,0.010662641376256943,0.6784815788269043,0.2798430025577545,-0.02312731184065342,0.6684219241142273,0.3905593156814575,-0.018449189141392708,0.6468038558959961,0.38604864478111267,-0.0016453133430331945,0.5752001404762268,0.350940465927124,-0.0036274928133934736,0.6221659183502197,0.3198181986808777,-0.04573344066739082,0.6216443777084351,0.41158321499824524,-0.02838047407567501,0.5938807725906372,0.4017323851585388,-0.003914543427526951,0.5225120186805725,0.3674066662788391,-0.021060697734355927,0.5665255784988403,0.3441354036331177,-0.04419424757361412,0.5757659673690796,0.40469759702682495,-0.02567247487604618,0.5463876128196716,0.40692463517189026,-0.004091865848749876,s
