0.5233486294746399,0.9581308364868164,3.0255461069828016e-07,0.5789331197738647,0.9347107410430908,-0.010455328039824963,0.6354085206985474,0.9252922534942627,-0.0299585722386837,0.6744673252105713,0.9333474636077881,-0.04757235571742058,0.7026489973068237,0.931788980960846,-0.06827488541603088,0.6257862448692322,0.8841806650161743,-0.06175785884261131,0.6572605967521667,0.8493186235427856,-0.09431350231170654,0.6758118271827698,0.8809295892715454,-0.11713164299726486,0.6849060654640198,0.9212255477905273,-0.1309041976928711,0.5933631062507629,0.9114761352539062,-0.07069801539182663,0.6172271370887756,0.8515520691871643,-0.09612049162387848,0.6156489253044128,0.8513947129249573,-0.09928065538406372,0.6040704250335693,0.8586394190788269,-0.10336095094680786,0.5549747943878174,0.93552166223526,-0.07883896678686142,0.5813406109809875,0.8716452717781067,-0.09802757203578949,0.5766485333442688,0.8721452355384827,-0.08484283089637756,0.5640747547149658,0.8806284666061401,-0.07642513513565063,0.5212807655334473,0.9529680609703064,-0.08760419487953186,0.5432783365249634,0.8942044377326965,-0.0992249846458435,0.5395020246505737,0.8889421820640564,-0.0868138000369072,0.530361533164978,0.897716760635376,-0.0775366723537445,s
0.5241096019744873,0.95444655418396,2.0150490342984995e-07,0.5781591534614563,0.9344351887702942,-0.009732507169246674,0.6305437684059143,0.906436026096344,-0.02558782882988453,0.6677157878875732,0.9006262421607971,-0.039839789271354675,0.6929078698158264,0.8782296776771545,-0.05653920769691467,0.6183441877365112,0.8563486933708191,-0.05271109938621521,0.6411212086677551,0.8067064881324768,-0.07996119558811188,0.6602370142936707,0.8299704194068909,-0.09928178787231445,0.6724528074264526,0.8673923015594482,-0.11078531295061111,0.5894250869750977,0.8763523101806641,-0.05946052074432373,0.5931717753410339,0.7940462827682495,-0.08105076104402542,0.5994020700454712,0.8014816641807556,-0.08773244172334671,0.5983790755271912,0.8214216828346252,-0.09406278282403946,0.5535740256309509,0.8962607383728027,-0.06489526480436325,0.5565046072006226,0.8130956292152405,-0.08110365271568298,0.5622802972793579,0.8204026818275452,-0.07302822172641754,0.5623865127563477,0.8401533961296082,-0.06763388216495514,0.5197840929031372,0.9125908613204956,-0.07075611501932144,0.5196042060852051,0.8341853022575378,-0.08316107839345932,0.5290974378585815,0.829646110534668,-0.0758223757147789,0.5361025333404541,0.8401023149490356,-0.06898953020572662,s
0.5164781212806702,0.8958291411399841,3.307668805518915e-07,0.5719928741455078,0.8827571272850037,-0.014457015320658684,0.622382402420044,0.8556768894195557,-0.029985938221216202,0.6605370044708252,0.8454760313034058,-0.04556331783533096,0.6937726736068726,0.8363279700279236,-0.061562586575746536,0.5983840227127075,0.762086033821106,-0.0321260467171669,0.638511061668396,0.7524402737617493,-0.060939621180295944,0.6631469130516052,0.7922562956809998,-0.08424155414104462,0.6778078675270081,0.829571545124054,-0.09878969192504883,0.5711118578910828,0.7668876647949219,-0.039048295468091965,0.606434166431427,0.7740023136138916,-0.06579377502202988,0.6037414073944092,0.8111170530319214,-0.07563592493534088,0.5891433954238892,0.8252564072608948,-0.0819847583770752,0.5393153429031372,0.7860546112060547,-0.04758274182677269,0.5690170526504517,0.7915294766426086,-0.06769579648971558,0.5671868920326233,0.8250347375869751,-0.05821021646261215,0.5551921129226685,0.8391446471214294,-0.05033444985747337,0.5064631700515747,0.8084241151809692,-0.05804842337965965,0.5295031070709229,0.8061171770095825,-0.07001275569200516,0.5350092053413391,0.8305737376213074,-0.05908544734120369,0.5285611748695374,0.8433535695075989,-0.049261171370744705,s
0.5285950303077698,0.8627743124961853,1.4954198945815733e-07,0.5725240111351013,0.8497544527053833,-0.010994021780788898,0.6185335516929626,0.8125892281532288,-0.02195858582854271,0.6558237075805664,0.7948504686355591,-0.03512042015790939,0.6907878518104553,0.7882716655731201,-0.046942368149757385,0.5962313413619995,0.712670624256134,-0.008428402245044708,0.6319857835769653,0.6929841637611389,-0.03713413327932358,0.6521713137626648,0.7328704595565796,-0.05778534337878227,0.6637499928474426,0.7629863619804382,-0.06829815357923508,0.5672387480735779,0.7004199624061584,-0.014386131428182125,0.6017945408821106,0.7221308946609497,-0.04057689011096954,0.5956471562385559,0.772264301776886,-0.04861794784665108,0.5831142663955688,0.78549724817276,-0.05031713843345642,0.5365563035011292,0.7065265774726868,-0.024193497374653816,0.5716568231582642,0.7453758120536804,-0.0475894920527935,0.5672096014022827,0.7880276441574097,-0.0428430512547493,0.5579410791397095,0.7972925305366516,-0.034987177699804306,0.5079353451728821,0.7253771424293518,-0.03570066764950752,0.5383082628250122,0.760050892829895,-0.048249706625938416,0.5423184633255005,0.79414963722229,-0.04170893877744675,0.5378611087799072,0.802878737449646,-0.033322062343358994,s
0.5281060934066772,0.8358680009841919,5.6832078598745284e-08,0.5699544548988342,0.8167668581008911,-0.0071805743500590324,0.6151831150054932,0.7739694118499756,-0.01741134561598301,0.6527824401855469,0.7522903084754944,-0.030609920620918274,0.6852667331695557,0.7416157722473145,-0.04264044761657715,0.580280601978302,0.6626802086830139,-0.004310286603868008,0.6255598068237305,0.6498825550079346,-0.03018619492650032,0.6494306921958923,0.6881099939346313,-0.049819886684417725,0.6616469025611877,0.7212486267089844,-0.05936694145202637,0.5513066053390503,0.6541358828544617,-0.011306035332381725,0.5991007089614868,0.6841978430747986,-0.03205486387014389,0.5928332209587097,0.7331786155700684,-0.039556778967380524,0.5774548053741455,0.7481023073196411,-0.04149637743830681,0.5236809253692627,0.6677637696266174,-0.021214328706264496,0.5705651640892029,0.7034250497817993,-0.03995634242892265,0.5667818784713745,0.7456585168838501,-0.03535709157586098,0.5557647347450256,0.7572502493858337,-0.028117550536990166,0.49928441643714905,0.6934393048286438,-0.032446518540382385,0.5376322865486145,0.7195366621017456,-0.041325729340314865,0.542579174041748,0.7525458335876465,-0.03277400881052017,0.5372864007949829,0.7652658820152283,-0.022908080369234085,s
0.5208688378334045,0.8044149875640869,2.147573496813493e-08,0.5677350163459778,0.7820519208908081,-0.007820943370461464,0.6154813170433044,0.7385930418968201,-0.018410250544548035,0.6544874310493469,0.7172327637672424,-0.03231978416442871,0.6858667731285095,0.7022953629493713,-0.04503869637846947,0.5763306021690369,0.6309217810630798,-0.001671929843723774,0.6183277368545532,0.6095014810562134,-0.02757510542869568,0.6416016817092896,0.642568051815033,-0.04666966199874878,0.6538395881652832,0.673909604549408,-0.05509858578443527,0.5475559234619141,0.6246572136878967,-0.007808404043316841,0.5951005220413208,0.644843578338623,-0.029951246455311775,0.5916497707366943,0.6964470744132996,-0.03861997649073601,0.5781842470169067,0.7185235619544983,-0.03970276936888695,0.5202333927154541,0.6373383402824402,-0.017041530460119247,0.566792368888855,0.6674866080284119,-0.036612946540117264,0.5648124814033508,0.7127825021743774,-0.033303700387477875,0.5554972290992737,0.7295668125152588,-0.02538212575018406,0.49605613946914673,0.660910427570343,-0.027614952996373177,0.5340005159378052,0.682093620300293,-0.03567713871598244,0.5398957133293152,0.7157405018806458,-0.027363471686840057,0.535804271697998,0.730985164642334,-0.01683921553194523,s
0.5211210250854492,0.7800682783126831,-5.245959666666522e-09,0.5664409399032593,0.7560404539108276,-0.007292648311704397,0.612404465675354,0.7088150978088379,-0.017053944990038872,0.6508249640464783,0.6849913001060486,-0.03005010448396206,0.6826478242874146,0.6669360995292664,-0.04190944880247116,0.5806244015693665,0.6060519218444824,-0.0012448780471459031,0.6195659041404724,0.5845871567726135,-0.02510940469801426,0.6426755785942078,0.6137346029281616,-0.04238065332174301,0.6551640033721924,0.6400216817855835,-0.05049322918057442,0.5512368679046631,0.5974267721176147,-0.007530148606747389,0.5955964922904968,0.6148562431335449,-0.027917074039578438,0.59187912940979,0.666416347026825,-0.03481996804475784,0.5770365595817566,0.6840950846672058,-0.03545605391263962,0.5223482251167297,0.6082091331481934,-0.01682456023991108,0.5670827627182007,0.6344478130340576,-0.036091241985559464,0.5652471780776978,0.6808598041534424,-0.03165881335735321,0.5534186363220215,0.6946066617965698,-0.02375057339668274,0.49578356742858887,0.6302902698516846,-0.02735416404902935,0.5328232049942017,0.6497802734375,-0.03687747195363045,0.539419412612915,0.6849335432052612,-0.028752880170941353,0.533168613910675,0.6982940435409546,-0.01869666762650013,s
0.5243489742279053,0.7591601014137268,3.805082471330934e-09,0.5667556524276733,0.7360848784446716,-0.007710204925388098,0.6121131777763367,0.6844234466552734,-0.01816929690539837,0.6506509780883789,0.6565377116203308,-0.03199357911944389,0.6836291551589966,0.637179434299469,-0.04436502233147621,0.5747947692871094,0.5791336894035339,-0.0014827644918113947,0.6163862943649292,0.5542440414428711,-0.027645355090498924,0.6413155198097229,0.5845513343811035,-0.0461573600769043,0.6550270318984985,0.6134922504425049,-0.054690346121788025,0.5448749661445618,0.5713455080986023,-0.008576538413763046,0.5957348346710205,0.5916529893875122,-0.0329354852437973,0.5898194909095764,0.6477407813072205,-0.040789563208818436,0.5728247761726379,0.6645137071609497,-0.040893036872148514,0.5168974995613098,0.5841147899627686,-0.01887911558151245,0.5669519901275635,0.6131222248077393,-0.04211028292775154,0.5628380179405212,0.6626178026199341,-0.03805305436253548,0.5489910840988159,0.6740001440048218,-0.02917863242328167,0.49218034744262695,0.6083176136016846,-0.030275976285338402,0.5338671207427979,0.6267369985580444,-0.04205630347132683,0.5397841930389404,0.6631016731262207,-0.03361465036869049,0.5317798852920532,0.6752899289131165,-0.0226417388767004,s
0.5194665193557739,0.7401501536369324,-4.505131911969329e-08,0.5645388960838318,0.7139300107955933,-0.006921867839992046,0.609473466873169,0.6632367372512817,-0.017228007316589355,0.6470958590507507,0.6366201043128967,-0.030973272398114204,0.6794004440307617,0.6159668564796448,-0.0430583581328392,0.5690228939056396,0.5562416911125183,-0.0007831797702237964,0.6139929890632629,0.531345009803772,-0.02728857472538948,0.6372743844985962,0.5642935633659363,-0.04569591209292412,0.6491641998291016,0.5941590070724487,-0.05391601845622063,0.5397345423698425,0.5490967631340027,-0.00810712669044733,0.5932231545448303,0.5673313736915588,-0.03173866868019104,0.5899816155433655,0.6247271299362183,-0.039939362555742264,0.5745204091072083,0.6440299153327942,-0.040522512048482895,0.5130289196968079,0.563154935836792,-0.01857048273086548,0.5648319721221924,0.5904844999313354,-0.040936391800642014,0.5621966123580933,0.6405377388000488,-0.03726201876997948,0.5489474534988403,0.6529730558395386,-0.028889257460832596,0.48950934410095215,0.5881815552711487,-0.030084310099482536,0.5312445759773254,0.6043254137039185,-0.0409211665391922,0.5385231971740723,0.6414153575897217,-0.0322892889380455,0.5318806767463684,0.6550710797309875,-0.021435964852571487,s
0.5161491632461548,0.7264646291732788,-6.365404203734215e-08,0.5623420476913452,0.6989449858665466,-0.007386227138340473,0.6078999638557434,0.6460442543029785,-0.017713630571961403,0.6457024812698364,0.6171318292617798,-0.031706374138593674,0.6796025633811951,0.5957333445549011,-0.04392312094569206,0.5681604743003845,0.539448082447052,-1.9737079128390178e-05,0.6132124066352844,0.512471079826355,-0.027182744815945625,0.6365204453468323,0.5448551774024963,-0.04581461846828461,0.648711621761322,0.5761266946792603,-0.054037220776081085,0.5385245680809021,0.5323030948638916,-0.007551387883722782,0.5925522446632385,0.5483399629592896,-0.03267592936754227,0.5882116556167603,0.6072791814804077,-0.04152768477797508,0.5721859335899353,0.6291062235832214,-0.0417940728366375,0.5113241672515869,0.5457606315612793,-0.018425948917865753,0.5632763504981995,0.5744389295578003,-0.042088959366083145,0.5599868893623352,0.6251019239425659,-0.038888245820999146,0.5467121601104736,0.6381757855415344,-0.030126729980111122,0.4872070252895355,0.5702930092811584,-0.030418626964092255,0.5289749503135681,0.5863815546035767,-0.04175129905343056,0.5361354947090149,0.6225128769874573,-0.03329268842935562,0.5296316742897034,0.6356770992279053,-0.022233642637729645,s
0.5155452489852905,0.7133549451828003,-6.483219294750597e-08,0.5627110600471497,0.685584545135498,-0.007530368398874998,0.6076492667198181,0.6312665343284607,-0.017260894179344177,0.6446518301963806,0.6024410724639893,-0.030850626528263092,0.6779006123542786,0.5821554064750671,-0.042311396449804306,0.569740355014801,0.5249670743942261,0.0014033379266038537,0.6120256781578064,0.4949032664299011,-0.0268572848290205,0.6366661787033081,0.5279280543327332,-0.04521410912275314,0.6497983336448669,0.5589168071746826,-0.05295746400952339,0.5397019386291504,0.5160483717918396,-0.006620925385504961,0.5926204919815063,0.5306481122970581,-0.03335653245449066,0.5887987017631531,0.5928870439529419,-0.041861046105623245,0.5726044178009033,0.611284613609314,-0.041116952896118164,0.5116961002349854,0.5279081463813782,-0.018362341448664665,0.5620483160018921,0.5599422454833984,-0.043808408081531525,0.5580458045005798,0.6116095781326294,-0.04039238393306732,0.5439352989196777,0.6186192631721497,-0.03095538355410099,0.4863201379776001,0.550639271736145,-0.031253885477781296,0.5268299579620361,0.5702270269393921,-0.04316200315952301,0.5332112908363342,0.6078053116798401,-0.034147609025239944,0.5255622267723083,0.6174883246421814,-0.022535987198352814,s
0.5120601058006287,0.7006565928459167,-9.069493955848884e-08,0.5606900453567505,0.6721660494804382,-0.0072400388307869434,0.6052700281143188,0.6174180507659912,-0.01731722615659237,0.6433568000793457,0.5889827013015747,-0.03166807070374489,0.6773160099983215,0.56837397813797,-0.044113047420978546,0.5695002675056458,0.515275776386261,0.0014116918900981545,0.6098496913909912,0.4805440902709961,-0.027253849431872368,0.6345767378807068,0.5127303600311279,-0.04622093215584755,0.648118257522583,0.543897807598114,-0.054516661912202835,0.5400965213775635,0.5062144994735718,-0.007122811395674944,0.5905932784080505,0.5227380394935608,-0.03389943763613701,0.5851852893829346,0.5852035880088806,-0.0425577275454998,0.5679418444633484,0.6020375490188599,-0.04257810115814209,0.5114841461181641,0.5174219608306885,-0.019516492262482643,0.561697244644165,0.5443695783615112,-0.04572506621479988,0.5577961206436157,0.5974459052085876,-0.04196188971400261,0.5434457063674927,0.6055207252502441,-0.03256804123520851,0.48477351665496826,0.5392729043960571,-0.03298730030655861,0.5262570381164551,0.5529171824455261,-0.046082671731710434,0.5336349010467529,0.5916514992713928,-0.03682781010866165,0.5263622403144836,0.6028860807418823,-0.025090722367167473,s
0.5118820667266846,0.693527102470398,-9.704375258934306e-08,0.5595129728317261,0.6614596247673035,-0.005533589515835047,0.6033035516738892,0.6049349904060364,-0.015931488946080208,0.6413013339042664,0.5757039785385132,-0.031218936666846275,0.673937201499939,0.5537070035934448,-0.0445135124027729,0.5673860311508179,0.5039665699005127,0.002061710460111499,0.6070540547370911,0.4686757028102875,-0.027076328173279762,0.6320574283599854,0.5018462538719177,-0.045485880225896835,0.6456470489501953,0.5323481559753418,-0.053172532469034195,0.5366395711898804,0.49513041973114014,-0.007862386293709278,0.5869520902633667,0.5136494040489197,-0.03361048176884651,0.5802161693572998,0.5756761431694031,-0.04074379429221153,0.5622965693473816,0.5843169093132019,-0.040124040096998215,0.5074912309646606,0.5066513419151306,-0.021645070984959602,0.5583460330963135,0.5336159467697144,-0.04757103696465492,0.5536527037620544,0.5858198404312134,-0.04236408695578575,0.5384251475334167,0.5876796245574951,-0.03243623301386833,0.48074644804000854,0.5288529396057129,-0.03638973459601402,0.5229107141494751,0.5409455299377441,-0.04946838691830635,0.5288955569267273,0.5797574520111084,-0.03899906203150749,0.5191597938537598,0.5885534286499023,-0.026481790468096733,s
0.5058150291442871,0.6857402920722961,-8.568239451278714e-08,0.5534046292304993,0.6546610593795776,-0.007743445225059986,0.5967982411384583,0.5950976610183716,-0.01819309964776039,0.6358540654182434,0.5627713203430176,-0.03315470367670059,0.6707848310470581,0.5414501428604126,-0.04591774567961693,0.5646945834159851,0.4935000538825989,0.002869446761906147,0.6040329933166504,0.45981892943382263,-0.02615002728998661,0.6280996203422546,0.48908185958862305,-0.04333799332380295,0.6417158246040344,0.5180251598358154,-0.049954596906900406,0.5335067510604858,0.48435208201408386,-0.005575668066740036,0.5821537375450134,0.4987446963787079,-0.03145274892449379,0.5765475630760193,0.5617311596870422,-0.0370941236615181,0.5613226890563965,0.5713514089584351,-0.03457463160157204,0.5040128231048584,0.4945061206817627,-0.018427107483148575,0.5527119040489197,0.5246917605400085,-0.04506389796733856,0.5475310683250427,0.5774138569831848,-0.03978559747338295,0.5334392786026001,0.5784593224525452,-0.02915501408278942,0.4770527482032776,0.5146973133087158,-0.0324845090508461,0.5178992748260498,0.5316017270088196,-0.04563450068235397,0.5225627422332764,0.5716425776481628,-0.035751648247241974,0.5124053359031677,0.5791141390800476,-0.023473704233765602,s
0.5063143968582153,0.6755732297897339,-7.133015600402359e-08,0.5534465909004211,0.6423352956771851,-0.004666060674935579,0.595318078994751,0.5834237933158875,-0.014997905120253563,0.6329095363616943,0.5512745976448059,-0.030610734596848488,0.6673051714897156,0.5291590094566345,-0.044581472873687744,0.5572746396064758,0.48148924112319946,0.003180710831657052,0.5975300669670105,0.4470627009868622,-0.024754516780376434,0.6239596605300903,0.4750675559043884,-0.042168840765953064,0.6385188102722168,0.5048112869262695,-0.049214452505111694,0.5268470048904419,0.47375503182411194,-0.0068636429496109486,0.5781416296958923,0.49193114042282104,-0.03167456388473511,0.573309063911438,0.554218590259552,-0.03757087513804436,0.5565493106842041,0.5648664236068726,-0.036008939146995544,0.49897298216819763,0.48572227358818054,-0.020673327147960663,0.5505626797676086,0.5122590661048889,-0.046153903007507324,0.5459583401679993,0.5656504034996033,-0.040254153311252594,0.5302662253379822,0.5698999166488647,-0.02981521561741829,0.4733556807041168,0.5077250599861145,-0.03539872542023659,0.5175949335098267,0.5199949741363525,-0.048314742743968964,0.5226448774337769,0.5599758625030518,-0.03772512823343277,0.5111373662948608,0.5698182582855225,-0.025129353627562523,s
0.5043064951896667,0.6673731207847595,-6.866320489962163e-08,0.5525802373886108,0.6331506967544556,-0.006607504095882177,0.5938635468482971,0.5750913023948669,-0.01800880767405033,0.6312305927276611,0.5410342216491699,-0.034566618502140045,0.6645885109901428,0.5154920220375061,-0.04888554662466049,0.5534175634384155,0.4727543890476227,0.0034968473482877016,0.5934441089630127,0.43795329332351685,-0.02611485868692398,0.6205503344535828,0.46574586629867554,-0.04373202472925186,0.6366119384765625,0.4939460754394531,-0.0504954569041729,0.5219690799713135,0.46501657366752625,-0.005859370809048414,0.5745002031326294,0.482489675283432,-0.03139447793364525,0.56964111328125,0.5442224740982056,-0.036908891052007675,0.5529568195343018,0.5493385791778564,-0.034751635044813156,0.4940691888332367,0.4773215353488922,-0.019495930522680283,0.5471049547195435,0.5057808756828308,-0.04573877528309822,0.5425107479095459,0.5565654635429382,-0.0399911068379879,0.52660071849823,0.5547792315483093,-0.029481591656804085,0.4688850939273834,0.49977385997772217,-0.034305863082408905,0.513404130935669,0.5145412087440491,-0.04770577326416969,0.518485963344574,0.5522603392601013,-0.037620659917593,0.5066836476325989,0.5586916208267212,-0.025136642158031464,s
0.5025078654289246,0.6588916778564453,-7.836776205749629e-08,0.5500093102455139,0.626270055770874,-0.007424184586852789,0.5902940034866333,0.5684422850608826,-0.019316796213388443,0.6282132267951965,0.5335965156555176,-0.036223866045475006,0.6628259420394897,0.5070202350616455,-0.05058753117918968,0.5500766634941101,0.46675121784210205,0.002938595600426197,0.5896590948104858,0.42841827869415283,-0.02762201614677906,0.6165526509284973,0.45664048194885254,-0.04489562287926674,0.6319023370742798,0.4873141050338745,-0.05097297951579094,0.5189875364303589,0.4589097499847412,-0.00585861224681139,0.572445273399353,0.47149768471717834,-0.03273838385939598,0.5686915516853333,0.5350565910339355,-0.03771607205271721,0.5523743629455566,0.5431525707244873,-0.03454111889004707,0.4916554093360901,0.4700169563293457,-0.01922033727169037,0.5459491610527039,0.4984983503818512,-0.04652030020952225,0.5407885313034058,0.550304114818573,-0.04094487428665161,0.5241175293922424,0.5494046211242676,-0.030043544247746468,0.4670882523059845,0.4911286234855652,-0.03379805386066437,0.5124155282974243,0.5083702206611633,-0.04748198762536049,0.5166494846343994,0.5458985567092896,-0.0381900854408741,0.5037185549736023,0.5512452125549316,-0.02621457725763321,s
0.5000444054603577,0.6558078527450562,-8.488819247531865e-08,0.5481923818588257,0.6218981146812439,-0.007340662647038698,0.5882507562637329,0.5616785883903503,-0.018935881555080414,0.6264858841896057,0.5254770517349243,-0.035477880388498306,0.6610455513000488,0.49701374769210815,-0.049505818635225296,0.5471816658973694,0.4618717133998871,0.00311293825507164,0.5866662263870239,0.42371058464050293,-0.026981931179761887,0.613861620426178,0.4506593644618988,-0.043912358582019806,0.62985759973526,0.4803921580314636,-0.04991867393255234,0.5165315866470337,0.45407384634017944,-0.005821604281663895,0.5709378719329834,0.4642276465892792,-0.03248339891433716,0.5676409006118774,0.5277233123779297,-0.03730476647615433,0.5510730743408203,0.5354307889938354,-0.03393460810184479,0.4896426796913147,0.46502459049224854,-0.019259905442595482,0.5445116758346558,0.4913724958896637,-0.04642774164676666,0.5401442050933838,0.5437818765640259,-0.040491584688425064,0.5233455300331116,0.5431320667266846,-0.029260801151394844,0.465473473072052,0.4860560894012451,-0.03393480181694031,0.5108750462532043,0.5022250413894653,-0.04771140217781067,0.515952467918396,0.5397525429725647,-0.03823060914874077,0.5032320618629456,0.5453623533248901,-0.026021944358944893,s
0.5014147758483887,0.6498358249664307,-1.0007963879843373e-07,0.5492457747459412,0.6147333979606628,-0.007540480699390173,0.5890034437179565,0.5546106100082397,-0.01975838467478752,0.6270866394042969,0.5175308585166931,-0.03686597943305969,0.6617222428321838,0.48877623677253723,-0.05137637257575989,0.548373818397522,0.45416975021362305,0.002912756986916065,0.5860799551010132,0.4195542335510254,-0.026266923174262047,0.6132897138595581,0.4470119774341583,-0.04204712063074112,0.6295093297958374,0.47635290026664734,-0.04751398414373398,0.5174829363822937,0.44684967398643494,-0.006008177530020475,0.5700522661209106,0.4583592414855957,-0.03161947801709175,0.5653371810913086,0.5226497650146484,-0.03537798672914505,0.5482102036476135,0.528445839881897,-0.03162924200296402,0.4905382990837097,0.45863720774650574,-0.01938018761575222,0.5434374809265137,0.484624445438385,-0.045797258615493774,0.5382406115531921,0.5368170142173767,-0.039034076035022736,0.5207858681678772,0.5345539450645447,-0.02782548777759075,0.46601709723472595,0.4804207682609558,-0.03399551287293434,0.5096153616905212,0.49542415142059326,-0.047449469566345215,0.5136315822601318,0.5331876873970032,-0.03741990402340889,0.4996330440044403,0.5378420948982239,-0.025186946615576744,s
0.5006960034370422,0.6444317102432251,-8.884904900696711e-08,0.5481613874435425,0.6099833846092224,-0.008456472307443619,0.5882566571235657,0.549431562423706,-0.020795071497559547,0.6267029643058777,0.5136405825614929,-0.037897124886512756,0.6615369319915771,0.4859936833381653,-0.05249027535319328,0.5500472187995911,0.4532676339149475,0.0019222236005589366,0.5863922238349915,0.4174743890762329,-0.027933530509471893,0.612967848777771,0.4432559013366699,-0.04351096972823143,0.6293947696685791,0.4709109663963318,-0.04870664328336716,0.5185187458992004,0.445182740688324,-0.006612651515752077,0.5693551301956177,0.453840434551239,-0.03279533609747887,0.5636678338050842,0.5187601447105408,-0.03602903336286545,0.546311616897583,0.523209810256958,-0.03152737393975258,0.4904869794845581,0.4557330012321472,-0.01980547234416008,0.5413576364517212,0.4806145131587982,-0.04741612449288368,0.5364052653312683,0.5334236025810242,-0.04056841880083084,0.5194269418716431,0.5298696160316467,-0.028778307139873505,0.46489712595939636,0.47603851556777954,-0.034243546426296234,0.5070032477378845,0.4898449778556824,-0.04854446277022362,0.5121250748634338,0.5283102989196777,-0.03844623267650604,0.4990586042404175,0.5328555107116699,-0.025865644216537476,s
0.5013103485107422,0.6411073803901672,-7.53997682068075e-08,0.5490338206291199,0.6068005561828613,-0.007769505959004164,0.5892617702484131,0.5453929901123047,-0.01967756636440754,0.6275781393051147,0.5082767009735107,-0.03639111667871475,0.6632590293884277,0.4807305335998535,-0.05071770027279854,0.5477582812309265,0.4479418396949768,0.0030197841115295887,0.5856664180755615,0.4127996861934662,-0.026186194270849228,0.6121840476989746,0.43869680166244507,-0.04217769578099251,0.6284712553024292,0.46677905321121216,-0.04781277850270271,0.5166498422622681,0.4412936568260193,-0.0058224936947226524,0.5695292949676514,0.45063069462776184,-0.03197262063622475,0.5650290250778198,0.5150764584541321,-0.03607841208577156,0.5483878254890442,0.5214964151382446,-0.03227207809686661,0.4890880286693573,0.4528406858444214,-0.01915779337286949,0.5427313446998596,0.47508859634399414,-0.04662918299436569,0.5387319922447205,0.5283392071723938,-0.04002857953310013,0.5219439268112183,0.5273368954658508,-0.028361639007925987,0.46405676007270813,0.47421446442604065,-0.03364429622888565,0.5091518759727478,0.4842231571674347,-0.048040322959423065,0.5148746967315674,0.5226538777351379,-0.037901271134614944,0.5018323659896851,0.5290631055831909,-0.025207318365573883,s
0.5010445713996887,0.6388634443283081,-8.212499835735798e-08,0.5491028428077698,0.6041987538337708,-0.00866677612066269,0.588459312915802,0.5444603562355042,-0.02124720811843872,0.6268197894096375,0.5071039795875549,-0.03854960575699806,0.6629793047904968,0.47935450077056885,-0.053407639265060425,0.5484834909439087,0.4481775760650635,0.002472106134518981,0.5854473114013672,0.4112207889556885,-0.027690919116139412,0.6121196746826172,0.4360883831977844,-0.044408489018678665,0.6291980743408203,0.4648149609565735,-0.05043356493115425,0.5178378820419312,0.4404229521751404,-0.005986545234918594,0.5699288249015808,0.4479403495788574,-0.033138860017061234,0.5643701553344727,0.5128486752510071,-0.037508655339479446,0.5473296046257019,0.5213233232498169,-0.033592041581869125,0.4904024600982666,0.4504229426383972,-0.019129745662212372,0.5436392426490784,0.47230270504951477,-0.047138895839452744,0.5382086634635925,0.5260587930679321,-0.040512409061193466,0.5211206078529358,0.5265503525733948,-0.02860552817583084,0.4653349220752716,0.47052934765815735,-0.03356537967920303,0.509787380695343,0.481377512216568,-0.047919414937496185,0.5147011876106262,0.519917905330658,-0.03786246478557587,0.501977264881134,0.5262535214424133,-0.02519146166741848,s
0.5013784170150757,0.6391890645027161,-8.722872024691242e-08,0.5499113202095032,0.6040613055229187,-0.006874447222799063,0.5892935395240784,0.5422350168228149,-0.018481938168406487,0.6281639933586121,0.5048026442527771,-0.03531835228204727,0.665155827999115,0.4772719442844391,-0.049952730536460876,0.5471252799034119,0.44567278027534485,0.005272430367767811,0.5849123597145081,0.41097909212112427,-0.024189401417970657,0.6116322875022888,0.43501389026641846,-0.040673092007637024,0.6287569403648376,0.4625752866268158,-0.04671241343021393,0.5168807506561279,0.43817612528800964,-0.0039856028743088245,0.5699275135993958,0.44867026805877686,-0.030810803174972534,0.5633437633514404,0.5134837627410889,-0.035338688641786575,0.5458230972290039,0.5208219885826111,-0.03163561224937439,0.4901544451713562,0.4484786093235016,-0.017825111746788025,0.5442242622375488,0.4713527262210846,-0.04563278704881668,0.5377258062362671,0.5254978537559509,-0.03917163982987404,0.5200895667076111,0.5251204967498779,-0.02746519260108471,0.4658644199371338,0.46849122643470764,-0.032805800437927246,0.511706531047821,0.48063531517982483,-0.04693242534995079,0.5148327350616455,0.5194932818412781,-0.03695328161120415,0.5004855394363403,0.5248021483421326,-0.024455476552248,s
0.5040045380592346,0.6360166072845459,-6.222489901119843e-08,0.5522676706314087,0.5998225808143616,-0.00822496972978115,0.5907087922096252,0.5412135124206543,-0.02095666341483593,0.6286003589630127,0.5046600699424744,-0.038688354194164276,0.6648799777030945,0.47651782631874084,-0.05428115278482437,0.5476793050765991,0.4446140229701996,0.0035179394762963057,0.5857541561126709,0.41009196639060974,-0.026642000302672386,0.6124580502510071,0.4331539571285248,-0.044084642082452774,0.6298679113388062,0.4606362581253052,-0.05075185373425484,0.5171770453453064,0.43771815299987793,-0.0052268789149820805,0.5704142451286316,0.44728025794029236,-0.033041033893823624,0.5649504661560059,0.512066662311554,-0.038235556334257126,0.5482198596000671,0.5220233798027039,-0.03473617881536484,0.49043476581573486,0.4479789137840271,-0.018594074994325638,0.545316755771637,0.470034658908844,-0.04728404060006142,0.5390908122062683,0.5243694186210632,-0.04116978496313095,0.5215213894844055,0.5259337425231934,-0.02933919057250023,0.4660675525665283,0.4677903950214386,-0.03319161385297775,0.5128103494644165,0.47856587171554565,-0.048116836696863174,0.5168793797492981,0.5180971026420593,-0.03827694058418274,0.5036143064498901,0.5251190066337585,-0.02561279758810997,s
0.501939058303833,0.6344815492630005,-7.469856200259528e-08,0.5517799854278564,0.5997458100318909,-0.007930251769721508,0.5905157327651978,0.5407076478004456,-0.020518124103546143,0.629099428653717,0.5053887963294983,-0.03825666010379791,0.6648059487342834,0.4785253703594208,-0.053672906011343,0.5468668937683105,0.4447575807571411,0.003656658809632063,0.5865280628204346,0.4090702533721924,-0.02780136466026306,0.6150982975959778,0.4340199828147888,-0.04614966735243797,0.6338708400726318,0.46183088421821594,-0.05331772193312645,0.5162039995193481,0.43727758526802063,-0.0055081904865801334,0.5708974599838257,0.4481159746646881,-0.0342341884970665,0.5644500255584717,0.5126636624336243,-0.039891116321086884,0.5466330051422119,0.5198882818222046,-0.0367935411632061,0.489909291267395,0.4478945732116699,-0.019399484619498253,0.5462469458580017,0.47056522965431213,-0.04832286015152931,0.5391736626625061,0.5244541168212891,-0.042178262025117874,0.5210073590278625,0.5236771702766418,-0.030476737767457962,0.4668908715248108,0.4680752158164978,-0.034569889307022095,0.5139034986495972,0.4801008403301239,-0.0491967536509037,0.5157842040061951,0.5184631943702698,-0.03930823132395744,0.5008743405342102,0.5233649611473083,-0.02674052119255066,s
0.5024561882019043,0.6367972493171692,-7.44674082397978e-08,0.5522624850273132,0.600746750831604,-0.007569960784167051,0.5908831357955933,0.5416762828826904,-0.02027926594018936,0.630339503288269,0.5071783065795898,-0.038325246423482895,0.6666109561920166,0.48084503412246704,-0.05410632863640785,0.5480123162269592,0.4454531669616699,0.004859911743551493,0.5876097083091736,0.4109509289264679,-0.02673545852303505,0.6164018511772156,0.43472132086753845,-0.045304931700229645,0.6358656287193298,0.4611889123916626,-0.05284106358885765,0.5179924964904785,0.4385124742984772,-0.004988432861864567,0.5730839371681213,0.44848236441612244,-0.03435095027089119,0.5654327273368835,0.5130795836448669,-0.04013236612081528,0.546873152256012,0.5193603038787842,-0.03699861839413643,0.49218088388442993,0.4489741325378418,-0.0196683369576931,0.5488947033882141,0.47026699781417847,-0.04956091195344925,0.5418215394020081,0.5246779918670654,-0.043285828083753586,0.5233760476112366,0.5235006809234619,-0.031265489757061005,0.4693446755409241,0.46916621923446655,-0.03561420738697052,0.5169869065284729,0.47970104217529297,-0.05116545781493187,0.5187017321586609,0.5185070633888245,-0.04120727255940437,0.5028942823410034,0.5231694579124451,-0.02841079980134964,s
0.5043418407440186,0.6374077796936035,-7.384755207340277e-08,0.5525206923484802,0.6020446419715881,-0.008247621357440948,0.5904186964035034,0.5433253645896912,-0.021048670634627342,0.6293210983276367,0.507900595664978,-0.03888276219367981,0.6657942533493042,0.4797523021697998,-0.05433279648423195,0.5500486493110657,0.4463132619857788,0.004223904572427273,0.5882377624511719,0.41032785177230835,-0.027637900784611702,0.6158691048622131,0.43485039472579956,-0.04626534879207611,0.6335789561271667,0.4623434245586395,-0.05365504324436188,0.5200681090354919,0.4386482834815979,-0.0049908882938325405,0.5733853578567505,0.4454781711101532,-0.034710612148046494,0.5669305920600891,0.5118482112884521,-0.04045620560646057,0.5492836833000183,0.5210011005401611,-0.03710393235087395,0.4937054216861725,0.44787201285362244,-0.019128991290926933,0.5493295788764954,0.46884772181510925,-0.049490172415971756,0.5422346591949463,0.5248715281486511,-0.04331836476922035,0.523874819278717,0.5257071852684021,-0.0311556588858366,0.47002506256103516,0.46708816289901733,-0.03452613204717636,0.5170025825500488,0.4787735641002655,-0.05028482526540756,0.5187889337539673,0.5189411044120789,-0.0406237468123436,0.5032786130905151,0.5242228507995605,-0.028048541396856308,s
0.50581955909729,0.6370141506195068,-6.234336780153171e-08,0.5544093251228333,0.6006050109863281,-0.008674990385770798,0.5928530693054199,0.5413091778755188,-0.021503040567040443,0.6322293877601624,0.5056689977645874,-0.03927348181605339,0.6679741144180298,0.4771561920642853,-0.054763298481702805,0.5505213141441345,0.44522449374198914,0.004524576012045145,0.5892501473426819,0.4103700518608093,-0.026392288506031036,0.6169791221618652,0.43340569734573364,-0.04464802145957947,0.6348959803581238,0.46003639698028564,-0.05194392055273056,0.520593523979187,0.4383583068847656,-0.004266797564923763,0.574050784111023,0.44565272331237793,-0.03297390416264534,0.5680975317955017,0.5111689567565918,-0.03853379562497139,0.5511382818222046,0.520304262638092,-0.03519579768180847,0.4946330189704895,0.44811517000198364,-0.017945226281881332,0.5501700043678284,0.4683893024921417,-0.04722391813993454,0.5436859130859375,0.5233681797981262,-0.04090973362326622,0.5259829759597778,0.5239761471748352,-0.02890804037451744,0.47138214111328125,0.4676402509212494,-0.032952845096588135,0.5180423259735107,0.47866013646125793,-0.04812662675976753,0.5199872255325317,0.5183535218238831,-0.03830980882048607,0.5048703551292419,0.5235453248023987,-0.025731820613145828,s
0.5054510235786438,0.6351222991943359,-7.051612271880003e-08,0.5545904040336609,0.599557101726532,-0.00907224416732788,0.5931721925735474,0.5413464903831482,-0.022341977804899216,0.6327714323997498,0.5062118172645569,-0.040558572858572006,0.6688907146453857,0.4776746332645416,-0.05629659816622734,0.5518006682395935,0.4444640278816223,0.0039164102636277676,0.5906838178634644,0.4101700484752655,-0.027914641425013542,0.6178309321403503,0.43503814935684204,-0.04606201872229576,0.6358731389045715,0.461631715297699,-0.053017228841781616,0.5211806297302246,0.43787258863449097,-0.004884819500148296,0.5745652914047241,0.44504114985466003,-0.03446993604302406,0.567737877368927,0.5113652348518372,-0.039737850427627563,0.5508832335472107,0.519175112247467,-0.035877350717782974,0.4947799742221832,0.4478043019771576,-0.018708132207393646,0.5505726933479309,0.4687451422214508,-0.04892893508076668,0.5431454181671143,0.5239509344100952,-0.04261314496397972,0.5252475738525391,0.5227922201156616,-0.030301857739686966,0.4715528190135956,0.4671587646007538,-0.033848702907562256,0.5187531113624573,0.47831884026527405,-0.04946589097380638,0.5198797583580017,0.5182093381881714,-0.03972698003053665,0.5043131709098816,0.5227022767066956,-0.02703779935836792,s
0.5044944882392883,0.6346909999847412,-7.22077970749524e-08,0.5540989637374878,0.5995887517929077,-0.007622489705681801,0.5931035876274109,0.5403235554695129,-0.02001071535050869,0.6330426931381226,0.5060899257659912,-0.037595484405756,0.6690230369567871,0.4783346951007843,-0.052922435104846954,0.55118727684021,0.44453510642051697,0.00518559105694294,0.5915355086326599,0.41023820638656616,-0.026616260409355164,0.6192981004714966,0.43474769592285156,-0.04557667300105095,0.6376314759254456,0.46138328313827515,-0.05330467224121094,0.5210580229759216,0.43685194849967957,-0.004298304207623005,0.5756851434707642,0.44444936513900757,-0.034311309456825256,0.5682941675186157,0.5103918313980103,-0.04056708887219429,0.5506796836853027,0.5203526020050049,-0.03745356202125549,0.49520882964134216,0.4461742341518402,-0.0186565313488245,0.5517184734344482,0.4684545397758484,-0.04861828684806824,0.5437905192375183,0.5235976576805115,-0.04285578802227974,0.5254580974578857,0.5243611335754395,-0.03101937845349312,0.472698837518692,0.465171754360199,-0.03427049517631531,0.5197362303733826,0.47958865761756897,-0.04927879944443703,0.5203654766082764,0.518875002861023,-0.039931025356054306,0.5048201084136963,0.5229125022888184,-0.02775634080171585,s
0.5049872398376465,0.6357405781745911,-6.42350670432279e-08,0.5553311705589294,0.5997394323348999,-0.007164697162806988,0.5944152474403381,0.5402522683143616,-0.0193052738904953,0.6338356137275696,0.5055043697357178,-0.036665115505456924,0.6701377034187317,0.47641924023628235,-0.05171907693147659,0.5527682900428772,0.4452306032180786,0.005989743396639824,0.5913350582122803,0.4101729393005371,-0.024526404216885567,0.6193755865097046,0.4331868886947632,-0.04159043729305267,0.6376928091049194,0.45904678106307983,-0.04802968353033066,0.5226612687110901,0.43830639123916626,-0.0036908285692334175,0.5769144892692566,0.4430338442325592,-0.03265882655978203,0.5697153210639954,0.5100407004356384,-0.037579964846372604,0.5516089200973511,0.5179716944694519,-0.03357839211821556,0.496540367603302,0.4475622773170471,-0.018188679590821266,0.5526813864707947,0.46619436144828796,-0.047985244542360306,0.5452293157577515,0.5223644375801086,-0.04121866077184677,0.5262148380279541,0.5220820903778076,-0.028748011216521263,0.47323232889175415,0.46627599000930786,-0.0338318794965744,0.5206388235092163,0.4768531918525696,-0.04926738888025284,0.5221291780471802,0.516845703125,-0.039207786321640015,0.5057212114334106,0.5212775468826294,-0.026432648301124573,s
0.5052663683891296,0.6353358626365662,-7.718788452848457e-08,0.5536872744560242,0.6015563607215881,-0.008085678331553936,0.5930013060569763,0.5415140390396118,-0.020136740058660507,0.6334807276725769,0.5055842995643616,-0.03712277114391327,0.6705094575881958,0.4753510057926178,-0.05169204622507095,0.5540925860404968,0.44548091292381287,0.005753043107688427,0.593388557434082,0.4086153209209442,-0.025220980867743492,0.6194429397583008,0.4325859844684601,-0.04285937547683716,0.6362204551696777,0.45894524455070496,-0.04962852597236633,0.524136483669281,0.4381064474582672,-0.0030986296478658915,0.5771546959877014,0.44003161787986755,-0.03278425335884094,0.5703366994857788,0.5076321363449097,-0.03838610276579857,0.5534651279449463,0.5187053084373474,-0.03463786840438843,0.4978235065937042,0.44644132256507874,-0.01689724251627922,0.5524709820747375,0.4645388126373291,-0.04710658639669418,0.5450903177261353,0.5208834409713745,-0.04114381596446037,0.5267660617828369,0.5219292640686035,-0.029073674231767654,0.4742460250854492,0.4642663300037384,-0.03185117617249489,0.5205410718917847,0.47604134678840637,-0.0474051907658577,0.5214785933494568,0.5160295367240906,-0.03831098973751068,0.5052217245101929,0.5199735164642334,-0.026310009881854057,s
0.5058643221855164,0.6349615454673767,-7.26338313938868e-08,0.5554614663124084,0.599459707736969,-0.007313437294214964,0.5944269895553589,0.5392798781394958,-0.019130844622850418,0.633952796459198,0.5028836131095886,-0.03622045740485191,0.6715598106384277,0.4736696481704712,-0.05109134688973427,0.5537349581718445,0.44285309314727783,0.006401384249329567,0.5942162275314331,0.4074261486530304,-0.023746736347675323,0.6201877593994141,0.4309629499912262,-0.04082849249243736,0.6367214918136597,0.45645466446876526,-0.04736890643835068,0.5238006711006165,0.4364796280860901,-0.0029004637617617846,0.5774952173233032,0.44112932682037354,-0.031425006687641144,0.5704111456871033,0.5077577829360962,-0.03664523735642433,0.5531932711601257,0.5168130993843079,-0.033026400953531265,0.49759992957115173,0.44596177339553833,-0.017002595588564873,0.552749752998352,0.4629533886909485,-0.046623460948467255,0.5454460978507996,0.5193564891815186,-0.04025258123874664,0.5268365144729614,0.5202876925468445,-0.028102770447731018,0.474021852016449,0.46493834257125854,-0.03220014274120331,0.52119380235672,0.4734678566455841,-0.04785831272602081,0.5234184861183167,0.5132962465286255,-0.03824479132890701,0.50776606798172,0.5184154510498047,-0.02577020227909088,s
0.507332980632782,0.6307886838912964,-7.972273863288137e-08,0.5560024380683899,0.5962974429130554,-0.008403555490076542,0.594813346862793,0.5367955565452576,-0.02040121890604496,0.6342239379882812,0.5003241896629333,-0.03753640130162239,0.6706511378288269,0.4710630774497986,-0.0524539016187191,0.5549562573432922,0.4420425593852997,0.0052960775792598724,0.5940278768539429,0.40459609031677246,-0.025324014946818352,0.6203916072845459,0.42868050932884216,-0.04314940795302391,0.6372588872909546,0.45452970266342163,-0.050074540078639984,0.5251546502113342,0.43561169505119324,-0.003245641477406025,0.5773450136184692,0.4419157803058624,-0.03180397301912308,0.5702821016311646,0.5069311261177063,-0.03746777027845383,0.5528662800788879,0.5158718824386597,-0.034297265112400055,0.4989051818847656,0.4449205994606018,-0.01670180819928646,0.552921712398529,0.4632563591003418,-0.0460331030189991,0.5454321503639221,0.5183550119400024,-0.0401192381978035,0.5271676778793335,0.5190107226371765,-0.028407616540789604,0.47514069080352783,0.4633598029613495,-0.03137383610010147,0.5211538672447205,0.47233253717422485,-0.04677075520157814,0.5229864716529846,0.5120021104812622,-0.037418536841869354,0.507868766784668,0.5175020098686218,-0.025182735174894333,s
0.5067920088768005,0.6291990280151367,-8.212314384081765e-08,0.5557624101638794,0.5954159498214722,-0.007733472622931004,0.5949169993400574,0.5348592400550842,-0.019536808133125305,0.6338502764701843,0.498291939496994,-0.03650317341089249,0.6700745224952698,0.4688267409801483,-0.05119429901242256,0.5567868947982788,0.44271549582481384,0.0047186207957565784,0.5931094884872437,0.40262773633003235,-0.0257373359054327,0.6194412708282471,0.42612677812576294,-0.042812298983335495,0.6365479230880737,0.45257750153541565,-0.049112968146800995,0.5266551375389099,0.43576580286026,-0.004206644371151924,0.5774369239807129,0.439801424741745,-0.032612789422273636,0.5708900094032288,0.5045820474624634,-0.03766129910945892,0.553609311580658,0.5122919082641602,-0.03390616178512573,0.49942445755004883,0.4442596137523651,-0.017938241362571716,0.551627516746521,0.4624204635620117,-0.04722507297992706,0.5452008843421936,0.5173037648200989,-0.0406610444188118,0.5276491641998291,0.5178712010383606,-0.028367111459374428,0.4746142327785492,0.46163249015808105,-0.0328269861638546,0.519472062587738,0.47074052691459656,-0.048190634697675705,0.5226820111274719,0.5104269981384277,-0.03829360753297806,0.5083485841751099,0.5164506435394287,-0.025481458753347397,s
0.5056657195091248,0.628760576248169,-9.032355308136175e-08,0.5548871755599976,0.5942659974098206,-0.006852415855973959,0.5936503410339355,0.5338937044143677,-0.018544288352131844,0.6321915984153748,0.49675673246383667,-0.03558151051402092,0.6686838269233704,0.4664025604724884,-0.050417639315128326,0.5560218691825867,0.4411425292491913,0.005428408272564411,0.593032956123352,0.4015897214412689,-0.025207940489053726,0.6199451684951782,0.4245685040950775,-0.04250573366880417,0.6370826959609985,0.4501855671405792,-0.04900512844324112,0.5260418057441711,0.4345243573188782,-0.0040918029844760895,0.5773727893829346,0.4391947090625763,-0.03275346755981445,0.5701837539672852,0.5045545101165771,-0.03787073493003845,0.5525017380714417,0.5114979147911072,-0.03417317196726799,0.499422162771225,0.44317197799682617,-0.018346913158893585,0.5519641637802124,0.4613970220088959,-0.04806129261851311,0.5448241829872131,0.5166566371917725,-0.04141173139214516,0.5268967747688293,0.5160535573959351,-0.02906331792473793,0.4754282832145691,0.46058404445648193,-0.033639151602983475,0.5203251838684082,0.46967893838882446,-0.04924876615405083,0.5220750570297241,0.5097570419311523,-0.03920983895659447,0.5063419342041016,0.5147489905357361,-0.026351632550358772,s
0.506074070930481,0.6273791790008545,-1.0322768417836414e-07,0.5544871687889099,0.5936159491539001,-0.0067830258049070835,0.5935466885566711,0.5332657098770142,-0.018197529017925262,0.6319957375526428,0.4951438903808594,-0.034943532198667526,0.6672074794769287,0.4647464156150818,-0.049483977258205414,0.5559934377670288,0.44020605087280273,0.005276779644191265,0.5917494297027588,0.398764967918396,-0.024929272010922432,0.6196796894073486,0.422186017036438,-0.04190201312303543,0.6370221972465515,0.44909927248954773,-0.04799528047442436,0.5264928340911865,0.4334104359149933,-0.0040089706890285015,0.5773076415061951,0.4413180947303772,-0.03185981512069702,0.5694634318351746,0.5061013698577881,-0.03665018826723099,0.5504743456840515,0.5119913816452026,-0.03299007564783096,0.5001058578491211,0.4421476423740387,-0.017978696152567863,0.5523690581321716,0.4610781967639923,-0.04708774387836456,0.5447978973388672,0.5162588953971863,-0.040208570659160614,0.5262830853462219,0.5154828429222107,-0.02793896570801735,0.4757499098777771,0.4596252739429474,-0.03297291696071625,0.5202649831771851,0.46872591972351074,-0.048301562666893005,0.5220183730125427,0.5090013742446899,-0.03800564631819725,0.5063984394073486,0.5143548250198364,-0.024992501363158226,s
0.5055756568908691,0.6278442740440369,-9.857679117430962e-08,0.5541019439697266,0.5934243202209473,-0.007551837246865034,0.5936684608459473,0.5334247350692749,-0.019471459090709686,0.6326748132705688,0.4946819841861725,-0.03667993098497391,0.6682940125465393,0.4632791578769684,-0.05177399888634682,0.5561597347259521,0.4401472806930542,0.0049551697447896,0.5916703939437866,0.39946597814559937,-0.025149956345558167,0.6194605827331543,0.4210793375968933,-0.04195355623960495,0.6368865966796875,0.4473433494567871,-0.04792352765798569,0.526838481426239,0.43343982100486755,-0.004080601967871189,0.5772919058799744,0.44098880887031555,-0.03208747133612633,0.5696206092834473,0.5057712197303772,-0.03681052476167679,0.5511245131492615,0.5120716094970703,-0.03291445970535278,0.5003923177719116,0.44202232360839844,-0.01785203069448471,0.5519024729728699,0.460441529750824,-0.047222599387168884,0.5445070266723633,0.515798807144165,-0.040115516632795334,0.5266035795211792,0.5157285332679749,-0.027489347383379936,0.4756379723548889,0.45936477184295654,-0.032718539237976074,0.5197442770004272,0.46764570474624634,-0.04818688705563545,0.521565854549408,0.5082576870918274,-0.03758978843688965,0.5063023567199707,0.5145944952964783,-0.024223465472459793,s
0.5065065026283264,0.6257394552230835,-9.894471730831356e-08,0.5550962090492249,0.5921276211738586,-0.006927816197276115,0.5937026143074036,0.5323206186294556,-0.018830452114343643,0.6313722133636475,0.4937039911746979,-0.03621825575828552,0.6663041114807129,0.4619687795639038,-0.05135277658700943,0.5552717447280884,0.4398311674594879,0.0044042449444532394,0.5910026431083679,0.3970205783843994,-0.025799572467803955,0.6190211772918701,0.41909947991371155,-0.04207993298768997,0.6364650726318359,0.4459805488586426,-0.04742784798145294,0.5258145928382874,0.43328091502189636,-0.00489432318136096,0.5764462947845459,0.4432150721549988,-0.03225921094417572,0.5684095025062561,0.5061393976211548,-0.036254920065402985,0.549882709980011,0.5101609826087952,-0.03218075633049011,0.49960100650787354,0.44225308299064636,-0.018863223493099213,0.5519065856933594,0.4608692228794098,-0.04771709814667702,0.5443336963653564,0.5149742960929871,-0.04000953212380409,0.5261097550392151,0.5141547918319702,-0.027293121442198753,0.47543734312057495,0.459604948759079,-0.03391152620315552,0.520518958568573,0.4672931134700775,-0.04941985011100769,0.5221630930900574,0.5074517726898193,-0.03868328779935837,0.5063674449920654,0.5136314034461975,-0.025218795984983444,s
0.507193922996521,0.6250743865966797,-9.220336494308867e-08,0.5555587410926819,0.5905442833900452,-0.007893506437540054,0.5934674143791199,0.5323881506919861,-0.020711952820420265,0.6306191682815552,0.49345067143440247,-0.03884584456682205,0.6654533743858337,0.4602576792240143,-0.05481540411710739,0.5546950697898865,0.4379463195800781,0.00342662469483912,0.5906407237052917,0.39581209421157837,-0.027875183150172234,0.61875981092453,0.4170082211494446,-0.045413922518491745,0.6361362934112549,0.44430622458457947,-0.05157015845179558,0.5248147249221802,0.4322429895401001,-0.005774329882115126,0.5766369700431824,0.4412199854850769,-0.03475237265229225,0.5696117877960205,0.5058836340904236,-0.03981110081076622,0.5514123439788818,0.51267009973526,-0.0360928550362587,0.49854177236557007,0.4421675503253937,-0.019691817462444305,0.5517468452453613,0.4603647291660309,-0.049908824265003204,0.5444396734237671,0.5160592198371887,-0.042631376534700394,0.5263827443122864,0.5169683694839478,-0.029748234897851944,0.4744718074798584,0.46103978157043457,-0.03468696400523186,0.5199024677276611,0.46790727972984314,-0.05082079768180847,0.5214217901229858,0.5086895823478699,-0.03997727856040001,0.5055304169654846,0.51566082239151,-0.026244953274726868,s
0.5063251256942749,0.6261669993400574,-1.0934846983445823e-07,0.5547122359275818,0.5924208164215088,-0.007794553879648447,0.593212902545929,0.532559335231781,-0.02042457088828087,0.6313636302947998,0.49260425567626953,-0.03845401853322983,0.6668007969856262,0.4589574635028839,-0.054164934903383255,0.5538167357444763,0.43808460235595703,0.004107028245925903,0.5900091528892517,0.39641886949539185,-0.026848621666431427,0.6180676221847534,0.4173983335494995,-0.04346727207303047,0.6359452605247498,0.4437350630760193,-0.04899746552109718,0.5238602757453918,0.431862473487854,-0.005018671043217182,0.5763110518455505,0.44185948371887207,-0.03396238386631012,0.5679357647895813,0.5071605443954468,-0.038240108639001846,0.5490565896034241,0.5117767453193665,-0.03382768854498863,0.49809548258781433,0.44135573506355286,-0.018918301910161972,0.5515968799591064,0.4608311653137207,-0.0489082932472229,0.5432475805282593,0.5165658593177795,-0.041303958743810654,0.5246807932853699,0.5155870318412781,-0.028309322893619537,0.47475922107696533,0.45967209339141846,-0.03394980728626251,0.5206251740455627,0.4693937301635742,-0.04982738569378853,0.5208011865615845,0.5099825263023376,-0.039262935519218445,0.5037956237792969,0.5154050588607788,-0.025817543268203735,s
0.5074506998062134,0.6256593465805054,-1.0172384179440996e-07,0.5551401972770691,0.5913903713226318,-0.008152344264090061,0.5931094884872437,0.5324628949165344,-0.02083054929971695,0.6310767531394958,0.4923258423805237,-0.03883267939090729,0.665634274482727,0.4585174024105072,-0.05460594967007637,0.5533895492553711,0.43901240825653076,0.003437504405155778,0.5896762013435364,0.3965904116630554,-0.02743050642311573,0.6177222728729248,0.41635751724243164,-0.04425739124417305,0.635709285736084,0.4432677626609802,-0.049859024584293365,0.5235743522644043,0.4324752986431122,-0.005341840907931328,0.5758273601531982,0.4428284764289856,-0.03410472720861435,0.5677890777587891,0.5070533156394958,-0.038544461131095886,0.5494908094406128,0.5136489868164062,-0.034235429018735886,0.49785858392715454,0.44166871905326843,-0.01887916959822178,0.5512826442718506,0.46183452010154724,-0.04874959960579872,0.5427380204200745,0.517209529876709,-0.04142758995294571,0.5247357487678528,0.5181629657745361,-0.0284744743257761,0.47447019815444946,0.45971590280532837,-0.0335833840072155,0.5201624035835266,0.4698338508605957,-0.04939185827970505,0.5203239917755127,0.5099732875823975,-0.039065685123205185,0.5040704607963562,0.5161947011947632,-0.025708522647619247,s
0.5063426494598389,0.6247862577438354,-1.0570072817017717e-07,0.5556498765945435,0.5912367701530457,-0.008556387387216091,0.593974769115448,0.5317346453666687,-0.021569203585386276,0.6316037178039551,0.49165162444114685,-0.03991289809346199,0.6666450500488281,0.4578426778316498,-0.05588852986693382,0.5541661381721497,0.43828219175338745,0.0031521031633019447,0.5905405282974243,0.39600276947021484,-0.028018128126859665,0.6178054809570312,0.4162224233150482,-0.04439922422170639,0.6352668404579163,0.44282281398773193,-0.049606405198574066,0.523784875869751,0.43214914202690125,-0.005627420265227556,0.5759618878364563,0.44287383556365967,-0.03464712202548981,0.5671822428703308,0.5078216195106506,-0.038455650210380554,0.5484369397163391,0.5126242637634277,-0.03355611488223076,0.49757933616638184,0.4420360028743744,-0.01930341124534607,0.5511286854743958,0.4623333215713501,-0.049690380692481995,0.5428324937820435,0.5175855159759521,-0.0420190691947937,0.5247781872749329,0.5166894197463989,-0.02874230407178402,0.47408685088157654,0.46046707034111023,-0.03415855020284653,0.5198731422424316,0.46987470984458923,-0.05036928132176399,0.5206913352012634,0.5102891325950623,-0.03975986689329147,0.5046955347061157,0.5161239504814148,-0.026096442714333534,s
0.5073828101158142,0.6258998513221741,-9.535619227563075e-08,0.5559387803077698,0.5912197828292847,-0.007902516052126884,0.5937511324882507,0.532341718673706,-0.020814325660467148,0.6311293840408325,0.4918444752693176,-0.03908785432577133,0.6660722494125366,0.4577576816082001,-0.05512955039739609,0.5526026487350464,0.437391996383667,0.003584235906600952,0.5896770358085632,0.3956914246082306,-0.027559977024793625,0.6177393198013306,0.4159337282180786,-0.045010942965745926,0.6355708837509155,0.44290509819984436,-0.051145993173122406,0.5225300192832947,0.43126896023750305,-0.005589969456195831,0.5763533115386963,0.4430445432662964,-0.034690793603658676,0.5684841871261597,0.5069618821144104,-0.03970635309815407,0.549697756767273,0.5133113861083984,-0.035852715373039246,0.49680379033088684,0.44152918457984924,-0.019463105127215385,0.5520133376121521,0.46252572536468506,-0.04930787906050682,0.5440548062324524,0.5171709060668945,-0.042172908782958984,0.5258420705795288,0.5172521471977234,-0.029476884752511978,0.47367823123931885,0.4608009457588196,-0.03450092673301697,0.5208631157875061,0.4715125262737274,-0.05019857734441757,0.521747350692749,0.5115428566932678,-0.03969473019242287,0.505614161491394,0.517625093460083,-0.02625213749706745,s
0.5070083737373352,0.6268964409828186,-1.0386246174221014e-07,0.5548955798149109,0.5915311574935913,-0.007852657698094845,0.5927813053131104,0.5328428149223328,-0.020590011030435562,0.6300991177558899,0.4931166172027588,-0.03867298364639282,0.6641265749931335,0.4586683511734009,-0.054550379514694214,0.5527363419532776,0.438064843416214,0.0032054316252470016,0.5896374583244324,0.3964034616947174,-0.027670463547110558,0.6171846985816956,0.4158623218536377,-0.04469287395477295,0.6348143815994263,0.44223323464393616,-0.05051252618432045,0.5225236415863037,0.43197476863861084,-0.005796342622488737,0.5754823088645935,0.44349026679992676,-0.03456035628914833,0.5679017305374146,0.5074387788772583,-0.03928713500499725,0.5494657754898071,0.5146824717521667,-0.0352521575987339,0.49651217460632324,0.44223642349243164,-0.019485849887132645,0.5507274270057678,0.4633500576019287,-0.04927780106663704,0.5431221723556519,0.5179111361503601,-0.04240955784916878,0.5252658724784851,0.519031822681427,-0.029803041368722916,0.4730510711669922,0.4616461396217346,-0.03431158885359764,0.519264280796051,0.47169703245162964,-0.05007382109761238,0.5209589004516602,0.5109044909477234,-0.039946239441633224,0.5056620240211487,0.5174534320831299,-0.026701578870415688,s
0.5059123039245605,0.6269354224205017,-1.1190736159960579e-07,0.5541509389877319,0.592552900314331,-0.007641534321010113,0.5920195579528809,0.5332175493240356,-0.02024136111140251,0.6292839050292969,0.4932677447795868,-0.038254521787166595,0.6629972457885742,0.45868033170700073,-0.053942903876304626,0.5521994233131409,0.4381530284881592,0.00407033134251833,0.5888600945472717,0.39663007855415344,-0.026693377643823624,0.6163776516914368,0.4162665009498596,-0.043600864708423615,0.6341347694396973,0.44243472814559937,-0.04948015138506889,0.5220541954040527,0.43170493841171265,-0.005072161089628935,0.5747382640838623,0.4439496695995331,-0.03360740467905998,0.5666866898536682,0.5076846480369568,-0.0382019579410553,0.5481466054916382,0.5132570862770081,-0.03430251032114029,0.496425986289978,0.4417964220046997,-0.018955787643790245,0.5503846406936646,0.46318769454956055,-0.04821819067001343,0.542421817779541,0.5174621343612671,-0.04101116210222244,0.5243006944656372,0.5169008374214172,-0.028646312654018402,0.4735628664493561,0.4608597755432129,-0.03404984250664711,0.5193620920181274,0.4732036888599396,-0.049472153186798096,0.5193996429443359,0.5127209424972534,-0.039414048194885254,0.5027673244476318,0.5175987482070923,-0.02655639499425888,s
0.5059615969657898,0.6273355484008789,-1.101606912357056e-07,0.5542594790458679,0.5928769111633301,-0.0074216751381754875,0.5920860767364502,0.5331808924674988,-0.019915249198675156,0.6292965412139893,0.492966890335083,-0.03784284368157387,0.6630947589874268,0.45841845870018005,-0.05343630164861679,0.551857054233551,0.4378914535045624,0.00424278574064374,0.5887582302093506,0.3965768814086914,-0.02637999691069126,0.6166101694107056,0.41657930612564087,-0.04307856410741806,0.6342533230781555,0.44286060333251953,-0.048785850405693054,0.5217772126197815,0.43162304162979126,-0.004991860594600439,0.5749241709709167,0.4439925253391266,-0.0333290733397007,0.5671080946922302,0.5078209638595581,-0.037796422839164734,0.5483530163764954,0.5127599239349365,-0.0338737778365612,0.49638038873672485,0.4418641924858093,-0.018924441188573837,0.5507258176803589,0.46298840641975403,-0.0480504147708416,0.5428621172904968,0.517444908618927,-0.04070745036005974,0.5243470072746277,0.5165590643882751,-0.02833128161728382,0.47368124127388,0.4610418677330017,-0.03403278812766075,0.5196717381477356,0.4731069505214691,-0.049394574016332626,0.5196949243545532,0.5127478241920471,-0.03920914605259895,0.5027157068252563,0.5175010561943054,-0.026299914345145226,s
0.5072067379951477,0.6269746422767639,-1.0523845617171901e-07,0.554673969745636,0.592125415802002,-0.008960341103374958,0.5919977426528931,0.5344328284263611,-0.022544417530298233,0.6291332840919495,0.49404969811439514,-0.04128938540816307,0.662542998790741,0.4589686095714569,-0.05762214586138725,0.5523978471755981,0.4378616213798523,0.002567718271166086,0.588948667049408,0.3970698416233063,-0.02851046994328499,0.6163737773895264,0.4168369174003601,-0.04555690288543701,0.6341934204101562,0.44297221302986145,-0.05147998034954071,0.5219227075576782,0.4314540922641754,-0.006066479720175266,0.5746876001358032,0.44433271884918213,-0.034732885658741,0.5666911005973816,0.5080773830413818,-0.03919997811317444,0.5483156442642212,0.5135363340377808,-0.03522038459777832,0.4960831105709076,0.44185173511505127,-0.01952454261481762,0.5506349205970764,0.4629060924053192,-0.04902707412838936,0.5426276922225952,0.5173055529594421,-0.0416448675096035,0.5246137380599976,0.5171257257461548,-0.02910456992685795,0.47312337160110474,0.4616186022758484,-0.03428277373313904,0.5192661881446838,0.47285157442092896,-0.0499037504196167,0.5194864273071289,0.5124066472053528,-0.03971017524600029,0.5030156970024109,0.5178367495536804,-0.026679562404751778,s
0.5058310627937317,0.6266975998878479,-1.1160156532241672e-07,0.5542508959770203,0.5932464003562927,-0.008422475308179855,0.5926733016967773,0.5342461466789246,-0.0214055385440588,0.6300039291381836,0.4939802885055542,-0.03964712843298912,0.6633628606796265,0.45882055163383484,-0.05561946704983711,0.5520946979522705,0.4398413300514221,0.0028267239686101675,0.5886814594268799,0.3982732594013214,-0.027984661981463432,0.6160262227058411,0.4177458584308624,-0.04485948383808136,0.6337862014770508,0.4436874985694885,-0.05068916827440262,0.5219441056251526,0.43324601650238037,-0.005983560811728239,0.5742039680480957,0.4446110725402832,-0.034658029675483704,0.5667166709899902,0.5089048743247986,-0.03902878984808922,0.5483136177062988,0.5158559083938599,-0.03482784330844879,0.49618393182754517,0.4430747926235199,-0.01955505646765232,0.5496997833251953,0.4639613628387451,-0.04901491105556488,0.5423506498336792,0.5189743041992188,-0.04157758504152298,0.5244763493537903,0.5199400186538696,-0.028850656002759933,0.4731883108615875,0.46182894706726074,-0.03436532989144325,0.5183635950088501,0.47346222400665283,-0.04969421774148941,0.5194228291511536,0.5134304761886597,-0.03932073339819908,0.5036604404449463,0.5195790529251099,-0.02615550346672535,s
0.5058813095092773,0.6272584199905396,-9.78866978584847e-08,0.5543372631072998,0.5927043557167053,-0.00836884044110775,0.5922520160675049,0.5342994332313538,-0.02160552330315113,0.6294999122619629,0.4943069815635681,-0.040230706334114075,0.6634516716003418,0.45957377552986145,-0.05667147785425186,0.5515859723091125,0.43862271308898926,0.0035823287907987833,0.5891633629798889,0.39824771881103516,-0.027924584224820137,0.6164249181747437,0.41923946142196655,-0.045975975692272186,0.6337507367134094,0.4462772011756897,-0.052583612501621246,0.5211543440818787,0.4327498972415924,-0.00553387263789773,0.5749747157096863,0.4437331557273865,-0.0351652130484581,0.5678071975708008,0.508476972579956,-0.040685221552848816,0.5496270656585693,0.5170259475708008,-0.037075288593769073,0.4953576326370239,0.4430859684944153,-0.019448578357696533,0.5503903031349182,0.4629445970058441,-0.04962122440338135,0.5429372191429138,0.5188247561454773,-0.04267334192991257,0.5249599814414978,0.5213020443916321,-0.029932500794529915,0.47248080372810364,0.4624825119972229,-0.0345911867916584,0.5191307067871094,0.47244539856910706,-0.050347477197647095,0.5201039910316467,0.5125051140785217,-0.0400523915886879,0.5041398406028748,0.5191417932510376,-0.02673962712287903,s
0.5058846473693848,0.6292199492454529,-1.0475460499037581e-07,0.5539621114730835,0.5940309762954712,-0.007817280478775501,0.5921791195869446,0.5356287360191345,-0.020800519734621048,0.6296340823173523,0.4956403076648712,-0.03913109377026558,0.6635407209396362,0.46059879660606384,-0.05525508150458336,0.5515252947807312,0.43978583812713623,0.003440162865445018,0.5885355472564697,0.39913058280944824,-0.02710941806435585,0.6162378787994385,0.4192812442779541,-0.04423826187849045,0.633679211139679,0.44536036252975464,-0.050413478165864944,0.5210926532745361,0.43300461769104004,-0.005666728131473064,0.574565589427948,0.4453141987323761,-0.03418953716754913,0.5675426721572876,0.5096558928489685,-0.03916766121983528,0.5487114191055298,0.5167195796966553,-0.03558304160833359,0.49532681703567505,0.4430256485939026,-0.019412968307733536,0.5502998232841492,0.46462482213974,-0.048609063029289246,0.5430430769920349,0.5196963548660278,-0.041575364768505096,0.5246602296829224,0.5211681127548218,-0.029266055673360825,0.4723217785358429,0.4624137580394745,-0.03436046093702316,0.5190915465354919,0.474830687046051,-0.049616504460573196,0.5201996564865112,0.5142918229103088,-0.03953846916556358,0.5038275122642517,0.5204006433486938,-0.02664938010275364,s
0.50710129737854,0.6273369789123535,-1.069857304969446e-07,0.5552075505256653,0.5928163528442383,-0.0072676572017371655,0.5934516787528992,0.5352034568786621,-0.019899435341358185,0.6311439275741577,0.4961228370666504,-0.037938449531793594,0.6646233797073364,0.4615691006183624,-0.05394504591822624,0.5521183013916016,0.4402441680431366,0.003410390578210354,0.589350700378418,0.39873579144477844,-0.026986083015799522,0.6164863109588623,0.41863691806793213,-0.04411371797323227,0.6337310075759888,0.44503408670425415,-0.05027063190937042,0.5218737721443176,0.4336467385292053,-0.005737610626965761,0.5751056671142578,0.4451485872268677,-0.034170962870121,0.5679852366447449,0.5098817348480225,-0.03904791176319122,0.54963219165802,0.5186119079589844,-0.035419218242168427,0.49617958068847656,0.44382014870643616,-0.01943303644657135,0.5512735247612,0.464436799287796,-0.04873305931687355,0.543881893157959,0.5196529626846313,-0.041908372193574905,0.5255723595619202,0.5219486951828003,-0.029718264937400818,0.473062127828598,0.4629937708377838,-0.034194640815258026,0.5198801159858704,0.4747479259967804,-0.049410976469516754,0.5206295251846313,0.5142059326171875,-0.039384596049785614,0.5042611956596375,0.5202293395996094,-0.026625560596585274,s
0.505149245262146,0.6292315125465393,-1.009321479727987e-07,0.5542542934417725,0.5942065119743347,-0.007498523686081171,0.5930220484733582,0.5356140732765198,-0.020054752007126808,0.630639910697937,0.4966350197792053,-0.03807944804430008,0.6636291742324829,0.4616529941558838,-0.05400889366865158,0.5516103506088257,0.44108816981315613,0.0038854102604091167,0.5894829630851746,0.4000950753688812,-0.02700139954686165,0.6170749664306641,0.42019206285476685,-0.04471592605113983,0.6342799067497253,0.44647306203842163,-0.05123230069875717,0.521324098110199,0.4342127740383148,-0.005392474588006735,0.5749363899230957,0.446477472782135,-0.03414859250187874,0.5680037140846252,0.5099144577980042,-0.03963364660739899,0.549119234085083,0.5176277160644531,-0.03636891022324562,0.4955708086490631,0.44414475560188293,-0.019343912601470947,0.5504172444343567,0.4658958613872528,-0.04890941455960274,0.5434715747833252,0.5207201242446899,-0.042473554611206055,0.5253702998161316,0.5224267244338989,-0.03039443865418434,0.47257205843925476,0.46335989236831665,-0.034432247281074524,0.5196486115455627,0.47531741857528687,-0.04994548112154007,0.5211824774742126,0.5149996876716614,-0.04006228223443031,0.5053935647010803,0.5215709805488586,-0.027202898636460304,s
0.5047104358673096,0.629227876663208,-1.0373058501045307e-07,0.5541390180587769,0.5949724912643433,-0.006910478696227074,0.5926945209503174,0.5365893840789795,-0.019157327711582184,0.6302148103713989,0.4976082742214203,-0.036968473345041275,0.6628402471542358,0.46323108673095703,-0.05273820832371712,0.5510775446891785,0.440956711769104,0.004015055950731039,0.5898258686065674,0.40003085136413574,-0.02632158435881138,0.6176337599754333,0.419996976852417,-0.0435115322470665,0.634588897228241,0.4459778368473053,-0.04980306699872017,0.5207331776618958,0.43408170342445374,-0.005384114570915699,0.5746035575866699,0.44749823212623596,-0.033390190452337265,0.5675269365310669,0.5110981464385986,-0.03848575800657272,0.5485721230506897,0.5179907083511353,-0.035302288830280304,0.49535632133483887,0.44432079792022705,-0.019330568611621857,0.5504214763641357,0.466345876455307,-0.04816368594765663,0.5434165000915527,0.5207641124725342,-0.041533976793289185,0.5249039530754089,0.5215824246406555,-0.02975260466337204,0.47274038195610046,0.4636857509613037,-0.03436993435025215,0.5196117758750916,0.4764837324619293,-0.04957251623272896,0.5206533670425415,0.5156056880950928,-0.03977334126830101,0.5042336583137512,0.5211570262908936,-0.027222078293561935,s
0.5053789615631104,0.6294310688972473,-9.584590543454397e-08,0.5546578764915466,0.5946421027183533,-0.00682194996625185,0.5926204919815063,0.5367850065231323,-0.019186990335583687,0.6297837495803833,0.49784383177757263,-0.037109971046447754,0.6628240942955017,0.46312034130096436,-0.053037308156490326,0.5506935119628906,0.4410150349140167,0.004035647958517075,0.5892895460128784,0.4000541567802429,-0.026415538042783737,0.6174461841583252,0.4193789064884186,-0.04372620955109596,0.6345611214637756,0.4448681175708771,-0.050139401108026505,0.5207279324531555,0.43419528007507324,-0.005603198893368244,0.5756423473358154,0.44573575258255005,-0.03406481072306633,0.5690067410469055,0.5099655985832214,-0.03925246745347977,0.5496121048927307,0.5176782608032227,-0.03594562038779259,0.49561265110969543,0.44429469108581543,-0.019756721332669258,0.5514785051345825,0.4654180109500885,-0.04907287284731865,0.5445248484611511,0.5207521319389343,-0.04232197254896164,0.5253307819366455,0.5220922827720642,-0.030244383960962296,0.47296950221061707,0.4635513424873352,-0.03497909754514694,0.5202707648277283,0.47610512375831604,-0.05044803395867348,0.5215587615966797,0.5159952044487,-0.04045332223176956,0.5048990845680237,0.5218836069107056,-0.02770557440817356,s
0.5053953528404236,0.6291598677635193,-1.0106503367524056e-07,0.5545930862426758,0.594612717628479,-0.007025042548775673,0.5925866365432739,0.5366777181625366,-0.01944628544151783,0.6298515200614929,0.4976596534252167,-0.03737984597682953,0.663073718547821,0.46288347244262695,-0.053248289972543716,0.5509508848190308,0.4413667321205139,0.0038367349188774824,0.5894539952278137,0.4000920355319977,-0.026596317067742348,0.617418646812439,0.41958945989608765,-0.04366495832800865,0.6343718767166138,0.4452972412109375,-0.04986235126852989,0.5209881067276001,0.4343518316745758,-0.005620157346129417,0.5753752589225769,0.4458235204219818,-0.03401599079370499,0.568649411201477,0.5101205706596375,-0.03896245360374451,0.5493471622467041,0.5177169442176819,-0.03546937182545662,0.4958346486091614,0.4442376494407654,-0.019631896167993546,0.5513628125190735,0.4654453992843628,-0.048904724419116974,0.5443196296691895,0.5206690430641174,-0.04209514707326889,0.5252395272254944,0.5219051837921143,-0.029989730566740036,0.47318413853645325,0.46330881118774414,-0.03473496809601784,0.5202232599258423,0.4760758876800537,-0.050191882997751236,0.5213479995727539,0.5158218145370483,-0.04030650854110718,0.5047193169593811,0.5215253829956055,-0.02764115482568741,s
0.5057795643806458,0.6296252012252808,-9.797814470857702e-08,0.554984986782074,0.5945959687232971,-0.006410377100110054,0.5932338237762451,0.5359821915626526,-0.018580958247184753,0.6304752826690674,0.4972836971282959,-0.03642388805747032,0.6629927754402161,0.4630572199821472,-0.052254002541303635,0.5505934953689575,0.4404480755329132,0.004609734285622835,0.589674711227417,0.4001791477203369,-0.02577144466340542,0.6180891394615173,0.42003539204597473,-0.042977508157491684,0.635540246963501,0.44548580050468445,-0.04927961155772209,0.520321786403656,0.4339943826198578,-0.005132252350449562,0.5753507614135742,0.4463811218738556,-0.033543072640895844,0.568242073059082,0.5106016993522644,-0.038716282695531845,0.5489502549171448,0.5176653861999512,-0.03538959473371506,0.49537530541419983,0.44418174028396606,-0.019362492486834526,0.5517503619194031,0.46560293436050415,-0.04860737919807434,0.5442107319831848,0.5207566022872925,-0.041963789612054825,0.5248441100120544,0.521659255027771,-0.02998037077486515,0.47321459650993347,0.4634142816066742,-0.034621551632881165,0.521233081817627,0.4758020043373108,-0.049935515969991684,0.5214465260505676,0.5153262615203857,-0.040001433342695236,0.5040227770805359,0.5208460688591003,-0.027311377227306366,s
0.5050941109657288,0.6269322037696838,-9.518300458921658e-08,0.5549816489219666,0.5922580361366272,-0.00680896220728755,0.594050407409668,0.5342339873313904,-0.0189861711114645,0.631298303604126,0.49611085653305054,-0.03672162443399429,0.6635271310806274,0.46226707100868225,-0.052454590797424316,0.5508921146392822,0.43994948267936707,0.004189002327620983,0.5898170471191406,0.39954841136932373,-0.025867963209748268,0.6176192760467529,0.4188508093357086,-0.04262202978134155,0.6347218751907349,0.4443543553352356,-0.04859405755996704,0.5204105377197266,0.4335674047470093,-0.005152924917638302,0.5750882625579834,0.4447025954723358,-0.03323403373360634,0.5682985186576843,0.5093668699264526,-0.037886347621679306,0.5494893193244934,0.5174314379692078,-0.03414900228381157,0.4953838288784027,0.44365596771240234,-0.019014893099665642,0.5514813661575317,0.4651530683040619,-0.04788842797279358,0.5437467098236084,0.5201109647750854,-0.04122506082057953,0.5243971347808838,0.521113932132721,-0.029276035726070404,0.4732834994792938,0.46246957778930664,-0.033937953412532806,0.5207023024559021,0.4754212200641632,-0.04894857481122017,0.5206570625305176,0.514622151851654,-0.03923141583800316,0.5033678412437439,0.5197886228561401,-0.026819931343197823,s
0.5047691464424133,0.6264660358428955,-9.32677579612573e-08,0.5546968579292297,0.5920126438140869,-0.006582080386579037,0.5935326218605042,0.5335561633110046,-0.018346291035413742,0.6306090950965881,0.4950195550918579,-0.03570234403014183,0.6630235910415649,0.46118175983428955,-0.05119260400533676,0.5518826842308044,0.4397185146808624,0.005019064527004957,0.5896238684654236,0.3997449278831482,-0.024796899408102036,0.6175620555877686,0.418900728225708,-0.042150359600782394,0.6349698901176453,0.44453680515289307,-0.04874516278505325,0.521833062171936,0.43314459919929504,-0.00444001704454422,0.5751253962516785,0.445126473903656,-0.03248252719640732,0.5686191916465759,0.5080679059028625,-0.03803516551852226,0.5499351024627686,0.5164400935173035,-0.03510449454188347,0.49637287855148315,0.4428096413612366,-0.01839255914092064,0.5511242747306824,0.4641546308994293,-0.047112178057432175,0.5443500280380249,0.5183032155036926,-0.04073960334062576,0.5256539583206177,0.5204412341117859,-0.029093721881508827,0.4734516739845276,0.46125006675720215,-0.03345004469156265,0.5202516317367554,0.47449246048927307,-0.0485609769821167,0.52132648229599,0.5137104988098145,-0.03893017768859863,0.5048507452011108,0.5196046829223633,-0.02655276097357273,s
0.5031231641769409,0.6262940168380737,-8.548219199155938e-08,0.5526021122932434,0.5926136374473572,-0.006892174016684294,0.5913070440292358,0.5334717035293579,-0.01901877485215664,0.6289686560630798,0.4945538341999054,-0.03666903078556061,0.6619305610656738,0.46113666892051697,-0.0525648333132267,0.5510540008544922,0.43906140327453613,0.0038618457037955523,0.589870035648346,0.3999653458595276,-0.026025736704468727,0.6175535917282104,0.4182834029197693,-0.04337804764509201,0.6347548961639404,0.443951815366745,-0.049978096038103104,0.5211527943611145,0.43273618817329407,-0.005711580626666546,0.5760401487350464,0.4447806179523468,-0.033984698355197906,0.5691854953765869,0.5079525113105774,-0.03932303935289383,0.5504195094108582,0.5167111754417419,-0.036081861704587936,0.49568769335746765,0.4432407319545746,-0.019707193598151207,0.5511845350265503,0.4636150300502777,-0.04868060722947121,0.5445442795753479,0.5181772112846375,-0.041875775903463364,0.5261028409004211,0.5207069516181946,-0.029757242649793625,0.47270864248275757,0.4627968668937683,-0.03480195999145508,0.5198689699172974,0.4738527834415436,-0.05021155998110771,0.5217408537864685,0.5131235122680664,-0.04011758044362068,0.5059834122657776,0.5197114944458008,-0.027267510071396828,s
0.5050947666168213,0.6256529092788696,-9.52375671658956e-08,0.5530093908309937,0.5917720794677734,-0.00618949718773365,0.5906810164451599,0.5335478782653809,-0.018215671181678772,0.6276190876960754,0.4947563111782074,-0.03586595878005028,0.6607299447059631,0.4613739252090454,-0.05168268829584122,0.5504019856452942,0.4381862282752991,0.004266117699444294,0.5888680219650269,0.3977009356021881,-0.026233522221446037,0.6166008710861206,0.418617308139801,-0.04408586770296097,0.6330229043960571,0.44507747888565063,-0.05085153132677078,0.5209320187568665,0.4327380657196045,-0.005696900188922882,0.5753569006919861,0.44368186593055725,-0.03397229686379433,0.5687366127967834,0.5073420405387878,-0.039528995752334595,0.5495936870574951,0.5151293873786926,-0.03662538155913353,0.49585583806037903,0.4436589479446411,-0.020053504034876823,0.5513021945953369,0.46303457021713257,-0.04921280965209007,0.5443426370620728,0.5186122059822083,-0.04235454276204109,0.5253395438194275,0.5205364227294922,-0.030252495780587196,0.4732075333595276,0.4634816646575928,-0.03538152575492859,0.5201935172080994,0.4734748601913452,-0.05064988136291504,0.5216015577316284,0.5138961672782898,-0.040112271904945374,0.5052366256713867,0.5205917358398438,-0.027027525007724762,s
0.5029908418655396,0.6260602474212646,-9.499565578607871e-08,0.5516913533210754,0.5912092924118042,-0.0071153598837554455,0.5900191068649292,0.5331653356552124,-0.0195586197078228,0.6269797086715698,0.49487394094467163,-0.037396445870399475,0.6594770550727844,0.4614933133125305,-0.05337698012590408,0.5477222800254822,0.4372647702693939,0.003272916655987501,0.5878931283950806,0.39903533458709717,-0.026828346773982048,0.6152806878089905,0.4187437891960144,-0.04475044459104538,0.6323349475860596,0.44549423456192017,-0.05168579891324043,0.5181092023849487,0.43072253465652466,-0.0060233864933252335,0.5734921097755432,0.4445694088935852,-0.03372037783265114,0.5659040808677673,0.5063426494598389,-0.03922327980399132,0.5470460653305054,0.5153211355209351,-0.036432430148124695,0.4932553768157959,0.44167739152908325,-0.019748851656913757,0.5497797131538391,0.46432116627693176,-0.0474853441119194,0.5423257946968079,0.5172300934791565,-0.041058290749788284,0.5241114497184753,0.5195862054824829,-0.029657749459147453,0.4712136685848236,0.4620833396911621,-0.03470051661133766,0.5190149545669556,0.47594138979911804,-0.048978958278894424,0.5202309489250183,0.5139967799186707,-0.039275407791137695,0.5046690106391907,0.5200892090797424,-0.02700541727244854,s
0.5021581649780273,0.6256288886070251,-1.1423656331999155e-07,0.5513371825218201,0.5915573835372925,-0.006806372664868832,0.5898967385292053,0.5339012145996094,-0.019143197685480118,0.6268661022186279,0.49572551250457764,-0.036957357078790665,0.659214973449707,0.46181291341781616,-0.05271821841597557,0.5482789874076843,0.43839144706726074,0.0035231311339884996,0.5873289704322815,0.39833587408065796,-0.027089739218354225,0.6145381927490234,0.4201401472091675,-0.04482179135084152,0.6307488083839417,0.44744133949279785,-0.05146219953894615,0.5184249877929688,0.43187516927719116,-0.006126084364950657,0.5730776786804199,0.44467055797576904,-0.03434068337082863,0.5656193494796753,0.5081770420074463,-0.03970710560679436,0.5459648370742798,0.516179621219635,-0.036676470190286636,0.49330776929855347,0.44297248125076294,-0.020248224958777428,0.5493150949478149,0.4652848243713379,-0.04883130267262459,0.5419908165931702,0.5192261338233948,-0.04227128252387047,0.5230693817138672,0.5202926993370056,-0.030585449188947678,0.47096413373947144,0.46332964301109314,-0.035482633858919144,0.5183965563774109,0.47648003697395325,-0.05026303976774216,0.5194412469863892,0.5149393081665039,-0.040310971438884735,0.5030879378318787,0.5203657150268555,-0.027752112597227097,s
0.4991707503795624,0.6275262832641602,-1.1455547621608275e-07,0.547274112701416,0.5943917036056519,-0.00751709658652544,0.5867272019386292,0.5359351634979248,-0.019519062712788582,0.6242448687553406,0.4981098473072052,-0.03663143143057823,0.6564165949821472,0.4643216133117676,-0.051864102482795715,0.5477433800697327,0.4396106004714966,0.0023006813134998083,0.5869787931442261,0.40059971809387207,-0.027851030230522156,0.6135456562042236,0.4211748242378235,-0.04624294862151146,0.6295046806335449,0.4478445053100586,-0.05364232137799263,0.5182897448539734,0.4314877986907959,-0.006625370588153601,0.5715442895889282,0.4472852349281311,-0.03411010652780533,0.5645933747291565,0.5081633925437927,-0.04050830751657486,0.5461774468421936,0.5177268385887146,-0.03861013799905777,0.4926812946796417,0.4415060877799988,-0.019913965836167336,0.547122061252594,0.46748703718185425,-0.047442637383937836,0.539950430393219,0.5197150707244873,-0.04197115823626518,0.5224493741989136,0.5219578742980957,-0.03141956776380539,0.46975648403167725,0.461326003074646,-0.034435927867889404,0.5165169835090637,0.4781745374202728,-0.04869427531957626,0.5175889730453491,0.5165425539016724,-0.03962427005171776,0.5024279952049255,0.5226772427558899,-0.02791070193052292,s
0.4977022409439087,0.6293657422065735,-1.1143692546511375e-07,0.5461243987083435,0.5968602895736694,-0.0070795658975839615,0.5863027572631836,0.5387035608291626,-0.018864305689930916,0.6239488124847412,0.5005611181259155,-0.03597560152411461,0.6561957001686096,0.4663868844509125,-0.051158029586076736,0.5450959205627441,0.4409305453300476,0.00361823383718729,0.5858562588691711,0.401988685131073,-0.026673180982470512,0.6137427687644958,0.4238162934780121,-0.04549477621912956,0.6307090520858765,0.45098909735679626,-0.053131356835365295,0.5159672498703003,0.4328145682811737,-0.005471760872751474,0.5695302486419678,0.45055249333381653,-0.03310404345393181,0.561751127243042,0.5109291076660156,-0.039995573461055756,0.5426894426345825,0.5188445448875427,-0.03842313960194588,0.49116387963294983,0.4428659677505493,-0.01888675056397915,0.5455316305160522,0.4695885479450226,-0.04638009890913963,0.5380505323410034,0.5220625400543213,-0.04073305428028107,0.5203558802604675,0.5237123370170593,-0.02997925505042076,0.46906253695487976,0.4624084234237671,-0.0335296131670475,0.5156625509262085,0.480222225189209,-0.04764416813850403,0.516655445098877,0.5186662077903748,-0.038180045783519745,0.5013546943664551,0.5247207880020142,-0.026002531871199608,s
0.4978935420513153,0.6308563947677612,-1.1947496147968195e-07,0.5462514758110046,0.5977129936218262,-0.007410066667944193,0.5859038829803467,0.5405131578445435,-0.019352659583091736,0.6234939694404602,0.5024576783180237,-0.03650280460715294,0.6563757061958313,0.46827226877212524,-0.051778409630060196,0.5449730157852173,0.4431309998035431,0.003361372509971261,0.585597574710846,0.4042995274066925,-0.026810310781002045,0.613197922706604,0.4269024133682251,-0.04571061208844185,0.6293240189552307,0.45420777797698975,-0.05351872742176056,0.51580411195755,0.43490004539489746,-0.005570735316723585,0.5699414014816284,0.45129910111427307,-0.033528923988342285,0.5630497336387634,0.512852668762207,-0.040870822966098785,0.5437262058258057,0.5229817628860474,-0.0395318940281868,0.4909399747848511,0.44476351141929626,-0.018821319565176964,0.5460563898086548,0.4716111421585083,-0.0470673106610775,0.5387892723083496,0.5255715847015381,-0.04208185523748398,0.5207038521766663,0.5291527509689331,-0.03146705403923988,0.4688391387462616,0.4640554189682007,-0.03320898115634918,0.5159109234809875,0.48147866129875183,-0.04773998633027077,0.5172850489616394,0.5207799673080444,-0.03859204798936844,0.50186687707901,0.527821958065033,-0.026593206450343132,s
0.4981037378311157,0.631300151348114,-1.26100218267311e-07,0.5475932359695435,0.598486065864563,-0.0067808739840984344,0.5870834589004517,0.5422742962837219,-0.018359024077653885,0.6238466501235962,0.5054594874382019,-0.035343822091817856,0.6564422845840454,0.47298693656921387,-0.05039587616920471,0.545847475528717,0.4462672770023346,0.003800074802711606,0.5870367288589478,0.40613460540771484,-0.02644176222383976,0.6140096783638,0.4296008348464966,-0.04515025019645691,0.6294240355491638,0.457785964012146,-0.052707489579916,0.5170773863792419,0.4373825192451477,-0.005388168618083,0.5708491206169128,0.4540112018585205,-0.03296240419149399,0.5634579062461853,0.5155901312828064,-0.03986794874072075,0.5439196228981018,0.5248674154281616,-0.038361165672540665,0.4922577440738678,0.4468047320842743,-0.018900880590081215,0.5470872521400452,0.47331634163856506,-0.046678025275468826,0.5394347906112671,0.5266238451004028,-0.04151570051908493,0.5210617780685425,0.5292137861251831,-0.031020309776067734,0.4697619378566742,0.46582260727882385,-0.03351198881864548,0.5167324542999268,0.48329034447669983,-0.047547899186611176,0.5180150866508484,0.522575318813324,-0.03811647370457649,0.502772331237793,0.529415488243103,-0.026079313829541206,s
0.49870941042900085,0.632768452167511,-1.1555840728760813e-07,0.5472927093505859,0.5997412204742432,-0.006334186997264624,0.5872752666473389,0.5438933968544006,-0.017833566293120384,0.6239290237426758,0.5080772042274475,-0.03480076417326927,0.656753659248352,0.4771769642829895,-0.04993496835231781,0.5464169979095459,0.4469919204711914,0.004305874928832054,0.5875997543334961,0.40926414728164673,-0.025336503982543945,0.6144043803215027,0.43164822459220886,-0.04358769953250885,0.6296434998512268,0.45973482728004456,-0.05092589557170868,0.5172790288925171,0.4386526048183441,-0.005163532216101885,0.5719610452651978,0.45563581585884094,-0.03278345242142677,0.5649527907371521,0.5167899131774902,-0.0397140234708786,0.5453154444694519,0.5262547731399536,-0.03803716599941254,0.49253925681114197,0.4484575688838959,-0.018840746954083443,0.5477288961410522,0.475242555141449,-0.046919871121644974,0.540241003036499,0.5285298228263855,-0.042057573795318604,0.52154940366745,0.5310916304588318,-0.03151862695813179,0.4701295793056488,0.4675835967063904,-0.033512938767671585,0.5176582336425781,0.4845300018787384,-0.047996677458286285,0.5191913843154907,0.5238643884658813,-0.03875109553337097,0.5036600828170776,0.5306727886199951,-0.02669272944331169,s
0.4967484772205353,0.6344902515411377,-1.279514236784962e-07,0.5461838841438293,0.6037110686302185,-0.005108256358653307,0.5856136679649353,0.5471459627151489,-0.015674414113163948,0.6220671534538269,0.5115571618080139,-0.031900856643915176,0.655214250087738,0.48267725110054016,-0.046491723507642746,0.5481533408164978,0.45011037588119507,0.005004189908504486,0.5880275368690491,0.41148194670677185,-0.02426961064338684,0.6150930523872375,0.43301114439964294,-0.04244216904044151,0.6311089992523193,0.4610976576805115,-0.04990902543067932,0.5193876028060913,0.4409133195877075,-0.004962115548551083,0.5721633434295654,0.45875129103660583,-0.03236085921525955,0.564044713973999,0.5200197696685791,-0.039081208407878876,0.5441934466362,0.5301240086555481,-0.03739187493920326,0.4940217137336731,0.4499908983707428,-0.019048742949962616,0.5477688908576965,0.4774426817893982,-0.04698615148663521,0.5401514768600464,0.5307013392448425,-0.04191424325108528,0.5217165946960449,0.5340666174888611,-0.031401198357343674,0.4705880880355835,0.4685571491718292,-0.03408432751893997,0.5169432759284973,0.48657816648483276,-0.04854263737797737,0.5187864303588867,0.5260297060012817,-0.03926040977239609,0.504222571849823,0.5329025983810425,-0.027298439294099808,s
0.497249037027359,0.6362098455429077,-1.0841481667966946e-07,0.547187089920044,0.6040002107620239,-0.005508251953870058,0.5869978070259094,0.5482901334762573,-0.016732091084122658,0.624008059501648,0.5122672915458679,-0.03351741284132004,0.6580842733383179,0.4816209077835083,-0.048545826226472855,0.5489310622215271,0.4503230154514313,0.004564400762319565,0.5900874137878418,0.4132286310195923,-0.023993849754333496,0.6171368360519409,0.4349973499774933,-0.041150495409965515,0.6321834921836853,0.4626580476760864,-0.04812072589993477,0.5200366377830505,0.4410616159439087,-0.005434863269329071,0.5742698311805725,0.4580379128456116,-0.03286265209317207,0.5667456388473511,0.5207610726356506,-0.0391874760389328,0.5466471910476685,0.5306764841079712,-0.03715674951672554,0.49491968750953674,0.4502846598625183,-0.019462833181023598,0.5498365759849548,0.4763287603855133,-0.04743029177188873,0.5425354242324829,0.5306529998779297,-0.04164639487862587,0.5234622359275818,0.5342423915863037,-0.03066946193575859,0.4713575839996338,0.46933692693710327,-0.03444846719503403,0.5191628336906433,0.4865344166755676,-0.049257829785346985,0.5215157866477966,0.5263213515281677,-0.039698269218206406,0.506181001663208,0.5334564447402954,-0.02748379111289978,s
0.49668124318122864,0.6377900242805481,-1.0453114640540662e-07,0.5467764735221863,0.6060860753059387,-0.006066091824322939,0.5866926908493042,0.5497839450836182,-0.01744229532778263,0.6240145564079285,0.5137559175491333,-0.03421628475189209,0.6585973501205444,0.482746422290802,-0.049203138798475266,0.5497827529907227,0.4511992931365967,0.004340454004704952,0.5902175903320312,0.414777547121048,-0.024128291755914688,0.6170578002929688,0.4351435601711273,-0.04119360074400902,0.632013201713562,0.46218448877334595,-0.04809315502643585,0.5208195447921753,0.4416753053665161,-0.005353761371225119,0.5749334096908569,0.4589734375476837,-0.03253709524869919,0.567717969417572,0.5207855701446533,-0.038872066885232925,0.5479433536529541,0.5302236676216125,-0.03690801560878754,0.4955201745033264,0.45070406794548035,-0.01912185736000538,0.5501945614814758,0.47694557905197144,-0.046957921236753464,0.5429808497428894,0.5308871269226074,-0.04127228632569313,0.5240432024002075,0.5339190363883972,-0.030416667461395264,0.4717744290828705,0.46953079104423523,-0.03390319272875786,0.5193628072738647,0.48663362860679626,-0.04877543821930885,0.5211895108222961,0.5262998342514038,-0.03936077281832695,0.5053566694259644,0.5329750776290894,-0.027269957587122917,s
0.49839600920677185,0.6383277177810669,-9.902542075224119e-08,0.5485068559646606,0.6054052114486694,-0.004662896506488323,0.5878868103027344,0.5493370294570923,-0.015664294362068176,0.6250758171081543,0.5133241415023804,-0.03242013230919838,0.6597506999969482,0.48330533504486084,-0.04754047468304634,0.5488443374633789,0.45036131143569946,0.005959905683994293,0.589413583278656,0.4148271977901459,-0.022169115021824837,0.6169712543487549,0.43602705001831055,-0.039118945598602295,0.6322501301765442,0.4634990096092224,-0.04596468061208725,0.5200103521347046,0.44192540645599365,-0.004348186310380697,0.5751255750656128,0.45917773246765137,-0.0309459175914526,0.5677661299705505,0.5215232968330383,-0.036949045956134796,0.5477484464645386,0.5305272340774536,-0.03491855040192604,0.4952540993690491,0.4516667127609253,-0.018654409795999527,0.5508840084075928,0.47725141048431396,-0.04595842957496643,0.5433672070503235,0.5312979221343994,-0.03999004140496254,0.52376389503479,0.5341654419898987,-0.02911754697561264,0.47202980518341064,0.47110962867736816,-0.033867668360471725,0.5198873281478882,0.48773571848869324,-0.04821977764368057,0.5212037563323975,0.5272221565246582,-0.03848269581794739,0.5047401785850525,0.5335718989372253,-0.026337536051869392,s
0.4970342516899109,0.6362180709838867,-1.1061820259783417e-07,0.5478585958480835,0.604812741279602,-0.005418745800852776,0.5880871415138245,0.5482441186904907,-0.01673206128180027,0.6255413889884949,0.5118215680122375,-0.033736180514097214,0.6595215797424316,0.4805629253387451,-0.048835884779691696,0.5489474534988403,0.4510948956012726,0.0049277315847575665,0.5899627804756165,0.41328033804893494,-0.023916643112897873,0.6170432567596436,0.4343166947364807,-0.04005790129303932,0.6318871974945068,0.462248831987381,-0.04582066461443901,0.5196262001991272,0.44265812635421753,-0.005043551791459322,0.574894905090332,0.45915487408638,-0.03222533315420151,0.566482424736023,0.5222931504249573,-0.03717803582549095,0.5462480783462524,0.5297840237617493,-0.033876195549964905,0.49496468901634216,0.4522092342376709,-0.019193703308701515,0.5505332350730896,0.4783695340156555,-0.047184281051158905,0.542119026184082,0.5327051877975464,-0.040619418025016785,0.5226715207099915,0.5336502194404602,-0.028923306614160538,0.47233495116233826,0.47110164165496826,-0.03428177535533905,0.5196747779846191,0.4880444407463074,-0.048942338675260544,0.5200684666633606,0.5275221467018127,-0.03902916982769966,0.5035593509674072,0.5328680872917175,-0.026464495807886124,s
0.49811801314353943,0.6339179873466492,-1.0435019959231795e-07,0.5473887920379639,0.6025915145874023,-0.005662844516336918,0.5876550078392029,0.5451005697250366,-0.01687736250460148,0.6254243850708008,0.5086973309516907,-0.033394429832696915,0.6599281430244446,0.478748619556427,-0.04797988757491112,0.5499534606933594,0.44860878586769104,0.003427437972277403,0.5890483260154724,0.41035932302474976,-0.0247881468385458,0.6164957284927368,0.4318256080150604,-0.0408947728574276,0.6318082213401794,0.4607781767845154,-0.04678728058934212,0.5206845998764038,0.43983763456344604,-0.006030650809407234,0.574959397315979,0.4575496017932892,-0.032023120671510696,0.566848635673523,0.519124448299408,-0.03676043450832367,0.5468611121177673,0.5265160799026489,-0.033835090696811676,0.4955793023109436,0.44942405819892883,-0.01951177790760994,0.5505357980728149,0.47710728645324707,-0.04594223573803902,0.5422052145004272,0.529187023639679,-0.03956393897533417,0.5229163765907288,0.5295100808143616,-0.02867273800075054,0.47255292534828186,0.46858763694763184,-0.0340203158557415,0.5193115472793579,0.487596333026886,-0.047758858650922775,0.5199321508407593,0.5255328416824341,-0.03822686895728111,0.5035971403121948,0.5299559235572815,-0.02632683515548706,s
0.4976302683353424,0.6324201226234436,-8.626911096598633e-08,0.5470747351646423,0.5994663238525391,-0.006078088656067848,0.587093710899353,0.5411847233772278,-0.017462439835071564,0.6244058012962341,0.5045962929725647,-0.034136902540922165,0.6585878133773804,0.4744739830493927,-0.04891080781817436,0.547886312007904,0.4464455842971802,0.0040074847638607025,0.5866440534591675,0.40739208459854126,-0.025183428078889847,0.6143471002578735,0.4288949966430664,-0.04232209548354149,0.6304901242256165,0.4570549428462982,-0.04883693903684616,0.5185030698776245,0.43917346000671387,-0.005631863139569759,0.5728241205215454,0.45104140043258667,-0.032889071851968765,0.5655299425125122,0.5136641263961792,-0.03828054293990135,0.5465251803398132,0.5226384997367859,-0.03530881553888321,0.49353596568107605,0.4494057297706604,-0.019464680925011635,0.5481147170066833,0.47312822937965393,-0.046865638345479965,0.539695680141449,0.5264228582382202,-0.040370550006628036,0.5209957957267761,0.5274057388305664,-0.028912363573908806,0.4714631736278534,0.46883878111839294,-0.03437085449695587,0.5175967216491699,0.48505690693855286,-0.04831639677286148,0.5176145434379578,0.5239353775978088,-0.038342494517564774,0.5013346672058105,0.5287722945213318,-0.02600511722266674,s
0.4994330406188965,0.6290673613548279,-9.964245606397526e-08,0.5471867322921753,0.5953744053840637,-0.0048601566813886166,0.5864835977554321,0.5377589464187622,-0.015249056741595268,0.6228506565093994,0.5009991526603699,-0.030927041545510292,0.6560256481170654,0.4710674285888672,-0.04492798447608948,0.5464894771575928,0.44288307428359985,0.0033005443401634693,0.585709273815155,0.403935045003891,-0.024360397830605507,0.6125498414039612,0.42539435625076294,-0.041087936609983444,0.6278265118598938,0.45299825072288513,-0.04766811802983284,0.5174420475959778,0.43536141514778137,-0.006299711763858795,0.5712018609046936,0.45067912340164185,-0.03148246929049492,0.5657980442047119,0.5099808573722839,-0.037194278091192245,0.5477836728096008,0.520220160484314,-0.03544875606894493,0.4923454225063324,0.44606953859329224,-0.019693249836564064,0.5463079810142517,0.4717545509338379,-0.04497483745217323,0.5396670699119568,0.5226288437843323,-0.03949153050780296,0.522108793258667,0.5254939794540405,-0.02955588884651661,0.4697517156600952,0.46634042263031006,-0.03405504301190376,0.5153018236160278,0.48239651322364807,-0.04677639156579971,0.5171703696250916,0.5196489095687866,-0.03748531639575958,0.5025019645690918,0.5261349081993103,-0.026112152263522148,s
0.4979357123374939,0.6259576678276062,-1.1395889032428386e-07,0.5464267730712891,0.5939178466796875,-0.0065221358090639114,0.5862382650375366,0.5373588800430298,-0.017891226336359978,0.6230169534683228,0.4996624290943146,-0.03455790504813194,0.6544958353042603,0.4671919047832489,-0.049307797104120255,0.5467942357063293,0.44236305356025696,0.0031348003540188074,0.5844912528991699,0.40221184492111206,-0.02616480179131031,0.6111078262329102,0.42323100566864014,-0.04340958595275879,0.6269446015357971,0.45076340436935425,-0.04994586482644081,0.5174802541732788,0.43476125597953796,-0.006008975673466921,0.5695831179618835,0.4497229754924774,-0.03281397372484207,0.5625443458557129,0.5104866623878479,-0.03833229839801788,0.5439926385879517,0.5189507007598877,-0.035894084721803665,0.49197670817375183,0.44467663764953613,-0.019403163343667984,0.5449132323265076,0.4696180820465088,-0.04647674039006233,0.5379024147987366,0.5214418172836304,-0.04048996418714523,0.520211398601532,0.5232509970664978,-0.029676005244255066,0.4686470329761505,0.46389153599739075,-0.03392615541815758,0.5136723518371582,0.4801855683326721,-0.04781278967857361,0.5149948596954346,0.5179257392883301,-0.03843824937939644,0.49994096159935,0.5235667824745178,-0.026599131524562836,s
0.49864882230758667,0.6261727809906006,-1.0336160727320021e-07,0.5463025569915771,0.593734860420227,-0.007242187391966581,0.5862085819244385,0.5366010069847107,-0.01917450688779354,0.6234721541404724,0.49846386909484863,-0.036180753260850906,0.6555541753768921,0.4657720923423767,-0.05119083821773529,0.5462349653244019,0.44046729803085327,0.0023167040199041367,0.5848385691642761,0.40164637565612793,-0.02712242305278778,0.6111094951629639,0.42272043228149414,-0.04435514658689499,0.6271082162857056,0.4498971998691559,-0.05088549852371216,0.5168417096138,0.4327111542224884,-0.006509735714644194,0.5699695944786072,0.44834741950035095,-0.03358083590865135,0.5622860789299011,0.509687602519989,-0.038838960230350494,0.5442440509796143,0.517969012260437,-0.03597378730773926,0.49141833186149597,0.4425009489059448,-0.01963031478226185,0.5451834201812744,0.4688269793987274,-0.046724919229745865,0.5375977158546448,0.520639955997467,-0.04051509499549866,0.5205457210540771,0.5217227935791016,-0.029439428821206093,0.4685373902320862,0.46174490451812744,-0.0339493528008461,0.5139398574829102,0.47966355085372925,-0.047712672501802444,0.5147807002067566,0.5175214409828186,-0.038287438452243805,0.5000618696212769,0.5225197076797485,-0.02635125443339348,s
0.4969273805618286,0.6260568499565125,-1.0616261647555802e-07,0.5448410511016846,0.5937789082527161,-0.007652377709746361,0.5850809216499329,0.5370566844940186,-0.01993720419704914,0.6228907108306885,0.49864476919174194,-0.03727380931377411,0.6548377871513367,0.46478569507598877,-0.05252066254615784,0.5460586547851562,0.44082534313201904,0.0019357040291652083,0.584290087223053,0.4022355079650879,-0.02764812856912613,0.6107993721961975,0.42338651418685913,-0.04444650188088417,0.6271394491195679,0.449992299079895,-0.05055096745491028,0.51625657081604,0.4331640303134918,-0.0068101901561021805,0.5695583820343018,0.44817548990249634,-0.03421570733189583,0.5621157288551331,0.5103695392608643,-0.03913484141230583,0.5440149307250977,0.5175620913505554,-0.0357966274023056,0.4905225932598114,0.44278833270072937,-0.019883766770362854,0.5445066094398499,0.4677884876728058,-0.04754938930273056,0.537041187286377,0.5203206539154053,-0.04095843434333801,0.5197072625160217,0.5210103392601013,-0.02934487722814083,0.46722134947776794,0.4616592228412628,-0.0341443307697773,0.5128076076507568,0.47732260823249817,-0.048378415405750275,0.5140262842178345,0.5153732895851135,-0.0386357344686985,0.49916476011276245,0.5208262801170349,-0.02620558626949787,s
0.49627357721328735,0.625154972076416,-1.029655223305781e-07,0.5450052618980408,0.5937368273735046,-0.007419924717396498,0.5850265026092529,0.5373961925506592,-0.01978517882525921,0.6226834654808044,0.49966615438461304,-0.037255510687828064,0.6551475524902344,0.46672096848487854,-0.052799198776483536,0.546290397644043,0.4399673342704773,0.002241254085674882,0.5842438340187073,0.4025065302848816,-0.026774320751428604,0.6106279492378235,0.4224536120891571,-0.043266505002975464,0.6267627477645874,0.4493919610977173,-0.04930383712053299,0.5168257355690002,0.4323901832103729,-0.006723233498632908,0.5696656703948975,0.4479055106639862,-0.033752333372831345,0.5615108013153076,0.5100760459899902,-0.038680918514728546,0.5431472659111023,0.5174427628517151,-0.03541819006204605,0.49143630266189575,0.4423295855522156,-0.019904151558876038,0.5446598529815674,0.4672921597957611,-0.04734265059232712,0.5365666747093201,0.519822895526886,-0.04064306616783142,0.5188844203948975,0.5203322172164917,-0.02909623645246029,0.46827542781829834,0.46137338876724243,-0.03422961011528969,0.5134429335594177,0.4766380786895752,-0.04841472953557968,0.5140738487243652,0.5151988863945007,-0.0382830947637558,0.4988003671169281,0.5205914378166199,-0.025668201968073845,s
0.49710363149642944,0.6249514818191528,-9.773151532499469e-08,0.5456946492195129,0.5926716923713684,-0.007243204861879349,0.58573979139328,0.5368027687072754,-0.019371885806322098,0.6230462193489075,0.4994695782661438,-0.03665737807750702,0.6549685001373291,0.4667304754257202,-0.051979903131723404,0.546115517616272,0.43966299295425415,0.0023369293194264174,0.5854384303092957,0.40263527631759644,-0.02714597061276436,0.6114859580993652,0.42353400588035583,-0.044119302183389664,0.6271859407424927,0.450933039188385,-0.050305042415857315,0.5163722038269043,0.43209394812583923,-0.006619034800678492,0.5697886943817139,0.44828128814697266,-0.03408759832382202,0.5616407990455627,0.5098553895950317,-0.03942865878343582,0.5435456037521362,0.5176283121109009,-0.03635074570775032,0.4908132553100586,0.44209790229797363,-0.019792206585407257,0.5446063876152039,0.4674789011478424,-0.04741393402218819,0.5362964272499084,0.5200932025909424,-0.040920406579971313,0.5188710689544678,0.5212372541427612,-0.029346082359552383,0.4677661657333374,0.46138009428977966,-0.03409677743911743,0.5132915377616882,0.47675514221191406,-0.0481804721057415,0.51381915807724,0.5150569677352905,-0.03814423084259033,0.49884313344955444,0.5207550525665283,-0.025515137240290642,s
0.49658137559890747,0.6248480081558228,-9.93606548149728e-08,0.5451694130897522,0.5933575630187988,-0.007131426129490137,0.58519047498703,0.5378938913345337,-0.019013719633221626,0.621810257434845,0.5008286833763123,-0.03606535866856575,0.6529420614242554,0.46802565455436707,-0.0510958731174469,0.5462489724159241,0.44077247381210327,0.00234789471141994,0.584647536277771,0.4022899866104126,-0.027065617963671684,0.6108952164649963,0.42262253165245056,-0.044178929179906845,0.6270100474357605,0.45004701614379883,-0.050529588013887405,0.5167838335037231,0.43285033106803894,-0.00670430576428771,0.5689842104911804,0.4485667943954468,-0.03392999246716499,0.5609435439109802,0.5089999437332153,-0.0393415130674839,0.5427295565605164,0.5173621773719788,-0.036477383226156235,0.49105650186538696,0.44261351227760315,-0.020014235749840736,0.5436636805534363,0.4684818685054779,-0.04727622866630554,0.5357906222343445,0.5200881361961365,-0.041022300720214844,0.5187540054321289,0.5217348337173462,-0.02978299744427204,0.467722088098526,0.4618169963359833,-0.03452141955494881,0.5125723481178284,0.4780538082122803,-0.048421092331409454,0.5139592289924622,0.5156614780426025,-0.03871218487620354,0.49989551305770874,0.521634578704834,-0.026427045464515686,s
0.49607643485069275,0.626136302947998,-9.773777520649674e-08,0.5447949767112732,0.5942887663841248,-0.00735407555475831,0.5852527618408203,0.5382750034332275,-0.019367294386029243,0.6223546266555786,0.5012801885604858,-0.03636447712779045,0.6540377140045166,0.46816837787628174,-0.05123667046427727,0.546302080154419,0.44132599234580994,0.0022187524009495974,0.5850237607955933,0.4031546115875244,-0.027023011818528175,0.6113424301147461,0.42350831627845764,-0.04389238730072975,0.6270859241485596,0.451389878988266,-0.050110578536987305,0.5167233347892761,0.43279197812080383,-0.006641265470534563,0.5699059367179871,0.44766008853912354,-0.033995673060417175,0.5623344779014587,0.5090925693511963,-0.03926343843340874,0.5442583560943604,0.5177886486053467,-0.036170873790979385,0.49115830659866333,0.442139595746994,-0.01972772367298603,0.5445079207420349,0.4675350487232208,-0.047063179314136505,0.5366731882095337,0.5197679996490479,-0.04061608761548996,0.5192593336105347,0.5212364196777344,-0.029212087392807007,0.46800529956817627,0.4609677791595459,-0.03400213271379471,0.5131415128707886,0.4780414402484894,-0.04794168472290039,0.5136471390724182,0.5157040953636169,-0.038226570934057236,0.4983113408088684,0.5206650495529175,-0.02596375159919262,s
0.49605610966682434,0.6264495253562927,-1.0197245359222507e-07,0.5442788600921631,0.595523476600647,-0.007806903216987848,0.5842191576957703,0.5396583080291748,-0.020312553271651268,0.621910572052002,0.5023884177207947,-0.037845008075237274,0.6547273397445679,0.4703906178474426,-0.05320948734879494,0.5473381280899048,0.44199758768081665,0.001850654138252139,0.585908830165863,0.4037379324436188,-0.027620716020464897,0.6121901273727417,0.42423951625823975,-0.04401227831840515,0.6275153160095215,0.45236214995384216,-0.04973582550883293,0.5176098942756653,0.43338313698768616,-0.006914476864039898,0.5699757933616638,0.44835007190704346,-0.03441492095589638,0.5621120929718018,0.5115771889686584,-0.03896825388073921,0.5435543656349182,0.5194886922836304,-0.03519044443964958,0.4918012320995331,0.4426497519016266,-0.01999814622104168,0.5444884896278381,0.4676450788974762,-0.047978803515434265,0.5368959903717041,0.5214393138885498,-0.04091108962893486,0.5191202759742737,0.5227805972099304,-0.028821071609854698,0.46815359592437744,0.4612817168235779,-0.03427357226610184,0.5128543972969055,0.47713950276374817,-0.048827528953552246,0.5142334699630737,0.5156903266906738,-0.0387357734143734,0.4991530776023865,0.5209824442863464,-0.02597675286233425,s
0.4969542622566223,0.6264625787734985,-1.017680446580016e-07,0.5457230806350708,0.5948292016983032,-0.006730351131409407,0.5865345001220703,0.538714587688446,-0.018300088122487068,0.6239107847213745,0.5023729801177979,-0.03502575680613518,0.65592360496521,0.4709213674068451,-0.04973284527659416,0.5474516749382019,0.4410181939601898,0.0029047811403870583,0.586691677570343,0.40495479106903076,-0.02554888278245926,0.6128348112106323,0.42560964822769165,-0.041911594569683075,0.6281896829605103,0.4529009461402893,-0.04801878333091736,0.5176821947097778,0.4325970411300659,-0.0060915639623999596,0.5703108310699463,0.44978249073028564,-0.032462313771247864,0.5629527568817139,0.510623574256897,-0.03749537467956543,0.5451503396034241,0.5180233120918274,-0.03465231508016586,0.4921598732471466,0.44215184450149536,-0.01921769790351391,0.5451710820198059,0.4689282178878784,-0.04576955363154411,0.5376986861228943,0.5203314423561096,-0.039386674761772156,0.5206329822540283,0.5207924246788025,-0.02843330055475235,0.46901190280914307,0.461251437664032,-0.03348826989531517,0.5140525102615356,0.4788779616355896,-0.04700372740626335,0.5146934390068054,0.5162875056266785,-0.03733715042471886,0.4995572865009308,0.5212852954864502,-0.025338785722851753,s
0.49724462628364563,0.6257756948471069,-1.0130128202945343e-07,0.5460629463195801,0.5944541096687317,-0.007289445493370295,0.586771547794342,0.5394625663757324,-0.019106213003396988,0.6241198182106018,0.5035220980644226,-0.03592263162136078,0.6563944220542908,0.47223424911499023,-0.05070004612207413,0.5490754842758179,0.44241097569465637,0.0021364546846598387,0.5884572267532349,0.4056619703769684,-0.02652166783809662,0.6140957474708557,0.42618605494499207,-0.04311791807413101,0.6292220950126648,0.4534996747970581,-0.04937472194433212,0.5192340612411499,0.43323004245758057,-0.0065140193328261375,0.5709676146507263,0.4506475329399109,-0.03324618563055992,0.5633655190467834,0.5110785365104675,-0.03880858048796654,0.5453771948814392,0.5194220542907715,-0.03626051917672157,0.493386834859848,0.44241175055503845,-0.01928320713341236,0.545588493347168,0.46948984265327454,-0.046106744557619095,0.5380317568778992,0.5205231308937073,-0.040314022451639175,0.5209567546844482,0.5213134288787842,-0.02964547462761402,0.46973204612731934,0.46120917797088623,-0.03319989889860153,0.5145242810249329,0.47938358783721924,-0.04697439447045326,0.5152754187583923,0.516684353351593,-0.0377645343542099,0.5004130005836487,0.52157062292099,-0.02599719911813736,s
0.49687671661376953,0.6259663105010986,-9.210520346414341e-08,0.5457600355148315,0.5958669185638428,-0.007133596111088991,0.5861127376556396,0.5404399633407593,-0.019112346693873405,0.6237990260124207,0.5047708749771118,-0.03625188022851944,0.6565081477165222,0.4738769233226776,-0.05134207010269165,0.5480402708053589,0.4426663815975189,0.002779305214062333,0.5874005556106567,0.4059441387653351,-0.0264583807438612,0.6139786839485168,0.42624199390411377,-0.04344724863767624,0.6297929883003235,0.4534972608089447,-0.04994460195302963,0.5187563896179199,0.4335748255252838,-0.006298478692770004,0.5718826055526733,0.45001280307769775,-0.033528976142406464,0.5638983249664307,0.5107819437980652,-0.038777898997068405,0.5452866554260254,0.5185248255729675,-0.03588659316301346,0.4934217035770416,0.4423569142818451,-0.019652102142572403,0.5466541051864624,0.4692579507827759,-0.04680338501930237,0.5385454297065735,0.5207629799842834,-0.040376171469688416,0.520750880241394,0.5212006568908691,-0.029208652675151825,0.4704397916793823,0.4608699083328247,-0.034235455095767975,0.5154942274093628,0.47977736592292786,-0.04817541688680649,0.5157331824302673,0.5171793699264526,-0.03870127350091934,0.5002884268760681,0.5215304493904114,-0.026752768084406853,s
0.4970133602619171,0.6261010766029358,-9.1025256665489e-08,0.5464435815811157,0.5953234434127808,-0.007057815790176392,0.5871367454528809,0.5396351218223572,-0.019123831763863564,0.6251059174537659,0.5039269328117371,-0.03632957860827446,0.6587066650390625,0.4733656048774719,-0.05152251198887825,0.5492261648178101,0.44253602623939514,0.0030320368241518736,0.5875371694564819,0.40610042214393616,-0.02576209418475628,0.6143297553062439,0.42647475004196167,-0.04220852628350258,0.6307153701782227,0.45354369282722473,-0.04839180037379265,0.5198984146118164,0.43350139260292053,-0.006087573245167732,0.5730037689208984,0.44980502128601074,-0.032935213297605515,0.5645098090171814,0.5112520456314087,-0.037820734083652496,0.545605480670929,0.5179890990257263,-0.03465283662080765,0.494460791349411,0.4424283802509308,-0.01944861374795437,0.5478776097297668,0.4687768816947937,-0.046541519463062286,0.5394425988197327,0.5203618407249451,-0.039924733340740204,0.5212782621383667,0.5198571085929871,-0.02862113155424595,0.47107842564582825,0.46088898181915283,-0.03399035707116127,0.5163443684577942,0.4787786900997162,-0.04795850068330765,0.5166682004928589,0.5163568258285522,-0.03819029778242111,0.5009518265724182,0.5204427242279053,-0.02599322982132435,s
0.4973749816417694,0.6255496144294739,-1.0089134860891136e-07,0.5464968681335449,0.5955060720443726,-0.006232155486941338,0.5865310430526733,0.5396133065223694,-0.01800031028687954,0.6242318153381348,0.5038620233535767,-0.035096675157547,0.6585493087768555,0.4744530916213989,-0.05016300827264786,0.5496497750282288,0.4422222077846527,0.003496121149510145,0.5881649255752563,0.40503552556037903,-0.025761257857084274,0.6153547167778015,0.4269760847091675,-0.04238271713256836,0.6311773061752319,0.45422953367233276,-0.04856700450181961,0.5204157829284668,0.43343406915664673,-0.006088205147534609,0.5737042427062988,0.44952839612960815,-0.03306429833173752,0.5654266476631165,0.5119041800498962,-0.037764307111501694,0.5458678007125854,0.5177628993988037,-0.03452698141336441,0.49516627192497253,0.4423781633377075,-0.019906632602214813,0.5488855242729187,0.4693395793437958,-0.0471436008810997,0.5402905344963074,0.5217779278755188,-0.04026595503091812,0.5212380290031433,0.5206184983253479,-0.028802745044231415,0.4720766544342041,0.4607013761997223,-0.034833673387765884,0.5177429914474487,0.4792363941669464,-0.0487886443734169,0.5175774097442627,0.5174180865287781,-0.03881432116031647,0.5008572340011597,0.5212976336479187,-0.026506012305617332,s
0.498767226934433,0.6254302859306335,-9.615484941605246e-08,0.547451376914978,0.5951182246208191,-0.006969548296183348,0.5879713296890259,0.5389499664306641,-0.018848219886422157,0.6257455348968506,0.5027132034301758,-0.03595259040594101,0.659630537033081,0.47329777479171753,-0.05100834742188454,0.5508638024330139,0.4418226182460785,0.003149101510643959,0.5896689891815186,0.40479761362075806,-0.026240801438689232,0.6164613962173462,0.42600423097610474,-0.043020911514759064,0.6323149800300598,0.45437073707580566,-0.049089010804891586,0.5213399529457092,0.43293777108192444,-0.0059470185078680515,0.5745964646339417,0.4499097764492035,-0.033293407410383224,0.5659274458885193,0.5115954279899597,-0.03815435990691185,0.5468910932540894,0.5187138915061951,-0.0347052700817585,0.4957152009010315,0.44187742471694946,-0.01934042014181614,0.5494208335876465,0.4688800573348999,-0.04684138298034668,0.5408952236175537,0.5207342505455017,-0.04012852907180786,0.5228394269943237,0.5209023356437683,-0.028472796082496643,0.47215986251831055,0.4604393243789673,-0.033896394073963165,0.5179501175880432,0.47843635082244873,-0.04797782748937607,0.5182475447654724,0.5161625146865845,-0.03807506710290909,0.5027204751968384,0.5209367871284485,-0.025578297674655914,s
0.4984678030014038,0.6254047751426697,-9.512995546856473e-08,0.5479836463928223,0.5941005945205688,-0.006402538623660803,0.5883152484893799,0.5379902124404907,-0.018092922866344452,0.6260102391242981,0.5024491548538208,-0.03512522205710411,0.6599556803703308,0.4729822278022766,-0.05019097402691841,0.5496227741241455,0.44059696793556213,0.003773909527808428,0.5893500447273254,0.40503084659576416,-0.02551005221903324,0.6162880063056946,0.42636343836784363,-0.042357899248600006,0.632469654083252,0.4536041021347046,-0.04862440750002861,0.5202265381813049,0.43245935440063477,-0.0056974273175001144,0.5744653940200806,0.44907721877098083,-0.03296629711985588,0.5659886002540588,0.5111297965049744,-0.037864238023757935,0.5473400950431824,0.5179558992385864,-0.03450262174010277,0.4950674772262573,0.44210413098335266,-0.01942252367734909,0.5496432185173035,0.4693174958229065,-0.04691816866397858,0.5407314896583557,0.5214628577232361,-0.040263839066028595,0.5227481126785278,0.520989179611206,-0.02865177020430565,0.47225552797317505,0.4611106812953949,-0.03425224870443344,0.5186135768890381,0.47884508967399597,-0.048197489231824875,0.5182589888572693,0.5167431831359863,-0.038177814334630966,0.5024791359901428,0.5213295817375183,-0.025668209418654442,s
0.4988236129283905,0.6256414651870728,-9.3680604607016e-08,0.5480868816375732,0.5941300988197327,-0.007426385767757893,0.5881022810935974,0.5385481715202332,-0.019495541229844093,0.6259881258010864,0.5024900436401367,-0.03664897382259369,0.6604087352752686,0.4723142981529236,-0.051776718348264694,0.55063796043396,0.4416196346282959,0.003567285602912307,0.5892067551612854,0.4049154818058014,-0.02581537514925003,0.6160715222358704,0.4257543683052063,-0.043227870017290115,0.6321362257003784,0.45302921533584595,-0.050063781440258026,0.5212507843971252,0.4330287277698517,-0.005295434966683388,0.5744022727012634,0.44839558005332947,-0.03285616636276245,0.5665429830551147,0.5098987817764282,-0.03848691284656525,0.548048734664917,0.5181955099105835,-0.035767219960689545,0.4957980811595917,0.44193243980407715,-0.01855134777724743,0.5496968626976013,0.4682946801185608,-0.04626256972551346,0.5411016941070557,0.5201604962348938,-0.04028879478573799,0.5230183601379395,0.5208171010017395,-0.02922520413994789,0.47284117341041565,0.46042269468307495,-0.033026568591594696,0.5184951424598694,0.47876498103141785,-0.04737313464283943,0.5179589986801147,0.5160099267959595,-0.0382511131465435,0.5017895102500916,0.5200056433677673,-0.026487117633223534,s
0.4979259967803955,0.6256445646286011,-9.372193687795516e-08,0.5482832193374634,0.5936567783355713,-0.006332259625196457,0.5889257788658142,0.5377730131149292,-0.018026016652584076,0.6264127492904663,0.5020197033882141,-0.03511843830347061,0.6603744626045227,0.4719744324684143,-0.05021744966506958,0.5496558547019958,0.4405999779701233,0.0045588044449687,0.5890163779258728,0.40415745973587036,-0.02456047013401985,0.6162490844726562,0.4248776137828827,-0.04143635556101799,0.6326923370361328,0.4517325758934021,-0.04783008247613907,0.5202995538711548,0.43254953622817993,-0.005018733441829681,0.5745624303817749,0.44901740550994873,-0.03240356221795082,0.5659103989601135,0.5109745264053345,-0.03754933923482895,0.546891450881958,0.5179709792137146,-0.03443596512079239,0.49524757266044617,0.441942423582077,-0.018909262493252754,0.5500572919845581,0.4682968854904175,-0.046620599925518036,0.5409181118011475,0.5207845568656921,-0.04008357599377632,0.5224484801292419,0.5208520293235779,-0.028564108535647392,0.4727327227592468,0.4607219696044922,-0.03391140326857567,0.5193498730659485,0.4779035151004791,-0.048182521015405655,0.5185655951499939,0.5157967209815979,-0.03838144242763519,0.5020396709442139,0.5203251838684082,-0.02602793276309967,s
0.4988212287425995,0.6252651214599609,-9.527342115234205e-08,0.5482989549636841,0.5936132669448853,-0.006616345141083002,0.5879273414611816,0.5380592942237854,-0.018622763454914093,0.6251549124717712,0.5021626949310303,-0.03587925061583519,0.6592627763748169,0.47241413593292236,-0.05120052024722099,0.550276517868042,0.4401291608810425,0.0034186840057373047,0.5896835923194885,0.40353286266326904,-0.025893384590744972,0.6170963644981384,0.4244250953197479,-0.04295585677027702,0.6330158114433289,0.45175471901893616,-0.04947761073708534,0.5208979845046997,0.43198972940444946,-0.006023680325597525,0.5751532912254333,0.44784992933273315,-0.033454157412052155,0.5675599575042725,0.5101616978645325,-0.038693107664585114,0.5481580495834351,0.5177319645881653,-0.0357254259288311,0.4958151578903198,0.4414723813533783,-0.019697153940796852,0.5505196452140808,0.46688583493232727,-0.04747625067830086,0.5424976348876953,0.5203219652175903,-0.04080624878406525,0.5235821008682251,0.5212754607200623,-0.02924170531332493,0.47315502166748047,0.4605353772640228,-0.034478481858968735,0.5191789865493774,0.47741639614105225,-0.04901014268398285,0.5195282101631165,0.5162110924720764,-0.039120499044656754,0.5031551718711853,0.5213207602500916,-0.026693154126405716,s
0.4986972212791443,0.625430703163147,-1.0244191628316912e-07,0.5485315918922424,0.5935162305831909,-0.006266745738685131,0.5887282490730286,0.5374733209609985,-0.01793043129146099,0.6263065338134766,0.5013880729675293,-0.03502560779452324,0.6596986055374146,0.4708535075187683,-0.05012461170554161,0.5500668287277222,0.4407998025417328,0.004279516637325287,0.5895890593528748,0.4040452539920807,-0.02529897727072239,0.6167877316474915,0.4250120520591736,-0.04228030890226364,0.6330806612968445,0.45208874344825745,-0.0485738068819046,0.5206929445266724,0.43263307213783264,-0.005202747415751219,0.5750216841697693,0.447797030210495,-0.03304920345544815,0.5664647221565247,0.5106099247932434,-0.03813954442739487,0.5474433898925781,0.5180730819702148,-0.03478860482573509,0.4958551824092865,0.4414902627468109,-0.01900268718600273,0.5504921674728394,0.46685701608657837,-0.047169990837574005,0.5416820645332336,0.5203279256820679,-0.040575191378593445,0.523139476776123,0.5210844874382019,-0.02884061448276043,0.4735325276851654,0.4597039818763733,-0.03387146070599556,0.5196059346199036,0.4769648313522339,-0.048265572637319565,0.51876300573349,0.5153600573539734,-0.03852149099111557,0.5021482706069946,0.5199987888336182,-0.02617870829999447,s
0.4998828172683716,0.6241034865379333,-9.50163041579799e-08,0.5496597290039062,0.5919483304023743,-0.006110561080276966,0.5898748636245728,0.5363650321960449,-0.017767390236258507,0.6268103122711182,0.5006250739097595,-0.03485608845949173,0.6599913239479065,0.4709608852863312,-0.04997153580188751,0.5505309104919434,0.440138578414917,0.004035887308418751,0.5901955366134644,0.4028991460800171,-0.02509152889251709,0.6172994375228882,0.42392438650131226,-0.041775237768888474,0.6330676078796387,0.4517157971858978,-0.047891534864902496,0.5211715698242188,0.43237048387527466,-0.005446130409836769,0.5754482746124268,0.4478023648262024,-0.03249947726726532,0.5671941637992859,0.5097200870513916,-0.037309758365154266,0.548181414604187,0.5172779560089111,-0.03406237065792084,0.49616143107414246,0.44181710481643677,-0.019179750233888626,0.5508285760879517,0.4667077362537384,-0.04651380702853203,0.5423004031181335,0.5191676020622253,-0.039818666875362396,0.5238136053085327,0.5199334621429443,-0.028314553201198578,0.47348660230636597,0.4606732130050659,-0.03398660197854042,0.5194604992866516,0.4772655665874481,-0.04793446883559227,0.5190902948379517,0.5146975517272949,-0.03813725709915161,0.5027794241905212,0.5191317200660706,-0.025901608169078827,s
0.5000346899032593,0.6242433786392212,-8.897560377363334e-08,0.5490894913673401,0.5921624898910522,-0.0068015530705451965,0.5888846516609192,0.5372022390365601,-0.01875295117497444,0.6259050965309143,0.5018813014030457,-0.03580702096223831,0.6593230366706848,0.47159329056739807,-0.051009222865104675,0.5510061979293823,0.44031521677970886,0.0028182384558022022,0.590526819229126,0.4041233956813812,-0.02622859552502632,0.6175758838653564,0.42421770095825195,-0.04343041777610779,0.6335862278938293,0.4510849416255951,-0.050181739032268524,0.5214793682098389,0.43215829133987427,-0.006327680312097073,0.5753909349441528,0.4469301700592041,-0.033685822039842606,0.5681760907173157,0.5082672834396362,-0.03934426233172417,0.5494753122329712,0.5174147486686707,-0.03669784963130951,0.49616381525993347,0.4414185881614685,-0.019623959437012672,0.5503420233726501,0.4667317867279053,-0.04709648713469505,0.5427660346031189,0.5184831023216248,-0.04122622311115265,0.5246994495391846,0.5198031663894653,-0.030258430168032646,0.47329938411712646,0.46016764640808105,-0.03401029109954834,0.5192494988441467,0.47716766595840454,-0.0482044517993927,0.5202115774154663,0.5144410133361816,-0.03887846693396568,0.5047092437744141,0.5194244980812073,-0.026953410357236862,s
0.4999995231628418,0.6236231327056885,-9.720267257762316e-08,0.5484814643859863,0.5929847955703735,-0.0070859151892364025,0.5883491039276123,0.538506269454956,-0.01950932666659355,0.6256003379821777,0.5027154684066772,-0.03708965703845024,0.6589688062667847,0.47234389185905457,-0.05260508880019188,0.5517367720603943,0.4414377808570862,0.0019793917890638113,0.5905038118362427,0.4038146138191223,-0.027322683483362198,0.6167874336242676,0.4245465397834778,-0.04350055381655693,0.6321845054626465,0.4518481492996216,-0.04922002553939819,0.5220153331756592,0.4329144358634949,-0.0071408189833164215,0.5748700499534607,0.4480298161506653,-0.0343603678047657,0.5665771961212158,0.5100859999656677,-0.0387529619038105,0.5477203130722046,0.5167862772941589,-0.03506742790341377,0.49643319845199585,0.4418359398841858,-0.020510729402303696,0.5498619675636292,0.46692997217178345,-0.048310741782188416,0.5416457653045654,0.5193257331848145,-0.04144623130559921,0.5235903263092041,0.5192832350730896,-0.02966584824025631,0.4731881022453308,0.4601663053035736,-0.03496815636754036,0.5184594988822937,0.4765722155570984,-0.04939466714859009,0.5192409157752991,0.5143388509750366,-0.039537325501441956,0.5039551258087158,0.5188947319984436,-0.027073217555880547,s
0.5000352263450623,0.6238546371459961,-9.586576510400846e-08,0.5486584901809692,0.5930668115615845,-0.006920319981873035,0.5885927677154541,0.5383175611495972,-0.01919475942850113,0.62569659948349,0.502433180809021,-0.03661174327135086,0.6591098308563232,0.47196128964424133,-0.05202780291438103,0.5514530539512634,0.4407387375831604,0.0021194133441895247,0.5905860066413879,0.40387678146362305,-0.027053698897361755,0.6168904304504395,0.42452365159988403,-0.0434935986995697,0.6322910189628601,0.451884388923645,-0.04948786646127701,0.5218036770820618,0.4322487711906433,-0.007080320734530687,0.5749730467796326,0.44794711470603943,-0.0342351533472538,0.5667493343353271,0.5097194314002991,-0.038906604051589966,0.5479422807693481,0.5168604850769043,-0.03548035770654678,0.4962487816810608,0.4413820505142212,-0.020469728857278824,0.5498367547988892,0.4670984148979187,-0.04807436093688011,0.5417012572288513,0.519361674785614,-0.04130636155605316,0.5237781405448914,0.5195939540863037,-0.02966778352856636,0.47307825088500977,0.46000343561172485,-0.03494508937001228,0.5185776352882385,0.4769027531147003,-0.049230437725782394,0.5193512439727783,0.5147580504417419,-0.03933684900403023,0.5040946006774902,0.5195485353469849,-0.02689480036497116,s
0.49876242876052856,0.6248963475227356,-1.1452436865511118e-07,0.547558605670929,0.5952374935150146,-0.007919925265014172,0.5886470079421997,0.5411108732223511,-0.020260987803339958,0.6255344748497009,0.5056846737861633,-0.03766320273280144,0.6584974527359009,0.47625282406806946,-0.05289366841316223,0.5515051484107971,0.44330137968063354,0.0019111824221909046,0.5910224914550781,0.4062723219394684,-0.028273561969399452,0.6165357828140259,0.4290750026702881,-0.045198336243629456,0.6308916807174683,0.45824044942855835,-0.051037684082984924,0.5218035578727722,0.4340093433856964,-0.006700111553072929,0.5739074349403381,0.45106711983680725,-0.03479493781924248,0.5652298331260681,0.5130506753921509,-0.03965746983885765,0.5460457801818848,0.5210573077201843,-0.03582439199090004,0.4958462715148926,0.4424397051334381,-0.019747840240597725,0.5480946898460388,0.47094959020614624,-0.04827217385172844,0.5392476320266724,0.5237193703651428,-0.04192718490958214,0.5213422775268555,0.5248172283172607,-0.02996647357940674,0.4723794460296631,0.4603203237056732,-0.0339527390897274,0.5170958638191223,0.4791491627693176,-0.0485072024166584,0.5175530314445496,0.5178718566894531,-0.03881795331835747,0.5024956464767456,0.5232791304588318,-0.026202166453003883,s
0.49928563833236694,0.625825047492981,-1.1158882529116454e-07,0.5479909777641296,0.5960668325424194,-0.008216120302677155,0.5891997218132019,0.5415216088294983,-0.02053634449839592,0.6264164447784424,0.5056997537612915,-0.03780317306518555,0.65975421667099,0.4756104350090027,-0.05284396931529045,0.5513966083526611,0.4442328214645386,0.00206012069247663,0.5911106467247009,0.40784671902656555,-0.027921590954065323,0.6163033246994019,0.4311027526855469,-0.04504353925585747,0.6300739049911499,0.46053922176361084,-0.051190245896577835,0.5219358205795288,0.43513548374176025,-0.006440309341996908,0.5739843249320984,0.45273515582084656,-0.03453567996621132,0.5654804706573486,0.5143613219261169,-0.03997005522251129,0.5464501976966858,0.5220694541931152,-0.03676210343837738,0.4961148798465729,0.44380295276641846,-0.019371507689356804,0.5482197403907776,0.47157996892929077,-0.047707267105579376,0.5395815372467041,0.5239439606666565,-0.04162001982331276,0.5217361450195312,0.5244364142417908,-0.03011006861925125,0.4724893271923065,0.46178704500198364,-0.0334838442504406,0.5172000527381897,0.47980397939682007,-0.048127297312021255,0.5173545479774475,0.5182204246520996,-0.038586825132369995,0.5017951726913452,0.5230720639228821,-0.02621968649327755,s
0.4984402656555176,0.6271964311599731,-1.1792567988777591e-07,0.5474162101745605,0.5976569056510925,-0.007486630696803331,0.5880598425865173,0.5436457991600037,-0.01966002769768238,0.6251739263534546,0.5085219144821167,-0.036984775215387344,0.6583820581436157,0.47877606749534607,-0.05219400301575661,0.5519625544548035,0.4468195140361786,0.002111985580995679,0.5913116335868835,0.40916338562965393,-0.027951546013355255,0.6162628531455994,0.43221455812454224,-0.04452601820230484,0.6294399499893188,0.46198660135269165,-0.050028592348098755,0.5225808024406433,0.4373963177204132,-0.0066877794452011585,0.5745541453361511,0.4537621736526489,-0.034561630338430405,0.5657276511192322,0.5169029831886292,-0.03910700976848602,0.5460960865020752,0.5253462791442871,-0.03508291020989418,0.496549516916275,0.4455990791320801,-0.019912540912628174,0.5488609671592712,0.47327885031700134,-0.04868365824222565,0.5401540398597717,0.5273886919021606,-0.04217274487018585,0.5218499302864075,0.5293703079223633,-0.030037295073270798,0.4724164307117462,0.46331560611724854,-0.03418304771184921,0.5173952579498291,0.4812147319316864,-0.04897091165184975,0.518343985080719,0.5209916830062866,-0.0390363372862339,0.5033429265022278,0.527279794216156,-0.026231877505779266,s
0.49835991859436035,0.6280680298805237,-1.162495664175367e-07,0.5469486713409424,0.5997852683067322,-0.0070169540122151375,0.5875808596611023,0.5454639196395874,-0.018652375787496567,0.624592125415802,0.5099330544471741,-0.03543402999639511,0.6578787565231323,0.48003697395324707,-0.05008752644062042,0.5513176918029785,0.4477355480194092,0.0029095665086060762,0.591017484664917,0.4101225733757019,-0.027100592851638794,0.6165165305137634,0.4330175220966339,-0.04398445785045624,0.6303965449333191,0.4621192216873169,-0.04985574260354042,0.5225372910499573,0.437918096780777,-0.00613644951954484,0.5752320885658264,0.4543502926826477,-0.03469134867191315,0.5658738613128662,0.5169439315795898,-0.04023303836584091,0.5457087755203247,0.5254532098770142,-0.03670516610145569,0.49699950218200684,0.44564053416252136,-0.019470371305942535,0.5495256781578064,0.4754294157028198,-0.04853455722332001,0.5400418639183044,0.5287768244743347,-0.04275514930486679,0.5211361646652222,0.5293548107147217,-0.030993586406111717,0.4731788635253906,0.46271803975105286,-0.033805154263973236,0.5185353755950928,0.48410943150520325,-0.04864896088838577,0.5186843276023865,0.5235886573791504,-0.03918813541531563,0.5030335187911987,0.5284361243247986,-0.026702577248215675,s
0.49818530678749084,0.6292958855628967,-1.1519185250108421e-07,0.5463867783546448,0.600238025188446,-0.007423416245728731,0.5868812799453735,0.5460706353187561,-0.019500425085425377,0.6242313385009766,0.5104726552963257,-0.036637622863054276,0.6582210063934326,0.4803840219974518,-0.05172649398446083,0.5518772006034851,0.448743611574173,0.0023509226739406586,0.5913435816764832,0.4113215506076813,-0.02740584872663021,0.616127073764801,0.4328974187374115,-0.04386284574866295,0.629187822341919,0.46199241280555725,-0.049416325986385345,0.5226399302482605,0.43924790620803833,-0.006388908252120018,0.5744816064834595,0.4547279477119446,-0.034481875598430634,0.5657348036766052,0.5178317427635193,-0.039381302893161774,0.5464202165603638,0.5268946886062622,-0.03547978401184082,0.49682772159576416,0.44729989767074585,-0.019442694261670113,0.5486103892326355,0.47542762756347656,-0.048238109797239304,0.5397999286651611,0.5296585559844971,-0.04185386374592781,0.5215058326721191,0.5314702391624451,-0.02975766733288765,0.47297489643096924,0.46473726630210876,-0.03353896364569664,0.5170637965202332,0.48418399691581726,-0.04841203987598419,0.5175384879112244,0.5238422751426697,-0.03873452916741371,0.5021886229515076,0.5291628837585449,-0.026117932051420212,s
0.4987573027610779,0.6295929551124573,-1.0747568524038797e-07,0.5474644303321838,0.6004000902175903,-0.0067039248533546925,0.5884795188903809,0.5454921126365662,-0.01820017397403717,0.6253750920295715,0.5100826621055603,-0.034885745495557785,0.6588966846466064,0.48087024688720703,-0.049598172307014465,0.5517828464508057,0.44916245341300964,0.0029733688570559025,0.5909172892570496,0.41153964400291443,-0.02651173062622547,0.616047739982605,0.43321096897125244,-0.04328068345785141,0.6298215389251709,0.4622984528541565,-0.04920275881886482,0.5223478674888611,0.43996715545654297,-0.006136032752692699,0.5741891860961914,0.4561685621738434,-0.03417951986193657,0.5657124519348145,0.5184844136238098,-0.039659593254327774,0.546434760093689,0.5276203751564026,-0.036320898681879044,0.49628427624702454,0.4483608603477478,-0.01943325437605381,0.5483330488204956,0.4753590524196625,-0.04814428463578224,0.5398394465446472,0.5289691090583801,-0.042060498148202896,0.5215809345245361,0.5307395458221436,-0.030285807326436043,0.472135066986084,0.4659494161605835,-0.03370065614581108,0.5174658894538879,0.48399659991264343,-0.048651933670043945,0.5182327032089233,0.5237945318222046,-0.03893579542636871,0.5029540657997131,0.52964848279953,-0.026335153728723526,s
0.4980660080909729,0.6302862167358398,-1.1269922595147364e-07,0.5467854142189026,0.601361870765686,-0.006755094043910503,0.5876906514167786,0.5463636517524719,-0.018497614189982414,0.6245931386947632,0.5104886889457703,-0.03544987738132477,0.6580772399902344,0.4809436500072479,-0.050358910113573074,0.5503953099250793,0.4489976465702057,0.002735569141805172,0.5904738306999207,0.4120563864707947,-0.027357351034879684,0.6158673763275146,0.4346195459365845,-0.04450952261686325,0.6301103830337524,0.4638066291809082,-0.05063531547784805,0.5210322737693787,0.44009390473365784,-0.006546737160533667,0.5744819045066833,0.45608896017074585,-0.03518335893750191,0.5651546716690063,0.5189745426177979,-0.04060463607311249,0.5455532670021057,0.5283294916152954,-0.037074558436870575,0.4953048825263977,0.44880223274230957,-0.020079568028450012,0.5490174889564514,0.4761708080768585,-0.049153219908475876,0.5397911667823792,0.529911994934082,-0.04295549914240837,0.5215490460395813,0.5313871502876282,-0.030995210632681847,0.4717377722263336,0.46683552861213684,-0.03460172936320305,0.518277108669281,0.4851020574569702,-0.04953499510884285,0.5181684494018555,0.5245185494422913,-0.03978140279650688,0.5025843977928162,0.529866635799408,-0.027146518230438232,s
0.4978916049003601,0.6314114928245544,-1.0331839916943863e-07,0.5466663241386414,0.6013152003288269,-0.007279483135789633,0.5868090987205505,0.5471434593200684,-0.019621944054961205,0.6237754225730896,0.5118610262870789,-0.037085048854351044,0.6576424241065979,0.4820046126842499,-0.05250789225101471,0.5508134365081787,0.44933080673217773,0.0022309066262096167,0.5904108881950378,0.41330477595329285,-0.027685457840561867,0.6158051490783691,0.43458127975463867,-0.044525209814310074,0.6298080086708069,0.4636074900627136,-0.0504593625664711,0.5211567878723145,0.4403158128261566,-0.006753390654921532,0.5741172432899475,0.45569491386413574,-0.03515902906656265,0.5652830004692078,0.5187609195709229,-0.04029049351811409,0.545866072177887,0.5284000039100647,-0.03656916320323944,0.49524378776550293,0.4489332437515259,-0.019993029534816742,0.548340916633606,0.47576624155044556,-0.04892847687005997,0.5396853089332581,0.5296797752380371,-0.042487554252147675,0.5212171673774719,0.5319287180900574,-0.030389834195375443,0.47123900055885315,0.46724700927734375,-0.03427755460143089,0.5168190598487854,0.4849643111228943,-0.04939234256744385,0.5174631476402283,0.5238374471664429,-0.039655108004808426,0.5020663738250732,0.5292006731033325,-0.02697019837796688,s
0.49810975790023804,0.6318715810775757,-1.0037111053406989e-07,0.5467675924301147,0.6013013124465942,-0.006933813448995352,0.5868105888366699,0.5470816493034363,-0.019153036177158356,0.6238980889320374,0.5118083357810974,-0.03655581176280975,0.657861590385437,0.48207253217697144,-0.05193513259291649,0.5501517653465271,0.4491475224494934,0.0027235490269958973,0.5901424884796143,0.41354766488075256,-0.026929207146167755,0.6155923008918762,0.4348333477973938,-0.04368511959910393,0.6298425197601318,0.4629603922367096,-0.049739766865968704,0.5205550193786621,0.44031935930252075,-0.006423110142350197,0.5737904906272888,0.45557329058647156,-0.034688111394643784,0.5650495290756226,0.5187963843345642,-0.03988517075777054,0.5458741188049316,0.5281288027763367,-0.036334697157144547,0.49488773941993713,0.44904398918151855,-0.019782081246376038,0.5484132170677185,0.475472092628479,-0.048547618091106415,0.5398578643798828,0.529460608959198,-0.04211733490228653,0.5213742256164551,0.531542956829071,-0.030146414414048195,0.4711499810218811,0.4675987958908081,-0.034165896475315094,0.5170159935951233,0.48526278138160706,-0.04916606470942497,0.5176198482513428,0.5239062309265137,-0.039517611265182495,0.5020590424537659,0.5289439558982849,-0.02698817104101181,s
0.49700042605400085,0.6318389177322388,-1.0494186142295803e-07,0.5457699298858643,0.6021925806999207,-0.007145559880882502,0.5861808657646179,0.5477052927017212,-0.01959698460996151,0.6239444613456726,0.5121788382530212,-0.03735027089715004,0.6575943231582642,0.48186689615249634,-0.05298088490962982,0.5494474768638611,0.45046913623809814,0.0022777703125029802,0.5895089507102966,0.4128526449203491,-0.028121858835220337,0.6155450940132141,0.43454480171203613,-0.045117419213056564,0.6302967667579651,0.46290072798728943,-0.05112278461456299,0.5197871327400208,0.44173532724380493,-0.006974026560783386,0.5728607773780823,0.4582243263721466,-0.0355038158595562,0.5637022852897644,0.5209444165229797,-0.04056636989116669,0.544230043888092,0.5282392501831055,-0.03700374811887741,0.4941294193267822,0.4506955146789551,-0.020575642585754395,0.5478633046150208,0.47722041606903076,-0.049621716141700745,0.539219081401825,0.5307384133338928,-0.04293401166796684,0.5209202766418457,0.5313113331794739,-0.030857445672154427,0.4706764221191406,0.4691641926765442,-0.03524398431181908,0.5169780850410461,0.4863685369491577,-0.05045304074883461,0.5173918604850769,0.5250293016433716,-0.04058019071817398,0.5017396211624146,0.5297589898109436,-0.027843644842505455,s
0.4971831738948822,0.6327635645866394,-1.0923036342092018e-07,0.5461227893829346,0.6018779277801514,-0.007237269543111324,0.5865958333015442,0.5475999116897583,-0.019487863406538963,0.6238706707954407,0.5118973851203918,-0.036950357258319855,0.6577779054641724,0.48153260350227356,-0.05222770571708679,0.5505642294883728,0.44987937808036804,0.002603884320706129,0.59032142162323,0.4127509593963623,-0.02765154279768467,0.6157869696617126,0.43476200103759766,-0.04445835202932358,0.6300601959228516,0.46268633008003235,-0.05033852532505989,0.5205580592155457,0.4409751296043396,-0.0065258825197815895,0.5731149315834045,0.4571772813796997,-0.03512933477759361,0.563959002494812,0.520315945148468,-0.040446504950523376,0.5446793437004089,0.5277675986289978,-0.03696049749851227,0.4945690631866455,0.4498189687728882,-0.019981762394309044,0.5475590229034424,0.476784884929657,-0.04926331341266632,0.5385486483573914,0.5309139490127563,-0.04284060746431351,0.5202093124389648,0.531629204750061,-0.030758289620280266,0.4706915020942688,0.46827399730682373,-0.03447775915265083,0.5165702104568481,0.48551538586616516,-0.04976532235741615,0.5167855024337769,0.5244021415710449,-0.039962396025657654,0.5009448528289795,0.5292516946792603,-0.02717120572924614,s
0.49643605947494507,0.6319847702980042,-1.1235366059736407e-07,0.5458706021308899,0.6022921800613403,-0.007486299611628056,0.5865364074707031,0.5485221743583679,-0.019713813439011574,0.624151349067688,0.5130298137664795,-0.037215594202280045,0.656859815120697,0.4817589521408081,-0.05256439000368118,0.5504826307296753,0.4504024088382721,0.0030271948780864477,0.5906404852867126,0.41295039653778076,-0.027508815750479698,0.6159114241600037,0.4346475899219513,-0.04492728039622307,0.6302947998046875,0.4628254175186157,-0.05125107988715172,0.5210072994232178,0.4410393238067627,-0.0059867664240300655,0.5729279518127441,0.458088755607605,-0.034788332879543304,0.5631259083747864,0.5201513767242432,-0.04058079421520233,0.5440227389335632,0.5277569890022278,-0.037488728761672974,0.49515461921691895,0.4492562413215637,-0.01943553239107132,0.5475781559944153,0.4767727553844452,-0.048755645751953125,0.5381956100463867,0.5299081802368164,-0.0426999107003212,0.5202284455299377,0.530410647392273,-0.030966049060225487,0.4713274836540222,0.4669807553291321,-0.03399074077606201,0.5165531635284424,0.48568961024284363,-0.04931681603193283,0.5160613656044006,0.5244535207748413,-0.0398443266749382,0.5004429221153259,0.5288734436035156,-0.02737746573984623,s
0.49777424335479736,0.6313009858131409,-8.92618459147343e-08,0.5474712252616882,0.5996466279029846,-0.007397400680929422,0.5879942774772644,0.5454613566398621,-0.019985882565379143,0.6254847645759583,0.5092084407806396,-0.037863168865442276,0.6592603921890259,0.4795796573162079,-0.053551867604255676,0.5495941638946533,0.44845420122146606,0.002546861534938216,0.5896952152252197,0.4113636016845703,-0.027496878057718277,0.6162747144699097,0.4331628978252411,-0.04396626725792885,0.6311582922935486,0.46150556206703186,-0.04952967166900635,0.5197659134864807,0.440341055393219,-0.006589340977370739,0.5736383199691772,0.45670944452285767,-0.034732744097709656,0.5644447207450867,0.5195605158805847,-0.039133165031671524,0.5448789000511169,0.5256974101066589,-0.035038698464632034,0.4941803514957428,0.44969987869262695,-0.02010628953576088,0.5483695864677429,0.47586485743522644,-0.048742879182100296,0.5391550064086914,0.5289801955223083,-0.041429948061704636,0.5201618075370789,0.5288659930229187,-0.028889572247862816,0.4707103371620178,0.4685869514942169,-0.034760139882564545,0.5165495276451111,0.48522433638572693,-0.049717992544174194,0.5166451334953308,0.5232120156288147,-0.03953029587864876,0.5004391670227051,0.5277261734008789,-0.026511386036872864,s
0.49669572710990906,0.6308804154396057,-9.626319297240116e-08,0.5463923811912537,0.5999607443809509,-0.0076286680996418,0.5872800350189209,0.5455742478370667,-0.020232632756233215,0.6247526407241821,0.5093386769294739,-0.03805110976099968,0.6577017903327942,0.47849369049072266,-0.053689196705818176,0.5494678616523743,0.44806456565856934,0.002483959775418043,0.5895671248435974,0.4107136130332947,-0.027678392827510834,0.6154383420944214,0.43196967244148254,-0.044224150478839874,0.6298720240592957,0.45993077754974365,-0.049806833267211914,0.5195700526237488,0.43989935517311096,-0.006519322283565998,0.5731269121170044,0.454908549785614,-0.03483322262763977,0.5644416809082031,0.5179427862167358,-0.03941412270069122,0.5453842878341675,0.5251572132110596,-0.03528981655836105,0.4939860701560974,0.44904977083206177,-0.01996130868792534,0.5475172996520996,0.47487112879753113,-0.04880029335618019,0.5388524532318115,0.528190553188324,-0.041893281042575836,0.5207853317260742,0.5285707712173462,-0.029495513066649437,0.47080302238464355,0.4675896167755127,-0.03454568609595299,0.5162094235420227,0.4837203621864319,-0.04952150955796242,0.516669750213623,0.5219336748123169,-0.03958675265312195,0.5012876987457275,0.5267829298973083,-0.026721078902482986,s
0.4977209270000458,0.629197359085083,-9.333498951491492e-08,0.5474062561988831,0.5977149605751038,-0.007548755034804344,0.5882454514503479,0.5436691045761108,-0.020147522911429405,0.6255643367767334,0.5075858235359192,-0.037983864545822144,0.6586768627166748,0.4777815043926239,-0.05367390066385269,0.5496763586997986,0.4463041424751282,0.00250534457154572,0.5893765091896057,0.4096928834915161,-0.027682291343808174,0.6156129240989685,0.4318390488624573,-0.04438849166035652,0.6304521560668945,0.46020394563674927,-0.05008577182888985,0.5195999145507812,0.4385680556297302,-0.006563220173120499,0.5729805827140808,0.45403462648391724,-0.034955818206071854,0.563997745513916,0.5168852806091309,-0.039749808609485626,0.5448477864265442,0.5235856771469116,-0.03578178212046623,0.49387234449386597,0.4481782913208008,-0.020020686089992523,0.5473897457122803,0.4741910398006439,-0.048784490674734116,0.5382986664772034,0.5270668268203735,-0.04190167784690857,0.5201325416564941,0.5268417000770569,-0.02953820489346981,0.47063106298446655,0.467044472694397,-0.03460237383842468,0.5158650279045105,0.4830937385559082,-0.04936729744076729,0.5160366892814636,0.520966649055481,-0.03921954333782196,0.5005185008049011,0.5255263447761536,-0.026212776079773903,s
0.49614039063453674,0.6292135715484619,-9.806876732909586e-08,0.5455692410469055,0.5985470414161682,-0.007496032398194075,0.5866333246231079,0.5437990427017212,-0.01972968317568302,0.624237596988678,0.507654070854187,-0.0372796505689621,0.6574521064758301,0.47720712423324585,-0.0528549924492836,0.5487728118896484,0.44730061292648315,0.003367297351360321,0.588605523109436,0.4105663597583771,-0.02692398987710476,0.6148848533630371,0.43125197291374207,-0.04422587528824806,0.6307450532913208,0.4577920436859131,-0.05056179687380791,0.519168496131897,0.4392291009426117,-0.0058686817064881325,0.5724579691886902,0.45459604263305664,-0.03474349528551102,0.562749981880188,0.5171646475791931,-0.040126122534275055,0.5434263348579407,0.524570107460022,-0.03655196726322174,0.4934383034706116,0.44821032881736755,-0.019556080922484398,0.5466908812522888,0.47373977303504944,-0.04896140471100807,0.5371787548065186,0.5274085998535156,-0.042345400899648666,0.5189902186393738,0.5280538201332092,-0.03001348488032818,0.46993207931518555,0.46636611223220825,-0.034377094358205795,0.5150268077850342,0.4819417893886566,-0.04961897432804108,0.5147011876106262,0.520744800567627,-0.03958559408783913,0.49909961223602295,0.5257907509803772,-0.02662450261414051,s
0.49686068296432495,0.6295152902603149,-9.129202993563013e-08,0.5462173223495483,0.59880530834198,-0.007384260650724173,0.5870081782341003,0.5437303185462952,-0.019805438816547394,0.6245306730270386,0.5071409940719604,-0.0374838188290596,0.6577016115188599,0.4761925935745239,-0.05309639871120453,0.548428475856781,0.4467710852622986,0.0027308911085128784,0.5883194208145142,0.4096314609050751,-0.027073325589299202,0.614771842956543,0.4311162829399109,-0.043629858642816544,0.6297370791435242,0.4582287669181824,-0.04945356771349907,0.5187099575996399,0.43879976868629456,-0.006472642067819834,0.5718337297439575,0.45369404554367065,-0.034395959228277206,0.5627808570861816,0.5167487263679504,-0.03905533254146576,0.5433291792869568,0.5229083299636841,-0.03523645177483559,0.49316635727882385,0.44829079508781433,-0.02003030851483345,0.5465938448905945,0.4732358455657959,-0.04858161881566048,0.5377384424209595,0.526680052280426,-0.0414058119058609,0.5191898345947266,0.5263201594352722,-0.029043523594737053,0.46984463930130005,0.4670899212360382,-0.034698691219091415,0.5152919888496399,0.48219752311706543,-0.049522314220666885,0.5156329274177551,0.5208100080490112,-0.03912612050771713,0.49979496002197266,0.5257136225700378,-0.026040948927402496,s
0.49669188261032104,0.6297672390937805,-9.822666413583647e-08,0.5460278987884521,0.5989774465560913,-0.0072670672088861465,0.5867900848388672,0.543872058391571,-0.01956939697265625,0.6241422295570374,0.5071112513542175,-0.03714994713664055,0.6572761535644531,0.4760653078556061,-0.05271449685096741,0.5487238168716431,0.44719600677490234,0.0028080677147954702,0.58835369348526,0.40997210144996643,-0.026793653145432472,0.6145862936973572,0.4306679368019104,-0.043112579733133316,0.6297234892845154,0.4575400948524475,-0.04880046844482422,0.5189421772956848,0.43920281529426575,-0.006416386924684048,0.5720477104187012,0.45358654856681824,-0.03423905372619629,0.5628726482391357,0.5168666243553162,-0.03868115693330765,0.5434659719467163,0.5236927270889282,-0.03466790169477463,0.493327260017395,0.44857552647590637,-0.019985483959317207,0.5465819835662842,0.47323036193847656,-0.04855339601635933,0.5375882387161255,0.526805579662323,-0.04136572405695915,0.5191700458526611,0.5269423127174377,-0.02895936742424965,0.46985170245170593,0.4671449065208435,-0.034645430743694305,0.5151823163032532,0.48177823424339294,-0.049440648406744,0.5153984427452087,0.5205119848251343,-0.03903309255838394,0.49963563680648804,0.5257603526115417,-0.025951920077204704,s
0.49652162194252014,0.6281360387802124,-9.666618439041486e-08,0.5456877946853638,0.5976768136024475,-0.0073818364180624485,0.5863999128341675,0.5435431599617004,-0.01973997987806797,0.6239352226257324,0.5072168111801147,-0.0373242013156414,0.6570462584495544,0.47658419609069824,-0.05277203023433685,0.5492486953735352,0.4472888112068176,0.0026651027146726847,0.5878299474716187,0.408519446849823,-0.027136756107211113,0.614208459854126,0.4296075999736786,-0.04358840361237526,0.6293010711669922,0.4569913148880005,-0.049276337027549744,0.5195320248603821,0.43896594643592834,-0.006325038615614176,0.5715879797935486,0.45361870527267456,-0.034079961478710175,0.562800943851471,0.5162777900695801,-0.038635555654764175,0.5434916615486145,0.5226593017578125,-0.03483007103204727,0.49369966983795166,0.44789400696754456,-0.019692113623023033,0.5461642146110535,0.47298309206962585,-0.048072993755340576,0.537319004535675,0.525784969329834,-0.04104479402303696,0.5187735557556152,0.5255903601646423,-0.028874624520540237,0.46988368034362793,0.46602368354797363,-0.03419077396392822,0.5146505832672119,0.4821004569530487,-0.04896648973226547,0.5147916078567505,0.520127534866333,-0.03895309567451477,0.4987243711948395,0.5246275067329407,-0.02620835229754448,s
0.49556878209114075,0.6294410824775696,-9.097283282244462e-08,0.5443865656852722,0.598968505859375,-0.007924106903374195,0.5855361223220825,0.5433844327926636,-0.0204705148935318,0.6238147616386414,0.5064799189567566,-0.038116205483675,0.6566717028617859,0.47536009550094604,-0.05352121964097023,0.5480124354362488,0.4454904794692993,0.002067921683192253,0.588362991809845,0.4090951979160309,-0.027855142951011658,0.6149287223815918,0.43051838874816895,-0.04414250701665878,0.6304587125778198,0.457643985748291,-0.04969444125890732,0.518176794052124,0.4370417296886444,-0.006820977199822664,0.5718026161193848,0.45343080163002014,-0.034783948212862015,0.5621910095214844,0.5158789753913879,-0.039084646850824356,0.5432808995246887,0.5208657383918762,-0.03494426608085632,0.49254295229911804,0.44613245129585266,-0.020132362842559814,0.5460065007209778,0.47325852513313293,-0.04847175255417824,0.5364882946014404,0.5257478356361389,-0.04118015617132187,0.5186798572540283,0.5240983963012695,-0.028801698237657547,0.469343364238739,0.4646391272544861,-0.03467210754752159,0.5145452618598938,0.4817024767398834,-0.04928208887577057,0.5142890810966492,0.5197153091430664,-0.03907134756445885,0.4987454116344452,0.5238251090049744,-0.026132969185709953,s
0.49650612473487854,0.6272799372673035,-9.92710482705661e-08,0.5456245541572571,0.5964786410331726,-0.0070589263923466206,0.5867079496383667,0.5423204302787781,-0.019247476011514664,0.6246338486671448,0.5058698058128357,-0.03672001510858536,0.6572019457817078,0.4746599793434143,-0.052036166191101074,0.5491442084312439,0.44521111249923706,0.0027760369703173637,0.5885170698165894,0.40745943784713745,-0.026990367099642754,0.614626944065094,0.42926791310310364,-0.043122515082359314,0.630085289478302,0.4561903774738312,-0.04852794110774994,0.5193036198616028,0.4370116591453552,-0.006342506967484951,0.5721006393432617,0.45157116651535034,-0.03419920802116394,0.5628030300140381,0.5150504112243652,-0.03851095587015152,0.5440864562988281,0.5213009119033813,-0.03436816483736038,0.4935818910598755,0.44608601927757263,-0.019811252132058144,0.5468741059303284,0.47196611762046814,-0.04843074455857277,0.5372294783592224,0.5251944065093994,-0.041547831147909164,0.5188729763031006,0.524653971195221,-0.029275717213749886,0.47004979848861694,0.46420347690582275,-0.03432435169816017,0.515281081199646,0.48001381754875183,-0.04894639924168587,0.5150858163833618,0.5178857445716858,-0.03893453627824783,0.49935829639434814,0.5223232507705688,-0.02613482065498829,s
0.4960395395755768,0.6266167163848877,-8.709488241720464e-08,0.5451586842536926,0.5960023403167725,-0.007472846191376448,0.5857675671577454,0.5415154695510864,-0.019996391609311104,0.6237801313400269,0.5059266686439514,-0.03780747950077057,0.6566017270088196,0.4747886657714844,-0.05358622968196869,0.5481107234954834,0.4446036219596863,0.0025782946031540632,0.588555097579956,0.40705224871635437,-0.027940336614847183,0.6151793599128723,0.4283069372177124,-0.04511364549398422,0.6305666565895081,0.45527517795562744,-0.05125429481267929,0.5188009738922119,0.4365572929382324,-0.0067315190099179745,0.5724833607673645,0.45052045583724976,-0.035387832671403885,0.5634651780128479,0.5136563777923584,-0.04035710170865059,0.5442173480987549,0.520832896232605,-0.036604974418878555,0.49314218759536743,0.445308119058609,-0.020495321601629257,0.546612024307251,0.4700152575969696,-0.04952147603034973,0.5376335382461548,0.5236815214157104,-0.042504772543907166,0.5191487669944763,0.5239939093589783,-0.030097395181655884,0.46954140067100525,0.46324780583381653,-0.03540610149502754,0.5146487355232239,0.4786165654659271,-0.05027139559388161,0.51524817943573,0.5175512433052063,-0.03990732878446579,0.49988073110580444,0.5227919816970825,-0.026825562119483948,s
0.495952844619751,0.6261621713638306,-1.0404200878610936e-07,0.5452291965484619,0.5965443253517151,-0.006428844295442104,0.586587131023407,0.5400469899177551,-0.017794696614146233,0.6243031620979309,0.503936231136322,-0.03441731259226799,0.6571503281593323,0.4729553461074829,-0.049061838537454605,0.5485963821411133,0.4434385597705841,0.0030309029389172792,0.5882250070571899,0.4052886962890625,-0.026047730818390846,0.6144450902938843,0.4269416928291321,-0.042330216616392136,0.6295225024223328,0.454366534948349,-0.04806744307279587,0.5191051959991455,0.4347330927848816,-0.006241325289011002,0.5716519355773926,0.4505005180835724,-0.033252108842134476,0.5632122159004211,0.5130196809768677,-0.03785185143351555,0.5443583130836487,0.5202116966247559,-0.03432078659534454,0.4933074116706848,0.4438284635543823,-0.019731774926185608,0.5459408760070801,0.4700705409049988,-0.04722149670124054,0.5373820662498474,0.5231987833976746,-0.040354449301958084,0.5191903710365295,0.5238014459609985,-0.028584692627191544,0.4697021245956421,0.462158739566803,-0.03427598625421524,0.5143982768058777,0.47902098298072815,-0.048301201313734055,0.5149956941604614,0.5176827311515808,-0.03822075203061104,0.4997381567955017,0.5228878855705261,-0.025648370385169983,s
0.4964212477207184,0.6262060403823853,-9.157991343045069e-08,0.5458841323852539,0.594611406326294,-0.006283776368945837,0.5866760611534119,0.5397680997848511,-0.01827014423906803,0.624260663986206,0.5041509866714478,-0.03550652787089348,0.6571775078773499,0.47297388315200806,-0.05089195817708969,0.5486613512039185,0.441576212644577,0.0026071711909025908,0.5886602401733398,0.4052623510360718,-0.0266624353826046,0.6152912378311157,0.4264993369579315,-0.04356391355395317,0.6307015419006348,0.45357298851013184,-0.049913451075553894,0.5189474821090698,0.4334600567817688,-0.0069755068980157375,0.5727446675300598,0.448922336101532,-0.03415685147047043,0.5648561120033264,0.5113539099693298,-0.03905506432056427,0.5460976362228394,0.5193009376525879,-0.035856038331985474,0.4930398762226105,0.4431745111942291,-0.020701725035905838,0.5470962524414062,0.46920740604400635,-0.048211995512247086,0.5388884544372559,0.5219429731369019,-0.04139868915081024,0.520654559135437,0.522818386554718,-0.029788101091980934,0.46938377618789673,0.4623015224933624,-0.03548647463321686,0.515139639377594,0.47871148586273193,-0.04964684322476387,0.5160750150680542,0.5169422626495361,-0.03954371064901352,0.5006380081176758,0.5221995115280151,-0.02701818011701107,s
0.4967672824859619,0.6265052556991577,-9.9701622957582e-08,0.5458359122276306,0.5956609845161438,-0.006763347424566746,0.5873488783836365,0.54002845287323,-0.018572643399238586,0.6250203847885132,0.503669023513794,-0.035567499697208405,0.6570064425468445,0.4724617898464203,-0.050567492842674255,0.5483064651489258,0.442315936088562,0.0025045957881957293,0.5885246992111206,0.4060079753398895,-0.026490578427910805,0.6149817109107971,0.4271753430366516,-0.04254497215151787,0.6304401159286499,0.453284353017807,-0.048209935426712036,0.5187309384346008,0.43400856852531433,-0.006650854833424091,0.5719088912010193,0.4496062695980072,-0.033557575196027756,0.5631594657897949,0.5122995972633362,-0.037766098976135254,0.5443049073219299,0.518744170665741,-0.03398152068257332,0.49312475323677063,0.4433756470680237,-0.020014027133584023,0.5467294454574585,0.4690265655517578,-0.04753970727324486,0.5380391478538513,0.5217754244804382,-0.040521059185266495,0.5200001001358032,0.5216428637504578,-0.0286764707416296,0.4696945250034332,0.462188720703125,-0.03444826602935791,0.515143871307373,0.47836604714393616,-0.04851216450333595,0.5156915187835693,0.5162228941917419,-0.038475021719932556,0.5004258155822754,0.5209901332855225,-0.025953926146030426,s
0.4965250790119171,0.6244139671325684,-1.0776364689490947e-07,0.5465602874755859,0.5943098664283752,-0.006000639405101538,0.5881803035736084,0.5387795567512512,-0.01735302060842514,0.6258388757705688,0.5029386281967163,-0.03414587676525116,0.6577029824256897,0.4714389145374298,-0.04896669089794159,0.5487160086631775,0.442129909992218,0.0034376804251223803,0.5887369513511658,0.4045620858669281,-0.025815466418862343,0.6149324178695679,0.4267524480819702,-0.042103659361600876,0.630466878414154,0.4532598555088043,-0.04781775176525116,0.5191265940666199,0.43427279591560364,-0.006112898699939251,0.5724912285804749,0.4501337707042694,-0.03333399072289467,0.563064694404602,0.5124596953392029,-0.037966515868902206,0.5439643263816833,0.5182563066482544,-0.034461893141269684,0.49358057975769043,0.44387054443359375,-0.019839543849229813,0.5474509000778198,0.4682959318161011,-0.04757116362452507,0.5379863977432251,0.5210570096969604,-0.04066016152501106,0.5195289254188538,0.5205637812614441,-0.02884005941450596,0.470201700925827,0.46246424317359924,-0.03454597294330597,0.5160298943519592,0.4772474765777588,-0.04870780557394028,0.515519380569458,0.5151845216751099,-0.03850060701370239,0.49951237440109253,0.5197196006774902,-0.025788037106394768,s
0.49681970477104187,0.6246548891067505,-1.0099821423636968e-07,0.5464802384376526,0.5944163203239441,-0.006442840676754713,0.588276207447052,0.53863924741745,-0.017710361629724503,0.6259254813194275,0.5033177733421326,-0.034248337149620056,0.6577022671699524,0.4715960621833801,-0.04907020926475525,0.5493397116661072,0.44233378767967224,0.003377707675099373,0.589083194732666,0.4052674174308777,-0.02595439739525318,0.6157317161560059,0.4266897141933441,-0.04333703592419624,0.6317294239997864,0.4530383348464966,-0.0500183068215847,0.520001232624054,0.43414726853370667,-0.005984289571642876,0.5725064873695374,0.44946396350860596,-0.033309776335954666,0.5638387203216553,0.5113348364830017,-0.03893084451556206,0.5451069474220276,0.5195073485374451,-0.03619202971458435,0.4940580725669861,0.44349032640457153,-0.01953458972275257,0.5465798377990723,0.4680161774158478,-0.04724155366420746,0.5380444526672363,0.5210099816322327,-0.04083753377199173,0.5202434659004211,0.5223471522331238,-0.02935153990983963,0.4703645408153534,0.4619007706642151,-0.03411589190363884,0.5148602724075317,0.4768262803554535,-0.04819779098033905,0.5153546929359436,0.5154079794883728,-0.03797826170921326,0.5002018213272095,0.5210691690444946,-0.02531440556049347,s
0.49584585428237915,0.6235254406929016,-9.820718815944929e-08,0.5458585023880005,0.5946221351623535,-0.0070770918391644955,0.5876532793045044,0.5385363101959229,-0.0187386367470026,0.6257171630859375,0.5025525689125061,-0.035641223192214966,0.658091127872467,0.47122037410736084,-0.05063752457499504,0.5501236915588379,0.44214823842048645,0.003040572162717581,0.5893358588218689,0.4035985767841339,-0.026711994782090187,0.6156933307647705,0.42490342259407043,-0.0436430424451828,0.631297767162323,0.4518139064311981,-0.049786537885665894,0.5206356644630432,0.4340002238750458,-0.006189493928104639,0.5729901790618896,0.4477151036262512,-0.034237492829561234,0.5637718439102173,0.5112105011940002,-0.03913520649075508,0.5448622107505798,0.5186647772789001,-0.03548060730099678,0.49459579586982727,0.4433155059814453,-0.019782021641731262,0.5472990274429321,0.4666925072669983,-0.048210062086582184,0.5384309887886047,0.5206295251846313,-0.04114412143826485,0.5203813910484314,0.521237313747406,-0.028948893770575523,0.4708347022533417,0.4617047607898712,-0.03449083864688873,0.5155853629112244,0.4766795039176941,-0.04920116439461708,0.515807032585144,0.5156850218772888,-0.038960184901952744,0.5004090666770935,0.5206937193870544,-0.026117071509361267,s
0.4961481988430023,0.6231154799461365,-9.951745738590034e-08,0.5444387197494507,0.5933576226234436,-0.00664933817461133,0.5862783789634705,0.5371296405792236,-0.018108217045664787,0.624321460723877,0.5002651810646057,-0.03471795842051506,0.6572176218032837,0.4691944420337677,-0.04941650107502937,0.5489729642868042,0.44043129682540894,0.002418491058051586,0.5888449549674988,0.402831107378006,-0.02689514309167862,0.6157839298248291,0.4239422678947449,-0.04341511055827141,0.6323559880256653,0.45034053921699524,-0.0492716059088707,0.5196015238761902,0.43185949325561523,-0.006705156061798334,0.5730463266372681,0.44840848445892334,-0.03404010459780693,0.5630030035972595,0.5099756717681885,-0.038649123162031174,0.5439751148223877,0.5157921314239502,-0.03501605987548828,0.4938725233078003,0.44093719124794006,-0.020006416365504265,0.5477105379104614,0.4670857787132263,-0.04766947031021118,0.5378062129020691,0.5192931890487671,-0.040786903351545334,0.5196630358695984,0.5185803771018982,-0.02890574373304844,0.4703698754310608,0.45916953682899475,-0.034368328750133514,0.5157822966575623,0.4754582643508911,-0.04845162108540535,0.5154247879981995,0.5132881999015808,-0.03834887593984604,0.49981439113616943,0.5176522731781006,-0.025673119351267815,s
0.4965784549713135,0.6202389001846313,-9.991767768724458e-08,0.5449868440628052,0.5903655886650085,-0.006586045492440462,0.5869676470756531,0.5348162055015564,-0.017491739243268967,0.6239711046218872,0.4985288083553314,-0.033500030636787415,0.6555800437927246,0.46808964014053345,-0.047666799277067184,0.5492956042289734,0.4391512870788574,0.0029815249145030975,0.5881749391555786,0.4011690020561218,-0.02532879076898098,0.6144325733184814,0.4226182699203491,-0.04151042550802231,0.6303955316543579,0.4492574632167816,-0.04730124771595001,0.5200918912887573,0.43073534965515137,-0.005732032936066389,0.5714564323425293,0.44612035155296326,-0.03206475079059601,0.5627609491348267,0.5069243907928467,-0.0369412824511528,0.544441282749176,0.5146394968032837,-0.033709947019815445,0.49424803256988525,0.4394844174385071,-0.018529720604419708,0.5454067587852478,0.4646720886230469,-0.04517647251486778,0.5368090271949768,0.5166717171669006,-0.03877442330121994,0.5192948579788208,0.5182024836540222,-0.027393963187932968,0.47054994106292725,0.45711392164230347,-0.032393500208854675,0.5135270953178406,0.4732467830181122,-0.045788440853357315,0.514732837677002,0.5106617212295532,-0.03603185713291168,0.5007341504096985,0.5160955190658569,-0.02373417280614376,s
0.4961848258972168,0.6198114156723022,-9.682910473429729e-08,0.5443850159645081,0.5890663266181946,-0.006388935260474682,0.5864807367324829,0.5329587459564209,-0.016939682886004448,0.6233762502670288,0.49691393971443176,-0.03250133991241455,0.6544861197471619,0.4668554961681366,-0.0461871363222599,0.5493133664131165,0.436873197555542,0.003177363658323884,0.5869006514549255,0.4003397226333618,-0.024642083793878555,0.6127074956893921,0.42141351103782654,-0.040759749710559845,0.6284724473953247,0.4478275179862976,-0.046693816781044006,0.5200014114379883,0.4286779761314392,-0.005583861377090216,0.5712107419967651,0.44477006793022156,-0.03139796853065491,0.5630102753639221,0.5038374662399292,-0.03644576668739319,0.5449538230895996,0.5111029148101807,-0.03363703191280365,0.49376216530799866,0.43777531385421753,-0.018421409651637077,0.5449784994125366,0.4639979898929596,-0.04445314779877663,0.5366500616073608,0.5140847563743591,-0.038615938276052475,0.519297182559967,0.51498943567276,-0.0279605221003294,0.4693202078342438,0.4559416174888611,-0.03234396502375603,0.5124516487121582,0.4724434018135071,-0.04538293182849884,0.5137984156608582,0.5086937546730042,-0.03611714765429497,0.4999573826789856,0.5139296054840088,-0.024416517466306686,s
0.4948798716068268,0.6181583404541016,-9.160450531453534e-08,0.5437014698982239,0.5873449444770813,-0.006827229633927345,0.5850337147712708,0.5324372053146362,-0.017863022163510323,0.6219865083694458,0.4967174530029297,-0.03395574912428856,0.653008759021759,0.46551793813705444,-0.04832834005355835,0.5479108095169067,0.4367624819278717,0.002695361152291298,0.586479127407074,0.3996140956878662,-0.02567080408334732,0.612488329410553,0.4205494225025177,-0.04261648282408714,0.6281853914260864,0.4470192790031433,-0.04911242052912712,0.5185766816139221,0.42895206809043884,-0.006090287119150162,0.5698175430297852,0.4438490569591522,-0.032451875507831573,0.5617666840553284,0.5029524564743042,-0.038135308772325516,0.5437509417533875,0.5110631585121155,-0.03572080284357071,0.49235987663269043,0.4381868541240692,-0.01897158846259117,0.5443359017372131,0.461575448513031,-0.04567379504442215,0.5364792346954346,0.5127255320549011,-0.03974446654319763,0.5193718075752258,0.5152943730354309,-0.028781233355402946,0.46826276183128357,0.45651528239250183,-0.03294882923364639,0.5122591853141785,0.47002846002578735,-0.046653106808662415,0.5143430829048157,0.5071953535079956,-0.03700808808207512,0.5010335445404053,0.5139131546020508,-0.024801481515169144,s
0.4938180148601532,0.6194013953208923,-8.811597496105605e-08,0.5422459244728088,0.5889447331428528,-0.006310347001999617,0.5839239358901978,0.5325660705566406,-0.01749572902917862,0.6215043663978577,0.49598005414009094,-0.03386910632252693,0.6529724597930908,0.46470966935157776,-0.04840586706995964,0.5458205938339233,0.43649303913116455,0.0030389889143407345,0.5852586030960083,0.39964520931243896,-0.025126641616225243,0.6120609045028687,0.41985276341438293,-0.04099401459097862,0.6278972029685974,0.4456089735031128,-0.04660288244485855,0.5166894197463989,0.42839062213897705,-0.006011399440467358,0.5697335600852966,0.443328857421875,-0.031940020620822906,0.5614457130432129,0.5037500262260437,-0.03632308170199394,0.5429424047470093,0.5095989108085632,-0.032810505479574203,0.49137434363365173,0.4372357428073883,-0.01912974938750267,0.5444025993347168,0.4622463285923004,-0.04557960852980614,0.5362966656684875,0.5140464305877686,-0.0387154296040535,0.518713653087616,0.5143944025039673,-0.027105068787932396,0.4683264493942261,0.45516714453697205,-0.033304546028375626,0.5127635598182678,0.47105616331100464,-0.04669000208377838,0.5142359733581543,0.5085783004760742,-0.03657807782292366,0.5000303983688354,0.5139806270599365,-0.02401045523583889,s
0.4933719336986542,0.6185387372970581,-9.222813446285727e-08,0.5418629050254822,0.5882512927055359,-0.007213809061795473,0.5830827355384827,0.5325003266334534,-0.01890028826892376,0.6210703253746033,0.4956989288330078,-0.035641320049762726,0.6532003283500671,0.46415433287620544,-0.05046815797686577,0.5463515520095825,0.4367242455482483,0.0025319636333733797,0.5855169892311096,0.3998749554157257,-0.02591884322464466,0.6120670437812805,0.4200679063796997,-0.041537318378686905,0.6279619932174683,0.44523894786834717,-0.0469004288315773,0.5167523622512817,0.4284467399120331,-0.0061236536130309105,0.5693894028663635,0.443021297454834,-0.032611533999443054,0.5603851079940796,0.5044301152229309,-0.03692064806818962,0.5414542555809021,0.5100172758102417,-0.03317241743206978,0.491227388381958,0.43704548478126526,-0.018947146832942963,0.544028103351593,0.4616357088088989,-0.04619437828660011,0.5351918339729309,0.514518678188324,-0.039323288947343826,0.516872227191925,0.5146307349205017,-0.027483642101287842,0.4679598808288574,0.4544607400894165,-0.032849233597517014,0.5121651291847229,0.4702155590057373,-0.046761225908994675,0.5128512978553772,0.5085196495056152,-0.03670554980635643,0.497658908367157,0.513651430606842,-0.02406294271349907,s
0.4939565062522888,0.6187641024589539,-8.543334217847587e-08,0.542181134223938,0.5884678363800049,-0.007207012269645929,0.5837720632553101,0.5332966446876526,-0.01917249523103237,0.621514618396759,0.49681052565574646,-0.03624958544969559,0.6531327962875366,0.46474015712738037,-0.051533471792936325,0.5446158647537231,0.43705588579177856,0.001811206922866404,0.5848912000656128,0.4003235101699829,-0.02700243704020977,0.6114584803581238,0.4206880033016205,-0.04332957789301872,0.6272851228713989,0.44609442353248596,-0.04922357201576233,0.5155255794525146,0.4292016923427582,-0.007108131889253855,0.5685997009277344,0.44353771209716797,-0.03375314921140671,0.5601101517677307,0.5049254298210144,-0.038348715752363205,0.541499674320221,0.5118241310119629,-0.03494558483362198,0.4900479316711426,0.43826520442962646,-0.020164605230093002,0.5432141423225403,0.46107882261276245,-0.04771297052502632,0.5351460576057434,0.5144356489181519,-0.04072554409503937,0.5172658562660217,0.5164510011672974,-0.028749415650963783,0.4666447639465332,0.45650142431259155,-0.03425488620996475,0.5113393068313599,0.469058632850647,-0.048448216170072556,0.5130379796028137,0.5075501203536987,-0.03800888732075691,0.4987359344959259,0.5144853591918945,-0.025043563917279243,s
0.49491584300994873,0.6206179857254028,-9.171863268875313e-08,0.5429694652557373,0.5899222493171692,-0.0068247681483626366,0.5839807391166687,0.5339353084564209,-0.018791774287819862,0.6217607259750366,0.49716320633888245,-0.03587350249290466,0.6540924310684204,0.4643770754337311,-0.05110931396484375,0.5454986095428467,0.43734225630760193,0.002060695318505168,0.5856421589851379,0.40038001537323,-0.026497479528188705,0.6114410161972046,0.42040976881980896,-0.042419254779815674,0.626408040523529,0.4459758698940277,-0.048082638531923294,0.5160068869590759,0.4294307231903076,-0.0070410664193332195,0.5688549280166626,0.44358527660369873,-0.033449385315179825,0.5611518025398254,0.5057011842727661,-0.03783535584807396,0.5428727865219116,0.5131888389587402,-0.034328706562519073,0.4902684986591339,0.4389743208885193,-0.020253866910934448,0.5433704853057861,0.4621982276439667,-0.047613125294446945,0.5360957980155945,0.5156432390213013,-0.04063570499420166,0.5186195373535156,0.5172598958015442,-0.02883100137114525,0.4667883813381195,0.45789316296577454,-0.034466180950403214,0.511745035648346,0.4711403250694275,-0.04855886846780777,0.513845682144165,0.5098885893821716,-0.038227491080760956,0.4995948374271393,0.5164324641227722,-0.025464944541454315,s
0.4948437213897705,0.6232888698577881,-1.0082293044888502e-07,0.5433067083358765,0.5913537740707397,-0.006871199235320091,0.5850381255149841,0.5358056426048279,-0.018428882583975792,0.6223169565200806,0.49957454204559326,-0.03499870374798775,0.6538794040679932,0.46660199761390686,-0.04989899694919586,0.5467185974121094,0.4390603005886078,0.002239429159089923,0.586001992225647,0.4018336534500122,-0.025903306901454926,0.6118794679641724,0.421848326921463,-0.04275286942720413,0.6270286440849304,0.4483102560043335,-0.0493122823536396,0.517361581325531,0.4301511347293854,-0.006600846070796251,0.5687814950942993,0.44679534435272217,-0.03230154141783714,0.5613696575164795,0.5068768262863159,-0.03795027732849121,0.5424713492393494,0.5160974860191345,-0.035816121846437454,0.4909829795360565,0.4395826458930969,-0.0194647628813982,0.5429790616035461,0.46419188380241394,-0.04614463075995445,0.5362889766693115,0.5165184736251831,-0.040389079600572586,0.5186377763748169,0.5200982093811035,-0.029711078852415085,0.4663975238800049,0.4586714506149292,-0.03335489705204964,0.5108397603034973,0.47260552644729614,-0.04741824045777321,0.5145100355148315,0.5111083984375,-0.03779655322432518,0.5011847615242004,0.5190119743347168,-0.025600582361221313,s
0.4954952299594879,0.6249827742576599,-1.100045849966591e-07,0.5452492237091064,0.5936497449874878,-0.006702974438667297,0.586012065410614,0.5385593175888062,-0.01839715987443924,0.6234628558158875,0.5020403861999512,-0.035461824387311935,0.656024694442749,0.46925821900367737,-0.0506545826792717,0.5478945970535278,0.4398685395717621,0.003967825323343277,0.5880606770515442,0.4033198356628418,-0.02554338052868843,0.6138619184494019,0.42511704564094543,-0.04320960119366646,0.6290256977081299,0.4517633318901062,-0.05013773962855339,0.51908278465271,0.43147480487823486,-0.005367941688746214,0.5710605978965759,0.44834768772125244,-0.03253696486353874,0.5622977614402771,0.5091437697410583,-0.03869352862238884,0.5432407855987549,0.5166772603988647,-0.03658057749271393,0.49346184730529785,0.4405125379562378,-0.01897553540766239,0.5462465286254883,0.4665762782096863,-0.046758029609918594,0.5378749966621399,0.5193312168121338,-0.04090666398406029,0.5197877287864685,0.5207379460334778,-0.029907481744885445,0.4694588780403137,0.45892539620399475,-0.03365868702530861,0.5149669647216797,0.4755798280239105,-0.047948528081178665,0.5157144069671631,0.5145586729049683,-0.03818146511912346,0.5003603100776672,0.5205063819885254,-0.025824755430221558,s
0.4971243143081665,0.6260550022125244,-1.0140195172425592e-07,0.5457075238227844,0.5947936773300171,-0.006972316652536392,0.5861750841140747,0.5402892231941223,-0.01889222115278244,0.6237682700157166,0.5041464567184448,-0.03594193607568741,0.6560018062591553,0.4724414050579071,-0.050961386412382126,0.5492874979972839,0.4409893751144409,0.0022412026301026344,0.5897804498672485,0.40453779697418213,-0.027019482105970383,0.615951657295227,0.4269154667854309,-0.04424097761511803,0.6304334402084351,0.4543152153491974,-0.050812166184186935,0.5201721787452698,0.43164876103401184,-0.006736857816576958,0.5726290941238403,0.44982975721359253,-0.03316110372543335,0.5652368068695068,0.509589672088623,-0.038694411516189575,0.5466377139091492,0.5164248943328857,-0.03637314587831497,0.4944900572299957,0.4403756558895111,-0.019904328510165215,0.5475046038627625,0.4693183898925781,-0.04658468812704086,0.5399051308631897,0.5200952291488647,-0.040800828486680984,0.5221850275993347,0.5203176736831665,-0.030240239575505257,0.4707801640033722,0.4590110182762146,-0.034209154546260834,0.5158971548080444,0.47867560386657715,-0.047812044620513916,0.5173234343528748,0.5161607265472412,-0.038446780294179916,0.5025734305381775,0.5213270783424377,-0.026591449975967407,s
0.4987504780292511,0.6294747591018677,-9.334998196663946e-08,0.5473016500473022,0.5974136590957642,-0.006558129098266363,0.5881696343421936,0.5418865084648132,-0.018161630257964134,0.6259326338768005,0.5055684447288513,-0.03499215841293335,0.6584397554397583,0.47375044226646423,-0.049922771751880646,0.5490755438804626,0.4421452581882477,0.003583187935873866,0.590368390083313,0.40720388293266296,-0.02515406906604767,0.6172535419464111,0.42945006489753723,-0.042748577892780304,0.6331185102462769,0.4561903476715088,-0.04990358650684357,0.5204384326934814,0.4331965446472168,-0.005675835069268942,0.5742537379264832,0.4517548978328705,-0.032089751213788986,0.5663887858390808,0.5115578770637512,-0.03803947567939758,0.5474339127540588,0.5197370648384094,-0.03611507639288902,0.4950242340564728,0.4421969950199127,-0.0191179346293211,0.5500063896179199,0.46987536549568176,-0.045712169259786606,0.5421953201293945,0.5210197567939758,-0.04000705108046532,0.524315595626831,0.5232370495796204,-0.029537295922636986,0.47127053141593933,0.46118882298469543,-0.03371346741914749,0.5191943645477295,0.4799690246582031,-0.04716648533940315,0.5207834243774414,0.5180296897888184,-0.037721194326877594,0.506071150302887,0.5247354507446289,-0.02586296945810318,s
0.4993835687637329,0.6305084228515625,-1.0472059130961497e-07,0.5497514605522156,0.5985324382781982,-0.006315539591014385,0.590716540813446,0.54304438829422,-0.01760467141866684,0.6279760003089905,0.5071761608123779,-0.03406514227390289,0.6604365110397339,0.47562700510025024,-0.04832729324698448,0.5515853762626648,0.44367069005966187,0.0038805792573839426,0.5924203395843506,0.40824177861213684,-0.024480823427438736,0.6193806529045105,0.4309098720550537,-0.04099924862384796,0.6347343921661377,0.4583049714565277,-0.047354694455862045,0.5228409171104431,0.4339945912361145,-0.005399308633059263,0.576799213886261,0.45273250341415405,-0.030955947935581207,0.5699062943458557,0.5125225186347961,-0.03592150658369064,0.5510298013687134,0.5189880728721619,-0.03353982791304588,0.49760550260543823,0.4432004690170288,-0.01891004852950573,0.5527390837669373,0.4718707799911499,-0.04464985802769661,0.545418918132782,0.5222655534744263,-0.038445599377155304,0.5271885991096497,0.5222828388214111,-0.028066858649253845,0.47415244579315186,0.46268323063850403,-0.03362775966525078,0.5209686756134033,0.4828196167945862,-0.046802960336208344,0.5221115350723267,0.5202913284301758,-0.03746791183948517,0.5067428350448608,0.5252189636230469,-0.0259206872433424,s
0.49929487705230713,0.6323481202125549,-9.211836271560969e-08,0.5490495562553406,0.5998363494873047,-0.007057998329401016,0.5905086994171143,0.5446500182151794,-0.018537914380431175,0.6289454698562622,0.5088949799537659,-0.03534751757979393,0.6621764898300171,0.47820141911506653,-0.050082188099622726,0.5526006817817688,0.444953054189682,0.005640827585011721,0.5941486358642578,0.40939992666244507,-0.024111447855830193,0.6210370659828186,0.4317326843738556,-0.0424652136862278,0.637484073638916,0.45807090401649475,-0.04999765753746033,0.5242162346839905,0.43576207756996155,-0.0033528816420584917,0.5782516002655029,0.45306065678596497,-0.0313897468149662,0.5697746276855469,0.5144587159156799,-0.03804744407534599,0.5508080720901489,0.5235802531242371,-0.0359727218747139,0.49896442890167236,0.4440639317035675,-0.01686742901802063,0.5537979602813721,0.4718446433544159,-0.045003678649663925,0.545229971408844,0.5245317816734314,-0.03962910175323486,0.5268966555595398,0.5269813537597656,-0.028646333143115044,0.47529181838035583,0.4624623954296112,-0.031630199402570724,0.5222163200378418,0.4827052056789398,-0.046107158064842224,0.5229320526123047,0.5205055475234985,-0.03735334426164627,0.507538378238678,0.5255966186523438,-0.025613855570554733,s
0.49906641244888306,0.6327787041664124,-1.015430441952958e-07,0.5504679083824158,0.601311981678009,-0.006061733700335026,0.5920329093933105,0.5457221269607544,-0.01719997450709343,0.6299417614936829,0.5097013115882874,-0.033780477941036224,0.6632694005966187,0.4786149859428406,-0.04833909124135971,0.5538692474365234,0.4449460208415985,0.0057773832231760025,0.5947771072387695,0.4098306894302368,-0.023237790912389755,0.622418999671936,0.43235963582992554,-0.04063501954078674,0.6388036608695984,0.4586453437805176,-0.04759223759174347,0.5253758430480957,0.4359721839427948,-0.0038405696395784616,0.5801395177841187,0.4547503888607025,-0.030788935720920563,0.571776807308197,0.5157560706138611,-0.03679441660642624,0.5521882772445679,0.5213280916213989,-0.03464008495211601,0.5005545616149902,0.44498470425605774,-0.017757121473550797,0.5560517311096191,0.4736610949039459,-0.04492121934890747,0.5473000407218933,0.5256711840629578,-0.03899954631924629,0.5279561877250671,0.5247151851654053,-0.02822432853281498,0.4775160849094391,0.46363160014152527,-0.032818350940942764,0.5245924592018127,0.48382842540740967,-0.04682103544473648,0.5242540240287781,0.5222282409667969,-0.03739142417907715,0.5072498917579651,0.5260703563690186,-0.02545814774930477,s
0.5008472800254822,0.6322752237319946,-8.456072464468889e-08,0.5508479475975037,0.6007993221282959,-0.0070028710179030895,0.5922820568084717,0.5458706021308899,-0.018871184438467026,0.630348801612854,0.5099756121635437,-0.03599657118320465,0.6634827256202698,0.4794730246067047,-0.050983402878046036,0.5543544292449951,0.4449619650840759,0.0044466424733400345,0.5953585505485535,0.40890181064605713,-0.02520105428993702,0.6236742734909058,0.43200749158859253,-0.04268530756235123,0.6403356194496155,0.45940351486206055,-0.04934602230787277,0.5256655216217041,0.43646320700645447,-0.0047242180444300175,0.5805725455284119,0.45374640822410583,-0.03237953037023544,0.5720658302307129,0.5156286358833313,-0.03810610622167587,0.5525213479995728,0.5219608545303345,-0.035371389240026474,0.5008374452590942,0.44527822732925415,-0.018267720937728882,0.5564797520637512,0.47294729948043823,-0.046111319214105606,0.5474675297737122,0.525966227054596,-0.039806876331567764,0.5281158089637756,0.5260387659072876,-0.028335746377706528,0.47801440954208374,0.463537335395813,-0.03300539776682854,0.5247535109519958,0.48333603143692017,-0.04732274264097214,0.5243965983390808,0.5219066143035889,-0.03770697861909866,0.5074769258499146,0.5259138345718384,-0.025395553559064865,s
0.5014225244522095,0.6313216090202332,-8.933540840416754e-08,0.5509744882583618,0.6002863645553589,-0.006992547772824764,0.5922089219093323,0.5464249849319458,-0.0189533494412899,0.6302449107170105,0.5104759335517883,-0.036222781985998154,0.6629846096038818,0.4794490933418274,-0.05144429951906204,0.5540837049484253,0.44475045800209045,0.004328947514295578,0.5954280495643616,0.4099705219268799,-0.024767985567450523,0.6233299374580383,0.4320036470890045,-0.04178356006741524,0.6399024724960327,0.4580825865268707,-0.04830273613333702,0.5253596305847168,0.43631279468536377,-0.004783979617059231,0.5799036622047424,0.4549995958805084,-0.031860265880823135,0.5714241862297058,0.5155930519104004,-0.037448711693286896,0.5519792437553406,0.5215209722518921,-0.03480914980173111,0.5006420016288757,0.4453064799308777,-0.018212731927633286,0.5552886128425598,0.47420942783355713,-0.04554523527622223,0.5462538003921509,0.5258052349090576,-0.03954217955470085,0.5271024107933044,0.525151789188385,-0.028498400002717972,0.4778927266597748,0.46336525678634644,-0.03282922878861427,0.5240976214408875,0.4836485981941223,-0.046825435012578964,0.523359477519989,0.5216193199157715,-0.037464436143636703,0.5062596201896667,0.5255475640296936,-0.025474214926362038,s
0.5019382238388062,0.63025963306427,-8.91495304244927e-08,0.5517475605010986,0.5997984409332275,-0.007745439652353525,0.5929878354072571,0.5452635288238525,-0.02020121179521084,0.6309831142425537,0.5088046789169312,-0.03776254877448082,0.6641407608985901,0.47760722041130066,-0.05302553251385689,0.554584801197052,0.4452957510948181,0.0027854936197400093,0.5956496000289917,0.40884941816329956,-0.026853669434785843,0.6232391595840454,0.43211644887924194,-0.043352846056222916,0.6390203237533569,0.4590933322906494,-0.049210935831069946,0.5252694487571716,0.4368983507156372,-0.006013915408402681,0.5798352956771851,0.4537554085254669,-0.03343847766518593,0.571895182132721,0.516010582447052,-0.038103874772787094,0.552704393863678,0.5212119817733765,-0.03456215187907219,0.5002710819244385,0.44617363810539246,-0.019219880923628807,0.5550255179405212,0.4735715985298157,-0.04699021205306053,0.5465893745422363,0.5261150598526001,-0.040206555277109146,0.5276682376861572,0.524836540222168,-0.028438713401556015,0.47755464911460876,0.4646502435207367,-0.03364698588848114,0.5237599015235901,0.48373326659202576,-0.04804939404129982,0.5233522653579712,0.5217099785804749,-0.03842896223068237,0.5062521696090698,0.525244414806366,-0.0260844174772501,s
0.5006945729255676,0.630630373954773,-8.451267063946943e-08,0.5507628321647644,0.5987487435340881,-0.006956310011446476,0.5916565656661987,0.5446999669075012,-0.019487112760543823,0.6295353174209595,0.5091630816459656,-0.037340760231018066,0.6626543998718262,0.4777354598045349,-0.05310973897576332,0.553505003452301,0.4443775713443756,0.0033249047119170427,0.5953713655471802,0.4091556966304779,-0.02653738670051098,0.6230844855308533,0.4317261278629303,-0.04377807676792145,0.6391470432281494,0.4580410420894623,-0.05027013644576073,0.524212658405304,0.43619996309280396,-0.006164026912301779,0.5795283913612366,0.45265626907348633,-0.03386745601892471,0.5711155533790588,0.5152275562286377,-0.039176080375909805,0.5516435503959656,0.5215807557106018,-0.03612309321761131,0.4991329610347748,0.4455718696117401,-0.01995866559445858,0.5548275113105774,0.47191116213798523,-0.04795907810330391,0.5460067987442017,0.5253800749778748,-0.041250988841056824,0.5269472002983093,0.5256072878837585,-0.029461413621902466,0.47636592388153076,0.4644138216972351,-0.03491488844156265,0.5236162543296814,0.4816091060638428,-0.04928738996386528,0.5235520005226135,0.5201682448387146,-0.039254702627658844,0.5067753195762634,0.5249512791633606,-0.026599669829010963,s
0.4992203414440155,0.63016277551651,-9.130157962999874e-08,0.5494905114173889,0.59974604845047,-0.007045146077871323,0.5911964178085327,0.545441210269928,-0.019227847456932068,0.6291726231575012,0.5093099474906921,-0.03658965229988098,0.6616867184638977,0.4776065945625305,-0.051850467920303345,0.553125262260437,0.44426289200782776,0.0031963232904672623,0.5949691534042358,0.4097878038883209,-0.026110149919986725,0.6221201419830322,0.43139809370040894,-0.042868100106716156,0.6380801796913147,0.4574662446975708,-0.04910033196210861,0.5238301753997803,0.43555960059165955,-0.0059968228451907635,0.5788533091545105,0.4528183341026306,-0.033227548003196716,0.5700193047523499,0.5147185325622559,-0.03818752244114876,0.551067590713501,0.5209290981292725,-0.03485404700040817,0.49894294142723083,0.44478052854537964,-0.019447023048996925,0.5536725521087646,0.4732922315597534,-0.04687009006738663,0.5443925261497498,0.5252496600151062,-0.040295928716659546,0.5259535312652588,0.5242170095443726,-0.02873789519071579,0.4765557050704956,0.46328338980674744,-0.03408370539546013,0.5226016044616699,0.48279762268066406,-0.04801827296614647,0.5219643115997314,0.5203222036361694,-0.03824795410037041,0.5055661201477051,0.5240678191184998,-0.02588842622935772,s
0.4999332129955292,0.6297186613082886,-9.893006591710218e-08,0.5491982102394104,0.5996142625808716,-0.00638785632327199,0.5912953615188599,0.5442903637886047,-0.01792036183178425,0.6291525363922119,0.5080366730690002,-0.034738242626190186,0.6611147522926331,0.47725948691368103,-0.04944007843732834,0.5526486039161682,0.4448300004005432,0.00334184686653316,0.5945582389831543,0.4092845320701599,-0.026066534221172333,0.621224045753479,0.4316580295562744,-0.04231325909495354,0.6370953917503357,0.45827844738960266,-0.047888074070215225,0.5232090950012207,0.43626874685287476,-0.0059626465663313866,0.5782460570335388,0.4528743028640747,-0.033450014889240265,0.5682308673858643,0.5155906677246094,-0.03781618922948837,0.5491628646850586,0.5218508839607239,-0.0338115468621254,0.49826836585998535,0.44527673721313477,-0.019499892368912697,0.553173303604126,0.4726954698562622,-0.047207944095134735,0.5430521368980408,0.5256029963493347,-0.04024926945567131,0.5246224999427795,0.5251585841178894,-0.028171928599476814,0.47589680552482605,0.46341872215270996,-0.03412388265132904,0.5219933390617371,0.4821228086948395,-0.04797608405351639,0.5209606885910034,0.5197217464447021,-0.03807297721505165,0.5047993659973145,0.5234241485595703,-0.02552756667137146,s
0.499419629573822,0.6287727355957031,-1.028827512072894e-07,0.5478203892707825,0.5993499755859375,-0.007567297201603651,0.5895001888275146,0.5448222160339355,-0.019641760736703873,0.6275491714477539,0.5093995332717896,-0.03687124699354172,0.6589446663856506,0.4780476689338684,-0.052017610520124435,0.55344158411026,0.44571077823638916,0.00275578279979527,0.5942143201828003,0.41018784046173096,-0.0274149551987648,0.6202751398086548,0.4326059818267822,-0.04475737735629082,0.6358259320259094,0.45937925577163696,-0.05112287402153015,0.523844301700592,0.43704724311828613,-0.006218860391527414,0.5770505666732788,0.4528997242450714,-0.034232158213853836,0.5674991011619568,0.5146753787994385,-0.03933100402355194,0.54878830909729,0.5217404365539551,-0.03588782250881195,0.49809521436691284,0.44571107625961304,-0.019644198939204216,0.5513611435890198,0.4725407361984253,-0.04776061326265335,0.5418184399604797,0.525199294090271,-0.04115261510014534,0.5238070487976074,0.5257723927497864,-0.029314706102013588,0.4749348759651184,0.4637501835823059,-0.034307193011045456,0.5197681784629822,0.48208150267601013,-0.04858587309718132,0.5191258192062378,0.5201014280319214,-0.03891277313232422,0.5034449696540833,0.5245509147644043,-0.026516374200582504,s
0.49807828664779663,0.6287893056869507,-1.0335933353644577e-07,0.546561062335968,0.6005363464355469,-0.007999411784112453,0.587964653968811,0.5459865927696228,-0.0201320331543684,0.6261113882064819,0.509967029094696,-0.03734413906931877,0.6585726737976074,0.47966480255126953,-0.05233282968401909,0.5541136264801025,0.44771549105644226,0.0027887553442269564,0.5930321216583252,0.41028207540512085,-0.027512336149811745,0.6187892556190491,0.4321293234825134,-0.04432504624128342,0.6339747905731201,0.4593956768512726,-0.05019192025065422,0.5246148109436035,0.4385594427585602,-0.006043003406375647,0.5762290358543396,0.4522845447063446,-0.03453230857849121,0.5662294626235962,0.5157455801963806,-0.039052680134773254,0.5473757982254028,0.5226263999938965,-0.034755971282720566,0.49857789278030396,0.44665467739105225,-0.01943993754684925,0.5498234629631042,0.4728172719478607,-0.04842150956392288,0.5400592088699341,0.526214063167572,-0.041402336210012436,0.5221047401428223,0.5257565975189209,-0.028860488906502724,0.4746261537075043,0.46388858556747437,-0.03405637666583061,0.5180212259292603,0.4819055497646332,-0.048955969512462616,0.5173242092132568,0.5202315449714661,-0.03903482109308243,0.5017023682594299,0.5239249467849731,-0.026221100240945816,s
0.49675360321998596,0.6302545070648193,-9.041381332508536e-08,0.5456740856170654,0.6004292368888855,-0.007389291189610958,0.5874415040016174,0.5459166169166565,-0.019494561478495598,0.6251509785652161,0.510083794593811,-0.036689531058073044,0.6575630307197571,0.47932448983192444,-0.051757048815488815,0.5516907572746277,0.44613009691238403,0.0029699483420699835,0.5923320055007935,0.4099351465702057,-0.02727673389017582,0.6188092231750488,0.4322267770767212,-0.044785164296627045,0.6342290639877319,0.46013739705085754,-0.05118891969323158,0.5226524472236633,0.4374001920223236,-0.006174792069941759,0.5760660171508789,0.45278382301330566,-0.034351591020822525,0.5664161443710327,0.5149914026260376,-0.0395284965634346,0.547453761100769,0.5224096775054932,-0.03595909848809242,0.4971131682395935,0.4460187554359436,-0.01971169374883175,0.5501205921173096,0.472962886095047,-0.047920454293489456,0.5407087206840515,0.5256097912788391,-0.040996942669153214,0.5225873589515686,0.5257049798965454,-0.028822854161262512,0.47377052903175354,0.4641576111316681,-0.03446009010076523,0.5180339813232422,0.4829421639442444,-0.04882626608014107,0.5178595781326294,0.5211049318313599,-0.038738496601581573,0.5024516582489014,0.5251309275627136,-0.02592567354440689,s
