0.6783956289291382,0.4601823091506958,-2.88002013348887e-07,0.6331895589828491,0.3971363306045532,-0.003777487436309457,0.6296682953834534,0.3205046057701111,-0.00935326050966978,0.6331605315208435,0.2639645040035248,-0.01724797673523426,0.6308184862136841,0.20792587101459503,-0.028340430930256844,0.6836181879043579,0.2612074613571167,-0.019955091178417206,0.6803874969482422,0.18306773900985718,-0.03870733827352524,0.6875227093696594,0.12667523324489594,-0.05301155894994736,0.6944789290428162,0.07990297675132751,-0.06346424669027328,0.7001577615737915,0.2788892388343811,-0.029080651700496674,0.6208381652832031,0.2464662343263626,-0.055979497730731964,0.5682989358901978,0.24179238080978394,-0.06668182462453842,0.5318858623504639,0.23796020448207855,-0.0710427463054657,0.7013546824455261,0.3081384599208832,-0.037599239498376846,0.6160078644752502,0.2969030439853668,-0.06397956609725952,0.6058040857315063,0.34925514459609985,-0.058023851364851,0.6111740469932556,0.39108601212501526,-0.04828700050711632,0.6939287185668945,0.3404729962348938,-0.046522632241249084,0.6254271268844604,0.32024750113487244,-0.06861107796430588,0.6148538589477539,0.3546392321586609,-0.0618719644844532,0.6195775270462036,0.386735737323761,-0.05076448619365692,k
0.6730368733406067,0.4696551561355591,-2.2088828188771004e-07,0.6271920800209045,0.39870917797088623,-0.0053642913699150085,0.6249149441719055,0.3203728497028351,-0.01195540837943554,0.6289559602737427,0.2602516710758209,-0.020913181826472282,0.62762051820755,0.2039342075586319,-0.031714893877506256,0.6806716322898865,0.25426673889160156,-0.018906157463788986,0.6810611486434937,0.17592135071754456,-0.03806644305586815,0.6855708360671997,0.11967836320400238,-0.05173648148775101,0.6906681656837463,0.07107774913311005,-0.06201773136854172,0.6990893483161926,0.2720640301704407,-0.027808556333184242,0.6224471926689148,0.245067298412323,-0.05439921095967293,0.5694295763969421,0.24058933556079865,-0.0648772269487381,0.5344712138175964,0.23541736602783203,-0.07033619284629822,0.7026271820068359,0.3043239414691925,-0.03684869408607483,0.6154732704162598,0.2970687747001648,-0.06242666020989418,0.6028341054916382,0.34271836280822754,-0.05508775636553764,0.6069642305374146,0.3793986439704895,-0.045290421694517136,0.6965602040290833,0.3409189283847809,-0.04688615724444389,0.6278235912322998,0.32313820719718933,-0.065940722823143,0.6155068874359131,0.3561080992221832,-0.058629054576158524,0.6186336874961853,0.3863660395145416,-0.04820127785205841,k
0.6725869178771973,0.47879043221473694,-2.641099285938253e-07,0.6283758282661438,0.40059199929237366,-0.004801332950592041,0.6263027787208557,0.3202309310436249,-0.011382234282791615,0.6302590370178223,0.2594868540763855,-0.020725449547171593,0.6292445063591003,0.20189157128334045,-0.03162066638469696,0.6832413077354431,0.2540963292121887,-0.017271727323532104,0.6818313598632812,0.17554345726966858,-0.03619541972875595,0.6861264109611511,0.12066568434238434,-0.0492938831448555,0.6910611987113953,0.07189078629016876,-0.05918535962700844,0.7008324265480042,0.2719857394695282,-0.026520203799009323,0.6221044659614563,0.24405083060264587,-0.053146909922361374,0.5692656636238098,0.2375076562166214,-0.06380591541528702,0.5338607430458069,0.2304648458957672,-0.06951751559972763,0.7037897706031799,0.3044305741786957,-0.03593001514673233,0.6160653829574585,0.299402117729187,-0.06159001961350441,0.6065648794174194,0.34770265221595764,-0.05469582974910736,0.6123549938201904,0.38524311780929565,-0.0453738234937191,0.6978305578231812,0.34165310859680176,-0.04637826234102249,0.6285869479179382,0.3270706236362457,-0.06516100466251373,0.6169666051864624,0.3628702759742737,-0.05809871852397919,0.6203373074531555,0.39444777369499207,-0.04807613417506218,k
0.6765620708465576,0.4848538041114807,-2.6255835905431013e-07,0.6321257948875427,0.40168511867523193,-0.003851036773994565,0.6295664310455322,0.3209763765335083,-0.010210524313151836,0.6319146752357483,0.25898581743240356,-0.01950599066913128,0.6293785572052002,0.20268481969833374,-0.03033261187374592,0.6864020824432373,0.2560931146144867,-0.01644030399620533,0.6818064451217651,0.17415198683738708,-0.03486169874668121,0.6856993436813354,0.11897410452365875,-0.04773738235235214,0.6900568604469299,0.06921544671058655,-0.05767021328210831,0.7022014856338501,0.2750454545021057,-0.026137707754969597,0.6210907101631165,0.24423515796661377,-0.05270017683506012,0.567845344543457,0.23788467049598694,-0.06344616413116455,0.5326475501060486,0.23040863871574402,-0.06937141716480255,0.703490674495697,0.307646244764328,-0.035857394337654114,0.6144019365310669,0.29884079098701477,-0.0613427460193634,0.6057256460189819,0.3459700644016266,-0.054412394762039185,0.6130529046058655,0.38236260414123535,-0.04525876045227051,0.6955710053443909,0.34415021538734436,-0.046463459730148315,0.626097559928894,0.32463908195495605,-0.0645909458398819,0.6165165901184082,0.3591814637184143,-0.056758880615234375,0.62272047996521,0.39021071791648865,-0.04638800024986267,k
0.6765361428260803,0.48816752433776855,-2.504002054593002e-07,0.6299945116043091,0.40397629141807556,-0.003920170944184065,0.6269465684890747,0.32140102982521057,-0.010252650827169418,0.6311450004577637,0.2582756280899048,-0.019539767876267433,0.6297684907913208,0.20169207453727722,-0.030248595401644707,0.6859139800071716,0.25685030221939087,-0.015989379957318306,0.6837939620018005,0.17548991739749908,-0.03416028618812561,0.6883297562599182,0.12052378058433533,-0.046821702271699905,0.6931505799293518,0.07128316164016724,-0.05676200985908508,0.7022300362586975,0.276309996843338,-0.026032771915197372,0.6212751269340515,0.24467918276786804,-0.05156983435153961,0.5673759579658508,0.2394157201051712,-0.06175848841667175,0.5323588848114014,0.23328644037246704,-0.0677897110581398,0.7037471532821655,0.3093823194503784,-0.03627200052142143,0.6154902577400208,0.2978818416595459,-0.061159148812294006,0.6058543920516968,0.34406131505966187,-0.05376061424612999,0.6130275726318359,0.3802321255207062,-0.04472858086228371,0.6959903240203857,0.3464137315750122,-0.04744262248277664,0.6265085339546204,0.3243482708930969,-0.06552127003669739,0.6169606447219849,0.35844406485557556,-0.05753741040825844,0.6239618062973022,0.38951271772384644,-0.04726536571979523,k
0.6758042573928833,0.48723524808883667,-2.4344086568817147e-07,0.6294926404953003,0.4032352864742279,-0.004803413990885019,0.6259559988975525,0.320211797952652,-0.011438016779720783,0.6302313208580017,0.2569827437400818,-0.020717624574899673,0.6285668015480042,0.20164233446121216,-0.03118102066218853,0.6855007410049438,0.2550264596939087,-0.016805311664938927,0.6833123564720154,0.1743994951248169,-0.0353253036737442,0.6876775622367859,0.11950619518756866,-0.04821225255727768,0.692294716835022,0.07101227343082428,-0.05824875086545944,0.7026856541633606,0.2749422490596771,-0.026405654847621918,0.6221711039543152,0.2448546588420868,-0.05256224796175957,0.569168210029602,0.2400340586900711,-0.06276800483465195,0.5346407294273376,0.2345765233039856,-0.06861542165279388,0.7047023177146912,0.3084409236907959,-0.036318834871053696,0.6163772940635681,0.2986676096916199,-0.061720892786979675,0.6066534519195557,0.34424924850463867,-0.05437318980693817,0.613325297832489,0.3805166780948639,-0.04519161581993103,0.6973680853843689,0.34571000933647156,-0.0472848117351532,0.6279426217079163,0.325960248708725,-0.06578490138053894,0.616892397403717,0.35980546474456787,-0.058161310851573944,0.622109055519104,0.3906228542327881,-0.04802410304546356,k
0.6749498248100281,0.48690739274024963,-2.48788609269468e-07,0.630861759185791,0.40225350856781006,-0.005112404469400644,0.628096878528595,0.32036706805229187,-0.012191618792712688,0.6317617893218994,0.2572540044784546,-0.021759867668151855,0.6302580833435059,0.20130661129951477,-0.032709427177906036,0.6876335144042969,0.25706759095191956,-0.018310004845261574,0.6829798221588135,0.17437773942947388,-0.0370139479637146,0.6870114207267761,0.11919362843036652,-0.049765314906835556,0.6916511654853821,0.06959328055381775,-0.05962634086608887,0.7037233710289001,0.2770172655582428,-0.027319539338350296,0.621454656124115,0.2441578060388565,-0.0535602904856205,0.5682244300842285,0.23864391446113586,-0.06370916962623596,0.533707857131958,0.2320547103881836,-0.06966393440961838,0.7046521306037903,0.30935433506965637,-0.036519527435302734,0.615767240524292,0.29877492785453796,-0.06195012107491493,0.6068947315216064,0.34470418095588684,-0.054666418582201004,0.6142072081565857,0.38115179538726807,-0.045629363507032394,0.6960793137550354,0.3452068567276001,-0.04670765995979309,0.6267242431640625,0.32552069425582886,-0.06504599750041962,0.6161466240882874,0.3600204288959503,-0.0574616901576519,0.6213928461074829,0.3914427161216736,-0.04749922826886177,k
0.6760101318359375,0.4884979724884033,-2.6898047167378536e-07,0.6296283602714539,0.4037086069583893,-0.0038756958674639463,0.6271716952323914,0.3224654197692871,-0.010720113292336464,0.6323302984237671,0.26028069853782654,-0.02057711035013199,0.6331561803817749,0.20343714952468872,-0.031895820051431656,0.6871471405029297,0.25812050700187683,-0.016245227307081223,0.682580292224884,0.17680524289608002,-0.03442689776420593,0.6862443089485168,0.12238001823425293,-0.04690350964665413,0.6909749507904053,0.07316192984580994,-0.056690264493227005,0.7028872966766357,0.2773093581199646,-0.026182256639003754,0.621546745300293,0.24500979483127594,-0.05190926790237427,0.5685437917709351,0.2395319938659668,-0.06199013441801071,0.5343149900436401,0.2335842102766037,-0.06796906888484955,0.7040059566497803,0.309590607881546,-0.036307353526353836,0.6157913208007812,0.2996552288532257,-0.06089799106121063,0.6070644855499268,0.346915602684021,-0.053447525948286057,0.6144203543663025,0.3836464583873749,-0.04463622346520424,0.69610595703125,0.34599584341049194,-0.047437526285648346,0.6261885166168213,0.3285849094390869,-0.06489842385053635,0.6156601309776306,0.3641499876976013,-0.05717870965600014,0.6208556294441223,0.3955116868019104,-0.04741508886218071,k
0.6760706901550293,0.4887019991874695,-2.640978777890268e-07,0.6310630440711975,0.4041464328765869,-0.0043379017151892185,0.628311038017273,0.3222440779209137,-0.011114428751170635,0.6319290995597839,0.2589166760444641,-0.020749440416693687,0.6316478252410889,0.20270466804504395,-0.03180143982172012,0.686169445514679,0.2573789060115814,-0.01700339838862419,0.6823207139968872,0.17639607191085815,-0.03588246554136276,0.6864696145057678,0.12073005735874176,-0.04912429675459862,0.6913264393806458,0.07100978493690491,-0.059396084398031235,0.7027016282081604,0.2762923836708069,-0.026733113452792168,0.6204977631568909,0.24651303887367249,-0.052940838038921356,0.567731499671936,0.24148210883140564,-0.06317359954118729,0.5338138937950134,0.23534806072711945,-0.06918558478355408,0.7044153809547424,0.30910417437553406,-0.036709170788526535,0.615129828453064,0.3000642955303192,-0.062167514115571976,0.6061862707138062,0.3474048972129822,-0.05482321232557297,0.6131635308265686,0.3849532902240753,-0.04571419209241867,0.697274386882782,0.346247136592865,-0.04771668091416359,0.6270886063575745,0.3274393379688263,-0.06635059416294098,0.6155470609664917,0.36205780506134033,-0.05891304090619087,0.6195539236068726,0.3937332332134247,-0.04899410903453827,k
0.6769372224807739,0.487887442111969,-2.5364028033436625e-07,0.6291358470916748,0.4034945070743561,-0.0046492675319314,0.6260815262794495,0.3216661214828491,-0.011536173522472382,0.6310929656028748,0.258811891078949,-0.02121596783399582,0.6314720511436462,0.2035549283027649,-0.03231925889849663,0.6861842274665833,0.2563617527484894,-0.01719088666141033,0.6830720901489258,0.17581407725811005,-0.03608642891049385,0.6868500113487244,0.12050865590572357,-0.04925812780857086,0.6908740997314453,0.0711522251367569,-0.05955357104539871,0.7032666206359863,0.2757624387741089,-0.026855869218707085,0.6213513612747192,0.2452125996351242,-0.053085293620824814,0.5684713125228882,0.2410486340522766,-0.06325456500053406,0.534408688545227,0.2357180416584015,-0.0692756399512291,0.7049574851989746,0.30889424681663513,-0.036799412220716476,0.6154554486274719,0.2992173731327057,-0.06241895630955696,0.6066316366195679,0.3462978005409241,-0.05494308844208717,0.6139923930168152,0.3831467032432556,-0.045811038464307785,0.6970760226249695,0.34614670276641846,-0.047782786190509796,0.626399576663971,0.3276229500770569,-0.06666848063468933,0.6160324811935425,0.36288002133369446,-0.05922718718647957,0.6216647028923035,0.3943103849887848,-0.0493205226957798,k
0.6765920519828796,0.488284170627594,-2.4421234456895036e-07,0.6280336976051331,0.40416213870048523,-0.0051595414988696575,0.6258189678192139,0.32203763723373413,-0.012162364087998867,0.631152331829071,0.2591260075569153,-0.021902509033679962,0.631315290927887,0.20358170568943024,-0.03305742144584656,0.6863020062446594,0.2564968168735504,-0.016987448558211327,0.6839889883995056,0.17559155821800232,-0.03548288717865944,0.6878048181533813,0.12004967033863068,-0.048338476568460464,0.6918235421180725,0.07067979872226715,-0.058414045721292496,0.7036339640617371,0.27635905146598816,-0.02646508626639843,0.6222050786018372,0.24500465393066406,-0.05270460993051529,0.5688541531562805,0.2406787872314453,-0.06297698616981506,0.5344538688659668,0.23567788302898407,-0.06899020075798035,0.7054701447486877,0.3098433315753937,-0.036267299205064774,0.6165530681610107,0.2985919415950775,-0.062204767018556595,0.6065320372581482,0.3459363579750061,-0.05487177148461342,0.613105297088623,0.38333988189697266,-0.04568501189351082,0.6976061463356018,0.34716299176216125,-0.047114185988903046,0.6279030442237854,0.32676491141319275,-0.06622079014778137,0.6166113018989563,0.3622489869594574,-0.05872629955410957,0.6214072704315186,0.39428848028182983,-0.048708703368902206,k
0.6768136024475098,0.48797622323036194,-2.5092663236137014e-07,0.6301012635231018,0.4040868282318115,-0.005165520124137402,0.6274678111076355,0.32233214378356934,-0.012151293456554413,0.6317813396453857,0.25915369391441345,-0.021806515753269196,0.6309633255004883,0.20357602834701538,-0.03284434974193573,0.687501847743988,0.2566719055175781,-0.017715265974402428,0.6847676038742065,0.17531217634677887,-0.036363471299409866,0.6883817315101624,0.11938321590423584,-0.04920290783047676,0.692340075969696,0.06980301439762115,-0.05920427665114403,0.7040978670120239,0.27611619234085083,-0.026894938200712204,0.6221261024475098,0.24495205283164978,-0.05305797606706619,0.5689051151275635,0.24004465341567993,-0.0630660206079483,0.534912109375,0.23466677963733673,-0.06894301623106003,0.705420196056366,0.3089901804924011,-0.0363583117723465,0.6163684725761414,0.2988624572753906,-0.062053341418504715,0.6065531969070435,0.3458917737007141,-0.05474203824996948,0.6132585406303406,0.38323405385017395,-0.045644473284482956,0.6975135803222656,0.3457920551300049,-0.046875447034835815,0.6279779672622681,0.3268260955810547,-0.06581231951713562,0.6162608861923218,0.3619869351387024,-0.05852259323000908,0.6205161213874817,0.39392954111099243,-0.04866274446249008,k
0.6768061518669128,0.48764127492904663,-2.5866847863653675e-07,0.6306655406951904,0.40300631523132324,-0.004595007747411728,0.6279038786888123,0.32159674167633057,-0.011450906284153461,0.6323506236076355,0.2587359547615051,-0.021198075264692307,0.6322953104972839,0.20274677872657776,-0.032297711819410324,0.6871439218521118,0.25649869441986084,-0.01639016531407833,0.6848979592323303,0.1754104197025299,-0.0348145067691803,0.6885374784469604,0.1197299212217331,-0.047590792179107666,0.6926692724227905,0.07050800323486328,-0.05755205452442169,0.7037104964256287,0.275534063577652,-0.025992829352617264,0.6226086616516113,0.24510128796100616,-0.05193647742271423,0.569442868232727,0.23968476057052612,-0.06218327209353447,0.5352544784545898,0.23371291160583496,-0.06825601309537888,0.7053074836730957,0.30820316076278687,-0.035910509526729584,0.6168297529220581,0.2986789345741272,-0.06138971820473671,0.6074294447898865,0.34585079550743103,-0.054216448217630386,0.6142385601997375,0.38324809074401855,-0.04524359107017517,0.6978082656860352,0.3449147343635559,-0.046862032264471054,0.6280379295349121,0.3262714743614197,-0.0654163658618927,0.6163415312767029,0.3610383868217468,-0.058009516447782516,0.6202108860015869,0.39273756742477417,-0.04814073070883751,k
0.6767772436141968,0.48825469613075256,-2.509026728603203e-07,0.6301197409629822,0.40376973152160645,-0.005131291691213846,0.6272432208061218,0.32212281227111816,-0.012284758500754833,0.6324517130851746,0.2593201994895935,-0.0222120750695467,0.6329044699668884,0.20334216952323914,-0.03347478061914444,0.6876006126403809,0.2576545476913452,-0.017024552449584007,0.6847778558731079,0.17546333372592926,-0.03596939519047737,0.6887066960334778,0.11951196193695068,-0.04904567822813988,0.692949652671814,0.06953945755958557,-0.059238284826278687,0.7040295004844666,0.27641767263412476,-0.026502041146159172,0.6226463317871094,0.24445174634456635,-0.052824098616838455,0.5697788000106812,0.24023303389549255,-0.06306435912847519,0.5358583927154541,0.23484572768211365,-0.06910393387079239,0.7053605914115906,0.30844488739967346,-0.03638309985399246,0.6170954704284668,0.29767611622810364,-0.06216563656926155,0.6078833937644958,0.34497323632240295,-0.05476450175046921,0.6150381565093994,0.3817868232727051,-0.04563112184405327,0.6973803043365479,0.34458404779434204,-0.047332003712654114,0.6279515027999878,0.325116902589798,-0.06622988730669022,0.6170501112937927,0.360409140586853,-0.058818548917770386,0.6219690442085266,0.39190661907196045,-0.04891248419880867,k
0.6770315170288086,0.4877772331237793,-2.5375123868798255e-07,0.6314516663551331,0.40355050563812256,-0.005083463154733181,0.628966212272644,0.32152751088142395,-0.012204048223793507,0.6330721974372864,0.2581879496574402,-0.021985217928886414,0.6323574185371399,0.20224492251873016,-0.0331454835832119,0.6875554323196411,0.25688645243644714,-0.018112720921635628,0.6843329071998596,0.1746033877134323,-0.03690211847424507,0.688083827495575,0.11826762557029724,-0.04984157532453537,0.6923133730888367,0.06826595962047577,-0.0599333718419075,0.7036857604980469,0.2763623595237732,-0.027330901473760605,0.6215226054191589,0.2449088841676712,-0.053644683212041855,0.5687571167945862,0.24046728014945984,-0.06371356546878815,0.5351096391677856,0.23527492582798004,-0.06965512037277222,0.7047452926635742,0.30926474928855896,-0.03679555281996727,0.6163018345832825,0.2984049320220947,-0.0625840350985527,0.6067914366722107,0.3456697463989258,-0.055219706147909164,0.6134123206138611,0.3831954598426819,-0.046107370406389236,0.696933925151825,0.3460857570171356,-0.047283004969358444,0.6286153793334961,0.3258187472820282,-0.06631884723901749,0.6165947318077087,0.3605673313140869,-0.05903613567352295,0.6199459433555603,0.3924610912799835,-0.04920697957277298,k
0.6769323945045471,0.48776811361312866,-2.516376298444811e-07,0.6305937170982361,0.40344464778900146,-0.004895961377769709,0.6281803250312805,0.3214113712310791,-0.011577241122722626,0.6328173279762268,0.25783470273017883,-0.020957473665475845,0.6321097612380981,0.20177599787712097,-0.03163595870137215,0.687167763710022,0.25666868686676025,-0.016796857118606567,0.6843747496604919,0.1747530996799469,-0.03500927984714508,0.688118577003479,0.1193288266658783,-0.04737210273742676,0.6923278570175171,0.07014772295951843,-0.05700431764125824,0.7034756541252136,0.27604106068611145,-0.02592223696410656,0.6223008632659912,0.24440394341945648,-0.05168339982628822,0.5698440074920654,0.24009203910827637,-0.061616379767656326,0.5362817049026489,0.2346406877040863,-0.06740671396255493,0.7047123312950134,0.30859678983688354,-0.03533712029457092,0.6166914105415344,0.29801756143569946,-0.06065904721617699,0.6071298122406006,0.3451601266860962,-0.05347249656915665,0.613710343837738,0.38232529163360596,-0.04449116066098213,0.696824312210083,0.345043808221817,-0.04576410353183746,0.6283177733421326,0.32543450593948364,-0.06421653926372528,0.6166470646858215,0.3602530360221863,-0.05689278990030289,0.6204459071159363,0.39186063408851624,-0.04707978665828705,k
0.6764384508132935,0.486278772354126,-2.4472132054143003e-07,0.6295562982559204,0.40246790647506714,-0.005004437640309334,0.6271302103996277,0.31996363401412964,-0.011824771761894226,0.6320278644561768,0.256235808134079,-0.02114490047097206,0.6316434144973755,0.20076000690460205,-0.031782835721969604,0.6863318085670471,0.25568076968193054,-0.018098538741469383,0.6836327314376831,0.17395615577697754,-0.036434583365917206,0.6876288056373596,0.11843796074390411,-0.04885377734899521,0.6921666860580444,0.06960703432559967,-0.0584971085190773,0.7030434012413025,0.27523425221443176,-0.027132827788591385,0.621709406375885,0.24377407133579254,-0.052702222019433975,0.5694329738616943,0.23953481018543243,-0.06216348335146904,0.5362056493759155,0.2346821129322052,-0.06770472973585129,0.7044888734817505,0.30789369344711304,-0.03640848770737648,0.6161438226699829,0.2966310381889343,-0.06148587539792061,0.6059287786483765,0.3433235287666321,-0.05389053001999855,0.6121550798416138,0.38059207797050476,-0.04473461955785751,0.6967616677284241,0.3443780839443207,-0.04671161621809006,0.6279104351997375,0.32470446825027466,-0.06516940891742706,0.6157819628715515,0.3596934378147125,-0.05773145332932472,0.6193928718566895,0.39161479473114014,-0.04784921556711197,k
0.6762292981147766,0.485328733921051,-2.466802584422112e-07,0.6301924586296082,0.4019646942615509,-0.0055367243476212025,0.6273060441017151,0.31986087560653687,-0.012587225995957851,0.6314404010772705,0.2564328908920288,-0.022043239325284958,0.6304234862327576,0.20072951912879944,-0.03286706656217575,0.6863266229629517,0.25515538454055786,-0.018957842141389847,0.6836774945259094,0.17386171221733093,-0.037680402398109436,0.6876819729804993,0.11847195029258728,-0.050354596227407455,0.6921578049659729,0.06931300461292267,-0.06007153168320656,0.7026414275169373,0.27420246601104736,-0.02759755775332451,0.621061384677887,0.24282917380332947,-0.053482361137866974,0.5682812929153442,0.2385157197713852,-0.06313266605138779,0.5345415472984314,0.23388627171516418,-0.06869497150182724,0.703872799873352,0.3062189519405365,-0.03645043820142746,0.6153956055641174,0.29597732424736023,-0.06179362162947655,0.6055270433425903,0.3427357077598572,-0.05431206524372101,0.6120284199714661,0.38014331459999084,-0.04508952051401138,0.695812463760376,0.3421146273612976,-0.046353161334991455,0.6269781589508057,0.3229934573173523,-0.06503009796142578,0.6152411103248596,0.3582257032394409,-0.0576615072786808,0.6191551685333252,0.3904721140861511,-0.04770566150546074,k
0.6763603687286377,0.48337894678115845,-2.4662693931531976e-07,0.6290475130081177,0.4004649519920349,-0.005187040660530329,0.6264336109161377,0.3187481164932251,-0.012059243395924568,0.6309329867362976,0.25554803013801575,-0.021338097751140594,0.6297153234481812,0.20004776120185852,-0.03203622251749039,0.6864128708839417,0.2543834447860718,-0.018814414739608765,0.6836121678352356,0.17359693348407745,-0.037034060806035995,0.6876087188720703,0.11884872615337372,-0.04930278658866882,0.6920298933982849,0.06980420649051666,-0.05882071703672409,0.7026867866516113,0.2734801173210144,-0.02744266390800476,0.6208415031433105,0.24220111966133118,-0.0528014712035656,0.5685459971427917,0.23829713463783264,-0.062164656817913055,0.5352479815483093,0.23369374871253967,-0.06771103292703629,0.7035197019577026,0.30533719062805176,-0.03621317818760872,0.6145356893539429,0.295460969209671,-0.06116965413093567,0.6046810150146484,0.34279656410217285,-0.05373853072524071,0.6111105680465698,0.3806069493293762,-0.0447259247303009,0.6949222087860107,0.3409198522567749,-0.045983485877513885,0.6260883212089539,0.3222580552101135,-0.06451060622930527,0.6148481965065002,0.3580292761325836,-0.057325445115566254,0.6191917061805725,0.3905433416366577,-0.04764287546277046,k
0.6754316091537476,0.480488657951355,-2.3818242311790527e-07,0.6252259612083435,0.3977605104446411,-0.006212620995938778,0.6213381290435791,0.31578540802001953,-0.01336932834237814,0.6268168687820435,0.2529963552951813,-0.022779937833547592,0.6257638931274414,0.1973009705543518,-0.03371139615774155,0.6826986074447632,0.2518872618675232,-0.02030632644891739,0.6793091297149658,0.1713767647743225,-0.038989823311567307,0.6827672123908997,0.11591756343841553,-0.05212286487221718,0.6864044666290283,0.06626319885253906,-0.06246446445584297,0.6993513107299805,0.2701883316040039,-0.028652332723140717,0.6164487600326538,0.2398059070110321,-0.05413619056344032,0.5635325312614441,0.23627272248268127,-0.06380967795848846,0.5297538042068481,0.23185250163078308,-0.06967759132385254,0.7006095051765442,0.3020619750022888,-0.037201911211013794,0.6119596362113953,0.2929397225379944,-0.06154043972492218,0.6036962866783142,0.3388132154941559,-0.05392315983772278,0.6118007898330688,0.3748391270637512,-0.045123957097530365,0.6921608448028564,0.33810198307037354,-0.04694880172610283,0.6229907870292664,0.3215738832950592,-0.06510841101408005,0.6130112409591675,0.35585904121398926,-0.058028895407915115,0.6190046668052673,0.3863677382469177,-0.04857473075389862,k
0.6734558939933777,0.4795984923839569,-2.430995209579123e-07,0.6245670318603516,0.39658322930336,-0.004323848057538271,0.6209668517112732,0.31456631422042847,-0.01046387106180191,0.6258546710014343,0.25241851806640625,-0.019361179322004318,0.6248198747634888,0.19721490144729614,-0.0296486746519804,0.6813649535179138,0.2512013614177704,-0.01653730310499668,0.6789042353630066,0.17090874910354614,-0.03408227860927582,0.6815602779388428,0.1158716231584549,-0.04606831818819046,0.6847445964813232,0.06717248260974884,-0.05552311986684799,0.6975409984588623,0.269538551568985,-0.025663986802101135,0.6166770458221436,0.24003010988235474,-0.049585312604904175,0.5645873546600342,0.23675724864006042,-0.058813005685806274,0.5316586494445801,0.23210854828357697,-0.0645943358540535,0.6988089084625244,0.30160632729530334,-0.03498265519738197,0.6113450527191162,0.29295814037323,-0.05826451629400253,0.603011965751648,0.338910311460495,-0.05069483816623688,0.6107373833656311,0.37458479404449463,-0.04212088882923126,0.6904907822608948,0.3380729556083679,-0.045353058725595474,0.6216118335723877,0.3214584290981293,-0.062465522438287735,0.6120034456253052,0.3554888069629669,-0.05508974939584732,0.618189811706543,0.38561493158340454,-0.04562181234359741,k
0.673334002494812,0.4782334566116333,-2.4270983089991205e-07,0.6244723796844482,0.39509251713752747,-0.004504925571382046,0.620705246925354,0.31283020973205566,-0.011048062704503536,0.625241756439209,0.25035667419433594,-0.020131435245275497,0.6239133477210999,0.19492103159427643,-0.030632972717285156,0.680761456489563,0.24998071789741516,-0.01813521981239319,0.6779783368110657,0.16982612013816833,-0.03603235259652138,0.6809893250465393,0.11504197120666504,-0.04829633608460426,0.6845253109931946,0.06605833768844604,-0.05803423374891281,0.6971347332000732,0.2687045931816101,-0.027188997715711594,0.6156620979309082,0.2390909492969513,-0.051680322736501694,0.5631181001663208,0.23516710102558136,-0.06089631840586662,0.5295337438583374,0.22987869381904602,-0.0667346864938736,0.6984702348709106,0.30076923966407776,-0.03633861243724823,0.6106465458869934,0.2918533682823181,-0.05980558320879936,0.6027591824531555,0.3376081585884094,-0.051878757774829865,0.6107451915740967,0.37327730655670166,-0.04319318011403084,0.6905196905136108,0.33699530363082886,-0.04655926302075386,0.6213542222976685,0.3204207420349121,-0.06400272250175476,0.6113871335983276,0.3548245131969452,-0.05657972767949104,0.6172284483909607,0.3851901590824127,-0.04711797088384628,k
0.6740524768829346,0.4778057336807251,-2.4266861942123796e-07,0.624862015247345,0.39382606744766235,-0.0035651889629662037,0.6207124590873718,0.31206804513931274,-0.00994543731212616,0.6246909499168396,0.2493395060300827,-0.019112685695290565,0.6229079365730286,0.19421282410621643,-0.029711032286286354,0.6806458830833435,0.24859759211540222,-0.01694045215845108,0.6768441200256348,0.1682991236448288,-0.03481931984424591,0.6795473098754883,0.1135483831167221,-0.047100480645895004,0.6829559803009033,0.06472145020961761,-0.0568230077624321,0.6965795159339905,0.2670162320137024,-0.026465505361557007,0.614464282989502,0.2381231188774109,-0.05097499489784241,0.562556266784668,0.23480284214019775,-0.06028778851032257,0.5296366214752197,0.22966508567333221,-0.06610871851444244,0.6974942684173584,0.299019992351532,-0.03606528043746948,0.6091626882553101,0.29129451513290405,-0.05953753739595413,0.6021396517753601,0.33701562881469727,-0.051828548312187195,0.6108777523040771,0.3720797300338745,-0.04323552921414375,0.6889907121658325,0.33523809909820557,-0.04665163531899452,0.6195398569107056,0.3198662996292114,-0.0639403760433197,0.6106363534927368,0.3542798161506653,-0.05662167817354202,0.6173202991485596,0.38412681221961975,-0.0472317710518837,k
0.6762879490852356,0.47439974546432495,-2.506687906134175e-07,0.6279840469360352,0.3914284110069275,-0.0036819083616137505,0.6228855848312378,0.3105676472187042,-0.009973317384719849,0.6263737082481384,0.24829232692718506,-0.019072871655225754,0.6245929598808289,0.19447238743305206,-0.02955615520477295,0.6820034980773926,0.2467024028301239,-0.016043584793806076,0.6781089901924133,0.16705507040023804,-0.03424708917737007,0.6800208687782288,0.11247925460338593,-0.04638111963868141,0.6823258996009827,0.06423182785511017,-0.05574946850538254,0.6969443559646606,0.2649160325527191,-0.025400035083293915,0.6158422827720642,0.2359500527381897,-0.05030346289277077,0.564414918422699,0.2351478636264801,-0.059543583542108536,0.5322748422622681,0.2329704463481903,-0.0650128647685051,0.6972492337226868,0.29618602991104126,-0.0349673256278038,0.6106590628623962,0.288468599319458,-0.05943109095096588,0.6030862331390381,0.33418306708335876,-0.05234859511256218,0.6115715503692627,0.3688514530658722,-0.043742697685956955,0.6886875033378601,0.3317077159881592,-0.045441918075084686,0.6202853322029114,0.31748783588409424,-0.06350375711917877,0.6103417277336121,0.3526918888092041,-0.05678827688097954,0.6164435148239136,0.3828519880771637,-0.04755306988954544,k
0.6810811161994934,0.4697147607803345,-2.427171921226545e-07,0.6332746744155884,0.3899206221103668,-0.005511969793587923,0.6263551712036133,0.31097832322120667,-0.012239680625498295,0.6297829151153564,0.24849341809749603,-0.021365098655223846,0.6285408735275269,0.19545303285121918,-0.031604938209056854,0.6858763098716736,0.24475346505641937,-0.016446517780423164,0.6813567876815796,0.1658322513103485,-0.034892063587903976,0.6828886866569519,0.11176228523254395,-0.047150902450084686,0.6848430633544922,0.06399278342723846,-0.0563553087413311,0.6999462246894836,0.26142391562461853,-0.024601567536592484,0.620499849319458,0.23388837277889252,-0.04971993342041969,0.5691344738006592,0.23270978033542633,-0.05946733057498932,0.536180317401886,0.2299252152442932,-0.06497211009263992,0.7000374794006348,0.29109814763069153,-0.03309708088636398,0.614611029624939,0.28735804557800293,-0.05798959359526634,0.6072909832000732,0.3330017328262329,-0.051660068333148956,0.6153662204742432,0.3676043152809143,-0.04317951202392578,0.6915559768676758,0.3257618248462677,-0.04261591657996178,0.6233929395675659,0.3153339624404907,-0.06072317808866501,0.6133813261985779,0.35010620951652527,-0.054274264723062515,0.6186726093292236,0.3797764182090759,-0.045014288276433945,k
0.6884558200836182,0.46746841073036194,-2.448356042350497e-07,0.6422567367553711,0.3865944743156433,-0.0042676981538534164,0.6346915364265442,0.30835118889808655,-0.010868155397474766,0.6369274854660034,0.24576714634895325,-0.020051568746566772,0.6348811388015747,0.19253015518188477,-0.030750354751944542,0.6941447257995605,0.24499815702438354,-0.015732407569885254,0.6877542734146118,0.16733691096305847,-0.03366120904684067,0.68946373462677,0.11432498693466187,-0.04573427885770798,0.6923967003822327,0.06670244038105011,-0.05488579720258713,0.70693039894104,0.2618844509124756,-0.02392883226275444,0.6261543035507202,0.2324906438589096,-0.04714346304535866,0.5746616721153259,0.23216141760349274,-0.05658632889389992,0.5426398515701294,0.2299383580684662,-0.06262320280075073,0.7052966952323914,0.29124167561531067,-0.03230412304401398,0.6197948455810547,0.2855238616466522,-0.055823057889938354,0.6115076541900635,0.3302362263202667,-0.0498419813811779,0.6200307607650757,0.36381182074546814,-0.042176246643066406,0.6947271227836609,0.3246481120586395,-0.041428226977586746,0.6274322271347046,0.3107934594154358,-0.058639224618673325,0.6175785660743713,0.3447038233280182,-0.05227171629667282,0.6236293911933899,0.3740675449371338,-0.043508391827344894,k
0.6951297521591187,0.4622948169708252,-2.3049261699270573e-07,0.6500797867774963,0.3830444812774658,-0.004058260936290026,0.6434024572372437,0.30637478828430176,-0.010574675165116787,0.6458318829536438,0.24506768584251404,-0.019927820190787315,0.6447377800941467,0.19225943088531494,-0.030996553599834442,0.699727475643158,0.2432599812746048,-0.014452282339334488,0.6936711668968201,0.16413068771362305,-0.034370601177215576,0.6966521739959717,0.10921940207481384,-0.048412926495075226,0.7002400159835815,0.06081153452396393,-0.05868468061089516,0.713228166103363,0.2578951120376587,-0.023031625896692276,0.6311342716217041,0.23059432208538055,-0.048963725566864014,0.5772963762283325,0.22766505181789398,-0.05990097299218178,0.5415318012237549,0.22089463472366333,-0.06608808040618896,0.7127253413200378,0.2857919931411743,-0.031935758888721466,0.6266598105430603,0.28407910466194153,-0.057135578244924545,0.6215201020240784,0.329461008310318,-0.0511520653963089,0.6317092776298523,0.36161085963249207,-0.04272124916315079,0.7031744718551636,0.31876876950263977,-0.04167938604950905,0.6336553692817688,0.310174822807312,-0.06002461165189743,0.6262907981872559,0.34472978115081787,-0.05342482030391693,0.6343702673912048,0.37234771251678467,-0.04386746510863304,k
0.7014132738113403,0.45431894063949585,-2.1248378345717356e-07,0.6547670960426331,0.376859575510025,-0.0038141317199915648,0.6489206552505493,0.30134356021881104,-0.009890568442642689,0.6512996554374695,0.2411496341228485,-0.018867027014493942,0.6492956280708313,0.1890736222267151,-0.029520099982619286,0.707084596157074,0.23834827542304993,-0.014222107827663422,0.700390100479126,0.15906810760498047,-0.03383833169937134,0.7035335898399353,0.10467982292175293,-0.04726850241422653,0.7077751159667969,0.057555124163627625,-0.056798793375492096,0.7200412154197693,0.2534376382827759,-0.02255605347454548,0.6394971609115601,0.2259187400341034,-0.048937227576971054,0.5865761637687683,0.22276519238948822,-0.059694547206163406,0.5524100661277771,0.21727582812309265,-0.06541535258293152,0.7191153764724731,0.28137633204460144,-0.03119971975684166,0.6330433487892151,0.27977198362350464,-0.056864410638809204,0.6258450150489807,0.3257179260253906,-0.05128898844122887,0.6350440382957458,0.3591407537460327,-0.042814407497644424,0.7092662453651428,0.3141668438911438,-0.040636297315359116,0.6401196718215942,0.30655744671821594,-0.05897051841020584,0.6316697001457214,0.3414754867553711,-0.052690539509058,0.6394960880279541,0.3694576025009155,-0.0432976633310318,k
0.7043666243553162,0.4535675048828125,-2.285530484869014e-07,0.6596059799194336,0.37448596954345703,-0.004413230810314417,0.6551921963691711,0.29755523800849915,-0.01000992301851511,0.6579271554946899,0.2370346635580063,-0.01849379576742649,0.656058669090271,0.18331825733184814,-0.02861781418323517,0.7138012051582336,0.2365395575761795,-0.01310673262923956,0.7088494300842285,0.15819349884986877,-0.03114820271730423,0.7122664451599121,0.10427898168563843,-0.043360352516174316,0.7159920930862427,0.05693510174751282,-0.05227947235107422,0.7262798547744751,0.252180814743042,-0.021115543320775032,0.6471467018127441,0.2236798107624054,-0.04693980515003204,0.5941303372383118,0.22223082184791565,-0.058157335966825485,0.5593261122703552,0.21858040988445282,-0.06409269571304321,0.7249955534934998,0.2802790403366089,-0.029383324086666107,0.6406980156898499,0.2770780622959137,-0.05575008690357208,0.6312242150306702,0.32376694679260254,-0.05101726949214935,0.6375672817230225,0.35777074098587036,-0.04260663315653801,0.7152993083000183,0.3128739297389984,-0.03832554817199707,0.6490904688835144,0.30105069279670715,-0.057150889188051224,0.6391120553016663,0.3365274667739868,-0.05094089359045029,0.6439845561981201,0.3659879267215729,-0.041311223059892654,k
0.711199164390564,0.4509564936161041,-2.3153546635512612e-07,0.6642981767654419,0.37275147438049316,-0.003934235777705908,0.6600313782691956,0.29625582695007324,-0.009512955322861671,0.6617994904518127,0.23620304465293884,-0.01790747605264187,0.6581072211265564,0.18424925208091736,-0.028055591508746147,0.720425009727478,0.23430129885673523,-0.013700107112526894,0.7134014964103699,0.15483196079730988,-0.03163814917206764,0.7169456481933594,0.1012849509716034,-0.044124532490968704,0.721593976020813,0.05360543727874756,-0.053558286279439926,0.7321859002113342,0.24899809062480927,-0.021691247820854187,0.6511004567146301,0.22027267515659332,-0.046650223433971405,0.598568856716156,0.21785369515419006,-0.05733818933367729,0.5655366778373718,0.2123563140630722,-0.06359021365642548,0.7297844290733337,0.27677157521247864,-0.02985033206641674,0.6446350812911987,0.27335843443870544,-0.05462614446878433,0.6361333727836609,0.3196864128112793,-0.04933259263634682,0.6442810297012329,0.3524450659751892,-0.04164719954133034,0.7185999155044556,0.30943793058395386,-0.03882390633225441,0.6519241333007812,0.301866739988327,-0.05698680132627487,0.6435270309448242,0.3375183343887329,-0.051463957875967026,0.6507307887077332,0.36544567346572876,-0.04298200458288193,k
0.7160532474517822,0.4496159553527832,-2.1703522179450374e-07,0.6703684329986572,0.3725501298904419,-0.005920950789004564,0.6658971309661865,0.2962802052497864,-0.011905040591955185,0.6688156127929688,0.23557104170322418,-0.02046026661992073,0.6668235063552856,0.1842062771320343,-0.030520081520080566,0.7243961095809937,0.23291295766830444,-0.013935846276581287,0.720198929309845,0.15353742241859436,-0.032851047813892365,0.7245079278945923,0.09944169223308563,-0.045727964490652084,0.7296205163002014,0.05175800621509552,-0.05509760230779648,0.7375137805938721,0.24758383631706238,-0.021050458773970604,0.6584945321083069,0.21771200001239777,-0.04750371351838112,0.6069983243942261,0.21595606207847595,-0.058818355202674866,0.5743832588195801,0.21092656254768372,-0.06479346007108688,0.7368944883346558,0.2746112644672394,-0.028665022924542427,0.6521692872047424,0.2704225480556488,-0.05575162544846535,0.6426365375518799,0.31762057542800903,-0.05128522589802742,0.649052083492279,0.3524899482727051,-0.04294480383396149,0.7275525331497192,0.3064892292022705,-0.0371558777987957,0.6600701212882996,0.2967911660671234,-0.056836895644664764,0.6496418714523315,0.3329138159751892,-0.051578015089035034,0.6542625427246094,0.362840473651886,-0.04255151376128197,k
0.721540093421936,0.44425371289253235,-2.1503859670701786e-07,0.6786748766899109,0.3671856224536896,-0.004402826074510813,0.6741229891777039,0.29078367352485657,-0.010313072241842747,0.6759940981864929,0.23084184527397156,-0.019096432253718376,0.673475980758667,0.17905491590499878,-0.02930646575987339,0.7290982007980347,0.22772929072380066,-0.014265521429479122,0.7262465953826904,0.15080755949020386,-0.033557597547769547,0.7308539152145386,0.09767895936965942,-0.046463996171951294,0.7364122867584229,0.05110900104045868,-0.05563867837190628,0.7425791025161743,0.24270261824131012,-0.022287173196673393,0.664425253868103,0.21502259373664856,-0.04811232537031174,0.6130794882774353,0.21060478687286377,-0.05875244736671448,0.5797451138496399,0.2040747106075287,-0.06451461464166641,0.7425439357757568,0.2706787884235382,-0.03065512515604496,0.6586032509803772,0.26967373490333557,-0.0559995174407959,0.6502869129180908,0.31536296010017395,-0.05059913545846939,0.6566332578659058,0.3487980365753174,-0.04222127050161362,0.7345873713493347,0.30415624380111694,-0.039953429251909256,0.6686882376670837,0.29727280139923096,-0.057746563106775284,0.6587178707122803,0.33126574754714966,-0.05184069648385048,0.6626933217048645,0.3591158986091614,-0.04278889670968056,k
0.7303666472434998,0.4431881904602051,-2.1625115209644719e-07,0.6845937371253967,0.3669095039367676,-0.0038409498520195484,0.6801242828369141,0.2904030680656433,-0.00920388288795948,0.6826149225234985,0.2302325814962387,-0.01751747913658619,0.6800962090492249,0.17877385020256042,-0.02735147252678871,0.7372210025787354,0.22742006182670593,-0.012983180582523346,0.7326204776763916,0.14842452108860016,-0.031794801354408264,0.7373108863830566,0.09509675204753876,-0.04471537098288536,0.7426625490188599,0.04804600775241852,-0.054217949509620667,0.7500787973403931,0.24223347008228302,-0.021383635699748993,0.671322762966156,0.21296252310276031,-0.04733757674694061,0.6208515763282776,0.21055428683757782,-0.0582677498459816,0.5890498161315918,0.20437607169151306,-0.06434083729982376,0.7493299841880798,0.26995423436164856,-0.03012756071984768,0.6643518209457397,0.2654784619808197,-0.056258369237184525,0.6551151275634766,0.31164371967315674,-0.05109860748052597,0.6624349355697632,0.34417468309402466,-0.04287981986999512,0.7398985624313354,0.3025616407394409,-0.039633579552173615,0.6724624037742615,0.29204320907592773,-0.05846896395087242,0.663242518901825,0.32678085565567017,-0.05265744775533676,0.670242428779602,0.35419899225234985,-0.04367086663842201,k
0.7352380156517029,0.4381694197654724,-1.9597629830059304e-07,0.6884484887123108,0.3609406352043152,-0.004439600743353367,0.685014009475708,0.2860485017299652,-0.009967608377337456,0.6899939179420471,0.2268277108669281,-0.018475249409675598,0.68861323595047,0.17580774426460266,-0.028423745185136795,0.7443426251411438,0.22423811256885529,-0.013163125142455101,0.7407068014144897,0.14666974544525146,-0.03228800371289253,0.7449116110801697,0.09380114078521729,-0.045179497450590134,0.7498418092727661,0.047718584537506104,-0.0543823204934597,0.757994532585144,0.23943860828876495,-0.021351616829633713,0.6809343099594116,0.2109711468219757,-0.047711797058582306,0.6287946105003357,0.20610803365707397,-0.05897236615419388,0.5950720310211182,0.19879066944122314,-0.06505659222602844,0.757573127746582,0.2671360671520233,-0.030025873333215714,0.6726931929588318,0.2648254334926605,-0.05630258098244667,0.6625269055366516,0.309061199426651,-0.05162445455789566,0.669203519821167,0.34088605642318726,-0.04351833462715149,0.7479488253593445,0.2994879484176636,-0.03954026475548744,0.6798703074455261,0.29096508026123047,-0.05774041637778282,0.6708696484565735,0.32408207654953003,-0.051892783492803574,0.6783167719841003,0.3501717746257782,-0.04288110509514809,k
0.7397394180297852,0.4361463189125061,-2.2441447811161197e-07,0.6954863667488098,0.3599563539028168,-0.00305553013458848,0.6907399892807007,0.2841729521751404,-0.008287297561764717,0.6927815079689026,0.22489601373672485,-0.016941839829087257,0.6922377347946167,0.17428728938102722,-0.02690345048904419,0.7468550801277161,0.22071030735969543,-0.010903202928602695,0.7454793453216553,0.1435815989971161,-0.029840895906090736,0.750337541103363,0.09104083478450775,-0.04291553422808647,0.756122350692749,0.04533770680427551,-0.05253465473651886,0.7622697949409485,0.23479512333869934,-0.020336396992206573,0.6843187212944031,0.20725294947624207,-0.046006616204977036,0.6338452100753784,0.20368574559688568,-0.0565517321228981,0.6024913787841797,0.1954171061515808,-0.0622829869389534,0.7640745639801025,0.2627132534980774,-0.030343344435095787,0.678839921951294,0.2593459486961365,-0.05578091740608215,0.6701527237892151,0.3058214783668518,-0.04967796057462692,0.6769757270812988,0.33932825922966003,-0.040851984173059464,0.757438600063324,0.29582881927490234,-0.04129394143819809,0.6894413828849792,0.2861469089984894,-0.0595829114317894,0.6792178750038147,0.3206452429294586,-0.05302885174751282,0.6841338872909546,0.3490864038467407,-0.04338386282324791,k
0.7445108890533447,0.4354495406150818,-2.1895702673191408e-07,0.7008782625198364,0.3597240447998047,-0.004377755802124739,0.6965844035148621,0.2834702730178833,-0.009625779464840889,0.6986744403839111,0.22335366904735565,-0.01797737553715706,0.6959531903266907,0.17187389731407166,-0.027674296870827675,0.7530593276023865,0.21812142431735992,-0.011120641604065895,0.7518917322158813,0.14095714688301086,-0.030189089477062225,0.7565314173698425,0.08782868087291718,-0.04327458143234253,0.7617852091789246,0.041139885783195496,-0.052739061415195465,0.7679579257965088,0.23237130045890808,-0.01947525516152382,0.6908177733421326,0.2027151733636856,-0.04492839053273201,0.6410679817199707,0.20172567665576935,-0.05539781600236893,0.610688328742981,0.1961025595664978,-0.0608784481883049,0.7692564725875854,0.2597406208515167,-0.02850838005542755,0.6855108737945557,0.25394555926322937,-0.05462750792503357,0.6758881211280823,0.3013814091682434,-0.04920947924256325,0.6816806793212891,0.33588874340057373,-0.04043405130505562,0.7619818449020386,0.2920275330543518,-0.03846319764852524,0.6951682567596436,0.281693696975708,-0.05758413299918175,0.6843574047088623,0.317258358001709,-0.051756907254457474,0.6881170272827148,0.3464444875717163,-0.04233834892511368,k
0.749346137046814,0.43309879302978516,-2.3426537154591642e-07,0.706957995891571,0.35365474224090576,-0.0029117080848664045,0.7027694582939148,0.2777425944805145,-0.007727683987468481,0.7049970030784607,0.2186400294303894,-0.016050998121500015,0.7036365270614624,0.16682729125022888,-0.02570183388888836,0.7582095861434937,0.21608009934425354,-0.009446513839066029,0.7565037608146667,0.14034327864646912,-0.028270050883293152,0.7611575126647949,0.08845272660255432,-0.041010793298482895,0.7665079236030579,0.04274636507034302,-0.050170399248600006,0.7733203172683716,0.2305297702550888,-0.0187268927693367,0.6963950991630554,0.20178963243961334,-0.04417484998703003,0.6451252102851868,0.19780181348323822,-0.05492805689573288,0.6123676300048828,0.19036519527435303,-0.060699183493852615,0.7750149369239807,0.2579675614833832,-0.028655683621764183,0.6901648044586182,0.25349077582359314,-0.054728664457798004,0.6807681918144226,0.3014887571334839,-0.04915408790111542,0.6869516372680664,0.33654046058654785,-0.04023333638906479,0.7680120468139648,0.2906273901462555,-0.039431456476449966,0.7003517746925354,0.27966633439064026,-0.05807067081332207,0.6902137994766235,0.3148628771305084,-0.051805563271045685,0.6949372887611389,0.34407052397727966,-0.04216326028108597,k
0.7520513534545898,0.4253505766391754,-2.2234443974866736e-07,0.7085347175598145,0.3485909402370453,-0.0039030215702950954,0.7054376006126404,0.27348455786705017,-0.009632699191570282,0.7088527679443359,0.21551470458507538,-0.018411245197057724,0.7085789442062378,0.16493916511535645,-0.028675759211182594,0.7612048387527466,0.21091227233409882,-0.01419826503843069,0.761432945728302,0.13565374910831451,-0.03403506055474281,0.7665680646896362,0.08336560428142548,-0.047534409910440445,0.7720058560371399,0.03788377344608307,-0.057258617132902145,0.7780731320381165,0.22627553343772888,-0.023126084357500076,0.7005814909934998,0.19978950917720795,-0.04936361312866211,0.6489165425300598,0.1951655149459839,-0.05971913039684296,0.6157391667366028,0.18766000866889954,-0.06528396159410477,0.7808922529220581,0.2552110552787781,-0.032505352050065994,0.6949320435523987,0.25275370478630066,-0.05786112695932388,0.686015248298645,0.298366904258728,-0.051122188568115234,0.6928666830062866,0.33160126209259033,-0.04191392660140991,0.7747999429702759,0.2890273928642273,-0.04288327321410179,0.7051597833633423,0.27973851561546326,-0.061107855290174484,0.6954007148742676,0.3140833079814911,-0.05422389507293701,0.701469898223877,0.34197431802749634,-0.044308267533779144,k
0.7559581995010376,0.4222503900527954,-2.2802095145380008e-07,0.7136107087135315,0.3452935814857483,-0.003508389927446842,0.7104434967041016,0.2704181969165802,-0.008115740492939949,0.7127663493156433,0.21179349720478058,-0.016078738495707512,0.7111340165138245,0.16175587475299835,-0.025368688628077507,0.7667939066886902,0.2087618112564087,-0.010810685344040394,0.76626056432724,0.13300219178199768,-0.03002428635954857,0.7716322541236877,0.08053170144557953,-0.0428336001932621,0.7769443392753601,0.03542284667491913,-0.05181067809462547,0.7826150059700012,0.22280080616474152,-0.01991051435470581,0.7073078155517578,0.1937122344970703,-0.047037117183208466,0.6560225486755371,0.18821656703948975,-0.05819656699895859,0.622317373752594,0.1808435320854187,-0.06326741725206375,0.785047173500061,0.24985507130622864,-0.02959769032895565,0.6991373300552368,0.2474900186061859,-0.05685766041278839,0.690076470375061,0.2950327396392822,-0.052155423909425735,0.6963938474655151,0.3307212293148041,-0.04310593754053116,0.7786572575569153,0.2824525833129883,-0.04012862220406532,0.7091422080993652,0.2728751301765442,-0.059661876410245895,0.6997983455657959,0.3082423806190491,-0.053789038211107254,0.7058401703834534,0.3384065628051758,-0.043940093368291855,k
0.7599846720695496,0.419223427772522,-2.51288099661906e-07,0.7204132676124573,0.34100568294525146,-0.0034421535674482584,0.7173303365707397,0.26707589626312256,-0.008463733829557896,0.7190976142883301,0.20912835001945496,-0.01685141585767269,0.7181668877601624,0.15811660885810852,-0.026638545095920563,0.7723042368888855,0.20766761898994446,-0.011514445766806602,0.7720868587493896,0.13141728937625885,-0.029862752184271812,0.7760320901870728,0.07893015444278717,-0.04234934225678444,0.7808318734169006,0.03271692991256714,-0.05158499255776405,0.7878904342651367,0.22228392958641052,-0.02035483717918396,0.7122863531112671,0.1931263953447342,-0.04497070983052254,0.6621339321136475,0.18757177889347076,-0.05523739010095596,0.6302706003189087,0.17918309569358826,-0.06102237477898598,0.7902095317840576,0.2502322494983673,-0.029692068696022034,0.7073478102684021,0.24545006453990936,-0.05498895421624184,0.6987045407295227,0.29319462180137634,-0.04959176480770111,0.7040278315544128,0.3296797275543213,-0.041208844631910324,0.784273624420166,0.2835616171360016,-0.03995272144675255,0.7184073328971863,0.2726292908191681,-0.05906214192509651,0.7063528299331665,0.3073127567768097,-0.053456757217645645,0.707453191280365,0.33837735652923584,-0.04440654441714287,k
0.7650734186172485,0.41987144947052,-2.6907591177405266e-07,0.7234618067741394,0.34240826964378357,-0.0025305654853582382,0.7201004028320312,0.26788169145584106,-0.007154571358114481,0.7232836484909058,0.21005159616470337,-0.015511568635702133,0.7230702042579651,0.15844443440437317,-0.025263477116823196,0.7756674289703369,0.20775556564331055,-0.008194122463464737,0.7760089039802551,0.13160458207130432,-0.02590147778391838,0.7807252407073975,0.07965217530727386,-0.038144826889038086,0.786654531955719,0.03435902297496796,-0.04717607796192169,0.7919723987579346,0.22140276432037354,-0.018016882240772247,0.7182482481002808,0.19304363429546356,-0.04281702637672424,0.6674423217773438,0.18987837433815002,-0.05371883511543274,0.6359175443649292,0.18384608626365662,-0.05943307653069496,0.7952730655670166,0.24856917560100555,-0.028384346514940262,0.7136163711547852,0.2439204901456833,-0.053697455674409866,0.7030438184738159,0.2915722131729126,-0.04852248355746269,0.7080872058868408,0.32646918296813965,-0.04009576514363289,0.7903827428817749,0.281266450881958,-0.03961858153343201,0.7240412831306458,0.27114880084991455,-0.05807063728570938,0.7122138738632202,0.3066387176513672,-0.05192313343286514,0.7150118947029114,0.33697664737701416,-0.042415469884872437,k
0.7683570384979248,0.4151255488395691,-2.4984584001686017e-07,0.729279637336731,0.3378361463546753,-0.003815003903582692,0.7269110679626465,0.26472607254981995,-0.009310119785368443,0.7293105721473694,0.20661239326000214,-0.01786230318248272,0.7273252010345459,0.1557064652442932,-0.027840636670589447,0.7819874882698059,0.2067912071943283,-0.012751608155667782,0.7814037203788757,0.1301368772983551,-0.03149440139532089,0.7868081331253052,0.07776223123073578,-0.0440705344080925,0.7928758263587952,0.03225898742675781,-0.05316739156842232,0.7972208261489868,0.2218518853187561,-0.021622560918331146,0.7223265767097473,0.19245396554470062,-0.04756137728691101,0.672278106212616,0.1867828518152237,-0.058029767125844955,0.639765739440918,0.1790594756603241,-0.06336210668087006,0.799462616443634,0.24904118478298187,-0.03092958964407444,0.7162831425666809,0.24438194930553436,-0.057030417025089264,0.7082087993621826,0.29073435068130493,-0.05159984901547432,0.7146628499031067,0.32534259557724,-0.042827438563108444,0.7936065793037415,0.2810084819793701,-0.041063275188207626,0.7261075377464294,0.2685836851596832,-0.06024610251188278,0.7158269286155701,0.30334988236427307,-0.05405076965689659,0.7203758955001831,0.33327388763427734,-0.044389236718416214,k
0.7698617577552795,0.4140908122062683,-2.6609362180352036e-07,0.7300057411193848,0.3371928930282593,-0.0037871524691581726,0.7284389138221741,0.26456549763679504,-0.00835615023970604,0.7321285009384155,0.20761972665786743,-0.01626245304942131,0.7310975790023804,0.15750239789485931,-0.02560437098145485,0.7856022715568542,0.20770472288131714,-0.010188708081841469,0.7846933603286743,0.13025793433189392,-0.028387118130922318,0.7888556122779846,0.07791021466255188,-0.04058874025940895,0.7936874628067017,0.032024964690208435,-0.04951713979244232,0.8019227385520935,0.22091268002986908,-0.019168049097061157,0.7279394865036011,0.19025643169879913,-0.04499203711748123,0.6759654879570007,0.18503686785697937,-0.0560353621840477,0.6428605318069458,0.1770690381526947,-0.06152729690074921,0.8052527904510498,0.24703016877174377,-0.028702761977910995,0.7227552533149719,0.24085591733455658,-0.05526120215654373,0.712175190448761,0.28819379210472107,-0.05056279897689819,0.7170563340187073,0.3235585689544678,-0.04196248948574066,0.7994782328605652,0.2783055007457733,-0.039099954068660736,0.7321538329124451,0.26690810918807983,-0.05843846872448921,0.7218865752220154,0.3019949793815613,-0.052688442170619965,0.7264322638511658,0.3321874439716339,-0.04322192072868347,k
0.7745635509490967,0.41364586353302,-3.017458425347286e-07,0.7349823117256165,0.33458635210990906,-0.0016600663075223565,0.7339298129081726,0.2625117301940918,-0.005336255766451359,0.7367286086082458,0.20634318888187408,-0.012737050652503967,0.7354376316070557,0.15544705092906952,-0.02166152000427246,0.7911306619644165,0.20723019540309906,-0.006978271063417196,0.7889344692230225,0.13135890662670135,-0.022967277094721794,0.792471706867218,0.07992950081825256,-0.03374769166111946,0.7972139120101929,0.03506907820701599,-0.0418073944747448,0.8062593936920166,0.2196314036846161,-0.016333263367414474,0.7311669588088989,0.1904945969581604,-0.04014976695179939,0.6809726357460022,0.1871221959590912,-0.05072189122438431,0.6496345400810242,0.18208953738212585,-0.05602320283651352,0.8088171482086182,0.24502618610858917,-0.025962218642234802,0.7267148494720459,0.24142882227897644,-0.050295911729335785,0.7173774838447571,0.2891029417514801,-0.04598482698202133,0.7227509021759033,0.3241286873817444,-0.03824365511536598,0.8031501173973083,0.27608829736709595,-0.03627337887883186,0.7362027168273926,0.26847711205482483,-0.05348560959100723,0.7264584302902222,0.3042888641357422,-0.047709640115499496,0.7308055758476257,0.3343792259693146,-0.03870348259806633,k
0.7773594260215759,0.41244935989379883,-2.904124016822607e-07,0.7385653257369995,0.3343011438846588,-0.0013764811446890235,0.7375157475471497,0.26077067852020264,-0.005362167954444885,0.7404385805130005,0.2036632001399994,-0.01297001913189888,0.7394413352012634,0.15193390846252441,-0.022035891190171242,0.7929595708847046,0.2056507021188736,-0.009012137539684772,0.7914422154426575,0.12969549000263214,-0.02593372017145157,0.7958455681800842,0.07785311341285706,-0.03762403130531311,0.8010152578353882,0.03306671977043152,-0.04647040739655495,0.808868408203125,0.21908746659755707,-0.019019830971956253,0.7340371608734131,0.19047269225120544,-0.04348566010594368,0.684531569480896,0.18629443645477295,-0.05375199019908905,0.6533073782920837,0.1801212728023529,-0.059104662388563156,0.8118051290512085,0.24602170288562775,-0.029293494299054146,0.7296696901321411,0.23983821272850037,-0.053487468510866165,0.720533013343811,0.28648272156715393,-0.047952234745025635,0.7256300449371338,0.3217875063419342,-0.039751458913087845,0.8069175481796265,0.2787024974822998,-0.040345367044210434,0.7406530976295471,0.2666036784648895,-0.05802050605416298,0.7290787100791931,0.3007561266422272,-0.05182366073131561,0.7313516736030579,0.3307588994503021,-0.042627207934856415,k
0.7805702090263367,0.41333064436912537,-2.8406853402884735e-07,0.7402364015579224,0.33649319410324097,-0.0036635936703532934,0.7385467886924744,0.2629672884941101,-0.008143724873661995,0.7418538331985474,0.2055419683456421,-0.015860239043831825,0.7404336929321289,0.1543681025505066,-0.024938631802797318,0.7954029440879822,0.20713576674461365,-0.01003244984894991,0.7942992448806763,0.13036084175109863,-0.027227940037846565,0.7984696626663208,0.0784541517496109,-0.03895112872123718,0.8033908605575562,0.03259602189064026,-0.047698069363832474,0.811781108379364,0.22006426751613617,-0.018845802173018456,0.7390651106834412,0.19069506227970123,-0.04398941993713379,0.6899913549423218,0.18723644316196442,-0.05469468608498573,0.6589792370796204,0.18183915317058563,-0.05992725491523743,0.8152986168861389,0.24601909518241882,-0.028117014095187187,0.7346533536911011,0.24136802554130554,-0.053692352026700974,0.7247421145439148,0.2889994978904724,-0.04902617633342743,0.7294671535491943,0.3246733546257019,-0.040757935494184494,0.8102595210075378,0.2774363160133362,-0.038266632705926895,0.7444470524787903,0.2671928107738495,-0.05687982216477394,0.7336334586143494,0.30250269174575806,-0.05126779153943062,0.7371793389320374,0.3330484628677368,-0.04215255752205849,k
0.7798832058906555,0.4098948836326599,-2.9125666856089083e-07,0.7436009049415588,0.3319095969200134,-0.0023293900303542614,0.7423049807548523,0.2592858374118805,-0.0069449166767299175,0.745551586151123,0.20310673117637634,-0.014979202300310135,0.745579719543457,0.1530212163925171,-0.024383259937167168,0.7988827228546143,0.2058304250240326,-0.010497244074940681,0.7969242930412292,0.13065886497497559,-0.0281201358884573,0.8009015917778015,0.07924783229827881,-0.0402446910738945,0.8063609004020691,0.03412869572639465,-0.04931109398603439,0.815057098865509,0.21952712535858154,-0.02002285048365593,0.7412151098251343,0.19072335958480835,-0.044283803552389145,0.6920896768569946,0.18646083772182465,-0.05429582670331001,0.6613413095474243,0.18034376204013824,-0.059600312262773514,0.8185010552406311,0.24614843726158142,-0.029916027560830116,0.7374826073646545,0.23991717398166656,-0.05430033057928085,0.7282600998878479,0.2863408923149109,-0.04889648035168648,0.732952356338501,0.322164922952652,-0.04067744314670563,0.8136522769927979,0.27858301997184753,-0.040651142597198486,0.7476034164428711,0.2671017348766327,-0.058822792023420334,0.7363181114196777,0.30088186264038086,-0.05309261009097099,0.7384728193283081,0.33110707998275757,-0.044130634516477585,k
0.7822675704956055,0.4108595848083496,-3.0795777661296597e-07,0.7446743249893188,0.3321647644042969,-0.0012207733234390616,0.74420565366745,0.2603960633277893,-0.005223945714533329,0.7480306029319763,0.20393943786621094,-0.013037017546594143,0.7475869059562683,0.15296760201454163,-0.0223397146910429,0.8002598881721497,0.20595139265060425,-0.00852872058749199,0.7972310781478882,0.12962298095226288,-0.0260325875133276,0.8023161292076111,0.07745249569416046,-0.03874729573726654,0.8087022304534912,0.032127127051353455,-0.048344649374485016,0.8164830803871155,0.2184639871120453,-0.018678968772292137,0.7424296140670776,0.1900024116039276,-0.04258715361356735,0.6940175890922546,0.18748044967651367,-0.05282912775874138,0.6643762588500977,0.1835561990737915,-0.05827688053250313,0.8201001882553101,0.24497069418430328,-0.029195426031947136,0.7390695810317993,0.23953193426132202,-0.05250447243452072,0.7302812337875366,0.28535765409469604,-0.04716075584292412,0.7357162833213806,0.3202802240848541,-0.03946377709507942,0.8154338598251343,0.2776752710342407,-0.04061001166701317,0.749853253364563,0.2666171193122864,-0.057741448283195496,0.7390362024307251,0.2997574508190155,-0.051930200308561325,0.7416911125183105,0.3291065990924835,-0.04323996603488922,k
0.7856717109680176,0.41270968317985535,-3.154339651700866e-07,0.7475554347038269,0.3342452645301819,-0.00014301684859674424,0.7460905313491821,0.26182305812835693,-0.0043169055134058,0.7488986253738403,0.20538967847824097,-0.01250160951167345,0.7484937310218811,0.15324948728084564,-0.02209530770778656,0.8010615110397339,0.20526862144470215,-0.00786846037954092,0.7985966205596924,0.12950831651687622,-0.02504635974764824,0.8033626675605774,0.07818518579006195,-0.03749882057309151,0.8093066811561584,0.03300316631793976,-0.04703676328063011,0.8178071975708008,0.21717922389507294,-0.01885332725942135,0.7432758212089539,0.18922275304794312,-0.04297133535146713,0.6943783164024353,0.18673725426197052,-0.05311664938926697,0.6636416912078857,0.1833048164844513,-0.0584833063185215,0.8216226100921631,0.24350659549236298,-0.030102642253041267,0.7399839758872986,0.23915143311023712,-0.053002797067165375,0.7320741415023804,0.28544798493385315,-0.04712805524468422,0.7379417419433594,0.3203240633010864,-0.03935518115758896,0.8171593546867371,0.2760315239429474,-0.04221757501363754,0.7503693699836731,0.26578718423843384,-0.05916967988014221,0.7401625514030457,0.29984262585639954,-0.05308477208018303,0.743565022945404,0.329151451587677,-0.04434531554579735,k
0.7860832214355469,0.412115216255188,-2.9621384101119475e-07,0.749470591545105,0.33405593037605286,-0.0012942799367010593,0.7479279041290283,0.26039451360702515,-0.005258860997855663,0.7497617602348328,0.20421424508094788,-0.013054612092673779,0.748685359954834,0.15305179357528687,-0.022188551723957062,0.8029173016548157,0.20550455152988434,-0.00794492568820715,0.8001413345336914,0.12948527932167053,-0.02541838027536869,0.8039752840995789,0.0780714601278305,-0.03770919516682625,0.8096172213554382,0.03260339796543121,-0.04697387292981148,0.8194972276687622,0.21796110272407532,-0.018154501914978027,0.7455966472625732,0.1889956295490265,-0.04253789782524109,0.6966163516044617,0.18447336554527283,-0.05278149992227554,0.6664369702339172,0.1782383769750595,-0.05813558027148247,0.8235155940055847,0.24413210153579712,-0.028841782361268997,0.7413718104362488,0.23755085468292236,-0.0530802346765995,0.7316597700119019,0.28547364473342896,-0.0476745180785656,0.7365682125091553,0.32222139835357666,-0.039530880749225616,0.81934654712677,0.2761346101760864,-0.040420014411211014,0.7520872354507446,0.26537519693374634,-0.05886135250329971,0.7414913773536682,0.3000210225582123,-0.053587544709444046,0.7451068758964539,0.33014267683029175,-0.04495746269822121,k
0.7856688499450684,0.4105745553970337,-2.9146224278520094e-07,0.7493649125099182,0.33329376578330994,-0.0022194755729287863,0.7481436729431152,0.26015016436576843,-0.0065648434683680534,0.7506998181343079,0.2036607712507248,-0.014524409547448158,0.7510636448860168,0.15337440371513367,-0.023741465061903,0.8021390438079834,0.20423376560211182,-0.008905284106731415,0.7999982237815857,0.12803609669208527,-0.026449378579854965,0.8046830892562866,0.07622203230857849,-0.039043229073286057,0.811240017414093,0.030747607350349426,-0.048492904752492905,0.8192213773727417,0.21587713062763214,-0.01839699037373066,0.7460508942604065,0.18849414587020874,-0.04267885908484459,0.6986281871795654,0.1852748841047287,-0.05296577885746956,0.669717013835907,0.18097169697284698,-0.0582873672246933,0.8240286707878113,0.24123883247375488,-0.02838277630507946,0.7426197528839111,0.2368791550397873,-0.0519903190433979,0.7334098815917969,0.28415215015411377,-0.046769291162490845,0.7379741668701172,0.3208664059638977,-0.03895562142133713,0.8207715153694153,0.2729429304599762,-0.03943907096982002,0.7541034817695618,0.26438263058662415,-0.05731626972556114,0.7417513132095337,0.2991034984588623,-0.05216037854552269,0.742758572101593,0.3296404480934143,-0.04371840879321098,k
0.7863649725914001,0.4106197953224182,-2.9362070108618354e-07,0.7491900324821472,0.33329904079437256,-0.0018933676183223724,0.7490136623382568,0.26032423973083496,-0.005915849003940821,0.7518253922462463,0.20385956764221191,-0.01369396597146988,0.7515782117843628,0.15237469971179962,-0.02276599034667015,0.8033403754234314,0.20343491435050964,-0.007735599298030138,0.7997213006019592,0.12741680443286896,-0.02479606494307518,0.8044747710227966,0.07622861862182617,-0.0371110700070858,0.8111404776573181,0.031412944197654724,-0.046232134103775024,0.8202117085456848,0.21470658481121063,-0.017285142093896866,0.7461932301521301,0.1872701346874237,-0.04127674549818039,0.6985188126564026,0.18415150046348572,-0.051839154213666916,0.6694292426109314,0.17956402897834778,-0.05725915729999542,0.8247142434120178,0.2398282289505005,-0.027279064059257507,0.742077112197876,0.23598648607730865,-0.050722457468509674,0.731896162033081,0.2834570109844208,-0.04575945436954498,0.7360883951187134,0.319487601518631,-0.03803485631942749,0.8205962181091309,0.2710742950439453,-0.03827252611517906,0.7528735995292664,0.2620854675769806,-0.05533883720636368,0.7408175468444824,0.29694586992263794,-0.049681272357702255,0.7423333525657654,0.3271545171737671,-0.04093528911471367,k
0.7860280275344849,0.41131988167762756,-2.887823882247176e-07,0.7482179999351501,0.3326120972633362,-0.0021449869964271784,0.7480867505073547,0.25994136929512024,-0.0063654519617557526,0.7511087656021118,0.20338904857635498,-0.014345984905958176,0.7506124973297119,0.1517062485218048,-0.023730169981718063,0.803673505783081,0.20376703143119812,-0.007608476560562849,0.7989944219589233,0.12804466485977173,-0.024865739047527313,0.8036208748817444,0.07679755985736847,-0.037543658167123795,0.8101507425308228,0.031892791390419006,-0.04689712077379227,0.820015549659729,0.21538123488426208,-0.017089666798710823,0.7462558746337891,0.18706101179122925,-0.04134847968816757,0.6982110142707825,0.18363693356513977,-0.052254874259233475,0.6687638759613037,0.17905783653259277,-0.05782775953412056,0.8240189552307129,0.24051837623119354,-0.027061333879828453,0.7415963411331177,0.23573924601078033,-0.05078525468707085,0.7309839129447937,0.2834884226322174,-0.045971713960170746,0.7351657748222351,0.32002171874046326,-0.03825343772768974,0.8194754123687744,0.27197399735450745,-0.03805474564433098,0.7522494792938232,0.2625090479850769,-0.0553397536277771,0.7406734824180603,0.29775992035865784,-0.04973916336894035,0.7430400252342224,0.328493595123291,-0.04099082201719284,k
0.7855739593505859,0.41013288497924805,-2.840802437731327e-07,0.7472938299179077,0.3323446214199066,-0.002410082845017314,0.7467643022537231,0.2601647973060608,-0.006538347341120243,0.7498421669006348,0.2039095163345337,-0.014390194788575172,0.7494545578956604,0.1530393660068512,-0.023620691150426865,0.8024506568908691,0.20393486320972443,-0.007842584513127804,0.7985175251960754,0.12736612558364868,-0.025286968797445297,0.8033300638198853,0.07591649889945984,-0.03780518099665642,0.8101656436920166,0.030869707465171814,-0.04690801724791527,0.8192001581192017,0.21540042757987976,-0.01720154471695423,0.7453213334083557,0.18621854484081268,-0.041582293808460236,0.6974017024040222,0.18317842483520508,-0.05238756537437439,0.668471097946167,0.17916323244571686,-0.05774484947323799,0.8237124681472778,0.2399960309267044,-0.02709832228720188,0.741456151008606,0.23516106605529785,-0.051355063915252686,0.7308434247970581,0.2831987142562866,-0.04671550914645195,0.7350492477416992,0.32014375925064087,-0.038818661123514175,0.8196083307266235,0.2709982991218567,-0.037988513708114624,0.7523288130760193,0.26118236780166626,-0.055699944496154785,0.7402500510215759,0.29680630564689636,-0.05005732178688049,0.7419293522834778,0.32823845744132996,-0.04105084761977196,k
0.7856342196464539,0.4109003245830536,-2.917120696110942e-07,0.7466802000999451,0.3340184986591339,-0.0027229157276451588,0.7463083863258362,0.26088449358940125,-0.007363777607679367,0.7502102255821228,0.2039959877729416,-0.015555665828287601,0.7493496537208557,0.15159972012043,-0.025098836049437523,0.8031423687934875,0.20426566898822784,-0.008966179564595222,0.7983754277229309,0.12759990990161896,-0.02643592283129692,0.8030450344085693,0.07601514458656311,-0.039002127945423126,0.8094311356544495,0.03107699751853943,-0.04823247715830803,0.8195411562919617,0.2165902853012085,-0.018497735261917114,0.7452549338340759,0.18635323643684387,-0.04338908940553665,0.6968370079994202,0.18378496170043945,-0.054310545325279236,0.6668331623077393,0.1799483448266983,-0.0595984011888504,0.8233855366706848,0.24204622209072113,-0.02846921607851982,0.7406530380249023,0.23531779646873474,-0.05267941579222679,0.730351448059082,0.2825508415699005,-0.04761798307299614,0.7348577976226807,0.3183450698852539,-0.03947146609425545,0.8184374570846558,0.27364665269851685,-0.0394262969493866,0.7510213851928711,0.2614732086658478,-0.05678539723157883,0.7399659752845764,0.2960907518863678,-0.05067611485719681,0.7430315017700195,0.32641124725341797,-0.04140254855155945,k
0.7845728397369385,0.41078516840934753,-2.956087712391309e-07,0.7451871633529663,0.3346119225025177,-0.003184892935678363,0.7446115612983704,0.2611159384250641,-0.007606165949255228,0.7489622831344604,0.2041436731815338,-0.015460336580872536,0.7489696145057678,0.15188395977020264,-0.024667387828230858,0.8016954660415649,0.20495176315307617,-0.009315005503594875,0.7983623743057251,0.1280149519443512,-0.026555320248007774,0.8028805255889893,0.07586313784122467,-0.039005327969789505,0.8088274598121643,0.030307471752166748,-0.04828403517603874,0.8184409737586975,0.21667006611824036,-0.01846529357135296,0.7440498471260071,0.1869448870420456,-0.042939189821481705,0.6956261396408081,0.18480686843395233,-0.053573936223983765,0.6657783389091492,0.1813453733921051,-0.05878356099128723,0.8228273987770081,0.2415958195924759,-0.028088312596082687,0.7403326034545898,0.2352336347103119,-0.0519600585103035,0.7304583191871643,0.28259801864624023,-0.046695269644260406,0.7350550293922424,0.31842708587646484,-0.038556355983018875,0.8183745741844177,0.27295345067977905,-0.038768988102674484,0.7511950135231018,0.2609069049358368,-0.05624700337648392,0.7401695847511292,0.2959238588809967,-0.05020466446876526,0.7430031299591064,0.32665595412254333,-0.04096641018986702,k
0.7833998799324036,0.4107547402381897,-2.983010176649259e-07,0.7443041205406189,0.3341192603111267,-0.003230931470170617,0.7440209984779358,0.2606973648071289,-0.00783501099795103,0.7484450936317444,0.20343080163002014,-0.015890512615442276,0.7485106587409973,0.15147115290164948,-0.025295987725257874,0.8004940748214722,0.2039736807346344,-0.009310186840593815,0.7971177697181702,0.12696845829486847,-0.02684597112238407,0.8019593954086304,0.07489113509654999,-0.03950255364179611,0.8081483244895935,0.0295524001121521,-0.048896659165620804,0.8172940611839294,0.21615387499332428,-0.018537994474172592,0.7420719861984253,0.1870754063129425,-0.04374896362423897,0.6938793659210205,0.18593162298202515,-0.05465031787753105,0.6640950441360474,0.1829686015844345,-0.059829067438840866,0.8217037916183472,0.24143105745315552,-0.028248559683561325,0.7387185096740723,0.235573872923851,-0.05267395079135895,0.7297319769859314,0.2828649878501892,-0.04750826954841614,0.7349327802658081,0.3179982304573059,-0.039279449731111526,0.8174461722373962,0.27299556136131287,-0.039005424827337265,0.7499017119407654,0.2614854872226715,-0.0569009892642498,0.739189863204956,0.2968173921108246,-0.05092119053006172,0.7422419786453247,0.32736894488334656,-0.04159282520413399,k
0.7826369404792786,0.40992262959480286,-2.948617066067527e-07,0.743095874786377,0.33236491680145264,-0.003186513902619481,0.7425969243049622,0.2596655786037445,-0.008002527058124542,0.7473613619804382,0.20303677022457123,-0.01634608581662178,0.747830331325531,0.1514417827129364,-0.02613878808915615,0.7996261119842529,0.20288066565990448,-0.00969627220183611,0.7957092523574829,0.12675637006759644,-0.027638904750347137,0.8004876375198364,0.07498691976070404,-0.04057399556040764,0.8065875768661499,0.029502466320991516,-0.05013064667582512,0.8167324066162109,0.21515843272209167,-0.01898341439664364,0.7416039109230042,0.18615685403347015,-0.044541820883750916,0.6928870677947998,0.1845812201499939,-0.05549858883023262,0.6626986265182495,0.18183255195617676,-0.060752976685762405,0.8210986852645874,0.24083784222602844,-0.028758889064192772,0.7377971410751343,0.2355414777994156,-0.05395406484603882,0.7276561260223389,0.28339704871177673,-0.049014829099178314,0.7324126958847046,0.3195878565311432,-0.04077009856700897,0.8167548775672913,0.2727915048599243,-0.03952201455831528,0.7490289211273193,0.26178106665611267,-0.05817456915974617,0.7379279732704163,0.29762953519821167,-0.052519988268613815,0.7411399483680725,0.32896143198013306,-0.043363235890865326,k
0.78184574842453,0.41181662678718567,-3.0018318852853554e-07,0.7416033148765564,0.3349373936653137,-0.003048629267141223,0.7415549755096436,0.26143622398376465,-0.007922271266579628,0.7467513084411621,0.2036067247390747,-0.016311997547745705,0.7470496296882629,0.1513776183128357,-0.026131559163331985,0.7988876104354858,0.20430664718151093,-0.009868985041975975,0.7948703169822693,0.12782195210456848,-0.027491996064782143,0.7994068264961243,0.07591226696968079,-0.04037396237254143,0.8053608536720276,0.03046739101409912,-0.05010272562503815,0.8156358003616333,0.21628928184509277,-0.019382527098059654,0.7399225234985352,0.18699438869953156,-0.044240910559892654,0.6910428404808044,0.18487676978111267,-0.05499764159321785,0.6609827280044556,0.18043498694896698,-0.060484543442726135,0.8196232914924622,0.24187619984149933,-0.029341164976358414,0.7365460395812988,0.23546704649925232,-0.05381223186850548,0.7276293039321899,0.2828100919723511,-0.04866734892129898,0.7332932949066162,0.31799551844596863,-0.040728550404310226,0.8147172927856445,0.27354514598846436,-0.04031703621149063,0.7473005056381226,0.26193371415138245,-0.05866902694106102,0.7368400692939758,0.2973897159099579,-0.05301183834671974,0.7406140565872192,0.328141450881958,-0.04408200457692146,k
0.7778154015541077,0.4080153703689575,-2.939767966836371e-07,0.7395339608192444,0.33059728145599365,-0.00263251387514174,0.7394577860832214,0.25837403535842896,-0.0077157956548035145,0.7439680695533752,0.20202721655368805,-0.016298670321702957,0.7449487447738647,0.1508452594280243,-0.026297949254512787,0.7960502505302429,0.20242159068584442,-0.011188521981239319,0.7924098372459412,0.12679879367351532,-0.02898176945745945,0.7971584796905518,0.07528236508369446,-0.04191302880644798,0.8034418821334839,0.030253559350967407,-0.05165689438581467,0.8137598633766174,0.2155154049396515,-0.020877817645668983,0.737991988658905,0.18717853724956512,-0.04544639214873314,0.6904566287994385,0.18444164097309113,-0.05576508864760399,0.6612765789031982,0.18019625544548035,-0.061292048543691635,0.8183087110519409,0.24220281839370728,-0.03091350756585598,0.7342655658721924,0.23559360206127167,-0.05476343631744385,0.7254610061645508,0.2820829451084137,-0.049045320600271225,0.730704128742218,0.3177042007446289,-0.041043587028980255,0.8138923048973083,0.2746709883213043,-0.04195040091872215,0.7457708716392517,0.260692298412323,-0.059922508895397186,0.7344869375228882,0.29451096057891846,-0.05391589179635048,0.7369269132614136,0.3250555992126465,-0.04495010897517204,k
0.7790350914001465,0.4083225131034851,-3.0309053045129986e-07,0.7398872375488281,0.332151859998703,-0.002494417130947113,0.7383993268013,0.2592894434928894,-0.007972953841090202,0.7423851490020752,0.20223815739154816,-0.016986455768346786,0.7425390481948853,0.1503347009420395,-0.02748401090502739,0.7946699261665344,0.20255225896835327,-0.01224630605429411,0.7905195355415344,0.12622036039829254,-0.03067515231668949,0.7953018546104431,0.07463158667087555,-0.04378947615623474,0.8014352917671204,0.029191330075263977,-0.053722083568573,0.8115862011909485,0.2152848243713379,-0.02246232144534588,0.7350407838821411,0.18714258074760437,-0.048901498317718506,0.6863098740577698,0.1852172315120697,-0.059414274990558624,0.6559666395187378,0.1820894479751587,-0.06461768597364426,0.8155229091644287,0.24184848368167877,-0.03294803574681282,0.7320154905319214,0.23679600656032562,-0.05824178084731102,0.7237540483474731,0.283907026052475,-0.05244332179427147,0.7301207184791565,0.3185989260673523,-0.0442093200981617,0.811151921749115,0.2742096185684204,-0.04438859969377518,0.7435318827629089,0.2639012932777405,-0.06357531249523163,0.733029305934906,0.2990175485610962,-0.057980023324489594,0.7372238636016846,0.3287123143672943,-0.049174513667821884,k
0.7767737507820129,0.4089294672012329,-2.9415045332825684e-07,0.7369344234466553,0.3322910666465759,-0.0019399954471737146,0.7369431853294373,0.2593606412410736,-0.006787608843296766,0.7416988611221313,0.202142596244812,-0.015325547195971012,0.7413614988327026,0.1487748622894287,-0.02545018680393696,0.7929649949073792,0.20279452204704285,-0.01059330627322197,0.7892229557037354,0.12678024172782898,-0.028073357418179512,0.7942224740982056,0.07553240656852722,-0.04052360728383064,0.8004063963890076,0.030159786343574524,-0.04996371641755104,0.8095938563346863,0.21591176092624664,-0.020925389602780342,0.734049916267395,0.18684273958206177,-0.046208567917346954,0.6847547292709351,0.18427997827529907,-0.056756310164928436,0.6534504294395447,0.18068760633468628,-0.062138210982084274,0.8133819699287415,0.24245356023311615,-0.03150564804673195,0.730285108089447,0.23638519644737244,-0.05579070746898651,0.7213903069496155,0.28293082118034363,-0.05012723058462143,0.7271203994750977,0.3175610899925232,-0.042085882276296616,0.8086406588554382,0.27459800243377686,-0.04299652576446533,0.7409920692443848,0.2630823850631714,-0.06100839376449585,0.731170117855072,0.29791319370269775,-0.05505545064806938,0.7360776662826538,0.3276583254337311,-0.046151310205459595,k
0.7750242352485657,0.40827372670173645,-3.0174047083164623e-07,0.7348527908325195,0.33109569549560547,-0.0017525736475363374,0.7346544861793518,0.2586990296840668,-0.006479692179709673,0.7393679618835449,0.2020397037267685,-0.014963170513510704,0.7398223280906677,0.14922524988651276,-0.025089465081691742,0.7912686467170715,0.20230251550674438,-0.00999760814011097,0.7870062589645386,0.1265896111726761,-0.02747236378490925,0.7918979525566101,0.07534615695476532,-0.040173303335905075,0.7984142303466797,0.02996090054512024,-0.049812909215688705,0.8083081841468811,0.21483488380908966,-0.02027970179915428,0.7325307130813599,0.18728873133659363,-0.04520433023571968,0.6830426454544067,0.18556055426597595,-0.055927980691194534,0.6522258520126343,0.18212877213954926,-0.06147677078843117,0.8125973343849182,0.2411031872034073,-0.03080809861421585,0.7296137809753418,0.23646152019500732,-0.054722271859645844,0.7210369110107422,0.28343909978866577,-0.049225758761167526,0.7269219756126404,0.3184847831726074,-0.041356053203344345,0.8082729578018188,0.2731703519821167,-0.042257700115442276,0.7406686544418335,0.2630522549152374,-0.05997730791568756,0.7309768199920654,0.2980958819389343,-0.05406935513019562,0.7356656193733215,0.32812240719795227,-0.04521901160478592,k
0.7729573249816895,0.40764954686164856,-3.0196969191820244e-07,0.7334964275360107,0.33024871349334717,-0.002150432439520955,0.7338879108428955,0.2585294544696808,-0.007030392065644264,0.7385208010673523,0.20251920819282532,-0.015528005547821522,0.7389170527458191,0.15007054805755615,-0.025696374475955963,0.7900828123092651,0.20208299160003662,-0.011201866902410984,0.785455584526062,0.12714678049087524,-0.029048703610897064,0.7900627851486206,0.07598340511322021,-0.042073629796504974,0.7965001463890076,0.030247673392295837,-0.051928337663412094,0.8076651096343994,0.21490658819675446,-0.021146314218640327,0.7315205335617065,0.187599778175354,-0.045961372554302216,0.6821837425231934,0.18494674563407898,-0.0566525012254715,0.6514437198638916,0.18088926374912262,-0.062384262681007385,0.8121738433837891,0.24161766469478607,-0.031299982219934464,0.7285855412483215,0.23733028769493103,-0.055307045578956604,0.7197083234786987,0.2839171886444092,-0.04980384185910225,0.7251693606376648,0.3192431926727295,-0.041955072432756424,0.8074156045913696,0.2742733061313629,-0.0423886738717556,0.7395514249801636,0.26348501443862915,-0.06027623265981674,0.7294859290122986,0.29850590229034424,-0.05432312563061714,0.7336030006408691,0.32950374484062195,-0.04545966535806656,k
0.7709042429924011,0.40375664830207825,-3.0555617058780626e-07,0.7313398122787476,0.3271034061908722,-0.00253011635504663,0.7320300340652466,0.2557850778102875,-0.007366182282567024,0.7370582818984985,0.20076245069503784,-0.01572827622294426,0.7376967668533325,0.14931908249855042,-0.025794807821512222,0.7895345687866211,0.20086923241615295,-0.011592447757720947,0.7849974632263184,0.1257268190383911,-0.029188957065343857,0.7894691228866577,0.07447914779186249,-0.041852377355098724,0.7956038117408752,0.02933935821056366,-0.05145988240838051,0.806875467300415,0.2136024534702301,-0.021254045888781548,0.7309257388114929,0.18649360537528992,-0.04670608416199684,0.6817524433135986,0.18562710285186768,-0.05751006677746773,0.6509485244750977,0.18388044834136963,-0.06287221610546112,0.8113799095153809,0.24011820554733276,-0.031054988503456116,0.7271808385848999,0.23695491254329681,-0.05538254231214523,0.718575656414032,0.2839277386665344,-0.050167474895715714,0.7243096232414246,0.31884893774986267,-0.042328499257564545,0.8066225647926331,0.2726188004016876,-0.04176674038171768,0.737953782081604,0.26397421956062317,-0.05974290519952774,0.7288404703140259,0.2991524636745453,-0.05404038727283478,0.7341038584709167,0.329378604888916,-0.04525211080908775,k
0.7703738808631897,0.4065887928009033,-3.174246501203015e-07,0.7313623428344727,0.32972651720046997,-0.002401872305199504,0.7315056324005127,0.2588239312171936,-0.007726775947958231,0.7360208034515381,0.2028684765100479,-0.01655721478164196,0.736663281917572,0.1522742658853531,-0.02717052958905697,0.7890352010726929,0.20342744886875153,-0.012243694625794888,0.7849003672599792,0.12805518507957458,-0.030633460730314255,0.7893936634063721,0.0753336250782013,-0.04462406039237976,0.7954787611961365,0.028701379895210266,-0.05534401535987854,0.8060627579689026,0.2157427817583084,-0.022223379462957382,0.7302813529968262,0.18942661583423615,-0.04728579521179199,0.6810380816459656,0.18776652216911316,-0.05816216021776199,0.6503859758377075,0.18436801433563232,-0.06398524343967438,0.8102392554283142,0.2422550916671753,-0.03235239535570145,0.727211058139801,0.23839178681373596,-0.05596822127699852,0.7188616394996643,0.2843942940235138,-0.05033443495631218,0.724431574344635,0.3193072974681854,-0.04266937077045441,0.8055384159088135,0.27524641156196594,-0.04351354017853737,0.7381651997566223,0.26474952697753906,-0.061378516256809235,0.727803111076355,0.29899531602859497,-0.05538222938776016,0.7313787937164307,0.32965975999832153,-0.04653846099972725,k
0.769325315952301,0.4067174196243286,-3.1511851261711854e-07,0.7299154996871948,0.33047908544540405,-0.0028151932638138533,0.7302984595298767,0.260280042886734,-0.008186501450836658,0.7350262999534607,0.20457150042057037,-0.016953233629465103,0.7359888553619385,0.15440718829631805,-0.027483193203806877,0.788083016872406,0.2030351310968399,-0.012715897522866726,0.7842947244644165,0.12732206284999847,-0.03063368983566761,0.7880560159683228,0.07468947768211365,-0.04406068101525307,0.7930415868759155,0.028379395604133606,-0.0544416718184948,0.8052573800086975,0.21491312980651855,-0.022170493379235268,0.7284501791000366,0.18859225511550903,-0.04724772647023201,0.6791040301322937,0.18872100114822388,-0.057968124747276306,0.6485224962234497,0.18696525692939758,-0.06356299668550491,0.8092886209487915,0.24133342504501343,-0.031714215874671936,0.7250993251800537,0.23845580220222473,-0.05570885166525841,0.7163165211677551,0.2847364842891693,-0.05071109160780907,0.7217676639556885,0.3194658160209656,-0.04331138730049133,0.8042065501213074,0.2740415334701538,-0.04219799116253853,0.7355311512947083,0.2648741900920868,-0.06076570227742195,0.7248243093490601,0.2997269630432129,-0.0555385984480381,0.7282000184059143,0.33064210414886475,-0.04703551158308983,k
0.769379198551178,0.407164990901947,-3.0718524612893816e-07,0.7292647361755371,0.33094632625579834,-0.003288342384621501,0.7288565039634705,0.2604812681674957,-0.008684939704835415,0.7335668802261353,0.20446743071079254,-0.017355354502797127,0.7337842583656311,0.15404528379440308,-0.027769038453698158,0.7872846126556396,0.20374563336372375,-0.012829908169806004,0.7832618355751038,0.12770448625087738,-0.030657624825835228,0.7874410152435303,0.07528014481067657,-0.04396238550543785,0.792671799659729,0.028887584805488586,-0.054263342171907425,0.8037543296813965,0.21609917283058167,-0.022015947848558426,0.7277044653892517,0.1891220211982727,-0.046905066817998886,0.6784318685531616,0.18898309767246246,-0.057475823909044266,0.647986888885498,0.18637453019618988,-0.06293585896492004,0.8071873784065247,0.24235625565052032,-0.03134826943278313,0.7240372896194458,0.2387155145406723,-0.054910704493522644,0.715882420539856,0.28481754660606384,-0.04961615800857544,0.7222237586975098,0.3190625309944153,-0.04212047532200813,0.8016992807388306,0.274745911359787,-0.04169208183884621,0.733691930770874,0.2663515508174896,-0.05951801687479019,0.7238674759864807,0.3005562722682953,-0.054037369787693024,0.7286065816879272,0.330199658870697,-0.04552203044295311,k
0.7684212327003479,0.4072636663913727,-3.127072716324619e-07,0.7295947074890137,0.33226698637008667,-0.002584847854450345,0.7288578152656555,0.26126134395599365,-0.007705803494900465,0.7324104309082031,0.20532052218914032,-0.016444075852632523,0.7319934964179993,0.1538274884223938,-0.026842374354600906,0.7856231331825256,0.20244991779327393,-0.011628346517682076,0.782334566116333,0.12694983184337616,-0.029604727402329445,0.7861858606338501,0.07455770671367645,-0.04247739166021347,0.7916175723075867,0.02878841757774353,-0.05213240906596184,0.8024189472198486,0.21478570997714996,-0.021551968529820442,0.7269881367683411,0.18924903869628906,-0.046979665756225586,0.6768916249275208,0.188161239027977,-0.05770699307322502,0.6456100344657898,0.18581841886043549,-0.06297874450683594,0.8064969182014465,0.2415129393339157,-0.03166733309626579,0.723045825958252,0.23967202007770538,-0.05632639676332474,0.7137991786003113,0.2873470187187195,-0.0511760450899601,0.7189429402351379,0.3230878412723541,-0.04322022572159767,0.8021307587623596,0.27464887499809265,-0.0427267923951149,0.7340497374534607,0.26688697934150696,-0.061089515686035156,0.723178505897522,0.30155396461486816,-0.055389441549777985,0.7262668609619141,0.3319513201713562,-0.04639840126037598,k
0.7702234387397766,0.4108424782752991,-3.1106841902328597e-07,0.7311055660247803,0.33482807874679565,-0.002657942706719041,0.7294360995292664,0.26232779026031494,-0.007449890021234751,0.7330489754676819,0.20539060235023499,-0.01581392250955105,0.7325106859207153,0.15347126126289368,-0.025727003812789917,0.7853085994720459,0.2033008486032486,-0.010915053077042103,0.7827264070510864,0.128675639629364,-0.029011256992816925,0.7870773077011108,0.07608935236930847,-0.042165420949459076,0.7923087477684021,0.029944300651550293,-0.05210908502340317,0.8019819259643555,0.21595457196235657,-0.020836595445871353,0.7257558703422546,0.19114483892917633,-0.04652022197842598,0.6753289699554443,0.18886804580688477,-0.05733272433280945,0.6432170867919922,0.18471917510032654,-0.06263777613639832,0.8058980703353882,0.24321921169757843,-0.0310810636729002,0.7223972678184509,0.24059748649597168,-0.05545765534043312,0.7138962149620056,0.2870117127895355,-0.05004510655999184,0.7195589542388916,0.3214166760444641,-0.04197278991341591,0.8016310334205627,0.27672693133354187,-0.04236391559243202,0.7336610555648804,0.26896488666534424,-0.06023169681429863,0.7233126759529114,0.3024766445159912,-0.05444341152906418,0.7273159623146057,0.3311651349067688,-0.04549027606844902,k
0.769074559211731,0.40979325771331787,-2.9810766477567086e-07,0.7297860383987427,0.33360743522644043,-0.003145252587273717,0.728794515132904,0.2610244154930115,-0.008388889953494072,0.7322897911071777,0.20457547903060913,-0.01695992238819599,0.7315603494644165,0.15253141522407532,-0.027168825268745422,0.7853761911392212,0.20427605509757996,-0.01349341869354248,0.7818828821182251,0.12907779216766357,-0.03187442198395729,0.7860584259033203,0.07662276923656464,-0.04477909207344055,0.7913516759872437,0.03040926158428192,-0.05438857898116112,0.8022866249084473,0.21811087429523468,-0.022871151566505432,0.7271782159805298,0.19203437864780426,-0.048566680401563644,0.6772801876068115,0.1896783411502838,-0.059049662202596664,0.6454461812973022,0.18625769019126892,-0.06434419006109238,0.8061861395835876,0.2453865110874176,-0.032454460859298706,0.7227240800857544,0.24298186600208282,-0.057398565113544464,0.7127037644386292,0.29050084948539734,-0.051970504224300385,0.7171475291252136,0.3266359865665436,-0.04373979941010475,0.8017064332962036,0.278562068939209,-0.042974721640348434,0.7338773012161255,0.26967424154281616,-0.061384525150060654,0.7229768633842468,0.3038805425167084,-0.055683739483356476,0.7261056900024414,0.3341139554977417,-0.046737778931856155,k
0.7715238928794861,0.4150189757347107,-3.094140197390516e-07,0.731422483921051,0.33926743268966675,-0.0033936297986656427,0.7299349308013916,0.2659240663051605,-0.00859397929161787,0.7336663007736206,0.20831872522830963,-0.016987759619951248,0.7327005863189697,0.15505656599998474,-0.026980692520737648,0.786868155002594,0.20752748847007751,-0.012635350227355957,0.7836259007453918,0.13134092092514038,-0.03067360259592533,0.7884121537208557,0.07843221724033356,-0.043701015412807465,0.7938364744186401,0.031667664647102356,-0.0535343736410141,0.8033477067947388,0.22088982164859772,-0.02193845622241497,0.72758549451828,0.1943853199481964,-0.04797511547803879,0.6763277053833008,0.19090884923934937,-0.05897402763366699,0.6426899433135986,0.18549223244190216,-0.06429768353700638,0.8068287968635559,0.2477876991033554,-0.031429678201675415,0.7235554456710815,0.24469663202762604,-0.056331705302000046,0.7152407765388489,0.2916915714740753,-0.05098807439208031,0.7208629846572876,0.32665687799453735,-0.04273813217878342,0.8020310997962952,0.2804518938064575,-0.04187864065170288,0.7342851161956787,0.27113109827041626,-0.060197290033102036,0.7246477007865906,0.3050591051578522,-0.0541604608297348,0.7289869785308838,0.33467280864715576,-0.044861968606710434,k
0.7710132002830505,0.4152127802371979,-3.0493094982375624e-07,0.7325758337974548,0.33751583099365234,-0.002205250319093466,0.7310998439788818,0.2640082538127899,-0.006895747035741806,0.7344133853912354,0.20728501677513123,-0.01511499285697937,0.733501136302948,0.15513384342193604,-0.02486349269747734,0.7877511382102966,0.20832280814647675,-0.011890558525919914,0.7854412794113159,0.13297396898269653,-0.029774466529488564,0.7894922494888306,0.08083128929138184,-0.04219609126448631,0.7944062352180481,0.03485356271266937,-0.05153911933302879,0.8039814829826355,0.22204823791980743,-0.02174815535545349,0.7292236089706421,0.19460435211658478,-0.04677996039390564,0.6788714528083801,0.1907050609588623,-0.0571308396756649,0.6465440392494202,0.18532690405845642,-0.06249818205833435,0.8073905110359192,0.24961885809898376,-0.031805627048015594,0.7253166437149048,0.2451820969581604,-0.05653873831033707,0.7159660458564758,0.291959673166275,-0.05115162953734398,0.7206142544746399,0.32754161953926086,-0.04288983345031738,0.8026546835899353,0.2831132411956787,-0.04268435016274452,0.7367781400680542,0.27148815989494324,-0.06096422299742699,0.7263215184211731,0.30468040704727173,-0.05515402927994728,0.72927325963974,0.3345503807067871,-0.0461050309240818,k
0.7726695537567139,0.4178844094276428,-3.0840581644042686e-07,0.7325338125228882,0.34109002351760864,-0.0025033403653651476,0.731531023979187,0.26700398325920105,-0.007097093854099512,0.7357155680656433,0.20949533581733704,-0.015016844496130943,0.7347568273544312,0.15589746832847595,-0.02442971058189869,0.7889564037322998,0.21090523898601532,-0.01201895996928215,0.7864747643470764,0.1347583532333374,-0.029497599229216576,0.7910112738609314,0.08294560015201569,-0.041789885610342026,0.796238899230957,0.037041932344436646,-0.05122785270214081,0.8060596585273743,0.224680557847023,-0.021699083968997,0.7306617498397827,0.19629862904548645,-0.04675095155835152,0.6795450448989868,0.19212903082370758,-0.057120583951473236,0.6462204456329346,0.18650346994400024,-0.06253080815076828,0.809424638748169,0.2524736523628235,-0.03157465159893036,0.7272223830223083,0.24742428958415985,-0.05576469376683235,0.7185266017913818,0.29346299171447754,-0.050104983150959015,0.7237731218338013,0.328056275844574,-0.042046692222356796,0.8041445016860962,0.2858124375343323,-0.042338963598012924,0.7389045357704163,0.27496859431266785,-0.06013113260269165,0.7291658520698547,0.3080243766307831,-0.054285984486341476,0.732900857925415,0.3368147313594818,-0.04549359157681465,k
0.7714071273803711,0.41599398851394653,-3.0664540418001707e-07,0.7340971827507019,0.3389092981815338,-0.002944825915619731,0.7336007952690125,0.2665516138076782,-0.007915955036878586,0.7374091744422913,0.21047718822956085,-0.016129063442349434,0.7376070022583008,0.15843236446380615,-0.025806449353694916,0.7901008725166321,0.21136757731437683,-0.012887229211628437,0.788962185382843,0.13562536239624023,-0.03019450232386589,0.7931154370307922,0.08342024683952332,-0.04223707318305969,0.7984093427658081,0.03737469017505646,-0.0514947883784771,0.8071357011795044,0.22515353560447693,-0.02198127657175064,0.7328369617462158,0.19716845452785492,-0.045914001762866974,0.6829520463943481,0.19325023889541626,-0.05594678223133087,0.6510894894599915,0.18881502747535706,-0.06153883412480354,0.8107888698577881,0.2528451085090637,-0.031254250556230545,0.7296762466430664,0.2481445074081421,-0.05514244735240936,0.7196816205978394,0.2935532033443451,-0.04994908347725868,0.7232879400253296,0.32891929149627686,-0.04227575287222862,0.8059296607971191,0.2863403856754303,-0.041389480233192444,0.7413075566291809,0.27465036511421204,-0.05941389873623848,0.7292949557304382,0.30711305141448975,-0.05412216857075691,0.7297948598861694,0.33719325065612793,-0.04568926617503166,k
0.7745570540428162,0.4209044873714447,-3.114697619821527e-07,0.7355255484580994,0.344424843788147,-0.00322990445420146,0.7350387573242188,0.2714453339576721,-0.008303183130919933,0.7395488619804382,0.21395009756088257,-0.016744455322623253,0.7390956282615662,0.15994030237197876,-0.02668335847556591,0.7914502620697021,0.2144823521375656,-0.01113610714673996,0.7895572185516357,0.13722705841064453,-0.028780702501535416,0.7944749593734741,0.08427667617797852,-0.04170022904872894,0.8001877069473267,0.03792525827884674,-0.0516553670167923,0.8086431622505188,0.2279481142759323,-0.020735861733555794,0.7344783544540405,0.19998078048229218,-0.04628923162817955,0.6842021942138672,0.19606231153011322,-0.05736442282795906,0.6515787839889526,0.19038619101047516,-0.06301775574684143,0.8126226663589478,0.25526806712150574,-0.030664052814245224,0.7301086187362671,0.25008973479270935,-0.05507391318678856,0.7209599018096924,0.29676660895347595,-0.04965859651565552,0.7259164452552795,0.33167576789855957,-0.04170943424105644,0.8079160451889038,0.28823477029800415,-0.04161987826228142,0.7405633330345154,0.2778436541557312,-0.05959784984588623,0.7305309772491455,0.3114999532699585,-0.0537310428917408,0.7345430254936218,0.3409300148487091,-0.044850341975688934,k
0.7756547331809998,0.4197208285331726,-3.033890720871568e-07,0.7374401688575745,0.3428318500518799,-0.004227857571095228,0.7364599108695984,0.27056795358657837,-0.010221212171018124,0.7403433918952942,0.2136254459619522,-0.01930266246199608,0.7405750155448914,0.1605454385280609,-0.029928918927907944,0.7928168177604675,0.2141701579093933,-0.01458099763840437,0.7898741364479065,0.13847202062606812,-0.033239733427762985,0.7951779365539551,0.08619999885559082,-0.04648200422525406,0.8017310500144958,0.03996606171131134,-0.05649647116661072,0.8099642992019653,0.22801901400089264,-0.023466218262910843,0.7346363663673401,0.2000475823879242,-0.04953380674123764,0.6845299005508423,0.19631941616535187,-0.060235895216464996,0.652134120464325,0.1919824182987213,-0.06583426892757416,0.8139066100120544,0.25545966625213623,-0.03264572098851204,0.7312735915184021,0.25073158740997314,-0.057570960372686386,0.722100555896759,0.29752808809280396,-0.05204220116138458,0.7265981435775757,0.333543598651886,-0.04397166520357132,0.8096887469291687,0.2887451648712158,-0.04289309307932854,0.7429866790771484,0.27867770195007324,-0.061636921018362045,0.7312827110290527,0.31222057342529297,-0.05640937760472298,0.732900083065033,0.3422144949436188,-0.04794200137257576,k
0.7755026817321777,0.4209294021129608,-2.9666739465028513e-07,0.7366139888763428,0.34411948919296265,-0.00388930132612586,0.7359257936477661,0.2709508240222931,-0.00955779105424881,0.7405872941017151,0.21431061625480652,-0.01836850680410862,0.7411659955978394,0.16164033114910126,-0.028738105669617653,0.7934162616729736,0.21511238813400269,-0.013826864771544933,0.790187656879425,0.13925319910049438,-0.03253569081425667,0.7954300045967102,0.08662696182727814,-0.04625193774700165,0.8020418882369995,0.04029938578605652,-0.05672134831547737,0.810726523399353,0.22931253910064697,-0.023044396191835403,0.7356850504875183,0.2011037915945053,-0.048512425273656845,0.6860206723213196,0.19759970903396606,-0.05907876044511795,0.6546704769134521,0.19247975945472717,-0.06473886221647263,0.8146839141845703,0.25714728236198425,-0.03261943906545639,0.7316463589668274,0.2512061297893524,-0.056689195334911346,0.7220851182937622,0.29704368114471436,-0.050694890320301056,0.727062463760376,0.33199024200439453,-0.04267697408795357,0.8097977638244629,0.29087722301483154,-0.04333685338497162,0.7426390051841736,0.2797471284866333,-0.06157548725605011,0.7318834066390991,0.313076913356781,-0.05591858550906181,0.7354322671890259,0.3424382507801056,-0.04731529951095581,k
0.7772033214569092,0.4220390319824219,-2.979633677568927e-07,0.7377299666404724,0.34575971961021423,-0.0040305485017597675,0.7363741993904114,0.27208006381988525,-0.009622542187571526,0.7407330274581909,0.21531625092029572,-0.018459787592291832,0.7414969205856323,0.16277678310871124,-0.02874353714287281,0.793341875076294,0.21495823562145233,-0.013512578792870045,0.7899132966995239,0.13911943137645721,-0.03286702185869217,0.7953080534934998,0.08657173812389374,-0.04695817083120346,0.8021297454833984,0.04066866636276245,-0.057511307299137115,0.8109489679336548,0.22861655056476593,-0.022933924570679665,0.7355339527130127,0.20195454359054565,-0.049796607345342636,0.6861352920532227,0.19865547120571136,-0.060810744762420654,0.6551374793052673,0.19380152225494385,-0.06628551334142685,0.8153856992721558,0.25652700662612915,-0.03279939666390419,0.7314659357070923,0.2522754371166229,-0.057905808091163635,0.7217878103256226,0.2994590997695923,-0.051892396062612534,0.7266061902046204,0.33497244119644165,-0.04341929033398628,0.811116099357605,0.29079630970954895,-0.04387634992599487,0.7432115077972412,0.2820013165473938,-0.06239990517497063,0.7324277758598328,0.31590646505355835,-0.05663513019680977,0.7360624670982361,0.344731867313385,-0.04775363579392433,k
0.7766764163970947,0.4212743043899536,-2.904445750573359e-07,0.7384122610092163,0.3442046046257019,-0.004161604680120945,0.7374706268310547,0.2709534168243408,-0.009596875868737698,0.7417519092559814,0.21444080770015717,-0.018252845853567123,0.742232620716095,0.16222409904003143,-0.0284031480550766,0.7944451570510864,0.21603037416934967,-0.013367772102355957,0.7919157147407532,0.14044058322906494,-0.032364312559366226,0.7970114946365356,0.08772757649421692,-0.04592982307076454,0.803611695766449,0.04190698266029358,-0.05607746168971062,0.8116885423660278,0.2301049381494522,-0.022442607209086418,0.7375404238700867,0.20249047875404358,-0.048264242708683014,0.6877936124801636,0.198361337184906,-0.05883130431175232,0.6565238237380981,0.19263724982738495,-0.06427407264709473,0.8159885406494141,0.25811079144477844,-0.032012149691581726,0.7332720160484314,0.2525128722190857,-0.056732386350631714,0.7230282425880432,0.2987106740474701,-0.05093003809452057,0.7274218797683716,0.33399108052253723,-0.042655009776353836,0.8117169141769409,0.2922663390636444,-0.04273116961121559,0.7446805834770203,0.28248947858810425,-0.061066072434186935,0.7342113852500916,0.3152697682380676,-0.05555589497089386,0.73796147108078,0.3438149392604828,-0.0469205416738987,k
0.7765063047409058,0.4206388294696808,-3.034421638403728e-07,0.7386366128921509,0.34428662061691284,-0.004068093374371529,0.7378925085067749,0.2716720402240753,-0.009956222027540207,0.7424343228340149,0.21517331898212433,-0.019083134829998016,0.7433784008026123,0.1623367965221405,-0.029788337647914886,0.7947717308998108,0.215327650308609,-0.014268025755882263,0.791477620601654,0.13949957489967346,-0.03366571664810181,0.796978235244751,0.08672496676445007,-0.047489527612924576,0.8040301203727722,0.041070371866226196,-0.05781302973628044,0.8120178580284119,0.22912880778312683,-0.02378026209771633,0.7369046807289124,0.20250624418258667,-0.050611309707164764,0.687032163143158,0.19993454217910767,-0.061404768377542496,0.6555055975914001,0.19593188166618347,-0.06668302416801453,0.8163782358169556,0.25714102387428284,-0.033722881227731705,0.7332744598388672,0.25347527861595154,-0.058923978358507156,0.7241849303245544,0.2999979853630066,-0.05307801812887192,0.7295268774032593,0.3346872925758362,-0.04472878575325012,0.8125043511390686,0.2914743423461914,-0.04481302201747894,0.7446814179420471,0.28275060653686523,-0.0633629858493805,0.7340940833091736,0.3161463141441345,-0.057699646800756454,0.7378581762313843,0.3444647192955017,-0.04890893027186394,k
0.7779411673545837,0.4216533899307251,-3.0065078249208455e-07,0.7401827573776245,0.34589439630508423,-0.004314044490456581,0.7388192415237427,0.2726573050022125,-0.009889811277389526,0.7429675459861755,0.21635273098945618,-0.018676334992051125,0.7438779473304749,0.1639096885919571,-0.02889236994087696,0.7950488328933716,0.21494163572788239,-0.013477585278451443,0.792140007019043,0.13938230276107788,-0.032925061881542206,0.797629177570343,0.08674554526805878,-0.04680271074175835,0.8045250177383423,0.04135848581790924,-0.057020653039216995,0.8125913143157959,0.22884054481983185,-0.022594524547457695,0.7381985187530518,0.2028600573539734,-0.04967646673321724,0.688277542591095,0.19975708425045013,-0.060665570199489594,0.6565008759498596,0.19566819071769714,-0.06582126021385193,0.817051351070404,0.25711122155189514,-0.032211802899837494,0.7340039014816284,0.253581166267395,-0.05757960304617882,0.7238171100616455,0.30012720823287964,-0.051839377731084824,0.7281048893928528,0.3352454900741577,-0.04325121268630028,0.8128841519355774,0.2917161285877228,-0.04301248863339424,0.7457979321479797,0.2833690047264099,-0.06122829392552376,0.7347160577774048,0.31594058871269226,-0.05547938495874405,0.7377707362174988,0.3437933921813965,-0.046497903764247894,k
0.7774355411529541,0.42159801721572876,-2.953882756173698e-07,0.7403317093849182,0.3455427587032318,-0.004119020886719227,0.7391154766082764,0.2729628384113312,-0.009894122369587421,0.7437477111816406,0.21644315123558044,-0.018934953957796097,0.7452287673950195,0.16406552493572235,-0.029382139444351196,0.794970691204071,0.2158012092113495,-0.013421791605651379,0.7927170991897583,0.1399427056312561,-0.03248199447989464,0.7980364561080933,0.08725476264953613,-0.04591553285717964,0.8047527074813843,0.04154887795448303,-0.055940788239240646,0.8126531839370728,0.22958724200725555,-0.022709142416715622,0.7381730079650879,0.20295235514640808,-0.04920101538300514,0.6882665157318115,0.2002965211868286,-0.05978228151798248,0.6565268635749817,0.19677014648914337,-0.0649053156375885,0.8172593116760254,0.25750085711479187,-0.032467037439346313,0.7347199320793152,0.25345954298973083,-0.05709877982735634,0.7254186868667603,0.29942798614501953,-0.05102897807955742,0.7303802371025085,0.33392325043678284,-0.042604051530361176,0.8130932450294495,0.2916593849658966,-0.0434105321764946,0.7462053298950195,0.2832985520362854,-0.061131060123443604,0.7356167435646057,0.31569069623947144,-0.055214665830135345,0.7393128871917725,0.3431003987789154,-0.046353764832019806,k
0.777742862701416,0.4216518998146057,-3.0118539484647044e-07,0.7406631708145142,0.3458505868911743,-0.0043816701509058475,0.7397916316986084,0.27295419573783875,-0.010304485447704792,0.7442002296447754,0.2163352072238922,-0.019365912303328514,0.7452957034111023,0.16352690756320953,-0.02991056628525257,0.7953794002532959,0.2160426676273346,-0.014324954710900784,0.7931955456733704,0.1399170458316803,-0.03371115028858185,0.7987052798271179,0.08714433014392853,-0.04739496856927872,0.8056703209877014,0.041423648595809937,-0.057544123381376266,0.8131259083747864,0.22987109422683716,-0.023439450189471245,0.7383685111999512,0.20301435887813568,-0.05034791678190231,0.6882942318916321,0.2004266232252121,-0.061087071895599365,0.6564710736274719,0.1970866620540619,-0.06625892221927643,0.8177165985107422,0.2578011751174927,-0.0330127477645874,0.7352908849716187,0.25328412652015686,-0.05807887017726898,0.7255440354347229,0.2992796003818512,-0.05214190110564232,0.7300542593002319,0.33409178256988525,-0.04368807375431061,0.8138718008995056,0.29189637303352356,-0.04376031830906868,0.7472471594810486,0.2828381657600403,-0.0618920624256134,0.7356850504875183,0.3153229057788849,-0.05614171922206879,0.738133430480957,0.3431982696056366,-0.04731232300400734,k
0.7791658043861389,0.42331957817077637,-3.0182565069480916e-07,0.7409141659736633,0.34625881910324097,-0.003776353085413575,0.7399556040763855,0.27316784858703613,-0.009324543178081512,0.7447062730789185,0.21630005538463593,-0.01829073578119278,0.7455212473869324,0.16336175799369812,-0.02875213325023651,0.7960044741630554,0.2161756455898285,-0.012300482951104641,0.7941856384277344,0.14025679230690002,-0.0314197838306427,0.7999972105026245,0.08753487467765808,-0.04506683722138405,0.8069211840629578,0.041951701045036316,-0.05519471317529678,0.8134176731109619,0.22983220219612122,-0.02187502011656761,0.7389422059059143,0.20323872566223145,-0.04896871745586395,0.6887632608413696,0.20163191854953766,-0.060127463191747665,0.6568533182144165,0.1990453600883484,-0.06531218439340591,0.8179613947868347,0.2576603591442108,-0.03193694353103638,0.7356185913085938,0.2535954713821411,-0.057152681052684784,0.7262845635414124,0.29990342259407043,-0.05150092765688896,0.7314196825027466,0.3344084620475769,-0.04304781183600426,0.8139721155166626,0.29173406958580017,-0.04313156008720398,0.7470807433128357,0.2833235561847687,-0.06118406355381012,0.7369413375854492,0.316190242767334,-0.05541607365012169,0.7410790324211121,0.34383755922317505,-0.046465616673231125,k
0.7777130007743835,0.4231816232204437,-3.013596767686977e-07,0.7404358983039856,0.3458237946033478,-0.0027445738669484854,0.7400750517845154,0.2726511061191559,-0.00831307377666235,0.7447010278701782,0.2161717712879181,-0.01740439236164093,0.7464776635169983,0.16369982063770294,-0.028026485815644264,0.7964306473731995,0.2170274555683136,-0.012835485860705376,0.7943956851959229,0.1408805251121521,-0.03162895888090134,0.7998861074447632,0.08814163506031036,-0.044941361993551254,0.8068528771400452,0.04252387583255768,-0.05495935678482056,0.8138836622238159,0.23117877542972565,-0.022987009957432747,0.7395723462104797,0.20392988622188568,-0.0490652471780777,0.6897214651107788,0.20104870200157166,-0.05950019508600235,0.6581488847732544,0.1972452849149704,-0.0647958293557167,0.8184155225753784,0.25949037075042725,-0.0334911048412323,0.7363033294677734,0.25387829542160034,-0.057882193475961685,0.7270620465278625,0.30046916007995605,-0.0515173003077507,0.7319338917732239,0.3358391523361206,-0.04310677573084831,0.8143918514251709,0.2938947379589081,-0.04505923390388489,0.7478511929512024,0.283634215593338,-0.06275250762701035,0.7371888756752014,0.31666651368141174,-0.0565645731985569,0.7403653264045715,0.345098078250885,-0.04766083508729935,k
0.7796488404273987,0.42228245735168457,-2.9864901307519176e-07,0.7416800260543823,0.3460819125175476,-0.0041781943291425705,0.7408611178398132,0.27337536215782166,-0.009972360916435719,0.7457470893859863,0.21721403300762177,-0.019148318096995354,0.747185468673706,0.1648826152086258,-0.0297461599111557,0.797112226486206,0.21642883121967316,-0.01315468642860651,0.7950619459152222,0.14045760035514832,-0.032611288130283356,0.8007878661155701,0.08815744519233704,-0.04617912694811821,0.8078886270523071,0.043033525347709656,-0.05613555759191513,0.8147505521774292,0.23034347593784332,-0.022773394361138344,0.7405293583869934,0.20327988266944885,-0.05052885785698891,0.6905325651168823,0.19968950748443604,-0.06180096045136452,0.6588032245635986,0.19542580842971802,-0.06697742640972137,0.8193897008895874,0.25839394330978394,-0.03292316570878029,0.7368048429489136,0.2547150254249573,-0.05942098796367645,0.7268765568733215,0.3023824095726013,-0.05406917259097099,0.7315986156463623,0.33800190687179565,-0.04543003439903259,0.8156116604804993,0.2924952208995819,-0.04416809603571892,0.7483665943145752,0.28430891036987305,-0.06331269443035126,0.7376769781112671,0.31803223490715027,-0.05778735876083374,0.7411395311355591,0.3464049696922302,-0.04879247397184372,k
0.7794675827026367,0.4212273359298706,-2.964497411994671e-07,0.7422457933425903,0.3449721336364746,-0.004534817300736904,0.7411061525344849,0.27224844694137573,-0.01075044646859169,0.7457070350646973,0.21627163887023926,-0.020166968926787376,0.7471143007278442,0.16371214389801025,-0.031025519594550133,0.7972618341445923,0.21514886617660522,-0.014606636948883533,0.7952248454093933,0.1399267315864563,-0.034130025655031204,0.8015827536582947,0.08767494559288025,-0.047941479831933975,0.8094149231910706,0.042581185698509216,-0.058147940784692764,0.8153178691864014,0.22926902770996094,-0.023876339197158813,0.740977942943573,0.20301255583763123,-0.05103093758225441,0.6913548707962036,0.20054900646209717,-0.0618588849902153,0.6600597500801086,0.19767990708351135,-0.06704232096672058,0.8201544284820557,0.2576746344566345,-0.03361969441175461,0.7377743124961853,0.25359171628952026,-0.058909352868795395,0.7277557849884033,0.2998310923576355,-0.052969131618738174,0.7323006391525269,0.3349812626838684,-0.04444807767868042,0.816507875919342,0.2922797203063965,-0.04457397013902664,0.7497872710227966,0.28320005536079407,-0.06287968903779984,0.7376716136932373,0.31556177139282227,-0.057171449065208435,0.7397202849388123,0.34335893392562866,-0.04835006594657898,k
0.7801024317741394,0.42336004972457886,-2.988539620218944e-07,0.7425386905670166,0.34730398654937744,-0.003991144709289074,0.741421639919281,0.2737298905849457,-0.00982868392020464,0.7463561296463013,0.2169637233018875,-0.019054453819990158,0.7477796077728271,0.16402983665466309,-0.029677685350179672,0.7962897419929504,0.2158820480108261,-0.012798330746591091,0.7948916554450989,0.1403464823961258,-0.03221535310149193,0.8016901612281799,0.08824354410171509,-0.04612366855144501,0.8098607063293457,0.04324214160442352,-0.0563960075378418,0.8148491382598877,0.229173481464386,-0.02246166579425335,0.7407522797584534,0.20357587933540344,-0.04943735525012016,0.6910389065742493,0.20075520873069763,-0.06032756343483925,0.6595130562782288,0.19683890044689178,-0.06551525741815567,0.8203535676002502,0.25720489025115967,-0.032677825540304184,0.7382253408432007,0.2539709210395813,-0.0578436478972435,0.7288519144058228,0.3003994822502136,-0.05182427540421486,0.7338626384735107,0.3352515399456024,-0.04325678199529648,0.8172679543495178,0.2915542423725128,-0.04411523789167404,0.7504817247390747,0.2829667925834656,-0.06235792115330696,0.7388789653778076,0.31633803248405457,-0.056393373757600784,0.7416020035743713,0.34456947445869446,-0.04735008627176285,k
0.7805866599082947,0.4242883324623108,-2.841798050212674e-07,0.7412619590759277,0.34812644124031067,-0.004216060042381287,0.740612268447876,0.2751467823982239,-0.010120067745447159,0.7459635734558105,0.21803739666938782,-0.019360331818461418,0.7482389807701111,0.16578799486160278,-0.03004464879631996,0.7977765202522278,0.21657854318618774,-0.013348340056836605,0.7958974838256836,0.1400270164012909,-0.032266344875097275,0.8019288182258606,0.08747598528862,-0.04571392014622688,0.809514582157135,0.04182100296020508,-0.055825721472501755,0.815731942653656,0.22980406880378723,-0.022733347490429878,0.7409032583236694,0.20295892655849457,-0.04895944148302078,0.6914122104644775,0.200413778424263,-0.05967031791806221,0.6609510779380798,0.19618359208106995,-0.06506094336509705,0.8205376863479614,0.25776025652885437,-0.03259763866662979,0.737904965877533,0.25295132398605347,-0.057557642459869385,0.7281769514083862,0.29948920011520386,-0.051832206547260284,0.7332634329795837,0.33473140001296997,-0.043587587773799896,0.8166132569313049,0.29194098711013794,-0.04364624619483948,0.7492275238037109,0.2833743989467621,-0.062090396881103516,0.7384146451950073,0.3167784810066223,-0.05666757747530937,0.74188232421875,0.345356285572052,-0.04803822934627533,k
0.7811490297317505,0.4247921109199524,-2.905152314269799e-07,0.7417265176773071,0.34809786081314087,-0.003933444153517485,0.7408627271652222,0.2747062146663666,-0.009643708355724812,0.7460299730300903,0.21731556951999664,-0.018762271851301193,0.7479564547538757,0.16467851400375366,-0.029286332428455353,0.7980678081512451,0.21641188859939575,-0.012774841859936714,0.7957124710083008,0.13993920385837555,-0.031589917838573456,0.8015182614326477,0.0876445323228836,-0.04486186429858208,0.809087872505188,0.04232814908027649,-0.05476320534944534,0.8158451318740845,0.22981010377407074,-0.02224620059132576,0.7409408092498779,0.20238319039344788,-0.04841942712664604,0.6915988922119141,0.19974523782730103,-0.05912665277719498,0.6613633036613464,0.1958148032426834,-0.0644603744149208,0.820453941822052,0.2576410472393036,-0.03220043331384659,0.7376251220703125,0.2528555393218994,-0.05727849528193474,0.7275832295417786,0.2998904883861542,-0.051682114601135254,0.7324327826499939,0.3354793190956116,-0.043415848165750504,0.8164147734642029,0.29172778129577637,-0.043303076177835464,0.7490494847297668,0.2831687331199646,-0.061797961592674255,0.7379806041717529,0.3169559836387634,-0.056426309049129486,0.7410911321640015,0.3458423614501953,-0.04777436703443527,k
0.7802411913871765,0.4255899488925934,-2.997462047460431e-07,0.7414306402206421,0.3483140766620636,-0.0031562151852995157,0.740725576877594,0.2747035622596741,-0.008786064572632313,0.7456790804862976,0.21723219752311707,-0.018013836815953255,0.7475083470344543,0.16459545493125916,-0.02872203290462494,0.7978840470314026,0.21617716550827026,-0.011864617466926575,0.7953889966011047,0.13981297612190247,-0.030572613701224327,0.8011109828948975,0.08743812143802643,-0.044129181653261185,0.8084181547164917,0.04159899055957794,-0.05441766604781151,0.8153200745582581,0.22946418821811676,-0.021911201998591423,0.7398048043251038,0.20218558609485626,-0.04780861735343933,0.6904497146606445,0.20078681409358978,-0.05863073840737343,0.6600795984268188,0.19786109030246735,-0.06417465955018997,0.8198281526565552,0.2573714256286621,-0.032383162528276443,0.7369714975357056,0.2519524395465851,-0.05717252939939499,0.7281408309936523,0.2988899350166321,-0.051501188427209854,0.7338494658470154,0.3343024253845215,-0.04337308183312416,0.8157922029495239,0.29162687063217163,-0.04394148290157318,0.748191237449646,0.28165122866630554,-0.0625843033194542,0.7377257347106934,0.31588682532310486,-0.05706842243671417,0.7416285276412964,0.3454870879650116,-0.0483320951461792,k
0.7799012660980225,0.4242401123046875,-2.9792613531753886e-07,0.7407487034797668,0.3459192216396332,-0.0031597090419381857,0.7397259473800659,0.2734307050704956,-0.009052236564457417,0.7448064684867859,0.21662379801273346,-0.018470773473381996,0.7464744448661804,0.1644018590450287,-0.02933434210717678,0.7972049117088318,0.21581992506980896,-0.01221809908747673,0.7947280406951904,0.139945387840271,-0.030649974942207336,0.7998961806297302,0.08812373876571655,-0.0439208522439003,0.8062483668327332,0.04268568754196167,-0.053969696164131165,0.8145043253898621,0.22921888530254364,-0.022062791511416435,0.7390968203544617,0.2012437880039215,-0.04766872152686119,0.6900867223739624,0.19988980889320374,-0.05834634602069855,0.6594743132591248,0.19775047898292542,-0.06384548544883728,0.8186313509941101,0.2566579580307007,-0.03225519135594368,0.7358919978141785,0.2514589726924896,-0.05674463510513306,0.7270609140396118,0.2973489761352539,-0.051047906279563904,0.7324202656745911,0.3321276903152466,-0.042990073561668396,0.8140304088592529,0.2901974320411682,-0.04349305108189583,0.7467851638793945,0.27976810932159424,-0.061667587608098984,0.7360411882400513,0.31369736790657043,-0.05581618472933769,0.7392153739929199,0.343506395816803,-0.046937014907598495,k
0.7792472243309021,0.42324861884117126,-2.979376461098582e-07,0.7391679883003235,0.3447791635990143,-0.0030107274651527405,0.7382287979125977,0.2715999186038971,-0.008541563525795937,0.7433604001998901,0.21488365530967712,-0.0176980122923851,0.7441276907920837,0.16201943159103394,-0.02843945473432541,0.7964981198310852,0.21425238251686096,-0.01165194995701313,0.7929854393005371,0.13838060200214386,-0.0301300548017025,0.7976170182228088,0.08610723912715912,-0.043489061295986176,0.8036863207817078,0.0402262806892395,-0.05362143740057945,0.813544750213623,0.2277921736240387,-0.021767960861325264,0.7379844784736633,0.20014545321464539,-0.04767107218503952,0.6884233355522156,0.2005825787782669,-0.05860899016261101,0.6577589511871338,0.1997794657945633,-0.06406086683273315,0.8175921440124512,0.2556321322917938,-0.03223048150539398,0.7346190214157104,0.2501715421676636,-0.05699537321925163,0.7253091931343079,0.2962658107280731,-0.05141272395849228,0.7308865189552307,0.330612450838089,-0.043308984488248825,0.8124539852142334,0.2897080183029175,-0.04372169449925423,0.7448080778121948,0.2792125940322876,-0.06218710169196129,0.7356181740760803,0.3134799301624298,-0.05643005669116974,0.7410441637039185,0.34300872683525085,-0.047508254647254944,k
0.777545154094696,0.4214286208152771,-3.02485858583168e-07,0.738323450088501,0.34349754452705383,-0.0032030995935201645,0.7373517751693726,0.27085283398628235,-0.008595729246735573,0.7422472834587097,0.21418823301792145,-0.017531774938106537,0.7441982626914978,0.16206778585910797,-0.02793741412460804,0.7952551245689392,0.2139359563589096,-0.011483165435492992,0.7919963002204895,0.13820496201515198,-0.02953321672976017,0.7965471148490906,0.08586336672306061,-0.04245483875274658,0.8024764060974121,0.04014793038368225,-0.05226330831646919,0.8124250173568726,0.22690808773040771,-0.021158698946237564,0.7368688583374023,0.20019754767417908,-0.04648205265402794,0.6868735551834106,0.19869157671928406,-0.05703694000840187,0.6554951667785645,0.1962471455335617,-0.062460873275995255,0.8165565729141235,0.25421953201293945,-0.03123396262526512,0.7339521050453186,0.25018590688705444,-0.05554893612861633,0.7245142459869385,0.29619133472442627,-0.04992289841175079,0.7294234037399292,0.33069223165512085,-0.04194401204586029,0.8120478987693787,0.28790488839149475,-0.042388349771499634,0.7452215552330017,0.2790994346141815,-0.06025795266032219,0.7349587082862854,0.3128648102283478,-0.05450616404414177,0.7385154962539673,0.3419032692909241,-0.04577138274908066,k
0.7775010466575623,0.4217131435871124,-2.976509563268337e-07,0.7377761006355286,0.3437715768814087,-0.002761209150776267,0.7367470264434814,0.270987868309021,-0.008153771981596947,0.7412804365158081,0.21407559514045715,-0.01699623093008995,0.7422868609428406,0.16256341338157654,-0.02739773690700531,0.7935453057289124,0.21411024034023285,-0.01263850461691618,0.790412187576294,0.1385747492313385,-0.030867362394928932,0.7953629493713379,0.08608885109424591,-0.04417240619659424,0.8016538023948669,0.04043065011501312,-0.05431797727942467,0.810419499874115,0.22730667889118195,-0.02232391946017742,0.734693169593811,0.20126405358314514,-0.04773388057947159,0.685168981552124,0.19886282086372375,-0.05837658792734146,0.6540367603302002,0.1956460177898407,-0.06400357931852341,0.8142567276954651,0.25492003560066223,-0.032224029302597046,0.7317290306091309,0.2511698305606842,-0.05611914023756981,0.7231528759002686,0.2963181734085083,-0.0504002571105957,0.7286739349365234,0.33057647943496704,-0.042622197419404984,0.8095151782035828,0.288811594247818,-0.04316608980298042,0.742936372756958,0.2796712815761566,-0.06089848279953003,0.7324215173721313,0.3128763437271118,-0.05512908846139908,0.7357503771781921,0.34182628989219666,-0.04650671035051346,k
0.7764917612075806,0.42220208048820496,-2.906446070483071e-07,0.7362927794456482,0.3445706367492676,-0.0032517926301807165,0.7350958585739136,0.2720129191875458,-0.00880320742726326,0.7394973635673523,0.21479088068008423,-0.0178032536059618,0.7393254041671753,0.16090691089630127,-0.02827339991927147,0.79253089427948,0.21379435062408447,-0.011784520000219345,0.789043664932251,0.1376815140247345,-0.030056074261665344,0.7942802309989929,0.08527761697769165,-0.04316885024309158,0.8005350828170776,0.03913457691669464,-0.053117942065000534,0.8092637062072754,0.22666090726852417,-0.021490149199962616,0.7331023216247559,0.19894075393676758,-0.04730091616511345,0.6831461191177368,0.19751137495040894,-0.05808259919285774,0.6514146327972412,0.19435419142246246,-0.06352158635854721,0.8130946159362793,0.2535821795463562,-0.031578563153743744,0.7302899956703186,0.24907717108726501,-0.05596866086125374,0.7226518988609314,0.2955666780471802,-0.050125692039728165,0.7291567325592041,0.329871267080307,-0.041945427656173706,0.8083896040916443,0.28673887252807617,-0.042743880301713943,0.7413767576217651,0.2774195671081543,-0.06062304228544235,0.732330858707428,0.3115178048610687,-0.05470294505357742,0.7373110055923462,0.3402625024318695,-0.04581563174724579,k
0.7754693031311035,0.4211253523826599,-2.887860546252341e-07,0.7361363768577576,0.34274399280548096,-0.003290171967819333,0.7348532676696777,0.2700430750846863,-0.008971968665719032,0.738856315612793,0.2133408486843109,-0.017992619425058365,0.7389610409736633,0.15996092557907104,-0.028454475104808807,0.7910135388374329,0.21232806146144867,-0.012986901216208935,0.7877504229545593,0.13700613379478455,-0.03155532106757164,0.7931883335113525,0.08528462052345276,-0.044849760830402374,0.7999553680419922,0.03928242623806,-0.05492636188864708,0.8083535432815552,0.22544030845165253,-0.022450648248195648,0.7325115203857422,0.1983816921710968,-0.04777088388800621,0.6832477450370789,0.19592630863189697,-0.058325547724962234,0.6520456075668335,0.19191256165504456,-0.06405196338891983,0.8124710917472839,0.252799391746521,-0.03227163106203079,0.7296047210693359,0.24912075698375702,-0.05656823888421059,0.721012532711029,0.29518869519233704,-0.050795964896678925,0.7261441946029663,0.3299773931503296,-0.04281514510512352,0.8082484602928162,0.28638598322868347,-0.0431695282459259,0.7415097951889038,0.2765669524669647,-0.06129354611039162,0.7307460904121399,0.31039348244667053,-0.055659644305706024,0.7330912351608276,0.3400489091873169,-0.047053419053554535,k
